<?xml version='1.0' encoding='UTF-8'?><gpx creator="YAMAP - https://yamap.com" xsi:schemaLocation="http://www.topografix.com/GPX/1/1 http://www.topografix.com/GPX/1/1/gpx.xsd" version="1.1" xmlns="http://www.topografix.com/GPX/1/1" xmlns:xsi="http://www.w3.org/2001/XMLSchema-instance"><metadata><bounds maxlat="35.4173759" maxlon="139.0038156" minlat="35.3586105" minlon="138.8763898"/></metadata><trk><name>不老山・三国山</name><number>1</number><trkseg><trkpt lat="35.3587776" lon="138.9983972"><ele>258.43</ele><time>2025-11-28T22:56:32Z</time></trkpt><trkpt lat="35.3586105" lon="138.9987322"><ele>259.405</ele><time>2025-11-28T22:56:41Z</time></trkpt><trkpt lat="35.3588487" lon="138.9984911"><ele>258.91</ele><time>2025-11-28T22:57:01Z</time></trkpt><trkpt lat="35.3589484" lon="138.998259"><ele>258.63666666666666</ele><time>2025-11-28T22:57:22Z</time></trkpt><trkpt lat="35.3588216" lon="138.9980814"><ele>258.00333333333333</ele><time>2025-11-28T22:57:40Z</time></trkpt><trkpt lat="35.3588387" lon="138.9978339"><ele>258.34666666666664</ele><time>2025-11-28T22:58:04Z</time></trkpt><trkpt lat="35.3588616" lon="138.9976074"><ele>258.8066666666667</ele><time>2025-11-28T22:58:24Z</time></trkpt><trkpt lat="35.358902" lon="138.9973687"><ele>258.92333333333335</ele><time>2025-11-28T22:58:42Z</time></trkpt><trkpt lat="35.3589869" lon="138.9971657"><ele>258.83666666666664</ele><time>2025-11-28T22:58:54Z</time></trkpt><trkpt lat="35.3590433" lon="138.9969533"><ele>258.7</ele><time>2025-11-28T22:59:10Z</time></trkpt><trkpt lat="35.359109" lon="138.9967346"><ele>258.49</ele><time>2025-11-28T22:59:24Z</time></trkpt><trkpt lat="35.359196" lon="138.9965065"><ele>258.25666666666666</ele><time>2025-11-28T22:59:38Z</time></trkpt><trkpt lat="35.3592564" lon="138.9962477"><ele>257.9866666666667</ele><time>2025-11-28T22:59:52Z</time></trkpt><trkpt lat="35.3592988" lon="138.9959999"><ele>257.92333333333335</ele><time>2025-11-28T23:00:03Z</time></trkpt><trkpt lat="35.35936" lon="138.99573"><ele>258.00666666666666</ele><time>2025-11-28T23:00:16Z</time></trkpt><trkpt lat="35.3594183" lon="138.9955083"><ele>258.22</ele><time>2025-11-28T23:00:28Z</time></trkpt><trkpt lat="35.3594917" lon="138.9952983"><ele>258.46000000000004</ele><time>2025-11-28T23:00:40Z</time></trkpt><trkpt lat="35.359571" lon="138.9950992"><ele>258.69000000000005</ele><time>2025-11-28T23:00:52Z</time></trkpt><trkpt lat="35.3596422" lon="138.9948969"><ele>258.87000000000006</ele><time>2025-11-28T23:01:03Z</time></trkpt><trkpt lat="35.3596949" lon="138.9946735"><ele>258.90333333333336</ele><time>2025-11-28T23:01:14Z</time></trkpt><trkpt lat="35.3597301" lon="138.9944562"><ele>258.9066666666667</ele><time>2025-11-28T23:01:31Z</time></trkpt><trkpt lat="35.3597886" lon="138.9941668"><ele>258.9166666666667</ele><time>2025-11-28T23:01:45Z</time></trkpt><trkpt lat="35.359833" lon="138.9938847"><ele>259.0566666666667</ele><time>2025-11-28T23:01:59Z</time></trkpt><trkpt lat="35.3599055" lon="138.993646"><ele>259.22</ele><time>2025-11-28T23:02:14Z</time></trkpt><trkpt lat="35.3600404" lon="138.9934786"><ele>259.39000000000004</ele><time>2025-11-28T23:02:31Z</time></trkpt><trkpt lat="35.3601163" lon="138.9932481"><ele>259.6366666666667</ele><time>2025-11-28T23:02:46Z</time></trkpt><trkpt lat="35.3600939" lon="138.9929886"><ele>259.8433333333333</ele><time>2025-11-28T23:03:07Z</time></trkpt><trkpt lat="35.3601023" lon="138.9927638"><ele>260.11999999999995</ele><time>2025-11-28T23:03:18Z</time></trkpt><trkpt lat="35.360211" lon="138.9925476"><ele>260.94666666666666</ele><time>2025-11-28T23:03:36Z</time></trkpt><trkpt lat="35.3603704" lon="138.9924252"><ele>260.8733333333333</ele><time>2025-11-28T23:03:45Z</time></trkpt><trkpt lat="35.3605061" lon="138.9922216"><ele>260.39</ele><time>2025-11-28T23:04:08Z</time></trkpt><trkpt lat="35.3606649" lon="138.9920615"><ele>258.90000000000003</ele><time>2025-11-28T23:04:23Z</time></trkpt><trkpt lat="35.3608502" lon="138.9919494"><ele>258.81</ele><time>2025-11-28T23:04:40Z</time></trkpt><trkpt lat="35.3610668" lon="138.991865"><ele>259.9166666666667</ele><time>2025-11-28T23:04:51Z</time></trkpt><trkpt lat="35.3612466" lon="138.9919472"><ele>261.73</ele><time>2025-11-28T23:05:14Z</time></trkpt><trkpt lat="35.3613334" lon="138.9921636"><ele>263.46</ele><time>2025-11-28T23:05:29Z</time></trkpt><trkpt lat="35.3611834" lon="138.9924124"><ele>263.40000000000003</ele><time>2025-11-28T23:05:40Z</time></trkpt><trkpt lat="35.3611766" lon="138.9926861"><ele>262.59</ele><time>2025-11-28T23:05:51Z</time></trkpt><trkpt lat="35.361155" lon="138.9929399"><ele>260.52</ele><time>2025-11-28T23:06:05Z</time></trkpt><trkpt lat="35.3611874" lon="138.9931743"><ele>259.31333333333333</ele><time>2025-11-28T23:06:16Z</time></trkpt><trkpt lat="35.3612258" lon="138.9934291"><ele>258.5</ele><time>2025-11-28T23:06:30Z</time></trkpt><trkpt lat="35.3612366" lon="138.9936621"><ele>258.47</ele><time>2025-11-28T23:07:03Z</time></trkpt><trkpt lat="35.3612789" lon="138.9939224"><ele>258.5733333333333</ele><time>2025-11-28T23:07:14Z</time></trkpt><trkpt lat="35.3612801" lon="138.9941479"><ele>258.71999999999997</ele><time>2025-11-28T23:07:26Z</time></trkpt><trkpt lat="35.3612776" lon="138.9944128"><ele>259.06666666666666</ele><time>2025-11-28T23:07:40Z</time></trkpt><trkpt lat="35.3612627" lon="138.9946494"><ele>259.49</ele><time>2025-11-28T23:07:54Z</time></trkpt><trkpt lat="35.3613098" lon="138.9949114"><ele>259.96000000000004</ele><time>2025-11-28T23:08:08Z</time></trkpt><trkpt lat="35.3613378" lon="138.9951626"><ele>260.3933333333334</ele><time>2025-11-28T23:08:23Z</time></trkpt><trkpt lat="35.3613728" lon="138.995395"><ele>260.65000000000003</ele><time>2025-11-28T23:08:34Z</time></trkpt><trkpt lat="35.3614128" lon="138.995634"><ele>261.49333333333334</ele><time>2025-11-28T23:08:49Z</time></trkpt><trkpt lat="35.3614247" lon="138.9958995"><ele>262.1066666666667</ele><time>2025-11-28T23:09:03Z</time></trkpt><trkpt lat="35.3614777" lon="138.9961631"><ele>263.03</ele><time>2025-11-28T23:09:17Z</time></trkpt><trkpt lat="35.3615836" lon="138.9963914"><ele>263.50333333333333</ele><time>2025-11-28T23:09:34Z</time></trkpt><trkpt lat="35.3615742" lon="138.9966185"><ele>264.00333333333333</ele><time>2025-11-28T23:09:48Z</time></trkpt><trkpt lat="35.3616254" lon="138.996837"><ele>264.3533333333333</ele><time>2025-11-28T23:09:59Z</time></trkpt><trkpt lat="35.3616246" lon="138.9970797"><ele>263.52333333333337</ele><time>2025-11-28T23:10:13Z</time></trkpt><trkpt lat="35.3616297" lon="138.9973218"><ele>261.95000000000005</ele><time>2025-11-28T23:10:27Z</time></trkpt><trkpt lat="35.3616418" lon="138.9975572"><ele>260.00333333333333</ele><time>2025-11-28T23:10:41Z</time></trkpt><trkpt lat="35.3616259" lon="138.9977918"><ele>258.81666666666666</ele><time>2025-11-28T23:10:53Z</time></trkpt><trkpt lat="35.3616519" lon="138.9980544"><ele>258.3933333333333</ele><time>2025-11-28T23:11:07Z</time></trkpt><trkpt lat="35.3616913" lon="138.998271"><ele>258.28000000000003</ele><time>2025-11-28T23:11:18Z</time></trkpt><trkpt lat="35.3617645" lon="138.9985026"><ele>258.34666666666664</ele><time>2025-11-28T23:11:35Z</time></trkpt><trkpt lat="35.361805" lon="138.9987172"><ele>258.32666666666665</ele><time>2025-11-28T23:11:46Z</time></trkpt><trkpt lat="35.361965" lon="138.9988862"><ele>258.42</ele><time>2025-11-28T23:12:00Z</time></trkpt><trkpt lat="35.3621818" lon="138.9989018"><ele>259.27</ele><time>2025-11-28T23:12:15Z</time></trkpt><trkpt lat="35.3623694" lon="138.9989139"><ele>260.36</ele><time>2025-11-28T23:12:26Z</time></trkpt><trkpt lat="35.3625599" lon="138.9987942"><ele>261.4066666666667</ele><time>2025-11-28T23:12:41Z</time></trkpt><trkpt lat="35.3627324" lon="138.9986261"><ele>262.4066666666667</ele><time>2025-11-28T23:12:56Z</time></trkpt><trkpt lat="35.362888" lon="138.9984407"><ele>263.80333333333334</ele><time>2025-11-28T23:13:11Z</time></trkpt><trkpt lat="35.3630594" lon="138.9982987"><ele>265.49333333333334</ele><time>2025-11-28T23:13:25Z</time></trkpt><trkpt lat="35.3632552" lon="138.9981789"><ele>266.7266666666667</ele><time>2025-11-28T23:13:40Z</time></trkpt><trkpt lat="35.3634415" lon="138.9981364"><ele>267.79</ele><time>2025-11-28T23:13:54Z</time></trkpt><trkpt lat="35.3636334" lon="138.9980715"><ele>268.58666666666664</ele><time>2025-11-28T23:14:05Z</time></trkpt><trkpt lat="35.3638296" lon="138.9979918"><ele>269.5833333333333</ele><time>2025-11-28T23:14:20Z</time></trkpt><trkpt lat="35.3640263" lon="138.9979997"><ele>271.73</ele><time>2025-11-28T23:14:34Z</time></trkpt><trkpt lat="35.3642298" lon="138.9980927"><ele>275.83666666666664</ele><time>2025-11-28T23:14:49Z</time></trkpt><trkpt lat="35.3644174" lon="138.9981039"><ele>279.8666666666667</ele><time>2025-11-28T23:15:01Z</time></trkpt><trkpt lat="35.3646105" lon="138.99815"><ele>282.16</ele><time>2025-11-28T23:15:18Z</time></trkpt><trkpt lat="35.3647771" lon="138.9980371"><ele>281.98</ele><time>2025-11-28T23:15:53Z</time></trkpt><trkpt lat="35.3649753" lon="138.9980303"><ele>282.0133333333333</ele><time>2025-11-28T23:16:08Z</time></trkpt><trkpt lat="35.3651757" lon="138.9980388"><ele>283.0233333333333</ele><time>2025-11-28T23:16:20Z</time></trkpt><trkpt lat="35.3653588" lon="138.998095"><ele>285.1066666666666</ele><time>2025-11-28T23:16:32Z</time></trkpt><trkpt lat="35.36554" lon="138.9981544"><ele>286.25</ele><time>2025-11-28T23:16:49Z</time></trkpt><trkpt lat="35.3657613" lon="138.9981232"><ele>286.89000000000004</ele><time>2025-11-28T23:17:07Z</time></trkpt><trkpt lat="35.3658506" lon="138.9979082"><ele>286.96</ele><time>2025-11-28T23:17:19Z</time></trkpt><trkpt lat="35.3660234" lon="138.9977891"><ele>289.2266666666667</ele><time>2025-11-28T23:17:40Z</time></trkpt><trkpt lat="35.3662337" lon="138.9977699"><ele>291.8766666666667</ele><time>2025-11-28T23:17:56Z</time></trkpt><trkpt lat="35.3664315" lon="138.9978155"><ele>294.77</ele><time>2025-11-28T23:18:08Z</time></trkpt><trkpt lat="35.3666294" lon="138.997787"><ele>296.22333333333336</ele><time>2025-11-28T23:18:23Z</time></trkpt><trkpt lat="35.3668333" lon="138.9977859"><ele>297.46000000000004</ele><time>2025-11-28T23:18:41Z</time></trkpt><trkpt lat="35.3670154" lon="138.9977732"><ele>299.17333333333335</ele><time>2025-11-28T23:18:56Z</time></trkpt><trkpt lat="35.3672336" lon="138.9978067"><ele>301.5733333333333</ele><time>2025-11-28T23:19:14Z</time></trkpt><trkpt lat="35.3674514" lon="138.9978014"><ele>304.35999999999996</ele><time>2025-11-28T23:19:29Z</time></trkpt><trkpt lat="35.3676425" lon="138.9978125"><ele>306.59999999999997</ele><time>2025-11-28T23:19:46Z</time></trkpt><trkpt lat="35.3678305" lon="138.9978112"><ele>307.74666666666667</ele><time>2025-11-28T23:20:01Z</time></trkpt><trkpt lat="35.3680346" lon="138.9978074"><ele>308.2966666666667</ele><time>2025-11-28T23:20:17Z</time></trkpt><trkpt lat="35.368218" lon="138.9978006"><ele>309.49333333333334</ele><time>2025-11-28T23:20:32Z</time></trkpt><trkpt lat="35.3683982" lon="138.9978333"><ele>311.5566666666667</ele><time>2025-11-28T23:20:45Z</time></trkpt><trkpt lat="35.3686015" lon="138.9978602"><ele>313.9633333333333</ele><time>2025-11-28T23:21:00Z</time></trkpt><trkpt lat="35.3687882" lon="138.9978668"><ele>315.99333333333334</ele><time>2025-11-28T23:21:12Z</time></trkpt><trkpt lat="35.3689694" lon="138.9978763"><ele>317.51666666666665</ele><time>2025-11-28T23:21:27Z</time></trkpt><trkpt lat="35.3691547" lon="138.9978895"><ele>319.36000000000007</ele><time>2025-11-28T23:21:45Z</time></trkpt><trkpt lat="35.3693385" lon="138.9979645"><ele>321.8866666666667</ele><time>2025-11-28T23:22:01Z</time></trkpt><trkpt lat="35.3695351" lon="138.9980444"><ele>324.9266666666667</ele><time>2025-11-28T23:22:21Z</time></trkpt><trkpt lat="35.3697285" lon="138.9981182"><ele>326.7266666666667</ele><time>2025-11-28T23:22:38Z</time></trkpt><trkpt lat="35.3699343" lon="138.9980842"><ele>327.25</ele><time>2025-11-28T23:22:55Z</time></trkpt><trkpt lat="35.3701329" lon="138.9980817"><ele>327.2966666666667</ele><time>2025-11-28T23:23:07Z</time></trkpt><trkpt lat="35.3703188" lon="138.9980727"><ele>328.88666666666666</ele><time>2025-11-28T23:23:23Z</time></trkpt><trkpt lat="35.3704963" lon="138.9980193"><ele>331.6166666666666</ele><time>2025-11-28T23:23:38Z</time></trkpt><trkpt lat="35.370703" lon="138.9980657"><ele>335.7266666666667</ele><time>2025-11-28T23:23:54Z</time></trkpt><trkpt lat="35.3708863" lon="138.9981145"><ele>339.58</ele><time>2025-11-28T23:24:06Z</time></trkpt><trkpt lat="35.371079" lon="138.9982027"><ele>341.8233333333333</ele><time>2025-11-28T23:24:24Z</time></trkpt><trkpt lat="35.3712747" lon="138.9982679"><ele>341.47333333333336</ele><time>2025-11-28T23:24:41Z</time></trkpt><trkpt lat="35.3714751" lon="138.998292"><ele>343.1166666666666</ele><time>2025-11-28T23:24:59Z</time></trkpt><trkpt lat="35.371638" lon="138.9984689"><ele>345.81333333333333</ele><time>2025-11-28T23:25:17Z</time></trkpt><trkpt lat="35.3717413" lon="138.9986815"><ele>348.05333333333334</ele><time>2025-11-28T23:25:33Z</time></trkpt><trkpt lat="35.3719328" lon="138.9988016"><ele>348.41333333333336</ele><time>2025-11-28T23:25:53Z</time></trkpt><trkpt lat="35.3721224" lon="138.998902"><ele>348.84666666666664</ele><time>2025-11-28T23:26:04Z</time></trkpt><trkpt lat="35.3722699" lon="138.9990365"><ele>351.08666666666664</ele><time>2025-11-28T23:26:20Z</time></trkpt><trkpt lat="35.3724702" lon="138.9991327"><ele>356.31666666666666</ele><time>2025-11-28T23:26:42Z</time></trkpt><trkpt lat="35.372641" lon="138.9993022"><ele>359.34999999999997</ele><time>2025-11-28T23:26:54Z</time></trkpt><trkpt lat="35.3728093" lon="138.9994355"><ele>361.25666666666666</ele><time>2025-11-28T23:27:21Z</time></trkpt><trkpt lat="35.373008" lon="138.9994894"><ele>360.12000000000006</ele><time>2025-11-28T23:27:36Z</time></trkpt><trkpt lat="35.3731713" lon="138.9995933"><ele>362.01666666666665</ele><time>2025-11-28T23:27:57Z</time></trkpt><trkpt lat="35.3733626" lon="138.9996614"><ele>365.0133333333333</ele><time>2025-11-28T23:28:20Z</time></trkpt><trkpt lat="35.3735703" lon="138.9997601"><ele>367.73333333333335</ele><time>2025-11-28T23:28:32Z</time></trkpt><trkpt lat="35.3736159" lon="138.9999816"><ele>368.07666666666665</ele><time>2025-11-28T23:28:44Z</time></trkpt><trkpt lat="35.3736486" lon="139.0002116"><ele>369.1033333333333</ele><time>2025-11-28T23:29:01Z</time></trkpt><trkpt lat="35.3737772" lon="139.0004167"><ele>371.79333333333335</ele><time>2025-11-28T23:29:23Z</time></trkpt><trkpt lat="35.3738915" lon="139.0005916"><ele>375.8633333333333</ele><time>2025-11-28T23:29:48Z</time></trkpt><trkpt lat="35.3740659" lon="139.0007016"><ele>378.75666666666666</ele><time>2025-11-28T23:30:03Z</time></trkpt><trkpt lat="35.3742634" lon="139.0008155"><ele>379.6666666666667</ele><time>2025-11-28T23:30:21Z</time></trkpt><trkpt lat="35.3744077" lon="139.0009903"><ele>381.58666666666664</ele><time>2025-11-28T23:30:38Z</time></trkpt><trkpt lat="35.3745847" lon="139.0010716"><ele>383.71333333333337</ele><time>2025-11-28T23:30:59Z</time></trkpt><trkpt lat="35.374793" lon="139.0011193"><ele>386.15000000000003</ele><time>2025-11-28T23:31:14Z</time></trkpt><trkpt lat="35.3749772" lon="139.001192"><ele>388.1933333333333</ele><time>2025-11-28T23:31:32Z</time></trkpt><trkpt lat="35.3751578" lon="139.0012527"><ele>389.9866666666667</ele><time>2025-11-28T23:31:50Z</time></trkpt><trkpt lat="35.3753569" lon="139.0012636"><ele>392.33</ele><time>2025-11-28T23:32:04Z</time></trkpt><trkpt lat="35.3755579" lon="139.0011671"><ele>393.45000000000005</ele><time>2025-11-28T23:32:22Z</time></trkpt><trkpt lat="35.3757442" lon="139.0011124"><ele>395.03000000000003</ele><time>2025-11-28T23:32:42Z</time></trkpt><trkpt lat="35.3759108" lon="139.0012241"><ele>397.53999999999996</ele><time>2025-11-28T23:33:00Z</time></trkpt><trkpt lat="35.3761" lon="139.0011304"><ele>400.36999999999995</ele><time>2025-11-28T23:33:21Z</time></trkpt><trkpt lat="35.3763075" lon="139.0011737"><ele>404.8766666666667</ele><time>2025-11-28T23:33:39Z</time></trkpt><trkpt lat="35.3764592" lon="139.0013105"><ele>408.02666666666664</ele><time>2025-11-28T23:33:53Z</time></trkpt><trkpt lat="35.3765423" lon="139.0010921"><ele>412.6933333333334</ele><time>2025-11-28T23:34:19Z</time></trkpt><trkpt lat="35.3764128" lon="139.000931"><ele>413.46000000000004</ele><time>2025-11-28T23:34:34Z</time></trkpt><trkpt lat="35.3764162" lon="139.0007057"><ele>413.52000000000004</ele><time>2025-11-28T23:34:52Z</time></trkpt><trkpt lat="35.3765801" lon="139.0005768"><ele>414.5833333333333</ele><time>2025-11-28T23:35:08Z</time></trkpt><trkpt lat="35.3767528" lon="139.0004552"><ele>421.04333333333335</ele><time>2025-11-28T23:35:23Z</time></trkpt><trkpt lat="35.3768285" lon="139.0002452"><ele>428.16</ele><time>2025-11-28T23:35:37Z</time></trkpt><trkpt lat="35.3769612" lon="139.000088"><ele>432.0333333333333</ele><time>2025-11-28T23:35:51Z</time></trkpt><trkpt lat="35.377144" lon="139.00015"><ele>434.8966666666667</ele><time>2025-11-28T23:36:06Z</time></trkpt><trkpt lat="35.3773231" lon="139.0001199"><ele>437.7366666666667</ele><time>2025-11-28T23:36:27Z</time></trkpt><trkpt lat="35.377389" lon="138.9998836"><ele>445.07</ele><time>2025-11-28T23:36:51Z</time></trkpt><trkpt lat="35.3773441" lon="138.9996362"><ele>446.34999999999997</ele><time>2025-11-28T23:37:11Z</time></trkpt><trkpt lat="35.3773035" lon="138.9994166"><ele>446.43333333333334</ele><time>2025-11-28T23:37:28Z</time></trkpt><trkpt lat="35.3773492" lon="138.9991721"><ele>445.2166666666667</ele><time>2025-11-28T23:37:45Z</time></trkpt><trkpt lat="35.3773538" lon="138.9989113"><ele>447.74</ele><time>2025-11-28T23:38:06Z</time></trkpt><trkpt lat="35.3773686" lon="138.9986913"><ele>450.62000000000006</ele><time>2025-11-28T23:38:21Z</time></trkpt><trkpt lat="35.3774864" lon="138.9985017"><ele>451.4666666666667</ele><time>2025-11-28T23:38:36Z</time></trkpt><trkpt lat="35.3775189" lon="138.9982575"><ele>452.24</ele><time>2025-11-28T23:38:53Z</time></trkpt><trkpt lat="35.3774974" lon="138.9980341"><ele>456.25</ele><time>2025-11-28T23:39:09Z</time></trkpt><trkpt lat="35.3774427" lon="138.9978073"><ele>459.2633333333333</ele><time>2025-11-28T23:39:27Z</time></trkpt><trkpt lat="35.3773722" lon="138.9975887"><ele>463.75</ele><time>2025-11-28T23:39:48Z</time></trkpt><trkpt lat="35.3774998" lon="138.9974271"><ele>466.8833333333334</ele><time>2025-11-28T23:40:03Z</time></trkpt><trkpt lat="35.3776801" lon="138.9975418"><ele>470.1233333333334</ele><time>2025-11-28T23:40:17Z</time></trkpt><trkpt lat="35.3778358" lon="138.9976646"><ele>471.7266666666667</ele><time>2025-11-28T23:40:35Z</time></trkpt><trkpt lat="35.3780209" lon="138.9976392"><ele>472.46333333333337</ele><time>2025-11-28T23:41:00Z</time></trkpt><trkpt lat="35.3781528" lon="138.9974631"><ele>473.77</ele><time>2025-11-28T23:41:15Z</time></trkpt><trkpt lat="35.3783344" lon="138.9974612"><ele>473.2166666666667</ele><time>2025-11-28T23:41:32Z</time></trkpt><trkpt lat="35.3784472" lon="138.9976337"><ele>474.54999999999995</ele><time>2025-11-28T23:41:48Z</time></trkpt><trkpt lat="35.378637" lon="138.9976466"><ele>478.64000000000004</ele><time>2025-11-28T23:42:11Z</time></trkpt><trkpt lat="35.3788036" lon="138.9975026"><ele>483.79</ele><time>2025-11-28T23:42:30Z</time></trkpt><trkpt lat="35.3788844" lon="138.9972786"><ele>488.54333333333335</ele><time>2025-11-28T23:42:54Z</time></trkpt><trkpt lat="35.3789546" lon="138.9970554"><ele>491.18333333333334</ele><time>2025-11-28T23:43:12Z</time></trkpt><trkpt lat="35.3791566" lon="138.9970771"><ele>494.3233333333333</ele><time>2025-11-28T23:43:30Z</time></trkpt><trkpt lat="35.3792685" lon="138.9972578"><ele>500.05</ele><time>2025-11-28T23:43:45Z</time></trkpt><trkpt lat="35.3792867" lon="138.9975084"><ele>499.9766666666667</ele><time>2025-11-28T23:44:03Z</time></trkpt><trkpt lat="35.379337" lon="138.9977346"><ele>502.76</ele><time>2025-11-28T23:44:20Z</time></trkpt><trkpt lat="35.3794567" lon="138.9979005"><ele>499.6266666666667</ele><time>2025-11-28T23:44:39Z</time></trkpt><trkpt lat="35.37964" lon="138.9979596"><ele>501.94000000000005</ele><time>2025-11-28T23:44:54Z</time></trkpt><trkpt lat="35.3798448" lon="138.998065"><ele>501.1133333333334</ele><time>2025-11-28T23:45:18Z</time></trkpt><trkpt lat="35.3799645" lon="138.9978551"><ele>506.3833333333334</ele><time>2025-11-28T23:45:38Z</time></trkpt><trkpt lat="35.3797737" lon="138.9977553"><ele>510.3533333333333</ele><time>2025-11-28T23:45:59Z</time></trkpt><trkpt lat="35.3796264" lon="138.9975858"><ele>515.6899999999999</ele><time>2025-11-28T23:46:17Z</time></trkpt><trkpt lat="35.3795444" lon="138.997385"><ele>517.0</ele><time>2025-11-28T23:46:36Z</time></trkpt><trkpt lat="35.3795668" lon="138.9971424"><ele>519.98</ele><time>2025-11-28T23:46:54Z</time></trkpt><trkpt lat="35.3795317" lon="138.9968852"><ele>521.4633333333334</ele><time>2025-11-28T23:47:17Z</time></trkpt><trkpt lat="35.3794598" lon="138.9966439"><ele>522.1766666666666</ele><time>2025-11-28T23:47:36Z</time></trkpt><trkpt lat="35.3793868" lon="138.9964373"><ele>522.15</ele><time>2025-11-28T23:47:52Z</time></trkpt><trkpt lat="35.3795997" lon="138.996467"><ele>522.5333333333333</ele><time>2025-11-28T23:48:27Z</time></trkpt><trkpt lat="35.3796761" lon="138.9966764"><ele>522.2333333333335</ele><time>2025-11-28T23:48:40Z</time></trkpt><trkpt lat="35.3796863" lon="138.996918"><ele>524.0500000000001</ele><time>2025-11-28T23:48:58Z</time></trkpt><trkpt lat="35.3797904" lon="138.9971054"><ele>526.8333333333334</ele><time>2025-11-28T23:49:12Z</time></trkpt><trkpt lat="35.3799728" lon="138.9972446"><ele>530.8233333333334</ele><time>2025-11-28T23:49:27Z</time></trkpt><trkpt lat="35.3801636" lon="138.9973529"><ele>533.0</ele><time>2025-11-28T23:49:42Z</time></trkpt><trkpt lat="35.3803313" lon="138.9974726"><ele>534.3666666666667</ele><time>2025-11-28T23:49:59Z</time></trkpt><trkpt lat="35.3804563" lon="138.9976347"><ele>535.9499999999999</ele><time>2025-11-28T23:50:18Z</time></trkpt><trkpt lat="35.3806324" lon="138.9977454"><ele>538.5333333333334</ele><time>2025-11-28T23:50:36Z</time></trkpt><trkpt lat="35.3808091" lon="138.9978443"><ele>542.1733333333333</ele><time>2025-11-28T23:51:13Z</time></trkpt><trkpt lat="35.3809964" lon="138.9978772"><ele>544.4966666666667</ele><time>2025-11-28T23:51:40Z</time></trkpt><trkpt lat="35.3811433" lon="138.998057"><ele>545.36</ele><time>2025-11-28T23:52:01Z</time></trkpt><trkpt lat="35.3813347" lon="138.998166"><ele>547.4166666666666</ele><time>2025-11-28T23:52:15Z</time></trkpt><trkpt lat="35.3815307" lon="138.9982118"><ele>551.1633333333333</ele><time>2025-11-28T23:52:33Z</time></trkpt><trkpt lat="35.381721" lon="138.9981203"><ele>558.5433333333333</ele><time>2025-11-28T23:52:52Z</time></trkpt><trkpt lat="35.3816975" lon="138.9978857"><ele>560.7466666666667</ele><time>2025-11-28T23:53:13Z</time></trkpt><trkpt lat="35.3818425" lon="138.9976874"><ele>563.1366666666667</ele><time>2025-11-28T23:53:31Z</time></trkpt><trkpt lat="35.3819753" lon="138.9978947"><ele>562.3566666666667</ele><time>2025-11-28T23:53:54Z</time></trkpt><trkpt lat="35.3820484" lon="138.9981161"><ele>565.7733333333333</ele><time>2025-11-28T23:54:09Z</time></trkpt><trkpt lat="35.3821798" lon="138.9983018"><ele>567.1733333333333</ele><time>2025-11-28T23:54:23Z</time></trkpt><trkpt lat="35.3823122" lon="138.9984838"><ele>568.7633333333333</ele><time>2025-11-28T23:54:44Z</time></trkpt><trkpt lat="35.3825039" lon="138.9985206"><ele>570.62</ele><time>2025-11-28T23:54:58Z</time></trkpt><trkpt lat="35.3826949" lon="138.9984519"><ele>572.7066666666666</ele><time>2025-11-28T23:55:13Z</time></trkpt><trkpt lat="35.382903" lon="138.9983932"><ele>575.74</ele><time>2025-11-28T23:55:30Z</time></trkpt><trkpt lat="35.3828569" lon="138.9986087"><ele>578.3266666666667</ele><time>2025-11-28T23:56:28Z</time></trkpt><trkpt lat="35.3827243" lon="138.9987892"><ele>581.6866666666666</ele><time>2025-11-28T23:56:49Z</time></trkpt><trkpt lat="35.3828731" lon="138.9986254"><ele>582.7199999999999</ele><time>2025-11-28T23:57:36Z</time></trkpt><trkpt lat="35.3830745" lon="138.9986304"><ele>583.78</ele><time>2025-11-28T23:58:01Z</time></trkpt><trkpt lat="35.383252" lon="138.9987362"><ele>585.7800000000001</ele><time>2025-11-28T23:58:25Z</time></trkpt><trkpt lat="35.3833907" lon="138.9985351"><ele>589.58</ele><time>2025-11-28T23:59:31Z</time></trkpt><trkpt lat="35.383585" lon="138.9984472"><ele>592.3466666666667</ele><time>2025-11-28T23:59:51Z</time></trkpt><trkpt lat="35.3837739" lon="138.9984596"><ele>594.6366666666667</ele><time>2025-11-29T00:00:15Z</time></trkpt><trkpt lat="35.3839717" lon="138.9984189"><ele>596.46</ele><time>2025-11-29T00:00:31Z</time></trkpt><trkpt lat="35.3841548" lon="138.9984055"><ele>599.6933333333334</ele><time>2025-11-29T00:00:49Z</time></trkpt><trkpt lat="35.38433" lon="138.9984615"><ele>603.2233333333334</ele><time>2025-11-29T00:01:12Z</time></trkpt><trkpt lat="35.3844936" lon="138.9985885"><ele>607.61</ele><time>2025-11-29T00:01:34Z</time></trkpt><trkpt lat="35.3846416" lon="138.9987497"><ele>613.3233333333333</ele><time>2025-11-29T00:02:07Z</time></trkpt><trkpt lat="35.384762" lon="138.9989204"><ele>618.4899999999999</ele><time>2025-11-29T00:02:28Z</time></trkpt><trkpt lat="35.3849262" lon="138.999024"><ele>623.9766666666666</ele><time>2025-11-29T00:02:55Z</time></trkpt><trkpt lat="35.3851112" lon="138.9990743"><ele>628.2666666666667</ele><time>2025-11-29T00:03:25Z</time></trkpt><trkpt lat="35.3852956" lon="138.9990935"><ele>633.9200000000001</ele><time>2025-11-29T00:03:58Z</time></trkpt><trkpt lat="35.3854818" lon="138.9991632"><ele>638.5400000000001</ele><time>2025-11-29T00:04:28Z</time></trkpt><trkpt lat="35.385675" lon="138.999145"><ele>642.0066666666667</ele><time>2025-11-29T00:04:49Z</time></trkpt><trkpt lat="35.3858575" lon="138.9991205"><ele>644.1133333333333</ele><time>2025-11-29T00:05:11Z</time></trkpt><trkpt lat="35.3860571" lon="138.9991277"><ele>646.73</ele><time>2025-11-29T00:05:34Z</time></trkpt><trkpt lat="35.3862402" lon="138.9990249"><ele>649.1333333333333</ele><time>2025-11-29T00:05:55Z</time></trkpt><trkpt lat="35.3864174" lon="138.9989743"><ele>651.27</ele><time>2025-11-29T00:06:12Z</time></trkpt><trkpt lat="35.3866054" lon="138.9989733"><ele>652.5933333333334</ele><time>2025-11-29T00:06:28Z</time></trkpt><trkpt lat="35.3868005" lon="138.9990136"><ele>653.84</ele><time>2025-11-29T00:07:00Z</time></trkpt><trkpt lat="35.3869873" lon="138.9990527"><ele>655.0933333333332</ele><time>2025-11-29T00:07:16Z</time></trkpt><trkpt lat="35.3871583" lon="138.9991368"><ele>657.25</ele><time>2025-11-29T00:07:49Z</time></trkpt><trkpt lat="35.3873528" lon="138.9992305"><ele>661.2666666666668</ele><time>2025-11-29T00:08:10Z</time></trkpt><trkpt lat="35.3875142" lon="138.9993557"><ele>666.8466666666667</ele><time>2025-11-29T00:08:34Z</time></trkpt><trkpt lat="35.3877168" lon="138.9994428"><ele>672.12</ele><time>2025-11-29T00:08:57Z</time></trkpt><trkpt lat="35.3878838" lon="138.9995693"><ele>676.7566666666667</ele><time>2025-11-29T00:09:25Z</time></trkpt><trkpt lat="35.3880487" lon="138.999695"><ele>679.69</ele><time>2025-11-29T00:09:55Z</time></trkpt><trkpt lat="35.3881827" lon="138.9998732"><ele>681.91</ele><time>2025-11-29T00:10:43Z</time></trkpt><trkpt lat="35.3883761" lon="138.9999538"><ele>683.0766666666667</ele><time>2025-11-29T00:11:07Z</time></trkpt><trkpt lat="35.3885547" lon="139.0000132"><ele>684.2733333333334</ele><time>2025-11-29T00:11:22Z</time></trkpt><trkpt lat="35.3887646" lon="139.0000452"><ele>685.7399999999999</ele><time>2025-11-29T00:11:46Z</time></trkpt><trkpt lat="35.3889492" lon="138.9999945"><ele>688.35</ele><time>2025-11-29T00:12:04Z</time></trkpt><trkpt lat="35.3891346" lon="138.999949"><ele>690.9633333333335</ele><time>2025-11-29T00:12:25Z</time></trkpt><trkpt lat="35.3893179" lon="138.9999425"><ele>694.6733333333333</ele><time>2025-11-29T00:12:55Z</time></trkpt><trkpt lat="35.3894723" lon="138.9998244"><ele>700.71</ele><time>2025-11-29T00:13:25Z</time></trkpt><trkpt lat="35.3896592" lon="138.9998945"><ele>707.06</ele><time>2025-11-29T00:13:52Z</time></trkpt><trkpt lat="35.3898398" lon="138.9999544"><ele>711.5433333333334</ele><time>2025-11-29T00:14:09Z</time></trkpt><trkpt lat="35.3900286" lon="138.9999805"><ele>711.4833333333335</ele><time>2025-11-29T00:14:27Z</time></trkpt><trkpt lat="35.3902238" lon="139.000003"><ele>708.6966666666667</ele><time>2025-11-29T00:14:58Z</time></trkpt><trkpt lat="35.3903903" lon="139.0001428"><ele>705.7433333333333</ele><time>2025-11-29T00:15:31Z</time></trkpt><trkpt lat="35.3905247" lon="139.000332"><ele>703.43</ele><time>2025-11-29T00:15:49Z</time></trkpt><trkpt lat="35.3907547" lon="139.0003689"><ele>703.7166666666667</ele><time>2025-11-29T00:15:55Z</time></trkpt><trkpt lat="35.3909401" lon="139.0003823"><ele>705.5233333333332</ele><time>2025-11-29T00:16:15Z</time></trkpt><trkpt lat="35.3911307" lon="139.0003868"><ele>708.6366666666667</ele><time>2025-11-29T00:16:36Z</time></trkpt><trkpt lat="35.3913214" lon="139.0003662"><ele>712.1933333333333</ele><time>2025-11-29T00:17:07Z</time></trkpt><trkpt lat="35.3914789" lon="139.0005001"><ele>716.87</ele><time>2025-11-29T00:17:31Z</time></trkpt><trkpt lat="35.3916516" lon="139.0005822"><ele>721.9033333333333</ele><time>2025-11-29T00:18:01Z</time></trkpt><trkpt lat="35.3918099" lon="139.0006955"><ele>727.3800000000001</ele><time>2025-11-29T00:18:22Z</time></trkpt><trkpt lat="35.3919916" lon="139.0007382"><ele>731.9866666666667</ele><time>2025-11-29T00:18:58Z</time></trkpt><trkpt lat="35.3921782" lon="139.0008061"><ele>737.1866666666666</ele><time>2025-11-29T00:19:55Z</time></trkpt><trkpt lat="35.3923712" lon="139.0007872"><ele>743.4500000000002</ele><time>2025-11-29T00:20:23Z</time></trkpt><trkpt lat="35.3925205" lon="139.0006223"><ele>748.4566666666666</ele><time>2025-11-29T00:21:06Z</time></trkpt><trkpt lat="35.3927091" lon="139.0005902"><ele>754.4866666666667</ele><time>2025-11-29T00:21:42Z</time></trkpt><trkpt lat="35.3928799" lon="139.0006643"><ele>760.35</ele><time>2025-11-29T00:22:00Z</time></trkpt><trkpt lat="35.3930451" lon="139.0007665"><ele>767.7833333333334</ele><time>2025-11-29T00:22:36Z</time></trkpt><trkpt lat="35.3932371" lon="139.0008112"><ele>773.3666666666668</ele><time>2025-11-29T00:23:27Z</time></trkpt><trkpt lat="35.3934339" lon="139.0008495"><ele>778.2866666666667</ele><time>2025-11-29T00:23:56Z</time></trkpt><trkpt lat="35.3936528" lon="139.0008767"><ele>783.1233333333333</ele><time>2025-11-29T00:24:36Z</time></trkpt><trkpt lat="35.393901" lon="139.0009405"><ele>790.69</ele><time>2025-11-29T00:25:54Z</time></trkpt><trkpt lat="35.3940827" lon="139.0008974"><ele>798.18</ele><time>2025-11-29T00:26:45Z</time></trkpt><trkpt lat="35.3942543" lon="139.0008263"><ele>806.61</ele><time>2025-11-29T00:27:18Z</time></trkpt><trkpt lat="35.3944039" lon="139.0006927"><ele>813.2166666666667</ele><time>2025-11-29T00:27:48Z</time></trkpt><trkpt lat="35.3946151" lon="139.0006733"><ele>821.3066666666667</ele><time>2025-11-29T00:28:45Z</time></trkpt><trkpt lat="35.3948108" lon="139.000724"><ele>827.4200000000001</ele><time>2025-11-29T00:29:18Z</time></trkpt><trkpt lat="35.3950009" lon="139.0006982"><ele>831.85</ele><time>2025-11-29T00:29:42Z</time></trkpt><trkpt lat="35.3951942" lon="139.0006437"><ele>832.73</ele><time>2025-11-29T00:30:09Z</time></trkpt><trkpt lat="35.3953874" lon="139.0006599"><ele>834.1533333333333</ele><time>2025-11-29T00:30:29Z</time></trkpt><trkpt lat="35.3955881" lon="139.0006558"><ele>836.91</ele><time>2025-11-29T00:30:57Z</time></trkpt><trkpt lat="35.3957833" lon="139.0007267"><ele>841.4233333333333</ele><time>2025-11-29T00:32:39Z</time></trkpt><trkpt lat="35.395984" lon="139.0008446"><ele>848.6966666666667</ele><time>2025-11-29T00:33:36Z</time></trkpt><trkpt lat="35.3961207" lon="139.0010208"><ele>858.1766666666667</ele><time>2025-11-29T00:34:21Z</time></trkpt><trkpt lat="35.3963199" lon="139.0010541"><ele>867.4066666666668</ele><time>2025-11-29T00:35:20Z</time></trkpt><trkpt lat="35.3964786" lon="139.0011618"><ele>875.15</ele><time>2025-11-29T00:35:48Z</time></trkpt><trkpt lat="35.3966361" lon="139.0012712"><ele>881.4866666666667</ele><time>2025-11-29T00:36:39Z</time></trkpt><trkpt lat="35.3968133" lon="139.0013147"><ele>887.5166666666668</ele><time>2025-11-29T00:37:17Z</time></trkpt><trkpt lat="35.3969973" lon="139.0013063"><ele>892.6066666666667</ele><time>2025-11-29T00:37:38Z</time></trkpt><trkpt lat="35.3972261" lon="139.0013221"><ele>897.3866666666667</ele><time>2025-11-29T00:38:39Z</time></trkpt><trkpt lat="35.3974241" lon="139.0013032"><ele>903.0300000000001</ele><time>2025-11-29T00:39:09Z</time></trkpt><trkpt lat="35.3976124" lon="139.0012212"><ele>908.2433333333333</ele><time>2025-11-29T00:39:38Z</time></trkpt><trkpt lat="35.3978053" lon="139.0012144"><ele>912.2133333333333</ele><time>2025-11-29T00:40:00Z</time></trkpt><trkpt lat="35.3979969" lon="139.0012275"><ele>914.8866666666667</ele><time>2025-11-29T00:40:33Z</time></trkpt><trkpt lat="35.398172" lon="139.0012955"><ele>917.5433333333334</ele><time>2025-11-29T00:40:56Z</time></trkpt><trkpt lat="35.3983253" lon="139.0014237"><ele>919.5333333333333</ele><time>2025-11-29T00:41:18Z</time></trkpt><trkpt lat="35.3985045" lon="139.0014859"><ele>921.2166666666667</ele><time>2025-11-29T00:41:39Z</time></trkpt><trkpt lat="35.3986871" lon="139.0015342"><ele>921.7700000000001</ele><time>2025-11-29T00:41:57Z</time></trkpt><trkpt lat="35.3988668" lon="139.0016219"><ele>921.8400000000001</ele><time>2025-11-29T00:42:24Z</time></trkpt><trkpt lat="35.3989276" lon="139.0018471"><ele>921.7166666666667</ele><time>2025-11-29T00:42:42Z</time></trkpt><trkpt lat="35.3989899" lon="139.0020762"><ele>921.1633333333333</ele><time>2025-11-29T00:43:03Z</time></trkpt><trkpt lat="35.3990966" lon="139.0022602"><ele>919.9966666666666</ele><time>2025-11-29T00:43:17Z</time></trkpt><trkpt lat="35.3992505" lon="139.0024006"><ele>918.46</ele><time>2025-11-29T00:43:36Z</time></trkpt><trkpt lat="35.3994001" lon="139.0025925"><ele>918.1366666666668</ele><time>2025-11-29T00:44:02Z</time></trkpt><trkpt lat="35.3995554" lon="139.0027224"><ele>919.4666666666667</ele><time>2025-11-29T00:44:17Z</time></trkpt><trkpt lat="35.3996775" lon="139.0028976"><ele>922.0866666666667</ele><time>2025-11-29T00:44:38Z</time></trkpt><trkpt lat="35.3997029" lon="139.0031441"><ele>924.6533333333333</ele><time>2025-11-29T00:44:59Z</time></trkpt><trkpt lat="35.3996469" lon="139.0033839"><ele>925.69</ele><time>2025-11-29T00:45:20Z</time></trkpt><trkpt lat="35.3995796" lon="139.0036065"><ele>925.43</ele><time>2025-11-29T00:45:41Z</time></trkpt><trkpt lat="35.3995181" lon="139.0038156"><ele>923.9966666666666</ele><time>2025-11-29T00:46:06Z</time></trkpt><trkpt lat="35.3995942" lon="139.0035953"><ele>923.5200000000001</ele><time>2025-11-29T00:46:54Z</time></trkpt><trkpt lat="35.3997078" lon="139.0033629"><ele>923.94</ele><time>2025-11-29T00:47:14Z</time></trkpt><trkpt lat="35.3997356" lon="139.0031252"><ele>925.36</ele><time>2025-11-29T00:47:33Z</time></trkpt><trkpt lat="35.3997224" lon="139.0028825"><ele>925.35</ele><time>2025-11-29T00:47:48Z</time></trkpt><trkpt lat="35.3995831" lon="139.0027372"><ele>924.37</ele><time>2025-11-29T00:48:06Z</time></trkpt><trkpt lat="35.3994257" lon="139.0026026"><ele>921.8800000000001</ele><time>2025-11-29T00:48:24Z</time></trkpt><trkpt lat="35.399302" lon="139.0024275"><ele>919.3733333333333</ele><time>2025-11-29T00:48:39Z</time></trkpt><trkpt lat="35.3991621" lon="139.0022867"><ele>917.5966666666667</ele><time>2025-11-29T00:48:54Z</time></trkpt><trkpt lat="35.3990188" lon="139.0021254"><ele>917.6566666666668</ele><time>2025-11-29T00:49:09Z</time></trkpt><trkpt lat="35.3989706" lon="139.0019"><ele>919.2800000000001</ele><time>2025-11-29T00:49:32Z</time></trkpt><trkpt lat="35.3988605" lon="139.0016874"><ele>920.8733333333333</ele><time>2025-11-29T00:49:51Z</time></trkpt><trkpt lat="35.3989799" lon="139.0014953"><ele>920.8633333333333</ele><time>2025-11-29T00:50:23Z</time></trkpt><trkpt lat="35.399153" lon="139.0013826"><ele>918.5166666666668</ele><time>2025-11-29T00:50:45Z</time></trkpt><trkpt lat="35.3993463" lon="139.0013042"><ele>914.9899999999999</ele><time>2025-11-29T00:51:09Z</time></trkpt><trkpt lat="35.3995468" lon="139.0013329"><ele>910.27</ele><time>2025-11-29T00:51:30Z</time></trkpt><trkpt lat="35.3997228" lon="139.0012395"><ele>905.89</ele><time>2025-11-29T00:51:57Z</time></trkpt><trkpt lat="35.3999063" lon="139.0011526"><ele>900.93</ele><time>2025-11-29T00:52:14Z</time></trkpt><trkpt lat="35.4000579" lon="139.0010167"><ele>897.0733333333333</ele><time>2025-11-29T00:52:30Z</time></trkpt><trkpt lat="35.4002076" lon="139.000868"><ele>893.43</ele><time>2025-11-29T00:52:45Z</time></trkpt><trkpt lat="35.4003506" lon="139.000701"><ele>890.3233333333334</ele><time>2025-11-29T00:53:05Z</time></trkpt><trkpt lat="35.4005249" lon="139.0005336"><ele>886.4733333333334</ele><time>2025-11-29T00:53:30Z</time></trkpt><trkpt lat="35.4006868" lon="139.0004228"><ele>882.6833333333334</ele><time>2025-11-29T00:53:54Z</time></trkpt><trkpt lat="35.4008147" lon="139.0002657"><ele>877.8233333333334</ele><time>2025-11-29T00:54:45Z</time></trkpt><trkpt lat="35.4009703" lon="139.000107"><ele>871.4066666666668</ele><time>2025-11-29T00:55:09Z</time></trkpt><trkpt lat="35.4011506" lon="139.0000493"><ele>863.8266666666667</ele><time>2025-11-29T00:55:47Z</time></trkpt><trkpt lat="35.4013312" lon="138.9999451"><ele>855.4033333333333</ele><time>2025-11-29T00:56:14Z</time></trkpt><trkpt lat="35.4015021" lon="138.9998173"><ele>848.1566666666666</ele><time>2025-11-29T00:56:50Z</time></trkpt><trkpt lat="35.4016396" lon="138.9996679"><ele>840.1433333333334</ele><time>2025-11-29T00:57:14Z</time></trkpt><trkpt lat="35.4017726" lon="138.9994698"><ele>832.8766666666667</ele><time>2025-11-29T00:57:39Z</time></trkpt><trkpt lat="35.4018348" lon="138.9992395"><ele>825.3133333333334</ele><time>2025-11-29T00:57:57Z</time></trkpt><trkpt lat="35.4019485" lon="138.9990405"><ele>818.9733333333334</ele><time>2025-11-29T00:58:16Z</time></trkpt><trkpt lat="35.4020396" lon="138.99885"><ele>812.1</ele><time>2025-11-29T00:58:37Z</time></trkpt><trkpt lat="35.4021037" lon="138.9986325"><ele>805.77</ele><time>2025-11-29T00:59:04Z</time></trkpt><trkpt lat="35.4022725" lon="138.9985184"><ele>800.0533333333334</ele><time>2025-11-29T00:59:25Z</time></trkpt><trkpt lat="35.4024038" lon="138.9983274"><ele>796.1700000000001</ele><time>2025-11-29T00:59:46Z</time></trkpt><trkpt lat="35.4025296" lon="138.9981555"><ele>792.8966666666666</ele><time>2025-11-29T01:00:03Z</time></trkpt><trkpt lat="35.4025828" lon="138.9978974"><ele>789.56</ele><time>2025-11-29T01:00:25Z</time></trkpt><trkpt lat="35.4025919" lon="138.9976589"><ele>786.58</ele><time>2025-11-29T01:00:43Z</time></trkpt><trkpt lat="35.4026055" lon="138.9974376"><ele>783.0933333333334</ele><time>2025-11-29T01:01:04Z</time></trkpt><trkpt lat="35.4026566" lon="138.9972058"><ele>777.8633333333333</ele><time>2025-11-29T01:01:28Z</time></trkpt><trkpt lat="35.4026756" lon="138.996972"><ele>771.2266666666666</ele><time>2025-11-29T01:01:49Z</time></trkpt><trkpt lat="35.4027257" lon="138.9967264"><ele>763.9533333333334</ele><time>2025-11-29T01:02:10Z</time></trkpt><trkpt lat="35.4027323" lon="138.9965042"><ele>758.5766666666667</ele><time>2025-11-29T01:02:28Z</time></trkpt><trkpt lat="35.4027811" lon="138.9962385"><ele>754.23</ele><time>2025-11-29T01:02:55Z</time></trkpt><trkpt lat="35.4028521" lon="138.9960189"><ele>752.1199999999999</ele><time>2025-11-29T01:03:10Z</time></trkpt><trkpt lat="35.4029644" lon="138.9958447"><ele>751.0733333333333</ele><time>2025-11-29T01:03:25Z</time></trkpt><trkpt lat="35.4031416" lon="138.9956505"><ele>749.3166666666667</ele><time>2025-11-29T01:03:37Z</time></trkpt><trkpt lat="35.403263" lon="138.9954623"><ele>747.7833333333333</ele><time>2025-11-29T01:03:55Z</time></trkpt><trkpt lat="35.4033797" lon="138.9952837"><ele>747.9566666666666</ele><time>2025-11-29T01:04:13Z</time></trkpt><trkpt lat="35.4034043" lon="138.9950593"><ele>745.37</ele><time>2025-11-29T01:04:34Z</time></trkpt><trkpt lat="35.4033789" lon="138.9948089"><ele>741.8100000000001</ele><time>2025-11-29T01:04:49Z</time></trkpt><trkpt lat="35.4033421" lon="138.9945518"><ele>736.2533333333334</ele><time>2025-11-29T01:05:04Z</time></trkpt><trkpt lat="35.4033379" lon="138.9943159"><ele>734.96</ele><time>2025-11-29T01:05:19Z</time></trkpt><trkpt lat="35.4034461" lon="138.9941299"><ele>732.5300000000001</ele><time>2025-11-29T01:05:38Z</time></trkpt><trkpt lat="35.4034858" lon="138.993905"><ele>728.33</ele><time>2025-11-29T01:05:58Z</time></trkpt><trkpt lat="35.403436" lon="138.9936775"><ele>721.6766666666666</ele><time>2025-11-29T01:06:33Z</time></trkpt><trkpt lat="35.4033274" lon="138.9934917"><ele>715.0966666666667</ele><time>2025-11-29T01:07:15Z</time></trkpt><trkpt lat="35.4033377" lon="138.9932307"><ele>711.0766666666667</ele><time>2025-11-29T01:08:36Z</time></trkpt><trkpt lat="35.4033013" lon="138.9929782"><ele>710.68</ele><time>2025-11-29T01:08:57Z</time></trkpt><trkpt lat="35.4031663" lon="138.9926789"><ele>712.9166666666666</ele><time>2025-11-29T01:09:51Z</time></trkpt><trkpt lat="35.4031677" lon="138.9924535"><ele>716.09</ele><time>2025-11-29T01:10:09Z</time></trkpt><trkpt lat="35.4031085" lon="138.9922195"><ele>718.69</ele><time>2025-11-29T01:10:39Z</time></trkpt><trkpt lat="35.4030628" lon="138.9919883"><ele>720.2633333333333</ele><time>2025-11-29T01:11:09Z</time></trkpt><trkpt lat="35.4030442" lon="138.9917187"><ele>720.6466666666666</ele><time>2025-11-29T01:11:48Z</time></trkpt><trkpt lat="35.4030552" lon="138.9914967"><ele>722.7200000000001</ele><time>2025-11-29T01:12:12Z</time></trkpt><trkpt lat="35.4031451" lon="138.9912308"><ele>726.0966666666667</ele><time>2025-11-29T01:12:59Z</time></trkpt><trkpt lat="35.4031808" lon="138.990992"><ele>729.48</ele><time>2025-11-29T01:13:50Z</time></trkpt><trkpt lat="35.4031836" lon="138.9907543"><ele>730.57</ele><time>2025-11-29T01:14:18Z</time></trkpt><trkpt lat="35.4031937" lon="138.9905206"><ele>730.5666666666666</ele><time>2025-11-29T01:14:41Z</time></trkpt><trkpt lat="35.4032531" lon="138.9902944"><ele>730.66</ele><time>2025-11-29T01:14:56Z</time></trkpt><trkpt lat="35.4032055" lon="138.9900566"><ele>731.2566666666667</ele><time>2025-11-29T01:15:36Z</time></trkpt><trkpt lat="35.4031412" lon="138.989846"><ele>732.09</ele><time>2025-11-29T01:15:54Z</time></trkpt><trkpt lat="35.4032257" lon="138.9896494"><ele>732.5300000000001</ele><time>2025-11-29T01:16:24Z</time></trkpt><trkpt lat="35.4030781" lon="138.9895042"><ele>732.6533333333333</ele><time>2025-11-29T01:16:51Z</time></trkpt><trkpt lat="35.4030309" lon="138.9892685"><ele>731.1866666666666</ele><time>2025-11-29T01:17:09Z</time></trkpt><trkpt lat="35.4029042" lon="138.9890582"><ele>727.15</ele><time>2025-11-29T01:17:35Z</time></trkpt><trkpt lat="35.4027998" lon="138.9888222"><ele>721.1966666666667</ele><time>2025-11-29T01:17:53Z</time></trkpt><trkpt lat="35.4026832" lon="138.988644"><ele>716.0333333333333</ele><time>2025-11-29T01:18:09Z</time></trkpt><trkpt lat="35.4026112" lon="138.9884252"><ele>712.8633333333333</ele><time>2025-11-29T01:18:24Z</time></trkpt><trkpt lat="35.4025119" lon="138.9882323"><ele>711.0333333333333</ele><time>2025-11-29T01:18:42Z</time></trkpt><trkpt lat="35.4024579" lon="138.9879852"><ele>709.7033333333334</ele><time>2025-11-29T01:18:59Z</time></trkpt><trkpt lat="35.4023672" lon="138.9877182"><ele>709.5</ele><time>2025-11-29T01:19:30Z</time></trkpt><trkpt lat="35.4023098" lon="138.9874942"><ele>709.77</ele><time>2025-11-29T01:19:45Z</time></trkpt><trkpt lat="35.402235" lon="138.9872725"><ele>710.7166666666667</ele><time>2025-11-29T01:20:03Z</time></trkpt><trkpt lat="35.4021579" lon="138.9870519"><ele>713.5533333333333</ele><time>2025-11-29T01:20:24Z</time></trkpt><trkpt lat="35.4021471" lon="138.9868118"><ele>717.6700000000001</ele><time>2025-11-29T01:21:05Z</time></trkpt><trkpt lat="35.4020808" lon="138.9865868"><ele>722.1033333333335</ele><time>2025-11-29T01:21:29Z</time></trkpt><trkpt lat="35.4020986" lon="138.9863558"><ele>724.9066666666668</ele><time>2025-11-29T01:21:57Z</time></trkpt><trkpt lat="35.4020441" lon="138.9860994"><ele>727.61</ele><time>2025-11-29T01:22:17Z</time></trkpt><trkpt lat="35.4020734" lon="138.9858682"><ele>727.8866666666667</ele><time>2025-11-29T01:22:34Z</time></trkpt><trkpt lat="35.4020635" lon="138.9856307"><ele>728.3466666666667</ele><time>2025-11-29T01:22:50Z</time></trkpt><trkpt lat="35.4020439" lon="138.9854044"><ele>727.4066666666666</ele><time>2025-11-29T01:23:09Z</time></trkpt><trkpt lat="35.4019666" lon="138.9851749"><ele>728.9833333333335</ele><time>2025-11-29T01:23:23Z</time></trkpt><trkpt lat="35.4019178" lon="138.984927"><ele>730.61</ele><time>2025-11-29T01:23:41Z</time></trkpt><trkpt lat="35.4019037" lon="138.9846883"><ele>733.6</ele><time>2025-11-29T01:24:02Z</time></trkpt><trkpt lat="35.4018355" lon="138.9844822"><ele>736.9900000000001</ele><time>2025-11-29T01:24:27Z</time></trkpt><trkpt lat="35.4019562" lon="138.9843079"><ele>739.7533333333334</ele><time>2025-11-29T01:25:06Z</time></trkpt><trkpt lat="35.402108" lon="138.9841444"><ele>742.0633333333334</ele><time>2025-11-29T01:25:29Z</time></trkpt><trkpt lat="35.4022265" lon="138.9839725"><ele>742.54</ele><time>2025-11-29T01:25:51Z</time></trkpt><trkpt lat="35.4023948" lon="138.9838866"><ele>742.2133333333335</ele><time>2025-11-29T01:26:06Z</time></trkpt><trkpt lat="35.4025684" lon="138.9837951"><ele>740.7366666666667</ele><time>2025-11-29T01:26:23Z</time></trkpt><trkpt lat="35.4027452" lon="138.9837017"><ele>739.8866666666667</ele><time>2025-11-29T01:26:39Z</time></trkpt><trkpt lat="35.4029392" lon="138.9836158"><ele>739.7033333333334</ele><time>2025-11-29T01:26:56Z</time></trkpt><trkpt lat="35.4031204" lon="138.9834913"><ele>738.9566666666666</ele><time>2025-11-29T01:27:12Z</time></trkpt><trkpt lat="35.4032222" lon="138.9832927"><ele>738.13</ele><time>2025-11-29T01:27:29Z</time></trkpt><trkpt lat="35.4033422" lon="138.9831164"><ele>737.0533333333333</ele><time>2025-11-29T01:27:44Z</time></trkpt><trkpt lat="35.4034985" lon="138.9829793"><ele>737.0766666666667</ele><time>2025-11-29T01:28:03Z</time></trkpt><trkpt lat="35.4036782" lon="138.9828496"><ele>735.3233333333334</ele><time>2025-11-29T01:28:33Z</time></trkpt><trkpt lat="35.4037677" lon="138.9826433"><ele>732.3033333333333</ele><time>2025-11-29T01:28:48Z</time></trkpt><trkpt lat="35.4038635" lon="138.9824558"><ele>729.1033333333334</ele><time>2025-11-29T01:29:06Z</time></trkpt><trkpt lat="35.4039874" lon="138.9822548"><ele>725.7866666666667</ele><time>2025-11-29T01:29:24Z</time></trkpt><trkpt lat="35.4040675" lon="138.9820109"><ele>723.65</ele><time>2025-11-29T01:29:45Z</time></trkpt><trkpt lat="35.4041758" lon="138.9818262"><ele>720.7133333333335</ele><time>2025-11-29T01:29:56Z</time></trkpt><trkpt lat="35.4042378" lon="138.9815839"><ele>719.8666666666667</ele><time>2025-11-29T01:30:12Z</time></trkpt><trkpt lat="35.4042968" lon="138.9813312"><ele>720.7033333333334</ele><time>2025-11-29T01:30:36Z</time></trkpt><trkpt lat="35.4043543" lon="138.9810995"><ele>724.0133333333333</ele><time>2025-11-29T01:30:57Z</time></trkpt><trkpt lat="35.4043763" lon="138.9808792"><ele>728.7133333333335</ele><time>2025-11-29T01:31:27Z</time></trkpt><trkpt lat="35.4043984" lon="138.9806412"><ele>734.0133333333333</ele><time>2025-11-29T01:32:15Z</time></trkpt><trkpt lat="35.4045625" lon="138.9805208"><ele>737.5933333333332</ele><time>2025-11-29T01:32:43Z</time></trkpt><trkpt lat="35.4046266" lon="138.9802961"><ele>740.0866666666667</ele><time>2025-11-29T01:33:05Z</time></trkpt><trkpt lat="35.4046857" lon="138.9800574"><ele>740.4633333333335</ele><time>2025-11-29T01:33:29Z</time></trkpt><trkpt lat="35.404749" lon="138.9798334"><ele>741.3566666666667</ele><time>2025-11-29T01:33:44Z</time></trkpt><trkpt lat="35.4047545" lon="138.9796119"><ele>741.6999999999999</ele><time>2025-11-29T01:37:17Z</time></trkpt><trkpt lat="35.4047432" lon="138.9793713"><ele>742.2366666666667</ele><time>2025-11-29T01:37:33Z</time></trkpt><trkpt lat="35.4046447" lon="138.9791379"><ele>742.6566666666666</ele><time>2025-11-29T01:37:51Z</time></trkpt><trkpt lat="35.4046103" lon="138.978921"><ele>743.1133333333333</ele><time>2025-11-29T01:38:06Z</time></trkpt><trkpt lat="35.4046193" lon="138.9786879"><ele>743.1066666666667</ele><time>2025-11-29T01:38:23Z</time></trkpt><trkpt lat="35.4046181" lon="138.9784373"><ele>743.1066666666667</ele><time>2025-11-29T01:38:38Z</time></trkpt><trkpt lat="35.4046782" lon="138.9781739"><ele>742.4933333333333</ele><time>2025-11-29T01:38:57Z</time></trkpt><trkpt lat="35.40463" lon="138.9779562"><ele>742.1033333333335</ele><time>2025-11-29T01:39:12Z</time></trkpt><trkpt lat="35.4046375" lon="138.9776892"><ele>741.0500000000001</ele><time>2025-11-29T01:39:26Z</time></trkpt><trkpt lat="35.4045991" lon="138.9774722"><ele>738.6833333333334</ele><time>2025-11-29T01:39:41Z</time></trkpt><trkpt lat="35.4045752" lon="138.9772159"><ele>738.2466666666668</ele><time>2025-11-29T01:39:59Z</time></trkpt><trkpt lat="35.4045877" lon="138.9769855"><ele>738.5066666666668</ele><time>2025-11-29T01:40:17Z</time></trkpt><trkpt lat="35.4046345" lon="138.9767448"><ele>743.1300000000001</ele><time>2025-11-29T01:40:39Z</time></trkpt><trkpt lat="35.404645" lon="138.9765219"><ele>748.0933333333332</ele><time>2025-11-29T01:41:00Z</time></trkpt><trkpt lat="35.4045683" lon="138.9763106"><ele>754.8966666666666</ele><time>2025-11-29T01:41:39Z</time></trkpt><trkpt lat="35.4045442" lon="138.9760868"><ele>761.56</ele><time>2025-11-29T01:42:18Z</time></trkpt><trkpt lat="35.4045802" lon="138.9758602"><ele>767.5100000000001</ele><time>2025-11-29T01:43:06Z</time></trkpt><trkpt lat="35.4046602" lon="138.9756237"><ele>773.9966666666668</ele><time>2025-11-29T01:43:48Z</time></trkpt><trkpt lat="35.4047634" lon="138.9754146"><ele>780.3033333333333</ele><time>2025-11-29T01:44:20Z</time></trkpt><trkpt lat="35.4047622" lon="138.9751626"><ele>786.2033333333334</ele><time>2025-11-29T01:44:42Z</time></trkpt><trkpt lat="35.4047558" lon="138.974929"><ele>790.0500000000001</ele><time>2025-11-29T01:45:00Z</time></trkpt><trkpt lat="35.4047514" lon="138.9746856"><ele>792.0433333333334</ele><time>2025-11-29T01:45:15Z</time></trkpt><trkpt lat="35.4048218" lon="138.9744504"><ele>792.7700000000001</ele><time>2025-11-29T01:45:36Z</time></trkpt><trkpt lat="35.4048031" lon="138.9742263"><ele>793.79</ele><time>2025-11-29T01:45:54Z</time></trkpt><trkpt lat="35.4048385" lon="138.9740099"><ele>796.6</ele><time>2025-11-29T01:46:21Z</time></trkpt><trkpt lat="35.404863" lon="138.9737771"><ele>800.8766666666667</ele><time>2025-11-29T01:46:57Z</time></trkpt><trkpt lat="35.404911" lon="138.9735587"><ele>806.3566666666667</ele><time>2025-11-29T01:47:21Z</time></trkpt><trkpt lat="35.4050077" lon="138.9732581"><ele>813.5333333333333</ele><time>2025-11-29T01:48:27Z</time></trkpt><trkpt lat="35.4051326" lon="138.9730248"><ele>822.1866666666666</ele><time>2025-11-29T01:49:12Z</time></trkpt><trkpt lat="35.4051577" lon="138.9727658"><ele>833.1366666666667</ele><time>2025-11-29T01:50:39Z</time></trkpt><trkpt lat="35.405225" lon="138.9725485"><ele>842.7199999999999</ele><time>2025-11-29T01:51:18Z</time></trkpt><trkpt lat="35.4051971" lon="138.9723168"><ele>851.2833333333334</ele><time>2025-11-29T01:51:45Z</time></trkpt><trkpt lat="35.4051239" lon="138.9721142"><ele>856.8299999999999</ele><time>2025-11-29T01:52:18Z</time></trkpt><trkpt lat="35.405071" lon="138.9718932"><ele>861.1966666666667</ele><time>2025-11-29T01:52:45Z</time></trkpt><trkpt lat="35.4051082" lon="138.9716751"><ele>864.4066666666666</ele><time>2025-11-29T01:53:09Z</time></trkpt><trkpt lat="35.4050659" lon="138.9714516"><ele>867.6233333333333</ele><time>2025-11-29T01:53:39Z</time></trkpt><trkpt lat="35.4050256" lon="138.9712236"><ele>869.8433333333332</ele><time>2025-11-29T01:54:03Z</time></trkpt><trkpt lat="35.4050186" lon="138.970991"><ele>872.0366666666665</ele><time>2025-11-29T01:54:24Z</time></trkpt><trkpt lat="35.4050015" lon="138.9707405"><ele>873.1133333333333</ele><time>2025-11-29T01:54:48Z</time></trkpt><trkpt lat="35.405002" lon="138.9704834"><ele>874.16</ele><time>2025-11-29T01:55:11Z</time></trkpt><trkpt lat="35.4049897" lon="138.9702463"><ele>875.5133333333333</ele><time>2025-11-29T01:55:33Z</time></trkpt><trkpt lat="35.4049331" lon="138.9700277"><ele>877.1566666666668</ele><time>2025-11-29T01:55:51Z</time></trkpt><trkpt lat="35.4049098" lon="138.9698008"><ele>878.9766666666668</ele><time>2025-11-29T01:56:12Z</time></trkpt><trkpt lat="35.4048758" lon="138.9695829"><ele>880.1733333333333</ele><time>2025-11-29T01:56:30Z</time></trkpt><trkpt lat="35.4047976" lon="138.9693398"><ele>880.8166666666667</ele><time>2025-11-29T01:56:50Z</time></trkpt><trkpt lat="35.4046819" lon="138.9691331"><ele>880.8133333333334</ele><time>2025-11-29T01:57:15Z</time></trkpt><trkpt lat="35.4045323" lon="138.9690022"><ele>879.7833333333334</ele><time>2025-11-29T01:57:36Z</time></trkpt><trkpt lat="35.4044004" lon="138.9688279"><ele>877.0533333333333</ele><time>2025-11-29T01:58:09Z</time></trkpt><trkpt lat="35.4042262" lon="138.9686988"><ele>876.7533333333334</ele><time>2025-11-29T01:58:39Z</time></trkpt><trkpt lat="35.404022" lon="138.9685882"><ele>882.5333333333333</ele><time>2025-11-29T02:00:17Z</time></trkpt><trkpt lat="35.4038816" lon="138.9684463"><ele>894.14</ele><time>2025-11-29T02:01:32Z</time></trkpt><trkpt lat="35.4036971" lon="138.9684112"><ele>905.07</ele><time>2025-11-29T02:02:23Z</time></trkpt><trkpt lat="35.4034975" lon="138.9684366"><ele>913.21</ele><time>2025-11-29T02:03:20Z</time></trkpt><trkpt lat="35.4033492" lon="138.9682981"><ele>918.86</ele><time>2025-11-29T02:03:50Z</time></trkpt><trkpt lat="35.4031923" lon="138.9681638"><ele>924.8766666666667</ele><time>2025-11-29T02:04:20Z</time></trkpt><trkpt lat="35.4030528" lon="138.9680222"><ele>929.7800000000001</ele><time>2025-11-29T02:04:50Z</time></trkpt><trkpt lat="35.4029376" lon="138.9678519"><ele>935.0166666666668</ele><time>2025-11-29T02:05:37Z</time></trkpt><trkpt lat="35.4028691" lon="138.967636"><ele>940.2700000000001</ele><time>2025-11-29T02:06:01Z</time></trkpt><trkpt lat="35.4028145" lon="138.9674034"><ele>946.2566666666667</ele><time>2025-11-29T02:06:52Z</time></trkpt><trkpt lat="35.4026769" lon="138.9672453"><ele>951.6966666666667</ele><time>2025-11-29T02:07:34Z</time></trkpt><trkpt lat="35.4025274" lon="138.967089"><ele>956.5100000000001</ele><time>2025-11-29T02:07:55Z</time></trkpt><trkpt lat="35.4023347" lon="138.966983"><ele>960.0366666666667</ele><time>2025-11-29T02:08:25Z</time></trkpt><trkpt lat="35.4021538" lon="138.9669202"><ele>964.0966666666667</ele><time>2025-11-29T02:08:55Z</time></trkpt><trkpt lat="35.4019738" lon="138.9668693"><ele>967.5666666666667</ele><time>2025-11-29T02:09:22Z</time></trkpt><trkpt lat="35.4019278" lon="138.9666254"><ele>970.4566666666666</ele><time>2025-11-29T02:10:00Z</time></trkpt><trkpt lat="35.4019301" lon="138.9663879"><ele>971.46</ele><time>2025-11-29T02:10:18Z</time></trkpt><trkpt lat="35.4019248" lon="138.9661609"><ele>972.1533333333333</ele><time>2025-11-29T02:10:36Z</time></trkpt><trkpt lat="35.401963" lon="138.9659118"><ele>973.07</ele><time>2025-11-29T02:10:53Z</time></trkpt><trkpt lat="35.401915" lon="138.9656788"><ele>973.4466666666667</ele><time>2025-11-29T02:11:08Z</time></trkpt><trkpt lat="35.4019511" lon="138.9654496"><ele>972.9733333333334</ele><time>2025-11-29T02:11:22Z</time></trkpt><trkpt lat="35.4019869" lon="138.9652128"><ele>972.12</ele><time>2025-11-29T02:11:41Z</time></trkpt><trkpt lat="35.4019108" lon="138.9650028"><ele>971.2733333333334</ele><time>2025-11-29T02:11:57Z</time></trkpt><trkpt lat="35.4018496" lon="138.9647755"><ele>970.83</ele><time>2025-11-29T02:12:18Z</time></trkpt><trkpt lat="35.4018544" lon="138.964554"><ele>969.2933333333334</ele><time>2025-11-29T02:12:36Z</time></trkpt><trkpt lat="35.4018328" lon="138.9643077"><ele>969.2700000000001</ele><time>2025-11-29T02:12:56Z</time></trkpt><trkpt lat="35.4017751" lon="138.9640567"><ele>968.9833333333332</ele><time>2025-11-29T02:13:15Z</time></trkpt><trkpt lat="35.4016903" lon="138.9638328"><ele>967.6999999999999</ele><time>2025-11-29T02:13:39Z</time></trkpt><trkpt lat="35.4016098" lon="138.9636028"><ele>964.8433333333334</ele><time>2025-11-29T02:14:07Z</time></trkpt><trkpt lat="35.4015201" lon="138.963405"><ele>963.59</ele><time>2025-11-29T02:14:24Z</time></trkpt><trkpt lat="35.4014377" lon="138.9631779"><ele>967.7966666666666</ele><time>2025-11-29T02:14:49Z</time></trkpt><trkpt lat="35.4013021" lon="138.963026"><ele>975.19</ele><time>2025-11-29T02:15:38Z</time></trkpt><trkpt lat="35.4011977" lon="138.9628403"><ele>983.27</ele><time>2025-11-29T02:16:20Z</time></trkpt><trkpt lat="35.4013704" lon="138.9627062"><ele>987.48</ele><time>2025-11-29T02:17:26Z</time></trkpt><trkpt lat="35.401209" lon="138.9626005"><ele>990.2533333333334</ele><time>2025-11-29T02:17:41Z</time></trkpt><trkpt lat="35.4013311" lon="138.9624013"><ele>992.9233333333333</ele><time>2025-11-29T02:18:02Z</time></trkpt><trkpt lat="35.4014398" lon="138.9622184"><ele>996.3299999999999</ele><time>2025-11-29T02:18:32Z</time></trkpt><trkpt lat="35.4014871" lon="138.9619917"><ele>1000.5266666666666</ele><time>2025-11-29T02:18:56Z</time></trkpt><trkpt lat="35.401621" lon="138.9617597"><ele>1004.6066666666667</ele><time>2025-11-29T02:19:38Z</time></trkpt><trkpt lat="35.4016561" lon="138.9615389"><ele>1010.3733333333333</ele><time>2025-11-29T02:20:11Z</time></trkpt><trkpt lat="35.4017733" lon="138.9613608"><ele>1016.0166666666668</ele><time>2025-11-29T02:21:02Z</time></trkpt><trkpt lat="35.401878" lon="138.9611805"><ele>1019.9266666666667</ele><time>2025-11-29T02:21:23Z</time></trkpt><trkpt lat="35.4019266" lon="138.960954"><ele>1023.3133333333334</ele><time>2025-11-29T02:21:44Z</time></trkpt><trkpt lat="35.4019749" lon="138.9607139"><ele>1026.1533333333334</ele><time>2025-11-29T02:22:05Z</time></trkpt><trkpt lat="35.4020236" lon="138.9604721"><ele>1028.8066666666666</ele><time>2025-11-29T02:22:26Z</time></trkpt><trkpt lat="35.4020882" lon="138.9602468"><ele>1029.7233333333334</ele><time>2025-11-29T02:22:44Z</time></trkpt><trkpt lat="35.4021743" lon="138.9600391"><ele>1029.6966666666667</ele><time>2025-11-29T02:23:02Z</time></trkpt><trkpt lat="35.4023148" lon="138.9598717"><ele>1028.4666666666665</ele><time>2025-11-29T02:23:20Z</time></trkpt><trkpt lat="35.4023689" lon="138.95961"><ele>1026.2066666666667</ele><time>2025-11-29T02:23:41Z</time></trkpt><trkpt lat="35.4024313" lon="138.9593802"><ele>1023.3233333333334</ele><time>2025-11-29T02:23:58Z</time></trkpt><trkpt lat="35.4024282" lon="138.9591254"><ele>1022.3633333333333</ele><time>2025-11-29T02:24:23Z</time></trkpt><trkpt lat="35.4023128" lon="138.9589531"><ele>1022.6466666666666</ele><time>2025-11-29T02:24:41Z</time></trkpt><trkpt lat="35.4021867" lon="138.9587593"><ele>1022.3866666666667</ele><time>2025-11-29T02:24:59Z</time></trkpt><trkpt lat="35.4021556" lon="138.9585278"><ele>1021.2800000000001</ele><time>2025-11-29T02:25:25Z</time></trkpt><trkpt lat="35.4021249" lon="138.9583044"><ele>1022.14</ele><time>2025-11-29T02:25:59Z</time></trkpt><trkpt lat="35.401973" lon="138.9581726"><ele>1025.57</ele><time>2025-11-29T02:26:47Z</time></trkpt><trkpt lat="35.4018342" lon="138.9580088"><ele>1030.9733333333334</ele><time>2025-11-29T02:27:11Z</time></trkpt><trkpt lat="35.4016914" lon="138.9578249"><ele>1035.5866666666668</ele><time>2025-11-29T02:27:35Z</time></trkpt><trkpt lat="35.4015802" lon="138.9576283"><ele>1038.4633333333334</ele><time>2025-11-29T02:27:53Z</time></trkpt><trkpt lat="35.4014383" lon="138.9574799"><ele>1039.8766666666668</ele><time>2025-11-29T02:28:14Z</time></trkpt><trkpt lat="35.4014049" lon="138.9572558"><ele>1039.6666666666667</ele><time>2025-11-29T02:28:44Z</time></trkpt><trkpt lat="35.4013525" lon="138.9570204"><ele>1034.4133333333334</ele><time>2025-11-29T02:29:31Z</time></trkpt><trkpt lat="35.4013923" lon="138.9567938"><ele>1025.7533333333333</ele><time>2025-11-29T02:30:10Z</time></trkpt><trkpt lat="35.4013583" lon="138.9565471"><ele>1015.3633333333333</ele><time>2025-11-29T02:30:38Z</time></trkpt><trkpt lat="35.40137" lon="138.9562853"><ele>1008.5533333333333</ele><time>2025-11-29T02:31:08Z</time></trkpt><trkpt lat="35.4013503" lon="138.9560543"><ele>1004.4699999999999</ele><time>2025-11-29T02:31:29Z</time></trkpt><trkpt lat="35.4012577" lon="138.9558489"><ele>1003.8133333333334</ele><time>2025-11-29T02:31:49Z</time></trkpt><trkpt lat="35.4013383" lon="138.9556111"><ele>1006.2966666666667</ele><time>2025-11-29T02:32:10Z</time></trkpt><trkpt lat="35.4014566" lon="138.9554288"><ele>1007.91</ele><time>2025-11-29T02:32:29Z</time></trkpt><trkpt lat="35.4013737" lon="138.9552262"><ele>1007.1866666666666</ele><time>2025-11-29T02:33:02Z</time></trkpt><trkpt lat="35.4013877" lon="138.9549753"><ele>1003.57</ele><time>2025-11-29T02:33:47Z</time></trkpt><trkpt lat="35.401284" lon="138.9547835"><ele>1001.8733333333333</ele><time>2025-11-29T02:34:08Z</time></trkpt><trkpt lat="35.4012992" lon="138.9545339"><ele>1001.3933333333334</ele><time>2025-11-29T02:34:34Z</time></trkpt><trkpt lat="35.4013209" lon="138.9543058"><ele>1002.2533333333334</ele><time>2025-11-29T02:35:01Z</time></trkpt><trkpt lat="35.4013523" lon="138.9540692"><ele>1002.5966666666668</ele><time>2025-11-29T02:35:22Z</time></trkpt><trkpt lat="35.4013365" lon="138.9538408"><ele>1004.4766666666668</ele><time>2025-11-29T02:35:53Z</time></trkpt><trkpt lat="35.4013384" lon="138.9536049"><ele>1007.7466666666668</ele><time>2025-11-29T02:36:20Z</time></trkpt><trkpt lat="35.4014724" lon="138.9534148"><ele>1010.86</ele><time>2025-11-29T02:37:13Z</time></trkpt><trkpt lat="35.4014523" lon="138.9531678"><ele>1011.1366666666667</ele><time>2025-11-29T02:37:31Z</time></trkpt><trkpt lat="35.4016099" lon="138.9530268"><ele>1008.3000000000001</ele><time>2025-11-29T02:38:13Z</time></trkpt><trkpt lat="35.4016333" lon="138.9528014"><ele>1002.7533333333334</ele><time>2025-11-29T02:38:54Z</time></trkpt><trkpt lat="35.4016372" lon="138.9525673"><ele>994.1066666666666</ele><time>2025-11-29T02:39:13Z</time></trkpt><trkpt lat="35.401631" lon="138.9523149"><ele>983.6366666666667</ele><time>2025-11-29T02:39:36Z</time></trkpt><trkpt lat="35.4017172" lon="138.952103"><ele>975.3266666666667</ele><time>2025-11-29T02:40:14Z</time></trkpt><trkpt lat="35.401615" lon="138.9519028"><ele>969.9666666666667</ele><time>2025-11-29T02:40:54Z</time></trkpt><trkpt lat="35.4015837" lon="138.9516776"><ele>966.7400000000001</ele><time>2025-11-29T02:41:12Z</time></trkpt><trkpt lat="35.401621" lon="138.9514524"><ele>963.8033333333333</ele><time>2025-11-29T02:41:33Z</time></trkpt><trkpt lat="35.4016001" lon="138.9512045"><ele>961.9733333333334</ele><time>2025-11-29T02:41:55Z</time></trkpt><trkpt lat="35.4014487" lon="138.9510754"><ele>960.9533333333333</ele><time>2025-11-29T02:42:13Z</time></trkpt><trkpt lat="35.4013651" lon="138.9508712"><ele>957.7366666666667</ele><time>2025-11-29T02:42:31Z</time></trkpt><trkpt lat="35.40139" lon="138.9506348"><ele>954.7433333333333</ele><time>2025-11-29T02:42:49Z</time></trkpt><trkpt lat="35.4014369" lon="138.9504088"><ele>951.7700000000001</ele><time>2025-11-29T02:43:06Z</time></trkpt><trkpt lat="35.401443" lon="138.9501688"><ele>953.1033333333334</ele><time>2025-11-29T02:43:22Z</time></trkpt><trkpt lat="35.4013928" lon="138.9499376"><ele>955.5300000000001</ele><time>2025-11-29T02:43:39Z</time></trkpt><trkpt lat="35.4013626" lon="138.9497134"><ele>956.38</ele><time>2025-11-29T02:43:54Z</time></trkpt><trkpt lat="35.4013414" lon="138.9494472"><ele>955.1566666666668</ele><time>2025-11-29T02:44:10Z</time></trkpt><trkpt lat="35.4013494" lon="138.9491989"><ele>952.7433333333333</ele><time>2025-11-29T02:44:27Z</time></trkpt><trkpt lat="35.401321" lon="138.9489551"><ele>951.75</ele><time>2025-11-29T02:44:46Z</time></trkpt><trkpt lat="35.4013422" lon="138.94873"><ele>950.1933333333333</ele><time>2025-11-29T02:45:06Z</time></trkpt><trkpt lat="35.4013555" lon="138.9485001"><ele>950.52</ele><time>2025-11-29T02:45:33Z</time></trkpt><trkpt lat="35.4013386" lon="138.9482577"><ele>953.91</ele><time>2025-11-29T02:45:55Z</time></trkpt><trkpt lat="35.4013014" lon="138.9480171"><ele>959.4833333333332</ele><time>2025-11-29T02:46:16Z</time></trkpt><trkpt lat="35.4011617" lon="138.9478398"><ele>965.1366666666667</ele><time>2025-11-29T02:46:34Z</time></trkpt><trkpt lat="35.4009964" lon="138.9477421"><ele>968.7800000000001</ele><time>2025-11-29T02:46:52Z</time></trkpt><trkpt lat="35.4008856" lon="138.9475304"><ele>971.8733333333333</ele><time>2025-11-29T02:47:12Z</time></trkpt><trkpt lat="35.4007992" lon="138.9473216"><ele>973.0766666666667</ele><time>2025-11-29T02:47:28Z</time></trkpt><trkpt lat="35.4006642" lon="138.9471005"><ele>973.5833333333334</ele><time>2025-11-29T02:47:52Z</time></trkpt><trkpt lat="35.4005153" lon="138.9469054"><ele>973.1133333333333</ele><time>2025-11-29T02:48:10Z</time></trkpt><trkpt lat="35.4003818" lon="138.9467217"><ele>972.3766666666667</ele><time>2025-11-29T02:48:25Z</time></trkpt><trkpt lat="35.4003494" lon="138.9464571"><ele>970.9633333333335</ele><time>2025-11-29T02:48:54Z</time></trkpt><trkpt lat="35.4003031" lon="138.9462024"><ele>968.6100000000001</ele><time>2025-11-29T02:49:15Z</time></trkpt><trkpt lat="35.4002199" lon="138.9459821"><ele>966.5633333333334</ele><time>2025-11-29T02:49:31Z</time></trkpt><trkpt lat="35.4001165" lon="138.9457502"><ele>964.4333333333334</ele><time>2025-11-29T02:49:48Z</time></trkpt><trkpt lat="35.3999822" lon="138.9455671"><ele>963.0033333333334</ele><time>2025-11-29T02:50:03Z</time></trkpt><trkpt lat="35.3998613" lon="138.9453952"><ele>960.8833333333333</ele><time>2025-11-29T02:50:18Z</time></trkpt><trkpt lat="35.399759" lon="138.9451936"><ele>957.1266666666667</ele><time>2025-11-29T02:50:30Z</time></trkpt><trkpt lat="35.3996327" lon="138.945019"><ele>952.8000000000001</ele><time>2025-11-29T02:50:43Z</time></trkpt><trkpt lat="35.3995258" lon="138.9448296"><ele>947.5266666666666</ele><time>2025-11-29T02:51:06Z</time></trkpt><trkpt lat="35.3994877" lon="138.9445814"><ele>943.0433333333334</ele><time>2025-11-29T02:51:28Z</time></trkpt><trkpt lat="35.3994477" lon="138.9443344"><ele>938.5300000000001</ele><time>2025-11-29T02:51:42Z</time></trkpt><trkpt lat="35.3993418" lon="138.9441442"><ele>935.32</ele><time>2025-11-29T02:51:57Z</time></trkpt><trkpt lat="35.3993211" lon="138.9439204"><ele>933.4333333333334</ele><time>2025-11-29T02:52:10Z</time></trkpt><trkpt lat="35.3992603" lon="138.9436981"><ele>931.7733333333332</ele><time>2025-11-29T02:52:33Z</time></trkpt><trkpt lat="35.3991899" lon="138.9434631"><ele>930.1233333333333</ele><time>2025-11-29T02:52:52Z</time></trkpt><trkpt lat="35.3992185" lon="138.9432379"><ele>928.9866666666667</ele><time>2025-11-29T02:53:09Z</time></trkpt><trkpt lat="35.399295" lon="138.9430334"><ele>928.2400000000001</ele><time>2025-11-29T02:53:25Z</time></trkpt><trkpt lat="35.3993109" lon="138.9428025"><ele>927.5400000000001</ele><time>2025-11-29T02:53:39Z</time></trkpt><trkpt lat="35.3994317" lon="138.942632"><ele>925.5966666666667</ele><time>2025-11-29T02:53:55Z</time></trkpt><trkpt lat="35.3994232" lon="138.9423879"><ele>923.6333333333333</ele><time>2025-11-29T02:54:13Z</time></trkpt><trkpt lat="35.3994349" lon="138.9421617"><ele>921.4366666666666</ele><time>2025-11-29T02:54:27Z</time></trkpt><trkpt lat="35.3994338" lon="138.9419201"><ele>919.7333333333335</ele><time>2025-11-29T02:54:45Z</time></trkpt><trkpt lat="35.3995227" lon="138.9417064"><ele>917.7466666666668</ele><time>2025-11-29T02:55:00Z</time></trkpt><trkpt lat="35.3996585" lon="138.9415233"><ele>915.9333333333334</ele><time>2025-11-29T02:55:15Z</time></trkpt><trkpt lat="35.3997711" lon="138.9413141"><ele>913.7733333333334</ele><time>2025-11-29T02:55:30Z</time></trkpt><trkpt lat="35.3997605" lon="138.9410434"><ele>911.8866666666667</ele><time>2025-11-29T02:55:49Z</time></trkpt><trkpt lat="35.3997576" lon="138.9407893"><ele>910.3366666666666</ele><time>2025-11-29T02:56:16Z</time></trkpt><trkpt lat="35.3997262" lon="138.9405721"><ele>908.1333333333333</ele><time>2025-11-29T02:56:31Z</time></trkpt><trkpt lat="35.3997148" lon="138.9403347"><ele>905.6033333333334</ele><time>2025-11-29T02:56:46Z</time></trkpt><trkpt lat="35.3995991" lon="138.9401585"><ele>901.39</ele><time>2025-11-29T02:57:12Z</time></trkpt><trkpt lat="35.399498" lon="138.9399526"><ele>898.75</ele><time>2025-11-29T02:58:52Z</time></trkpt><trkpt lat="35.3994872" lon="138.9397031"><ele>898.3000000000001</ele><time>2025-11-29T02:59:10Z</time></trkpt><trkpt lat="35.3994352" lon="138.9394559"><ele>900.5233333333334</ele><time>2025-11-29T02:59:34Z</time></trkpt><trkpt lat="35.3993872" lon="138.9392289"><ele>903.9233333333333</ele><time>2025-11-29T02:59:55Z</time></trkpt><trkpt lat="35.3993518" lon="138.9390111"><ele>907.2800000000001</ele><time>2025-11-29T03:00:31Z</time></trkpt><trkpt lat="35.3992954" lon="138.9387687"><ele>910.9633333333335</ele><time>2025-11-29T03:01:04Z</time></trkpt><trkpt lat="35.3992126" lon="138.93856"><ele>915.0900000000001</ele><time>2025-11-29T03:01:23Z</time></trkpt><trkpt lat="35.3991633" lon="138.9383341"><ele>919.79</ele><time>2025-11-29T03:01:47Z</time></trkpt><trkpt lat="35.3990953" lon="138.9381269"><ele>924.6333333333333</ele><time>2025-11-29T03:02:11Z</time></trkpt><trkpt lat="35.399066" lon="138.9378901"><ele>929.4900000000001</ele><time>2025-11-29T03:03:31Z</time></trkpt><trkpt lat="35.399095" lon="138.9376596"><ele>933.2533333333334</ele><time>2025-11-29T03:03:51Z</time></trkpt><trkpt lat="35.3990706" lon="138.9374338"><ele>937.07</ele><time>2025-11-29T03:04:15Z</time></trkpt><trkpt lat="35.3990173" lon="138.9372207"><ele>941.1333333333333</ele><time>2025-11-29T03:05:02Z</time></trkpt><trkpt lat="35.3990553" lon="138.936984"><ele>945.4266666666667</ele><time>2025-11-29T03:05:29Z</time></trkpt><trkpt lat="35.3991092" lon="138.93671"><ele>952.7466666666666</ele><time>2025-11-29T03:06:23Z</time></trkpt><trkpt lat="35.3991845" lon="138.9364819"><ele>960.6833333333334</ele><time>2025-11-29T03:07:05Z</time></trkpt><trkpt lat="35.3992809" lon="138.9362905"><ele>968.8133333333334</ele><time>2025-11-29T03:07:35Z</time></trkpt><trkpt lat="35.3993927" lon="138.936108"><ele>973.7633333333333</ele><time>2025-11-29T03:07:56Z</time></trkpt><trkpt lat="35.399544" lon="138.9359756"><ele>977.35</ele><time>2025-11-29T03:08:17Z</time></trkpt><trkpt lat="35.3996722" lon="138.9357792"><ele>980.1633333333333</ele><time>2025-11-29T03:08:38Z</time></trkpt><trkpt lat="35.3997497" lon="138.9355549"><ele>980.1333333333333</ele><time>2025-11-29T03:08:53Z</time></trkpt><trkpt lat="35.3998264" lon="138.9353084"><ele>977.6733333333333</ele><time>2025-11-29T03:09:11Z</time></trkpt><trkpt lat="35.3999402" lon="138.9350933"><ele>974.61</ele><time>2025-11-29T03:09:29Z</time></trkpt><trkpt lat="35.3999781" lon="138.9348503"><ele>973.2633333333333</ele><time>2025-11-29T03:09:46Z</time></trkpt><trkpt lat="35.4000728" lon="138.9346346"><ele>975.5033333333334</ele><time>2025-11-29T03:10:16Z</time></trkpt><trkpt lat="35.400119" lon="138.9344196"><ele>979.62</ele><time>2025-11-29T03:15:29Z</time></trkpt><trkpt lat="35.4001905" lon="138.9341991"><ele>985.7599999999999</ele><time>2025-11-29T03:15:50Z</time></trkpt><trkpt lat="35.4002426" lon="138.9339437"><ele>990.9666666666666</ele><time>2025-11-29T03:16:17Z</time></trkpt><trkpt lat="35.4003023" lon="138.9336816"><ele>996.4133333333333</ele><time>2025-11-29T03:16:49Z</time></trkpt><trkpt lat="35.4003768" lon="138.9334729"><ele>1001.0133333333333</ele><time>2025-11-29T03:17:19Z</time></trkpt><trkpt lat="35.4004225" lon="138.9332352"><ele>1006.2833333333334</ele><time>2025-11-29T03:17:42Z</time></trkpt><trkpt lat="35.4005082" lon="138.9330054"><ele>1010.5633333333334</ele><time>2025-11-29T03:18:06Z</time></trkpt><trkpt lat="35.4006244" lon="138.9327952"><ele>1014.9900000000001</ele><time>2025-11-29T03:18:29Z</time></trkpt><trkpt lat="35.4007081" lon="138.9325914"><ele>1018.2266666666668</ele><time>2025-11-29T03:18:47Z</time></trkpt><trkpt lat="35.4008131" lon="138.9324063"><ele>1020.6466666666666</ele><time>2025-11-29T03:19:06Z</time></trkpt><trkpt lat="35.4008602" lon="138.9321677"><ele>1022.4033333333333</ele><time>2025-11-29T03:19:28Z</time></trkpt><trkpt lat="35.4009127" lon="138.9319409"><ele>1023.9866666666667</ele><time>2025-11-29T03:19:46Z</time></trkpt><trkpt lat="35.4009677" lon="138.93173"><ele>1025.57</ele><time>2025-11-29T03:20:01Z</time></trkpt><trkpt lat="35.4010989" lon="138.9315348"><ele>1028.0266666666666</ele><time>2025-11-29T03:20:19Z</time></trkpt><trkpt lat="35.4011698" lon="138.9312791"><ele>1030.6633333333334</ele><time>2025-11-29T03:20:39Z</time></trkpt><trkpt lat="35.4011756" lon="138.931026"><ele>1033.74</ele><time>2025-11-29T03:20:57Z</time></trkpt><trkpt lat="35.4011487" lon="138.9308059"><ele>1035.8433333333335</ele><time>2025-11-29T03:21:13Z</time></trkpt><trkpt lat="35.4011549" lon="138.9305631"><ele>1038.1566666666668</ele><time>2025-11-29T03:21:30Z</time></trkpt><trkpt lat="35.4011448" lon="138.9303131"><ele>1040.4733333333331</ele><time>2025-11-29T03:21:52Z</time></trkpt><trkpt lat="35.4010278" lon="138.9300836"><ele>1042.7666666666667</ele><time>2025-11-29T03:22:03Z</time></trkpt><trkpt lat="35.400955" lon="138.929876"><ele>1044.8100000000002</ele><time>2025-11-29T03:22:19Z</time></trkpt><trkpt lat="35.4008792" lon="138.9296526"><ele>1047.21</ele><time>2025-11-29T03:22:39Z</time></trkpt><trkpt lat="35.4008225" lon="138.9294382"><ele>1048.9966666666667</ele><time>2025-11-29T03:23:01Z</time></trkpt><trkpt lat="35.4007911" lon="138.9292211"><ele>1050.2833333333333</ele><time>2025-11-29T03:23:22Z</time></trkpt><trkpt lat="35.4007482" lon="138.9290011"><ele>1050.5200000000002</ele><time>2025-11-29T03:23:40Z</time></trkpt><trkpt lat="35.4007548" lon="138.928781"><ele>1050.67</ele><time>2025-11-29T03:23:58Z</time></trkpt><trkpt lat="35.4006955" lon="138.9285621"><ele>1050.5733333333335</ele><time>2025-11-29T03:24:16Z</time></trkpt><trkpt lat="35.400685" lon="138.9283268"><ele>1050.6066666666666</ele><time>2025-11-29T03:24:31Z</time></trkpt><trkpt lat="35.4006935" lon="138.928105"><ele>1051.0366666666666</ele><time>2025-11-29T03:32:54Z</time></trkpt><trkpt lat="35.4006566" lon="138.9278534"><ele>1051.57</ele><time>2025-11-29T03:33:52Z</time></trkpt><trkpt lat="35.4006952" lon="138.9276302"><ele>1053.0733333333335</ele><time>2025-11-29T03:34:10Z</time></trkpt><trkpt lat="35.4006746" lon="138.9273841"><ele>1055.4266666666667</ele><time>2025-11-29T03:34:34Z</time></trkpt><trkpt lat="35.4005691" lon="138.927179"><ele>1061.3166666666666</ele><time>2025-11-29T03:35:10Z</time></trkpt><trkpt lat="35.4005433" lon="138.9268962"><ele>1069.5733333333333</ele><time>2025-11-29T03:35:55Z</time></trkpt><trkpt lat="35.4004615" lon="138.9266921"><ele>1079.3966666666665</ele><time>2025-11-29T03:36:28Z</time></trkpt><trkpt lat="35.400492" lon="138.9264422"><ele>1090.3400000000001</ele><time>2025-11-29T03:37:13Z</time></trkpt><trkpt lat="35.4004648" lon="138.9262245"><ele>1101.3233333333335</ele><time>2025-11-29T03:37:55Z</time></trkpt><trkpt lat="35.400392" lon="138.926012"><ele>1111.3966666666668</ele><time>2025-11-29T03:38:34Z</time></trkpt><trkpt lat="35.4005052" lon="138.9258358"><ele>1118.3133333333335</ele><time>2025-11-29T03:39:22Z</time></trkpt><trkpt lat="35.4005045" lon="138.925599"><ele>1123.82</ele><time>2025-11-29T03:40:10Z</time></trkpt><trkpt lat="35.4005836" lon="138.9252932"><ele>1129.7966666666669</ele><time>2025-11-29T03:41:01Z</time></trkpt><trkpt lat="35.4006744" lon="138.9250847"><ele>1136.5366666666666</ele><time>2025-11-29T03:42:15Z</time></trkpt><trkpt lat="35.4007635" lon="138.9248933"><ele>1143.5866666666668</ele><time>2025-11-29T03:42:46Z</time></trkpt><trkpt lat="35.4009153" lon="138.9247194"><ele>1149.9466666666667</ele><time>2025-11-29T03:43:22Z</time></trkpt><trkpt lat="35.4010084" lon="138.9244465"><ele>1157.3366666666668</ele><time>2025-11-29T03:44:21Z</time></trkpt><trkpt lat="35.4010909" lon="138.924229"><ele>1165.8666666666666</ele><time>2025-11-29T03:45:25Z</time></trkpt><trkpt lat="35.4012076" lon="138.9240345"><ele>1174.7700000000002</ele><time>2025-11-29T03:46:04Z</time></trkpt><trkpt lat="35.4012392" lon="138.9238169"><ele>1183.0199999999998</ele><time>2025-11-29T03:46:55Z</time></trkpt><trkpt lat="35.4012796" lon="138.9235836"><ele>1188.5166666666667</ele><time>2025-11-29T03:47:25Z</time></trkpt><trkpt lat="35.4013089" lon="138.9233582"><ele>1193.34</ele><time>2025-11-29T03:47:49Z</time></trkpt><trkpt lat="35.4012914" lon="138.9231253"><ele>1196.5133333333333</ele><time>2025-11-29T03:48:11Z</time></trkpt><trkpt lat="35.4012725" lon="138.9228937"><ele>1199.0533333333333</ele><time>2025-11-29T03:48:31Z</time></trkpt><trkpt lat="35.4012158" lon="138.9226678"><ele>1200.3133333333335</ele><time>2025-11-29T03:48:51Z</time></trkpt><trkpt lat="35.4011519" lon="138.9224414"><ele>1200.8666666666668</ele><time>2025-11-29T03:49:07Z</time></trkpt><trkpt lat="35.401077" lon="138.9222405"><ele>1201.9233333333334</ele><time>2025-11-29T03:49:25Z</time></trkpt><trkpt lat="35.4010198" lon="138.9220267"><ele>1205.3400000000001</ele><time>2025-11-29T03:49:48Z</time></trkpt><trkpt lat="35.400992" lon="138.9218016"><ele>1209.3133333333333</ele><time>2025-11-29T03:50:10Z</time></trkpt><trkpt lat="35.4009359" lon="138.9215914"><ele>1214.2500000000002</ele><time>2025-11-29T03:50:38Z</time></trkpt><trkpt lat="35.4009102" lon="138.9213703"><ele>1217.9266666666667</ele><time>2025-11-29T03:51:14Z</time></trkpt><trkpt lat="35.4009431" lon="138.921149"><ele>1221.79</ele><time>2025-11-29T03:51:47Z</time></trkpt><trkpt lat="35.4010066" lon="138.9208958"><ele>1226.3700000000001</ele><time>2025-11-29T03:52:31Z</time></trkpt><trkpt lat="35.4010256" lon="138.9206377"><ele>1231.9733333333334</ele><time>2025-11-29T03:53:14Z</time></trkpt><trkpt lat="35.4010683" lon="138.9204135"><ele>1237.6466666666668</ele><time>2025-11-29T03:53:47Z</time></trkpt><trkpt lat="35.400997" lon="138.9202029"><ele>1242.3433333333335</ele><time>2025-11-29T03:54:11Z</time></trkpt><trkpt lat="35.4009321" lon="138.9199904"><ele>1246.0433333333333</ele><time>2025-11-29T03:54:40Z</time></trkpt><trkpt lat="35.4008568" lon="138.919762"><ele>1250.0200000000002</ele><time>2025-11-29T03:55:16Z</time></trkpt><trkpt lat="35.4007595" lon="138.9195555"><ele>1253.2566666666667</ele><time>2025-11-29T03:55:38Z</time></trkpt><trkpt lat="35.4007029" lon="138.919328"><ele>1257.1833333333334</ele><time>2025-11-29T03:55:59Z</time></trkpt><trkpt lat="35.4006509" lon="138.9191164"><ele>1261.2766666666666</ele><time>2025-11-29T03:56:23Z</time></trkpt><trkpt lat="35.4006397" lon="138.9188772"><ele>1266.2033333333336</ele><time>2025-11-29T03:57:02Z</time></trkpt><trkpt lat="35.4006237" lon="138.9186474"><ele>1269.8400000000001</ele><time>2025-11-29T03:57:46Z</time></trkpt><trkpt lat="35.4005228" lon="138.9184472"><ele>1275.3933333333334</ele><time>2025-11-29T03:58:17Z</time></trkpt><trkpt lat="35.4004524" lon="138.9182083"><ele>1282.3533333333332</ele><time>2025-11-29T03:59:02Z</time></trkpt><trkpt lat="35.4004352" lon="138.9179204"><ele>1290.3333333333333</ele><time>2025-11-29T04:00:11Z</time></trkpt><trkpt lat="35.4004114" lon="138.9176757"><ele>1296.6533333333334</ele><time>2025-11-29T04:01:02Z</time></trkpt><trkpt lat="35.4004753" lon="138.9174461"><ele>1301.9566666666667</ele><time>2025-11-29T04:01:29Z</time></trkpt><trkpt lat="35.4005048" lon="138.9172233"><ele>1308.4866666666667</ele><time>2025-11-29T04:01:56Z</time></trkpt><trkpt lat="35.4005541" lon="138.9170081"><ele>1314.3566666666668</ele><time>2025-11-29T04:02:14Z</time></trkpt><trkpt lat="35.400592" lon="138.9167821"><ele>1318.6633333333336</ele><time>2025-11-29T04:02:44Z</time></trkpt><trkpt lat="35.4007785" lon="138.9167401"><ele>1320.14</ele><time>2025-11-29T04:03:53Z</time></trkpt><trkpt lat="35.4009605" lon="138.9167395"><ele>1318.5133333333333</ele><time>2025-11-29T04:04:14Z</time></trkpt><trkpt lat="35.4011618" lon="138.9166968"><ele>1315.55</ele><time>2025-11-29T04:04:38Z</time></trkpt><trkpt lat="35.4013515" lon="138.9167145"><ele>1310.6200000000001</ele><time>2025-11-29T04:04:56Z</time></trkpt><trkpt lat="35.401553" lon="138.9166958"><ele>1305.6299999999999</ele><time>2025-11-29T04:05:23Z</time></trkpt><trkpt lat="35.4017436" lon="138.9166877"><ele>1299.53</ele><time>2025-11-29T04:05:46Z</time></trkpt><trkpt lat="35.4019597" lon="138.9168034"><ele>1292.243333333333</ele><time>2025-11-29T04:06:34Z</time></trkpt><trkpt lat="35.4021462" lon="138.916799"><ele>1284.6766666666667</ele><time>2025-11-29T04:06:59Z</time></trkpt><trkpt lat="35.4023103" lon="138.916699"><ele>1277.7133333333334</ele><time>2025-11-29T04:07:28Z</time></trkpt><trkpt lat="35.4025071" lon="138.9167187"><ele>1270.09</ele><time>2025-11-29T04:08:04Z</time></trkpt><trkpt lat="35.4026881" lon="138.9166136"><ele>1263.3966666666665</ele><time>2025-11-29T04:08:38Z</time></trkpt><trkpt lat="35.4028671" lon="138.9165202"><ele>1256.3400000000001</ele><time>2025-11-29T04:09:02Z</time></trkpt><trkpt lat="35.4030521" lon="138.9164875"><ele>1249.7733333333333</ele><time>2025-11-29T04:09:26Z</time></trkpt><trkpt lat="35.4032074" lon="138.9163457"><ele>1242.99</ele><time>2025-11-29T04:09:47Z</time></trkpt><trkpt lat="35.4033929" lon="138.9162475"><ele>1236.7</ele><time>2025-11-29T04:10:14Z</time></trkpt><trkpt lat="35.4035713" lon="138.9161663"><ele>1230.3466666666666</ele><time>2025-11-29T04:10:59Z</time></trkpt><trkpt lat="35.4037633" lon="138.9162024"><ele>1222.2066666666667</ele><time>2025-11-29T04:11:26Z</time></trkpt><trkpt lat="35.4039514" lon="138.91612"><ele>1213.9233333333334</ele><time>2025-11-29T04:11:50Z</time></trkpt><trkpt lat="35.4041353" lon="138.9161208"><ele>1205.9099999999999</ele><time>2025-11-29T04:12:13Z</time></trkpt><trkpt lat="35.4043346" lon="138.9161387"><ele>1198.9066666666665</ele><time>2025-11-29T04:12:41Z</time></trkpt><trkpt lat="35.4045144" lon="138.9161053"><ele>1191.6966666666667</ele><time>2025-11-29T04:13:07Z</time></trkpt><trkpt lat="35.4046865" lon="138.9159914"><ele>1186.12</ele><time>2025-11-29T04:13:23Z</time></trkpt><trkpt lat="35.4048264" lon="138.9158377"><ele>1181.2300000000002</ele><time>2025-11-29T04:13:43Z</time></trkpt><trkpt lat="35.4049893" lon="138.9157215"><ele>1176.4833333333333</ele><time>2025-11-29T04:14:02Z</time></trkpt><trkpt lat="35.405123" lon="138.915524"><ele>1172.1666666666667</ele><time>2025-11-29T04:14:29Z</time></trkpt><trkpt lat="35.4053037" lon="138.9155806"><ele>1169.19</ele><time>2025-11-29T04:14:47Z</time></trkpt><trkpt lat="35.4054692" lon="138.9154379"><ele>1168.1900000000003</ele><time>2025-11-29T04:15:08Z</time></trkpt><trkpt lat="35.4056476" lon="138.9155355"><ele>1168.9400000000003</ele><time>2025-11-29T04:15:56Z</time></trkpt><trkpt lat="35.4058082" lon="138.9156562"><ele>1170.8066666666666</ele><time>2025-11-29T04:16:14Z</time></trkpt><trkpt lat="35.405984" lon="138.9157947"><ele>1173.5633333333333</ele><time>2025-11-29T04:16:35Z</time></trkpt><trkpt lat="35.4061696" lon="138.9159909"><ele>1176.5166666666667</ele><time>2025-11-29T04:17:58Z</time></trkpt><trkpt lat="35.4063199" lon="138.9161474"><ele>1179.7266666666667</ele><time>2025-11-29T04:18:16Z</time></trkpt><trkpt lat="35.4065378" lon="138.9162285"><ele>1182.7533333333333</ele><time>2025-11-29T04:18:41Z</time></trkpt><trkpt lat="35.4067508" lon="138.9162369"><ele>1185.8400000000001</ele><time>2025-11-29T04:18:56Z</time></trkpt><trkpt lat="35.4069437" lon="138.9162352"><ele>1188.8766666666668</ele><time>2025-11-29T04:19:11Z</time></trkpt><trkpt lat="35.4071558" lon="138.9162708"><ele>1191.4866666666667</ele><time>2025-11-29T04:19:29Z</time></trkpt><trkpt lat="35.4073449" lon="138.9162817"><ele>1193.8466666666666</ele><time>2025-11-29T04:19:47Z</time></trkpt><trkpt lat="35.4075279" lon="138.9163316"><ele>1196.1899999999998</ele><time>2025-11-29T04:20:05Z</time></trkpt><trkpt lat="35.4076813" lon="138.9161842"><ele>1197.9133333333334</ele><time>2025-11-29T04:20:23Z</time></trkpt><trkpt lat="35.4078184" lon="138.9163369"><ele>1200.19</ele><time>2025-11-29T04:20:48Z</time></trkpt><trkpt lat="35.4079879" lon="138.9164462"><ele>1202.7333333333333</ele><time>2025-11-29T04:21:06Z</time></trkpt><trkpt lat="35.4081495" lon="138.9165448"><ele>1206.66</ele><time>2025-11-29T04:21:21Z</time></trkpt><trkpt lat="35.4083107" lon="138.9166455"><ele>1210.3833333333334</ele><time>2025-11-29T04:21:39Z</time></trkpt><trkpt lat="35.4084926" lon="138.9167339"><ele>1213.9266666666665</ele><time>2025-11-29T04:21:59Z</time></trkpt><trkpt lat="35.408667" lon="138.9168424"><ele>1217.56</ele><time>2025-11-29T04:22:23Z</time></trkpt><trkpt lat="35.408838" lon="138.9169233"><ele>1221.61</ele><time>2025-11-29T04:22:54Z</time></trkpt><trkpt lat="35.4090175" lon="138.9169563"><ele>1226.2633333333333</ele><time>2025-11-29T04:23:24Z</time></trkpt><trkpt lat="35.4092067" lon="138.9170434"><ele>1231.4566666666667</ele><time>2025-11-29T04:24:03Z</time></trkpt><trkpt lat="35.4093694" lon="138.9171398"><ele>1236.7066666666667</ele><time>2025-11-29T04:24:48Z</time></trkpt><trkpt lat="35.4095429" lon="138.9172248"><ele>1242.6033333333335</ele><time>2025-11-29T04:25:42Z</time></trkpt><trkpt lat="35.409711" lon="138.9173351"><ele>1249.4666666666667</ele><time>2025-11-29T04:26:15Z</time></trkpt><trkpt lat="35.4098866" lon="138.9174316"><ele>1256.2033333333331</ele><time>2025-11-29T04:27:03Z</time></trkpt><trkpt lat="35.4100752" lon="138.917467"><ele>1262.11</ele><time>2025-11-29T04:27:33Z</time></trkpt><trkpt lat="35.4102672" lon="138.9175276"><ele>1266.91</ele><time>2025-11-29T04:28:03Z</time></trkpt><trkpt lat="35.4104592" lon="138.9176005"><ele>1272.2133333333334</ele><time>2025-11-29T04:28:30Z</time></trkpt><trkpt lat="35.4106401" lon="138.9176818"><ele>1277.3766666666668</ele><time>2025-11-29T04:28:53Z</time></trkpt><trkpt lat="35.4108292" lon="138.9177307"><ele>1281.9366666666667</ele><time>2025-11-29T04:29:15Z</time></trkpt><trkpt lat="35.411026" lon="138.9177837"><ele>1285.8799999999999</ele><time>2025-11-29T04:29:36Z</time></trkpt><trkpt lat="35.4111913" lon="138.9178898"><ele>1288.78</ele><time>2025-11-29T04:29:54Z</time></trkpt><trkpt lat="35.4112951" lon="138.9176531"><ele>1290.0933333333335</ele><time>2025-11-29T04:30:41Z</time></trkpt><trkpt lat="35.4113382" lon="138.9174381"><ele>1289.2466666666667</ele><time>2025-11-29T04:31:42Z</time></trkpt><trkpt lat="35.4113201" lon="138.9176608"><ele>1289.1266666666668</ele><time>2025-11-29T04:32:47Z</time></trkpt><trkpt lat="35.4112975" lon="138.9174262"><ele>1288.23</ele><time>2025-11-29T04:34:11Z</time></trkpt><trkpt lat="35.4112808" lon="138.9171998"><ele>1286.5366666666666</ele><time>2025-11-29T04:34:30Z</time></trkpt><trkpt lat="35.4112031" lon="138.9169751"><ele>1282.5733333333333</ele><time>2025-11-29T04:35:12Z</time></trkpt><trkpt lat="35.4111861" lon="138.916745"><ele>1277.14</ele><time>2025-11-29T04:35:23Z</time></trkpt><trkpt lat="35.4111118" lon="138.9164928"><ele>1270.5366666666669</ele><time>2025-11-29T04:35:48Z</time></trkpt><trkpt lat="35.4110323" lon="138.9162779"><ele>1262.6533333333334</ele><time>2025-11-29T04:36:05Z</time></trkpt><trkpt lat="35.4109841" lon="138.9160409"><ele>1255.5400000000002</ele><time>2025-11-29T04:36:25Z</time></trkpt><trkpt lat="35.4109475" lon="138.9158163"><ele>1248.7733333333333</ele><time>2025-11-29T04:36:45Z</time></trkpt><trkpt lat="35.4108758" lon="138.9155895"><ele>1242.0</ele><time>2025-11-29T04:37:09Z</time></trkpt><trkpt lat="35.41084" lon="138.9153715"><ele>1235.246666666667</ele><time>2025-11-29T04:37:29Z</time></trkpt><trkpt lat="35.4107773" lon="138.9151573"><ele>1228.39</ele><time>2025-11-29T04:37:49Z</time></trkpt><trkpt lat="35.4107161" lon="138.9149393"><ele>1222.4133333333334</ele><time>2025-11-29T04:38:07Z</time></trkpt><trkpt lat="35.4106639" lon="138.9147211"><ele>1215.6033333333335</ele><time>2025-11-29T04:38:47Z</time></trkpt><trkpt lat="35.4106797" lon="138.9144456"><ele>1208.83</ele><time>2025-11-29T04:39:33Z</time></trkpt><trkpt lat="35.4107064" lon="138.914189"><ele>1202.2366666666667</ele><time>2025-11-29T04:39:47Z</time></trkpt><trkpt lat="35.4106598" lon="138.9139311"><ele>1196.84</ele><time>2025-11-29T04:40:08Z</time></trkpt><trkpt lat="35.4106799" lon="138.9136847"><ele>1192.3799999999999</ele><time>2025-11-29T04:40:26Z</time></trkpt><trkpt lat="35.4107304" lon="138.9134621"><ele>1188.6033333333335</ele><time>2025-11-29T04:40:41Z</time></trkpt><trkpt lat="35.4107946" lon="138.9132329"><ele>1184.6833333333334</ele><time>2025-11-29T04:40:59Z</time></trkpt><trkpt lat="35.4107651" lon="138.9129839"><ele>1180.99</ele><time>2025-11-29T04:41:16Z</time></trkpt><trkpt lat="35.4107752" lon="138.9127314"><ele>1176.9166666666667</ele><time>2025-11-29T04:41:31Z</time></trkpt><trkpt lat="35.4108901" lon="138.9125216"><ele>1172.9099999999999</ele><time>2025-11-29T04:41:45Z</time></trkpt><trkpt lat="35.4109549" lon="138.912288"><ele>1168.7033333333331</ele><time>2025-11-29T04:42:03Z</time></trkpt><trkpt lat="35.4110942" lon="138.9121417"><ele>1164.1566666666668</ele><time>2025-11-29T04:42:38Z</time></trkpt><trkpt lat="35.4111924" lon="138.9119378"><ele>1159.7833333333335</ele><time>2025-11-29T04:43:05Z</time></trkpt><trkpt lat="35.411279" lon="138.9116743"><ele>1155.1366666666665</ele><time>2025-11-29T04:43:50Z</time></trkpt><trkpt lat="35.4113623" lon="138.9114503"><ele>1149.3266666666666</ele><time>2025-11-29T04:44:05Z</time></trkpt><trkpt lat="35.4114742" lon="138.9112495"><ele>1142.9033333333334</ele><time>2025-11-29T04:44:23Z</time></trkpt><trkpt lat="35.4115796" lon="138.9110524"><ele>1136.71</ele><time>2025-11-29T04:44:41Z</time></trkpt><trkpt lat="35.4116318" lon="138.9108051"><ele>1131.1200000000001</ele><time>2025-11-29T04:44:56Z</time></trkpt><trkpt lat="35.411758" lon="138.910633"><ele>1126.6433333333334</ele><time>2025-11-29T04:45:10Z</time></trkpt><trkpt lat="35.4119091" lon="138.9104294"><ele>1122.1000000000001</ele><time>2025-11-29T04:45:25Z</time></trkpt><trkpt lat="35.4120356" lon="138.9102658"><ele>1118.47</ele><time>2025-11-29T04:45:40Z</time></trkpt><trkpt lat="35.4120889" lon="138.9100143"><ele>1114.04</ele><time>2025-11-29T04:45:57Z</time></trkpt><trkpt lat="35.4121424" lon="138.9097765"><ele>1109.7700000000002</ele><time>2025-11-29T04:46:11Z</time></trkpt><trkpt lat="35.4123318" lon="138.9097249"><ele>1105.4533333333331</ele><time>2025-11-29T04:46:26Z</time></trkpt><trkpt lat="35.4125121" lon="138.9097362"><ele>1101.66</ele><time>2025-11-29T04:46:40Z</time></trkpt><trkpt lat="35.4126861" lon="138.9096065"><ele>1097.99</ele><time>2025-11-29T04:46:58Z</time></trkpt><trkpt lat="35.4126807" lon="138.9093862"><ele>1094.41</ele><time>2025-11-29T04:47:27Z</time></trkpt><trkpt lat="35.4125959" lon="138.9091438"><ele>1090.3933333333334</ele><time>2025-11-29T04:49:21Z</time></trkpt><trkpt lat="35.4126091" lon="138.9093876"><ele>1089.5633333333333</ele><time>2025-11-29T04:50:32Z</time></trkpt><trkpt lat="35.4127735" lon="138.9095633"><ele>1089.2166666666667</ele><time>2025-11-29T04:50:54Z</time></trkpt><trkpt lat="35.4129534" lon="138.9096518"><ele>1088.7</ele><time>2025-11-29T04:51:09Z</time></trkpt><trkpt lat="35.4131255" lon="138.9097481"><ele>1083.2633333333333</ele><time>2025-11-29T04:51:29Z</time></trkpt><trkpt lat="35.4131715" lon="138.9095346"><ele>1078.4733333333334</ele><time>2025-11-29T04:51:44Z</time></trkpt><trkpt lat="35.413119" lon="138.9092275"><ele>1075.2666666666667</ele><time>2025-11-29T04:52:06Z</time></trkpt><trkpt lat="35.4130042" lon="138.9090024"><ele>1075.91</ele><time>2025-11-29T04:52:18Z</time></trkpt><trkpt lat="35.413185" lon="138.9090176"><ele>1075.7300000000002</ele><time>2025-11-29T04:52:42Z</time></trkpt><trkpt lat="35.4132642" lon="138.9087837"><ele>1073.9766666666667</ele><time>2025-11-29T04:52:51Z</time></trkpt><trkpt lat="35.4133057" lon="138.9085454"><ele>1069.25</ele><time>2025-11-29T04:53:12Z</time></trkpt><trkpt lat="35.413381" lon="138.9083369"><ele>1064.2166666666665</ele><time>2025-11-29T04:53:27Z</time></trkpt><trkpt lat="35.4134325" lon="138.9080965"><ele>1060.51</ele><time>2025-11-29T04:53:45Z</time></trkpt><trkpt lat="35.4135387" lon="138.9079076"><ele>1058.4533333333336</ele><time>2025-11-29T04:54:00Z</time></trkpt><trkpt lat="35.4136529" lon="138.9077173"><ele>1057.21</ele><time>2025-11-29T04:54:17Z</time></trkpt><trkpt lat="35.4137659" lon="138.9075127"><ele>1055.5833333333333</ele><time>2025-11-29T04:54:32Z</time></trkpt><trkpt lat="35.4138612" lon="138.9073047"><ele>1054.1566666666665</ele><time>2025-11-29T04:54:47Z</time></trkpt><trkpt lat="35.4139554" lon="138.9071068"><ele>1052.67</ele><time>2025-11-29T04:54:58Z</time></trkpt><trkpt lat="35.4140765" lon="138.9068927"><ele>1051.12</ele><time>2025-11-29T04:55:13Z</time></trkpt><trkpt lat="35.4142089" lon="138.9067116"><ele>1049.26</ele><time>2025-11-29T04:55:28Z</time></trkpt><trkpt lat="35.4143438" lon="138.9065125"><ele>1047.1266666666668</ele><time>2025-11-29T04:55:47Z</time></trkpt><trkpt lat="35.4144741" lon="138.906323"><ele>1044.8100000000002</ele><time>2025-11-29T04:56:02Z</time></trkpt><trkpt lat="35.414611" lon="138.9061096"><ele>1042.4233333333332</ele><time>2025-11-29T04:56:20Z</time></trkpt><trkpt lat="35.4147419" lon="138.905917"><ele>1039.82</ele><time>2025-11-29T04:56:35Z</time></trkpt><trkpt lat="35.4148544" lon="138.9057139"><ele>1037.1433333333334</ele><time>2025-11-29T04:56:50Z</time></trkpt><trkpt lat="35.4149508" lon="138.9055159"><ele>1034.2033333333334</ele><time>2025-11-29T04:57:05Z</time></trkpt><trkpt lat="35.4150678" lon="138.9053136"><ele>1031.216666666667</ele><time>2025-11-29T04:57:24Z</time></trkpt><trkpt lat="35.41517" lon="138.9051205"><ele>1027.4533333333334</ele><time>2025-11-29T04:57:39Z</time></trkpt><trkpt lat="35.4152551" lon="138.904906"><ele>1023.5100000000001</ele><time>2025-11-29T04:57:53Z</time></trkpt><trkpt lat="35.4153804" lon="138.9047112"><ele>1019.2266666666668</ele><time>2025-11-29T04:58:09Z</time></trkpt><trkpt lat="35.4155206" lon="138.9045394"><ele>1015.6966666666667</ele><time>2025-11-29T04:58:26Z</time></trkpt><trkpt lat="35.4156434" lon="138.9043473"><ele>1011.91</ele><time>2025-11-29T04:58:41Z</time></trkpt><trkpt lat="35.415766" lon="138.9041518"><ele>1008.3666666666668</ele><time>2025-11-29T04:59:00Z</time></trkpt><trkpt lat="35.415939" lon="138.9040439"><ele>1005.2233333333334</ele><time>2025-11-29T04:59:18Z</time></trkpt><trkpt lat="35.4161312" lon="138.9041384"><ele>1002.73</ele><time>2025-11-29T04:59:36Z</time></trkpt><trkpt lat="35.4163242" lon="138.9040819"><ele>999.6033333333334</ele><time>2025-11-29T04:59:57Z</time></trkpt><trkpt lat="35.4164233" lon="138.903869"><ele>995.9433333333333</ele><time>2025-11-29T05:00:15Z</time></trkpt><trkpt lat="35.4164591" lon="138.9036336"><ele>993.41</ele><time>2025-11-29T05:00:29Z</time></trkpt><trkpt lat="35.4165946" lon="138.9034593"><ele>991.7066666666666</ele><time>2025-11-29T05:00:41Z</time></trkpt><trkpt lat="35.4166942" lon="138.9032281"><ele>990.8433333333334</ele><time>2025-11-29T05:00:59Z</time></trkpt><trkpt lat="35.4169324" lon="138.9032319"><ele>989.2766666666666</ele><time>2025-11-29T05:01:19Z</time></trkpt><trkpt lat="35.417164" lon="138.9031771"><ele>988.1933333333333</ele><time>2025-11-29T05:01:31Z</time></trkpt><trkpt lat="35.4173759" lon="138.9031438"><ele>987.07</ele><time>2025-11-29T05:01:45Z</time></trkpt><trkpt lat="35.4172178" lon="138.902965"><ele>986.5100000000001</ele><time>2025-11-29T05:03:01Z</time></trkpt><trkpt lat="35.4171464" lon="138.9027399"><ele>986.4266666666667</ele><time>2025-11-29T05:03:17Z</time></trkpt><trkpt lat="35.4170549" lon="138.90253"><ele>986.8299999999999</ele><time>2025-11-29T05:03:31Z</time></trkpt><trkpt lat="35.4169142" lon="138.9023793"><ele>987.2066666666666</ele><time>2025-11-29T05:03:43Z</time></trkpt><trkpt lat="35.4167561" lon="138.9021914"><ele>987.61</ele><time>2025-11-29T05:03:56Z</time></trkpt><trkpt lat="35.4166254" lon="138.9020378"><ele>987.9833333333332</ele><time>2025-11-29T05:04:07Z</time></trkpt><trkpt lat="35.4164607" lon="138.9018531"><ele>988.3233333333334</ele><time>2025-11-29T05:04:21Z</time></trkpt><trkpt lat="35.4163113" lon="138.901671"><ele>988.6266666666667</ele><time>2025-11-29T05:04:35Z</time></trkpt><trkpt lat="35.4161777" lon="138.9014563"><ele>988.9433333333333</ele><time>2025-11-29T05:04:49Z</time></trkpt><trkpt lat="35.4161022" lon="138.9011861"><ele>989.2033333333334</ele><time>2025-11-29T05:05:07Z</time></trkpt><trkpt lat="35.4160886" lon="138.9009297"><ele>989.48</ele><time>2025-11-29T05:05:21Z</time></trkpt><trkpt lat="35.415956" lon="138.9007252"><ele>990.1666666666666</ele><time>2025-11-29T05:05:34Z</time></trkpt><trkpt lat="35.4159664" lon="138.9004878"><ele>990.9766666666666</ele><time>2025-11-29T05:05:46Z</time></trkpt><trkpt lat="35.415969" lon="138.9002637"><ele>991.5766666666667</ele><time>2025-11-29T05:05:59Z</time></trkpt><trkpt lat="35.4159174" lon="138.900042"><ele>991.8666666666667</ele><time>2025-11-29T05:06:10Z</time></trkpt><trkpt lat="35.4158891" lon="138.8998007"><ele>991.9166666666666</ele><time>2025-11-29T05:06:25Z</time></trkpt><trkpt lat="35.4158196" lon="138.8995953"><ele>991.9533333333334</ele><time>2025-11-29T05:06:33Z</time></trkpt><trkpt lat="35.4157734" lon="138.8993357"><ele>991.7033333333334</ele><time>2025-11-29T05:06:47Z</time></trkpt><trkpt lat="35.4157029" lon="138.8991157"><ele>991.4466666666667</ele><time>2025-11-29T05:06:59Z</time></trkpt><trkpt lat="35.4156424" lon="138.8988753"><ele>991.2133333333335</ele><time>2025-11-29T05:07:10Z</time></trkpt><trkpt lat="35.4155669" lon="138.898639"><ele>991.2333333333332</ele><time>2025-11-29T05:07:21Z</time></trkpt><trkpt lat="35.4155238" lon="138.8984244"><ele>991.6</ele><time>2025-11-29T05:07:35Z</time></trkpt><trkpt lat="35.4154745" lon="138.8982023"><ele>992.3466666666667</ele><time>2025-11-29T05:07:49Z</time></trkpt><trkpt lat="35.4154136" lon="138.8979333"><ele>992.91</ele><time>2025-11-29T05:08:03Z</time></trkpt><trkpt lat="35.4153709" lon="138.8977077"><ele>992.8699999999999</ele><time>2025-11-29T05:08:17Z</time></trkpt><trkpt lat="35.4153054" lon="138.8974839"><ele>992.4633333333335</ele><time>2025-11-29T05:08:31Z</time></trkpt><trkpt lat="35.4152606" lon="138.8972667"><ele>992.1366666666667</ele><time>2025-11-29T05:08:43Z</time></trkpt><trkpt lat="35.4151736" lon="138.896987"><ele>991.8866666666667</ele><time>2025-11-29T05:08:54Z</time></trkpt><trkpt lat="35.4152303" lon="138.8967566"><ele>991.2166666666667</ele><time>2025-11-29T05:09:00Z</time></trkpt><trkpt lat="35.4150551" lon="138.8968731"><ele>990.63</ele><time>2025-11-29T05:09:03Z</time></trkpt><trkpt lat="35.4150127" lon="138.896644"><ele>990.0833333333334</ele><time>2025-11-29T05:09:18Z</time></trkpt><trkpt lat="35.414898" lon="138.8964517"><ele>989.9900000000001</ele><time>2025-11-29T05:09:26Z</time></trkpt><trkpt lat="35.4148359" lon="138.8962281"><ele>989.7133333333335</ele><time>2025-11-29T05:09:40Z</time></trkpt><trkpt lat="35.4147428" lon="138.8960241"><ele>989.5566666666667</ele><time>2025-11-29T05:09:55Z</time></trkpt><trkpt lat="35.4146366" lon="138.8958419"><ele>989.4466666666667</ele><time>2025-11-29T05:10:06Z</time></trkpt><trkpt lat="35.4145504" lon="138.8956342"><ele>989.38</ele><time>2025-11-29T05:10:20Z</time></trkpt><trkpt lat="35.4144613" lon="138.8954019"><ele>989.36</ele><time>2025-11-29T05:10:35Z</time></trkpt><trkpt lat="35.4143801" lon="138.8951529"><ele>989.3133333333334</ele><time>2025-11-29T05:10:49Z</time></trkpt><trkpt lat="35.4143043" lon="138.8949152"><ele>989.2533333333334</ele><time>2025-11-29T05:11:07Z</time></trkpt><trkpt lat="35.4142368" lon="138.8947087"><ele>989.15</ele><time>2025-11-29T05:11:18Z</time></trkpt><trkpt lat="35.4141467" lon="138.8944695"><ele>989.11</ele><time>2025-11-29T05:11:32Z</time></trkpt><trkpt lat="35.4140632" lon="138.89423"><ele>989.11</ele><time>2025-11-29T05:11:49Z</time></trkpt><trkpt lat="35.4139932" lon="138.894025"><ele>989.1500000000001</ele><time>2025-11-29T05:12:01Z</time></trkpt><trkpt lat="35.4138824" lon="138.8938227"><ele>989.14</ele><time>2025-11-29T05:12:16Z</time></trkpt><trkpt lat="35.4138122" lon="138.8935736"><ele>989.0733333333334</ele><time>2025-11-29T05:12:33Z</time></trkpt><trkpt lat="35.4137402" lon="138.89335"><ele>988.98</ele><time>2025-11-29T05:12:44Z</time></trkpt><trkpt lat="35.413646" lon="138.8931074"><ele>988.8400000000001</ele><time>2025-11-29T05:13:01Z</time></trkpt><trkpt lat="35.4135771" lon="138.8928947"><ele>988.7066666666668</ele><time>2025-11-29T05:13:16Z</time></trkpt><trkpt lat="35.4135368" lon="138.8926675"><ele>988.5733333333334</ele><time>2025-11-29T05:13:31Z</time></trkpt><trkpt lat="35.4133747" lon="138.8924061"><ele>988.5566666666667</ele><time>2025-11-29T05:13:48Z</time></trkpt><trkpt lat="35.4133174" lon="138.8921653"><ele>988.5866666666667</ele><time>2025-11-29T05:14:03Z</time></trkpt><trkpt lat="35.4131993" lon="138.8919737"><ele>988.6866666666666</ele><time>2025-11-29T05:14:14Z</time></trkpt><trkpt lat="35.4130501" lon="138.8918093"><ele>988.77</ele><time>2025-11-29T05:14:26Z</time></trkpt><trkpt lat="35.4129385" lon="138.89163"><ele>988.8833333333333</ele><time>2025-11-29T05:14:37Z</time></trkpt><trkpt lat="35.4128244" lon="138.8914026"><ele>989.0500000000001</ele><time>2025-11-29T05:14:51Z</time></trkpt><trkpt lat="35.4127088" lon="138.891215"><ele>989.2199999999999</ele><time>2025-11-29T05:15:05Z</time></trkpt><trkpt lat="35.4126035" lon="138.8910007"><ele>989.3833333333332</ele><time>2025-11-29T05:15:19Z</time></trkpt><trkpt lat="35.4124928" lon="138.890791"><ele>989.4833333333335</ele><time>2025-11-29T05:15:34Z</time></trkpt><trkpt lat="35.4123574" lon="138.8905858"><ele>989.5466666666666</ele><time>2025-11-29T05:15:48Z</time></trkpt><trkpt lat="35.4119845" lon="138.8903072"><ele>989.6700000000001</ele><time>2025-11-29T05:15:56Z</time></trkpt><trkpt lat="35.4122087" lon="138.890203"><ele>989.6966666666667</ele><time>2025-11-29T05:16:08Z</time></trkpt><trkpt lat="35.4121029" lon="138.8899718"><ele>989.6833333333334</ele><time>2025-11-29T05:16:22Z</time></trkpt><trkpt lat="35.4119896" lon="138.8897839"><ele>989.5433333333334</ele><time>2025-11-29T05:16:36Z</time></trkpt><trkpt lat="35.4118546" lon="138.8895902"><ele>989.5333333333333</ele><time>2025-11-29T05:16:50Z</time></trkpt><trkpt lat="35.4117545" lon="138.8893853"><ele>989.6166666666667</ele><time>2025-11-29T05:17:04Z</time></trkpt><trkpt lat="35.4116478" lon="138.8891886"><ele>990.0033333333334</ele><time>2025-11-29T05:17:18Z</time></trkpt><trkpt lat="35.4115152" lon="138.8889926"><ele>990.52</ele><time>2025-11-29T05:17:32Z</time></trkpt><trkpt lat="35.4114173" lon="138.888778"><ele>990.9566666666666</ele><time>2025-11-29T05:17:43Z</time></trkpt><trkpt lat="35.4113163" lon="138.8885906"><ele>990.9</ele><time>2025-11-29T05:17:55Z</time></trkpt><trkpt lat="35.4112115" lon="138.8884027"><ele>990.7966666666667</ele><time>2025-11-29T05:18:06Z</time></trkpt><trkpt lat="35.411111" lon="138.8881796"><ele>990.5799999999999</ele><time>2025-11-29T05:18:20Z</time></trkpt><trkpt lat="35.4109915" lon="138.8880113"><ele>990.7166666666667</ele><time>2025-11-29T05:18:34Z</time></trkpt><trkpt lat="35.410875" lon="138.8877978"><ele>990.9433333333333</ele><time>2025-11-29T05:18:48Z</time></trkpt><trkpt lat="35.4107625" lon="138.8876148"><ele>991.4466666666667</ele><time>2025-11-29T05:18:59Z</time></trkpt><trkpt lat="35.4106292" lon="138.8873955"><ele>992.19</ele><time>2025-11-29T05:19:13Z</time></trkpt><trkpt lat="35.4104808" lon="138.8871871"><ele>992.9000000000001</ele><time>2025-11-29T05:19:27Z</time></trkpt><trkpt lat="35.4103303" lon="138.8870315"><ele>993.2066666666666</ele><time>2025-11-29T05:19:41Z</time></trkpt><trkpt lat="35.4101611" lon="138.88686"><ele>993.2366666666667</ele><time>2025-11-29T05:19:56Z</time></trkpt><trkpt lat="35.4099797" lon="138.8867648"><ele>993.2266666666666</ele><time>2025-11-29T05:20:05Z</time></trkpt><trkpt lat="35.4098555" lon="138.8865494"><ele>992.8833333333333</ele><time>2025-11-29T05:20:22Z</time></trkpt><trkpt lat="35.409766" lon="138.8863409"><ele>992.0566666666667</ele><time>2025-11-29T05:20:40Z</time></trkpt><trkpt lat="35.4096011" lon="138.886151"><ele>991.1066666666667</ele><time>2025-11-29T05:20:51Z</time></trkpt><trkpt lat="35.4094877" lon="138.8859685"><ele>990.7566666666667</ele><time>2025-11-29T05:21:03Z</time></trkpt><trkpt lat="35.4093936" lon="138.8857758"><ele>991.0233333333334</ele><time>2025-11-29T05:21:14Z</time></trkpt><trkpt lat="35.4092901" lon="138.885563"><ele>991.3533333333335</ele><time>2025-11-29T05:21:28Z</time></trkpt><trkpt lat="35.4092138" lon="138.8853548"><ele>991.5733333333334</ele><time>2025-11-29T05:21:39Z</time></trkpt><trkpt lat="35.409109" lon="138.8851501"><ele>991.8233333333334</ele><time>2025-11-29T05:21:53Z</time></trkpt><trkpt lat="35.4089916" lon="138.884921"><ele>991.9433333333333</ele><time>2025-11-29T05:22:07Z</time></trkpt><trkpt lat="35.4089187" lon="138.8846858"><ele>992.3233333333333</ele><time>2025-11-29T05:22:21Z</time></trkpt><trkpt lat="35.4087954" lon="138.8844826"><ele>992.21</ele><time>2025-11-29T05:22:35Z</time></trkpt><trkpt lat="35.4087047" lon="138.8842479"><ele>991.8533333333334</ele><time>2025-11-29T05:22:49Z</time></trkpt><trkpt lat="35.4086065" lon="138.8839946"><ele>991.19</ele><time>2025-11-29T05:23:03Z</time></trkpt><trkpt lat="35.4085259" lon="138.8837867"><ele>990.7333333333335</ele><time>2025-11-29T05:23:14Z</time></trkpt><trkpt lat="35.4084476" lon="138.8835647"><ele>990.5266666666666</ele><time>2025-11-29T05:23:25Z</time></trkpt><trkpt lat="35.408405" lon="138.883346"><ele>990.4666666666668</ele><time>2025-11-29T05:23:43Z</time></trkpt><trkpt lat="35.4083286" lon="138.8830886"><ele>990.5133333333333</ele><time>2025-11-29T05:23:54Z</time></trkpt><trkpt lat="35.4082466" lon="138.8828811"><ele>991.18</ele><time>2025-11-29T05:24:05Z</time></trkpt><trkpt lat="35.4082019" lon="138.8826392"><ele>992.2766666666666</ele><time>2025-11-29T05:24:16Z</time></trkpt><trkpt lat="35.4081713" lon="138.8824196"><ele>993.0566666666667</ele><time>2025-11-29T05:24:32Z</time></trkpt><trkpt lat="35.4081325" lon="138.8821617"><ele>993.2933333333334</ele><time>2025-11-29T05:24:46Z</time></trkpt><trkpt lat="35.4082605" lon="138.882005"><ele>992.0933333333332</ele><time>2025-11-29T05:24:57Z</time></trkpt><trkpt lat="35.408207" lon="138.8817659"><ele>991.2199999999999</ele><time>2025-11-29T05:25:08Z</time></trkpt><trkpt lat="35.4081768" lon="138.881508"><ele>990.1566666666668</ele><time>2025-11-29T05:25:19Z</time></trkpt><trkpt lat="35.4081507" lon="138.8812576"><ele>990.0766666666667</ele><time>2025-11-29T05:25:33Z</time></trkpt><trkpt lat="35.4080157" lon="138.8814794"><ele>990.68</ele><time>2025-11-29T05:25:39Z</time></trkpt><trkpt lat="35.4081336" lon="138.881184"><ele>990.8866666666668</ele><time>2025-11-29T05:25:42Z</time></trkpt><trkpt lat="35.4081509" lon="138.8809339"><ele>990.8666666666668</ele><time>2025-11-29T05:25:50Z</time></trkpt><trkpt lat="35.4080889" lon="138.8807168"><ele>990.0433333333334</ele><time>2025-11-29T05:26:01Z</time></trkpt><trkpt lat="35.4080275" lon="138.8804601"><ele>989.7366666666667</ele><time>2025-11-29T05:26:15Z</time></trkpt><trkpt lat="35.408022" lon="138.8802239"><ele>989.6366666666667</ele><time>2025-11-29T05:26:28Z</time></trkpt><trkpt lat="35.4079633" lon="138.8799672"><ele>989.5233333333334</ele><time>2025-11-29T05:26:42Z</time></trkpt><trkpt lat="35.4080114" lon="138.879736"><ele>989.4233333333333</ele><time>2025-11-29T05:26:56Z</time></trkpt><trkpt lat="35.4079465" lon="138.8795226"><ele>989.3666666666667</ele><time>2025-11-29T05:27:07Z</time></trkpt><trkpt lat="35.4079215" lon="138.8792627"><ele>989.3766666666667</ele><time>2025-11-29T05:27:21Z</time></trkpt><trkpt lat="35.4079195" lon="138.8790044"><ele>989.4233333333335</ele><time>2025-11-29T05:27:35Z</time></trkpt><trkpt lat="35.4078972" lon="138.878785"><ele>989.4900000000001</ele><time>2025-11-29T05:27:47Z</time></trkpt><trkpt lat="35.4078931" lon="138.8785176"><ele>989.5733333333334</ele><time>2025-11-29T05:28:01Z</time></trkpt><trkpt lat="35.4079017" lon="138.8782614"><ele>989.8533333333334</ele><time>2025-11-29T05:28:14Z</time></trkpt><trkpt lat="35.4079179" lon="138.8780013"><ele>990.1466666666669</ele><time>2025-11-29T05:28:29Z</time></trkpt><trkpt lat="35.4079262" lon="138.8777531"><ele>990.5600000000001</ele><time>2025-11-29T05:28:45Z</time></trkpt><trkpt lat="35.4079364" lon="138.8775235"><ele>991.2766666666666</ele><time>2025-11-29T05:28:59Z</time></trkpt><trkpt lat="35.4079544" lon="138.8772465"><ele>991.3933333333334</ele><time>2025-11-29T05:29:13Z</time></trkpt><trkpt lat="35.4078694" lon="138.8770103"><ele>991.8233333333334</ele><time>2025-11-29T05:29:28Z</time></trkpt><trkpt lat="35.4079089" lon="138.8767935"><ele>991.3233333333334</ele><time>2025-11-29T05:29:36Z</time></trkpt><trkpt lat="35.4078415" lon="138.8765441"><ele>991.3633333333333</ele><time>2025-11-29T05:29:50Z</time></trkpt><trkpt lat="35.4077989" lon="138.8772753"><ele>991.7233333333334</ele><time>2025-11-29T05:30:05Z</time></trkpt><trkpt lat="35.4078198" lon="138.8769983"><ele>992.1333333333333</ele><time>2025-11-29T05:30:11Z</time></trkpt><trkpt lat="35.4074518" lon="138.8763898"><ele>993.1766666666666</ele><time>2025-11-29T05:30:14Z</time></trkpt></trkseg></trk></gpx>