<?xml version='1.0' encoding='UTF-8'?><gpx creator="YAMAP - https://yamap.com" xsi:schemaLocation="http://www.topografix.com/GPX/1/1 http://www.topografix.com/GPX/1/1/gpx.xsd" version="1.1" xmlns="http://www.topografix.com/GPX/1/1" xmlns:xsi="http://www.w3.org/2001/XMLSchema-instance"><metadata><bounds maxlat="35.8616702" maxlon="138.9845187" minlat="35.7795101" minlon="138.9427824"/></metadata><trk><name>雲取山</name><number>1</number><trkseg><trkpt lat="35.7797899" lon="138.984365"><ele>540.02</ele><time>2025-07-20T00:16:26Z</time></trkpt><trkpt lat="35.7802802" lon="138.9841552"><ele>546.53</ele><time>2025-07-20T00:16:31Z</time></trkpt><trkpt lat="35.7798992" lon="138.9843418"><ele>545.7133333333333</ele><time>2025-07-20T00:16:40Z</time></trkpt><trkpt lat="35.7800852" lon="138.9843251"><ele>548.09</ele><time>2025-07-20T00:17:58Z</time></trkpt><trkpt lat="35.7802584" lon="138.9843928"><ele>546.2733333333334</ele><time>2025-07-20T00:18:07Z</time></trkpt><trkpt lat="35.780427" lon="138.9845187"><ele>547.01</ele><time>2025-07-20T00:18:22Z</time></trkpt><trkpt lat="35.780566" lon="138.9843584"><ele>548.1700000000001</ele><time>2025-07-20T00:18:46Z</time></trkpt><trkpt lat="35.7804683" lon="138.9841558"><ele>551.46</ele><time>2025-07-20T00:19:06Z</time></trkpt><trkpt lat="35.7803025" lon="138.984004"><ele>555.1500000000001</ele><time>2025-07-20T00:19:24Z</time></trkpt><trkpt lat="35.7801406" lon="138.9838804"><ele>558.8133333333334</ele><time>2025-07-20T00:19:44Z</time></trkpt><trkpt lat="35.7799894" lon="138.9837267"><ele>562.0033333333333</ele><time>2025-07-20T00:20:08Z</time></trkpt><trkpt lat="35.7798265" lon="138.9835919"><ele>565.7033333333334</ele><time>2025-07-20T00:20:29Z</time></trkpt><trkpt lat="35.779672" lon="138.9834432"><ele>569.44</ele><time>2025-07-20T00:20:48Z</time></trkpt><trkpt lat="35.7796015" lon="138.9832198"><ele>573.84</ele><time>2025-07-20T00:21:05Z</time></trkpt><trkpt lat="35.7795452" lon="138.9829787"><ele>577.81</ele><time>2025-07-20T00:21:23Z</time></trkpt><trkpt lat="35.7795763" lon="138.9827382"><ele>582.4466666666666</ele><time>2025-07-20T00:21:50Z</time></trkpt><trkpt lat="35.7795525" lon="138.9825086"><ele>586.66</ele><time>2025-07-20T00:22:13Z</time></trkpt><trkpt lat="35.7795101" lon="138.9822721"><ele>588.5766666666667</ele><time>2025-07-20T00:22:39Z</time></trkpt><trkpt lat="35.7795284" lon="138.9820454"><ele>591.25</ele><time>2025-07-20T00:23:04Z</time></trkpt><trkpt lat="35.7796307" lon="138.9818569"><ele>594.32</ele><time>2025-07-20T00:23:28Z</time></trkpt><trkpt lat="35.779654" lon="138.9816312"><ele>598.2400000000001</ele><time>2025-07-20T00:23:50Z</time></trkpt><trkpt lat="35.7797153" lon="138.9813974"><ele>598.5566666666667</ele><time>2025-07-20T00:24:17Z</time></trkpt><trkpt lat="35.7798785" lon="138.9812507"><ele>599.7933333333334</ele><time>2025-07-20T00:24:40Z</time></trkpt><trkpt lat="35.780021" lon="138.9810797"><ele>603.5</ele><time>2025-07-20T00:25:03Z</time></trkpt><trkpt lat="35.7801013" lon="138.9808609"><ele>607.3433333333334</ele><time>2025-07-20T00:25:27Z</time></trkpt><trkpt lat="35.7802822" lon="138.9807464"><ele>610.0233333333334</ele><time>2025-07-20T00:25:51Z</time></trkpt><trkpt lat="35.7804567" lon="138.9806359"><ele>615.0300000000001</ele><time>2025-07-20T00:26:14Z</time></trkpt><trkpt lat="35.780578" lon="138.9804424"><ele>621.3333333333334</ele><time>2025-07-20T00:26:38Z</time></trkpt><trkpt lat="35.7807495" lon="138.9803263"><ele>625.87</ele><time>2025-07-20T00:27:04Z</time></trkpt><trkpt lat="35.7809364" lon="138.9803138"><ele>628.1800000000001</ele><time>2025-07-20T00:27:28Z</time></trkpt><trkpt lat="35.7811183" lon="138.9803259"><ele>630.38</ele><time>2025-07-20T00:27:43Z</time></trkpt><trkpt lat="35.7813079" lon="138.9802288"><ele>633.07</ele><time>2025-07-20T00:28:01Z</time></trkpt><trkpt lat="35.7814379" lon="138.9800697"><ele>635.0766666666667</ele><time>2025-07-20T00:28:18Z</time></trkpt><trkpt lat="35.7815143" lon="138.9798411"><ele>634.3266666666667</ele><time>2025-07-20T00:28:49Z</time></trkpt><trkpt lat="35.7816788" lon="138.9796922"><ele>633.3633333333333</ele><time>2025-07-20T00:29:16Z</time></trkpt><trkpt lat="35.7818377" lon="138.9795326"><ele>634.4366666666666</ele><time>2025-07-20T00:29:46Z</time></trkpt><trkpt lat="35.7820123" lon="138.9794661"><ele>639.7933333333334</ele><time>2025-07-20T00:30:19Z</time></trkpt><trkpt lat="35.7821946" lon="138.9794621"><ele>646.3600000000001</ele><time>2025-07-20T00:30:46Z</time></trkpt><trkpt lat="35.782399" lon="138.9795223"><ele>651.57</ele><time>2025-07-20T00:31:16Z</time></trkpt><trkpt lat="35.7825807" lon="138.9795071"><ele>656.1466666666666</ele><time>2025-07-20T00:31:46Z</time></trkpt><trkpt lat="35.7827661" lon="138.9794543"><ele>661.2466666666668</ele><time>2025-07-20T00:32:09Z</time></trkpt><trkpt lat="35.7829397" lon="138.9793746"><ele>669.8566666666667</ele><time>2025-07-20T00:32:28Z</time></trkpt><trkpt lat="35.783013" lon="138.9791446"><ele>673.79</ele><time>2025-07-20T00:32:46Z</time></trkpt><trkpt lat="35.7831781" lon="138.9790386"><ele>674.9933333333333</ele><time>2025-07-20T00:33:12Z</time></trkpt><trkpt lat="35.7833583" lon="138.9790463"><ele>672.8066666666667</ele><time>2025-07-20T00:33:55Z</time></trkpt><trkpt lat="35.7835256" lon="138.9791318"><ele>677.8000000000001</ele><time>2025-07-20T00:34:15Z</time></trkpt><trkpt lat="35.7836726" lon="138.978967"><ele>682.66</ele><time>2025-07-20T00:34:36Z</time></trkpt><trkpt lat="35.7838263" lon="138.9788037"><ele>687.4933333333333</ele><time>2025-07-20T00:35:01Z</time></trkpt><trkpt lat="35.7840134" lon="138.9787263"><ele>690.2800000000001</ele><time>2025-07-20T00:35:25Z</time></trkpt><trkpt lat="35.7842042" lon="138.9786568"><ele>695.3933333333334</ele><time>2025-07-20T00:35:50Z</time></trkpt><trkpt lat="35.7843509" lon="138.9784774"><ele>698.6133333333333</ele><time>2025-07-20T00:36:15Z</time></trkpt><trkpt lat="35.7844959" lon="138.9783328"><ele>697.7433333333333</ele><time>2025-07-20T00:36:41Z</time></trkpt><trkpt lat="35.7846808" lon="138.9783794"><ele>698.88</ele><time>2025-07-20T00:37:04Z</time></trkpt><trkpt lat="35.7848737" lon="138.9782995"><ele>700.8033333333333</ele><time>2025-07-20T00:37:22Z</time></trkpt><trkpt lat="35.785033" lon="138.9781764"><ele>707.3000000000001</ele><time>2025-07-20T00:37:48Z</time></trkpt><trkpt lat="35.7852187" lon="138.978085"><ele>710.5266666666666</ele><time>2025-07-20T00:38:19Z</time></trkpt><trkpt lat="35.7853784" lon="138.9779304"><ele>715.41</ele><time>2025-07-20T00:38:43Z</time></trkpt><trkpt lat="35.7855389" lon="138.9777897"><ele>717.3666666666667</ele><time>2025-07-20T00:39:10Z</time></trkpt><trkpt lat="35.7857194" lon="138.9776925"><ele>720.0100000000001</ele><time>2025-07-20T00:39:43Z</time></trkpt><trkpt lat="35.7859043" lon="138.9775732"><ele>723.8866666666668</ele><time>2025-07-20T00:40:01Z</time></trkpt><trkpt lat="35.786035" lon="138.9773835"><ele>730.5866666666667</ele><time>2025-07-20T00:40:43Z</time></trkpt><trkpt lat="35.7861328" lon="138.9771595"><ele>736.7733333333334</ele><time>2025-07-20T00:41:01Z</time></trkpt><trkpt lat="35.7862678" lon="138.9769948"><ele>740.2766666666666</ele><time>2025-07-20T00:41:22Z</time></trkpt><trkpt lat="35.7864063" lon="138.9768284"><ele>741.9699999999999</ele><time>2025-07-20T00:41:40Z</time></trkpt><trkpt lat="35.7865252" lon="138.9766573"><ele>743.9433333333333</ele><time>2025-07-20T00:41:58Z</time></trkpt><trkpt lat="35.7866788" lon="138.9765047"><ele>747.4333333333334</ele><time>2025-07-20T00:42:18Z</time></trkpt><trkpt lat="35.7868396" lon="138.9763671"><ele>751.5499999999998</ele><time>2025-07-20T00:42:39Z</time></trkpt><trkpt lat="35.7870282" lon="138.9763158"><ele>755.5733333333334</ele><time>2025-07-20T00:43:01Z</time></trkpt><trkpt lat="35.7871914" lon="138.9761619"><ele>759.0133333333333</ele><time>2025-07-20T00:43:22Z</time></trkpt><trkpt lat="35.787329" lon="138.9760018"><ele>762.7400000000001</ele><time>2025-07-20T00:43:40Z</time></trkpt><trkpt lat="35.7874994" lon="138.9758924"><ele>765.3833333333333</ele><time>2025-07-20T00:44:01Z</time></trkpt><trkpt lat="35.7876425" lon="138.9757573"><ele>767.3766666666667</ele><time>2025-07-20T00:44:19Z</time></trkpt><trkpt lat="35.7878914" lon="138.975738"><ele>765.3466666666667</ele><time>2025-07-20T00:44:49Z</time></trkpt><trkpt lat="35.788007" lon="138.9755664"><ele>764.7633333333333</ele><time>2025-07-20T00:45:13Z</time></trkpt><trkpt lat="35.7881125" lon="138.9753841"><ele>763.8966666666666</ele><time>2025-07-20T00:45:37Z</time></trkpt><trkpt lat="35.7882109" lon="138.9751845"><ele>766.9233333333333</ele><time>2025-07-20T00:45:58Z</time></trkpt><trkpt lat="35.7883591" lon="138.9750033"><ele>769.3333333333334</ele><time>2025-07-20T00:46:24Z</time></trkpt><trkpt lat="35.7885507" lon="138.974816"><ele>775.8233333333334</ele><time>2025-07-20T00:47:04Z</time></trkpt><trkpt lat="35.7886947" lon="138.974681"><ele>782.1700000000001</ele><time>2025-07-20T00:47:28Z</time></trkpt><trkpt lat="35.7888414" lon="138.9745461"><ele>789.6500000000001</ele><time>2025-07-20T00:48:10Z</time></trkpt><trkpt lat="35.788909" lon="138.9743306"><ele>794.21</ele><time>2025-07-20T00:48:24Z</time></trkpt><trkpt lat="35.7890527" lon="138.974172"><ele>797.7766666666666</ele><time>2025-07-20T00:48:41Z</time></trkpt><trkpt lat="35.7891843" lon="138.9739994"><ele>801.6566666666668</ele><time>2025-07-20T00:49:03Z</time></trkpt><trkpt lat="35.7893238" lon="138.973814"><ele>807.7400000000001</ele><time>2025-07-20T00:49:33Z</time></trkpt><trkpt lat="35.7895195" lon="138.9737829"><ele>814.2333333333335</ele><time>2025-07-20T00:50:09Z</time></trkpt><trkpt lat="35.7897182" lon="138.9737245"><ele>817.1633333333333</ele><time>2025-07-20T00:50:30Z</time></trkpt><trkpt lat="35.7899331" lon="138.9735984"><ele>819.0866666666667</ele><time>2025-07-20T00:51:00Z</time></trkpt><trkpt lat="35.7901191" lon="138.9736271"><ele>818.2933333333334</ele><time>2025-07-20T00:51:18Z</time></trkpt><trkpt lat="35.7903304" lon="138.9736058"><ele>820.9933333333333</ele><time>2025-07-20T00:51:45Z</time></trkpt><trkpt lat="35.7905165" lon="138.9735105"><ele>822.7566666666667</ele><time>2025-07-20T00:52:06Z</time></trkpt><trkpt lat="35.7906836" lon="138.9733841"><ele>826.4633333333333</ele><time>2025-07-20T00:52:24Z</time></trkpt><trkpt lat="35.7908449" lon="138.9732337"><ele>828.9933333333333</ele><time>2025-07-20T00:52:51Z</time></trkpt><trkpt lat="35.7910105" lon="138.9730687"><ele>830.0066666666667</ele><time>2025-07-20T00:53:09Z</time></trkpt><trkpt lat="35.7911302" lon="138.9728918"><ele>831.5333333333334</ele><time>2025-07-20T00:53:27Z</time></trkpt><trkpt lat="35.7912671" lon="138.9727324"><ele>832.8466666666667</ele><time>2025-07-20T00:53:45Z</time></trkpt><trkpt lat="35.7914951" lon="138.9727308"><ele>833.4833333333332</ele><time>2025-07-20T00:54:09Z</time></trkpt><trkpt lat="35.7916685" lon="138.9728104"><ele>835.6033333333334</ele><time>2025-07-20T00:54:24Z</time></trkpt><trkpt lat="35.791794" lon="138.9729926"><ele>837.1366666666667</ele><time>2025-07-20T00:54:48Z</time></trkpt><trkpt lat="35.7919124" lon="138.9728017"><ele>844.35</ele><time>2025-07-20T00:55:05Z</time></trkpt><trkpt lat="35.7920568" lon="138.9729891"><ele>848.1866666666666</ele><time>2025-07-20T00:55:24Z</time></trkpt><trkpt lat="35.7922067" lon="138.9731689"><ele>851.0733333333333</ele><time>2025-07-20T00:55:45Z</time></trkpt><trkpt lat="35.7923472" lon="138.9733153"><ele>848.34</ele><time>2025-07-20T00:56:12Z</time></trkpt><trkpt lat="35.7924559" lon="138.973492"><ele>845.39</ele><time>2025-07-20T00:56:30Z</time></trkpt><trkpt lat="35.7926412" lon="138.9735765"><ele>846.3400000000001</ele><time>2025-07-20T00:56:54Z</time></trkpt><trkpt lat="35.7927742" lon="138.9737624"><ele>846.8566666666667</ele><time>2025-07-20T00:57:24Z</time></trkpt><trkpt lat="35.7929502" lon="138.9737046"><ele>848.7466666666666</ele><time>2025-07-20T00:57:45Z</time></trkpt><trkpt lat="35.7929937" lon="138.973466"><ele>848.3133333333334</ele><time>2025-07-20T00:58:12Z</time></trkpt><trkpt lat="35.7929883" lon="138.9732353"><ele>849.2033333333334</ele><time>2025-07-20T00:58:30Z</time></trkpt><trkpt lat="35.793045" lon="138.9729894"><ele>852.7533333333334</ele><time>2025-07-20T00:58:48Z</time></trkpt><trkpt lat="35.7932278" lon="138.9728833"><ele>856.4833333333335</ele><time>2025-07-20T00:59:12Z</time></trkpt><trkpt lat="35.7934077" lon="138.9728421"><ele>860.1233333333333</ele><time>2025-07-20T00:59:33Z</time></trkpt><trkpt lat="35.7935513" lon="138.9726716"><ele>861.2433333333333</ele><time>2025-07-20T01:00:16Z</time></trkpt><trkpt lat="35.7935676" lon="138.9724056"><ele>865.0366666666665</ele><time>2025-07-20T01:00:31Z</time></trkpt><trkpt lat="35.7937097" lon="138.9722603"><ele>868.9666666666666</ele><time>2025-07-20T01:00:45Z</time></trkpt><trkpt lat="35.7939061" lon="138.9722326"><ele>872.27</ele><time>2025-07-20T01:01:03Z</time></trkpt><trkpt lat="35.7940045" lon="138.9720297"><ele>873.4266666666666</ele><time>2025-07-20T01:01:25Z</time></trkpt><trkpt lat="35.7941137" lon="138.9718168"><ele>873.8566666666667</ele><time>2025-07-20T01:01:46Z</time></trkpt><trkpt lat="35.7941932" lon="138.9716077"><ele>878.2333333333335</ele><time>2025-07-20T01:02:04Z</time></trkpt><trkpt lat="35.7943748" lon="138.9715723"><ele>877.1100000000001</ele><time>2025-07-20T01:02:25Z</time></trkpt><trkpt lat="35.7945326" lon="138.9714555"><ele>876.9166666666666</ele><time>2025-07-20T01:02:45Z</time></trkpt><trkpt lat="35.7946608" lon="138.9712305"><ele>874.56</ele><time>2025-07-20T01:03:07Z</time></trkpt><trkpt lat="35.794832" lon="138.9710876"><ele>877.9000000000001</ele><time>2025-07-20T01:03:31Z</time></trkpt><trkpt lat="35.7950294" lon="138.9711088"><ele>881.6366666666667</ele><time>2025-07-20T01:03:49Z</time></trkpt><trkpt lat="35.7952009" lon="138.9712339"><ele>884.9833333333332</ele><time>2025-07-20T01:04:10Z</time></trkpt><trkpt lat="35.7953392" lon="138.9714142"><ele>885.9133333333334</ele><time>2025-07-20T01:04:31Z</time></trkpt><trkpt lat="35.795528" lon="138.9714738"><ele>885.4899999999999</ele><time>2025-07-20T01:04:49Z</time></trkpt><trkpt lat="35.7957171" lon="138.9715261"><ele>885.6966666666667</ele><time>2025-07-20T01:05:16Z</time></trkpt><trkpt lat="35.7958663" lon="138.9714003"><ele>889.9266666666667</ele><time>2025-07-20T01:05:28Z</time></trkpt><trkpt lat="35.7960588" lon="138.9712856"><ele>897.98</ele><time>2025-07-20T01:05:49Z</time></trkpt><trkpt lat="35.7962377" lon="138.9712318"><ele>902.8033333333333</ele><time>2025-07-20T01:06:19Z</time></trkpt><trkpt lat="35.7964051" lon="138.9711419"><ele>905.3833333333333</ele><time>2025-07-20T01:06:36Z</time></trkpt><trkpt lat="35.7966413" lon="138.9711862"><ele>904.5</ele><time>2025-07-20T01:07:06Z</time></trkpt><trkpt lat="35.7968365" lon="138.9712001"><ele>907.9266666666666</ele><time>2025-07-20T01:07:22Z</time></trkpt><trkpt lat="35.7970329" lon="138.9711912"><ele>911.0233333333334</ele><time>2025-07-20T01:07:58Z</time></trkpt><trkpt lat="35.7972084" lon="138.9711358"><ele>913.9500000000002</ele><time>2025-07-20T01:09:16Z</time></trkpt><trkpt lat="35.7972708" lon="138.9709155"><ele>918.6733333333335</ele><time>2025-07-20T01:09:46Z</time></trkpt><trkpt lat="35.7973561" lon="138.9707165"><ele>923.9166666666666</ele><time>2025-07-20T01:10:13Z</time></trkpt><trkpt lat="35.7973588" lon="138.9704768"><ele>932.9633333333335</ele><time>2025-07-20T01:10:43Z</time></trkpt><trkpt lat="35.7974606" lon="138.970262"><ele>939.1166666666667</ele><time>2025-07-20T01:11:19Z</time></trkpt><trkpt lat="35.797506" lon="138.9700368"><ele>943.8566666666667</ele><time>2025-07-20T01:11:34Z</time></trkpt><trkpt lat="35.7975561" lon="138.9697668"><ele>946.7866666666667</ele><time>2025-07-20T01:12:10Z</time></trkpt><trkpt lat="35.7976835" lon="138.9695934"><ele>947.2400000000001</ele><time>2025-07-20T01:12:31Z</time></trkpt><trkpt lat="35.7978718" lon="138.9695052"><ele>948.4166666666666</ele><time>2025-07-20T01:12:55Z</time></trkpt><trkpt lat="35.7980973" lon="138.9695539"><ele>947.5</ele><time>2025-07-20T01:13:25Z</time></trkpt><trkpt lat="35.7981609" lon="138.9692894"><ele>951.3966666666666</ele><time>2025-07-20T01:13:55Z</time></trkpt><trkpt lat="35.7983287" lon="138.9691695"><ele>953.3833333333333</ele><time>2025-07-20T01:14:13Z</time></trkpt><trkpt lat="35.7985455" lon="138.9689592"><ele>957.1833333333334</ele><time>2025-07-20T01:14:45Z</time></trkpt><trkpt lat="35.7987201" lon="138.9689029"><ele>958.0</ele><time>2025-07-20T01:15:18Z</time></trkpt><trkpt lat="35.7989092" lon="138.9689045"><ele>960.6066666666667</ele><time>2025-07-20T01:15:40Z</time></trkpt><trkpt lat="35.799049" lon="138.9686259"><ele>965.5133333333333</ele><time>2025-07-20T01:16:25Z</time></trkpt><trkpt lat="35.7991853" lon="138.9684622"><ele>970.3633333333333</ele><time>2025-07-20T01:16:46Z</time></trkpt><trkpt lat="35.7992891" lon="138.9682662"><ele>976.6166666666667</ele><time>2025-07-20T01:17:13Z</time></trkpt><trkpt lat="35.7994485" lon="138.9680836"><ele>976.7833333333333</ele><time>2025-07-20T01:17:40Z</time></trkpt><trkpt lat="35.7996476" lon="138.9678518"><ele>976.6666666666666</ele><time>2025-07-20T01:18:19Z</time></trkpt><trkpt lat="35.7997484" lon="138.9676432"><ele>976.9500000000002</ele><time>2025-07-20T01:18:43Z</time></trkpt><trkpt lat="35.7998377" lon="138.9674346"><ele>982.23</ele><time>2025-07-20T01:19:01Z</time></trkpt><trkpt lat="35.7999751" lon="138.967275"><ele>986.04</ele><time>2025-07-20T01:19:22Z</time></trkpt><trkpt lat="35.8001524" lon="138.9672266"><ele>987.5733333333334</ele><time>2025-07-20T01:19:43Z</time></trkpt><trkpt lat="35.8003675" lon="138.9672103"><ele>988.4933333333333</ele><time>2025-07-20T01:20:01Z</time></trkpt><trkpt lat="35.8005426" lon="138.967297"><ele>991.4966666666666</ele><time>2025-07-20T01:20:19Z</time></trkpt><trkpt lat="35.8006851" lon="138.9674512"><ele>993.6066666666667</ele><time>2025-07-20T01:20:43Z</time></trkpt><trkpt lat="35.800867" lon="138.9675379"><ele>996.8733333333333</ele><time>2025-07-20T01:21:37Z</time></trkpt><trkpt lat="35.8009393" lon="138.9677429"><ele>1000.5066666666668</ele><time>2025-07-20T01:21:55Z</time></trkpt><trkpt lat="35.8010382" lon="138.9679566"><ele>1005.8466666666667</ele><time>2025-07-20T01:22:21Z</time></trkpt><trkpt lat="35.8011908" lon="138.9680863"><ele>1009.11</ele><time>2025-07-20T01:22:41Z</time></trkpt><trkpt lat="35.8013761" lon="138.9682266"><ele>1010.3766666666667</ele><time>2025-07-20T01:23:13Z</time></trkpt><trkpt lat="35.8015465" lon="138.9683576"><ele>1010.7066666666666</ele><time>2025-07-20T01:23:28Z</time></trkpt><trkpt lat="35.8017308" lon="138.9683123"><ele>1009.5066666666667</ele><time>2025-07-20T01:24:04Z</time></trkpt><trkpt lat="35.8019236" lon="138.9682338"><ele>1010.2933333333334</ele><time>2025-07-20T01:24:35Z</time></trkpt><trkpt lat="35.8021174" lon="138.9681973"><ele>1013.98</ele><time>2025-07-20T01:24:51Z</time></trkpt><trkpt lat="35.8023182" lon="138.968265"><ele>1019.1866666666666</ele><time>2025-07-20T01:25:16Z</time></trkpt><trkpt lat="35.8025118" lon="138.9682957"><ele>1026.55</ele><time>2025-07-20T01:25:37Z</time></trkpt><trkpt lat="35.8027199" lon="138.9682748"><ele>1033.0433333333333</ele><time>2025-07-20T01:26:04Z</time></trkpt><trkpt lat="35.802905" lon="138.9681996"><ele>1039.97</ele><time>2025-07-20T01:26:40Z</time></trkpt><trkpt lat="35.8030815" lon="138.9682831"><ele>1042.0933333333332</ele><time>2025-07-20T01:27:10Z</time></trkpt><trkpt lat="35.803268" lon="138.9681742"><ele>1042.5166666666667</ele><time>2025-07-20T01:27:46Z</time></trkpt><trkpt lat="35.8034319" lon="138.9680259"><ele>1041.8366666666668</ele><time>2025-07-20T01:28:04Z</time></trkpt><trkpt lat="35.8036237" lon="138.9678454"><ele>1042.9566666666667</ele><time>2025-07-20T01:28:28Z</time></trkpt><trkpt lat="35.8038235" lon="138.9677668"><ele>1044.8033333333333</ele><time>2025-07-20T01:28:58Z</time></trkpt><trkpt lat="35.8039256" lon="138.9675823"><ele>1047.7233333333334</ele><time>2025-07-20T01:29:19Z</time></trkpt><trkpt lat="35.8040586" lon="138.9674205"><ele>1050.7633333333333</ele><time>2025-07-20T01:29:34Z</time></trkpt><trkpt lat="35.8041283" lon="138.9671861"><ele>1053.2166666666665</ele><time>2025-07-20T01:29:55Z</time></trkpt><trkpt lat="35.8042121" lon="138.9669772"><ele>1055.6066666666668</ele><time>2025-07-20T01:30:19Z</time></trkpt><trkpt lat="35.8043069" lon="138.9667884"><ele>1058.2366666666667</ele><time>2025-07-20T01:30:37Z</time></trkpt><trkpt lat="35.8045138" lon="138.9668031"><ele>1060.7733333333333</ele><time>2025-07-20T01:31:03Z</time></trkpt><trkpt lat="35.8046997" lon="138.9668407"><ele>1061.8566666666668</ele><time>2025-07-20T01:31:31Z</time></trkpt><trkpt lat="35.8049112" lon="138.9668089"><ele>1065.6266666666668</ele><time>2025-07-20T01:32:07Z</time></trkpt><trkpt lat="35.805136" lon="138.9668733"><ele>1069.8400000000001</ele><time>2025-07-20T01:32:46Z</time></trkpt><trkpt lat="35.8053276" lon="138.9669553"><ele>1074.68</ele><time>2025-07-20T01:33:06Z</time></trkpt><trkpt lat="35.8055179" lon="138.9669028"><ele>1078.71</ele><time>2025-07-20T01:33:30Z</time></trkpt><trkpt lat="35.8056825" lon="138.9667575"><ele>1082.7666666666667</ele><time>2025-07-20T01:33:55Z</time></trkpt><trkpt lat="35.8058643" lon="138.9667491"><ele>1086.12</ele><time>2025-07-20T01:34:19Z</time></trkpt><trkpt lat="35.8060674" lon="138.9667375"><ele>1086.7233333333334</ele><time>2025-07-20T01:34:40Z</time></trkpt><trkpt lat="35.8062533" lon="138.9667422"><ele>1086.9966666666667</ele><time>2025-07-20T01:34:52Z</time></trkpt><trkpt lat="35.8064927" lon="138.9669134"><ele>1087.1766666666667</ele><time>2025-07-20T01:35:22Z</time></trkpt><trkpt lat="35.8065798" lon="138.9671076"><ele>1088.0733333333335</ele><time>2025-07-20T01:36:18Z</time></trkpt><trkpt lat="35.8067597" lon="138.9673183"><ele>1092.07</ele><time>2025-07-20T01:36:58Z</time></trkpt><trkpt lat="35.8069473" lon="138.9673764"><ele>1097.8366666666668</ele><time>2025-07-20T01:37:28Z</time></trkpt><trkpt lat="35.8071158" lon="138.9675081"><ele>1104.76</ele><time>2025-07-20T01:37:55Z</time></trkpt><trkpt lat="35.8072872" lon="138.96758"><ele>1106.9399999999998</ele><time>2025-07-20T01:38:49Z</time></trkpt><trkpt lat="35.8074701" lon="138.9674649"><ele>1110.3633333333335</ele><time>2025-07-20T01:38:58Z</time></trkpt><trkpt lat="35.8076652" lon="138.9674267"><ele>1114.25</ele><time>2025-07-20T01:39:22Z</time></trkpt><trkpt lat="35.8079131" lon="138.9674767"><ele>1119.82</ele><time>2025-07-20T01:39:58Z</time></trkpt><trkpt lat="35.808097" lon="138.9675012"><ele>1123.3933333333334</ele><time>2025-07-20T01:40:19Z</time></trkpt><trkpt lat="35.8081948" lon="138.9672824"><ele>1127.4933333333336</ele><time>2025-07-20T01:41:46Z</time></trkpt><trkpt lat="35.8083464" lon="138.9671426"><ele>1131.9366666666667</ele><time>2025-07-20T01:42:07Z</time></trkpt><trkpt lat="35.8085508" lon="138.9671286"><ele>1133.2833333333333</ele><time>2025-07-20T01:42:31Z</time></trkpt><trkpt lat="35.8087488" lon="138.9671041"><ele>1131.8666666666668</ele><time>2025-07-20T01:42:49Z</time></trkpt><trkpt lat="35.8089468" lon="138.9670739"><ele>1131.1966666666667</ele><time>2025-07-20T01:43:12Z</time></trkpt><trkpt lat="35.8090874" lon="138.9669246"><ele>1133.5400000000002</ele><time>2025-07-20T01:43:36Z</time></trkpt><trkpt lat="35.8092843" lon="138.9668216"><ele>1137.8500000000001</ele><time>2025-07-20T01:44:01Z</time></trkpt><trkpt lat="35.8094703" lon="138.9668639"><ele>1139.5866666666668</ele><time>2025-07-20T01:44:28Z</time></trkpt><trkpt lat="35.8096008" lon="138.9670377"><ele>1140.72</ele><time>2025-07-20T01:44:52Z</time></trkpt><trkpt lat="35.8097832" lon="138.9671291"><ele>1141.82</ele><time>2025-07-20T01:45:31Z</time></trkpt><trkpt lat="35.8099555" lon="138.9672439"><ele>1147.8500000000001</ele><time>2025-07-20T01:45:55Z</time></trkpt><trkpt lat="35.8100652" lon="138.9674321"><ele>1153.7433333333333</ele><time>2025-07-20T01:46:22Z</time></trkpt><trkpt lat="35.810263" lon="138.9674652"><ele>1160.9666666666665</ele><time>2025-07-20T01:46:46Z</time></trkpt><trkpt lat="35.8104544" lon="138.9675188"><ele>1167.4533333333336</ele><time>2025-07-20T01:47:22Z</time></trkpt><trkpt lat="35.8106308" lon="138.9675825"><ele>1173.54</ele><time>2025-07-20T01:47:52Z</time></trkpt><trkpt lat="35.8108094" lon="138.9676152"><ele>1177.1499999999999</ele><time>2025-07-20T01:48:19Z</time></trkpt><trkpt lat="35.8110062" lon="138.9676536"><ele>1180.84</ele><time>2025-07-20T01:48:46Z</time></trkpt><trkpt lat="35.8111756" lon="138.9677915"><ele>1182.5433333333333</ele><time>2025-07-20T01:49:25Z</time></trkpt><trkpt lat="35.8113209" lon="138.9676382"><ele>1187.7633333333333</ele><time>2025-07-20T01:49:55Z</time></trkpt><trkpt lat="35.8115151" lon="138.9676973"><ele>1189.0966666666666</ele><time>2025-07-20T01:50:18Z</time></trkpt><trkpt lat="35.8116912" lon="138.9678041"><ele>1190.4333333333334</ele><time>2025-07-20T01:50:36Z</time></trkpt><trkpt lat="35.8118357" lon="138.9676531"><ele>1191.0833333333333</ele><time>2025-07-20T01:51:03Z</time></trkpt><trkpt lat="35.8120015" lon="138.9675619"><ele>1193.1466666666668</ele><time>2025-07-20T01:51:27Z</time></trkpt><trkpt lat="35.8122323" lon="138.9674192"><ele>1199.2</ele><time>2025-07-20T01:52:00Z</time></trkpt><trkpt lat="35.8124104" lon="138.9673383"><ele>1202.19</ele><time>2025-07-20T01:52:23Z</time></trkpt><trkpt lat="35.8126912" lon="138.9674381"><ele>1203.3466666666666</ele><time>2025-07-20T01:53:03Z</time></trkpt><trkpt lat="35.8129312" lon="138.9676225"><ele>1204.3166666666668</ele><time>2025-07-20T01:53:39Z</time></trkpt><trkpt lat="35.8131266" lon="138.9676655"><ele>1206.8133333333335</ele><time>2025-07-20T01:54:10Z</time></trkpt><trkpt lat="35.8132651" lon="138.9675183"><ele>1212.44</ele><time>2025-07-20T01:54:50Z</time></trkpt><trkpt lat="35.8133988" lon="138.9673559"><ele>1216.7433333333336</ele><time>2025-07-20T01:55:20Z</time></trkpt><trkpt lat="35.8135297" lon="138.9671791"><ele>1221.1566666666668</ele><time>2025-07-20T01:55:44Z</time></trkpt><trkpt lat="35.8136396" lon="138.9669898"><ele>1225.1733333333334</ele><time>2025-07-20T01:56:11Z</time></trkpt><trkpt lat="35.8138255" lon="138.9669446"><ele>1228.2633333333333</ele><time>2025-07-20T01:56:35Z</time></trkpt><trkpt lat="35.8140523" lon="138.9669568"><ele>1229.2033333333331</ele><time>2025-07-20T01:57:26Z</time></trkpt><trkpt lat="35.8142438" lon="138.9669385"><ele>1229.9133333333332</ele><time>2025-07-20T01:57:47Z</time></trkpt><trkpt lat="35.8144276" lon="138.966985"><ele>1234.05</ele><time>2025-07-20T01:58:20Z</time></trkpt><trkpt lat="35.8146184" lon="138.9670274"><ele>1239.1233333333332</ele><time>2025-07-20T01:58:38Z</time></trkpt><trkpt lat="35.8148032" lon="138.9670622"><ele>1243.3066666666666</ele><time>2025-07-20T01:58:59Z</time></trkpt><trkpt lat="35.8149902" lon="138.96705"><ele>1244.8633333333335</ele><time>2025-07-20T01:59:44Z</time></trkpt><trkpt lat="35.8151884" lon="138.9670492"><ele>1245.6499999999999</ele><time>2025-07-20T02:00:02Z</time></trkpt><trkpt lat="35.8153624" lon="138.9669898"><ele>1247.506666666667</ele><time>2025-07-20T02:00:26Z</time></trkpt><trkpt lat="35.8155777" lon="138.9670287"><ele>1248.4733333333334</ele><time>2025-07-20T02:00:59Z</time></trkpt><trkpt lat="35.8157809" lon="138.9671061"><ele>1249.1233333333334</ele><time>2025-07-20T02:01:32Z</time></trkpt><trkpt lat="35.8159812" lon="138.967082"><ele>1250.2733333333333</ele><time>2025-07-20T02:01:56Z</time></trkpt><trkpt lat="35.8161843" lon="138.9670073"><ele>1253.3966666666668</ele><time>2025-07-20T02:02:23Z</time></trkpt><trkpt lat="35.8163805" lon="138.9669815"><ele>1257.5633333333333</ele><time>2025-07-20T02:02:41Z</time></trkpt><trkpt lat="35.8165573" lon="138.966917"><ele>1259.8666666666668</ele><time>2025-07-20T02:02:56Z</time></trkpt><trkpt lat="35.816764" lon="138.9669357"><ele>1261.0733333333335</ele><time>2025-07-20T02:03:17Z</time></trkpt><trkpt lat="35.8169581" lon="138.9669198"><ele>1262.2066666666667</ele><time>2025-07-20T02:03:35Z</time></trkpt><trkpt lat="35.8171417" lon="138.9668693"><ele>1263.6466666666668</ele><time>2025-07-20T02:03:59Z</time></trkpt><trkpt lat="35.8173252" lon="138.9668266"><ele>1265.4399999999998</ele><time>2025-07-20T02:04:35Z</time></trkpt><trkpt lat="35.817542" lon="138.9667947"><ele>1267.6866666666667</ele><time>2025-07-20T02:05:32Z</time></trkpt><trkpt lat="35.8173694" lon="138.9669026"><ele>1267.9066666666668</ele><time>2025-07-20T02:07:29Z</time></trkpt><trkpt lat="35.8174999" lon="138.9667498"><ele>1268.9333333333334</ele><time>2025-07-20T02:10:26Z</time></trkpt><trkpt lat="35.817687" lon="138.9667281"><ele>1269.7733333333335</ele><time>2025-07-20T02:13:22Z</time></trkpt><trkpt lat="35.8178836" lon="138.9667702"><ele>1272.9333333333334</ele><time>2025-07-20T02:13:46Z</time></trkpt><trkpt lat="35.8180673" lon="138.966787"><ele>1275.3500000000001</ele><time>2025-07-20T02:14:10Z</time></trkpt><trkpt lat="35.818256" lon="138.9667884"><ele>1277.4099999999999</ele><time>2025-07-20T02:14:37Z</time></trkpt><trkpt lat="35.8184385" lon="138.9667739"><ele>1278.9266666666665</ele><time>2025-07-20T02:15:01Z</time></trkpt><trkpt lat="35.8186251" lon="138.9668071"><ele>1280.1466666666665</ele><time>2025-07-20T02:15:24Z</time></trkpt><trkpt lat="35.8188313" lon="138.9668406"><ele>1280.77</ele><time>2025-07-20T02:15:43Z</time></trkpt><trkpt lat="35.819016" lon="138.9668332"><ele>1282.42</ele><time>2025-07-20T02:16:01Z</time></trkpt><trkpt lat="35.8192094" lon="138.9668281"><ele>1285.21</ele><time>2025-07-20T02:16:16Z</time></trkpt><trkpt lat="35.8193785" lon="138.966966"><ele>1287.77</ele><time>2025-07-20T02:16:40Z</time></trkpt><trkpt lat="35.8195535" lon="138.9670374"><ele>1290.2033333333331</ele><time>2025-07-20T02:17:01Z</time></trkpt><trkpt lat="35.8197292" lon="138.9671216"><ele>1291.8466666666666</ele><time>2025-07-20T02:17:34Z</time></trkpt><trkpt lat="35.819934" lon="138.9671401"><ele>1295.3466666666666</ele><time>2025-07-20T02:18:07Z</time></trkpt><trkpt lat="35.8201195" lon="138.9671213"><ele>1301.07</ele><time>2025-07-20T02:18:31Z</time></trkpt><trkpt lat="35.8203417" lon="138.9670992"><ele>1309.6133333333335</ele><time>2025-07-20T02:19:06Z</time></trkpt><trkpt lat="35.82052" lon="138.9670461"><ele>1318.71</ele><time>2025-07-20T02:19:31Z</time></trkpt><trkpt lat="35.8207096" lon="138.9670163"><ele>1327.66</ele><time>2025-07-20T02:20:07Z</time></trkpt><trkpt lat="35.8208821" lon="138.966894"><ele>1334.746666666667</ele><time>2025-07-20T02:20:46Z</time></trkpt><trkpt lat="35.8209999" lon="138.9667167"><ele>1338.3966666666665</ele><time>2025-07-20T02:21:16Z</time></trkpt><trkpt lat="35.82117" lon="138.96664"><ele>1340.6433333333334</ele><time>2025-07-20T02:21:43Z</time></trkpt><trkpt lat="35.8213499" lon="138.9665722"><ele>1341.7633333333333</ele><time>2025-07-20T02:22:13Z</time></trkpt><trkpt lat="35.8215315" lon="138.9665471"><ele>1346.5900000000001</ele><time>2025-07-20T02:22:46Z</time></trkpt><trkpt lat="35.8215423" lon="138.9667686"><ele>1352.8833333333334</ele><time>2025-07-20T02:24:58Z</time></trkpt><trkpt lat="35.8216183" lon="138.9669807"><ele>1360.0366666666666</ele><time>2025-07-20T02:25:40Z</time></trkpt><trkpt lat="35.8218519" lon="138.9670664"><ele>1368.1666666666667</ele><time>2025-07-20T02:26:40Z</time></trkpt><trkpt lat="35.8220212" lon="138.9671445"><ele>1373.8833333333332</ele><time>2025-07-20T02:27:10Z</time></trkpt><trkpt lat="35.8222357" lon="138.967117"><ele>1380.04</ele><time>2025-07-20T02:27:55Z</time></trkpt><trkpt lat="35.8224249" lon="138.9671232"><ele>1385.7333333333336</ele><time>2025-07-20T02:28:58Z</time></trkpt><trkpt lat="35.8226121" lon="138.9671438"><ele>1391.506666666667</ele><time>2025-07-20T02:29:43Z</time></trkpt><trkpt lat="35.8227901" lon="138.967097"><ele>1395.5933333333335</ele><time>2025-07-20T02:30:31Z</time></trkpt><trkpt lat="35.8230336" lon="138.9670033"><ele>1400.2266666666667</ele><time>2025-07-20T02:31:10Z</time></trkpt><trkpt lat="35.8232921" lon="138.9669708"><ele>1405.97</ele><time>2025-07-20T02:32:07Z</time></trkpt><trkpt lat="35.8234852" lon="138.9669581"><ele>1413.466666666667</ele><time>2025-07-20T02:32:43Z</time></trkpt><trkpt lat="35.8236905" lon="138.966962"><ele>1418.74</ele><time>2025-07-20T02:34:10Z</time></trkpt><trkpt lat="35.8238895" lon="138.9669534"><ele>1423.506666666667</ele><time>2025-07-20T02:35:07Z</time></trkpt><trkpt lat="35.8241248" lon="138.9669064"><ele>1429.0533333333333</ele><time>2025-07-20T02:35:34Z</time></trkpt><trkpt lat="35.8243005" lon="138.9669908"><ele>1437.3999999999999</ele><time>2025-07-20T02:36:16Z</time></trkpt><trkpt lat="35.8244847" lon="138.966999"><ele>1446.7866666666666</ele><time>2025-07-20T02:36:43Z</time></trkpt><trkpt lat="35.8246285" lon="138.9668269"><ele>1455.2933333333333</ele><time>2025-07-20T02:37:46Z</time></trkpt><trkpt lat="35.8248121" lon="138.9667502"><ele>1461.2733333333333</ele><time>2025-07-20T02:38:19Z</time></trkpt><trkpt lat="35.8250018" lon="138.966748"><ele>1467.0966666666666</ele><time>2025-07-20T02:39:01Z</time></trkpt><trkpt lat="35.8251835" lon="138.9666925"><ele>1473.2866666666666</ele><time>2025-07-20T02:40:01Z</time></trkpt><trkpt lat="35.8253883" lon="138.9664656"><ele>1479.1733333333334</ele><time>2025-07-20T02:41:10Z</time></trkpt><trkpt lat="35.825571" lon="138.9663874"><ele>1485.36</ele><time>2025-07-20T02:42:24Z</time></trkpt><trkpt lat="35.82567" lon="138.9661846"><ele>1489.0200000000002</ele><time>2025-07-20T02:42:49Z</time></trkpt><trkpt lat="35.8257804" lon="138.9660027"><ele>1492.6633333333332</ele><time>2025-07-20T02:43:31Z</time></trkpt><trkpt lat="35.8259015" lon="138.9658114"><ele>1494.1666666666667</ele><time>2025-07-20T02:44:25Z</time></trkpt><trkpt lat="35.8260952" lon="138.9657846"><ele>1498.4233333333332</ele><time>2025-07-20T02:45:07Z</time></trkpt><trkpt lat="35.8262912" lon="138.9658508"><ele>1504.993333333333</ele><time>2025-07-20T02:45:43Z</time></trkpt><trkpt lat="35.8264761" lon="138.96577"><ele>1513.2900000000002</ele><time>2025-07-20T02:46:19Z</time></trkpt><trkpt lat="35.8266605" lon="138.9656643"><ele>1521.5566666666666</ele><time>2025-07-20T02:47:13Z</time></trkpt><trkpt lat="35.8266853" lon="138.965437"><ele>1520.5033333333333</ele><time>2025-07-20T02:47:37Z</time></trkpt><trkpt lat="35.8267213" lon="138.9656605"><ele>1524.2333333333336</ele><time>2025-07-20T02:49:10Z</time></trkpt><trkpt lat="35.8266356" lon="138.9658768"><ele>1526.2666666666667</ele><time>2025-07-20T02:50:01Z</time></trkpt><trkpt lat="35.8264929" lon="138.9660168"><ele>1534.36</ele><time>2025-07-20T02:50:31Z</time></trkpt><trkpt lat="35.8263984" lon="138.9662259"><ele>1535.6233333333332</ele><time>2025-07-20T02:51:25Z</time></trkpt><trkpt lat="35.8265879" lon="138.9660586"><ele>1537.6033333333335</ele><time>2025-07-20T02:52:43Z</time></trkpt><trkpt lat="35.8267783" lon="138.9660163"><ele>1540.9366666666667</ele><time>2025-07-20T02:53:16Z</time></trkpt><trkpt lat="35.8269597" lon="138.965986"><ele>1547.5266666666666</ele><time>2025-07-20T02:54:04Z</time></trkpt><trkpt lat="35.8271524" lon="138.9660088"><ele>1557.1433333333334</ele><time>2025-07-20T02:54:55Z</time></trkpt><trkpt lat="35.8272997" lon="138.9661483"><ele>1567.4266666666665</ele><time>2025-07-20T02:55:52Z</time></trkpt><trkpt lat="35.8273542" lon="138.9659205"><ele>1576.0500000000002</ele><time>2025-07-20T02:57:31Z</time></trkpt><trkpt lat="35.8274694" lon="138.9657349"><ele>1581.4366666666667</ele><time>2025-07-20T02:58:04Z</time></trkpt><trkpt lat="35.8275731" lon="138.9655483"><ele>1586.4866666666667</ele><time>2025-07-20T02:58:49Z</time></trkpt><trkpt lat="35.8277127" lon="138.9656955"><ele>1594.8466666666666</ele><time>2025-07-20T02:59:19Z</time></trkpt><trkpt lat="35.8276393" lon="138.965911"><ele>1598.3966666666668</ele><time>2025-07-20T03:00:55Z</time></trkpt><trkpt lat="35.8275217" lon="138.9657247"><ele>1597.7066666666667</ele><time>2025-07-20T03:06:16Z</time></trkpt><trkpt lat="35.8275957" lon="138.9655028"><ele>1592.5266666666666</ele><time>2025-07-20T03:06:59Z</time></trkpt><trkpt lat="35.8277328" lon="138.9653429"><ele>1592.7933333333333</ele><time>2025-07-20T03:07:28Z</time></trkpt><trkpt lat="35.8278578" lon="138.9651827"><ele>1597.0233333333335</ele><time>2025-07-20T03:08:05Z</time></trkpt><trkpt lat="35.8280436" lon="138.9650866"><ele>1605.2933333333333</ele><time>2025-07-20T03:08:43Z</time></trkpt><trkpt lat="35.8281914" lon="138.9649199"><ele>1613.95</ele><time>2025-07-20T03:09:14Z</time></trkpt><trkpt lat="35.8282722" lon="138.9646821"><ele>1622.79</ele><time>2025-07-20T03:10:02Z</time></trkpt><trkpt lat="35.8283574" lon="138.9649209"><ele>1629.96</ele><time>2025-07-20T03:11:44Z</time></trkpt><trkpt lat="35.8283867" lon="138.9651403"><ele>1637.7166666666665</ele><time>2025-07-20T03:12:44Z</time></trkpt><trkpt lat="35.8285697" lon="138.9650761"><ele>1648.5833333333333</ele><time>2025-07-20T03:15:26Z</time></trkpt><trkpt lat="35.8287286" lon="138.9649503"><ele>1659.1666666666667</ele><time>2025-07-20T03:16:22Z</time></trkpt><trkpt lat="35.8288378" lon="138.9647433"><ele>1669.3100000000002</ele><time>2025-07-20T03:17:47Z</time></trkpt><trkpt lat="35.8289934" lon="138.9645762"><ele>1676.5733333333335</ele><time>2025-07-20T03:18:53Z</time></trkpt><trkpt lat="35.8291451" lon="138.9644465"><ele>1683.3533333333335</ele><time>2025-07-20T03:20:10Z</time></trkpt><trkpt lat="35.8291199" lon="138.9641766"><ele>1689.5866666666668</ele><time>2025-07-20T03:21:02Z</time></trkpt><trkpt lat="35.8291884" lon="138.9639695"><ele>1696.36</ele><time>2025-07-20T03:21:26Z</time></trkpt><trkpt lat="35.8291653" lon="138.9637382"><ele>1703.4899999999998</ele><time>2025-07-20T03:21:53Z</time></trkpt><trkpt lat="35.8291333" lon="138.9635095"><ele>1710.2666666666667</ele><time>2025-07-20T03:23:05Z</time></trkpt><trkpt lat="35.8290689" lon="138.9632856"><ele>1716.0633333333335</ele><time>2025-07-20T03:23:37Z</time></trkpt><trkpt lat="35.8290871" lon="138.9630351"><ele>1720.01</ele><time>2025-07-20T03:24:05Z</time></trkpt><trkpt lat="35.8291973" lon="138.9628373"><ele>1724.01</ele><time>2025-07-20T03:24:35Z</time></trkpt><trkpt lat="35.8293038" lon="138.9626267"><ele>1727.5600000000002</ele><time>2025-07-20T03:24:50Z</time></trkpt><trkpt lat="35.8293113" lon="138.9623857"><ele>1730.3433333333335</ele><time>2025-07-20T03:25:20Z</time></trkpt><trkpt lat="35.8294151" lon="138.9621854"><ele>1733.1333333333332</ele><time>2025-07-20T03:26:05Z</time></trkpt><trkpt lat="35.8295024" lon="138.9619878"><ele>1737.3466666666666</ele><time>2025-07-20T03:27:02Z</time></trkpt><trkpt lat="35.8295807" lon="138.9617629"><ele>1744.5366666666666</ele><time>2025-07-20T03:27:50Z</time></trkpt><trkpt lat="35.8297959" lon="138.9617502"><ele>1750.493333333333</ele><time>2025-07-20T03:29:06Z</time></trkpt><trkpt lat="35.8299915" lon="138.9617253"><ele>1753.2433333333336</ele><time>2025-07-20T03:29:24Z</time></trkpt><trkpt lat="35.8301668" lon="138.9616445"><ele>1751.3633333333335</ele><time>2025-07-20T03:29:57Z</time></trkpt><trkpt lat="35.8303463" lon="138.9616208"><ele>1748.3633333333335</ele><time>2025-07-20T03:30:17Z</time></trkpt><trkpt lat="35.8304826" lon="138.9614319"><ele>1744.3666666666668</ele><time>2025-07-20T03:30:45Z</time></trkpt><trkpt lat="35.8305169" lon="138.9611996"><ele>1738.7133333333334</ele><time>2025-07-20T03:31:27Z</time></trkpt><trkpt lat="35.8306402" lon="138.9610085"><ele>1731.3933333333334</ele><time>2025-07-20T03:32:38Z</time></trkpt><trkpt lat="35.8307137" lon="138.9607871"><ele>1721.6166666666668</ele><time>2025-07-20T03:33:15Z</time></trkpt><trkpt lat="35.8308227" lon="138.9606024"><ele>1712.5766666666666</ele><time>2025-07-20T03:34:00Z</time></trkpt><trkpt lat="35.83085" lon="138.9603645"><ele>1702.0900000000001</ele><time>2025-07-20T03:34:21Z</time></trkpt><trkpt lat="35.8309075" lon="138.9601467"><ele>1693.8366666666668</ele><time>2025-07-20T03:35:00Z</time></trkpt><trkpt lat="35.8309233" lon="138.9599102"><ele>1685.0933333333335</ele><time>2025-07-20T03:35:52Z</time></trkpt><trkpt lat="35.8309739" lon="138.9596901"><ele>1678.926666666667</ele><time>2025-07-20T03:36:10Z</time></trkpt><trkpt lat="35.831057" lon="138.9594818"><ele>1674.3733333333332</ele><time>2025-07-20T03:36:31Z</time></trkpt><trkpt lat="35.8311854" lon="138.9592958"><ele>1672.6499999999999</ele><time>2025-07-20T03:36:49Z</time></trkpt><trkpt lat="35.831317" lon="138.9591361"><ele>1671.2</ele><time>2025-07-20T03:37:04Z</time></trkpt><trkpt lat="35.8314919" lon="138.9590084"><ele>1667.88</ele><time>2025-07-20T03:37:22Z</time></trkpt><trkpt lat="35.8316679" lon="138.9589055"><ele>1663.3666666666668</ele><time>2025-07-20T03:37:37Z</time></trkpt><trkpt lat="35.8318369" lon="138.9588041"><ele>1658.8266666666668</ele><time>2025-07-20T03:37:58Z</time></trkpt><trkpt lat="35.8320317" lon="138.9587491"><ele>1655.2033333333336</ele><time>2025-07-20T03:38:16Z</time></trkpt><trkpt lat="35.8322213" lon="138.9586418"><ele>1653.2233333333334</ele><time>2025-07-20T03:38:40Z</time></trkpt><trkpt lat="35.83241" lon="138.9585314"><ele>1653.3400000000001</ele><time>2025-07-20T03:38:58Z</time></trkpt><trkpt lat="35.8326031" lon="138.9584359"><ele>1655.83</ele><time>2025-07-20T03:39:19Z</time></trkpt><trkpt lat="35.8327489" lon="138.9582982"><ele>1658.6666666666667</ele><time>2025-07-20T03:39:40Z</time></trkpt><trkpt lat="35.832851" lon="138.9581087"><ele>1661.32</ele><time>2025-07-20T03:40:04Z</time></trkpt><trkpt lat="35.8329079" lon="138.9578986"><ele>1662.9800000000002</ele><time>2025-07-20T03:40:49Z</time></trkpt><trkpt lat="35.832985" lon="138.9576933"><ele>1666.1066666666666</ele><time>2025-07-20T03:41:16Z</time></trkpt><trkpt lat="35.8331044" lon="138.9574976"><ele>1668.9866666666667</ele><time>2025-07-20T03:41:40Z</time></trkpt><trkpt lat="35.8332496" lon="138.9573435"><ele>1672.62</ele><time>2025-07-20T03:42:03Z</time></trkpt><trkpt lat="35.8333677" lon="138.9571667"><ele>1675.5600000000002</ele><time>2025-07-20T03:42:31Z</time></trkpt><trkpt lat="35.8334954" lon="138.9569991"><ele>1678.49</ele><time>2025-07-20T03:43:07Z</time></trkpt><trkpt lat="35.8336387" lon="138.9568159"><ele>1680.8066666666666</ele><time>2025-07-20T03:43:28Z</time></trkpt><trkpt lat="35.8337749" lon="138.9566684"><ele>1682.1033333333335</ele><time>2025-07-20T03:43:43Z</time></trkpt><trkpt lat="35.8339149" lon="138.9565075"><ele>1683.2633333333335</ele><time>2025-07-20T03:44:01Z</time></trkpt><trkpt lat="35.8340722" lon="138.9563547"><ele>1684.3700000000001</ele><time>2025-07-20T03:44:19Z</time></trkpt><trkpt lat="35.8342407" lon="138.9561985"><ele>1685.6066666666666</ele><time>2025-07-20T03:44:37Z</time></trkpt><trkpt lat="35.8343848" lon="138.9560291"><ele>1686.9466666666667</ele><time>2025-07-20T03:44:51Z</time></trkpt><trkpt lat="35.8344758" lon="138.9558262"><ele>1688.1966666666667</ele><time>2025-07-20T03:45:08Z</time></trkpt><trkpt lat="35.834578" lon="138.9556261"><ele>1689.466666666667</ele><time>2025-07-20T03:45:39Z</time></trkpt><trkpt lat="35.8347059" lon="138.9554316"><ele>1690.79</ele><time>2025-07-20T03:46:01Z</time></trkpt><trkpt lat="35.834824" lon="138.9552238"><ele>1692.25</ele><time>2025-07-20T03:46:20Z</time></trkpt><trkpt lat="35.8349044" lon="138.9550207"><ele>1693.2733333333333</ele><time>2025-07-20T03:46:40Z</time></trkpt><trkpt lat="35.8350723" lon="138.9548813"><ele>1694.6333333333334</ele><time>2025-07-20T03:47:01Z</time></trkpt><trkpt lat="35.8352019" lon="138.9547013"><ele>1695.7033333333336</ele><time>2025-07-20T03:47:19Z</time></trkpt><trkpt lat="35.8353696" lon="138.9545629"><ele>1698.11</ele><time>2025-07-20T03:47:37Z</time></trkpt><trkpt lat="35.8355476" lon="138.9544307"><ele>1699.9599999999998</ele><time>2025-07-20T03:47:53Z</time></trkpt><trkpt lat="35.8357034" lon="138.9543063"><ele>1701.5766666666666</ele><time>2025-07-20T03:48:12Z</time></trkpt><trkpt lat="35.8358334" lon="138.9541412"><ele>1701.6633333333332</ele><time>2025-07-20T03:48:28Z</time></trkpt><trkpt lat="35.8359771" lon="138.9539814"><ele>1700.426666666667</ele><time>2025-07-20T03:48:43Z</time></trkpt><trkpt lat="35.8361063" lon="138.9537739"><ele>1698.6966666666667</ele><time>2025-07-20T03:49:01Z</time></trkpt><trkpt lat="35.836179" lon="138.953555"><ele>1696.4833333333336</ele><time>2025-07-20T03:49:16Z</time></trkpt><trkpt lat="35.8362928" lon="138.9533392"><ele>1694.6166666666668</ele><time>2025-07-20T03:49:34Z</time></trkpt><trkpt lat="35.83643" lon="138.9531617"><ele>1693.2966666666669</ele><time>2025-07-20T03:49:55Z</time></trkpt><trkpt lat="35.8365928" lon="138.9530361"><ele>1692.3666666666668</ele><time>2025-07-20T03:50:20Z</time></trkpt><trkpt lat="35.8367769" lon="138.9529147"><ele>1691.346666666667</ele><time>2025-07-20T03:50:33Z</time></trkpt><trkpt lat="35.8369182" lon="138.9527531"><ele>1689.7033333333336</ele><time>2025-07-20T03:50:48Z</time></trkpt><trkpt lat="35.8370846" lon="138.9526012"><ele>1689.1466666666668</ele><time>2025-07-20T03:51:06Z</time></trkpt><trkpt lat="35.8372538" lon="138.9524562"><ele>1692.2133333333334</ele><time>2025-07-20T03:51:30Z</time></trkpt><trkpt lat="35.8374179" lon="138.9523267"><ele>1696.7833333333335</ele><time>2025-07-20T03:52:06Z</time></trkpt><trkpt lat="35.8375851" lon="138.9521981"><ele>1701.7600000000002</ele><time>2025-07-20T03:52:30Z</time></trkpt><trkpt lat="35.8377311" lon="138.9520295"><ele>1705.6500000000003</ele><time>2025-07-20T03:53:08Z</time></trkpt><trkpt lat="35.8378859" lon="138.9518695"><ele>1709.5133333333333</ele><time>2025-07-20T03:53:44Z</time></trkpt><trkpt lat="35.8380378" lon="138.951724"><ele>1713.0033333333333</ele><time>2025-07-20T03:54:06Z</time></trkpt><trkpt lat="35.8381308" lon="138.9515259"><ele>1715.0066666666664</ele><time>2025-07-20T03:54:30Z</time></trkpt><trkpt lat="35.8382771" lon="138.9513923"><ele>1718.9866666666667</ele><time>2025-07-20T03:55:30Z</time></trkpt><trkpt lat="35.8383789" lon="138.9511946"><ele>1724.1899999999998</ele><time>2025-07-20T03:56:24Z</time></trkpt><trkpt lat="35.838519" lon="138.9510353"><ele>1730.14</ele><time>2025-07-20T03:56:48Z</time></trkpt><trkpt lat="35.8386486" lon="138.9508798"><ele>1733.6500000000003</ele><time>2025-07-20T03:57:09Z</time></trkpt><trkpt lat="35.8387899" lon="138.9507298"><ele>1736.1200000000001</ele><time>2025-07-20T03:57:33Z</time></trkpt><trkpt lat="35.8389322" lon="138.9505681"><ele>1737.9766666666667</ele><time>2025-07-20T03:57:57Z</time></trkpt><trkpt lat="35.8390484" lon="138.9503733"><ele>1739.5966666666666</ele><time>2025-07-20T03:58:24Z</time></trkpt><trkpt lat="35.8392" lon="138.950234"><ele>1740.1933333333334</ele><time>2025-07-20T03:58:45Z</time></trkpt><trkpt lat="35.8393101" lon="138.9500545"><ele>1740.9133333333332</ele><time>2025-07-20T03:59:18Z</time></trkpt><trkpt lat="35.8394868" lon="138.9499205"><ele>1741.8766666666668</ele><time>2025-07-20T03:59:48Z</time></trkpt><trkpt lat="35.839629" lon="138.9497785"><ele>1742.8766666666668</ele><time>2025-07-20T04:00:03Z</time></trkpt><trkpt lat="35.8398024" lon="138.9496235"><ele>1743.5033333333333</ele><time>2025-07-20T04:00:21Z</time></trkpt><trkpt lat="35.8399738" lon="138.9494883"><ele>1743.6533333333334</ele><time>2025-07-20T04:00:36Z</time></trkpt><trkpt lat="35.8400791" lon="138.9492898"><ele>1743.3933333333334</ele><time>2025-07-20T04:00:51Z</time></trkpt><trkpt lat="35.8402466" lon="138.9491395"><ele>1742.8266666666666</ele><time>2025-07-20T04:01:06Z</time></trkpt><trkpt lat="35.8404046" lon="138.9489759"><ele>1742.4300000000003</ele><time>2025-07-20T04:01:24Z</time></trkpt><trkpt lat="35.8405676" lon="138.9488361"><ele>1742.2466666666667</ele><time>2025-07-20T04:01:51Z</time></trkpt><trkpt lat="35.8407423" lon="138.9487551"><ele>1742.2866666666666</ele><time>2025-07-20T04:02:21Z</time></trkpt><trkpt lat="35.8409286" lon="138.9486505"><ele>1742.6666666666667</ele><time>2025-07-20T04:02:36Z</time></trkpt><trkpt lat="35.8411098" lon="138.9485606"><ele>1743.743333333333</ele><time>2025-07-20T04:02:54Z</time></trkpt><trkpt lat="35.8412587" lon="138.9484078"><ele>1745.8499999999997</ele><time>2025-07-20T04:03:24Z</time></trkpt><trkpt lat="35.8414448" lon="138.9483124"><ele>1748.4133333333332</ele><time>2025-07-20T04:03:48Z</time></trkpt><trkpt lat="35.841485" lon="138.948565"><ele>1748.26</ele><time>2025-07-20T04:05:01Z</time></trkpt><trkpt lat="35.8415679" lon="138.9483671"><ele>1749.18</ele><time>2025-07-20T04:05:22Z</time></trkpt><trkpt lat="35.8416658" lon="138.9481524"><ele>1750.07</ele><time>2025-07-20T04:06:36Z</time></trkpt><trkpt lat="35.8418069" lon="138.9479939"><ele>1753.6000000000001</ele><time>2025-07-20T04:06:55Z</time></trkpt><trkpt lat="35.8419263" lon="138.947816"><ele>1756.03</ele><time>2025-07-20T04:07:19Z</time></trkpt><trkpt lat="35.8420785" lon="138.9476579"><ele>1759.2033333333336</ele><time>2025-07-20T04:08:04Z</time></trkpt><trkpt lat="35.8422632" lon="138.9476367"><ele>1763.7466666666667</ele><time>2025-07-20T04:08:34Z</time></trkpt><trkpt lat="35.8424608" lon="138.9476781"><ele>1767.7866666666669</ele><time>2025-07-20T04:08:55Z</time></trkpt><trkpt lat="35.8426718" lon="138.9476489"><ele>1770.6133333333335</ele><time>2025-07-20T04:09:19Z</time></trkpt><trkpt lat="35.8428753" lon="138.9476791"><ele>1772.5</ele><time>2025-07-20T04:09:39Z</time></trkpt><trkpt lat="35.8430587" lon="138.9477816"><ele>1773.2233333333334</ele><time>2025-07-20T04:10:04Z</time></trkpt><trkpt lat="35.8432275" lon="138.9478693"><ele>1774.16</ele><time>2025-07-20T04:10:18Z</time></trkpt><trkpt lat="35.8433913" lon="138.9479815"><ele>1775.3266666666668</ele><time>2025-07-20T04:10:37Z</time></trkpt><trkpt lat="35.8435778" lon="138.9480043"><ele>1778.8100000000002</ele><time>2025-07-20T04:10:58Z</time></trkpt><trkpt lat="35.8437723" lon="138.9479916"><ele>1782.2233333333334</ele><time>2025-07-20T04:11:22Z</time></trkpt><trkpt lat="35.8439674" lon="138.9479663"><ele>1784.32</ele><time>2025-07-20T04:11:40Z</time></trkpt><trkpt lat="35.8441455" lon="138.9479025"><ele>1785.243333333333</ele><time>2025-07-20T04:11:57Z</time></trkpt><trkpt lat="35.8443241" lon="138.9478648"><ele>1786.7166666666665</ele><time>2025-07-20T04:12:12Z</time></trkpt><trkpt lat="35.8445194" lon="138.9478288"><ele>1788.7399999999998</ele><time>2025-07-20T04:12:37Z</time></trkpt><trkpt lat="35.8447052" lon="138.947812"><ele>1790.6866666666665</ele><time>2025-07-20T04:13:01Z</time></trkpt><trkpt lat="35.8449061" lon="138.9477884"><ele>1792.4733333333334</ele><time>2025-07-20T04:13:22Z</time></trkpt><trkpt lat="35.8450883" lon="138.9477961"><ele>1795.36</ele><time>2025-07-20T04:14:07Z</time></trkpt><trkpt lat="35.8452685" lon="138.9477689"><ele>1798.3466666666666</ele><time>2025-07-20T04:14:34Z</time></trkpt><trkpt lat="35.8454819" lon="138.9477949"><ele>1801.45</ele><time>2025-07-20T04:14:57Z</time></trkpt><trkpt lat="35.8456653" lon="138.9477984"><ele>1803.71</ele><time>2025-07-20T04:15:13Z</time></trkpt><trkpt lat="35.8458463" lon="138.9477446"><ele>1806.5166666666667</ele><time>2025-07-20T04:15:46Z</time></trkpt><trkpt lat="35.8460346" lon="138.947722"><ele>1809.7300000000002</ele><time>2025-07-20T04:16:43Z</time></trkpt><trkpt lat="35.8462102" lon="138.9476582"><ele>1813.506666666667</ele><time>2025-07-20T04:17:49Z</time></trkpt><trkpt lat="35.8464014" lon="138.9476726"><ele>1817.57</ele><time>2025-07-20T04:18:13Z</time></trkpt><trkpt lat="35.8465811" lon="138.9476011"><ele>1822.7633333333333</ele><time>2025-07-20T04:18:34Z</time></trkpt><trkpt lat="35.8467741" lon="138.9475998"><ele>1828.4333333333334</ele><time>2025-07-20T04:19:40Z</time></trkpt><trkpt lat="35.8469553" lon="138.9475659"><ele>1833.9733333333334</ele><time>2025-07-20T04:20:01Z</time></trkpt><trkpt lat="35.8471635" lon="138.9475607"><ele>1839.63</ele><time>2025-07-20T04:21:25Z</time></trkpt><trkpt lat="35.8473509" lon="138.9475526"><ele>1846.8966666666668</ele><time>2025-07-20T04:22:28Z</time></trkpt><trkpt lat="35.8475922" lon="138.9475851"><ele>1855.8400000000001</ele><time>2025-07-20T04:24:13Z</time></trkpt><trkpt lat="35.8477712" lon="138.9476865"><ele>1864.26</ele><time>2025-07-20T04:24:58Z</time></trkpt><trkpt lat="35.8479322" lon="138.9478041"><ele>1870.1233333333337</ele><time>2025-07-20T04:25:28Z</time></trkpt><trkpt lat="35.8480498" lon="138.947975"><ele>1873.8566666666668</ele><time>2025-07-20T04:25:49Z</time></trkpt><trkpt lat="35.8482058" lon="138.9480955"><ele>1876.72</ele><time>2025-07-20T04:26:13Z</time></trkpt><trkpt lat="35.8483737" lon="138.9482078"><ele>1881.32</ele><time>2025-07-20T04:27:19Z</time></trkpt><trkpt lat="35.848556" lon="138.9482958"><ele>1887.573333333333</ele><time>2025-07-20T04:28:13Z</time></trkpt><trkpt lat="35.8487424" lon="138.9483157"><ele>1897.58</ele><time>2025-07-20T04:29:22Z</time></trkpt><trkpt lat="35.8489542" lon="138.9483617"><ele>1908.1266666666668</ele><time>2025-07-20T04:31:10Z</time></trkpt><trkpt lat="35.8491721" lon="138.9483928"><ele>1919.54</ele><time>2025-07-20T04:32:40Z</time></trkpt><trkpt lat="35.8493515" lon="138.9482934"><ele>1926.45</ele><time>2025-07-20T04:33:52Z</time></trkpt><trkpt lat="35.8495395" lon="138.9482907"><ele>1930.42</ele><time>2025-07-20T04:34:13Z</time></trkpt><trkpt lat="35.8497326" lon="138.948273"><ele>1931.2233333333334</ele><time>2025-07-20T04:34:31Z</time></trkpt><trkpt lat="35.8499091" lon="138.9481978"><ele>1931.5366666666669</ele><time>2025-07-20T04:34:49Z</time></trkpt><trkpt lat="35.8500854" lon="138.9480821"><ele>1931.6666666666667</ele><time>2025-07-20T04:35:10Z</time></trkpt><trkpt lat="35.8502349" lon="138.9479459"><ele>1931.1299999999999</ele><time>2025-07-20T04:35:28Z</time></trkpt><trkpt lat="35.8504331" lon="138.9478569"><ele>1931.25</ele><time>2025-07-20T04:35:55Z</time></trkpt><trkpt lat="35.8506304" lon="138.9478279"><ele>1931.5933333333335</ele><time>2025-07-20T04:36:19Z</time></trkpt><trkpt lat="35.8508385" lon="138.9477898"><ele>1932.72</ele><time>2025-07-20T04:36:37Z</time></trkpt><trkpt lat="35.8510002" lon="138.9476709"><ele>1933.61</ele><time>2025-07-20T04:36:55Z</time></trkpt><trkpt lat="35.8511739" lon="138.9476029"><ele>1936.1233333333332</ele><time>2025-07-20T04:37:22Z</time></trkpt><trkpt lat="35.8513056" lon="138.947431"><ele>1939.28</ele><time>2025-07-20T04:37:43Z</time></trkpt><trkpt lat="35.8514197" lon="138.9472554"><ele>1942.2366666666667</ele><time>2025-07-20T04:38:10Z</time></trkpt><trkpt lat="35.8516126" lon="138.9472061"><ele>1945.05</ele><time>2025-07-20T04:38:46Z</time></trkpt><trkpt lat="35.8517915" lon="138.9471154"><ele>1948.0466666666669</ele><time>2025-07-20T04:39:25Z</time></trkpt><trkpt lat="35.8519821" lon="138.9470852"><ele>1952.1500000000003</ele><time>2025-07-20T04:39:52Z</time></trkpt><trkpt lat="35.8521559" lon="138.9469805"><ele>1955.6666666666667</ele><time>2025-07-20T04:40:13Z</time></trkpt><trkpt lat="35.8523411" lon="138.9468907"><ele>1958.7933333333333</ele><time>2025-07-20T04:40:34Z</time></trkpt><trkpt lat="35.8525116" lon="138.9467873"><ele>1961.0833333333333</ele><time>2025-07-20T04:40:55Z</time></trkpt><trkpt lat="35.8526898" lon="138.946694"><ele>1963.13</ele><time>2025-07-20T04:41:13Z</time></trkpt><trkpt lat="35.8528592" lon="138.9465556"><ele>1964.5600000000002</ele><time>2025-07-20T04:41:34Z</time></trkpt><trkpt lat="35.8530053" lon="138.9464246"><ele>1966.5600000000002</ele><time>2025-07-20T04:41:55Z</time></trkpt><trkpt lat="35.8531669" lon="138.9463077"><ele>1968.8133333333335</ele><time>2025-07-20T04:42:19Z</time></trkpt><trkpt lat="35.8533387" lon="138.9462308"><ele>1971.3833333333332</ele><time>2025-07-20T04:42:49Z</time></trkpt><trkpt lat="35.8534927" lon="138.9461026"><ele>1973.506666666667</ele><time>2025-07-20T04:43:16Z</time></trkpt><trkpt lat="35.853661" lon="138.9459757"><ele>1975.39</ele><time>2025-07-20T04:43:40Z</time></trkpt><trkpt lat="35.8538251" lon="138.945815"><ele>1977.456666666667</ele><time>2025-07-20T04:44:04Z</time></trkpt><trkpt lat="35.8539541" lon="138.9456515"><ele>1979.0233333333335</ele><time>2025-07-20T04:44:22Z</time></trkpt><trkpt lat="35.8540919" lon="138.945481"><ele>1978.5866666666668</ele><time>2025-07-20T04:44:40Z</time></trkpt><trkpt lat="35.8541911" lon="138.9452959"><ele>1976.4666666666665</ele><time>2025-07-20T04:44:55Z</time></trkpt><trkpt lat="35.8543268" lon="138.9450841"><ele>1974.4033333333334</ele><time>2025-07-20T04:45:13Z</time></trkpt><trkpt lat="35.8544127" lon="138.9448679"><ele>1975.4566666666667</ele><time>2025-07-20T04:45:46Z</time></trkpt><trkpt lat="35.8544864" lon="138.9446615"><ele>1979.6566666666668</ele><time>2025-07-20T04:46:19Z</time></trkpt><trkpt lat="35.8545173" lon="138.9444429"><ele>1985.1433333333334</ele><time>2025-07-20T04:47:28Z</time></trkpt><trkpt lat="35.8545662" lon="138.9442291"><ele>1992.0233333333333</ele><time>2025-07-20T04:48:34Z</time></trkpt><trkpt lat="35.8547332" lon="138.9441189"><ele>1997.5133333333333</ele><time>2025-07-20T04:50:10Z</time></trkpt><trkpt lat="35.8549454" lon="138.9441641"><ele>2001.8933333333334</ele><time>2025-07-20T04:50:31Z</time></trkpt><trkpt lat="35.8551251" lon="138.9441401"><ele>2003.2399999999998</ele><time>2025-07-20T04:50:49Z</time></trkpt><trkpt lat="35.8553088" lon="138.9440821"><ele>2005.1833333333334</ele><time>2025-07-20T04:51:15Z</time></trkpt><trkpt lat="35.8554763" lon="138.9439789"><ele>2008.8166666666668</ele><time>2025-07-20T04:51:33Z</time></trkpt><trkpt lat="35.8556562" lon="138.9440325"><ele>2011.5533333333333</ele><time>2025-07-20T04:52:54Z</time></trkpt><trkpt lat="35.8558176" lon="138.9438561"><ele>2008.8466666666666</ele><time>2025-07-20T04:53:22Z</time></trkpt><trkpt lat="35.8560255" lon="138.9437522"><ele>1999.4466666666667</ele><time>2025-07-20T04:54:22Z</time></trkpt><trkpt lat="35.8561369" lon="138.943559"><ele>1988.0533333333333</ele><time>2025-07-20T04:55:06Z</time></trkpt><trkpt lat="35.8562334" lon="138.9433681"><ele>1976.6233333333332</ele><time>2025-07-20T04:55:46Z</time></trkpt><trkpt lat="35.8564277" lon="138.9433051"><ele>1967.71</ele><time>2025-07-20T04:56:34Z</time></trkpt><trkpt lat="35.856619" lon="138.9431851"><ele>1958.9833333333333</ele><time>2025-07-20T04:57:16Z</time></trkpt><trkpt lat="35.8567948" lon="138.9431265"><ele>1952.17</ele><time>2025-07-20T04:57:36Z</time></trkpt><trkpt lat="35.8569823" lon="138.9431352"><ele>1946.8100000000002</ele><time>2025-07-20T04:58:03Z</time></trkpt><trkpt lat="35.8571541" lon="138.9430467"><ele>1942.3066666666666</ele><time>2025-07-20T04:58:58Z</time></trkpt><trkpt lat="35.8573408" lon="138.9431059"><ele>1938.2166666666665</ele><time>2025-07-20T04:59:43Z</time></trkpt><trkpt lat="35.8575507" lon="138.9431493"><ele>1933.29</ele><time>2025-07-20T05:00:22Z</time></trkpt><trkpt lat="35.8577229" lon="138.9432595"><ele>1928.8400000000001</ele><time>2025-07-20T05:00:45Z</time></trkpt><trkpt lat="35.8579141" lon="138.943299"><ele>1925.0866666666668</ele><time>2025-07-20T05:01:18Z</time></trkpt><trkpt lat="35.8581198" lon="138.9433187"><ele>1920.9399999999998</ele><time>2025-07-20T05:01:48Z</time></trkpt><trkpt lat="35.8583355" lon="138.9433195"><ele>1916.32</ele><time>2025-07-20T05:02:06Z</time></trkpt><trkpt lat="35.8585244" lon="138.943291"><ele>1910.72</ele><time>2025-07-20T05:02:33Z</time></trkpt><trkpt lat="35.8587164" lon="138.9432458"><ele>1905.78</ele><time>2025-07-20T05:02:56Z</time></trkpt><trkpt lat="35.8588991" lon="138.9433021"><ele>1900.92</ele><time>2025-07-20T05:03:18Z</time></trkpt><trkpt lat="35.8590582" lon="138.9431597"><ele>1898.6066666666666</ele><time>2025-07-20T05:03:39Z</time></trkpt><trkpt lat="35.8592471" lon="138.9430738"><ele>1898.08</ele><time>2025-07-20T05:03:51Z</time></trkpt><trkpt lat="35.8594143" lon="138.9429107"><ele>1899.1899999999998</ele><time>2025-07-20T05:04:21Z</time></trkpt><trkpt lat="35.8596231" lon="138.942858"><ele>1897.9133333333332</ele><time>2025-07-20T05:05:02Z</time></trkpt><trkpt lat="35.8598124" lon="138.9427824"><ele>1893.57</ele><time>2025-07-20T05:05:18Z</time></trkpt><trkpt lat="35.8599785" lon="138.9428918"><ele>1885.57</ele><time>2025-07-20T05:06:00Z</time></trkpt><trkpt lat="35.8602" lon="138.9430103"><ele>1875.6866666666667</ele><time>2025-07-20T05:06:46Z</time></trkpt><trkpt lat="35.8603669" lon="138.9431224"><ele>1865.1833333333334</ele><time>2025-07-20T05:07:25Z</time></trkpt><trkpt lat="35.8605395" lon="138.943224"><ele>1853.9733333333334</ele><time>2025-07-20T05:08:03Z</time></trkpt><trkpt lat="35.8606679" lon="138.9434047"><ele>1845.62</ele><time>2025-07-20T05:08:33Z</time></trkpt><trkpt lat="35.8608086" lon="138.9435549"><ele>1839.3500000000001</ele><time>2025-07-20T05:08:52Z</time></trkpt><trkpt lat="35.8608178" lon="138.9437833"><ele>1835.5600000000002</ele><time>2025-07-20T05:12:22Z</time></trkpt><trkpt lat="35.8609335" lon="138.9436105"><ele>1833.7533333333333</ele><time>2025-07-20T05:13:46Z</time></trkpt><trkpt lat="35.8607838" lon="138.9440343"><ele>1828.9666666666665</ele><time>2025-07-20T05:20:11Z</time></trkpt><trkpt lat="35.8608756" lon="138.9436434"><ele>1830.12</ele><time>2025-07-20T05:20:41Z</time></trkpt><trkpt lat="35.860857" lon="138.9440571"><ele>1826.04</ele><time>2025-07-20T05:20:51Z</time></trkpt><trkpt lat="35.8608531" lon="138.943754"><ele>1829.09</ele><time>2025-07-20T05:21:03Z</time></trkpt><trkpt lat="35.8607173" lon="138.9440895"><ele>1824.8933333333334</ele><time>2025-07-20T05:21:16Z</time></trkpt><trkpt lat="35.8608113" lon="138.9438172"><ele>1827.8700000000001</ele><time>2025-07-20T05:21:36Z</time></trkpt><trkpt lat="35.8608899" lon="138.9435974"><ele>1828.8966666666665</ele><time>2025-07-20T05:21:47Z</time></trkpt><trkpt lat="35.8606853" lon="138.9441198"><ele>1827.9133333333332</ele><time>2025-07-20T05:24:15Z</time></trkpt><trkpt lat="35.8607059" lon="138.9438951"><ele>1827.0033333333333</ele><time>2025-07-20T05:24:21Z</time></trkpt><trkpt lat="35.8609175" lon="138.9438315"><ele>1826.0266666666666</ele><time>2025-07-20T05:24:57Z</time></trkpt><trkpt lat="35.8611337" lon="138.9438591"><ele>1829.3233333333335</ele><time>2025-07-20T05:25:12Z</time></trkpt><trkpt lat="35.8613144" lon="138.9438943"><ele>1828.8233333333335</ele><time>2025-07-20T05:25:27Z</time></trkpt><trkpt lat="35.8615011" lon="138.9439424"><ele>1826.6966666666667</ele><time>2025-07-20T05:29:44Z</time></trkpt><trkpt lat="35.8616702" lon="138.9440852"><ele>1824.3400000000001</ele><time>2025-07-20T05:30:08Z</time></trkpt><trkpt lat="35.8614901" lon="138.9439778"><ele>1823.75</ele><time>2025-07-20T05:31:14Z</time></trkpt><trkpt lat="35.8608785" lon="138.9436312"><ele>1834.45</ele><time>2025-07-20T19:50:07Z</time></trkpt><trkpt lat="35.8607427" lon="138.9434765"><ele>1836.275</ele><time>2025-07-20T19:52:28Z</time></trkpt><trkpt lat="35.8605813" lon="138.9433451"><ele>1838.0500000000002</ele><time>2025-07-20T19:52:49Z</time></trkpt><trkpt lat="35.8604127" lon="138.9432151"><ele>1843.0133333333335</ele><time>2025-07-20T19:53:16Z</time></trkpt><trkpt lat="35.8602196" lon="138.9431851"><ele>1849.75</ele><time>2025-07-20T19:53:40Z</time></trkpt><trkpt lat="35.8600556" lon="138.9433309"><ele>1854.7533333333333</ele><time>2025-07-20T19:54:10Z</time></trkpt><trkpt lat="35.8598913" lon="138.9434735"><ele>1858.2700000000002</ele><time>2025-07-20T19:54:34Z</time></trkpt><trkpt lat="35.859781" lon="138.9436719"><ele>1857.7300000000002</ele><time>2025-07-20T19:54:58Z</time></trkpt><trkpt lat="35.859653" lon="138.9438472"><ele>1859.67</ele><time>2025-07-20T19:55:16Z</time></trkpt><trkpt lat="35.859462" lon="138.9438751"><ele>1864.51</ele><time>2025-07-20T19:55:37Z</time></trkpt><trkpt lat="35.8592518" lon="138.9439102"><ele>1871.3766666666668</ele><time>2025-07-20T19:56:01Z</time></trkpt><trkpt lat="35.8590417" lon="138.9439404"><ele>1873.3666666666668</ele><time>2025-07-20T19:56:22Z</time></trkpt><trkpt lat="35.8588562" lon="138.9439164"><ele>1872.8733333333332</ele><time>2025-07-20T19:56:49Z</time></trkpt><trkpt lat="35.8586573" lon="138.9438812"><ele>1873.1899999999998</ele><time>2025-07-20T19:57:06Z</time></trkpt><trkpt lat="35.8584702" lon="138.9439461"><ele>1878.3233333333335</ele><time>2025-07-20T19:57:31Z</time></trkpt><trkpt lat="35.8582913" lon="138.9438634"><ele>1884.9099999999999</ele><time>2025-07-20T19:57:55Z</time></trkpt><trkpt lat="35.8580926" lon="138.9438533"><ele>1889.28</ele><time>2025-07-20T19:58:19Z</time></trkpt><trkpt lat="35.8579098" lon="138.9437327"><ele>1895.5133333333333</ele><time>2025-07-20T19:58:43Z</time></trkpt><trkpt lat="35.857733" lon="138.9437903"><ele>1897.63</ele><time>2025-07-20T19:59:10Z</time></trkpt><trkpt lat="35.8575849" lon="138.9439187"><ele>1899.1766666666665</ele><time>2025-07-20T19:59:38Z</time></trkpt><trkpt lat="35.8573924" lon="138.9440333"><ele>1894.1833333333332</ele><time>2025-07-20T19:59:51Z</time></trkpt><trkpt lat="35.8572202" lon="138.9441191"><ele>1890.5666666666668</ele><time>2025-07-20T20:00:06Z</time></trkpt><trkpt lat="35.8571124" lon="138.9442998"><ele>1889.67</ele><time>2025-07-20T20:00:21Z</time></trkpt><trkpt lat="35.8570662" lon="138.944553"><ele>1889.6166666666668</ele><time>2025-07-20T20:01:37Z</time></trkpt><trkpt lat="35.8570389" lon="138.9447847"><ele>1891.6000000000001</ele><time>2025-07-20T20:01:49Z</time></trkpt><trkpt lat="35.8569706" lon="138.9450079"><ele>1894.0466666666669</ele><time>2025-07-20T20:02:58Z</time></trkpt><trkpt lat="35.8570252" lon="138.9452294"><ele>1895.2833333333335</ele><time>2025-07-20T20:03:28Z</time></trkpt><trkpt lat="35.8568893" lon="138.9453898"><ele>1897.4766666666667</ele><time>2025-07-20T20:04:01Z</time></trkpt><trkpt lat="35.8568062" lon="138.9456152"><ele>1898.9533333333331</ele><time>2025-07-20T20:04:37Z</time></trkpt><trkpt lat="35.8566136" lon="138.945695"><ele>1907.9333333333334</ele><time>2025-07-20T20:05:07Z</time></trkpt><trkpt lat="35.8564302" lon="138.9457152"><ele>1918.3</ele><time>2025-07-20T20:05:34Z</time></trkpt><trkpt lat="35.8562972" lon="138.9458967"><ele>1923.57</ele><time>2025-07-20T20:05:58Z</time></trkpt><trkpt lat="35.856119" lon="138.9457803"><ele>1930.0600000000002</ele><time>2025-07-20T20:06:36Z</time></trkpt><trkpt lat="35.8559319" lon="138.9457494"><ele>1932.17</ele><time>2025-07-20T20:06:57Z</time></trkpt><trkpt lat="35.8557149" lon="138.945738"><ele>1936.9866666666667</ele><time>2025-07-20T20:07:18Z</time></trkpt><trkpt lat="35.8554814" lon="138.9458013"><ele>1933.8633333333335</ele><time>2025-07-20T20:07:36Z</time></trkpt><trkpt lat="35.8554539" lon="138.9460353"><ele>1925.3033333333333</ele><time>2025-07-20T20:08:00Z</time></trkpt><trkpt lat="35.8554585" lon="138.946286"><ele>1912.6299999999999</ele><time>2025-07-20T20:08:12Z</time></trkpt><trkpt lat="35.8554057" lon="138.9465691"><ele>1901.4166666666667</ele><time>2025-07-20T20:08:21Z</time></trkpt><trkpt lat="35.8553419" lon="138.9468204"><ele>1899.4133333333332</ele><time>2025-07-20T20:08:33Z</time></trkpt><trkpt lat="35.8553717" lon="138.9470448"><ele>1904.2366666666667</ele><time>2025-07-20T20:08:51Z</time></trkpt><trkpt lat="35.8553253" lon="138.9472805"><ele>1912.1133333333335</ele><time>2025-07-20T20:09:12Z</time></trkpt><trkpt lat="35.8553591" lon="138.9475222"><ele>1917.22</ele><time>2025-07-20T20:09:39Z</time></trkpt><trkpt lat="35.8554295" lon="138.9477451"><ele>1920.46</ele><time>2025-07-20T20:10:03Z</time></trkpt><trkpt lat="35.8554157" lon="138.9479748"><ele>1922.22</ele><time>2025-07-20T20:10:23Z</time></trkpt><trkpt lat="35.8553688" lon="138.9481981"><ele>1923.8700000000001</ele><time>2025-07-20T20:10:51Z</time></trkpt><trkpt lat="35.8553328" lon="138.9484265"><ele>1925.6033333333335</ele><time>2025-07-20T20:11:12Z</time></trkpt><trkpt lat="35.8551536" lon="138.9485352"><ele>1927.83</ele><time>2025-07-20T20:11:33Z</time></trkpt><trkpt lat="35.8549863" lon="138.9484228"><ele>1929.11</ele><time>2025-07-20T20:12:00Z</time></trkpt><trkpt lat="35.85483" lon="138.9482638"><ele>1929.0966666666666</ele><time>2025-07-20T20:12:24Z</time></trkpt><trkpt lat="35.8547011" lon="138.948069"><ele>1928.1366666666665</ele><time>2025-07-20T20:12:51Z</time></trkpt><trkpt lat="35.8546448" lon="138.9478451"><ele>1927.4166666666667</ele><time>2025-07-20T20:13:09Z</time></trkpt><trkpt lat="35.8544981" lon="138.9476613"><ele>1926.89</ele><time>2025-07-20T20:14:18Z</time></trkpt><trkpt lat="35.8543944" lon="138.9474549"><ele>1925.9866666666667</ele><time>2025-07-20T20:14:42Z</time></trkpt><trkpt lat="35.8542603" lon="138.9472697"><ele>1926.0766666666668</ele><time>2025-07-20T20:15:06Z</time></trkpt><trkpt lat="35.8541237" lon="138.9471246"><ele>1929.926666666667</ele><time>2025-07-20T20:15:36Z</time></trkpt><trkpt lat="35.854005" lon="138.9473038"><ele>1932.2133333333334</ele><time>2025-07-20T20:16:06Z</time></trkpt><trkpt lat="35.8538316" lon="138.9474265"><ele>1934.6899999999998</ele><time>2025-07-20T20:16:42Z</time></trkpt><trkpt lat="35.853625" lon="138.9474416"><ele>1934.17</ele><time>2025-07-20T20:17:06Z</time></trkpt><trkpt lat="35.853445" lon="138.9474285"><ele>1936.64</ele><time>2025-07-20T20:17:39Z</time></trkpt><trkpt lat="35.8532673" lon="138.9474885"><ele>1936.5966666666666</ele><time>2025-07-20T20:18:03Z</time></trkpt><trkpt lat="35.8530748" lon="138.9475947"><ele>1936.4633333333334</ele><time>2025-07-20T20:18:33Z</time></trkpt><trkpt lat="35.8528878" lon="138.9475536"><ele>1935.6433333333334</ele><time>2025-07-20T20:18:57Z</time></trkpt><trkpt lat="35.8526899" lon="138.9475967"><ele>1936.2866666666666</ele><time>2025-07-20T20:19:21Z</time></trkpt><trkpt lat="35.8524969" lon="138.947557"><ele>1937.6666666666667</ele><time>2025-07-20T20:19:44Z</time></trkpt><trkpt lat="35.8523127" lon="138.9476221"><ele>1937.86</ele><time>2025-07-20T20:20:08Z</time></trkpt><trkpt lat="35.8521347" lon="138.9476886"><ele>1937.8700000000001</ele><time>2025-07-20T20:20:42Z</time></trkpt><trkpt lat="35.8519443" lon="138.9477545"><ele>1936.22</ele><time>2025-07-20T20:21:03Z</time></trkpt><trkpt lat="35.8517392" lon="138.947714"><ele>1935.2133333333334</ele><time>2025-07-20T20:21:42Z</time></trkpt><trkpt lat="35.8515564" lon="138.947724"><ele>1933.6966666666667</ele><time>2025-07-20T20:21:57Z</time></trkpt><trkpt lat="35.8513718" lon="138.9478124"><ele>1932.3933333333334</ele><time>2025-07-20T20:22:21Z</time></trkpt><trkpt lat="35.8512063" lon="138.9479559"><ele>1931.4399999999998</ele><time>2025-07-20T20:22:44Z</time></trkpt><trkpt lat="35.8509993" lon="138.9479759"><ele>1931.3133333333335</ele><time>2025-07-20T20:23:09Z</time></trkpt><trkpt lat="35.850811" lon="138.9478537"><ele>1932.5199999999998</ele><time>2025-07-20T20:23:27Z</time></trkpt><trkpt lat="35.8506652" lon="138.947709"><ele>1932.6033333333332</ele><time>2025-07-20T20:27:40Z</time></trkpt><trkpt lat="35.8504896" lon="138.9478182"><ele>1932.47</ele><time>2025-07-20T20:27:55Z</time></trkpt><trkpt lat="35.8503169" lon="138.9478963"><ele>1931.5733333333335</ele><time>2025-07-20T20:28:22Z</time></trkpt><trkpt lat="35.8501689" lon="138.9480229"><ele>1931.4366666666667</ele><time>2025-07-20T20:28:43Z</time></trkpt><trkpt lat="35.8499779" lon="138.94812"><ele>1930.76</ele><time>2025-07-20T20:29:06Z</time></trkpt><trkpt lat="35.8498112" lon="138.9482152"><ele>1931.1566666666665</ele><time>2025-07-20T20:29:22Z</time></trkpt><trkpt lat="35.8496289" lon="138.948236"><ele>1931.3</ele><time>2025-07-20T20:29:40Z</time></trkpt><trkpt lat="35.8494227" lon="138.9482508"><ele>1931.4633333333331</ele><time>2025-07-20T20:29:57Z</time></trkpt><trkpt lat="35.8492322" lon="138.9483642"><ele>1930.7766666666666</ele><time>2025-07-20T20:30:36Z</time></trkpt><trkpt lat="35.8490521" lon="138.9483859"><ele>1927.9766666666667</ele><time>2025-07-20T20:31:22Z</time></trkpt><trkpt lat="35.848873" lon="138.948334"><ele>1923.04</ele><time>2025-07-20T20:32:01Z</time></trkpt><trkpt lat="35.8486929" lon="138.9483153"><ele>1914.6933333333334</ele><time>2025-07-20T20:33:09Z</time></trkpt><trkpt lat="35.8485095" lon="138.9482286"><ele>1905.46</ele><time>2025-07-20T20:33:45Z</time></trkpt><trkpt lat="35.8483398" lon="138.9481335"><ele>1894.8333333333333</ele><time>2025-07-20T20:34:22Z</time></trkpt><trkpt lat="35.8481369" lon="138.9480628"><ele>1885.7133333333334</ele><time>2025-07-20T20:34:43Z</time></trkpt><trkpt lat="35.8479889" lon="138.9479307"><ele>1879.11</ele><time>2025-07-20T20:34:58Z</time></trkpt><trkpt lat="35.8478865" lon="138.9477471"><ele>1875.1633333333332</ele><time>2025-07-20T20:35:13Z</time></trkpt><trkpt lat="35.8477122" lon="138.9476249"><ele>1872.7266666666667</ele><time>2025-07-20T20:35:37Z</time></trkpt><trkpt lat="35.847524" lon="138.9475587"><ele>1868.426666666667</ele><time>2025-07-20T20:36:04Z</time></trkpt><trkpt lat="35.847316" lon="138.9475552"><ele>1861.75</ele><time>2025-07-20T20:36:31Z</time></trkpt><trkpt lat="35.8471121" lon="138.9475544"><ele>1853.7133333333331</ele><time>2025-07-20T20:37:04Z</time></trkpt><trkpt lat="35.8469271" lon="138.9475547"><ele>1845.6866666666665</ele><time>2025-07-20T20:37:33Z</time></trkpt><trkpt lat="35.8467411" lon="138.9475662"><ele>1839.1200000000001</ele><time>2025-07-20T20:38:07Z</time></trkpt><trkpt lat="35.8465337" lon="138.9475952"><ele>1832.5200000000002</ele><time>2025-07-20T20:38:40Z</time></trkpt><trkpt lat="35.8463536" lon="138.9476183"><ele>1826.9799999999998</ele><time>2025-07-20T20:39:01Z</time></trkpt><trkpt lat="35.8461567" lon="138.94765"><ele>1821.0333333333335</ele><time>2025-07-20T20:39:25Z</time></trkpt><trkpt lat="35.8459593" lon="138.9477215"><ele>1816.3733333333332</ele><time>2025-07-20T20:40:00Z</time></trkpt><trkpt lat="35.8457757" lon="138.9477459"><ele>1811.5666666666666</ele><time>2025-07-20T20:40:21Z</time></trkpt><trkpt lat="35.8455746" lon="138.9477213"><ele>1808.0033333333333</ele><time>2025-07-20T20:40:48Z</time></trkpt><trkpt lat="35.8453762" lon="138.9478041"><ele>1804.9433333333334</ele><time>2025-07-20T20:41:04Z</time></trkpt><trkpt lat="35.8451852" lon="138.9478117"><ele>1802.9166666666667</ele><time>2025-07-20T20:41:22Z</time></trkpt><trkpt lat="35.8449805" lon="138.9477933"><ele>1800.426666666667</ele><time>2025-07-20T20:41:40Z</time></trkpt><trkpt lat="35.8447941" lon="138.9477718"><ele>1796.9633333333334</ele><time>2025-07-20T20:41:55Z</time></trkpt><trkpt lat="35.8445957" lon="138.9477145"><ele>1794.29</ele><time>2025-07-20T20:42:10Z</time></trkpt><trkpt lat="35.8444189" lon="138.9476664"><ele>1792.8000000000002</ele><time>2025-07-20T20:42:25Z</time></trkpt><trkpt lat="35.8442383" lon="138.9476445"><ele>1792.7633333333335</ele><time>2025-07-20T20:42:42Z</time></trkpt><trkpt lat="35.8440582" lon="138.9475897"><ele>1793.1200000000001</ele><time>2025-07-20T20:43:03Z</time></trkpt><trkpt lat="35.8438486" lon="138.9475472"><ele>1795.18</ele><time>2025-07-20T20:43:20Z</time></trkpt><trkpt lat="35.8436785" lon="138.9474614"><ele>1799.3466666666666</ele><time>2025-07-20T20:43:43Z</time></trkpt><trkpt lat="35.843505" lon="138.947325"><ele>1804.7533333333333</ele><time>2025-07-20T20:44:06Z</time></trkpt><trkpt lat="35.8433331" lon="138.9471965"><ele>1808.7733333333333</ele><time>2025-07-20T20:44:28Z</time></trkpt><trkpt lat="35.8432068" lon="138.9470384"><ele>1810.4433333333334</ele><time>2025-07-20T20:45:10Z</time></trkpt><trkpt lat="35.8429978" lon="138.9470388"><ele>1807.3499999999997</ele><time>2025-07-20T20:45:37Z</time></trkpt><trkpt lat="35.8428898" lon="138.9472223"><ele>1802.0366666666669</ele><time>2025-07-20T20:46:13Z</time></trkpt><trkpt lat="35.8427138" lon="138.9473266"><ele>1793.61</ele><time>2025-07-20T20:46:52Z</time></trkpt><trkpt lat="35.8425319" lon="138.9473871"><ele>1786.3866666666665</ele><time>2025-07-20T20:47:19Z</time></trkpt><trkpt lat="35.8423607" lon="138.9474966"><ele>1779.0666666666666</ele><time>2025-07-20T20:47:43Z</time></trkpt><trkpt lat="35.8421877" lon="138.9476233"><ele>1773.22</ele><time>2025-07-20T20:48:07Z</time></trkpt><trkpt lat="35.8420186" lon="138.9477122"><ele>1767.1000000000001</ele><time>2025-07-20T20:48:31Z</time></trkpt><trkpt lat="35.841889" lon="138.9478683"><ele>1761.71</ele><time>2025-07-20T20:48:55Z</time></trkpt><trkpt lat="35.8417744" lon="138.948078"><ele>1757.6066666666666</ele><time>2025-07-20T20:49:10Z</time></trkpt><trkpt lat="35.8416013" lon="138.9481846"><ele>1754.79</ele><time>2025-07-20T20:49:37Z</time></trkpt><trkpt lat="35.8414324" lon="138.9483039"><ele>1753.0166666666667</ele><time>2025-07-20T20:49:46Z</time></trkpt><trkpt lat="35.8412456" lon="138.9483845"><ele>1750.9033333333334</ele><time>2025-07-20T20:50:04Z</time></trkpt><trkpt lat="35.8410829" lon="138.9485619"><ele>1748.4133333333332</ele><time>2025-07-20T20:50:28Z</time></trkpt><trkpt lat="35.8408996" lon="138.9486562"><ele>1745.7</ele><time>2025-07-20T20:50:43Z</time></trkpt><trkpt lat="35.8407286" lon="138.9487395"><ele>1743.5933333333332</ele><time>2025-07-20T20:50:58Z</time></trkpt><trkpt lat="35.8405452" lon="138.9488443"><ele>1742.5166666666667</ele><time>2025-07-20T20:51:15Z</time></trkpt><trkpt lat="35.8403851" lon="138.9489983"><ele>1742.2699999999998</ele><time>2025-07-20T20:51:31Z</time></trkpt><trkpt lat="35.8402249" lon="138.9491466"><ele>1742.2299999999998</ele><time>2025-07-20T20:51:46Z</time></trkpt><trkpt lat="35.8400698" lon="138.9493065"><ele>1742.4133333333332</ele><time>2025-07-20T20:52:00Z</time></trkpt><trkpt lat="35.8399333" lon="138.949453"><ele>1743.1500000000003</ele><time>2025-07-20T20:53:01Z</time></trkpt><trkpt lat="35.8397771" lon="138.9496186"><ele>1743.7166666666665</ele><time>2025-07-20T20:53:19Z</time></trkpt><trkpt lat="35.8396341" lon="138.9497766"><ele>1743.9766666666667</ele><time>2025-07-20T20:53:37Z</time></trkpt><trkpt lat="35.8394608" lon="138.9499303"><ele>1743.2833333333335</ele><time>2025-07-20T20:53:55Z</time></trkpt><trkpt lat="35.8392903" lon="138.9500238"><ele>1742.6566666666668</ele><time>2025-07-20T20:54:13Z</time></trkpt><trkpt lat="35.8391324" lon="138.9501723"><ele>1742.08</ele><time>2025-07-20T20:54:31Z</time></trkpt><trkpt lat="35.8389797" lon="138.9503508"><ele>1741.6566666666668</ele><time>2025-07-20T20:54:52Z</time></trkpt><trkpt lat="35.8388179" lon="138.9505111"><ele>1741.1466666666668</ele><time>2025-07-20T20:55:07Z</time></trkpt><trkpt lat="35.8386867" lon="138.9506716"><ele>1740.2466666666667</ele><time>2025-07-20T20:55:49Z</time></trkpt><trkpt lat="35.8385956" lon="138.9508874"><ele>1738.4233333333334</ele><time>2025-07-20T20:56:07Z</time></trkpt><trkpt lat="35.8384717" lon="138.951049"><ele>1735.8033333333333</ele><time>2025-07-20T20:56:25Z</time></trkpt><trkpt lat="35.8383526" lon="138.9512182"><ele>1733.0600000000002</ele><time>2025-07-20T20:56:43Z</time></trkpt><trkpt lat="35.8382477" lon="138.9514044"><ele>1728.5933333333332</ele><time>2025-07-20T20:57:22Z</time></trkpt><trkpt lat="35.8381043" lon="138.951586"><ele>1723.3566666666666</ele><time>2025-07-20T20:57:40Z</time></trkpt><trkpt lat="35.8379515" lon="138.951761"><ele>1717.9266666666665</ele><time>2025-07-20T20:58:01Z</time></trkpt><trkpt lat="35.8378024" lon="138.9519418"><ele>1714.4433333333334</ele><time>2025-07-20T20:58:16Z</time></trkpt><trkpt lat="35.8376389" lon="138.9520868"><ele>1710.3366666666668</ele><time>2025-07-20T20:58:34Z</time></trkpt><trkpt lat="35.8374984" lon="138.9522382"><ele>1705.7633333333333</ele><time>2025-07-20T20:58:52Z</time></trkpt><trkpt lat="35.8373367" lon="138.9523508"><ele>1702.0766666666666</ele><time>2025-07-20T20:59:10Z</time></trkpt><trkpt lat="35.8371882" lon="138.9524918"><ele>1699.0866666666668</ele><time>2025-07-20T20:59:31Z</time></trkpt><trkpt lat="35.8370488" lon="138.9526602"><ele>1695.5733333333335</ele><time>2025-07-20T20:59:49Z</time></trkpt><trkpt lat="35.8368688" lon="138.9528045"><ele>1691.5733333333335</ele><time>2025-07-20T21:00:06Z</time></trkpt><trkpt lat="35.836714" lon="138.9529311"><ele>1689.8400000000001</ele><time>2025-07-20T21:00:21Z</time></trkpt><trkpt lat="35.836549" lon="138.9530232"><ele>1690.3966666666668</ele><time>2025-07-20T21:00:36Z</time></trkpt><trkpt lat="35.8363959" lon="138.9532015"><ele>1691.8166666666666</ele><time>2025-07-20T21:00:54Z</time></trkpt><trkpt lat="35.836274" lon="138.9534233"><ele>1692.8966666666668</ele><time>2025-07-20T21:01:15Z</time></trkpt><trkpt lat="35.8361538" lon="138.9536087"><ele>1693.8266666666666</ele><time>2025-07-20T21:01:30Z</time></trkpt><trkpt lat="35.8360432" lon="138.9538201"><ele>1695.2766666666666</ele><time>2025-07-20T21:01:48Z</time></trkpt><trkpt lat="35.8359098" lon="138.9540338"><ele>1697.1133333333335</ele><time>2025-07-20T21:02:06Z</time></trkpt><trkpt lat="35.8357558" lon="138.9541894"><ele>1699.39</ele><time>2025-07-20T21:02:21Z</time></trkpt><trkpt lat="35.8356" lon="138.9543513"><ele>1700.9266666666665</ele><time>2025-07-20T21:02:36Z</time></trkpt><trkpt lat="35.835446" lon="138.954492"><ele>1701.72</ele><time>2025-07-20T21:02:51Z</time></trkpt><trkpt lat="35.8352684" lon="138.9546152"><ele>1700.6933333333334</ele><time>2025-07-20T21:03:06Z</time></trkpt><trkpt lat="35.8351216" lon="138.9547872"><ele>1698.6266666666668</ele><time>2025-07-20T21:03:24Z</time></trkpt><trkpt lat="35.8350057" lon="138.9549573"><ele>1696.7266666666667</ele><time>2025-07-20T21:03:39Z</time></trkpt><trkpt lat="35.8348798" lon="138.9551605"><ele>1695.38</ele><time>2025-07-20T21:03:54Z</time></trkpt><trkpt lat="35.8347529" lon="138.9553597"><ele>1694.5033333333333</ele><time>2025-07-20T21:04:09Z</time></trkpt><trkpt lat="35.83461" lon="138.9555082"><ele>1693.0400000000002</ele><time>2025-07-20T21:04:24Z</time></trkpt><trkpt lat="35.8345125" lon="138.9557016"><ele>1691.33</ele><time>2025-07-20T21:04:36Z</time></trkpt><trkpt lat="35.8344257" lon="138.9558995"><ele>1689.2766666666666</ele><time>2025-07-20T21:04:49Z</time></trkpt><trkpt lat="35.8343149" lon="138.9560986"><ele>1687.7266666666667</ele><time>2025-07-20T21:05:07Z</time></trkpt><trkpt lat="35.8341462" lon="138.9562541"><ele>1686.6366666666665</ele><time>2025-07-20T21:05:25Z</time></trkpt><trkpt lat="35.8339796" lon="138.9564312"><ele>1685.8966666666668</ele><time>2025-07-20T21:05:40Z</time></trkpt><trkpt lat="35.8337984" lon="138.9565728"><ele>1684.6733333333332</ele><time>2025-07-20T21:05:55Z</time></trkpt><trkpt lat="35.8336509" lon="138.9567688"><ele>1683.4366666666665</ele><time>2025-07-20T21:06:12Z</time></trkpt><trkpt lat="35.8335241" lon="138.9569541"><ele>1682.25</ele><time>2025-07-20T21:06:31Z</time></trkpt><trkpt lat="35.8333869" lon="138.9571559"><ele>1680.926666666667</ele><time>2025-07-20T21:06:49Z</time></trkpt><trkpt lat="35.8332436" lon="138.9573503"><ele>1678.5833333333333</ele><time>2025-07-20T21:07:07Z</time></trkpt><trkpt lat="35.8331036" lon="138.9575187"><ele>1675.5600000000002</ele><time>2025-07-20T21:07:22Z</time></trkpt><trkpt lat="35.8329796" lon="138.9577148"><ele>1671.9799999999998</ele><time>2025-07-20T21:07:45Z</time></trkpt><trkpt lat="35.8329184" lon="138.9579258"><ele>1668.8333333333333</ele><time>2025-07-20T21:08:04Z</time></trkpt><trkpt lat="35.8328114" lon="138.9581273"><ele>1665.3233333333335</ele><time>2025-07-20T21:08:19Z</time></trkpt><trkpt lat="35.8327001" lon="138.9583293"><ele>1662.1566666666668</ele><time>2025-07-20T21:08:37Z</time></trkpt><trkpt lat="35.8325189" lon="138.9584544"><ele>1659.55</ele><time>2025-07-20T21:08:55Z</time></trkpt><trkpt lat="35.8323478" lon="138.9585335"><ele>1657.0833333333333</ele><time>2025-07-20T21:09:10Z</time></trkpt><trkpt lat="35.8321966" lon="138.9586664"><ele>1654.7133333333334</ele><time>2025-07-20T21:09:28Z</time></trkpt><trkpt lat="35.8320086" lon="138.958745"><ele>1652.84</ele><time>2025-07-20T21:10:10Z</time></trkpt><trkpt lat="35.8318326" lon="138.9588025"><ele>1653.1666666666667</ele><time>2025-07-20T21:10:31Z</time></trkpt><trkpt lat="35.8316416" lon="138.9588953"><ele>1655.6766666666665</ele><time>2025-07-20T21:10:55Z</time></trkpt><trkpt lat="35.8314835" lon="138.9590049"><ele>1659.1433333333334</ele><time>2025-07-20T21:11:13Z</time></trkpt><trkpt lat="35.8313219" lon="138.9591296"><ele>1663.6833333333334</ele><time>2025-07-20T21:11:40Z</time></trkpt><trkpt lat="35.8311571" lon="138.9592537"><ele>1667.4533333333336</ele><time>2025-07-20T21:12:04Z</time></trkpt><trkpt lat="35.8310779" lon="138.9594856"><ele>1670.7733333333335</ele><time>2025-07-20T21:12:28Z</time></trkpt><trkpt lat="35.8309885" lon="138.9596885"><ele>1672.2233333333334</ele><time>2025-07-20T21:12:52Z</time></trkpt><trkpt lat="35.8309599" lon="138.9599073"><ele>1674.3733333333332</ele><time>2025-07-20T21:13:15Z</time></trkpt><trkpt lat="35.83095" lon="138.9601549"><ele>1678.926666666667</ele><time>2025-07-20T21:14:04Z</time></trkpt><trkpt lat="35.8308884" lon="138.9603732"><ele>1685.0933333333335</ele><time>2025-07-20T21:14:46Z</time></trkpt><trkpt lat="35.8307979" lon="138.960568"><ele>1692.6633333333332</ele><time>2025-07-20T21:15:40Z</time></trkpt><trkpt lat="35.8307201" lon="138.9607846"><ele>1700.9166666666667</ele><time>2025-07-20T21:16:37Z</time></trkpt><trkpt lat="35.8306691" lon="138.9609983"><ele>1710.2</ele><time>2025-07-20T21:17:37Z</time></trkpt><trkpt lat="35.8305663" lon="138.9611979"><ele>1720.3566666666668</ele><time>2025-07-20T21:19:07Z</time></trkpt><trkpt lat="35.8304909" lon="138.9614121"><ele>1729.2833333333335</ele><time>2025-07-20T21:19:58Z</time></trkpt><trkpt lat="35.8303872" lon="138.9615936"><ele>1737.1233333333337</ele><time>2025-07-20T21:20:49Z</time></trkpt><trkpt lat="35.8301884" lon="138.961624"><ele>1742.8333333333333</ele><time>2025-07-20T21:21:28Z</time></trkpt><trkpt lat="35.8299981" lon="138.9616926"><ele>1747.43</ele><time>2025-07-20T21:21:58Z</time></trkpt><trkpt lat="35.8297851" lon="138.9617365"><ele>1751.1133333333335</ele><time>2025-07-20T21:22:25Z</time></trkpt><trkpt lat="35.8295772" lon="138.9616714"><ele>1752.67</ele><time>2025-07-20T21:24:14Z</time></trkpt><trkpt lat="35.8295121" lon="138.961895"><ele>1752.1466666666668</ele><time>2025-07-20T21:24:41Z</time></trkpt><trkpt lat="35.829437" lon="138.962121"><ele>1747.7733333333333</ele><time>2025-07-20T21:25:08Z</time></trkpt><trkpt lat="35.8292932" lon="138.9622805"><ele>1739.8500000000001</ele><time>2025-07-20T21:25:37Z</time></trkpt><trkpt lat="35.8293465" lon="138.9625002"><ele>1733.67</ele><time>2025-07-20T21:25:59Z</time></trkpt><trkpt lat="35.8292376" lon="138.9627202"><ele>1729.95</ele><time>2025-07-20T21:26:14Z</time></trkpt><trkpt lat="35.82915" lon="138.9629338"><ele>1729.006666666667</ele><time>2025-07-20T21:26:32Z</time></trkpt><trkpt lat="35.8291464" lon="138.9631933"><ele>1726.5933333333332</ele><time>2025-07-20T21:26:59Z</time></trkpt><trkpt lat="35.8291573" lon="138.9634292"><ele>1722.7933333333333</ele><time>2025-07-20T21:27:12Z</time></trkpt><trkpt lat="35.8291968" lon="138.9636706"><ele>1718.0633333333335</ele><time>2025-07-20T21:27:49Z</time></trkpt><trkpt lat="35.8292232" lon="138.9639056"><ele>1711.8566666666666</ele><time>2025-07-20T21:28:07Z</time></trkpt><trkpt lat="35.8291661" lon="138.9641427"><ele>1706.0</ele><time>2025-07-20T21:28:28Z</time></trkpt><trkpt lat="35.8291772" lon="138.9643733"><ele>1700.21</ele><time>2025-07-20T21:28:49Z</time></trkpt><trkpt lat="35.8290191" lon="138.9645019"><ele>1693.88</ele><time>2025-07-20T21:29:24Z</time></trkpt><trkpt lat="35.8289031" lon="138.9646728"><ele>1686.8766666666668</ele><time>2025-07-20T21:30:07Z</time></trkpt><trkpt lat="35.8287847" lon="138.9648408"><ele>1680.1266666666668</ele><time>2025-07-20T21:30:57Z</time></trkpt><trkpt lat="35.8286422" lon="138.9649868"><ele>1673.32</ele><time>2025-07-20T21:31:40Z</time></trkpt><trkpt lat="35.8284826" lon="138.9651451"><ele>1665.5533333333333</ele><time>2025-07-20T21:32:13Z</time></trkpt><trkpt lat="35.8283264" lon="138.9650321"><ele>1654.7133333333334</ele><time>2025-07-20T21:33:22Z</time></trkpt><trkpt lat="35.8282924" lon="138.9647671"><ele>1641.6000000000001</ele><time>2025-07-20T21:33:58Z</time></trkpt><trkpt lat="35.8281074" lon="138.9648112"><ele>1627.39</ele><time>2025-07-20T21:35:13Z</time></trkpt><trkpt lat="35.827961" lon="138.9649835"><ele>1614.3</ele><time>2025-07-20T21:35:34Z</time></trkpt><trkpt lat="35.8278095" lon="138.9651212"><ele>1604.2633333333333</ele><time>2025-07-20T21:35:58Z</time></trkpt><trkpt lat="35.8276987" lon="138.9653186"><ele>1598.68</ele><time>2025-07-20T21:36:22Z</time></trkpt><trkpt lat="35.827519" lon="138.9654967"><ele>1593.8700000000001</ele><time>2025-07-20T21:37:07Z</time></trkpt><trkpt lat="35.8274219" lon="138.9657195"><ele>1590.0733333333335</ele><time>2025-07-20T21:37:55Z</time></trkpt><trkpt lat="35.827344" lon="138.9659478"><ele>1583.8100000000002</ele><time>2025-07-20T21:38:22Z</time></trkpt><trkpt lat="35.8273637" lon="138.9661862"><ele>1580.6499999999999</ele><time>2025-07-20T21:38:43Z</time></trkpt><trkpt lat="35.8271944" lon="138.9660757"><ele>1574.9866666666667</ele><time>2025-07-20T21:39:19Z</time></trkpt><trkpt lat="35.8270284" lon="138.9659362"><ele>1568.9099999999999</ele><time>2025-07-20T21:39:40Z</time></trkpt><trkpt lat="35.8268456" lon="138.9659819"><ele>1559.0833333333333</ele><time>2025-07-20T21:40:07Z</time></trkpt><trkpt lat="35.8266493" lon="138.9659957"><ele>1549.8333333333333</ele><time>2025-07-20T21:40:28Z</time></trkpt><trkpt lat="35.8264412" lon="138.9661718"><ele>1541.9366666666667</ele><time>2025-07-20T21:41:04Z</time></trkpt><trkpt lat="35.8264747" lon="138.9659188"><ele>1536.4733333333334</ele><time>2025-07-20T21:41:47Z</time></trkpt><trkpt lat="35.8266076" lon="138.9657337"><ele>1532.89</ele><time>2025-07-20T21:42:11Z</time></trkpt><trkpt lat="35.8267162" lon="138.9655238"><ele>1526.5933333333332</ele><time>2025-07-20T21:42:32Z</time></trkpt><trkpt lat="35.8265379" lon="138.9655756"><ele>1520.9533333333331</ele><time>2025-07-20T21:43:20Z</time></trkpt><trkpt lat="35.8263288" lon="138.9656301"><ele>1512.7099999999998</ele><time>2025-07-20T21:43:41Z</time></trkpt><trkpt lat="35.8261248" lon="138.9656453"><ele>1506.72</ele><time>2025-07-20T21:44:02Z</time></trkpt><trkpt lat="35.8259374" lon="138.9656501"><ele>1497.2366666666667</ele><time>2025-07-20T21:44:32Z</time></trkpt><trkpt lat="35.825762" lon="138.9657521"><ele>1489.9700000000003</ele><time>2025-07-20T21:45:14Z</time></trkpt><trkpt lat="35.825673" lon="138.9659523"><ele>1484.7733333333335</ele><time>2025-07-20T21:45:50Z</time></trkpt><trkpt lat="35.8255646" lon="138.9661482"><ele>1484.1766666666665</ele><time>2025-07-20T21:46:11Z</time></trkpt><trkpt lat="35.8254235" lon="138.9663558"><ele>1484.72</ele><time>2025-07-20T21:46:47Z</time></trkpt><trkpt lat="35.8252435" lon="138.9664326"><ele>1481.5199999999998</ele><time>2025-07-20T21:47:08Z</time></trkpt><trkpt lat="35.8250928" lon="138.9665835"><ele>1477.5200000000002</ele><time>2025-07-20T21:47:29Z</time></trkpt><trkpt lat="35.8249186" lon="138.966653"><ele>1471.4099999999999</ele><time>2025-07-20T21:47:49Z</time></trkpt><trkpt lat="35.8247239" lon="138.9666604"><ele>1466.573333333333</ele><time>2025-07-20T21:48:26Z</time></trkpt><trkpt lat="35.8245404" lon="138.9667481"><ele>1460.2933333333333</ele><time>2025-07-20T21:48:56Z</time></trkpt><trkpt lat="35.8243627" lon="138.9668585"><ele>1455.2733333333333</ele><time>2025-07-20T21:49:20Z</time></trkpt><trkpt lat="35.8241735" lon="138.9668917"><ele>1448.3333333333333</ele><time>2025-07-20T21:49:41Z</time></trkpt><trkpt lat="35.8239895" lon="138.9668576"><ele>1440.3766666666668</ele><time>2025-07-20T21:50:02Z</time></trkpt><trkpt lat="35.8238215" lon="138.9669509"><ele>1431.7033333333336</ele><time>2025-07-20T21:50:38Z</time></trkpt><trkpt lat="35.8235946" lon="138.9669468"><ele>1425.9566666666667</ele><time>2025-07-20T21:51:14Z</time></trkpt><trkpt lat="35.8233988" lon="138.9669374"><ele>1421.7066666666667</ele><time>2025-07-20T21:51:44Z</time></trkpt><trkpt lat="35.8231922" lon="138.966924"><ele>1417.0333333333335</ele><time>2025-07-20T21:52:08Z</time></trkpt><trkpt lat="35.8229974" lon="138.9669759"><ele>1411.5633333333335</ele><time>2025-07-20T21:52:34Z</time></trkpt><trkpt lat="35.8227915" lon="138.9670482"><ele>1405.8633333333335</ele><time>2025-07-20T21:52:59Z</time></trkpt><trkpt lat="35.8226113" lon="138.9670778"><ele>1401.9233333333334</ele><time>2025-07-20T21:53:17Z</time></trkpt><trkpt lat="35.8224125" lon="138.9670654"><ele>1398.8733333333332</ele><time>2025-07-20T21:53:53Z</time></trkpt><trkpt lat="35.822223" lon="138.9671206"><ele>1393.5766666666668</ele><time>2025-07-20T21:54:08Z</time></trkpt><trkpt lat="35.822024" lon="138.9670984"><ele>1386.6533333333334</ele><time>2025-07-20T21:54:35Z</time></trkpt><trkpt lat="35.8218396" lon="138.9670722"><ele>1379.1633333333332</ele><time>2025-07-20T21:54:50Z</time></trkpt><trkpt lat="35.8216701" lon="138.966947"><ele>1374.1233333333332</ele><time>2025-07-20T21:55:08Z</time></trkpt><trkpt lat="35.8214963" lon="138.9668825"><ele>1367.86</ele><time>2025-07-20T21:55:35Z</time></trkpt><trkpt lat="35.8213235" lon="138.9667463"><ele>1360.9433333333334</ele><time>2025-07-20T21:55:59Z</time></trkpt><trkpt lat="35.8214559" lon="138.9665924"><ele>1355.9033333333334</ele><time>2025-07-20T21:56:29Z</time></trkpt><trkpt lat="35.821595" lon="138.9664187"><ele>1351.8266666666666</ele><time>2025-07-20T21:56:50Z</time></trkpt><trkpt lat="35.8214065" lon="138.9663683"><ele>1345.8333333333333</ele><time>2025-07-20T21:57:53Z</time></trkpt><trkpt lat="35.8212168" lon="138.9664025"><ele>1336.7033333333331</ele><time>2025-07-20T21:58:10Z</time></trkpt><trkpt lat="35.8210311" lon="138.9665105"><ele>1331.1733333333334</ele><time>2025-07-20T21:58:39Z</time></trkpt><trkpt lat="35.820872" lon="138.96666"><ele>1327.55</ele><time>2025-07-20T21:59:06Z</time></trkpt><trkpt lat="35.8207036" lon="138.9667588"><ele>1327.4933333333336</ele><time>2025-07-20T21:59:20Z</time></trkpt><trkpt lat="35.8205367" lon="138.9668917"><ele>1324.6266666666668</ele><time>2025-07-20T21:59:41Z</time></trkpt><trkpt lat="35.8203481" lon="138.9669617"><ele>1321.1866666666667</ele><time>2025-07-20T22:00:14Z</time></trkpt><trkpt lat="35.8201673" lon="138.9669779"><ele>1312.5600000000002</ele><time>2025-07-20T22:00:38Z</time></trkpt><trkpt lat="35.8199878" lon="138.9670417"><ele>1304.5233333333335</ele><time>2025-07-20T22:00:59Z</time></trkpt><trkpt lat="35.819793" lon="138.9670685"><ele>1298.6066666666668</ele><time>2025-07-20T22:01:38Z</time></trkpt><trkpt lat="35.819595" lon="138.9670196"><ele>1295.7033333333334</ele><time>2025-07-20T22:02:08Z</time></trkpt><trkpt lat="35.8194307" lon="138.9668929"><ele>1293.5666666666668</ele><time>2025-07-20T22:02:34Z</time></trkpt><trkpt lat="35.8192497" lon="138.966777"><ele>1291.3633333333335</ele><time>2025-07-20T22:02:56Z</time></trkpt><trkpt lat="35.8190698" lon="138.966725"><ele>1290.0266666666666</ele><time>2025-07-20T22:03:17Z</time></trkpt><trkpt lat="35.8188794" lon="138.9666695"><ele>1287.8266666666666</ele><time>2025-07-20T22:03:34Z</time></trkpt><trkpt lat="35.8186895" lon="138.9666778"><ele>1285.8766666666668</ele><time>2025-07-20T22:03:56Z</time></trkpt><trkpt lat="35.8184669" lon="138.9666691"><ele>1283.8666666666668</ele><time>2025-07-20T22:04:11Z</time></trkpt><trkpt lat="35.8182845" lon="138.966687"><ele>1282.176666666667</ele><time>2025-07-20T22:04:29Z</time></trkpt><trkpt lat="35.8180881" lon="138.9667054"><ele>1280.466666666667</ele><time>2025-07-20T22:04:50Z</time></trkpt><trkpt lat="35.8178981" lon="138.9666895"><ele>1278.4866666666667</ele><time>2025-07-20T22:05:08Z</time></trkpt><trkpt lat="35.8177036" lon="138.9666818"><ele>1275.9733333333334</ele><time>2025-07-20T22:05:29Z</time></trkpt><trkpt lat="35.8175069" lon="138.9666444"><ele>1272.7299999999998</ele><time>2025-07-20T22:05:47Z</time></trkpt><trkpt lat="35.8173202" lon="138.9666455"><ele>1268.6666666666667</ele><time>2025-07-20T22:06:05Z</time></trkpt><trkpt lat="35.8171359" lon="138.966745"><ele>1265.493333333333</ele><time>2025-07-20T22:06:23Z</time></trkpt><trkpt lat="35.8169533" lon="138.966751"><ele>1262.54</ele><time>2025-07-20T22:06:44Z</time></trkpt><trkpt lat="35.8167434" lon="138.9668537"><ele>1261.8766666666668</ele><time>2025-07-20T22:06:59Z</time></trkpt><trkpt lat="35.8165573" lon="138.9668905"><ele>1261.0133333333333</ele><time>2025-07-20T22:07:14Z</time></trkpt><trkpt lat="35.8163745" lon="138.9669105"><ele>1260.9333333333334</ele><time>2025-07-20T22:07:32Z</time></trkpt><trkpt lat="35.8161701" lon="138.9669163"><ele>1259.1433333333334</ele><time>2025-07-20T22:07:49Z</time></trkpt><trkpt lat="35.8159823" lon="138.9670178"><ele>1256.84</ele><time>2025-07-20T22:08:11Z</time></trkpt><trkpt lat="35.8157907" lon="138.9669766"><ele>1255.3500000000001</ele><time>2025-07-20T22:09:33Z</time></trkpt><trkpt lat="35.815611" lon="138.9670205"><ele>1253.0133333333333</ele><time>2025-07-20T22:09:58Z</time></trkpt><trkpt lat="35.8154148" lon="138.9669683"><ele>1252.0533333333333</ele><time>2025-07-20T22:10:14Z</time></trkpt><trkpt lat="35.8152278" lon="138.9669492"><ele>1250.17</ele><time>2025-07-20T22:10:29Z</time></trkpt><trkpt lat="35.8150418" lon="138.9669977"><ele>1250.0500000000002</ele><time>2025-07-20T22:10:47Z</time></trkpt><trkpt lat="35.8148181" lon="138.9670725"><ele>1248.0033333333333</ele><time>2025-07-20T22:11:05Z</time></trkpt><trkpt lat="35.8146339" lon="138.9670466"><ele>1246.0133333333333</ele><time>2025-07-20T22:11:20Z</time></trkpt><trkpt lat="35.8144708" lon="138.9669492"><ele>1243.3066666666666</ele><time>2025-07-20T22:11:41Z</time></trkpt><trkpt lat="35.814287" lon="138.9669359"><ele>1240.0900000000001</ele><time>2025-07-20T22:11:56Z</time></trkpt><trkpt lat="35.8140806" lon="138.9668774"><ele>1236.6033333333335</ele><time>2025-07-20T22:12:17Z</time></trkpt><trkpt lat="35.8138805" lon="138.9669186"><ele>1233.8433333333332</ele><time>2025-07-20T22:12:38Z</time></trkpt><trkpt lat="35.8137148" lon="138.9670247"><ele>1230.4166666666667</ele><time>2025-07-20T22:12:53Z</time></trkpt><trkpt lat="35.8136045" lon="138.967223"><ele>1226.1666666666667</ele><time>2025-07-20T22:13:11Z</time></trkpt><trkpt lat="35.8134749" lon="138.9674208"><ele>1220.86</ele><time>2025-07-20T22:13:35Z</time></trkpt><trkpt lat="35.8132867" lon="138.9676884"><ele>1216.03</ele><time>2025-07-20T22:13:48Z</time></trkpt><trkpt lat="35.8131094" lon="138.9677565"><ele>1212.0933333333335</ele><time>2025-07-20T22:13:59Z</time></trkpt><trkpt lat="35.8129399" lon="138.9676347"><ele>1208.63</ele><time>2025-07-20T22:14:27Z</time></trkpt><trkpt lat="35.8127939" lon="138.9675037"><ele>1207.38</ele><time>2025-07-20T22:14:45Z</time></trkpt><trkpt lat="35.8126019" lon="138.9674799"><ele>1203.11</ele><time>2025-07-20T22:15:09Z</time></trkpt><trkpt lat="35.8123435" lon="138.9676313"><ele>1194.3566666666668</ele><time>2025-07-20T22:15:35Z</time></trkpt><trkpt lat="35.8121209" lon="138.9676401"><ele>1188.0233333333335</ele><time>2025-07-20T22:15:47Z</time></trkpt><trkpt lat="35.8119366" lon="138.9676668"><ele>1187.5366666666669</ele><time>2025-07-20T22:16:35Z</time></trkpt><trkpt lat="35.8117478" lon="138.9676698"><ele>1193.5366666666666</ele><time>2025-07-20T22:16:56Z</time></trkpt><trkpt lat="35.8115753" lon="138.9675638"><ele>1199.3533333333335</ele><time>2025-07-20T22:17:17Z</time></trkpt><trkpt lat="35.8113851" lon="138.9675356"><ele>1202.1866666666667</ele><time>2025-07-20T22:17:35Z</time></trkpt><trkpt lat="35.8111823" lon="138.9675852"><ele>1201.8166666666666</ele><time>2025-07-20T22:17:56Z</time></trkpt><trkpt lat="35.8109846" lon="138.9675751"><ele>1197.0933333333332</ele><time>2025-07-20T22:18:17Z</time></trkpt><trkpt lat="35.8107934" lon="138.9675552"><ele>1190.78</ele><time>2025-07-20T22:18:32Z</time></trkpt><trkpt lat="35.8106089" lon="138.9675111"><ele>1185.51</ele><time>2025-07-20T22:18:49Z</time></trkpt><trkpt lat="35.8104535" lon="138.9673403"><ele>1183.79</ele><time>2025-07-20T22:19:14Z</time></trkpt><trkpt lat="35.8102526" lon="138.9673287"><ele>1181.1433333333334</ele><time>2025-07-20T22:19:29Z</time></trkpt><trkpt lat="35.8100929" lon="138.9672148"><ele>1177.5266666666669</ele><time>2025-07-20T22:19:50Z</time></trkpt><trkpt lat="35.8099044" lon="138.9671941"><ele>1165.756666666667</ele><time>2025-07-20T22:20:20Z</time></trkpt><trkpt lat="35.8097356" lon="138.9670984"><ele>1154.4833333333336</ele><time>2025-07-20T22:20:35Z</time></trkpt><trkpt lat="35.8095515" lon="138.9670414"><ele>1143.2833333333335</ele><time>2025-07-20T22:20:50Z</time></trkpt><trkpt lat="35.8093577" lon="138.9669502"><ele>1136.71</ele><time>2025-07-20T22:21:02Z</time></trkpt><trkpt lat="35.8091538" lon="138.9669303"><ele>1134.24</ele><time>2025-07-20T22:21:20Z</time></trkpt><trkpt lat="35.8089908" lon="138.9670306"><ele>1132.7966666666669</ele><time>2025-07-20T22:21:41Z</time></trkpt><trkpt lat="35.8087867" lon="138.9670239"><ele>1134.4099999999999</ele><time>2025-07-20T22:22:05Z</time></trkpt><trkpt lat="35.8085997" lon="138.9670094"><ele>1135.4733333333334</ele><time>2025-07-20T22:22:26Z</time></trkpt><trkpt lat="35.8083864" lon="138.9670641"><ele>1137.8566666666666</ele><time>2025-07-20T22:22:41Z</time></trkpt><trkpt lat="35.808199" lon="138.9671086"><ele>1140.68</ele><time>2025-07-20T22:23:07Z</time></trkpt><trkpt lat="35.807946" lon="138.967145"><ele>1143.9266666666665</ele><time>2025-07-20T22:23:26Z</time></trkpt><trkpt lat="35.8077511" lon="138.9672433"><ele>1142.2166666666665</ele><time>2025-07-20T22:23:44Z</time></trkpt><trkpt lat="35.8075512" lon="138.9672725"><ele>1136.8</ele><time>2025-07-20T22:24:08Z</time></trkpt><trkpt lat="35.807357" lon="138.9672664"><ele>1129.9399999999998</ele><time>2025-07-20T22:24:26Z</time></trkpt><trkpt lat="35.8071478" lon="138.9672269"><ele>1126.2766666666666</ele><time>2025-07-20T22:24:41Z</time></trkpt><trkpt lat="35.8069468" lon="138.967298"><ele>1119.9833333333333</ele><time>2025-07-20T22:24:53Z</time></trkpt><trkpt lat="35.8067513" lon="138.9672892"><ele>1110.7533333333333</ele><time>2025-07-20T22:25:08Z</time></trkpt><trkpt lat="35.8066384" lon="138.9670099"><ele>1101.45</ele><time>2025-07-20T22:25:51Z</time></trkpt><trkpt lat="35.8064043" lon="138.9668499"><ele>1093.6066666666668</ele><time>2025-07-20T22:26:18Z</time></trkpt><trkpt lat="35.8062202" lon="138.9667574"><ele>1088.8033333333335</ele><time>2025-07-20T22:26:34Z</time></trkpt><trkpt lat="35.8060022" lon="138.9667435"><ele>1085.61</ele><time>2025-07-20T22:26:40Z</time></trkpt><trkpt lat="35.8058206" lon="138.9666896"><ele>1086.4799999999998</ele><time>2025-07-20T22:26:55Z</time></trkpt><trkpt lat="35.8056266" lon="138.9668214"><ele>1087.42</ele><time>2025-07-20T22:27:11Z</time></trkpt><trkpt lat="35.8054514" lon="138.9668848"><ele>1086.8766666666668</ele><time>2025-07-20T22:27:29Z</time></trkpt><trkpt lat="35.8052663" lon="138.9667712"><ele>1085.52</ele><time>2025-07-20T22:27:50Z</time></trkpt><trkpt lat="35.8050672" lon="138.9668061"><ele>1081.7766666666666</ele><time>2025-07-20T22:28:14Z</time></trkpt><trkpt lat="35.8048866" lon="138.9667555"><ele>1077.74</ele><time>2025-07-20T22:28:32Z</time></trkpt><trkpt lat="35.8046878" lon="138.9667533"><ele>1072.0933333333335</ele><time>2025-07-20T22:28:50Z</time></trkpt><trkpt lat="35.8045037" lon="138.966714"><ele>1068.7433333333333</ele><time>2025-07-20T22:29:14Z</time></trkpt><trkpt lat="35.8043701" lon="138.9669184"><ele>1063.76</ele><time>2025-07-20T22:29:35Z</time></trkpt><trkpt lat="35.8042609" lon="138.9671397"><ele>1058.256666666667</ele><time>2025-07-20T22:29:47Z</time></trkpt><trkpt lat="35.8041727" lon="138.9673384"><ele>1051.8533333333332</ele><time>2025-07-20T22:30:08Z</time></trkpt><trkpt lat="35.8040781" lon="138.9675364"><ele>1048.993333333333</ele><time>2025-07-20T22:30:26Z</time></trkpt><trkpt lat="35.8038881" lon="138.9676542"><ele>1048.72</ele><time>2025-07-20T22:30:47Z</time></trkpt><trkpt lat="35.8037118" lon="138.967763"><ele>1048.6733333333334</ele><time>2025-07-20T22:31:02Z</time></trkpt><trkpt lat="35.8035237" lon="138.967847"><ele>1047.5566666666666</ele><time>2025-07-20T22:31:23Z</time></trkpt><trkpt lat="35.8033677" lon="138.9680179"><ele>1045.9533333333331</ele><time>2025-07-20T22:31:37Z</time></trkpt><trkpt lat="35.803197" lon="138.9681026"><ele>1045.33</ele><time>2025-07-20T22:31:56Z</time></trkpt><trkpt lat="35.8030071" lon="138.9680911"><ele>1046.4233333333334</ele><time>2025-07-20T22:32:20Z</time></trkpt><trkpt lat="35.8027678" lon="138.9681098"><ele>1047.5033333333333</ele><time>2025-07-20T22:33:11Z</time></trkpt><trkpt lat="35.8025776" lon="138.9681503"><ele>1046.1733333333334</ele><time>2025-07-20T22:33:26Z</time></trkpt><trkpt lat="35.8023755" lon="138.9681084"><ele>1043.3466666666666</ele><time>2025-07-20T22:33:53Z</time></trkpt><trkpt lat="35.8022023" lon="138.9680321"><ele>1039.67</ele><time>2025-07-20T22:34:14Z</time></trkpt><trkpt lat="35.8020126" lon="138.9679382"><ele>1038.82</ele><time>2025-07-20T22:34:29Z</time></trkpt><trkpt lat="35.8018562" lon="138.9680754"><ele>1035.7033333333331</ele><time>2025-07-20T22:34:41Z</time></trkpt><trkpt lat="35.8016682" lon="138.968032"><ele>1036.2133333333334</ele><time>2025-07-20T22:35:05Z</time></trkpt><trkpt lat="35.8015167" lon="138.9679054"><ele>1035.4766666666667</ele><time>2025-07-20T22:35:23Z</time></trkpt><trkpt lat="35.8012893" lon="138.9677516"><ele>1035.5900000000001</ele><time>2025-07-20T22:36:02Z</time></trkpt><trkpt lat="35.8011713" lon="138.9675826"><ele>1032.0033333333333</ele><time>2025-07-20T22:36:17Z</time></trkpt><trkpt lat="35.8009893" lon="138.967511"><ele>1025.7433333333333</ele><time>2025-07-20T22:36:35Z</time></trkpt><trkpt lat="35.8009098" lon="138.9672953"><ele>1020.1366666666667</ele><time>2025-07-20T22:36:41Z</time></trkpt><trkpt lat="35.8007216" lon="138.9673054"><ele>1011.6533333333333</ele><time>2025-07-20T22:40:53Z</time></trkpt><trkpt lat="35.8005897" lon="138.9674612"><ele>1002.3133333333334</ele><time>2025-07-20T22:41:35Z</time></trkpt><trkpt lat="35.8004987" lon="138.9672618"><ele>997.2399999999999</ele><time>2025-07-20T22:41:47Z</time></trkpt><trkpt lat="35.8003072" lon="138.9672283"><ele>993.0733333333333</ele><time>2025-07-20T22:42:08Z</time></trkpt><trkpt lat="35.8000922" lon="138.9672498"><ele>991.9033333333333</ele><time>2025-07-20T22:42:19Z</time></trkpt><trkpt lat="35.7999031" lon="138.9673353"><ele>989.08</ele><time>2025-07-20T22:42:37Z</time></trkpt><trkpt lat="35.7997861" lon="138.9675363"><ele>986.0333333333333</ele><time>2025-07-20T22:42:52Z</time></trkpt><trkpt lat="35.7996269" lon="138.9676942"><ele>988.0833333333334</ele><time>2025-07-20T22:43:07Z</time></trkpt><trkpt lat="35.7995474" lon="138.967904"><ele>984.8566666666666</ele><time>2025-07-20T22:43:26Z</time></trkpt><trkpt lat="35.7994003" lon="138.9680673"><ele>984.8633333333333</ele><time>2025-07-20T22:43:44Z</time></trkpt><trkpt lat="35.7992951" lon="138.968275"><ele>980.9533333333334</ele><time>2025-07-20T22:44:10Z</time></trkpt><trkpt lat="35.7991256" lon="138.9684209"><ele>980.2866666666665</ele><time>2025-07-20T22:44:25Z</time></trkpt><trkpt lat="35.7990376" lon="138.9686196"><ele>977.9533333333334</ele><time>2025-07-20T22:44:40Z</time></trkpt><trkpt lat="35.7989428" lon="138.9688125"><ele>973.1833333333334</ele><time>2025-07-20T22:44:56Z</time></trkpt><trkpt lat="35.7987678" lon="138.9688896"><ele>968.8933333333333</ele><time>2025-07-20T22:45:23Z</time></trkpt><trkpt lat="35.7985844" lon="138.9690113"><ele>962.6300000000001</ele><time>2025-07-20T22:45:38Z</time></trkpt><trkpt lat="35.7984146" lon="138.9691399"><ele>958.8633333333333</ele><time>2025-07-20T22:45:56Z</time></trkpt><trkpt lat="35.7982424" lon="138.9692638"><ele>955.3066666666667</ele><time>2025-07-20T22:46:14Z</time></trkpt><trkpt lat="35.798123" lon="138.9694412"><ele>953.5500000000001</ele><time>2025-07-20T22:46:32Z</time></trkpt><trkpt lat="35.7979359" lon="138.9694808"><ele>952.3833333333333</ele><time>2025-07-20T22:46:58Z</time></trkpt><trkpt lat="35.7977279" lon="138.9694718"><ele>951.1966666666667</ele><time>2025-07-20T22:47:17Z</time></trkpt><trkpt lat="35.7976625" lon="138.9697234"><ele>949.11</ele><time>2025-07-20T22:47:35Z</time></trkpt><trkpt lat="35.7975796" lon="138.9699337"><ele>945.7866666666667</ele><time>2025-07-20T22:47:47Z</time></trkpt><trkpt lat="35.7975195" lon="138.9701876"><ele>941.6633333333334</ele><time>2025-07-20T22:47:59Z</time></trkpt><trkpt lat="35.7974606" lon="138.9704238"><ele>940.41</ele><time>2025-07-20T22:48:11Z</time></trkpt><trkpt lat="35.797365" lon="138.9706662"><ele>938.0500000000001</ele><time>2025-07-20T22:48:31Z</time></trkpt><trkpt lat="35.7972383" lon="138.9708663"><ele>935.2733333333334</ele><time>2025-07-20T22:48:59Z</time></trkpt><trkpt lat="35.7971445" lon="138.9710641"><ele>928.54</ele><time>2025-07-20T22:49:17Z</time></trkpt><trkpt lat="35.7970023" lon="138.9712312"><ele>919.8166666666666</ele><time>2025-07-20T22:49:37Z</time></trkpt><trkpt lat="35.7967987" lon="138.9711759"><ele>913.5200000000001</ele><time>2025-07-20T22:49:56Z</time></trkpt><trkpt lat="35.7966085" lon="138.9711814"><ele>908.9200000000001</ele><time>2025-07-20T22:50:19Z</time></trkpt><trkpt lat="35.7963998" lon="138.9711694"><ele>907.9266666666667</ele><time>2025-07-20T22:50:38Z</time></trkpt><trkpt lat="35.7961405" lon="138.9713381"><ele>903.7066666666666</ele><time>2025-07-20T22:50:50Z</time></trkpt><trkpt lat="35.7959426" lon="138.9713739"><ele>903.1566666666668</ele><time>2025-07-20T22:51:05Z</time></trkpt><trkpt lat="35.7957631" lon="138.9714376"><ele>900.3633333333333</ele><time>2025-07-20T22:51:23Z</time></trkpt><trkpt lat="35.79558" lon="138.9714739"><ele>895.6433333333334</ele><time>2025-07-20T22:51:44Z</time></trkpt><trkpt lat="35.7953844" lon="138.9714684"><ele>889.1933333333333</ele><time>2025-07-20T22:52:02Z</time></trkpt><trkpt lat="35.7951998" lon="138.9713092"><ele>884.9333333333334</ele><time>2025-07-20T22:52:32Z</time></trkpt><trkpt lat="35.7950005" lon="138.9712074"><ele>883.98</ele><time>2025-07-20T22:52:47Z</time></trkpt><trkpt lat="35.7948165" lon="138.9712599"><ele>879.6333333333333</ele><time>2025-07-20T22:53:05Z</time></trkpt><trkpt lat="35.794629" lon="138.9713812"><ele>876.8133333333334</ele><time>2025-07-20T22:53:23Z</time></trkpt><trkpt lat="35.794473" lon="138.9714938"><ele>873.62</ele><time>2025-07-20T22:53:41Z</time></trkpt><trkpt lat="35.79432" lon="138.9716285"><ele>875.1</ele><time>2025-07-20T22:54:02Z</time></trkpt><trkpt lat="35.7941904" lon="138.9718646"><ele>873.3233333333334</ele><time>2025-07-20T22:54:17Z</time></trkpt><trkpt lat="35.7940575" lon="138.9720273"><ele>872.7333333333332</ele><time>2025-07-20T22:54:32Z</time></trkpt><trkpt lat="35.7939112" lon="138.9722028"><ele>870.9733333333334</ele><time>2025-07-20T22:54:53Z</time></trkpt><trkpt lat="35.7937747" lon="138.9723697"><ele>869.9499999999999</ele><time>2025-07-20T22:55:02Z</time></trkpt><trkpt lat="35.7935987" lon="138.9725491"><ele>866.9433333333333</ele><time>2025-07-20T22:55:17Z</time></trkpt><trkpt lat="35.7934786" lon="138.9727296"><ele>863.75</ele><time>2025-07-20T22:55:32Z</time></trkpt><trkpt lat="35.7932976" lon="138.9728437"><ele>862.6633333333334</ele><time>2025-07-20T22:55:53Z</time></trkpt><trkpt lat="35.7930473" lon="138.972913"><ele>862.7666666666668</ele><time>2025-07-20T22:56:18Z</time></trkpt><trkpt lat="35.7929995" lon="138.9731338"><ele>860.07</ele><time>2025-07-20T22:56:27Z</time></trkpt><trkpt lat="35.7929526" lon="138.9733547"><ele>856.5366666666665</ele><time>2025-07-20T22:56:38Z</time></trkpt><trkpt lat="35.7929916" lon="138.9736091"><ele>851.87</ele><time>2025-07-20T22:56:54Z</time></trkpt><trkpt lat="35.7927816" lon="138.9736701"><ele>851.12</ele><time>2025-07-20T22:57:30Z</time></trkpt><trkpt lat="35.7925873" lon="138.9735738"><ele>849.02</ele><time>2025-07-20T22:57:42Z</time></trkpt><trkpt lat="35.7924782" lon="138.973378"><ele>849.7966666666666</ele><time>2025-07-20T22:58:00Z</time></trkpt><trkpt lat="35.7923682" lon="138.9731681"><ele>851.46</ele><time>2025-07-20T22:58:24Z</time></trkpt><trkpt lat="35.7922185" lon="138.9730368"><ele>853.4833333333332</ele><time>2025-07-20T22:58:36Z</time></trkpt><trkpt lat="35.792038" lon="138.9729605"><ele>853.2166666666667</ele><time>2025-07-20T22:58:51Z</time></trkpt><trkpt lat="35.7918694" lon="138.9728719"><ele>851.2833333333333</ele><time>2025-07-20T22:59:03Z</time></trkpt><trkpt lat="35.7916805" lon="138.9727573"><ele>848.0966666666667</ele><time>2025-07-20T22:59:24Z</time></trkpt><trkpt lat="35.7914489" lon="138.9727682"><ele>841.0566666666667</ele><time>2025-07-20T22:59:39Z</time></trkpt><trkpt lat="35.79123" lon="138.9727831"><ele>834.7466666666668</ele><time>2025-07-20T22:59:54Z</time></trkpt><trkpt lat="35.7910615" lon="138.9729209"><ele>831.77</ele><time>2025-07-20T23:00:11Z</time></trkpt><trkpt lat="35.7909235" lon="138.973122"><ele>832.5100000000001</ele><time>2025-07-20T23:00:24Z</time></trkpt><trkpt lat="35.7907268" lon="138.9733625"><ele>831.3333333333334</ele><time>2025-07-20T23:00:39Z</time></trkpt><trkpt lat="35.7905686" lon="138.9734746"><ele>828.5466666666666</ele><time>2025-07-20T23:00:51Z</time></trkpt><trkpt lat="35.7903801" lon="138.9735249"><ele>828.04</ele><time>2025-07-20T23:01:06Z</time></trkpt><trkpt lat="35.7901968" lon="138.9735504"><ele>826.4499999999999</ele><time>2025-07-20T23:01:27Z</time></trkpt><trkpt lat="35.7899937" lon="138.9735207"><ele>827.4333333333334</ele><time>2025-07-20T23:01:42Z</time></trkpt><trkpt lat="35.7898079" lon="138.9735273"><ele>827.8833333333333</ele><time>2025-07-20T23:01:57Z</time></trkpt><trkpt lat="35.7896299" lon="138.9736125"><ele>829.4966666666668</ele><time>2025-07-20T23:02:11Z</time></trkpt><trkpt lat="35.7894676" lon="138.9737427"><ele>826.5266666666666</ele><time>2025-07-20T23:02:27Z</time></trkpt><trkpt lat="35.7892429" lon="138.9737475"><ele>823.9966666666668</ele><time>2025-07-20T23:02:39Z</time></trkpt><trkpt lat="35.7890467" lon="138.9738474"><ele>821.9833333333335</ele><time>2025-07-20T23:02:57Z</time></trkpt><trkpt lat="35.7888705" lon="138.9739751"><ele>821.0366666666667</ele><time>2025-07-20T23:03:15Z</time></trkpt><trkpt lat="35.7887269" lon="138.9741095"><ele>820.5</ele><time>2025-07-20T23:03:36Z</time></trkpt><trkpt lat="35.7885895" lon="138.9742919"><ele>819.5666666666666</ele><time>2025-07-20T23:03:57Z</time></trkpt><trkpt lat="35.7884652" lon="138.9744742"><ele>818.0233333333334</ele><time>2025-07-20T23:04:18Z</time></trkpt><trkpt lat="35.7882852" lon="138.9745905"><ele>812.4566666666666</ele><time>2025-07-20T23:04:33Z</time></trkpt><trkpt lat="35.7881773" lon="138.9747932"><ele>803.7166666666667</ele><time>2025-07-20T23:04:45Z</time></trkpt><trkpt lat="35.7880107" lon="138.9749653"><ele>796.4</ele><time>2025-07-20T23:05:00Z</time></trkpt><trkpt lat="35.7878726" lon="138.9751374"><ele>791.46</ele><time>2025-07-20T23:05:21Z</time></trkpt><trkpt lat="35.7877087" lon="138.9753202"><ele>789.2266666666666</ele><time>2025-07-20T23:05:39Z</time></trkpt><trkpt lat="35.7875349" lon="138.9754682"><ele>786.0166666666668</ele><time>2025-07-20T23:05:50Z</time></trkpt><trkpt lat="35.7873888" lon="138.9756308"><ele>782.85</ele><time>2025-07-20T23:06:08Z</time></trkpt><trkpt lat="35.7872618" lon="138.9758204"><ele>779.6066666666666</ele><time>2025-07-20T23:06:22Z</time></trkpt><trkpt lat="35.7871119" lon="138.9759816"><ele>774.94</ele><time>2025-07-20T23:06:37Z</time></trkpt><trkpt lat="35.7869768" lon="138.9761379"><ele>768.9133333333333</ele><time>2025-07-20T23:06:51Z</time></trkpt><trkpt lat="35.7868363" lon="138.9763683"><ele>762.0099999999999</ele><time>2025-07-20T23:07:03Z</time></trkpt><trkpt lat="35.7866672" lon="138.976486"><ele>756.9766666666668</ele><time>2025-07-20T23:07:17Z</time></trkpt><trkpt lat="35.7864927" lon="138.9766039"><ele>751.6466666666666</ele><time>2025-07-20T23:07:32Z</time></trkpt><trkpt lat="35.7864141" lon="138.9768246"><ele>747.5300000000001</ele><time>2025-07-20T23:07:52Z</time></trkpt><trkpt lat="35.7862906" lon="138.9770233"><ele>744.6933333333333</ele><time>2025-07-20T23:08:04Z</time></trkpt><trkpt lat="35.7861312" lon="138.9772097"><ele>742.6233333333333</ele><time>2025-07-20T23:08:19Z</time></trkpt><trkpt lat="35.7860042" lon="138.9773871"><ele>740.93</ele><time>2025-07-20T23:08:28Z</time></trkpt><trkpt lat="35.7858062" lon="138.9775263"><ele>735.0833333333334</ele><time>2025-07-20T23:08:39Z</time></trkpt><trkpt lat="35.7856459" lon="138.9776578"><ele>727.2633333333333</ele><time>2025-07-20T23:09:04Z</time></trkpt><trkpt lat="35.785495" lon="138.9778264"><ele>720.8466666666667</ele><time>2025-07-20T23:09:23Z</time></trkpt><trkpt lat="35.7854139" lon="138.9780723"><ele>720.12</ele><time>2025-07-20T23:09:47Z</time></trkpt><trkpt lat="35.7855753" lon="138.9782424"><ele>725.3433333333334</ele><time>2025-07-20T23:09:50Z</time></trkpt><trkpt lat="35.7853232" lon="138.9781437"><ele>726.9666666666667</ele><time>2025-07-20T23:09:59Z</time></trkpt><trkpt lat="35.7851116" lon="138.9781555"><ele>722.36</ele><time>2025-07-20T23:10:05Z</time></trkpt><trkpt lat="35.7849168" lon="138.9782243"><ele>712.92</ele><time>2025-07-20T23:10:20Z</time></trkpt><trkpt lat="35.7847277" lon="138.9782817"><ele>703.6366666666667</ele><time>2025-07-20T23:10:35Z</time></trkpt><trkpt lat="35.7845584" lon="138.9784328"><ele>702.8233333333334</ele><time>2025-07-20T23:10:56Z</time></trkpt><trkpt lat="35.7843619" lon="138.9784978"><ele>701.0333333333333</ele><time>2025-07-20T23:11:11Z</time></trkpt><trkpt lat="35.7842001" lon="138.9786465"><ele>702.73</ele><time>2025-07-20T23:11:29Z</time></trkpt><trkpt lat="35.7840271" lon="138.9787297"><ele>698.6133333333333</ele><time>2025-07-20T23:11:52Z</time></trkpt><trkpt lat="35.7838285" lon="138.9790228"><ele>697.82</ele><time>2025-07-20T23:11:55Z</time></trkpt><trkpt lat="35.7836761" lon="138.979166"><ele>696.4466666666667</ele><time>2025-07-20T23:12:12Z</time></trkpt><trkpt lat="35.7834686" lon="138.9792545"><ele>694.77</ele><time>2025-07-20T23:12:30Z</time></trkpt><trkpt lat="35.7834255" lon="138.9794698"><ele>699.2033333333334</ele><time>2025-07-20T23:12:39Z</time></trkpt><trkpt lat="35.7832441" lon="138.9793312"><ele>696.9699999999999</ele><time>2025-07-20T23:13:00Z</time></trkpt><trkpt lat="35.7830652" lon="138.97926"><ele>692.3566666666667</ele><time>2025-07-20T23:13:20Z</time></trkpt><trkpt lat="35.7829726" lon="138.9794632"><ele>683.9900000000001</ele><time>2025-07-20T23:13:48Z</time></trkpt><trkpt lat="35.7829179" lon="138.9796832"><ele>682.0333333333334</ele><time>2025-07-20T23:14:09Z</time></trkpt><trkpt lat="35.7827095" lon="138.9796911"><ele>681.0566666666667</ele><time>2025-07-20T23:14:27Z</time></trkpt><trkpt lat="35.7825279" lon="138.9796799"><ele>675.5533333333333</ele><time>2025-07-20T23:14:39Z</time></trkpt><trkpt lat="35.7823205" lon="138.9796942"><ele>669.0300000000001</ele><time>2025-07-20T23:14:54Z</time></trkpt><trkpt lat="35.7820889" lon="138.9797419"><ele>665.8766666666667</ele><time>2025-07-20T23:15:20Z</time></trkpt><trkpt lat="35.7819094" lon="138.9798383"><ele>663.5033333333334</ele><time>2025-07-20T23:15:34Z</time></trkpt><trkpt lat="35.7817743" lon="138.9800258"><ele>662.21</ele><time>2025-07-20T23:15:52Z</time></trkpt><trkpt lat="35.7816205" lon="138.9801561"><ele>660.0766666666667</ele><time>2025-07-20T23:16:13Z</time></trkpt><trkpt lat="35.7814512" lon="138.9803171"><ele>655.8033333333333</ele><time>2025-07-20T23:16:33Z</time></trkpt><trkpt lat="35.7812783" lon="138.9804242"><ele>650.9833333333335</ele><time>2025-07-20T23:16:54Z</time></trkpt><trkpt lat="35.7810763" lon="138.9804552"><ele>644.4633333333334</ele><time>2025-07-20T23:17:17Z</time></trkpt><trkpt lat="35.7808837" lon="138.980504"><ele>641.9566666666666</ele><time>2025-07-20T23:17:42Z</time></trkpt><trkpt lat="35.7806869" lon="138.9806858"><ele>641.61</ele><time>2025-07-20T23:18:09Z</time></trkpt><trkpt lat="35.7804806" lon="138.9807545"><ele>639.4133333333334</ele><time>2025-07-20T23:18:24Z</time></trkpt><trkpt lat="35.7803082" lon="138.9808548"><ele>633.2133333333333</ele><time>2025-07-20T23:18:36Z</time></trkpt><trkpt lat="35.7801066" lon="138.9809714"><ele>621.5733333333334</ele><time>2025-07-20T23:18:48Z</time></trkpt><trkpt lat="35.7799965" lon="138.9811663"><ele>613.5566666666667</ele><time>2025-07-20T23:19:03Z</time></trkpt><trkpt lat="35.7798347" lon="138.9813303"><ele>607.3000000000001</ele><time>2025-07-20T23:19:20Z</time></trkpt><trkpt lat="35.7797838" lon="138.9815431"><ele>606.1166666666667</ele><time>2025-07-20T23:19:42Z</time></trkpt><trkpt lat="35.7797652" lon="138.9817634"><ele>607.43</ele><time>2025-07-20T23:20:03Z</time></trkpt><trkpt lat="35.7797565" lon="138.981986"><ele>611.32</ele><time>2025-07-20T23:20:21Z</time></trkpt><trkpt lat="35.7796583" lon="138.9821878"><ele>610.1033333333334</ele><time>2025-07-20T23:20:38Z</time></trkpt><trkpt lat="35.7796055" lon="138.9824007"><ele>607.0266666666666</ele><time>2025-07-20T23:21:00Z</time></trkpt><trkpt lat="35.779621" lon="138.9826394"><ele>601.14</ele><time>2025-07-20T23:21:15Z</time></trkpt><trkpt lat="35.7795986" lon="138.9828672"><ele>597.9766666666666</ele><time>2025-07-20T23:21:27Z</time></trkpt><trkpt lat="35.7796661" lon="138.9830939"><ele>594.4133333333333</ele><time>2025-07-20T23:21:39Z</time></trkpt><trkpt lat="35.7797385" lon="138.9833162"><ele>591.4566666666666</ele><time>2025-07-20T23:21:54Z</time></trkpt><trkpt lat="35.7798881" lon="138.9834802"><ele>588.75</ele><time>2025-07-20T23:22:12Z</time></trkpt><trkpt lat="35.7800264" lon="138.9836525"><ele>582.58</ele><time>2025-07-20T23:22:33Z</time></trkpt><trkpt lat="35.780188" lon="138.9837894"><ele>575.1633333333333</ele><time>2025-07-20T23:22:48Z</time></trkpt><trkpt lat="35.7803028" lon="138.9839754"><ele>566.9033333333333</ele><time>2025-07-20T23:23:03Z</time></trkpt><trkpt lat="35.7804072" lon="138.9841949"><ele>560.2866666666666</ele><time>2025-07-20T23:23:15Z</time></trkpt><trkpt lat="35.7805243" lon="138.9843862"><ele>554.9566666666666</ele><time>2025-07-20T23:23:27Z</time></trkpt><trkpt lat="35.7803286" lon="138.9844054"><ele>550.7199999999999</ele><time>2025-07-20T23:23:47Z</time></trkpt><trkpt lat="35.7801336" lon="138.9843134"><ele>548.69</ele><time>2025-07-20T23:24:05Z</time></trkpt><trkpt lat="35.7799479" lon="138.9843124"><ele>546.8666666666667</ele><time>2025-07-20T23:24:32Z</time></trkpt></trkseg></trk></gpx>