<?xml version='1.0' encoding='UTF-8'?><gpx creator="YAMAP - https://yamap.com" xsi:schemaLocation="http://www.topografix.com/GPX/1/1 http://www.topografix.com/GPX/1/1/gpx.xsd" version="1.1" xmlns="http://www.topografix.com/GPX/1/1" xmlns:xsi="http://www.w3.org/2001/XMLSchema-instance"><metadata><bounds maxlat="36.9836885" maxlon="139.3345565" minlat="36.9268412" minlon="139.2286717"/></metadata><trk><name>尾瀬</name><number>1</number><trkseg><trkpt lat="36.9479148" lon="139.3345565"><ele>1703.77</ele><time>2023-08-18T21:21:33Z</time></trkpt><trkpt lat="36.9477998" lon="139.3343532"><ele>1705.5349999999999</ele><time>2023-08-18T21:22:07Z</time></trkpt><trkpt lat="36.9477571" lon="139.3341343"><ele>1706.9799999999998</ele><time>2023-08-18T21:22:27Z</time></trkpt><trkpt lat="36.9476642" lon="139.3339286"><ele>1709.9399999999998</ele><time>2023-08-18T21:22:46Z</time></trkpt><trkpt lat="36.947612" lon="139.3337125"><ele>1712.2866666666669</ele><time>2023-08-18T21:23:11Z</time></trkpt><trkpt lat="36.9474908" lon="139.333542"><ele>1714.3933333333334</ele><time>2023-08-18T21:23:34Z</time></trkpt><trkpt lat="36.9473803" lon="139.3333611"><ele>1716.5100000000002</ele><time>2023-08-18T21:23:56Z</time></trkpt><trkpt lat="36.9472069" lon="139.3332917"><ele>1719.2666666666667</ele><time>2023-08-18T21:24:18Z</time></trkpt><trkpt lat="36.9470256" lon="139.333239"><ele>1722.5200000000002</ele><time>2023-08-18T21:24:36Z</time></trkpt><trkpt lat="36.9468472" lon="139.3332036"><ele>1725.7733333333335</ele><time>2023-08-18T21:24:59Z</time></trkpt><trkpt lat="36.9466676" lon="139.3331634"><ele>1728.7233333333334</ele><time>2023-08-18T21:25:17Z</time></trkpt><trkpt lat="36.9465327" lon="139.3330087"><ele>1731.6266666666668</ele><time>2023-08-18T21:25:57Z</time></trkpt><trkpt lat="36.9463792" lon="139.3328883"><ele>1735.1966666666667</ele><time>2023-08-18T21:26:28Z</time></trkpt><trkpt lat="36.9462254" lon="139.3327697"><ele>1739.1666666666667</ele><time>2023-08-18T21:27:10Z</time></trkpt><trkpt lat="36.9460979" lon="139.3326049"><ele>1744.176666666667</ele><time>2023-08-18T21:27:58Z</time></trkpt><trkpt lat="36.9459262" lon="139.3325065"><ele>1748.63</ele><time>2023-08-18T21:28:18Z</time></trkpt><trkpt lat="36.9457481" lon="139.332459"><ele>1753.0266666666666</ele><time>2023-08-18T21:28:37Z</time></trkpt><trkpt lat="36.9456592" lon="139.3322591"><ele>1756.3466666666666</ele><time>2023-08-18T21:29:11Z</time></trkpt><trkpt lat="36.9455583" lon="139.3320668"><ele>1759.493333333333</ele><time>2023-08-18T21:29:56Z</time></trkpt><trkpt lat="36.9454102" lon="139.3319298"><ele>1762.1899999999998</ele><time>2023-08-18T21:30:36Z</time></trkpt><trkpt lat="36.9452699" lon="139.3317824"><ele>1764.6566666666668</ele><time>2023-08-18T21:30:51Z</time></trkpt><trkpt lat="36.9451369" lon="139.3316255"><ele>1766.89</ele><time>2023-08-18T21:31:09Z</time></trkpt><trkpt lat="36.944993" lon="139.3314824"><ele>1770.0866666666668</ele><time>2023-08-18T21:31:29Z</time></trkpt><trkpt lat="36.9448389" lon="139.3313523"><ele>1774.3366666666668</ele><time>2023-08-18T21:31:49Z</time></trkpt><trkpt lat="36.9447086" lon="139.3311948"><ele>1778.3833333333332</ele><time>2023-08-18T21:32:21Z</time></trkpt><trkpt lat="36.9445652" lon="139.3310584"><ele>1780.9766666666667</ele><time>2023-08-18T21:33:15Z</time></trkpt><trkpt lat="36.9444312" lon="139.3308947"><ele>1781.8100000000002</ele><time>2023-08-18T21:33:34Z</time></trkpt><trkpt lat="36.9442745" lon="139.3307753"><ele>1782.3266666666666</ele><time>2023-08-18T21:33:53Z</time></trkpt><trkpt lat="36.9441738" lon="139.3305843"><ele>1782.39</ele><time>2023-08-18T21:34:09Z</time></trkpt><trkpt lat="36.9440342" lon="139.3304314"><ele>1782.42</ele><time>2023-08-18T21:34:27Z</time></trkpt><trkpt lat="36.9438639" lon="139.3303444"><ele>1782.3666666666668</ele><time>2023-08-18T21:34:48Z</time></trkpt><trkpt lat="36.9436833" lon="139.3303933"><ele>1782.6033333333335</ele><time>2023-08-18T21:35:06Z</time></trkpt><trkpt lat="36.9435089" lon="139.3304548"><ele>1783.3033333333333</ele><time>2023-08-18T21:35:27Z</time></trkpt><trkpt lat="36.9433363" lon="139.3305445"><ele>1784.2833333333335</ele><time>2023-08-18T21:35:44Z</time></trkpt><trkpt lat="36.9431614" lon="139.3306001"><ele>1785.32</ele><time>2023-08-18T21:36:03Z</time></trkpt><trkpt lat="36.9429817" lon="139.3305276"><ele>1785.61</ele><time>2023-08-18T21:36:21Z</time></trkpt><trkpt lat="36.9428539" lon="139.3303523"><ele>1784.9466666666667</ele><time>2023-08-18T21:36:44Z</time></trkpt><trkpt lat="36.9427309" lon="139.3301824"><ele>1783.45</ele><time>2023-08-18T21:37:07Z</time></trkpt><trkpt lat="36.9425438" lon="139.3301386"><ele>1781.7966666666664</ele><time>2023-08-18T21:37:31Z</time></trkpt><trkpt lat="36.9424513" lon="139.3299389"><ele>1780.3766666666668</ele><time>2023-08-18T21:38:14Z</time></trkpt><trkpt lat="36.9423191" lon="139.3297833"><ele>1778.2866666666669</ele><time>2023-08-18T21:38:29Z</time></trkpt><trkpt lat="36.9421871" lon="139.3296236"><ele>1774.9466666666667</ele><time>2023-08-18T21:38:44Z</time></trkpt><trkpt lat="36.9421091" lon="139.3294049"><ele>1770.93</ele><time>2023-08-18T21:38:58Z</time></trkpt><trkpt lat="36.9421232" lon="139.329175"><ele>1767.9600000000003</ele><time>2023-08-18T21:39:35Z</time></trkpt><trkpt lat="36.9421771" lon="139.3289545"><ele>1767.0433333333333</ele><time>2023-08-18T21:39:53Z</time></trkpt><trkpt lat="36.9421888" lon="139.3287168"><ele>1767.1333333333334</ele><time>2023-08-18T21:40:10Z</time></trkpt><trkpt lat="36.9420398" lon="139.3285662"><ele>1766.04</ele><time>2023-08-18T21:40:28Z</time></trkpt><trkpt lat="36.9420022" lon="139.3283406"><ele>1763.6066666666666</ele><time>2023-08-18T21:40:42Z</time></trkpt><trkpt lat="36.941911" lon="139.3281387"><ele>1760.4533333333331</ele><time>2023-08-18T21:41:00Z</time></trkpt><trkpt lat="36.9417788" lon="139.327984"><ele>1757.3733333333332</ele><time>2023-08-18T21:41:18Z</time></trkpt><trkpt lat="36.9416496" lon="139.3278069"><ele>1754.4733333333334</ele><time>2023-08-18T21:41:31Z</time></trkpt><trkpt lat="36.9415595" lon="139.3276049"><ele>1752.4366666666667</ele><time>2023-08-18T21:41:44Z</time></trkpt><trkpt lat="36.9414243" lon="139.3274366"><ele>1750.7333333333336</ele><time>2023-08-18T21:41:58Z</time></trkpt><trkpt lat="36.9412742" lon="139.3275614"><ele>1748.3733333333332</ele><time>2023-08-18T21:42:19Z</time></trkpt><trkpt lat="36.941227" lon="139.3277784"><ele>1744.4233333333332</ele><time>2023-08-18T21:42:35Z</time></trkpt><trkpt lat="36.9412802" lon="139.3280082"><ele>1741.5366666666666</ele><time>2023-08-18T21:42:47Z</time></trkpt><trkpt lat="36.9412389" lon="139.3282285"><ele>1738.4766666666667</ele><time>2023-08-18T21:43:00Z</time></trkpt><trkpt lat="36.9411015" lon="139.3283784"><ele>1736.3500000000001</ele><time>2023-08-18T21:43:15Z</time></trkpt><trkpt lat="36.9410921" lon="139.3281326"><ele>1733.0566666666666</ele><time>2023-08-18T21:43:54Z</time></trkpt><trkpt lat="36.9409217" lon="139.328025"><ele>1729.9166666666667</ele><time>2023-08-18T21:44:07Z</time></trkpt><trkpt lat="36.9407496" lon="139.3279237"><ele>1725.8233333333335</ele><time>2023-08-18T21:44:20Z</time></trkpt><trkpt lat="36.9406225" lon="139.3277515"><ele>1722.0600000000002</ele><time>2023-08-18T21:44:34Z</time></trkpt><trkpt lat="36.9404716" lon="139.3276224"><ele>1718.7266666666667</ele><time>2023-08-18T21:44:50Z</time></trkpt><trkpt lat="36.9403391" lon="139.3274599"><ele>1715.92</ele><time>2023-08-18T21:45:19Z</time></trkpt><trkpt lat="36.940169" lon="139.3273517"><ele>1712.45</ele><time>2023-08-18T21:45:32Z</time></trkpt><trkpt lat="36.9400648" lon="139.3271668"><ele>1708.3033333333333</ele><time>2023-08-18T21:45:44Z</time></trkpt><trkpt lat="36.9400144" lon="139.3269371"><ele>1706.4266666666665</ele><time>2023-08-18T21:45:56Z</time></trkpt><trkpt lat="36.9399375" lon="139.326726"><ele>1704.4533333333331</ele><time>2023-08-18T21:46:10Z</time></trkpt><trkpt lat="36.939885" lon="139.3265073"><ele>1703.1733333333334</ele><time>2023-08-18T21:46:22Z</time></trkpt><trkpt lat="36.9397722" lon="139.3263241"><ele>1699.7333333333333</ele><time>2023-08-18T21:46:38Z</time></trkpt><trkpt lat="36.9395853" lon="139.3263733"><ele>1696.9766666666667</ele><time>2023-08-18T21:46:49Z</time></trkpt><trkpt lat="36.9394018" lon="139.3263513"><ele>1694.5400000000002</ele><time>2023-08-18T21:47:03Z</time></trkpt><trkpt lat="36.9393374" lon="139.3261311"><ele>1693.1633333333332</ele><time>2023-08-18T21:47:19Z</time></trkpt><trkpt lat="36.9392027" lon="139.3259648"><ele>1692.4533333333336</ele><time>2023-08-18T21:47:31Z</time></trkpt><trkpt lat="36.9390563" lon="139.3258274"><ele>1692.2699999999998</ele><time>2023-08-18T21:47:45Z</time></trkpt><trkpt lat="36.9389609" lon="139.3256231"><ele>1691.8866666666665</ele><time>2023-08-18T21:47:58Z</time></trkpt><trkpt lat="36.9388329" lon="139.3254413"><ele>1691.6066666666666</ele><time>2023-08-18T21:48:10Z</time></trkpt><trkpt lat="36.9386806" lon="139.3253074"><ele>1690.7700000000002</ele><time>2023-08-18T21:48:23Z</time></trkpt><trkpt lat="36.9384974" lon="139.3252393"><ele>1688.49</ele><time>2023-08-18T21:48:37Z</time></trkpt><trkpt lat="36.9384217" lon="139.3250258"><ele>1686.63</ele><time>2023-08-18T21:48:48Z</time></trkpt><trkpt lat="36.9383853" lon="139.3247908"><ele>1686.176666666667</ele><time>2023-08-18T21:49:28Z</time></trkpt><trkpt lat="36.9383089" lon="139.3245525"><ele>1686.3933333333334</ele><time>2023-08-18T21:49:38Z</time></trkpt><trkpt lat="36.9382175" lon="139.3243495"><ele>1684.67</ele><time>2023-08-18T21:49:51Z</time></trkpt><trkpt lat="36.9381711" lon="139.3241164"><ele>1682.2333333333333</ele><time>2023-08-18T21:50:04Z</time></trkpt><trkpt lat="36.9380852" lon="139.3239155"><ele>1679.9133333333332</ele><time>2023-08-18T21:50:23Z</time></trkpt><trkpt lat="36.9378971" lon="139.3238432"><ele>1678.8400000000001</ele><time>2023-08-18T21:50:35Z</time></trkpt><trkpt lat="36.9377228" lon="139.323774"><ele>1677.4000000000003</ele><time>2023-08-18T21:50:51Z</time></trkpt><trkpt lat="36.9376871" lon="139.3235452"><ele>1676.9333333333334</ele><time>2023-08-18T21:51:00Z</time></trkpt><trkpt lat="36.9376154" lon="139.3233359"><ele>1676.8500000000001</ele><time>2023-08-18T21:51:13Z</time></trkpt><trkpt lat="36.9375003" lon="139.3231602"><ele>1676.8100000000002</ele><time>2023-08-18T21:52:06Z</time></trkpt><trkpt lat="36.937449" lon="139.3229339"><ele>1676.42</ele><time>2023-08-18T21:52:20Z</time></trkpt><trkpt lat="36.9373436" lon="139.3227482"><ele>1675.8999999999999</ele><time>2023-08-18T21:53:24Z</time></trkpt><trkpt lat="36.9372748" lon="139.322532"><ele>1675.3966666666668</ele><time>2023-08-18T21:53:45Z</time></trkpt><trkpt lat="36.9371923" lon="139.3223186"><ele>1674.6766666666665</ele><time>2023-08-18T21:54:07Z</time></trkpt><trkpt lat="36.9370659" lon="139.322151"><ele>1674.03</ele><time>2023-08-18T21:55:01Z</time></trkpt><trkpt lat="36.9369933" lon="139.3219428"><ele>1672.8433333333332</ele><time>2023-08-18T21:55:11Z</time></trkpt><trkpt lat="36.936881" lon="139.3217597"><ele>1671.5333333333335</ele><time>2023-08-18T21:55:26Z</time></trkpt><trkpt lat="36.9367572" lon="139.3215762"><ele>1670.2333333333336</ele><time>2023-08-18T21:55:40Z</time></trkpt><trkpt lat="36.9366214" lon="139.3214093"><ele>1669.71</ele><time>2023-08-18T21:56:02Z</time></trkpt><trkpt lat="36.9364654" lon="139.3212917"><ele>1669.5500000000002</ele><time>2023-08-18T21:56:20Z</time></trkpt><trkpt lat="36.9363969" lon="139.3210671"><ele>1669.42</ele><time>2023-08-18T21:56:33Z</time></trkpt><trkpt lat="36.9362659" lon="139.3209069"><ele>1669.3366666666668</ele><time>2023-08-18T21:57:46Z</time></trkpt><trkpt lat="36.9361111" lon="139.3207865"><ele>1669.2933333333333</ele><time>2023-08-18T21:58:13Z</time></trkpt><trkpt lat="36.9359976" lon="139.320609"><ele>1669.29</ele><time>2023-08-18T21:59:06Z</time></trkpt><trkpt lat="36.9359163" lon="139.3203958"><ele>1669.3133333333333</ele><time>2023-08-18T21:59:18Z</time></trkpt><trkpt lat="36.9357863" lon="139.3202234"><ele>1669.3333333333333</ele><time>2023-08-18T21:59:51Z</time></trkpt><trkpt lat="36.9356955" lon="139.3200198"><ele>1669.42</ele><time>2023-08-18T22:00:02Z</time></trkpt><trkpt lat="36.9355276" lon="139.319914"><ele>1669.3999999999999</ele><time>2023-08-18T22:00:27Z</time></trkpt><trkpt lat="36.9353626" lon="139.3198049"><ele>1669.36</ele><time>2023-08-18T22:01:18Z</time></trkpt><trkpt lat="36.9352581" lon="139.319612"><ele>1669.2233333333334</ele><time>2023-08-18T22:01:26Z</time></trkpt><trkpt lat="36.9351071" lon="139.3194737"><ele>1669.1366666666665</ele><time>2023-08-18T22:01:44Z</time></trkpt><trkpt lat="36.9349444" lon="139.3193658"><ele>1669.0533333333333</ele><time>2023-08-18T22:02:01Z</time></trkpt><trkpt lat="36.9348026" lon="139.3192238"><ele>1668.88</ele><time>2023-08-18T22:02:15Z</time></trkpt><trkpt lat="36.9346356" lon="139.3191332"><ele>1668.8266666666668</ele><time>2023-08-18T22:02:30Z</time></trkpt><trkpt lat="36.9344473" lon="139.3190095"><ele>1668.8633333333335</ele><time>2023-08-18T22:02:47Z</time></trkpt><trkpt lat="36.9342999" lon="139.3188691"><ele>1669.0933333333332</ele><time>2023-08-18T22:03:29Z</time></trkpt><trkpt lat="36.9341408" lon="139.3187494"><ele>1669.2133333333331</ele><time>2023-08-18T22:03:44Z</time></trkpt><trkpt lat="36.9340193" lon="139.3185834"><ele>1669.3033333333333</ele><time>2023-08-18T22:03:56Z</time></trkpt><trkpt lat="36.9338522" lon="139.3184972"><ele>1669.0666666666666</ele><time>2023-08-18T22:04:09Z</time></trkpt><trkpt lat="36.9336696" lon="139.3184337"><ele>1668.6599999999999</ele><time>2023-08-18T22:04:25Z</time></trkpt><trkpt lat="36.9334834" lon="139.318434"><ele>1668.53</ele><time>2023-08-18T22:04:41Z</time></trkpt><trkpt lat="36.9333019" lon="139.3183551"><ele>1668.66</ele><time>2023-08-18T22:04:56Z</time></trkpt><trkpt lat="36.9331471" lon="139.3182351"><ele>1668.9266666666665</ele><time>2023-08-18T22:05:09Z</time></trkpt><trkpt lat="36.9329751" lon="139.3181374"><ele>1668.91</ele><time>2023-08-18T22:05:23Z</time></trkpt><trkpt lat="36.9327883" lon="139.3181015"><ele>1668.7266666666667</ele><time>2023-08-18T22:05:37Z</time></trkpt><trkpt lat="36.9326022" lon="139.3180314"><ele>1668.46</ele><time>2023-08-18T22:05:52Z</time></trkpt><trkpt lat="36.9324239" lon="139.3179713"><ele>1668.07</ele><time>2023-08-18T22:06:07Z</time></trkpt><trkpt lat="36.9323204" lon="139.3181722"><ele>1667.6566666666668</ele><time>2023-08-18T22:06:20Z</time></trkpt><trkpt lat="36.9321478" lon="139.3180551"><ele>1667.3866666666665</ele><time>2023-08-18T22:06:29Z</time></trkpt><trkpt lat="36.9320336" lon="139.3178786"><ele>1667.1899999999998</ele><time>2023-08-18T22:06:41Z</time></trkpt><trkpt lat="36.931865" lon="139.3179736"><ele>1667.16</ele><time>2023-08-18T22:06:56Z</time></trkpt><trkpt lat="36.9317043" lon="139.3180803"><ele>1667.18</ele><time>2023-08-18T22:07:10Z</time></trkpt><trkpt lat="36.9315295" lon="139.3181729"><ele>1667.2</ele><time>2023-08-18T22:07:27Z</time></trkpt><trkpt lat="36.9313435" lon="139.3181644"><ele>1667.4866666666667</ele><time>2023-08-18T22:07:42Z</time></trkpt><trkpt lat="36.9312383" lon="139.3179801"><ele>1667.89</ele><time>2023-08-18T22:08:17Z</time></trkpt><trkpt lat="36.9310938" lon="139.3178365"><ele>1668.3966666666668</ele><time>2023-08-18T22:08:44Z</time></trkpt><trkpt lat="36.9309112" lon="139.3178143"><ele>1668.72</ele><time>2023-08-18T22:08:56Z</time></trkpt><trkpt lat="36.9307564" lon="139.3176921"><ele>1668.8233333333335</ele><time>2023-08-18T22:09:09Z</time></trkpt><trkpt lat="36.9305983" lon="139.3175561"><ele>1668.99</ele><time>2023-08-18T22:09:47Z</time></trkpt><trkpt lat="36.9304764" lon="139.3173656"><ele>1668.9399999999998</ele><time>2023-08-18T22:10:01Z</time></trkpt><trkpt lat="36.9304025" lon="139.3171461"><ele>1668.8400000000001</ele><time>2023-08-18T22:10:12Z</time></trkpt><trkpt lat="36.9302484" lon="139.3170236"><ele>1668.55</ele><time>2023-08-18T22:10:26Z</time></trkpt><trkpt lat="36.9300641" lon="139.3169722"><ele>1668.54</ele><time>2023-08-18T22:10:48Z</time></trkpt><trkpt lat="36.9299347" lon="139.3168142"><ele>1668.4799999999998</ele><time>2023-08-18T22:10:59Z</time></trkpt><trkpt lat="36.9297496" lon="139.3167895"><ele>1668.5633333333335</ele><time>2023-08-18T22:11:18Z</time></trkpt><trkpt lat="36.929577" lon="139.3166686"><ele>1668.3400000000001</ele><time>2023-08-18T22:11:33Z</time></trkpt><trkpt lat="36.9294012" lon="139.3166073"><ele>1668.2700000000002</ele><time>2023-08-18T22:11:46Z</time></trkpt><trkpt lat="36.9291845" lon="139.3164985"><ele>1667.9366666666667</ele><time>2023-08-18T22:12:04Z</time></trkpt><trkpt lat="36.9289961" lon="139.3164792"><ele>1667.756666666667</ele><time>2023-08-18T22:12:19Z</time></trkpt><trkpt lat="36.9288073" lon="139.3164673"><ele>1667.5366666666666</ele><time>2023-08-18T22:12:45Z</time></trkpt><trkpt lat="36.9286203" lon="139.3163998"><ele>1667.2933333333333</ele><time>2023-08-18T22:12:56Z</time></trkpt><trkpt lat="36.9284262" lon="139.3163492"><ele>1667.0866666666668</ele><time>2023-08-18T22:13:05Z</time></trkpt><trkpt lat="36.928244" lon="139.3163316"><ele>1667.0633333333335</ele><time>2023-08-18T22:13:28Z</time></trkpt><trkpt lat="36.9281265" lon="139.3165139"><ele>1667.6433333333334</ele><time>2023-08-18T22:13:38Z</time></trkpt><trkpt lat="36.9280515" lon="139.3162956"><ele>1667.8100000000002</ele><time>2023-08-18T22:13:47Z</time></trkpt><trkpt lat="36.9278898" lon="139.3161648"><ele>1667.78</ele><time>2023-08-18T22:13:59Z</time></trkpt><trkpt lat="36.927718" lon="139.3162339"><ele>1667.7133333333331</ele><time>2023-08-18T22:14:23Z</time></trkpt><trkpt lat="36.9275371" lon="139.3162402"><ele>1668.17</ele><time>2023-08-18T22:14:42Z</time></trkpt><trkpt lat="36.9273485" lon="139.3162296"><ele>1668.9000000000003</ele><time>2023-08-18T22:15:03Z</time></trkpt><trkpt lat="36.9271719" lon="139.3161646"><ele>1669.2366666666667</ele><time>2023-08-18T22:15:14Z</time></trkpt><trkpt lat="36.9271349" lon="139.3159381"><ele>1669.2266666666667</ele><time>2023-08-18T22:15:32Z</time></trkpt><trkpt lat="36.9269874" lon="139.315785"><ele>1668.97</ele><time>2023-08-18T22:15:50Z</time></trkpt><trkpt lat="36.9271781" lon="139.3158084"><ele>1668.6266666666668</ele><time>2023-08-18T22:16:42Z</time></trkpt><trkpt lat="36.9273449" lon="139.3158987"><ele>1668.2533333333333</ele><time>2023-08-18T22:17:29Z</time></trkpt><trkpt lat="36.9274385" lon="139.3160922"><ele>1668.29</ele><time>2023-08-18T22:17:54Z</time></trkpt><trkpt lat="36.9273544" lon="139.3157866"><ele>1668.01</ele><time>2023-08-18T22:18:53Z</time></trkpt><trkpt lat="36.9272677" lon="139.3155817"><ele>1667.9799999999998</ele><time>2023-08-18T22:19:08Z</time></trkpt><trkpt lat="36.927428" lon="139.3154102"><ele>1667.3133333333333</ele><time>2023-08-18T22:19:18Z</time></trkpt><trkpt lat="36.9273233" lon="139.3151736"><ele>1666.86</ele><time>2023-08-18T22:19:34Z</time></trkpt><trkpt lat="36.9272407" lon="139.3149609"><ele>1666.4233333333334</ele><time>2023-08-18T22:19:51Z</time></trkpt><trkpt lat="36.9271676" lon="139.3147375"><ele>1666.17</ele><time>2023-08-18T22:20:30Z</time></trkpt><trkpt lat="36.9273502" lon="139.3146432"><ele>1665.8633333333335</ele><time>2023-08-18T22:20:40Z</time></trkpt><trkpt lat="36.9271543" lon="139.3147023"><ele>1665.7333333333333</ele><time>2023-08-18T22:21:53Z</time></trkpt><trkpt lat="36.9270199" lon="139.3145493"><ele>1665.5566666666666</ele><time>2023-08-18T22:22:05Z</time></trkpt><trkpt lat="36.9268412" lon="139.3146057"><ele>1665.5133333333333</ele><time>2023-08-18T22:22:29Z</time></trkpt><trkpt lat="36.9270092" lon="139.3147102"><ele>1665.4866666666667</ele><time>2023-08-18T22:23:36Z</time></trkpt><trkpt lat="36.927143" lon="139.3148656"><ele>1665.7333333333336</ele><time>2023-08-18T22:23:46Z</time></trkpt><trkpt lat="36.9272263" lon="139.3150809"><ele>1666.2366666666667</ele><time>2023-08-18T22:24:00Z</time></trkpt><trkpt lat="36.9272634" lon="139.3153123"><ele>1666.5766666666666</ele><time>2023-08-18T22:24:17Z</time></trkpt><trkpt lat="36.9273844" lon="139.3154811"><ele>1666.7966666666669</ele><time>2023-08-18T22:24:32Z</time></trkpt><trkpt lat="36.9273737" lon="139.3157375"><ele>1667.1000000000001</ele><time>2023-08-18T22:24:43Z</time></trkpt><trkpt lat="36.9273667" lon="139.3159666"><ele>1667.5199999999998</ele><time>2023-08-18T22:25:00Z</time></trkpt><trkpt lat="36.9275368" lon="139.3158752"><ele>1667.5600000000002</ele><time>2023-08-18T22:25:12Z</time></trkpt><trkpt lat="36.9276424" lon="139.3156916"><ele>1667.0900000000001</ele><time>2023-08-18T22:25:20Z</time></trkpt><trkpt lat="36.9275847" lon="139.3159107"><ele>1666.89</ele><time>2023-08-18T22:26:10Z</time></trkpt><trkpt lat="36.9277013" lon="139.3160949"><ele>1667.1966666666667</ele><time>2023-08-18T22:26:19Z</time></trkpt><trkpt lat="36.9278401" lon="139.3162545"><ele>1667.9099999999999</ele><time>2023-08-18T22:26:32Z</time></trkpt><trkpt lat="36.9280173" lon="139.3163118"><ele>1667.8999999999999</ele><time>2023-08-18T22:26:43Z</time></trkpt><trkpt lat="36.9281836" lon="139.3164067"><ele>1667.8533333333332</ele><time>2023-08-18T22:26:56Z</time></trkpt><trkpt lat="36.9283707" lon="139.3164173"><ele>1667.493333333333</ele><time>2023-08-18T22:27:08Z</time></trkpt><trkpt lat="36.928555" lon="139.3164728"><ele>1667.3799999999999</ele><time>2023-08-18T22:27:26Z</time></trkpt><trkpt lat="36.9287398" lon="139.3164579"><ele>1667.2333333333336</ele><time>2023-08-18T22:27:35Z</time></trkpt><trkpt lat="36.9289277" lon="139.316489"><ele>1667.3566666666666</ele><time>2023-08-18T22:27:47Z</time></trkpt><trkpt lat="36.9291176" lon="139.3165052"><ele>1667.5133333333333</ele><time>2023-08-18T22:28:01Z</time></trkpt><trkpt lat="36.9292444" lon="139.3163253"><ele>1667.37</ele><time>2023-08-18T22:28:16Z</time></trkpt><trkpt lat="36.9293518" lon="139.3161384"><ele>1666.93</ele><time>2023-08-18T22:28:28Z</time></trkpt><trkpt lat="36.9294633" lon="139.3159406"><ele>1666.3166666666666</ele><time>2023-08-18T22:28:42Z</time></trkpt><trkpt lat="36.9295235" lon="139.3157285"><ele>1666.1933333333334</ele><time>2023-08-18T22:29:01Z</time></trkpt><trkpt lat="36.9295922" lon="139.3155008"><ele>1666.5266666666666</ele><time>2023-08-18T22:29:13Z</time></trkpt><trkpt lat="36.9297266" lon="139.3153431"><ele>1667.3</ele><time>2023-08-18T22:29:24Z</time></trkpt><trkpt lat="36.9297941" lon="139.3151226"><ele>1668.0933333333332</ele><time>2023-08-18T22:30:09Z</time></trkpt><trkpt lat="36.9297354" lon="139.3149025"><ele>1668.4499999999998</ele><time>2023-08-18T22:30:20Z</time></trkpt><trkpt lat="36.9296986" lon="139.3146782"><ele>1668.7366666666667</ele><time>2023-08-18T22:31:20Z</time></trkpt><trkpt lat="36.9296698" lon="139.3144526"><ele>1668.8766666666668</ele><time>2023-08-18T22:31:38Z</time></trkpt><trkpt lat="36.9296441" lon="139.3142159"><ele>1669.2300000000002</ele><time>2023-08-18T22:31:51Z</time></trkpt><trkpt lat="36.9297823" lon="139.3140714"><ele>1669.7333333333336</ele><time>2023-08-18T22:32:13Z</time></trkpt><trkpt lat="36.9299013" lon="139.3138887"><ele>1669.8333333333333</ele><time>2023-08-18T22:32:24Z</time></trkpt><trkpt lat="36.9299804" lon="139.3136691"><ele>1669.4533333333331</ele><time>2023-08-18T22:32:34Z</time></trkpt><trkpt lat="36.9301295" lon="139.3135249"><ele>1668.5533333333333</ele><time>2023-08-18T22:32:49Z</time></trkpt><trkpt lat="36.9303062" lon="139.3134685"><ele>1667.7</ele><time>2023-08-18T22:33:04Z</time></trkpt><trkpt lat="36.930481" lon="139.3135512"><ele>1667.4433333333334</ele><time>2023-08-18T22:33:17Z</time></trkpt><trkpt lat="36.9306607" lon="139.3136385"><ele>1667.6533333333336</ele><time>2023-08-18T22:33:28Z</time></trkpt><trkpt lat="36.9308426" lon="139.3136958"><ele>1667.8733333333332</ele><time>2023-08-18T22:33:40Z</time></trkpt><trkpt lat="36.9310079" lon="139.3137866"><ele>1668.08</ele><time>2023-08-18T22:33:52Z</time></trkpt><trkpt lat="36.931176" lon="139.3138745"><ele>1668.0233333333333</ele><time>2023-08-18T22:34:09Z</time></trkpt><trkpt lat="36.931318" lon="139.3137186"><ele>1667.4733333333334</ele><time>2023-08-18T22:34:19Z</time></trkpt><trkpt lat="36.9314662" lon="139.313567"><ele>1667.03</ele><time>2023-08-18T22:34:31Z</time></trkpt><trkpt lat="36.9315733" lon="139.3133721"><ele>1666.6333333333332</ele><time>2023-08-18T22:34:45Z</time></trkpt><trkpt lat="36.9317063" lon="139.3132192"><ele>1667.0733333333335</ele><time>2023-08-18T22:34:58Z</time></trkpt><trkpt lat="36.9318373" lon="139.3130591"><ele>1667.55</ele><time>2023-08-18T22:35:11Z</time></trkpt><trkpt lat="36.9319551" lon="139.3128706"><ele>1667.6833333333334</ele><time>2023-08-18T22:35:25Z</time></trkpt><trkpt lat="36.9321054" lon="139.312738"><ele>1667.8100000000002</ele><time>2023-08-18T22:35:40Z</time></trkpt><trkpt lat="36.9322183" lon="139.3125591"><ele>1667.676666666667</ele><time>2023-08-18T22:36:11Z</time></trkpt><trkpt lat="36.9322782" lon="139.3123337"><ele>1667.7933333333333</ele><time>2023-08-18T22:36:22Z</time></trkpt><trkpt lat="36.9323492" lon="139.3121215"><ele>1667.8533333333332</ele><time>2023-08-18T22:36:31Z</time></trkpt><trkpt lat="36.9322825" lon="139.3118994"><ele>1667.7166666666665</ele><time>2023-08-18T22:37:26Z</time></trkpt><trkpt lat="36.9323542" lon="139.3116863"><ele>1667.38</ele><time>2023-08-18T22:37:36Z</time></trkpt><trkpt lat="36.932444" lon="139.3114821"><ele>1666.8</ele><time>2023-08-18T22:37:52Z</time></trkpt><trkpt lat="36.9323595" lon="139.3112838"><ele>1666.38</ele><time>2023-08-18T22:38:35Z</time></trkpt><trkpt lat="36.9323926" lon="139.3110597"><ele>1666.55</ele><time>2023-08-18T22:38:46Z</time></trkpt><trkpt lat="36.9323291" lon="139.3108387"><ele>1667.2366666666667</ele><time>2023-08-18T22:39:00Z</time></trkpt><trkpt lat="36.9323743" lon="139.3106176"><ele>1668.2266666666667</ele><time>2023-08-18T22:39:16Z</time></trkpt><trkpt lat="36.9323664" lon="139.3103831"><ele>1669.38</ele><time>2023-08-18T22:39:58Z</time></trkpt><trkpt lat="36.9324317" lon="139.3101627"><ele>1671.1133333333335</ele><time>2023-08-18T22:40:44Z</time></trkpt><trkpt lat="36.9324531" lon="139.3099337"><ele>1673.5766666666666</ele><time>2023-08-18T22:41:01Z</time></trkpt><trkpt lat="36.9324521" lon="139.3096909"><ele>1676.2866666666669</ele><time>2023-08-18T22:41:20Z</time></trkpt><trkpt lat="36.932446" lon="139.3094662"><ele>1678.53</ele><time>2023-08-18T22:41:37Z</time></trkpt><trkpt lat="36.9324857" lon="139.3092446"><ele>1679.9966666666667</ele><time>2023-08-18T22:41:50Z</time></trkpt><trkpt lat="36.9325141" lon="139.3090146"><ele>1680.8833333333332</ele><time>2023-08-18T22:42:07Z</time></trkpt><trkpt lat="36.932552" lon="139.3087889"><ele>1681.3100000000002</ele><time>2023-08-18T22:42:23Z</time></trkpt><trkpt lat="36.932583" lon="139.3085645"><ele>1681.3766666666668</ele><time>2023-08-18T22:42:37Z</time></trkpt><trkpt lat="36.9326437" lon="139.3083477"><ele>1681.1366666666665</ele><time>2023-08-18T22:42:49Z</time></trkpt><trkpt lat="36.9326969" lon="139.3081256"><ele>1680.7566666666664</ele><time>2023-08-18T22:43:20Z</time></trkpt><trkpt lat="36.9327371" lon="139.307904"><ele>1680.0966666666666</ele><time>2023-08-18T22:43:32Z</time></trkpt><trkpt lat="36.9328594" lon="139.3077314"><ele>1679.2633333333333</ele><time>2023-08-18T22:43:43Z</time></trkpt><trkpt lat="36.9329698" lon="139.3075471"><ele>1678.1666666666667</ele><time>2023-08-18T22:43:56Z</time></trkpt><trkpt lat="36.9330534" lon="139.3073412"><ele>1676.7700000000002</ele><time>2023-08-18T22:44:10Z</time></trkpt><trkpt lat="36.9332201" lon="139.307236"><ele>1675.1566666666668</ele><time>2023-08-18T22:44:25Z</time></trkpt><trkpt lat="36.9332893" lon="139.3070182"><ele>1673.1133333333335</ele><time>2023-08-18T22:44:39Z</time></trkpt><trkpt lat="36.9334075" lon="139.3068311"><ele>1671.1900000000003</ele><time>2023-08-18T22:44:55Z</time></trkpt><trkpt lat="36.9335577" lon="139.3066995"><ele>1669.506666666667</ele><time>2023-08-18T22:45:08Z</time></trkpt><trkpt lat="36.9336753" lon="139.306512"><ele>1668.4033333333334</ele><time>2023-08-18T22:45:19Z</time></trkpt><trkpt lat="36.9337706" lon="139.3063044"><ele>1667.6033333333335</ele><time>2023-08-18T22:45:31Z</time></trkpt><trkpt lat="36.9339347" lon="139.3061971"><ele>1666.9666666666665</ele><time>2023-08-18T22:45:57Z</time></trkpt><trkpt lat="36.9340474" lon="139.3060123"><ele>1666.5200000000002</ele><time>2023-08-18T22:46:11Z</time></trkpt><trkpt lat="36.9340516" lon="139.3057761"><ele>1666.75</ele><time>2023-08-18T22:46:22Z</time></trkpt><trkpt lat="36.9339683" lon="139.3055739"><ele>1666.7633333333335</ele><time>2023-08-18T22:46:50Z</time></trkpt><trkpt lat="36.933894" lon="139.3053668"><ele>1666.7566666666664</ele><time>2023-08-18T22:47:04Z</time></trkpt><trkpt lat="36.9338939" lon="139.3051393"><ele>1667.1266666666668</ele><time>2023-08-18T22:47:22Z</time></trkpt><trkpt lat="36.9339913" lon="139.30495"><ele>1668.4233333333332</ele><time>2023-08-18T22:47:39Z</time></trkpt><trkpt lat="36.9340278" lon="139.3047255"><ele>1669.01</ele><time>2023-08-18T22:47:55Z</time></trkpt><trkpt lat="36.9341967" lon="139.304614"><ele>1669.0633333333333</ele><time>2023-08-18T22:48:33Z</time></trkpt><trkpt lat="36.9343644" lon="139.304505"><ele>1668.53</ele><time>2023-08-18T22:48:50Z</time></trkpt><trkpt lat="36.9343758" lon="139.3042753"><ele>1668.18</ele><time>2023-08-18T22:49:11Z</time></trkpt><trkpt lat="36.934427" lon="139.3040547"><ele>1667.38</ele><time>2023-08-18T22:51:29Z</time></trkpt><trkpt lat="36.9344998" lon="139.3038333"><ele>1666.83</ele><time>2023-08-18T22:51:41Z</time></trkpt><trkpt lat="36.9344436" lon="139.3036003"><ele>1666.83</ele><time>2023-08-18T22:51:57Z</time></trkpt><trkpt lat="36.9343191" lon="139.3034301"><ele>1666.6966666666667</ele><time>2023-08-18T22:52:08Z</time></trkpt><trkpt lat="36.9342363" lon="139.3032188"><ele>1666.53</ele><time>2023-08-18T22:52:21Z</time></trkpt><trkpt lat="36.9340963" lon="139.3030737"><ele>1666.28</ele><time>2023-08-18T22:52:38Z</time></trkpt><trkpt lat="36.9341704" lon="139.3028412"><ele>1666.9800000000002</ele><time>2023-08-18T22:52:54Z</time></trkpt><trkpt lat="36.9342864" lon="139.3026374"><ele>1667.78</ele><time>2023-08-18T22:53:06Z</time></trkpt><trkpt lat="36.9343468" lon="139.3024191"><ele>1668.7933333333333</ele><time>2023-08-18T22:53:17Z</time></trkpt><trkpt lat="36.9343987" lon="139.3021958"><ele>1669.1133333333335</ele><time>2023-08-18T22:53:30Z</time></trkpt><trkpt lat="36.9344957" lon="139.3019974"><ele>1668.8499999999997</ele><time>2023-08-18T22:53:44Z</time></trkpt><trkpt lat="36.9344954" lon="139.3017618"><ele>1668.43</ele><time>2023-08-18T22:53:59Z</time></trkpt><trkpt lat="36.9345505" lon="139.3015429"><ele>1668.1833333333334</ele><time>2023-08-18T22:54:14Z</time></trkpt><trkpt lat="36.9346252" lon="139.3013238"><ele>1668.1266666666668</ele><time>2023-08-18T22:54:26Z</time></trkpt><trkpt lat="36.9346887" lon="139.3011029"><ele>1667.9133333333332</ele><time>2023-08-18T22:54:38Z</time></trkpt><trkpt lat="36.9347379" lon="139.3008806"><ele>1667.4366666666667</ele><time>2023-08-18T22:54:52Z</time></trkpt><trkpt lat="36.9348539" lon="139.3007051"><ele>1666.8733333333332</ele><time>2023-08-18T22:55:08Z</time></trkpt><trkpt lat="36.9349926" lon="139.3005509"><ele>1666.5033333333333</ele><time>2023-08-18T22:55:24Z</time></trkpt><trkpt lat="36.9351531" lon="139.3004445"><ele>1666.36</ele><time>2023-08-18T22:55:38Z</time></trkpt><trkpt lat="36.9352844" lon="139.3002899"><ele>1666.6633333333332</ele><time>2023-08-18T22:55:51Z</time></trkpt><trkpt lat="36.9353781" lon="139.3000858"><ele>1667.3933333333334</ele><time>2023-08-18T22:56:05Z</time></trkpt><trkpt lat="36.9353659" lon="139.2998571"><ele>1667.8766666666663</ele><time>2023-08-18T22:56:13Z</time></trkpt><trkpt lat="36.9354023" lon="139.2996342"><ele>1667.95</ele><time>2023-08-18T22:56:28Z</time></trkpt><trkpt lat="36.9354818" lon="139.2994268"><ele>1667.5833333333333</ele><time>2023-08-18T22:56:46Z</time></trkpt><trkpt lat="36.9356101" lon="139.2992689"><ele>1667.6899999999998</ele><time>2023-08-18T22:57:00Z</time></trkpt><trkpt lat="36.935728" lon="139.2990965"><ele>1667.8866666666665</ele><time>2023-08-18T22:57:16Z</time></trkpt><trkpt lat="36.9357777" lon="139.2988742"><ele>1667.9033333333334</ele><time>2023-08-18T22:57:29Z</time></trkpt><trkpt lat="36.9358332" lon="139.2986568"><ele>1667.4033333333334</ele><time>2023-08-18T22:57:50Z</time></trkpt><trkpt lat="36.9358529" lon="139.2984316"><ele>1667.1133333333335</ele><time>2023-08-18T22:59:47Z</time></trkpt><trkpt lat="36.9357509" lon="139.2982321"><ele>1667.0033333333333</ele><time>2023-08-18T22:59:58Z</time></trkpt><trkpt lat="36.9355978" lon="139.2981006"><ele>1667.2866666666669</ele><time>2023-08-18T23:00:11Z</time></trkpt><trkpt lat="36.9355962" lon="139.2978748"><ele>1667.8966666666668</ele><time>2023-08-18T23:00:30Z</time></trkpt><trkpt lat="36.9354757" lon="139.2977039"><ele>1668.0566666666666</ele><time>2023-08-18T23:01:07Z</time></trkpt><trkpt lat="36.935396" lon="139.2974838"><ele>1667.8333333333333</ele><time>2023-08-18T23:01:23Z</time></trkpt><trkpt lat="36.9354206" lon="139.2972481"><ele>1667.43</ele><time>2023-08-18T23:01:36Z</time></trkpt><trkpt lat="36.9354326" lon="139.2970168"><ele>1667.4733333333334</ele><time>2023-08-18T23:01:49Z</time></trkpt><trkpt lat="36.9354071" lon="139.2967864"><ele>1667.7033333333336</ele><time>2023-08-18T23:02:02Z</time></trkpt><trkpt lat="36.9354866" lon="139.2965791"><ele>1667.5466666666669</ele><time>2023-08-18T23:02:15Z</time></trkpt><trkpt lat="36.9356643" lon="139.29653"><ele>1667.4333333333334</ele><time>2023-08-18T23:02:26Z</time></trkpt><trkpt lat="36.9358177" lon="139.2963852"><ele>1667.1966666666667</ele><time>2023-08-18T23:02:39Z</time></trkpt><trkpt lat="36.9359733" lon="139.2962607"><ele>1667.1133333333335</ele><time>2023-08-18T23:02:53Z</time></trkpt><trkpt lat="36.9360792" lon="139.2960755"><ele>1667.05</ele><time>2023-08-18T23:03:05Z</time></trkpt><trkpt lat="36.9360788" lon="139.2958497"><ele>1667.0633333333335</ele><time>2023-08-18T23:03:17Z</time></trkpt><trkpt lat="36.9361429" lon="139.2956272"><ele>1666.783333333333</ele><time>2023-08-18T23:04:08Z</time></trkpt><trkpt lat="36.9361364" lon="139.2954002"><ele>1666.3099999999997</ele><time>2023-08-18T23:04:20Z</time></trkpt><trkpt lat="36.9360794" lon="139.2951752"><ele>1665.8433333333332</ele><time>2023-08-18T23:04:34Z</time></trkpt><trkpt lat="36.9360142" lon="139.2949597"><ele>1665.5633333333335</ele><time>2023-08-18T23:04:45Z</time></trkpt><trkpt lat="36.9359438" lon="139.2947427"><ele>1665.4733333333334</ele><time>2023-08-18T23:04:57Z</time></trkpt><trkpt lat="36.9359114" lon="139.2945007"><ele>1665.6566666666665</ele><time>2023-08-18T23:05:23Z</time></trkpt><trkpt lat="36.9358438" lon="139.294265"><ele>1665.9133333333332</ele><time>2023-08-18T23:05:48Z</time></trkpt><trkpt lat="36.9357589" lon="139.2940497"><ele>1666.14</ele><time>2023-08-18T23:06:21Z</time></trkpt><trkpt lat="36.9356277" lon="139.2938826"><ele>1666.17</ele><time>2023-08-18T23:06:36Z</time></trkpt><trkpt lat="36.9354376" lon="139.2939231"><ele>1665.9766666666667</ele><time>2023-08-18T23:07:24Z</time></trkpt><trkpt lat="36.9352546" lon="139.2938753"><ele>1665.7466666666667</ele><time>2023-08-18T23:07:32Z</time></trkpt><trkpt lat="36.9351436" lon="139.2936953"><ele>1665.71</ele><time>2023-08-18T23:07:40Z</time></trkpt><trkpt lat="36.9351533" lon="139.2934545"><ele>1665.7866666666669</ele><time>2023-08-18T23:07:46Z</time></trkpt><trkpt lat="36.9352037" lon="139.2932339"><ele>1665.8633333333335</ele><time>2023-08-18T23:14:48Z</time></trkpt><trkpt lat="36.9352431" lon="139.2930038"><ele>1665.8700000000001</ele><time>2023-08-18T23:15:26Z</time></trkpt><trkpt lat="36.935363" lon="139.2927955"><ele>1666.0666666666666</ele><time>2023-08-18T23:15:36Z</time></trkpt><trkpt lat="36.9353913" lon="139.2925671"><ele>1666.32</ele><time>2023-08-18T23:16:01Z</time></trkpt><trkpt lat="36.935328" lon="139.2923443"><ele>1666.4133333333332</ele><time>2023-08-18T23:16:38Z</time></trkpt><trkpt lat="36.9352824" lon="139.2921258"><ele>1666.17</ele><time>2023-08-18T23:16:50Z</time></trkpt><trkpt lat="36.9351141" lon="139.2920091"><ele>1665.1566666666668</ele><time>2023-08-18T23:17:04Z</time></trkpt><trkpt lat="36.9349964" lon="139.2918388"><ele>1663.18</ele><time>2023-08-18T23:17:19Z</time></trkpt><trkpt lat="36.9348921" lon="139.2916552"><ele>1661.033333333333</ele><time>2023-08-18T23:17:31Z</time></trkpt><trkpt lat="36.9347616" lon="139.2914944"><ele>1659.403333333333</ele><time>2023-08-18T23:17:45Z</time></trkpt><trkpt lat="36.9347459" lon="139.291268"><ele>1658.71</ele><time>2023-08-18T23:18:01Z</time></trkpt><trkpt lat="36.9348635" lon="139.2910891"><ele>1658.3799999999999</ele><time>2023-08-18T23:18:15Z</time></trkpt><trkpt lat="36.9349098" lon="139.2908707"><ele>1658.4166666666667</ele><time>2023-08-18T23:18:28Z</time></trkpt><trkpt lat="36.9348153" lon="139.2906744"><ele>1658.46</ele><time>2023-08-18T23:18:46Z</time></trkpt><trkpt lat="36.9347412" lon="139.2904672"><ele>1658.45</ele><time>2023-08-18T23:18:56Z</time></trkpt><trkpt lat="36.9346206" lon="139.2902968"><ele>1658.1833333333334</ele><time>2023-08-18T23:19:07Z</time></trkpt><trkpt lat="36.9345098" lon="139.2900928"><ele>1657.8433333333335</ele><time>2023-08-18T23:19:21Z</time></trkpt><trkpt lat="36.9344091" lon="139.289897"><ele>1657.4433333333336</ele><time>2023-08-18T23:19:34Z</time></trkpt><trkpt lat="36.9343911" lon="139.2896672"><ele>1657.1133333333335</ele><time>2023-08-18T23:19:48Z</time></trkpt><trkpt lat="36.9343352" lon="139.2894415"><ele>1656.67</ele><time>2023-08-18T23:20:03Z</time></trkpt><trkpt lat="36.9343942" lon="139.2892246"><ele>1656.5666666666666</ele><time>2023-08-18T23:20:24Z</time></trkpt><trkpt lat="36.9345068" lon="139.2890336"><ele>1656.87</ele><time>2023-08-18T23:20:36Z</time></trkpt><trkpt lat="36.9345723" lon="139.2888179"><ele>1657.8133333333335</ele><time>2023-08-18T23:20:48Z</time></trkpt><trkpt lat="36.9344877" lon="139.2886027"><ele>1658.2</ele><time>2023-08-18T23:20:59Z</time></trkpt><trkpt lat="36.9344337" lon="139.2883839"><ele>1657.9833333333336</ele><time>2023-08-18T23:21:11Z</time></trkpt><trkpt lat="36.9344514" lon="139.2881525"><ele>1657.4533333333336</ele><time>2023-08-18T23:21:36Z</time></trkpt><trkpt lat="36.9344914" lon="139.287922"><ele>1657.45</ele><time>2023-08-18T23:21:49Z</time></trkpt><trkpt lat="36.9345548" lon="139.2877114"><ele>1657.5766666666666</ele><time>2023-08-18T23:21:59Z</time></trkpt><trkpt lat="36.9346613" lon="139.2875295"><ele>1657.3233333333335</ele><time>2023-08-18T23:22:10Z</time></trkpt><trkpt lat="36.9347725" lon="139.2873464"><ele>1657.0266666666666</ele><time>2023-08-18T23:22:22Z</time></trkpt><trkpt lat="36.9348761" lon="139.2871548"><ele>1656.4399999999998</ele><time>2023-08-18T23:23:11Z</time></trkpt><trkpt lat="36.9350343" lon="139.2870432"><ele>1656.1833333333334</ele><time>2023-08-18T23:23:23Z</time></trkpt><trkpt lat="36.9351518" lon="139.2868483"><ele>1655.9333333333334</ele><time>2023-08-18T23:23:35Z</time></trkpt><trkpt lat="36.935259" lon="139.2866481"><ele>1656.2233333333334</ele><time>2023-08-18T23:23:47Z</time></trkpt><trkpt lat="36.9353801" lon="139.2864594"><ele>1656.7033333333336</ele><time>2023-08-18T23:24:04Z</time></trkpt><trkpt lat="36.935458" lon="139.2862544"><ele>1656.9400000000003</ele><time>2023-08-18T23:24:17Z</time></trkpt><trkpt lat="36.9354807" lon="139.2860237"><ele>1656.6633333333332</ele><time>2023-08-18T23:24:31Z</time></trkpt><trkpt lat="36.9354237" lon="139.2858003"><ele>1655.9166666666667</ele><time>2023-08-18T23:25:15Z</time></trkpt><trkpt lat="36.9354085" lon="139.2855718"><ele>1654.79</ele><time>2023-08-18T23:25:26Z</time></trkpt><trkpt lat="36.9353309" lon="139.2853675"><ele>1654.1133333333335</ele><time>2023-08-18T23:25:43Z</time></trkpt><trkpt lat="36.935239" lon="139.2851731"><ele>1653.9533333333336</ele><time>2023-08-18T23:27:50Z</time></trkpt><trkpt lat="36.9351524" lon="139.284965"><ele>1654.3566666666666</ele><time>2023-08-18T23:28:26Z</time></trkpt><trkpt lat="36.9350905" lon="139.2847505"><ele>1654.9566666666667</ele><time>2023-08-18T23:28:36Z</time></trkpt><trkpt lat="36.9350419" lon="139.284533"><ele>1655.2966666666664</ele><time>2023-08-18T23:28:49Z</time></trkpt><trkpt lat="36.9349988" lon="139.2843143"><ele>1655.64</ele><time>2023-08-18T23:29:00Z</time></trkpt><trkpt lat="36.9349535" lon="139.2840834"><ele>1656.0466666666669</ele><time>2023-08-18T23:29:14Z</time></trkpt><trkpt lat="36.9348785" lon="139.2838783"><ele>1656.7033333333331</ele><time>2023-08-18T23:29:27Z</time></trkpt><trkpt lat="36.9347985" lon="139.2836697"><ele>1657.3566666666666</ele><time>2023-08-18T23:29:41Z</time></trkpt><trkpt lat="36.9346774" lon="139.2835026"><ele>1658.67</ele><time>2023-08-18T23:31:04Z</time></trkpt><trkpt lat="36.9346552" lon="139.2832797"><ele>1662.01</ele><time>2023-08-18T23:31:46Z</time></trkpt><trkpt lat="36.9345605" lon="139.283077"><ele>1666.6433333333334</ele><time>2023-08-18T23:31:57Z</time></trkpt><trkpt lat="36.9344616" lon="139.2828716"><ele>1671.4633333333331</ele><time>2023-08-18T23:32:37Z</time></trkpt><trkpt lat="36.9344371" lon="139.2826459"><ele>1675.0200000000002</ele><time>2023-08-18T23:32:54Z</time></trkpt><trkpt lat="36.9345053" lon="139.2824379"><ele>1677.0133333333333</ele><time>2023-08-18T23:33:06Z</time></trkpt><trkpt lat="36.9345425" lon="139.2822087"><ele>1678.5600000000002</ele><time>2023-08-18T23:33:22Z</time></trkpt><trkpt lat="36.9343667" lon="139.2821269"><ele>1678.6766666666665</ele><time>2023-08-18T23:33:35Z</time></trkpt><trkpt lat="36.9341976" lon="139.2820406"><ele>1678.8033333333333</ele><time>2023-08-18T23:33:46Z</time></trkpt><trkpt lat="36.9340512" lon="139.2818806"><ele>1678.3366666666668</ele><time>2023-08-18T23:33:59Z</time></trkpt><trkpt lat="36.9339199" lon="139.2817247"><ele>1677.88</ele><time>2023-08-18T23:34:33Z</time></trkpt><trkpt lat="36.9337821" lon="139.2815746"><ele>1675.3100000000002</ele><time>2023-08-18T23:35:07Z</time></trkpt><trkpt lat="36.9336689" lon="139.2813751"><ele>1670.7766666666666</ele><time>2023-08-18T23:35:27Z</time></trkpt><trkpt lat="36.933606" lon="139.281164"><ele>1664.97</ele><time>2023-08-18T23:35:40Z</time></trkpt><trkpt lat="36.9334886" lon="139.280992"><ele>1659.1499999999999</ele><time>2023-08-18T23:35:57Z</time></trkpt><trkpt lat="36.933444" lon="139.2807669"><ele>1653.9966666666667</ele><time>2023-08-18T23:36:11Z</time></trkpt><trkpt lat="36.933504" lon="139.2805475"><ele>1651.57</ele><time>2023-08-18T23:36:50Z</time></trkpt><trkpt lat="36.9335629" lon="139.2803345"><ele>1651.0166666666667</ele><time>2023-08-18T23:37:07Z</time></trkpt><trkpt lat="36.933601" lon="139.2801133"><ele>1650.2600000000002</ele><time>2023-08-18T23:37:32Z</time></trkpt><trkpt lat="36.9336411" lon="139.279892"><ele>1647.0966666666666</ele><time>2023-08-18T23:37:51Z</time></trkpt><trkpt lat="36.9337852" lon="139.2797485"><ele>1643.6933333333334</ele><time>2023-08-18T23:38:10Z</time></trkpt><trkpt lat="36.9338404" lon="139.2795267"><ele>1639.7233333333334</ele><time>2023-08-18T23:38:34Z</time></trkpt><trkpt lat="36.9339681" lon="139.2793573"><ele>1635.6133333333335</ele><time>2023-08-18T23:38:49Z</time></trkpt><trkpt lat="36.9340946" lon="139.2791942"><ele>1632.0566666666666</ele><time>2023-08-18T23:39:39Z</time></trkpt><trkpt lat="36.9341485" lon="139.2789684"><ele>1628.4533333333336</ele><time>2023-08-18T23:39:58Z</time></trkpt><trkpt lat="36.9342869" lon="139.2788165"><ele>1625.6133333333335</ele><time>2023-08-18T23:40:11Z</time></trkpt><trkpt lat="36.9344573" lon="139.2787222"><ele>1624.2133333333334</ele><time>2023-08-18T23:40:23Z</time></trkpt><trkpt lat="36.9345309" lon="139.2785129"><ele>1624.0100000000002</ele><time>2023-08-18T23:40:37Z</time></trkpt><trkpt lat="36.9346097" lon="139.2782994"><ele>1622.8666666666668</ele><time>2023-08-18T23:40:51Z</time></trkpt><trkpt lat="36.9345647" lon="139.2780783"><ele>1616.256666666667</ele><time>2023-08-18T23:41:07Z</time></trkpt><trkpt lat="36.9346489" lon="139.2778683"><ele>1609.0433333333333</ele><time>2023-08-18T23:41:24Z</time></trkpt><trkpt lat="36.9347331" lon="139.2776698"><ele>1605.95</ele><time>2023-08-18T23:41:37Z</time></trkpt><trkpt lat="36.9348949" lon="139.2775523"><ele>1610.1066666666666</ele><time>2023-08-18T23:41:51Z</time></trkpt><trkpt lat="36.9349413" lon="139.2773197"><ele>1615.7133333333334</ele><time>2023-08-18T23:42:08Z</time></trkpt><trkpt lat="36.93501" lon="139.2771001"><ele>1619.5466666666669</ele><time>2023-08-18T23:42:23Z</time></trkpt><trkpt lat="36.935057" lon="139.2768719"><ele>1619.7133333333334</ele><time>2023-08-18T23:42:36Z</time></trkpt><trkpt lat="36.9351022" lon="139.2766488"><ele>1619.6599999999999</ele><time>2023-08-18T23:42:49Z</time></trkpt><trkpt lat="36.9351875" lon="139.276435"><ele>1618.8633333333335</ele><time>2023-08-18T23:43:00Z</time></trkpt><trkpt lat="36.9352625" lon="139.2762172"><ele>1618.0766666666666</ele><time>2023-08-18T23:43:16Z</time></trkpt><trkpt lat="36.935273" lon="139.2759849"><ele>1616.3766666666668</ele><time>2023-08-18T23:43:28Z</time></trkpt><trkpt lat="36.9352046" lon="139.2757702"><ele>1613.74</ele><time>2023-08-18T23:43:53Z</time></trkpt><trkpt lat="36.9353081" lon="139.2755829"><ele>1609.7933333333333</ele><time>2023-08-18T23:44:29Z</time></trkpt><trkpt lat="36.935424" lon="139.2754096"><ele>1604.6066666666666</ele><time>2023-08-18T23:44:54Z</time></trkpt><trkpt lat="36.9354309" lon="139.2751819"><ele>1599.0466666666669</ele><time>2023-08-18T23:45:06Z</time></trkpt><trkpt lat="36.9354743" lon="139.2749628"><ele>1594.3533333333335</ele><time>2023-08-18T23:45:23Z</time></trkpt><trkpt lat="36.9355599" lon="139.2747621"><ele>1591.0200000000002</ele><time>2023-08-18T23:45:34Z</time></trkpt><trkpt lat="36.9357243" lon="139.274652"><ele>1588.3866666666665</ele><time>2023-08-18T23:45:48Z</time></trkpt><trkpt lat="36.9357827" lon="139.2744363"><ele>1585.5266666666666</ele><time>2023-08-18T23:46:02Z</time></trkpt><trkpt lat="36.9358873" lon="139.2742353"><ele>1582.8133333333333</ele><time>2023-08-18T23:46:18Z</time></trkpt><trkpt lat="36.9359577" lon="139.2740148"><ele>1580.4433333333334</ele><time>2023-08-18T23:46:36Z</time></trkpt><trkpt lat="36.9359315" lon="139.2737903"><ele>1579.1133333333335</ele><time>2023-08-18T23:46:52Z</time></trkpt><trkpt lat="36.9359255" lon="139.2735615"><ele>1577.966666666667</ele><time>2023-08-18T23:47:05Z</time></trkpt><trkpt lat="36.9360211" lon="139.273364"><ele>1577.45</ele><time>2023-08-18T23:47:21Z</time></trkpt><trkpt lat="36.9360292" lon="139.2731397"><ele>1575.4566666666667</ele><time>2023-08-18T23:47:33Z</time></trkpt><trkpt lat="36.9361774" lon="139.2729978"><ele>1576.2033333333331</ele><time>2023-08-18T23:47:48Z</time></trkpt><trkpt lat="36.9362076" lon="139.2727764"><ele>1574.3</ele><time>2023-08-18T23:47:59Z</time></trkpt><trkpt lat="36.9363294" lon="139.2726012"><ele>1574.1866666666665</ele><time>2023-08-18T23:48:48Z</time></trkpt><trkpt lat="36.936434" lon="139.2724088"><ele>1571.1033333333335</ele><time>2023-08-18T23:48:58Z</time></trkpt><trkpt lat="36.9365722" lon="139.2722629"><ele>1570.493333333333</ele><time>2023-08-18T23:49:32Z</time></trkpt><trkpt lat="36.936628" lon="139.2720396"><ele>1568.1166666666668</ele><time>2023-08-18T23:49:51Z</time></trkpt><trkpt lat="36.936689" lon="139.2718203"><ele>1565.8066666666666</ele><time>2023-08-18T23:50:05Z</time></trkpt><trkpt lat="36.936784" lon="139.271627"><ele>1562.4333333333334</ele><time>2023-08-18T23:50:20Z</time></trkpt><trkpt lat="36.9369255" lon="139.2714758"><ele>1560.1466666666668</ele><time>2023-08-18T23:50:36Z</time></trkpt><trkpt lat="36.9370653" lon="139.271334"><ele>1558.756666666667</ele><time>2023-08-18T23:50:56Z</time></trkpt><trkpt lat="36.9372314" lon="139.2712293"><ele>1558.8633333333335</ele><time>2023-08-18T23:51:13Z</time></trkpt><trkpt lat="36.9372897" lon="139.2710089"><ele>1557.1800000000003</ele><time>2023-08-18T23:51:38Z</time></trkpt><trkpt lat="36.9373894" lon="139.2708208"><ele>1554.206666666667</ele><time>2023-08-18T23:52:07Z</time></trkpt><trkpt lat="36.9374951" lon="139.2706381"><ele>1550.6499999999999</ele><time>2023-08-18T23:52:20Z</time></trkpt><trkpt lat="36.9376554" lon="139.2705351"><ele>1550.2833333333335</ele><time>2023-08-18T23:52:46Z</time></trkpt><trkpt lat="36.937797" lon="139.2703857"><ele>1550.2766666666666</ele><time>2023-08-18T23:52:58Z</time></trkpt><trkpt lat="36.9379204" lon="139.2702156"><ele>1548.9433333333334</ele><time>2023-08-18T23:53:13Z</time></trkpt><trkpt lat="36.9380375" lon="139.2700432"><ele>1545.4499999999998</ele><time>2023-08-18T23:53:26Z</time></trkpt><trkpt lat="36.9382131" lon="139.2699736"><ele>1542.7</ele><time>2023-08-18T23:53:54Z</time></trkpt><trkpt lat="36.9383935" lon="139.2699497"><ele>1542.993333333333</ele><time>2023-08-18T23:54:17Z</time></trkpt><trkpt lat="36.9385305" lon="139.2698022"><ele>1544.3999999999999</ele><time>2023-08-18T23:54:49Z</time></trkpt><trkpt lat="36.9386084" lon="139.2695853"><ele>1545.2566666666664</ele><time>2023-08-18T23:55:05Z</time></trkpt><trkpt lat="36.9387605" lon="139.269453"><ele>1544.14</ele><time>2023-08-18T23:55:18Z</time></trkpt><trkpt lat="36.9389313" lon="139.2693569"><ele>1543.9566666666667</ele><time>2023-08-18T23:55:41Z</time></trkpt><trkpt lat="36.939107" lon="139.2692765"><ele>1544.3033333333333</ele><time>2023-08-18T23:55:57Z</time></trkpt><trkpt lat="36.939262" lon="139.2691338"><ele>1545.0400000000002</ele><time>2023-08-18T23:56:14Z</time></trkpt><trkpt lat="36.9393741" lon="139.2689579"><ele>1542.0166666666667</ele><time>2023-08-18T23:56:28Z</time></trkpt><trkpt lat="36.9395543" lon="139.2689116"><ele>1539.6733333333334</ele><time>2023-08-18T23:56:45Z</time></trkpt><trkpt lat="36.9397354" lon="139.2688267"><ele>1536.7</ele><time>2023-08-18T23:56:58Z</time></trkpt><trkpt lat="36.9399039" lon="139.2687307"><ele>1536.08</ele><time>2023-08-18T23:57:09Z</time></trkpt><trkpt lat="36.9400888" lon="139.2686847"><ele>1534.1499999999999</ele><time>2023-08-18T23:57:39Z</time></trkpt><trkpt lat="36.9402826" lon="139.2686663"><ele>1532.8766666666668</ele><time>2023-08-18T23:57:53Z</time></trkpt><trkpt lat="36.9404747" lon="139.2686584"><ele>1532.3333333333333</ele><time>2023-08-18T23:58:04Z</time></trkpt><trkpt lat="36.9406635" lon="139.26861"><ele>1531.9166666666667</ele><time>2023-08-18T23:58:18Z</time></trkpt><trkpt lat="36.9408502" lon="139.2686495"><ele>1532.3833333333334</ele><time>2023-08-18T23:59:05Z</time></trkpt><trkpt lat="36.9410375" lon="139.2686913"><ele>1532.74</ele><time>2023-08-18T23:59:55Z</time></trkpt><trkpt lat="36.9412015" lon="139.2685786"><ele>1533.3233333333335</ele><time>2023-08-19T00:03:16Z</time></trkpt><trkpt lat="36.9413696" lon="139.2684647"><ele>1533.1266666666668</ele><time>2023-08-19T00:03:27Z</time></trkpt><trkpt lat="36.9414674" lon="139.2682747"><ele>1533.7766666666666</ele><time>2023-08-19T00:03:41Z</time></trkpt><trkpt lat="36.9415406" lon="139.2680695"><ele>1535.2133333333334</ele><time>2023-08-19T00:04:00Z</time></trkpt><trkpt lat="36.941593" lon="139.2678539"><ele>1536.7700000000002</ele><time>2023-08-19T00:04:15Z</time></trkpt><trkpt lat="36.9415592" lon="139.2676258"><ele>1536.1166666666668</ele><time>2023-08-19T00:04:28Z</time></trkpt><trkpt lat="36.9416543" lon="139.2674233"><ele>1534.4466666666667</ele><time>2023-08-19T00:04:40Z</time></trkpt><trkpt lat="36.941757" lon="139.2672361"><ele>1531.89</ele><time>2023-08-19T00:04:54Z</time></trkpt><trkpt lat="36.9418294" lon="139.2670269"><ele>1530.4433333333334</ele><time>2023-08-19T00:05:06Z</time></trkpt><trkpt lat="36.9418221" lon="139.2667964"><ele>1528.4233333333334</ele><time>2023-08-19T00:05:21Z</time></trkpt><trkpt lat="36.9417825" lon="139.2665754"><ele>1525.3566666666668</ele><time>2023-08-19T00:05:35Z</time></trkpt><trkpt lat="36.9418611" lon="139.2663647"><ele>1520.9033333333334</ele><time>2023-08-19T00:05:49Z</time></trkpt><trkpt lat="36.9419111" lon="139.2661354"><ele>1517.39</ele><time>2023-08-19T00:06:04Z</time></trkpt><trkpt lat="36.9420087" lon="139.2659389"><ele>1515.76</ele><time>2023-08-19T00:06:21Z</time></trkpt><trkpt lat="36.942128" lon="139.2657605"><ele>1515.7733333333333</ele><time>2023-08-19T00:06:35Z</time></trkpt><trkpt lat="36.9421576" lon="139.2655308"><ele>1515.9466666666667</ele><time>2023-08-19T00:06:48Z</time></trkpt><trkpt lat="36.9421482" lon="139.265306"><ele>1515.0633333333335</ele><time>2023-08-19T00:07:02Z</time></trkpt><trkpt lat="36.9421868" lon="139.26508"><ele>1513.9033333333334</ele><time>2023-08-19T00:07:17Z</time></trkpt><trkpt lat="36.942277" lon="139.2648856"><ele>1513.0966666666666</ele><time>2023-08-19T00:07:34Z</time></trkpt><trkpt lat="36.9423072" lon="139.264664"><ele>1512.51</ele><time>2023-08-19T00:07:44Z</time></trkpt><trkpt lat="36.9422795" lon="139.2644307"><ele>1511.6666666666667</ele><time>2023-08-19T00:08:01Z</time></trkpt><trkpt lat="36.9422518" lon="139.2641966"><ele>1509.8033333333333</ele><time>2023-08-19T00:08:17Z</time></trkpt><trkpt lat="36.9422408" lon="139.2639677"><ele>1507.7766666666666</ele><time>2023-08-19T00:08:30Z</time></trkpt><trkpt lat="36.9422352" lon="139.2637319"><ele>1505.7700000000002</ele><time>2023-08-19T00:08:43Z</time></trkpt><trkpt lat="36.9422192" lon="139.2634979"><ele>1503.8266666666666</ele><time>2023-08-19T00:08:57Z</time></trkpt><trkpt lat="36.9422202" lon="139.2632612"><ele>1501.9233333333334</ele><time>2023-08-19T00:09:16Z</time></trkpt><trkpt lat="36.9422401" lon="139.263038"><ele>1499.9366666666667</ele><time>2023-08-19T00:09:28Z</time></trkpt><trkpt lat="36.9422478" lon="139.2628108"><ele>1498.4033333333334</ele><time>2023-08-19T00:09:42Z</time></trkpt><trkpt lat="36.9421995" lon="139.2625889"><ele>1496.9766666666667</ele><time>2023-08-19T00:09:59Z</time></trkpt><trkpt lat="36.9421434" lon="139.2623697"><ele>1495.95</ele><time>2023-08-19T00:10:12Z</time></trkpt><trkpt lat="36.9421638" lon="139.2621449"><ele>1494.7633333333333</ele><time>2023-08-19T00:10:23Z</time></trkpt><trkpt lat="36.9421563" lon="139.261917"><ele>1493.6200000000001</ele><time>2023-08-19T00:10:37Z</time></trkpt><trkpt lat="36.9421501" lon="139.2616911"><ele>1492.2733333333335</ele><time>2023-08-19T00:10:51Z</time></trkpt><trkpt lat="36.9420897" lon="139.2614781"><ele>1490.4166666666667</ele><time>2023-08-19T00:11:02Z</time></trkpt><trkpt lat="36.9421084" lon="139.2612479"><ele>1488.4233333333334</ele><time>2023-08-19T00:11:13Z</time></trkpt><trkpt lat="36.9421511" lon="139.2610211"><ele>1485.8400000000001</ele><time>2023-08-19T00:11:28Z</time></trkpt><trkpt lat="36.9422104" lon="139.2608011"><ele>1483.2733333333333</ele><time>2023-08-19T00:11:41Z</time></trkpt><trkpt lat="36.9423314" lon="139.2606292"><ele>1481.2133333333334</ele><time>2023-08-19T00:11:53Z</time></trkpt><trkpt lat="36.9423877" lon="139.2604036"><ele>1479.993333333333</ele><time>2023-08-19T00:12:07Z</time></trkpt><trkpt lat="36.9424902" lon="139.2602154"><ele>1479.6366666666665</ele><time>2023-08-19T00:12:20Z</time></trkpt><trkpt lat="36.942585" lon="139.2600215"><ele>1479.0933333333332</ele><time>2023-08-19T00:12:35Z</time></trkpt><trkpt lat="36.9426687" lon="139.2598102"><ele>1478.4800000000002</ele><time>2023-08-19T00:13:00Z</time></trkpt><trkpt lat="36.9427094" lon="139.2595745"><ele>1477.6599999999999</ele><time>2023-08-19T00:13:12Z</time></trkpt><trkpt lat="36.9428135" lon="139.2593791"><ele>1476.9433333333334</ele><time>2023-08-19T00:13:25Z</time></trkpt><trkpt lat="36.9429265" lon="139.2591952"><ele>1476.3999999999999</ele><time>2023-08-19T00:13:38Z</time></trkpt><trkpt lat="36.9428279" lon="139.2590044"><ele>1475.1666666666667</ele><time>2023-08-19T00:13:50Z</time></trkpt><trkpt lat="36.9426682" lon="139.2588674"><ele>1473.1933333333334</ele><time>2023-08-19T00:14:04Z</time></trkpt><trkpt lat="36.942584" lon="139.2586662"><ele>1470.743333333333</ele><time>2023-08-19T00:14:15Z</time></trkpt><trkpt lat="36.9425812" lon="139.2584302"><ele>1468.7266666666667</ele><time>2023-08-19T00:14:29Z</time></trkpt><trkpt lat="36.9426512" lon="139.2582168"><ele>1467.3866666666665</ele><time>2023-08-19T00:14:42Z</time></trkpt><trkpt lat="36.9427059" lon="139.2580028"><ele>1466.2866666666669</ele><time>2023-08-19T00:14:59Z</time></trkpt><trkpt lat="36.942758" lon="139.2577706"><ele>1465.1666666666667</ele><time>2023-08-19T00:15:14Z</time></trkpt><trkpt lat="36.942738" lon="139.2575379"><ele>1463.5600000000002</ele><time>2023-08-19T00:15:28Z</time></trkpt><trkpt lat="36.9426285" lon="139.2573567"><ele>1461.5633333333335</ele><time>2023-08-19T00:15:38Z</time></trkpt><trkpt lat="36.9425847" lon="139.2571252"><ele>1459.5666666666668</ele><time>2023-08-19T00:15:50Z</time></trkpt><trkpt lat="36.9425203" lon="139.2569105"><ele>1457.89</ele><time>2023-08-19T00:16:02Z</time></trkpt><trkpt lat="36.9424437" lon="139.2566982"><ele>1456.5133333333333</ele><time>2023-08-19T00:16:17Z</time></trkpt><trkpt lat="36.9423373" lon="139.2565139"><ele>1455.1000000000001</ele><time>2023-08-19T00:16:29Z</time></trkpt><trkpt lat="36.9422591" lon="139.2563041"><ele>1453.8266666666666</ele><time>2023-08-19T00:16:41Z</time></trkpt><trkpt lat="36.9421332" lon="139.256132"><ele>1452.3866666666665</ele><time>2023-08-19T00:16:56Z</time></trkpt><trkpt lat="36.9420316" lon="139.2559339"><ele>1451.04</ele><time>2023-08-19T00:17:08Z</time></trkpt><trkpt lat="36.9419163" lon="139.2557519"><ele>1449.4066666666668</ele><time>2023-08-19T00:17:19Z</time></trkpt><trkpt lat="36.9418054" lon="139.2555742"><ele>1447.7866666666669</ele><time>2023-08-19T00:17:31Z</time></trkpt><trkpt lat="36.9417022" lon="139.2553799"><ele>1445.7</ele><time>2023-08-19T00:17:43Z</time></trkpt><trkpt lat="36.9416767" lon="139.2551393"><ele>1443.3933333333334</ele><time>2023-08-19T00:17:56Z</time></trkpt><trkpt lat="36.9416482" lon="139.2549129"><ele>1440.8666666666668</ele><time>2023-08-19T00:18:08Z</time></trkpt><trkpt lat="36.9416053" lon="139.2546855"><ele>1438.9166666666667</ele><time>2023-08-19T00:18:22Z</time></trkpt><trkpt lat="36.9414192" lon="139.2547071"><ele>1437.26</ele><time>2023-08-19T00:18:44Z</time></trkpt><trkpt lat="36.9412815" lon="139.2545416"><ele>1435.8833333333334</ele><time>2023-08-19T00:19:01Z</time></trkpt><trkpt lat="36.941108" lon="139.2544467"><ele>1434.0900000000001</ele><time>2023-08-19T00:19:11Z</time></trkpt><trkpt lat="36.940932" lon="139.2543735"><ele>1432.7066666666667</ele><time>2023-08-19T00:19:31Z</time></trkpt><trkpt lat="36.9408024" lon="139.2542124"><ele>1431.14</ele><time>2023-08-19T00:19:41Z</time></trkpt><trkpt lat="36.9406438" lon="139.254073"><ele>1429.7</ele><time>2023-08-19T00:19:54Z</time></trkpt><trkpt lat="36.9404926" lon="139.2539249"><ele>1427.9466666666667</ele><time>2023-08-19T00:20:05Z</time></trkpt><trkpt lat="36.9404123" lon="139.2537111"><ele>1426.2966666666669</ele><time>2023-08-19T00:20:18Z</time></trkpt><trkpt lat="36.94029" lon="139.2535217"><ele>1424.7333333333333</ele><time>2023-08-19T00:20:32Z</time></trkpt><trkpt lat="36.9402554" lon="139.2533007"><ele>1422.8033333333333</ele><time>2023-08-19T00:20:51Z</time></trkpt><trkpt lat="36.9404201" lon="139.253091"><ele>1421.1533333333334</ele><time>2023-08-19T00:21:12Z</time></trkpt><trkpt lat="36.9406056" lon="139.2530735"><ele>1419.9833333333333</ele><time>2023-08-19T00:21:50Z</time></trkpt><trkpt lat="36.9407581" lon="139.2529482"><ele>1419.6466666666665</ele><time>2023-08-19T00:22:03Z</time></trkpt><trkpt lat="36.9408732" lon="139.2527686"><ele>1419.4666666666665</ele><time>2023-08-19T00:22:16Z</time></trkpt><trkpt lat="36.9409545" lon="139.2525488"><ele>1419.11</ele><time>2023-08-19T00:22:47Z</time></trkpt><trkpt lat="36.9408217" lon="139.2523488"><ele>1418.42</ele><time>2023-08-19T00:23:16Z</time></trkpt><trkpt lat="36.9410465" lon="139.2524025"><ele>1418.1266666666668</ele><time>2023-08-19T00:23:28Z</time></trkpt><trkpt lat="36.9408875" lon="139.2525174"><ele>1418.08</ele><time>2023-08-19T00:24:17Z</time></trkpt><trkpt lat="36.9407066" lon="139.2524622"><ele>1418.1566666666668</ele><time>2023-08-19T00:24:30Z</time></trkpt><trkpt lat="36.9406836" lon="139.2522276"><ele>1417.6833333333334</ele><time>2023-08-19T00:24:54Z</time></trkpt><trkpt lat="36.940542" lon="139.2520776"><ele>1416.96</ele><time>2023-08-19T00:28:06Z</time></trkpt><trkpt lat="36.9404169" lon="139.2519112"><ele>1416.22</ele><time>2023-08-19T00:28:17Z</time></trkpt><trkpt lat="36.9402566" lon="139.2520356"><ele>1415.7700000000002</ele><time>2023-08-19T00:28:40Z</time></trkpt><trkpt lat="36.9401539" lon="139.2518228"><ele>1415.3533333333332</ele><time>2023-08-19T00:29:43Z</time></trkpt><trkpt lat="36.9403238" lon="139.2519097"><ele>1415.32</ele><time>2023-08-19T00:30:49Z</time></trkpt><trkpt lat="36.9403419" lon="139.251635"><ele>1414.8999999999999</ele><time>2023-08-19T00:38:44Z</time></trkpt><trkpt lat="36.940196" lon="139.251476"><ele>1414.3466666666666</ele><time>2023-08-19T00:39:37Z</time></trkpt><trkpt lat="36.9400951" lon="139.2512688"><ele>1413.2266666666667</ele><time>2023-08-19T00:39:45Z</time></trkpt><trkpt lat="36.9399193" lon="139.2511872"><ele>1412.5633333333335</ele><time>2023-08-19T00:40:04Z</time></trkpt><trkpt lat="36.939847" lon="139.2509677"><ele>1412.1599999999999</ele><time>2023-08-19T00:40:15Z</time></trkpt><trkpt lat="36.9397264" lon="139.250785"><ele>1412.1366666666665</ele><time>2023-08-19T00:40:33Z</time></trkpt><trkpt lat="36.9396939" lon="139.2505548"><ele>1411.9366666666665</ele><time>2023-08-19T00:41:15Z</time></trkpt><trkpt lat="36.9395835" lon="139.250366"><ele>1411.9166666666667</ele><time>2023-08-19T00:41:34Z</time></trkpt><trkpt lat="36.9394363" lon="139.2502063"><ele>1412.006666666667</ele><time>2023-08-19T00:41:48Z</time></trkpt><trkpt lat="36.9394006" lon="139.2499722"><ele>1412.0600000000002</ele><time>2023-08-19T00:42:16Z</time></trkpt><trkpt lat="36.9393191" lon="139.2497709"><ele>1411.8966666666668</ele><time>2023-08-19T00:42:27Z</time></trkpt><trkpt lat="36.9392153" lon="139.2495844"><ele>1411.5100000000002</ele><time>2023-08-19T00:42:35Z</time></trkpt><trkpt lat="36.9390833" lon="139.249394"><ele>1411.0933333333332</ele><time>2023-08-19T00:42:52Z</time></trkpt><trkpt lat="36.9389491" lon="139.249196"><ele>1410.6266666666668</ele><time>2023-08-19T00:43:04Z</time></trkpt><trkpt lat="36.9388912" lon="139.2489754"><ele>1410.2233333333334</ele><time>2023-08-19T00:43:23Z</time></trkpt><trkpt lat="36.9387877" lon="139.2487783"><ele>1409.9066666666668</ele><time>2023-08-19T00:43:38Z</time></trkpt><trkpt lat="36.9386421" lon="139.2486042"><ele>1409.6166666666668</ele><time>2023-08-19T00:43:51Z</time></trkpt><trkpt lat="36.9387326" lon="139.2484096"><ele>1409.3833333333332</ele><time>2023-08-19T00:44:36Z</time></trkpt><trkpt lat="36.9386718" lon="139.2481925"><ele>1409.1466666666668</ele><time>2023-08-19T00:44:46Z</time></trkpt><trkpt lat="36.9385482" lon="139.2480285"><ele>1408.9633333333334</ele><time>2023-08-19T00:45:00Z</time></trkpt><trkpt lat="36.9384908" lon="139.2478019"><ele>1408.7733333333333</ele><time>2023-08-19T00:45:21Z</time></trkpt><trkpt lat="36.9383404" lon="139.2476372"><ele>1408.4966666666667</ele><time>2023-08-19T00:45:41Z</time></trkpt><trkpt lat="36.9382045" lon="139.2474622"><ele>1408.1899999999998</ele><time>2023-08-19T00:45:47Z</time></trkpt><trkpt lat="36.9382118" lon="139.2472188"><ele>1407.8766666666668</ele><time>2023-08-19T00:46:17Z</time></trkpt><trkpt lat="36.9380789" lon="139.2470548"><ele>1407.57</ele><time>2023-08-19T00:46:29Z</time></trkpt><trkpt lat="36.9379697" lon="139.2468689"><ele>1407.3533333333335</ele><time>2023-08-19T00:46:42Z</time></trkpt><trkpt lat="36.9379371" lon="139.2466301"><ele>1407.0766666666668</ele><time>2023-08-19T00:46:52Z</time></trkpt><trkpt lat="36.9378338" lon="139.2464304"><ele>1406.88</ele><time>2023-08-19T00:47:06Z</time></trkpt><trkpt lat="36.9376759" lon="139.2462721"><ele>1406.5900000000001</ele><time>2023-08-19T00:47:21Z</time></trkpt><trkpt lat="36.9376611" lon="139.2460473"><ele>1406.36</ele><time>2023-08-19T00:47:51Z</time></trkpt><trkpt lat="36.9375634" lon="139.2458371"><ele>1406.0966666666666</ele><time>2023-08-19T00:48:13Z</time></trkpt><trkpt lat="36.9374017" lon="139.2457197"><ele>1405.8700000000001</ele><time>2023-08-19T00:48:26Z</time></trkpt><trkpt lat="36.9373325" lon="139.2455076"><ele>1405.6133333333335</ele><time>2023-08-19T00:48:38Z</time></trkpt><trkpt lat="36.9372832" lon="139.2452878"><ele>1405.426666666667</ele><time>2023-08-19T00:48:49Z</time></trkpt><trkpt lat="36.9371467" lon="139.245139"><ele>1405.2933333333333</ele><time>2023-08-19T00:49:02Z</time></trkpt><trkpt lat="36.9369926" lon="139.2450132"><ele>1405.1733333333332</ele><time>2023-08-19T00:49:20Z</time></trkpt><trkpt lat="36.9369732" lon="139.2447834"><ele>1405.07</ele><time>2023-08-19T00:49:30Z</time></trkpt><trkpt lat="36.9368635" lon="139.2445987"><ele>1404.97</ele><time>2023-08-19T00:49:39Z</time></trkpt><trkpt lat="36.9367527" lon="139.244415"><ele>1404.6533333333334</ele><time>2023-08-19T00:50:10Z</time></trkpt><trkpt lat="36.936666" lon="139.244213"><ele>1404.3866666666665</ele><time>2023-08-19T00:50:21Z</time></trkpt><trkpt lat="36.936578" lon="139.2440028"><ele>1404.37</ele><time>2023-08-19T00:50:33Z</time></trkpt><trkpt lat="36.9365136" lon="139.2437856"><ele>1404.8033333333333</ele><time>2023-08-19T00:50:48Z</time></trkpt><trkpt lat="36.9364598" lon="139.2435669"><ele>1405.2166666666665</ele><time>2023-08-19T00:51:01Z</time></trkpt><trkpt lat="36.9363588" lon="139.2433797"><ele>1405.5333333333335</ele><time>2023-08-19T00:51:13Z</time></trkpt><trkpt lat="36.9362345" lon="139.2432052"><ele>1405.7833333333335</ele><time>2023-08-19T00:51:23Z</time></trkpt><trkpt lat="36.9360791" lon="139.2430771"><ele>1406.12</ele><time>2023-08-19T00:51:43Z</time></trkpt><trkpt lat="36.936" lon="139.2428404"><ele>1406.3933333333334</ele><time>2023-08-19T00:51:59Z</time></trkpt><trkpt lat="36.9358524" lon="139.2427018"><ele>1406.6333333333334</ele><time>2023-08-19T00:52:18Z</time></trkpt><trkpt lat="36.9357477" lon="139.2425186"><ele>1406.8166666666668</ele><time>2023-08-19T00:52:25Z</time></trkpt><trkpt lat="36.9356621" lon="139.2423091"><ele>1406.99</ele><time>2023-08-19T00:52:41Z</time></trkpt><trkpt lat="36.9355457" lon="139.2421332"><ele>1407.03</ele><time>2023-08-19T00:52:57Z</time></trkpt><trkpt lat="36.9353452" lon="139.2420161"><ele>1406.9733333333334</ele><time>2023-08-19T00:53:12Z</time></trkpt><trkpt lat="36.9353323" lon="139.2417636"><ele>1406.7766666666666</ele><time>2023-08-19T00:53:22Z</time></trkpt><trkpt lat="36.9352647" lon="139.2415505"><ele>1406.51</ele><time>2023-08-19T00:53:31Z</time></trkpt><trkpt lat="36.9350624" lon="139.2414129"><ele>1406.2533333333333</ele><time>2023-08-19T00:53:52Z</time></trkpt><trkpt lat="36.9349593" lon="139.2412154"><ele>1405.9833333333333</ele><time>2023-08-19T00:54:07Z</time></trkpt><trkpt lat="36.9348838" lon="139.2410066"><ele>1405.75</ele><time>2023-08-19T00:54:20Z</time></trkpt><trkpt lat="36.9347657" lon="139.2408251"><ele>1405.4766666666667</ele><time>2023-08-19T00:54:29Z</time></trkpt><trkpt lat="36.934759" lon="139.2405843"><ele>1405.21</ele><time>2023-08-19T00:55:01Z</time></trkpt><trkpt lat="36.9346749" lon="139.2403584"><ele>1404.6833333333334</ele><time>2023-08-19T00:55:11Z</time></trkpt><trkpt lat="36.9345229" lon="139.2402085"><ele>1404.1333333333334</ele><time>2023-08-19T00:55:21Z</time></trkpt><trkpt lat="36.9343811" lon="139.2400454"><ele>1403.4433333333334</ele><time>2023-08-19T00:55:31Z</time></trkpt><trkpt lat="36.9343007" lon="139.2398393"><ele>1402.8</ele><time>2023-08-19T00:55:47Z</time></trkpt><trkpt lat="36.9341192" lon="139.2397232"><ele>1402.11</ele><time>2023-08-19T00:55:58Z</time></trkpt><trkpt lat="36.9339858" lon="139.2395574"><ele>1401.46</ele><time>2023-08-19T00:56:08Z</time></trkpt><trkpt lat="36.9338625" lon="139.239375"><ele>1400.9233333333334</ele><time>2023-08-19T00:56:19Z</time></trkpt><trkpt lat="36.9337637" lon="139.2391833"><ele>1400.3966666666668</ele><time>2023-08-19T00:56:30Z</time></trkpt><trkpt lat="36.9336627" lon="139.2389867"><ele>1400.0633333333335</ele><time>2023-08-19T00:56:51Z</time></trkpt><trkpt lat="36.9335049" lon="139.2388424"><ele>1399.9333333333334</ele><time>2023-08-19T00:57:02Z</time></trkpt><trkpt lat="36.933365" lon="139.2386807"><ele>1399.96</ele><time>2023-08-19T00:57:19Z</time></trkpt><trkpt lat="36.933218" lon="139.2385326"><ele>1400.08</ele><time>2023-08-19T00:57:33Z</time></trkpt><trkpt lat="36.9330273" lon="139.2385035"><ele>1400.22</ele><time>2023-08-19T00:57:46Z</time></trkpt><trkpt lat="36.9328476" lon="139.2384461"><ele>1400.41</ele><time>2023-08-19T00:57:58Z</time></trkpt><trkpt lat="36.9327948" lon="139.2386678"><ele>1400.5100000000002</ele><time>2023-08-19T00:58:17Z</time></trkpt><trkpt lat="36.9327113" lon="139.238467"><ele>1400.6233333333332</ele><time>2023-08-19T01:01:49Z</time></trkpt><trkpt lat="36.9325583" lon="139.2383449"><ele>1400.7299999999998</ele><time>2023-08-19T01:02:06Z</time></trkpt><trkpt lat="36.9324887" lon="139.2381187"><ele>1401.32</ele><time>2023-08-19T01:03:50Z</time></trkpt><trkpt lat="36.9323357" lon="139.2379752"><ele>1402.3499999999997</ele><time>2023-08-19T01:04:08Z</time></trkpt><trkpt lat="36.9322331" lon="139.2377877"><ele>1403.7666666666667</ele><time>2023-08-19T01:04:22Z</time></trkpt><trkpt lat="36.9321938" lon="139.2375676"><ele>1404.7700000000002</ele><time>2023-08-19T01:04:45Z</time></trkpt><trkpt lat="36.9320734" lon="139.2373958"><ele>1405.4266666666665</ele><time>2023-08-19T01:04:52Z</time></trkpt><trkpt lat="36.9319984" lon="139.2371897"><ele>1405.6633333333332</ele><time>2023-08-19T01:05:02Z</time></trkpt><trkpt lat="36.9320612" lon="139.2369765"><ele>1405.7700000000002</ele><time>2023-08-19T01:06:18Z</time></trkpt><trkpt lat="36.9321632" lon="139.2367689"><ele>1405.58</ele><time>2023-08-19T01:06:27Z</time></trkpt><trkpt lat="36.9322707" lon="139.236579"><ele>1405.26</ele><time>2023-08-19T01:06:39Z</time></trkpt><trkpt lat="36.9323773" lon="139.236383"><ele>1404.82</ele><time>2023-08-19T01:06:54Z</time></trkpt><trkpt lat="36.9325017" lon="139.2362076"><ele>1404.1966666666667</ele><time>2023-08-19T01:07:31Z</time></trkpt><trkpt lat="36.9326357" lon="139.2360545"><ele>1403.37</ele><time>2023-08-19T01:07:42Z</time></trkpt><trkpt lat="36.932728" lon="139.2358505"><ele>1402.5333333333335</ele><time>2023-08-19T01:07:54Z</time></trkpt><trkpt lat="36.9328443" lon="139.2356754"><ele>1401.72</ele><time>2023-08-19T01:08:07Z</time></trkpt><trkpt lat="36.932989" lon="139.2355233"><ele>1400.9666666666665</ele><time>2023-08-19T01:08:19Z</time></trkpt><trkpt lat="36.9331245" lon="139.2353461"><ele>1400.3733333333332</ele><time>2023-08-19T01:08:32Z</time></trkpt><trkpt lat="36.9332254" lon="139.235157"><ele>1400.0733333333335</ele><time>2023-08-19T01:08:44Z</time></trkpt><trkpt lat="36.9333679" lon="139.2350073"><ele>1399.9933333333336</ele><time>2023-08-19T01:08:54Z</time></trkpt><trkpt lat="36.9334882" lon="139.2348205"><ele>1399.9533333333336</ele><time>2023-08-19T01:09:13Z</time></trkpt><trkpt lat="36.9335727" lon="139.2346063"><ele>1399.9966666666667</ele><time>2023-08-19T01:09:27Z</time></trkpt><trkpt lat="36.9336883" lon="139.2344299"><ele>1400.1066666666668</ele><time>2023-08-19T01:09:46Z</time></trkpt><trkpt lat="36.9338357" lon="139.2342692"><ele>1400.216666666667</ele><time>2023-08-19T01:09:56Z</time></trkpt><trkpt lat="36.9339798" lon="139.2341235"><ele>1400.1899999999998</ele><time>2023-08-19T01:10:29Z</time></trkpt><trkpt lat="36.9341251" lon="139.2339867"><ele>1400.1499999999999</ele><time>2023-08-19T01:10:39Z</time></trkpt><trkpt lat="36.9342546" lon="139.2338127"><ele>1400.17</ele><time>2023-08-19T01:10:46Z</time></trkpt><trkpt lat="36.9343684" lon="139.233611"><ele>1400.28</ele><time>2023-08-19T01:10:58Z</time></trkpt><trkpt lat="36.9344972" lon="139.2334177"><ele>1400.3333333333333</ele><time>2023-08-19T01:11:10Z</time></trkpt><trkpt lat="36.9346351" lon="139.2332657"><ele>1400.3166666666668</ele><time>2023-08-19T01:11:25Z</time></trkpt><trkpt lat="36.9347501" lon="139.2330904"><ele>1400.2466666666667</ele><time>2023-08-19T01:11:42Z</time></trkpt><trkpt lat="36.9348798" lon="139.2329043"><ele>1400.1899999999998</ele><time>2023-08-19T01:12:05Z</time></trkpt><trkpt lat="36.9350141" lon="139.2327521"><ele>1400.1366666666665</ele><time>2023-08-19T01:12:16Z</time></trkpt><trkpt lat="36.9351359" lon="139.2325786"><ele>1400.1166666666668</ele><time>2023-08-19T01:12:30Z</time></trkpt><trkpt lat="36.9352451" lon="139.2324"><ele>1400.13</ele><time>2023-08-19T01:12:42Z</time></trkpt><trkpt lat="36.9353728" lon="139.2322335"><ele>1400.1899999999998</ele><time>2023-08-19T01:12:54Z</time></trkpt><trkpt lat="36.9354917" lon="139.2320601"><ele>1400.29</ele><time>2023-08-19T01:13:08Z</time></trkpt><trkpt lat="36.935559" lon="139.2318313"><ele>1400.3999999999999</ele><time>2023-08-19T01:13:37Z</time></trkpt><trkpt lat="36.935681" lon="139.2316591"><ele>1400.5199999999998</ele><time>2023-08-19T01:13:49Z</time></trkpt><trkpt lat="36.9358142" lon="139.2314722"><ele>1400.5933333333335</ele><time>2023-08-19T01:14:01Z</time></trkpt><trkpt lat="36.9359654" lon="139.2313343"><ele>1400.5966666666666</ele><time>2023-08-19T01:14:10Z</time></trkpt><trkpt lat="36.9361011" lon="139.231176"><ele>1400.506666666667</ele><time>2023-08-19T01:14:24Z</time></trkpt><trkpt lat="36.9362308" lon="139.2309879"><ele>1400.36</ele><time>2023-08-19T01:14:35Z</time></trkpt><trkpt lat="36.9362678" lon="139.2307564"><ele>1400.2233333333334</ele><time>2023-08-19T01:14:51Z</time></trkpt><trkpt lat="36.9364325" lon="139.2306386"><ele>1400.0633333333335</ele><time>2023-08-19T01:15:02Z</time></trkpt><trkpt lat="36.9365759" lon="139.2304687"><ele>1399.9033333333334</ele><time>2023-08-19T01:15:15Z</time></trkpt><trkpt lat="36.9366729" lon="139.2302794"><ele>1399.74</ele><time>2023-08-19T01:15:31Z</time></trkpt><trkpt lat="36.9368073" lon="139.2301045"><ele>1399.64</ele><time>2023-08-19T01:15:45Z</time></trkpt><trkpt lat="36.936987" lon="139.2300636"><ele>1399.4566666666667</ele><time>2023-08-19T01:15:56Z</time></trkpt><trkpt lat="36.937158" lon="139.229971"><ele>1398.95</ele><time>2023-08-19T01:16:07Z</time></trkpt><trkpt lat="36.9372487" lon="139.2297721"><ele>1398.4433333333334</ele><time>2023-08-19T01:16:26Z</time></trkpt><trkpt lat="36.9374317" lon="139.2297426"><ele>1397.6833333333334</ele><time>2023-08-19T01:16:33Z</time></trkpt><trkpt lat="36.9376136" lon="139.2297125"><ele>1397.2233333333334</ele><time>2023-08-19T01:17:01Z</time></trkpt><trkpt lat="36.9377819" lon="139.229632"><ele>1396.78</ele><time>2023-08-19T01:17:12Z</time></trkpt><trkpt lat="36.9379221" lon="139.2294871"><ele>1396.7266666666667</ele><time>2023-08-19T01:17:24Z</time></trkpt><trkpt lat="36.9380772" lon="139.2293711"><ele>1396.7</ele><time>2023-08-19T01:17:38Z</time></trkpt><trkpt lat="36.9382585" lon="139.2294192"><ele>1396.4333333333334</ele><time>2023-08-19T01:17:50Z</time></trkpt><trkpt lat="36.9384491" lon="139.2294139"><ele>1396.08</ele><time>2023-08-19T01:18:01Z</time></trkpt><trkpt lat="36.9386193" lon="139.2293088"><ele>1395.7933333333333</ele><time>2023-08-19T01:18:10Z</time></trkpt><trkpt lat="36.9388023" lon="139.2292568"><ele>1395.75</ele><time>2023-08-19T01:18:27Z</time></trkpt><trkpt lat="36.9389952" lon="139.2292146"><ele>1395.8266666666668</ele><time>2023-08-19T01:18:38Z</time></trkpt><trkpt lat="36.9391784" lon="139.2292194"><ele>1395.8633333333335</ele><time>2023-08-19T01:18:49Z</time></trkpt><trkpt lat="36.9393706" lon="139.229227"><ele>1395.8300000000002</ele><time>2023-08-19T01:19:02Z</time></trkpt><trkpt lat="36.9395104" lon="139.2290527"><ele>1395.8766666666668</ele><time>2023-08-19T01:19:16Z</time></trkpt><trkpt lat="36.9396837" lon="139.2289787"><ele>1395.9800000000002</ele><time>2023-08-19T01:19:28Z</time></trkpt><trkpt lat="36.939864" lon="139.2290275"><ele>1396.1666666666667</ele><time>2023-08-19T01:19:43Z</time></trkpt><trkpt lat="36.9399998" lon="139.229185"><ele>1396.16</ele><time>2023-08-19T01:19:57Z</time></trkpt><trkpt lat="36.9401842" lon="139.2292384"><ele>1396.1066666666666</ele><time>2023-08-19T01:20:08Z</time></trkpt><trkpt lat="36.940369" lon="139.2292512"><ele>1396.0566666666666</ele><time>2023-08-19T01:20:19Z</time></trkpt><trkpt lat="36.940537" lon="139.2291646"><ele>1396.1899999999998</ele><time>2023-08-19T01:20:31Z</time></trkpt><trkpt lat="36.940695" lon="139.2290318"><ele>1396.4566666666667</ele><time>2023-08-19T01:20:40Z</time></trkpt><trkpt lat="36.9408766" lon="139.2289564"><ele>1396.7766666666666</ele><time>2023-08-19T01:20:47Z</time></trkpt><trkpt lat="36.9410643" lon="139.2289172"><ele>1397.0600000000002</ele><time>2023-08-19T01:21:06Z</time></trkpt><trkpt lat="36.9412338" lon="139.2288313"><ele>1397.2933333333333</ele><time>2023-08-19T01:21:19Z</time></trkpt><trkpt lat="36.9414149" lon="139.2287754"><ele>1397.51</ele><time>2023-08-19T01:21:31Z</time></trkpt><trkpt lat="36.9415847" lon="139.2286717"><ele>1397.5433333333333</ele><time>2023-08-19T01:21:43Z</time></trkpt><trkpt lat="36.941759" lon="139.2287819"><ele>1396.89</ele><time>2023-08-19T01:22:26Z</time></trkpt><trkpt lat="36.9418754" lon="139.2289547"><ele>1395.9333333333334</ele><time>2023-08-19T01:22:36Z</time></trkpt><trkpt lat="36.9420194" lon="139.2290929"><ele>1395.5566666666666</ele><time>2023-08-19T01:22:45Z</time></trkpt><trkpt lat="36.9420284" lon="139.2293223"><ele>1396.16</ele><time>2023-08-19T01:23:05Z</time></trkpt><trkpt lat="36.9420581" lon="139.2295604"><ele>1397.1533333333334</ele><time>2023-08-19T01:23:15Z</time></trkpt><trkpt lat="36.9421141" lon="139.2297828"><ele>1397.8033333333335</ele><time>2023-08-19T01:23:27Z</time></trkpt><trkpt lat="36.9421427" lon="139.2300086"><ele>1398.3333333333333</ele><time>2023-08-19T01:23:39Z</time></trkpt><trkpt lat="36.942197" lon="139.2302242"><ele>1399.0866666666668</ele><time>2023-08-19T01:23:51Z</time></trkpt><trkpt lat="36.9422512" lon="139.2304504"><ele>1399.95</ele><time>2023-08-19T01:24:06Z</time></trkpt><trkpt lat="36.9423425" lon="139.2306683"><ele>1400.6966666666667</ele><time>2023-08-19T01:24:21Z</time></trkpt><trkpt lat="36.9423501" lon="139.2309098"><ele>1401.2699999999998</ele><time>2023-08-19T01:24:30Z</time></trkpt><trkpt lat="36.9424466" lon="139.2311269"><ele>1401.7466666666667</ele><time>2023-08-19T01:24:42Z</time></trkpt><trkpt lat="36.9426096" lon="139.2312391"><ele>1402.0533333333333</ele><time>2023-08-19T01:24:54Z</time></trkpt><trkpt lat="36.9426894" lon="139.2314482"><ele>1402.0233333333333</ele><time>2023-08-19T01:25:08Z</time></trkpt><trkpt lat="36.942747" lon="139.2316896"><ele>1401.64</ele><time>2023-08-19T01:25:21Z</time></trkpt><trkpt lat="36.9427783" lon="139.2319234"><ele>1401.0466666666669</ele><time>2023-08-19T01:25:45Z</time></trkpt><trkpt lat="36.9428125" lon="139.232149"><ele>1399.8633333333335</ele><time>2023-08-19T01:26:03Z</time></trkpt><trkpt lat="36.9428637" lon="139.2324083"><ele>1398.6866666666665</ele><time>2023-08-19T01:26:15Z</time></trkpt><trkpt lat="36.9429044" lon="139.2326299"><ele>1397.8566666666666</ele><time>2023-08-19T01:26:28Z</time></trkpt><trkpt lat="36.9428691" lon="139.2328516"><ele>1397.7</ele><time>2023-08-19T01:26:43Z</time></trkpt><trkpt lat="36.9429008" lon="139.2330746"><ele>1397.8133333333335</ele><time>2023-08-19T01:26:54Z</time></trkpt><trkpt lat="36.9429375" lon="139.2333045"><ele>1397.7699999999998</ele><time>2023-08-19T01:27:07Z</time></trkpt><trkpt lat="36.9428958" lon="139.2335377"><ele>1397.71</ele><time>2023-08-19T01:27:24Z</time></trkpt><trkpt lat="36.9429213" lon="139.2337622"><ele>1397.57</ele><time>2023-08-19T01:27:34Z</time></trkpt><trkpt lat="36.9429529" lon="139.2340014"><ele>1397.4233333333334</ele><time>2023-08-19T01:27:45Z</time></trkpt><trkpt lat="36.9429588" lon="139.234231"><ele>1397.2699999999998</ele><time>2023-08-19T01:28:12Z</time></trkpt><trkpt lat="36.9429425" lon="139.2344564"><ele>1397.17</ele><time>2023-08-19T01:28:23Z</time></trkpt><trkpt lat="36.9429641" lon="139.2346923"><ele>1397.4833333333336</ele><time>2023-08-19T01:28:35Z</time></trkpt><trkpt lat="36.9429545" lon="139.2349242"><ele>1398.0633333333333</ele><time>2023-08-19T01:28:51Z</time></trkpt><trkpt lat="36.942962" lon="139.2351497"><ele>1398.9366666666667</ele><time>2023-08-19T01:29:05Z</time></trkpt><trkpt lat="36.9429416" lon="139.2353833"><ele>1399.68</ele><time>2023-08-19T01:29:15Z</time></trkpt><trkpt lat="36.9429386" lon="139.235611"><ele>1400.4000000000003</ele><time>2023-08-19T01:29:26Z</time></trkpt><trkpt lat="36.9429359" lon="139.2358372"><ele>1400.7966666666669</ele><time>2023-08-19T01:29:38Z</time></trkpt><trkpt lat="36.9429531" lon="139.2360611"><ele>1400.9400000000003</ele><time>2023-08-19T01:29:48Z</time></trkpt><trkpt lat="36.9429028" lon="139.2362797"><ele>1400.8866666666665</ele><time>2023-08-19T01:30:07Z</time></trkpt><trkpt lat="36.9428323" lon="139.2365051"><ele>1400.7233333333334</ele><time>2023-08-19T01:30:20Z</time></trkpt><trkpt lat="36.9428236" lon="139.2367469"><ele>1400.5233333333333</ele><time>2023-08-19T01:30:32Z</time></trkpt><trkpt lat="36.9428232" lon="139.2369724"><ele>1400.506666666667</ele><time>2023-08-19T01:30:45Z</time></trkpt><trkpt lat="36.9428587" lon="139.2372026"><ele>1400.7866666666666</ele><time>2023-08-19T01:30:58Z</time></trkpt><trkpt lat="36.9428956" lon="139.2374308"><ele>1401.2866666666666</ele><time>2023-08-19T01:31:10Z</time></trkpt><trkpt lat="36.9428542" lon="139.2376658"><ele>1401.5433333333333</ele><time>2023-08-19T01:31:21Z</time></trkpt><trkpt lat="36.942901" lon="139.2378885"><ele>1401.83</ele><time>2023-08-19T01:31:34Z</time></trkpt><trkpt lat="36.9429569" lon="139.2381061"><ele>1402.2133333333331</ele><time>2023-08-19T01:31:48Z</time></trkpt><trkpt lat="36.942924" lon="139.2383372"><ele>1403.0166666666667</ele><time>2023-08-19T01:32:00Z</time></trkpt><trkpt lat="36.9428921" lon="139.2385663"><ele>1403.8400000000001</ele><time>2023-08-19T01:32:15Z</time></trkpt><trkpt lat="36.9428636" lon="139.2387922"><ele>1405.24</ele><time>2023-08-19T01:32:30Z</time></trkpt><trkpt lat="36.9429069" lon="139.2390202"><ele>1407.1466666666668</ele><time>2023-08-19T01:32:48Z</time></trkpt><trkpt lat="36.9428617" lon="139.2392405"><ele>1407.7733333333335</ele><time>2023-08-19T01:33:02Z</time></trkpt><trkpt lat="36.9429507" lon="139.2394767"><ele>1406.7466666666667</ele><time>2023-08-19T01:33:19Z</time></trkpt><trkpt lat="36.9430644" lon="139.239655"><ele>1405.4866666666667</ele><time>2023-08-19T01:33:32Z</time></trkpt><trkpt lat="36.943128" lon="139.2399106"><ele>1405.0666666666666</ele><time>2023-08-19T01:33:49Z</time></trkpt><trkpt lat="36.9430992" lon="139.2401363"><ele>1403.38</ele><time>2023-08-19T01:34:02Z</time></trkpt><trkpt lat="36.9432781" lon="139.2401749"><ele>1401.6966666666667</ele><time>2023-08-19T01:34:14Z</time></trkpt><trkpt lat="36.9434672" lon="139.2401926"><ele>1401.4399999999998</ele><time>2023-08-19T01:34:25Z</time></trkpt><trkpt lat="36.9436405" lon="139.2402712"><ele>1402.8</ele><time>2023-08-19T01:34:36Z</time></trkpt><trkpt lat="36.9438105" lon="139.2403518"><ele>1403.7933333333333</ele><time>2023-08-19T01:34:50Z</time></trkpt><trkpt lat="36.9438349" lon="139.2405757"><ele>1402.8533333333332</ele><time>2023-08-19T01:34:59Z</time></trkpt><trkpt lat="36.9438481" lon="139.2408259"><ele>1401.68</ele><time>2023-08-19T01:35:12Z</time></trkpt><trkpt lat="36.9438853" lon="139.2410543"><ele>1399.8966666666668</ele><time>2023-08-19T01:35:23Z</time></trkpt><trkpt lat="36.944046" lon="139.2411623"><ele>1398.55</ele><time>2023-08-19T01:35:38Z</time></trkpt><trkpt lat="36.9441206" lon="139.2413739"><ele>1397.5666666666668</ele><time>2023-08-19T01:35:49Z</time></trkpt><trkpt lat="36.944223" lon="139.2415761"><ele>1397.2033333333336</ele><time>2023-08-19T01:36:01Z</time></trkpt><trkpt lat="36.9442876" lon="139.2417942"><ele>1396.7300000000002</ele><time>2023-08-19T01:36:13Z</time></trkpt><trkpt lat="36.9443762" lon="139.2419976"><ele>1396.3266666666666</ele><time>2023-08-19T01:36:23Z</time></trkpt><trkpt lat="36.9444295" lon="139.2422194"><ele>1395.206666666667</ele><time>2023-08-19T01:36:36Z</time></trkpt><trkpt lat="36.9445747" lon="139.2423812"><ele>1394.2133333333334</ele><time>2023-08-19T01:36:49Z</time></trkpt><trkpt lat="36.9447783" lon="139.2423932"><ele>1393.5</ele><time>2023-08-19T01:36:57Z</time></trkpt><trkpt lat="36.9448135" lon="139.2426171"><ele>1392.7733333333333</ele><time>2023-08-19T01:37:04Z</time></trkpt><trkpt lat="36.9448442" lon="139.2428454"><ele>1392.0866666666668</ele><time>2023-08-19T01:37:15Z</time></trkpt><trkpt lat="36.9449751" lon="139.2430345"><ele>1391.1266666666668</ele><time>2023-08-19T01:37:32Z</time></trkpt><trkpt lat="36.9451595" lon="139.242991"><ele>1390.62</ele><time>2023-08-19T01:37:41Z</time></trkpt><trkpt lat="36.945073" lon="139.2431942"><ele>1390.0333333333335</ele><time>2023-08-19T01:37:59Z</time></trkpt><trkpt lat="36.9451314" lon="139.2434097"><ele>1389.716666666667</ele><time>2023-08-19T01:38:18Z</time></trkpt><trkpt lat="36.9450005" lon="139.243572"><ele>1390.1233333333332</ele><time>2023-08-19T01:39:05Z</time></trkpt><trkpt lat="36.9448785" lon="139.2437456"><ele>1392.7300000000002</ele><time>2023-08-19T01:39:19Z</time></trkpt><trkpt lat="36.9447295" lon="139.2438745"><ele>1396.2766666666666</ele><time>2023-08-19T01:39:34Z</time></trkpt><trkpt lat="36.9445647" lon="139.2439947"><ele>1399.2733333333333</ele><time>2023-08-19T01:39:48Z</time></trkpt><trkpt lat="36.9445836" lon="139.2442274"><ele>1400.506666666667</ele><time>2023-08-19T01:40:09Z</time></trkpt><trkpt lat="36.9446554" lon="139.2444349"><ele>1400.9799999999998</ele><time>2023-08-19T01:40:20Z</time></trkpt><trkpt lat="36.9448299" lon="139.2445647"><ele>1401.3066666666666</ele><time>2023-08-19T01:40:32Z</time></trkpt><trkpt lat="36.944906" lon="139.2447781"><ele>1401.6566666666668</ele><time>2023-08-19T01:40:46Z</time></trkpt><trkpt lat="36.9450501" lon="139.2449275"><ele>1401.743333333333</ele><time>2023-08-19T01:40:59Z</time></trkpt><trkpt lat="36.9451248" lon="139.2451399"><ele>1401.676666666667</ele><time>2023-08-19T01:41:14Z</time></trkpt><trkpt lat="36.9452676" lon="139.2453047"><ele>1401.3166666666666</ele><time>2023-08-19T01:41:35Z</time></trkpt><trkpt lat="36.9453082" lon="139.2455338"><ele>1400.8666666666668</ele><time>2023-08-19T01:41:43Z</time></trkpt><trkpt lat="36.9453885" lon="139.2457369"><ele>1400.4133333333332</ele><time>2023-08-19T01:41:51Z</time></trkpt><trkpt lat="36.9454994" lon="139.2459176"><ele>1399.45</ele><time>2023-08-19T01:42:03Z</time></trkpt><trkpt lat="36.9455897" lon="139.2461285"><ele>1398.9133333333332</ele><time>2023-08-19T01:42:18Z</time></trkpt><trkpt lat="36.9457382" lon="139.2462618"><ele>1398.9866666666667</ele><time>2023-08-19T01:42:30Z</time></trkpt><trkpt lat="36.9459032" lon="139.2461606"><ele>1399.7133333333334</ele><time>2023-08-19T01:42:42Z</time></trkpt><trkpt lat="36.9460386" lon="139.2463415"><ele>1400.3500000000001</ele><time>2023-08-19T01:42:52Z</time></trkpt><trkpt lat="36.9461037" lon="139.2465565"><ele>1400.6833333333334</ele><time>2023-08-19T01:43:00Z</time></trkpt><trkpt lat="36.94625" lon="139.2467078"><ele>1401.1733333333334</ele><time>2023-08-19T01:43:11Z</time></trkpt><trkpt lat="36.9463738" lon="139.2468827"><ele>1401.6899999999998</ele><time>2023-08-19T01:43:24Z</time></trkpt><trkpt lat="36.9463928" lon="139.2471106"><ele>1402.2600000000002</ele><time>2023-08-19T01:43:36Z</time></trkpt><trkpt lat="36.9465332" lon="139.2472655"><ele>1402.8666666666668</ele><time>2023-08-19T01:43:51Z</time></trkpt><trkpt lat="36.9466392" lon="139.2474702"><ele>1403.4066666666668</ele><time>2023-08-19T01:44:05Z</time></trkpt><trkpt lat="36.9467771" lon="139.2476346"><ele>1403.8933333333334</ele><time>2023-08-19T01:44:19Z</time></trkpt><trkpt lat="36.9469143" lon="139.2477894"><ele>1404.2366666666667</ele><time>2023-08-19T01:44:45Z</time></trkpt><trkpt lat="36.9470603" lon="139.2479481"><ele>1404.4233333333334</ele><time>2023-08-19T01:45:43Z</time></trkpt><trkpt lat="36.9472332" lon="139.2480225"><ele>1404.2700000000002</ele><time>2023-08-19T01:45:56Z</time></trkpt><trkpt lat="36.9474147" lon="139.2480634"><ele>1403.9366666666667</ele><time>2023-08-19T01:46:09Z</time></trkpt><trkpt lat="36.9475764" lon="139.2481904"><ele>1403.46</ele><time>2023-08-19T01:46:23Z</time></trkpt><trkpt lat="36.9477582" lon="139.2482579"><ele>1403.0166666666667</ele><time>2023-08-19T01:46:36Z</time></trkpt><trkpt lat="36.9479396" lon="139.2483194"><ele>1402.6966666666667</ele><time>2023-08-19T01:46:48Z</time></trkpt><trkpt lat="36.9481139" lon="139.2483844"><ele>1402.6166666666668</ele><time>2023-08-19T01:47:03Z</time></trkpt><trkpt lat="36.9482942" lon="139.2484656"><ele>1402.7833333333335</ele><time>2023-08-19T01:47:18Z</time></trkpt><trkpt lat="36.9484709" lon="139.2485318"><ele>1402.9566666666667</ele><time>2023-08-19T01:47:32Z</time></trkpt><trkpt lat="36.9486406" lon="139.2486106"><ele>1403.1566666666665</ele><time>2023-08-19T01:47:45Z</time></trkpt><trkpt lat="36.9488244" lon="139.2486119"><ele>1402.9833333333333</ele><time>2023-08-19T01:48:02Z</time></trkpt><trkpt lat="36.9490072" lon="139.2486963"><ele>1402.6066666666668</ele><time>2023-08-19T01:48:12Z</time></trkpt><trkpt lat="36.9492001" lon="139.2486691"><ele>1402.1266666666668</ele><time>2023-08-19T01:48:25Z</time></trkpt><trkpt lat="36.9493866" lon="139.2486249"><ele>1401.9533333333336</ele><time>2023-08-19T01:48:37Z</time></trkpt><trkpt lat="36.9495699" lon="139.2485798"><ele>1401.9133333333332</ele><time>2023-08-19T01:48:59Z</time></trkpt><trkpt lat="36.9497869" lon="139.2485601"><ele>1402.0533333333333</ele><time>2023-08-19T01:49:15Z</time></trkpt><trkpt lat="36.9499532" lon="139.2484476"><ele>1402.0633333333333</ele><time>2023-08-19T01:49:27Z</time></trkpt><trkpt lat="36.9501393" lon="139.24844"><ele>1401.96</ele><time>2023-08-19T01:49:36Z</time></trkpt><trkpt lat="36.9503173" lon="139.2485148"><ele>1401.8733333333332</ele><time>2023-08-19T01:49:52Z</time></trkpt><trkpt lat="36.9505097" lon="139.2485566"><ele>1402.1566666666668</ele><time>2023-08-19T01:50:15Z</time></trkpt><trkpt lat="36.9506949" lon="139.2485601"><ele>1402.7433333333336</ele><time>2023-08-19T01:50:31Z</time></trkpt><trkpt lat="36.9508662" lon="139.248641"><ele>1403.3100000000002</ele><time>2023-08-19T01:50:45Z</time></trkpt><trkpt lat="36.9510401" lon="139.2487085"><ele>1403.7733333333333</ele><time>2023-08-19T01:50:58Z</time></trkpt><trkpt lat="36.9512385" lon="139.2487208"><ele>1404.39</ele><time>2023-08-19T01:54:14Z</time></trkpt><trkpt lat="36.9514222" lon="139.2487849"><ele>1405.0600000000002</ele><time>2023-08-19T01:54:27Z</time></trkpt><trkpt lat="36.951608" lon="139.2487506"><ele>1405.0533333333333</ele><time>2023-08-19T01:54:42Z</time></trkpt><trkpt lat="36.9517535" lon="139.2488884"><ele>1404.7766666666666</ele><time>2023-08-19T01:54:56Z</time></trkpt><trkpt lat="36.9519373" lon="139.2489218"><ele>1404.5766666666666</ele><time>2023-08-19T01:55:11Z</time></trkpt><trkpt lat="36.9521195" lon="139.2489545"><ele>1405.2900000000002</ele><time>2023-08-19T01:55:24Z</time></trkpt><trkpt lat="36.9522512" lon="139.2491172"><ele>1406.3500000000001</ele><time>2023-08-19T01:55:39Z</time></trkpt><trkpt lat="36.9523417" lon="139.249328"><ele>1407.4466666666667</ele><time>2023-08-19T01:55:51Z</time></trkpt><trkpt lat="36.9524266" lon="139.2495311"><ele>1408.4066666666668</ele><time>2023-08-19T01:56:03Z</time></trkpt><trkpt lat="36.9526077" lon="139.2495909"><ele>1409.1433333333334</ele><time>2023-08-19T01:56:13Z</time></trkpt><trkpt lat="36.9527904" lon="139.2496638"><ele>1409.4666666666665</ele><time>2023-08-19T01:56:27Z</time></trkpt><trkpt lat="36.9529158" lon="139.2498432"><ele>1409.5533333333333</ele><time>2023-08-19T01:56:39Z</time></trkpt><trkpt lat="36.9529537" lon="139.2500741"><ele>1409.8266666666666</ele><time>2023-08-19T01:56:53Z</time></trkpt><trkpt lat="36.9529597" lon="139.2503002"><ele>1410.7866666666666</ele><time>2023-08-19T01:57:09Z</time></trkpt><trkpt lat="36.953017" lon="139.2505281"><ele>1412.3533333333332</ele><time>2023-08-19T01:57:22Z</time></trkpt><trkpt lat="36.953095" lon="139.2507336"><ele>1414.09</ele><time>2023-08-19T01:57:36Z</time></trkpt><trkpt lat="36.9531504" lon="139.250953"><ele>1416.0600000000002</ele><time>2023-08-19T01:57:48Z</time></trkpt><trkpt lat="36.9533166" lon="139.251051"><ele>1417.6366666666665</ele><time>2023-08-19T01:58:14Z</time></trkpt><trkpt lat="36.9534562" lon="139.2511969"><ele>1418.86</ele><time>2023-08-19T01:58:26Z</time></trkpt><trkpt lat="36.953607" lon="139.2513267"><ele>1419.3</ele><time>2023-08-19T01:58:39Z</time></trkpt><trkpt lat="36.9537427" lon="139.2514777"><ele>1419.6233333333337</ele><time>2023-08-19T01:58:52Z</time></trkpt><trkpt lat="36.9539296" lon="139.2515169"><ele>1419.46</ele><time>2023-08-19T01:59:18Z</time></trkpt><trkpt lat="36.9540905" lon="139.2513934"><ele>1418.5900000000001</ele><time>2023-08-19T01:59:37Z</time></trkpt><trkpt lat="36.9539431" lon="139.2515383"><ele>1418.243333333333</ele><time>2023-08-19T02:00:15Z</time></trkpt><trkpt lat="36.9540467" lon="139.251728"><ele>1418.4466666666667</ele><time>2023-08-19T02:00:41Z</time></trkpt><trkpt lat="36.9542385" lon="139.2517685"><ele>1419.1266666666668</ele><time>2023-08-19T02:00:54Z</time></trkpt><trkpt lat="36.9544178" lon="139.2518151"><ele>1419.5233333333333</ele><time>2023-08-19T02:01:07Z</time></trkpt><trkpt lat="36.9546075" lon="139.2518585"><ele>1419.72</ele><time>2023-08-19T02:01:41Z</time></trkpt><trkpt lat="36.9547873" lon="139.2518878"><ele>1420.32</ele><time>2023-08-19T02:01:58Z</time></trkpt><trkpt lat="36.954967" lon="139.2519176"><ele>1420.0766666666666</ele><time>2023-08-19T02:03:49Z</time></trkpt><trkpt lat="36.9551536" lon="139.2518937"><ele>1420.2866666666669</ele><time>2023-08-19T02:09:02Z</time></trkpt><trkpt lat="36.9553388" lon="139.2518708"><ele>1420.6733333333334</ele><time>2023-08-19T02:09:13Z</time></trkpt><trkpt lat="36.9555137" lon="139.2519528"><ele>1421.4333333333334</ele><time>2023-08-19T02:09:28Z</time></trkpt><trkpt lat="36.9556917" lon="139.2520022"><ele>1421.1266666666668</ele><time>2023-08-19T02:09:42Z</time></trkpt><trkpt lat="36.9558737" lon="139.251997"><ele>1420.22</ele><time>2023-08-19T02:09:58Z</time></trkpt><trkpt lat="36.9560583" lon="139.2519482"><ele>1419.1133333333335</ele><time>2023-08-19T02:10:16Z</time></trkpt><trkpt lat="36.9562421" lon="139.2519716"><ele>1418.8433333333335</ele><time>2023-08-19T02:10:29Z</time></trkpt><trkpt lat="36.9564048" lon="139.2518661"><ele>1418.3066666666666</ele><time>2023-08-19T02:11:19Z</time></trkpt><trkpt lat="36.956542" lon="139.2520257"><ele>1418.6233333333337</ele><time>2023-08-19T02:11:27Z</time></trkpt><trkpt lat="36.9565692" lon="139.2522503"><ele>1419.6166666666668</ele><time>2023-08-19T02:11:38Z</time></trkpt><trkpt lat="36.9565341" lon="139.252483"><ele>1422.03</ele><time>2023-08-19T02:11:59Z</time></trkpt><trkpt lat="36.9565192" lon="139.2527155"><ele>1424.45</ele><time>2023-08-19T02:12:13Z</time></trkpt><trkpt lat="36.9566901" lon="139.2527966"><ele>1424.91</ele><time>2023-08-19T02:12:33Z</time></trkpt><trkpt lat="36.9567454" lon="139.2530133"><ele>1424.1333333333332</ele><time>2023-08-19T02:14:01Z</time></trkpt><trkpt lat="36.9568579" lon="139.2531928"><ele>1423.5133333333333</ele><time>2023-08-19T02:14:12Z</time></trkpt><trkpt lat="36.9569966" lon="139.2533419"><ele>1425.3133333333333</ele><time>2023-08-19T02:14:25Z</time></trkpt><trkpt lat="36.9570406" lon="139.2535746"><ele>1427.8566666666666</ele><time>2023-08-19T02:14:41Z</time></trkpt><trkpt lat="36.9572141" lon="139.253637"><ele>1429.6333333333332</ele><time>2023-08-19T02:15:03Z</time></trkpt><trkpt lat="36.9573672" lon="139.2537765"><ele>1430.243333333333</ele><time>2023-08-19T02:15:20Z</time></trkpt><trkpt lat="36.9575299" lon="139.2539073"><ele>1430.14</ele><time>2023-08-19T02:15:35Z</time></trkpt><trkpt lat="36.9576255" lon="139.2541019"><ele>1430.4433333333334</ele><time>2023-08-19T02:15:49Z</time></trkpt><trkpt lat="36.9576422" lon="139.2543289"><ele>1431.2666666666667</ele><time>2023-08-19T02:16:05Z</time></trkpt><trkpt lat="36.9577214" lon="139.2545457"><ele>1432.1166666666668</ele><time>2023-08-19T02:16:25Z</time></trkpt><trkpt lat="36.9577875" lon="139.2547593"><ele>1432.8066666666666</ele><time>2023-08-19T02:16:39Z</time></trkpt><trkpt lat="36.9579557" lon="139.2548537"><ele>1432.4366666666667</ele><time>2023-08-19T02:17:02Z</time></trkpt><trkpt lat="36.9580302" lon="139.2550677"><ele>1433.03</ele><time>2023-08-19T02:17:17Z</time></trkpt><trkpt lat="36.9582128" lon="139.2550101"><ele>1432.21</ele><time>2023-08-19T02:18:24Z</time></trkpt><trkpt lat="36.9583925" lon="139.2549578"><ele>1431.8666666666668</ele><time>2023-08-19T02:18:45Z</time></trkpt><trkpt lat="36.9585493" lon="139.2548249"><ele>1431.71</ele><time>2023-08-19T02:19:02Z</time></trkpt><trkpt lat="36.9587129" lon="139.2549227"><ele>1434.55</ele><time>2023-08-19T02:19:21Z</time></trkpt><trkpt lat="36.9588778" lon="139.2550279"><ele>1437.8066666666666</ele><time>2023-08-19T02:19:35Z</time></trkpt><trkpt lat="36.9590131" lon="139.2551772"><ele>1440.6466666666668</ele><time>2023-08-19T02:19:50Z</time></trkpt><trkpt lat="36.9591808" lon="139.2552766"><ele>1441.42</ele><time>2023-08-19T02:20:08Z</time></trkpt><trkpt lat="36.9592985" lon="139.2554505"><ele>1442.1566666666668</ele><time>2023-08-19T02:20:22Z</time></trkpt><trkpt lat="36.9594678" lon="139.2555453"><ele>1442.5266666666666</ele><time>2023-08-19T02:20:40Z</time></trkpt><trkpt lat="36.9596364" lon="139.255633"><ele>1443.4233333333334</ele><time>2023-08-19T02:21:01Z</time></trkpt><trkpt lat="36.9598054" lon="139.2557254"><ele>1444.0866666666668</ele><time>2023-08-19T02:21:18Z</time></trkpt><trkpt lat="36.9599838" lon="139.2557832"><ele>1444.45</ele><time>2023-08-19T02:22:06Z</time></trkpt><trkpt lat="36.9601524" lon="139.2558924"><ele>1444.82</ele><time>2023-08-19T02:22:18Z</time></trkpt><trkpt lat="36.9603404" lon="139.2559192"><ele>1445.1566666666668</ele><time>2023-08-19T02:22:31Z</time></trkpt><trkpt lat="36.9605192" lon="139.2560169"><ele>1445.5933333333332</ele><time>2023-08-19T02:23:07Z</time></trkpt><trkpt lat="36.9606383" lon="139.2561855"><ele>1445.7966666666664</ele><time>2023-08-19T02:23:28Z</time></trkpt><trkpt lat="36.9608029" lon="139.2562925"><ele>1445.3166666666668</ele><time>2023-08-19T02:23:43Z</time></trkpt><trkpt lat="36.9609775" lon="139.256391"><ele>1444.5266666666666</ele><time>2023-08-19T02:24:00Z</time></trkpt><trkpt lat="36.9611537" lon="139.2564669"><ele>1442.7300000000002</ele><time>2023-08-19T02:24:28Z</time></trkpt><trkpt lat="36.9612121" lon="139.2566853"><ele>1440.993333333333</ele><time>2023-08-19T02:24:43Z</time></trkpt><trkpt lat="36.9612643" lon="139.2569075"><ele>1439.75</ele><time>2023-08-19T02:25:01Z</time></trkpt><trkpt lat="36.961401" lon="139.2570546"><ele>1436.4566666666667</ele><time>2023-08-19T02:26:05Z</time></trkpt><trkpt lat="36.9615184" lon="139.2568835"><ele>1432.3500000000001</ele><time>2023-08-19T02:28:24Z</time></trkpt><trkpt lat="36.9616536" lon="139.256727"><ele>1427.3266666666666</ele><time>2023-08-19T02:28:42Z</time></trkpt><trkpt lat="36.9618278" lon="139.256663"><ele>1425.45</ele><time>2023-08-19T02:29:51Z</time></trkpt><trkpt lat="36.9619748" lon="139.2565327"><ele>1425.4366666666667</ele><time>2023-08-19T02:30:04Z</time></trkpt><trkpt lat="36.9621393" lon="139.2564383"><ele>1427.0500000000002</ele><time>2023-08-19T02:30:18Z</time></trkpt><trkpt lat="36.9623181" lon="139.2563654"><ele>1429.9733333333334</ele><time>2023-08-19T02:30:37Z</time></trkpt><trkpt lat="36.9624883" lon="139.2562911"><ele>1432.4366666666667</ele><time>2023-08-19T02:30:51Z</time></trkpt><trkpt lat="36.9626643" lon="139.2562209"><ele>1434.0533333333333</ele><time>2023-08-19T02:31:09Z</time></trkpt><trkpt lat="36.9628446" lon="139.2562072"><ele>1434.49</ele><time>2023-08-19T02:31:31Z</time></trkpt><trkpt lat="36.9630171" lon="139.2562812"><ele>1435.6466666666668</ele><time>2023-08-19T02:31:45Z</time></trkpt><trkpt lat="36.9631929" lon="139.2563389"><ele>1436.3566666666668</ele><time>2023-08-19T02:31:59Z</time></trkpt><trkpt lat="36.9633525" lon="139.256453"><ele>1438.28</ele><time>2023-08-19T02:32:16Z</time></trkpt><trkpt lat="36.9634753" lon="139.2566232"><ele>1440.7933333333333</ele><time>2023-08-19T02:32:32Z</time></trkpt><trkpt lat="36.9635033" lon="139.2568494"><ele>1445.9466666666667</ele><time>2023-08-19T02:32:50Z</time></trkpt><trkpt lat="36.9635589" lon="139.2570784"><ele>1451.0466666666664</ele><time>2023-08-19T02:33:04Z</time></trkpt><trkpt lat="36.9636585" lon="139.257275"><ele>1455.2666666666667</ele><time>2023-08-19T02:33:16Z</time></trkpt><trkpt lat="36.963788" lon="139.2574326"><ele>1457.0166666666667</ele><time>2023-08-19T02:33:31Z</time></trkpt><trkpt lat="36.9639718" lon="139.2574943"><ele>1455.4033333333334</ele><time>2023-08-19T02:33:49Z</time></trkpt><trkpt lat="36.9641524" lon="139.2575283"><ele>1452.0733333333335</ele><time>2023-08-19T02:34:04Z</time></trkpt><trkpt lat="36.964322" lon="139.2576088"><ele>1450.1866666666665</ele><time>2023-08-19T02:34:21Z</time></trkpt><trkpt lat="36.9645084" lon="139.2576267"><ele>1450.71</ele><time>2023-08-19T02:34:36Z</time></trkpt><trkpt lat="36.9646767" lon="139.257527"><ele>1451.6066666666666</ele><time>2023-08-19T02:34:52Z</time></trkpt><trkpt lat="36.9648555" lon="139.2574911"><ele>1451.5866666666668</ele><time>2023-08-19T02:35:07Z</time></trkpt><trkpt lat="36.9650378" lon="139.2574527"><ele>1451.3633333333335</ele><time>2023-08-19T02:35:26Z</time></trkpt><trkpt lat="36.965215" lon="139.257371"><ele>1452.3966666666668</ele><time>2023-08-19T02:35:41Z</time></trkpt><trkpt lat="36.9653706" lon="139.2572566"><ele>1452.8400000000001</ele><time>2023-08-19T02:35:58Z</time></trkpt><trkpt lat="36.9655497" lon="139.2572974"><ele>1453.89</ele><time>2023-08-19T02:36:11Z</time></trkpt><trkpt lat="36.965734" lon="139.2573177"><ele>1454.4766666666667</ele><time>2023-08-19T02:36:27Z</time></trkpt><trkpt lat="36.9659223" lon="139.2574029"><ele>1455.966666666667</ele><time>2023-08-19T02:36:46Z</time></trkpt><trkpt lat="36.966067" lon="139.2575369"><ele>1457.18</ele><time>2023-08-19T02:36:59Z</time></trkpt><trkpt lat="36.9662549" lon="139.2575242"><ele>1458.1633333333332</ele><time>2023-08-19T02:37:15Z</time></trkpt><trkpt lat="36.966439" lon="139.2575538"><ele>1458.9933333333336</ele><time>2023-08-19T02:37:29Z</time></trkpt><trkpt lat="36.9666203" lon="139.2575929"><ele>1459.2466666666667</ele><time>2023-08-19T02:37:44Z</time></trkpt><trkpt lat="36.9667862" lon="139.2576868"><ele>1460.4033333333334</ele><time>2023-08-19T02:38:03Z</time></trkpt><trkpt lat="36.9669707" lon="139.2576604"><ele>1461.13</ele><time>2023-08-19T02:38:17Z</time></trkpt><trkpt lat="36.9671418" lon="139.2575722"><ele>1460.9133333333332</ele><time>2023-08-19T02:38:33Z</time></trkpt><trkpt lat="36.9672734" lon="139.2577453"><ele>1461.8999999999999</ele><time>2023-08-19T02:38:45Z</time></trkpt><trkpt lat="36.9674547" lon="139.25776"><ele>1463.0233333333335</ele><time>2023-08-19T02:39:00Z</time></trkpt><trkpt lat="36.9676212" lon="139.2576641"><ele>1463.95</ele><time>2023-08-19T02:39:15Z</time></trkpt><trkpt lat="36.9678023" lon="139.2576793"><ele>1462.9366666666665</ele><time>2023-08-19T02:39:27Z</time></trkpt><trkpt lat="36.9679845" lon="139.2576366"><ele>1461.8733333333332</ele><time>2023-08-19T02:39:43Z</time></trkpt><trkpt lat="36.9681669" lon="139.257641"><ele>1462.2299999999998</ele><time>2023-08-19T02:40:00Z</time></trkpt><trkpt lat="36.968325" lon="139.2575278"><ele>1460.53</ele><time>2023-08-19T02:40:19Z</time></trkpt><trkpt lat="36.9685028" lon="139.2574854"><ele>1458.93</ele><time>2023-08-19T02:40:43Z</time></trkpt><trkpt lat="36.9686865" lon="139.257455"><ele>1456.0633333333335</ele><time>2023-08-19T02:41:11Z</time></trkpt><trkpt lat="36.9688683" lon="139.2574315"><ele>1455.1633333333332</ele><time>2023-08-19T02:41:22Z</time></trkpt><trkpt lat="36.969058" lon="139.2574234"><ele>1454.0266666666666</ele><time>2023-08-19T02:41:32Z</time></trkpt><trkpt lat="36.9692153" lon="139.2572905"><ele>1452.8999999999999</ele><time>2023-08-19T02:41:45Z</time></trkpt><trkpt lat="36.9693939" lon="139.257331"><ele>1451.993333333333</ele><time>2023-08-19T02:42:16Z</time></trkpt><trkpt lat="36.9695351" lon="139.2574715"><ele>1452.4466666666667</ele><time>2023-08-19T02:42:28Z</time></trkpt><trkpt lat="36.9696917" lon="139.257584"><ele>1454.29</ele><time>2023-08-19T02:42:41Z</time></trkpt><trkpt lat="36.9698652" lon="139.2576622"><ele>1455.8266666666668</ele><time>2023-08-19T02:42:55Z</time></trkpt><trkpt lat="36.9699566" lon="139.2578667"><ele>1456.7433333333336</ele><time>2023-08-19T02:43:08Z</time></trkpt><trkpt lat="36.9700017" lon="139.258088"><ele>1458.0500000000002</ele><time>2023-08-19T02:43:21Z</time></trkpt><trkpt lat="36.9701411" lon="139.2582595"><ele>1459.61</ele><time>2023-08-19T02:43:35Z</time></trkpt><trkpt lat="36.9703075" lon="139.2583489"><ele>1460.2466666666667</ele><time>2023-08-19T02:43:49Z</time></trkpt><trkpt lat="36.9704657" lon="139.2584758"><ele>1459.6000000000001</ele><time>2023-08-19T02:44:08Z</time></trkpt><trkpt lat="36.9705808" lon="139.2586498"><ele>1458.1166666666668</ele><time>2023-08-19T02:44:24Z</time></trkpt><trkpt lat="36.970728" lon="139.2587835"><ele>1455.7833333333335</ele><time>2023-08-19T02:44:39Z</time></trkpt><trkpt lat="36.9708497" lon="139.2589623"><ele>1453.93</ele><time>2023-08-19T02:44:54Z</time></trkpt><trkpt lat="36.9708047" lon="139.2591808"><ele>1452.5600000000002</ele><time>2023-08-19T02:45:12Z</time></trkpt><trkpt lat="36.9707645" lon="139.2594053"><ele>1451.58</ele><time>2023-08-19T02:45:25Z</time></trkpt><trkpt lat="36.9706244" lon="139.2595548"><ele>1449.1233333333332</ele><time>2023-08-19T02:45:56Z</time></trkpt><trkpt lat="36.9704631" lon="139.2596696"><ele>1446.0166666666667</ele><time>2023-08-19T02:46:07Z</time></trkpt><trkpt lat="36.9702976" lon="139.2597711"><ele>1442.8500000000001</ele><time>2023-08-19T02:46:20Z</time></trkpt><trkpt lat="36.9701323" lon="139.259867"><ele>1440.2733333333333</ele><time>2023-08-19T02:46:32Z</time></trkpt><trkpt lat="36.9699868" lon="139.2600039"><ele>1438.16</ele><time>2023-08-19T02:46:45Z</time></trkpt><trkpt lat="36.9699066" lon="139.2602227"><ele>1436.3</ele><time>2023-08-19T02:47:03Z</time></trkpt><trkpt lat="36.9698203" lon="139.2604222"><ele>1436.6066666666666</ele><time>2023-08-19T02:47:19Z</time></trkpt><trkpt lat="36.969807" lon="139.2606572"><ele>1438.8466666666666</ele><time>2023-08-19T02:47:39Z</time></trkpt><trkpt lat="36.9699337" lon="139.2608296"><ele>1442.21</ele><time>2023-08-19T02:48:28Z</time></trkpt><trkpt lat="36.9700073" lon="139.2610556"><ele>1445.2666666666667</ele><time>2023-08-19T02:48:40Z</time></trkpt><trkpt lat="36.9701275" lon="139.2612369"><ele>1447.0166666666667</ele><time>2023-08-19T02:48:57Z</time></trkpt><trkpt lat="36.9700955" lon="139.2614652"><ele>1447.9333333333334</ele><time>2023-08-19T02:49:25Z</time></trkpt><trkpt lat="36.9699642" lon="139.2616216"><ele>1447.5933333333335</ele><time>2023-08-19T02:50:04Z</time></trkpt><trkpt lat="36.9698279" lon="139.2617924"><ele>1446.6466666666668</ele><time>2023-08-19T02:50:20Z</time></trkpt><trkpt lat="36.9697096" lon="139.2619659"><ele>1445.57</ele><time>2023-08-19T02:50:46Z</time></trkpt><trkpt lat="36.96966" lon="139.2621971"><ele>1444.2166666666665</ele><time>2023-08-19T02:51:05Z</time></trkpt><trkpt lat="36.9697241" lon="139.2624091"><ele>1443.2233333333334</ele><time>2023-08-19T02:51:27Z</time></trkpt><trkpt lat="36.9699007" lon="139.2624911"><ele>1441.4099999999999</ele><time>2023-08-19T02:51:40Z</time></trkpt><trkpt lat="36.9699596" lon="139.2627107"><ele>1439.3733333333332</ele><time>2023-08-19T02:51:53Z</time></trkpt><trkpt lat="36.9699129" lon="139.2629277"><ele>1438.29</ele><time>2023-08-19T02:52:15Z</time></trkpt><trkpt lat="36.9699727" lon="139.2631419"><ele>1437.5633333333335</ele><time>2023-08-19T02:52:38Z</time></trkpt><trkpt lat="36.9700921" lon="139.2633196"><ele>1435.7066666666667</ele><time>2023-08-19T02:52:50Z</time></trkpt><trkpt lat="36.9701283" lon="139.2635577"><ele>1431.3466666666666</ele><time>2023-08-19T02:53:09Z</time></trkpt><trkpt lat="36.9702625" lon="139.2637225"><ele>1426.9366666666665</ele><time>2023-08-19T02:53:19Z</time></trkpt><trkpt lat="36.9702952" lon="139.2639451"><ele>1425.9833333333333</ele><time>2023-08-19T02:53:38Z</time></trkpt><trkpt lat="36.9703984" lon="139.2641446"><ele>1427.1200000000001</ele><time>2023-08-19T02:53:55Z</time></trkpt><trkpt lat="36.9704686" lon="139.2643576"><ele>1429.6366666666665</ele><time>2023-08-19T02:54:11Z</time></trkpt><trkpt lat="36.9704339" lon="139.2645845"><ele>1431.5566666666666</ele><time>2023-08-19T02:54:28Z</time></trkpt><trkpt lat="36.9705353" lon="139.264774"><ele>1433.0333333333335</ele><time>2023-08-19T02:54:49Z</time></trkpt><trkpt lat="36.9705359" lon="139.2649994"><ele>1434.33</ele><time>2023-08-19T02:55:07Z</time></trkpt><trkpt lat="36.9706215" lon="139.2652087"><ele>1435.3266666666666</ele><time>2023-08-19T02:55:33Z</time></trkpt><trkpt lat="36.9706589" lon="139.265437"><ele>1436.9366666666667</ele><time>2023-08-19T02:56:03Z</time></trkpt><trkpt lat="36.9706309" lon="139.265667"><ele>1439.3100000000002</ele><time>2023-08-19T02:56:54Z</time></trkpt><trkpt lat="36.9706948" lon="139.2658878"><ele>1442.0266666666666</ele><time>2023-08-19T02:57:13Z</time></trkpt><trkpt lat="36.9707353" lon="139.2661124"><ele>1444.7733333333333</ele><time>2023-08-19T02:57:29Z</time></trkpt><trkpt lat="36.9707461" lon="139.2663432"><ele>1447.2766666666666</ele><time>2023-08-19T02:58:03Z</time></trkpt><trkpt lat="36.9707663" lon="139.2665764"><ele>1450.0433333333333</ele><time>2023-08-19T02:58:18Z</time></trkpt><trkpt lat="36.9707871" lon="139.2668087"><ele>1452.9433333333334</ele><time>2023-08-19T02:58:32Z</time></trkpt><trkpt lat="36.9709433" lon="139.2669293"><ele>1454.7900000000002</ele><time>2023-08-19T02:58:48Z</time></trkpt><trkpt lat="36.97088" lon="139.2671397"><ele>1455.7300000000002</ele><time>2023-08-19T02:59:14Z</time></trkpt><trkpt lat="36.9708901" lon="139.2673734"><ele>1456.0966666666666</ele><time>2023-08-19T02:59:28Z</time></trkpt><trkpt lat="36.9709393" lon="139.2675928"><ele>1456.8066666666666</ele><time>2023-08-19T03:00:47Z</time></trkpt><trkpt lat="36.9709175" lon="139.2678211"><ele>1457.9399999999998</ele><time>2023-08-19T03:01:02Z</time></trkpt><trkpt lat="36.9709673" lon="139.2680528"><ele>1460.3066666666666</ele><time>2023-08-19T03:01:19Z</time></trkpt><trkpt lat="36.9711075" lon="139.2682078"><ele>1462.97</ele><time>2023-08-19T03:02:00Z</time></trkpt><trkpt lat="36.9710285" lon="139.2684238"><ele>1465.82</ele><time>2023-08-19T03:02:07Z</time></trkpt><trkpt lat="36.9710551" lon="139.268652"><ele>1468.0633333333333</ele><time>2023-08-19T03:02:19Z</time></trkpt><trkpt lat="36.971231" lon="139.2687234"><ele>1469.0533333333333</ele><time>2023-08-19T03:02:35Z</time></trkpt><trkpt lat="36.9711616" lon="139.268938"><ele>1469.8</ele><time>2023-08-19T03:02:53Z</time></trkpt><trkpt lat="36.9710205" lon="139.2690863"><ele>1470.83</ele><time>2023-08-19T03:03:11Z</time></trkpt><trkpt lat="36.9709697" lon="139.2693134"><ele>1473.3466666666666</ele><time>2023-08-19T03:03:45Z</time></trkpt><trkpt lat="36.9709046" lon="139.2695283"><ele>1475.8066666666666</ele><time>2023-08-19T03:04:03Z</time></trkpt><trkpt lat="36.9708529" lon="139.2697563"><ele>1477.8666666666668</ele><time>2023-08-19T03:04:52Z</time></trkpt><trkpt lat="36.9709205" lon="139.2699753"><ele>1479.33</ele><time>2023-08-19T03:05:13Z</time></trkpt><trkpt lat="36.970967" lon="139.2701949"><ele>1480.9166666666667</ele><time>2023-08-19T03:05:39Z</time></trkpt><trkpt lat="36.9711292" lon="139.2703099"><ele>1481.6566666666665</ele><time>2023-08-19T03:05:59Z</time></trkpt><trkpt lat="36.9712766" lon="139.2704431"><ele>1482.53</ele><time>2023-08-19T03:06:18Z</time></trkpt><trkpt lat="36.9713375" lon="139.2706612"><ele>1482.87</ele><time>2023-08-19T03:07:11Z</time></trkpt><trkpt lat="36.9713325" lon="139.2708969"><ele>1484.3700000000001</ele><time>2023-08-19T03:07:50Z</time></trkpt><trkpt lat="36.9712925" lon="139.2711216"><ele>1486.7933333333333</ele><time>2023-08-19T03:08:05Z</time></trkpt><trkpt lat="36.9713519" lon="139.2713343"><ele>1489.92</ele><time>2023-08-19T03:09:05Z</time></trkpt><trkpt lat="36.9714072" lon="139.2715529"><ele>1492.68</ele><time>2023-08-19T03:09:18Z</time></trkpt><trkpt lat="36.9713195" lon="139.2717505"><ele>1495.5100000000002</ele><time>2023-08-19T03:11:47Z</time></trkpt><trkpt lat="36.9712317" lon="139.2719545"><ele>1498.5666666666666</ele><time>2023-08-19T03:12:12Z</time></trkpt><trkpt lat="36.9712775" lon="139.2721765"><ele>1503.6566666666668</ele><time>2023-08-19T03:12:46Z</time></trkpt><trkpt lat="36.9712753" lon="139.2724111"><ele>1509.83</ele><time>2023-08-19T03:13:12Z</time></trkpt><trkpt lat="36.9713537" lon="139.2726252"><ele>1516.0333333333335</ele><time>2023-08-19T03:13:49Z</time></trkpt><trkpt lat="36.9712563" lon="139.2728213"><ele>1520.2600000000002</ele><time>2023-08-19T03:14:05Z</time></trkpt><trkpt lat="36.9712638" lon="139.273051"><ele>1523.3799999999999</ele><time>2023-08-19T03:14:28Z</time></trkpt><trkpt lat="36.9710973" lon="139.2731432"><ele>1525.7633333333333</ele><time>2023-08-19T03:15:06Z</time></trkpt><trkpt lat="36.9710693" lon="139.2733673"><ele>1528.6000000000001</ele><time>2023-08-19T03:15:35Z</time></trkpt><trkpt lat="36.9710149" lon="139.2735819"><ele>1530.9000000000003</ele><time>2023-08-19T03:15:56Z</time></trkpt><trkpt lat="36.9710409" lon="139.2738066"><ele>1533.6966666666667</ele><time>2023-08-19T03:16:14Z</time></trkpt><trkpt lat="36.9710127" lon="139.2740388"><ele>1536.3333333333333</ele><time>2023-08-19T03:16:37Z</time></trkpt><trkpt lat="36.9711131" lon="139.2742261"><ele>1539.17</ele><time>2023-08-19T03:17:18Z</time></trkpt><trkpt lat="36.9712424" lon="139.2743915"><ele>1541.8200000000004</ele><time>2023-08-19T03:18:20Z</time></trkpt><trkpt lat="36.9713507" lon="139.2745974"><ele>1544.2166666666665</ele><time>2023-08-19T03:18:40Z</time></trkpt><trkpt lat="36.9714536" lon="139.2747883"><ele>1546.2900000000002</ele><time>2023-08-19T03:18:55Z</time></trkpt><trkpt lat="36.9716272" lon="139.2748816"><ele>1547.63</ele><time>2023-08-19T03:19:22Z</time></trkpt><trkpt lat="36.9716859" lon="139.2751008"><ele>1549.6899999999998</ele><time>2023-08-19T03:19:43Z</time></trkpt><trkpt lat="36.9717099" lon="139.275332"><ele>1552.6466666666668</ele><time>2023-08-19T03:20:23Z</time></trkpt><trkpt lat="36.9718042" lon="139.2755236"><ele>1556.4266666666665</ele><time>2023-08-19T03:20:55Z</time></trkpt><trkpt lat="36.9719793" lon="139.2756228"><ele>1558.7033333333331</ele><time>2023-08-19T03:21:10Z</time></trkpt><trkpt lat="36.9721425" lon="139.2757249"><ele>1559.7733333333333</ele><time>2023-08-19T03:21:23Z</time></trkpt><trkpt lat="36.9723164" lon="139.2757888"><ele>1560.2233333333334</ele><time>2023-08-19T03:21:39Z</time></trkpt><trkpt lat="36.9724767" lon="139.2759216"><ele>1561.0533333333333</ele><time>2023-08-19T03:21:59Z</time></trkpt><trkpt lat="36.9726146" lon="139.2760713"><ele>1561.8233333333335</ele><time>2023-08-19T03:22:17Z</time></trkpt><trkpt lat="36.972736" lon="139.2762455"><ele>1562.5066666666664</ele><time>2023-08-19T03:22:33Z</time></trkpt><trkpt lat="36.9728229" lon="139.2764555"><ele>1562.3033333333333</ele><time>2023-08-19T03:22:50Z</time></trkpt><trkpt lat="36.9729502" lon="139.2766406"><ele>1561.0866666666668</ele><time>2023-08-19T03:23:11Z</time></trkpt><trkpt lat="36.9730135" lon="139.2768886"><ele>1559.0633333333335</ele><time>2023-08-19T03:23:19Z</time></trkpt><trkpt lat="36.9729605" lon="139.2771123"><ele>1558.0333333333335</ele><time>2023-08-19T03:23:40Z</time></trkpt><trkpt lat="36.9730465" lon="139.277323"><ele>1558.0533333333333</ele><time>2023-08-19T03:23:53Z</time></trkpt><trkpt lat="36.9731944" lon="139.2774567"><ele>1558.0966666666666</ele><time>2023-08-19T03:24:41Z</time></trkpt><trkpt lat="36.9732566" lon="139.277672"><ele>1557.7</ele><time>2023-08-19T03:24:57Z</time></trkpt><trkpt lat="36.9733211" lon="139.2778865"><ele>1557.36</ele><time>2023-08-19T03:25:09Z</time></trkpt><trkpt lat="36.9734522" lon="139.2780573"><ele>1557.8333333333333</ele><time>2023-08-19T03:25:21Z</time></trkpt><trkpt lat="36.9735569" lon="139.2782469"><ele>1558.3833333333332</ele><time>2023-08-19T03:25:44Z</time></trkpt><trkpt lat="36.9736467" lon="139.2784601"><ele>1558.63</ele><time>2023-08-19T03:25:55Z</time></trkpt><trkpt lat="36.9736531" lon="139.2786854"><ele>1559.1233333333332</ele><time>2023-08-19T03:26:07Z</time></trkpt><trkpt lat="36.9736716" lon="139.2789102"><ele>1559.756666666667</ele><time>2023-08-19T03:26:31Z</time></trkpt><trkpt lat="36.9737044" lon="139.2791373"><ele>1560.8666666666668</ele><time>2023-08-19T03:27:38Z</time></trkpt><trkpt lat="36.9736157" lon="139.2793448"><ele>1563.4966666666667</ele><time>2023-08-19T03:27:52Z</time></trkpt><trkpt lat="36.9736545" lon="139.2795858"><ele>1565.4000000000003</ele><time>2023-08-19T03:28:06Z</time></trkpt><trkpt lat="36.9736755" lon="139.279815"><ele>1567.0066666666664</ele><time>2023-08-19T03:28:22Z</time></trkpt><trkpt lat="36.9737733" lon="139.2800044"><ele>1565.3766666666668</ele><time>2023-08-19T03:28:39Z</time></trkpt><trkpt lat="36.9737906" lon="139.2802385"><ele>1564.4966666666667</ele><time>2023-08-19T03:28:54Z</time></trkpt><trkpt lat="36.9737671" lon="139.2804615"><ele>1563.5900000000001</ele><time>2023-08-19T03:29:09Z</time></trkpt><trkpt lat="36.973773" lon="139.2806875"><ele>1564.0199999999998</ele><time>2023-08-19T03:29:31Z</time></trkpt><trkpt lat="36.9737651" lon="139.280916"><ele>1565.0466666666669</ele><time>2023-08-19T03:29:47Z</time></trkpt><trkpt lat="36.9738629" lon="139.2811095"><ele>1565.8400000000001</ele><time>2023-08-19T03:30:02Z</time></trkpt><trkpt lat="36.9739924" lon="139.281268"><ele>1565.756666666667</ele><time>2023-08-19T03:30:19Z</time></trkpt><trkpt lat="36.9740558" lon="139.2814933"><ele>1564.46</ele><time>2023-08-19T03:30:41Z</time></trkpt><trkpt lat="36.9739443" lon="139.2816844"><ele>1564.6499999999999</ele><time>2023-08-19T03:31:37Z</time></trkpt><trkpt lat="36.9738893" lon="139.2819127"><ele>1566.88</ele><time>2023-08-19T03:31:55Z</time></trkpt><trkpt lat="36.9738871" lon="139.2821398"><ele>1570.5566666666666</ele><time>2023-08-19T03:32:06Z</time></trkpt><trkpt lat="36.9738423" lon="139.2823575"><ele>1573.6333333333332</ele><time>2023-08-19T03:32:32Z</time></trkpt><trkpt lat="36.9739818" lon="139.2825121"><ele>1574.6266666666668</ele><time>2023-08-19T03:32:48Z</time></trkpt><trkpt lat="36.9740118" lon="139.2827361"><ele>1575.426666666667</ele><time>2023-08-19T03:33:04Z</time></trkpt><trkpt lat="36.9740405" lon="139.2829685"><ele>1575.82</ele><time>2023-08-19T03:33:23Z</time></trkpt><trkpt lat="36.9741606" lon="139.2831393"><ele>1577.24</ele><time>2023-08-19T03:33:37Z</time></trkpt><trkpt lat="36.9742515" lon="139.2833354"><ele>1577.0833333333333</ele><time>2023-08-19T03:33:53Z</time></trkpt><trkpt lat="36.974367" lon="139.2835168"><ele>1575.62</ele><time>2023-08-19T03:34:12Z</time></trkpt><trkpt lat="36.9745356" lon="139.2835968"><ele>1571.0166666666667</ele><time>2023-08-19T03:34:51Z</time></trkpt><trkpt lat="36.9747133" lon="139.2836573"><ele>1566.5666666666666</ele><time>2023-08-19T03:35:25Z</time></trkpt><trkpt lat="36.9748093" lon="139.2838484"><ele>1565.0466666666669</ele><time>2023-08-19T03:36:25Z</time></trkpt><trkpt lat="36.9748499" lon="139.2840701"><ele>1568.39</ele><time>2023-08-19T03:36:45Z</time></trkpt><trkpt lat="36.9748958" lon="139.2842938"><ele>1573.3733333333332</ele><time>2023-08-19T03:37:16Z</time></trkpt><trkpt lat="36.9749165" lon="139.2845209"><ele>1577.6966666666667</ele><time>2023-08-19T03:37:33Z</time></trkpt><trkpt lat="36.9749263" lon="139.2847615"><ele>1581.2466666666667</ele><time>2023-08-19T03:38:14Z</time></trkpt><trkpt lat="36.9750148" lon="139.2849594"><ele>1584.1566666666668</ele><time>2023-08-19T03:38:42Z</time></trkpt><trkpt lat="36.9750761" lon="139.2851746"><ele>1586.26</ele><time>2023-08-19T03:39:07Z</time></trkpt><trkpt lat="36.9751576" lon="139.2853884"><ele>1587.7299999999998</ele><time>2023-08-19T03:40:25Z</time></trkpt><trkpt lat="36.9752448" lon="139.2855868"><ele>1588.8666666666668</ele><time>2023-08-19T03:40:42Z</time></trkpt><trkpt lat="36.9753023" lon="139.2858051"><ele>1590.2</ele><time>2023-08-19T03:41:01Z</time></trkpt><trkpt lat="36.9753459" lon="139.2860302"><ele>1591.4800000000002</ele><time>2023-08-19T03:41:24Z</time></trkpt><trkpt lat="36.9754242" lon="139.2862393"><ele>1592.9800000000002</ele><time>2023-08-19T03:41:55Z</time></trkpt><trkpt lat="36.9755127" lon="139.2864394"><ele>1593.8866666666665</ele><time>2023-08-19T03:42:09Z</time></trkpt><trkpt lat="36.9755972" lon="139.2866527"><ele>1594.9833333333333</ele><time>2023-08-19T03:42:27Z</time></trkpt><trkpt lat="36.9756131" lon="139.286881"><ele>1596.0133333333333</ele><time>2023-08-19T03:42:49Z</time></trkpt><trkpt lat="36.9756878" lon="139.2870979"><ele>1597.4766666666667</ele><time>2023-08-19T03:43:08Z</time></trkpt><trkpt lat="36.9757531" lon="139.2873091"><ele>1598.5166666666667</ele><time>2023-08-19T03:43:26Z</time></trkpt><trkpt lat="36.9758089" lon="139.2875297"><ele>1600.0333333333335</ele><time>2023-08-19T03:43:54Z</time></trkpt><trkpt lat="36.9757491" lon="139.2877515"><ele>1602.0066666666664</ele><time>2023-08-19T03:44:12Z</time></trkpt><trkpt lat="36.9756113" lon="139.2879044"><ele>1604.6599999999999</ele><time>2023-08-19T03:44:46Z</time></trkpt><trkpt lat="36.975474" lon="139.2880618"><ele>1606.6933333333334</ele><time>2023-08-19T03:45:02Z</time></trkpt><trkpt lat="36.9753197" lon="139.2881872"><ele>1608.0966666666666</ele><time>2023-08-19T03:45:21Z</time></trkpt><trkpt lat="36.9751533" lon="139.2882863"><ele>1609.0100000000002</ele><time>2023-08-19T03:45:37Z</time></trkpt><trkpt lat="36.9749822" lon="139.2883571"><ele>1610.46</ele><time>2023-08-19T03:45:53Z</time></trkpt><trkpt lat="36.974813" lon="139.2884605"><ele>1611.42</ele><time>2023-08-19T03:46:10Z</time></trkpt><trkpt lat="36.9746426" lon="139.2885703"><ele>1612.4466666666667</ele><time>2023-08-19T03:46:28Z</time></trkpt><trkpt lat="36.9744615" lon="139.2886069"><ele>1613.5800000000002</ele><time>2023-08-19T03:46:56Z</time></trkpt><trkpt lat="36.9742885" lon="139.2886711"><ele>1615.8666666666668</ele><time>2023-08-19T03:47:12Z</time></trkpt><trkpt lat="36.9741372" lon="139.2888025"><ele>1618.07</ele><time>2023-08-19T03:47:27Z</time></trkpt><trkpt lat="36.9740407" lon="139.2890068"><ele>1619.1866666666665</ele><time>2023-08-19T03:47:42Z</time></trkpt><trkpt lat="36.974034" lon="139.2892398"><ele>1619.03</ele><time>2023-08-19T03:47:58Z</time></trkpt><trkpt lat="36.9741945" lon="139.2893461"><ele>1618.0133333333333</ele><time>2023-08-19T03:48:10Z</time></trkpt><trkpt lat="36.9743663" lon="139.2894486"><ele>1616.676666666667</ele><time>2023-08-19T03:48:24Z</time></trkpt><trkpt lat="36.9744782" lon="139.2896523"><ele>1615.33</ele><time>2023-08-19T03:48:36Z</time></trkpt><trkpt lat="36.9746196" lon="139.2898054"><ele>1614.0</ele><time>2023-08-19T03:48:53Z</time></trkpt><trkpt lat="36.9746465" lon="139.2900324"><ele>1613.9399999999998</ele><time>2023-08-19T03:49:10Z</time></trkpt><trkpt lat="36.9748002" lon="139.2901516"><ele>1613.3700000000001</ele><time>2023-08-19T03:49:24Z</time></trkpt><trkpt lat="36.974959" lon="139.2902644"><ele>1613.3833333333334</ele><time>2023-08-19T03:49:39Z</time></trkpt><trkpt lat="36.9750661" lon="139.2904469"><ele>1612.4966666666667</ele><time>2023-08-19T03:50:06Z</time></trkpt><trkpt lat="36.9751749" lon="139.2906342"><ele>1612.38</ele><time>2023-08-19T03:50:23Z</time></trkpt><trkpt lat="36.9751382" lon="139.2908614"><ele>1612.5200000000002</ele><time>2023-08-19T03:50:43Z</time></trkpt><trkpt lat="36.9751546" lon="139.2910887"><ele>1612.6899999999998</ele><time>2023-08-19T03:50:58Z</time></trkpt><trkpt lat="36.9750979" lon="139.2913054"><ele>1612.32</ele><time>2023-08-19T03:51:20Z</time></trkpt><trkpt lat="36.9749299" lon="139.2913972"><ele>1613.0333333333335</ele><time>2023-08-19T03:51:36Z</time></trkpt><trkpt lat="36.9749265" lon="139.2916287"><ele>1612.3166666666666</ele><time>2023-08-19T03:51:54Z</time></trkpt><trkpt lat="36.9751044" lon="139.2917307"><ele>1611.8700000000001</ele><time>2023-08-19T03:52:18Z</time></trkpt><trkpt lat="36.9752776" lon="139.2918159"><ele>1610.6966666666667</ele><time>2023-08-19T03:53:39Z</time></trkpt><trkpt lat="36.9753414" lon="139.292036"><ele>1612.1366666666665</ele><time>2023-08-19T03:53:53Z</time></trkpt><trkpt lat="36.9754853" lon="139.2921826"><ele>1613.72</ele><time>2023-08-19T03:54:05Z</time></trkpt><trkpt lat="36.9756328" lon="139.2923359"><ele>1613.86</ele><time>2023-08-19T03:54:18Z</time></trkpt><trkpt lat="36.9757878" lon="139.2924769"><ele>1612.2600000000002</ele><time>2023-08-19T03:54:33Z</time></trkpt><trkpt lat="36.9759436" lon="139.2925903"><ele>1610.323333333333</ele><time>2023-08-19T03:54:46Z</time></trkpt><trkpt lat="36.9760676" lon="139.2927673"><ele>1609.2033333333336</ele><time>2023-08-19T03:54:59Z</time></trkpt><trkpt lat="36.9762041" lon="139.2926075"><ele>1608.0466666666669</ele><time>2023-08-19T03:55:12Z</time></trkpt><trkpt lat="36.9763279" lon="139.2927824"><ele>1607.41</ele><time>2023-08-19T03:55:23Z</time></trkpt><trkpt lat="36.9764663" lon="139.2929512"><ele>1606.8166666666666</ele><time>2023-08-19T03:55:34Z</time></trkpt><trkpt lat="36.9765408" lon="139.2931603"><ele>1607.2066666666667</ele><time>2023-08-19T03:55:45Z</time></trkpt><trkpt lat="36.9766057" lon="139.2933741"><ele>1607.9233333333334</ele><time>2023-08-19T03:55:56Z</time></trkpt><trkpt lat="36.9767559" lon="139.2935343"><ele>1608.5</ele><time>2023-08-19T03:56:10Z</time></trkpt><trkpt lat="36.9768659" lon="139.2937285"><ele>1608.8066666666666</ele><time>2023-08-19T03:56:25Z</time></trkpt><trkpt lat="36.9769246" lon="139.293942"><ele>1608.9066666666668</ele><time>2023-08-19T03:56:37Z</time></trkpt><trkpt lat="36.9770205" lon="139.2941324"><ele>1608.93</ele><time>2023-08-19T03:56:48Z</time></trkpt><trkpt lat="36.9771646" lon="139.2942732"><ele>1608.6733333333334</ele><time>2023-08-19T03:57:01Z</time></trkpt><trkpt lat="36.9773305" lon="139.2943867"><ele>1607.7266666666667</ele><time>2023-08-19T03:57:14Z</time></trkpt><trkpt lat="36.9774947" lon="139.2944947"><ele>1606.47</ele><time>2023-08-19T03:57:28Z</time></trkpt><trkpt lat="36.9776109" lon="139.2946853"><ele>1605.1666666666667</ele><time>2023-08-19T03:57:39Z</time></trkpt><trkpt lat="36.9777548" lon="139.2948441"><ele>1604.0</ele><time>2023-08-19T03:57:53Z</time></trkpt><trkpt lat="36.9778699" lon="139.2950335"><ele>1602.9800000000002</ele><time>2023-08-19T03:58:11Z</time></trkpt><trkpt lat="36.9779914" lon="139.2952207"><ele>1601.6066666666668</ele><time>2023-08-19T03:58:24Z</time></trkpt><trkpt lat="36.9781751" lon="139.295287"><ele>1599.3766666666668</ele><time>2023-08-19T03:58:38Z</time></trkpt><trkpt lat="36.9783453" lon="139.2953618"><ele>1596.5666666666666</ele><time>2023-08-19T03:58:49Z</time></trkpt><trkpt lat="36.9785235" lon="139.2954332"><ele>1593.3966666666668</ele><time>2023-08-19T03:59:03Z</time></trkpt><trkpt lat="36.9787137" lon="139.2954727"><ele>1590.1200000000001</ele><time>2023-08-19T03:59:18Z</time></trkpt><trkpt lat="36.9788969" lon="139.2955087"><ele>1586.26</ele><time>2023-08-19T03:59:36Z</time></trkpt><trkpt lat="36.9788941" lon="139.2957355"><ele>1582.6333333333332</ele><time>2023-08-19T03:59:54Z</time></trkpt><trkpt lat="36.9787353" lon="139.2958517"><ele>1579.6299999999999</ele><time>2023-08-19T04:00:10Z</time></trkpt><trkpt lat="36.9788973" lon="139.2959617"><ele>1576.2866666666666</ele><time>2023-08-19T04:00:27Z</time></trkpt><trkpt lat="36.9790705" lon="139.2960376"><ele>1571.86</ele><time>2023-08-19T04:00:41Z</time></trkpt><trkpt lat="36.979223" lon="139.2961686"><ele>1566.1566666666668</ele><time>2023-08-19T04:00:58Z</time></trkpt><trkpt lat="36.9791921" lon="139.2963932"><ele>1560.1566666666668</ele><time>2023-08-19T04:01:33Z</time></trkpt><trkpt lat="36.9790946" lon="139.2965894"><ele>1555.6899999999998</ele><time>2023-08-19T04:01:55Z</time></trkpt><trkpt lat="36.9792684" lon="139.2967373"><ele>1551.34</ele><time>2023-08-19T04:02:10Z</time></trkpt><trkpt lat="36.9793253" lon="139.2969549"><ele>1547.88</ele><time>2023-08-19T04:02:28Z</time></trkpt><trkpt lat="36.9793715" lon="139.2971757"><ele>1544.3833333333332</ele><time>2023-08-19T04:02:46Z</time></trkpt><trkpt lat="36.9794905" lon="139.2973672"><ele>1541.9266666666665</ele><time>2023-08-19T04:02:59Z</time></trkpt><trkpt lat="36.97956" lon="139.297582"><ele>1540.0999999999997</ele><time>2023-08-19T04:03:11Z</time></trkpt><trkpt lat="36.9796858" lon="139.2977496"><ele>1538.243333333333</ele><time>2023-08-19T04:03:24Z</time></trkpt><trkpt lat="36.9798243" lon="139.2978991"><ele>1536.75</ele><time>2023-08-19T04:03:39Z</time></trkpt><trkpt lat="36.9799729" lon="139.2980531"><ele>1535.4333333333334</ele><time>2023-08-19T04:03:54Z</time></trkpt><trkpt lat="36.9800713" lon="139.2982417"><ele>1533.88</ele><time>2023-08-19T04:04:08Z</time></trkpt><trkpt lat="36.9800616" lon="139.2984758"><ele>1532.78</ele><time>2023-08-19T04:04:30Z</time></trkpt><trkpt lat="36.9802456" lon="139.2985035"><ele>1531.4033333333336</ele><time>2023-08-19T04:04:41Z</time></trkpt><trkpt lat="36.9804291" lon="139.2984865"><ele>1530.18</ele><time>2023-08-19T04:04:56Z</time></trkpt><trkpt lat="36.980584" lon="139.2983578"><ele>1528.6233333333332</ele><time>2023-08-19T04:05:11Z</time></trkpt><trkpt lat="36.9806605" lon="139.2985656"><ele>1526.4766666666667</ele><time>2023-08-19T04:05:28Z</time></trkpt><trkpt lat="36.9805672" lon="139.2987608"><ele>1524.5</ele><time>2023-08-19T04:05:43Z</time></trkpt><trkpt lat="36.9807526" lon="139.2987556"><ele>1521.5666666666666</ele><time>2023-08-19T04:05:58Z</time></trkpt><trkpt lat="36.9809052" lon="139.2988822"><ele>1519.2066666666667</ele><time>2023-08-19T04:06:16Z</time></trkpt><trkpt lat="36.9810194" lon="139.2990654"><ele>1516.4399999999998</ele><time>2023-08-19T04:06:30Z</time></trkpt><trkpt lat="36.9810539" lon="139.2992901"><ele>1513.4566666666667</ele><time>2023-08-19T04:06:44Z</time></trkpt><trkpt lat="36.9811027" lon="139.2995099"><ele>1509.1966666666667</ele><time>2023-08-19T04:07:14Z</time></trkpt><trkpt lat="36.9812847" lon="139.2994552"><ele>1504.6833333333332</ele><time>2023-08-19T04:07:25Z</time></trkpt><trkpt lat="36.9813957" lon="139.2996369"><ele>1501.38</ele><time>2023-08-19T04:07:43Z</time></trkpt><trkpt lat="36.98157" lon="139.2997171"><ele>1499.9233333333334</ele><time>2023-08-19T04:08:05Z</time></trkpt><trkpt lat="36.9817" lon="139.2998811"><ele>1499.5</ele><time>2023-08-19T04:08:25Z</time></trkpt><trkpt lat="36.9818424" lon="139.3000359"><ele>1499.42</ele><time>2023-08-19T04:08:40Z</time></trkpt><trkpt lat="36.9819436" lon="139.3002274"><ele>1499.43</ele><time>2023-08-19T04:08:58Z</time></trkpt><trkpt lat="36.982001" lon="139.3004549"><ele>1499.4899999999998</ele><time>2023-08-19T04:09:10Z</time></trkpt><trkpt lat="36.982184" lon="139.3004307"><ele>1499.5199999999998</ele><time>2023-08-19T04:09:22Z</time></trkpt><trkpt lat="36.9823653" lon="139.3004313"><ele>1499.506666666667</ele><time>2023-08-19T04:09:35Z</time></trkpt><trkpt lat="36.9825542" lon="139.3004616"><ele>1499.4833333333333</ele><time>2023-08-19T04:10:02Z</time></trkpt><trkpt lat="36.9827194" lon="139.3005572"><ele>1499.4666666666665</ele><time>2023-08-19T04:10:12Z</time></trkpt><trkpt lat="36.9828656" lon="139.3007043"><ele>1499.4933333333336</ele><time>2023-08-19T04:10:24Z</time></trkpt><trkpt lat="36.9828861" lon="139.3009308"><ele>1499.53</ele><time>2023-08-19T04:10:39Z</time></trkpt><trkpt lat="36.9829599" lon="139.3011417"><ele>1499.6233333333332</ele><time>2023-08-19T04:10:53Z</time></trkpt><trkpt lat="36.9830785" lon="139.3013208"><ele>1499.9766666666667</ele><time>2023-08-19T04:11:26Z</time></trkpt><trkpt lat="36.9831088" lon="139.3015512"><ele>1500.5633333333335</ele><time>2023-08-19T04:11:38Z</time></trkpt><trkpt lat="36.9831431" lon="139.3017837"><ele>1500.9366666666667</ele><time>2023-08-19T04:11:51Z</time></trkpt><trkpt lat="36.9832083" lon="139.3019991"><ele>1501.2633333333333</ele><time>2023-08-19T04:12:02Z</time></trkpt><trkpt lat="36.9832874" lon="139.3022056"><ele>1501.9333333333334</ele><time>2023-08-19T04:12:12Z</time></trkpt><trkpt lat="36.9833329" lon="139.3024612"><ele>1503.6633333333332</ele><time>2023-08-19T04:12:27Z</time></trkpt><trkpt lat="36.9833721" lon="139.3026851"><ele>1505.3833333333332</ele><time>2023-08-19T04:12:44Z</time></trkpt><trkpt lat="36.9834517" lon="139.3029236"><ele>1506.9966666666667</ele><time>2023-08-19T04:13:07Z</time></trkpt><trkpt lat="36.9835498" lon="139.3031238"><ele>1507.7600000000002</ele><time>2023-08-19T04:13:18Z</time></trkpt><trkpt lat="36.9836165" lon="139.3033355"><ele>1508.4000000000003</ele><time>2023-08-19T04:13:31Z</time></trkpt><trkpt lat="36.9836501" lon="139.3035586"><ele>1508.5533333333333</ele><time>2023-08-19T04:13:44Z</time></trkpt><trkpt lat="36.9836531" lon="139.3037852"><ele>1508.6566666666668</ele><time>2023-08-19T04:13:59Z</time></trkpt><trkpt lat="36.9836095" lon="139.3040088"><ele>1508.7766666666666</ele><time>2023-08-19T04:14:10Z</time></trkpt><trkpt lat="36.9836885" lon="139.3042152"><ele>1508.78</ele><time>2023-08-19T04:14:24Z</time></trkpt><trkpt lat="36.9835581" lon="139.3043781"><ele>1508.93</ele><time>2023-08-19T04:14:37Z</time></trkpt><trkpt lat="36.9836006" lon="139.3046002"><ele>1508.3666666666668</ele><time>2023-08-19T04:14:51Z</time></trkpt><trkpt lat="36.9835517" lon="139.3048308"><ele>1507.6499999999999</ele><time>2023-08-19T04:15:13Z</time></trkpt></trkseg></trk></gpx>