<?xml version='1.0' encoding='UTF-8'?><gpx creator="YAMAP - https://yamap.com" xsi:schemaLocation="http://www.topografix.com/GPX/1/1 http://www.topografix.com/GPX/1/1/gpx.xsd" version="1.1" xmlns="http://www.topografix.com/GPX/1/1" xmlns:xsi="http://www.w3.org/2001/XMLSchema-instance"><metadata><bounds maxlat="35.6530191" maxlon="139.2701515" minlat="35.6156031" minlon="139.1446143"/></metadata><trk><name>陣馬山から高尾山縦走コース</name><number>1</number><trkseg><trkpt lat="35.6156647" lon="139.1523415"><ele>216.12</ele><time>2023-08-15T23:29:47Z</time></trkpt><trkpt lat="35.6157426" lon="139.1525815"><ele>216.66500000000002</ele><time>2023-08-15T23:30:35Z</time></trkpt><trkpt lat="35.6157361" lon="139.1528455"><ele>216.75333333333333</ele><time>2023-08-15T23:30:47Z</time></trkpt><trkpt lat="35.6157381" lon="139.1530788"><ele>217.05666666666664</ele><time>2023-08-15T23:30:59Z</time></trkpt><trkpt lat="35.6157178" lon="139.1533114"><ele>216.73333333333335</ele><time>2023-08-15T23:31:13Z</time></trkpt><trkpt lat="35.6157083" lon="139.1535328"><ele>216.70666666666668</ele><time>2023-08-15T23:31:28Z</time></trkpt><trkpt lat="35.6156426" lon="139.1537575"><ele>216.4766666666667</ele><time>2023-08-15T23:31:42Z</time></trkpt><trkpt lat="35.615619" lon="139.1539819"><ele>216.70333333333335</ele><time>2023-08-15T23:31:55Z</time></trkpt><trkpt lat="35.6156031" lon="139.1542076"><ele>216.67666666666665</ele><time>2023-08-15T23:32:05Z</time></trkpt><trkpt lat="35.6156519" lon="139.1544222"><ele>217.24333333333334</ele><time>2023-08-15T23:32:16Z</time></trkpt><trkpt lat="35.6158467" lon="139.1544039"><ele>218.13333333333333</ele><time>2023-08-15T23:32:24Z</time></trkpt><trkpt lat="35.6160382" lon="139.1543583"><ele>220.0</ele><time>2023-08-15T23:32:35Z</time></trkpt><trkpt lat="35.6162364" lon="139.1543401"><ele>222.59</ele><time>2023-08-15T23:32:47Z</time></trkpt><trkpt lat="35.6164208" lon="139.15433"><ele>225.83</ele><time>2023-08-15T23:33:02Z</time></trkpt><trkpt lat="35.6166026" lon="139.1543606"><ele>229.27333333333334</ele><time>2023-08-15T23:33:17Z</time></trkpt><trkpt lat="35.6167808" lon="139.154423"><ele>233.60666666666665</ele><time>2023-08-15T23:33:29Z</time></trkpt><trkpt lat="35.616956" lon="139.1544784"><ele>239.07666666666668</ele><time>2023-08-15T23:33:39Z</time></trkpt><trkpt lat="35.6171323" lon="139.1545444"><ele>247.97</ele><time>2023-08-15T23:33:49Z</time></trkpt><trkpt lat="35.6173158" lon="139.1545771"><ele>257.43333333333334</ele><time>2023-08-15T23:34:01Z</time></trkpt><trkpt lat="35.6174991" lon="139.1545717"><ele>267.7733333333333</ele><time>2023-08-15T23:34:13Z</time></trkpt><trkpt lat="35.6176996" lon="139.1545533"><ele>278.07666666666665</ele><time>2023-08-15T23:34:25Z</time></trkpt><trkpt lat="35.6178842" lon="139.1545733"><ele>288.44</ele><time>2023-08-15T23:34:37Z</time></trkpt><trkpt lat="35.6180823" lon="139.1545677"><ele>294.85333333333335</ele><time>2023-08-15T23:34:49Z</time></trkpt><trkpt lat="35.6182643" lon="139.1545757"><ele>293.27666666666664</ele><time>2023-08-15T23:35:00Z</time></trkpt><trkpt lat="35.6184474" lon="139.1545287"><ele>286.5733333333333</ele><time>2023-08-15T23:35:14Z</time></trkpt><trkpt lat="35.618626" lon="139.1544325"><ele>279.22333333333336</ele><time>2023-08-15T23:35:24Z</time></trkpt><trkpt lat="35.6188117" lon="139.1543916"><ele>274.01</ele><time>2023-08-15T23:35:35Z</time></trkpt><trkpt lat="35.6190021" lon="139.1543412"><ele>266.34666666666664</ele><time>2023-08-15T23:35:45Z</time></trkpt><trkpt lat="35.6191791" lon="139.1542945"><ele>257.73</ele><time>2023-08-15T23:35:57Z</time></trkpt><trkpt lat="35.6193674" lon="139.1542945"><ele>243.67</ele><time>2023-08-15T23:36:08Z</time></trkpt><trkpt lat="35.6194893" lon="139.1541215"><ele>229.66</ele><time>2023-08-15T23:36:20Z</time></trkpt><trkpt lat="35.6196583" lon="139.1540176"><ele>217.27999999999997</ele><time>2023-08-15T23:36:41Z</time></trkpt><trkpt lat="35.6198423" lon="139.1539379"><ele>210.91333333333333</ele><time>2023-08-15T23:36:55Z</time></trkpt><trkpt lat="35.6200257" lon="139.1538589"><ele>209.07000000000002</ele><time>2023-08-15T23:37:06Z</time></trkpt><trkpt lat="35.6201794" lon="139.1537226"><ele>206.98000000000002</ele><time>2023-08-15T23:37:15Z</time></trkpt><trkpt lat="35.6202952" lon="139.1535273"><ele>204.66333333333333</ele><time>2023-08-15T23:37:26Z</time></trkpt><trkpt lat="35.6204421" lon="139.1533745"><ele>201.67333333333332</ele><time>2023-08-15T23:37:35Z</time></trkpt><trkpt lat="35.6205336" lon="139.1531783"><ele>200.10000000000002</ele><time>2023-08-15T23:37:49Z</time></trkpt><trkpt lat="35.6206725" lon="139.1530303"><ele>197.89333333333335</ele><time>2023-08-15T23:38:03Z</time></trkpt><trkpt lat="35.6207714" lon="139.1528443"><ele>196.04666666666665</ele><time>2023-08-15T23:38:14Z</time></trkpt><trkpt lat="35.6208871" lon="139.1526671"><ele>193.92666666666665</ele><time>2023-08-15T23:38:29Z</time></trkpt><trkpt lat="35.6210564" lon="139.1525832"><ele>193.54333333333338</ele><time>2023-08-15T23:38:44Z</time></trkpt><trkpt lat="35.6212411" lon="139.1525823"><ele>192.92333333333332</ele><time>2023-08-15T23:38:57Z</time></trkpt><trkpt lat="35.6214335" lon="139.1526287"><ele>192.04999999999998</ele><time>2023-08-15T23:39:10Z</time></trkpt><trkpt lat="35.6216326" lon="139.1526114"><ele>191.13</ele><time>2023-08-15T23:39:25Z</time></trkpt><trkpt lat="35.6217991" lon="139.1525123"><ele>191.5233333333333</ele><time>2023-08-15T23:39:36Z</time></trkpt><trkpt lat="35.6219783" lon="139.152596"><ele>191.80333333333337</ele><time>2023-08-15T23:39:48Z</time></trkpt><trkpt lat="35.6221572" lon="139.1526733"><ele>191.11</ele><time>2023-08-15T23:40:00Z</time></trkpt><trkpt lat="35.6223312" lon="139.1525949"><ele>189.95666666666668</ele><time>2023-08-15T23:40:14Z</time></trkpt><trkpt lat="35.6224747" lon="139.1524511"><ele>189.5533333333333</ele><time>2023-08-15T23:40:24Z</time></trkpt><trkpt lat="35.6226368" lon="139.1523273"><ele>189.48333333333335</ele><time>2023-08-15T23:40:36Z</time></trkpt><trkpt lat="35.6227783" lon="139.1521818"><ele>189.26</ele><time>2023-08-15T23:40:48Z</time></trkpt><trkpt lat="35.6229329" lon="139.15205"><ele>187.31333333333336</ele><time>2023-08-15T23:41:06Z</time></trkpt><trkpt lat="35.6230792" lon="139.1519173"><ele>185.7266666666667</ele><time>2023-08-15T23:41:16Z</time></trkpt><trkpt lat="35.6232703" lon="139.1518388"><ele>183.75333333333333</ele><time>2023-08-15T23:41:30Z</time></trkpt><trkpt lat="35.6234548" lon="139.1518732"><ele>183.43666666666664</ele><time>2023-08-15T23:41:41Z</time></trkpt><trkpt lat="35.6235257" lon="139.1516501"><ele>183.58333333333334</ele><time>2023-08-15T23:41:52Z</time></trkpt><trkpt lat="35.6236167" lon="139.1514508"><ele>184.72000000000003</ele><time>2023-08-15T23:42:04Z</time></trkpt><trkpt lat="35.6236708" lon="139.1512361"><ele>184.79</ele><time>2023-08-15T23:42:15Z</time></trkpt><trkpt lat="35.62372" lon="139.1510119"><ele>184.99666666666667</ele><time>2023-08-15T23:42:29Z</time></trkpt><trkpt lat="35.6238955" lon="139.1509477"><ele>185.09333333333336</ele><time>2023-08-15T23:42:39Z</time></trkpt><trkpt lat="35.624062" lon="139.1510535"><ele>185.99333333333334</ele><time>2023-08-15T23:42:48Z</time></trkpt><trkpt lat="35.624237" lon="139.151154"><ele>186.82333333333335</ele><time>2023-08-15T23:43:04Z</time></trkpt><trkpt lat="35.6244177" lon="139.1512169"><ele>187.41666666666666</ele><time>2023-08-15T23:43:18Z</time></trkpt><trkpt lat="35.6245984" lon="139.1511642"><ele>187.97333333333333</ele><time>2023-08-15T23:43:28Z</time></trkpt><trkpt lat="35.6247607" lon="139.1509999"><ele>188.42</ele><time>2023-08-15T23:43:52Z</time></trkpt><trkpt lat="35.6249508" lon="139.1509653"><ele>189.07666666666668</ele><time>2023-08-15T23:44:02Z</time></trkpt><trkpt lat="35.625099" lon="139.1508387"><ele>189.74</ele><time>2023-08-15T23:44:13Z</time></trkpt><trkpt lat="35.625236" lon="139.1506747"><ele>190.36</ele><time>2023-08-15T23:44:22Z</time></trkpt><trkpt lat="35.6253566" lon="139.1504995"><ele>190.87666666666667</ele><time>2023-08-15T23:44:36Z</time></trkpt><trkpt lat="35.6254926" lon="139.1503494"><ele>191.69333333333336</ele><time>2023-08-15T23:44:49Z</time></trkpt><trkpt lat="35.6256267" lon="139.1501874"><ele>192.03666666666666</ele><time>2023-08-15T23:44:59Z</time></trkpt><trkpt lat="35.6256764" lon="139.1499751"><ele>192.3166666666667</ele><time>2023-08-15T23:45:11Z</time></trkpt><trkpt lat="35.6257788" lon="139.1497847"><ele>192.13666666666666</ele><time>2023-08-15T23:45:23Z</time></trkpt><trkpt lat="35.6259591" lon="139.1496822"><ele>192.15</ele><time>2023-08-15T23:45:36Z</time></trkpt><trkpt lat="35.6261231" lon="139.1495816"><ele>192.45000000000002</ele><time>2023-08-15T23:45:54Z</time></trkpt><trkpt lat="35.6262701" lon="139.1494242"><ele>193.03</ele><time>2023-08-15T23:46:06Z</time></trkpt><trkpt lat="35.6263988" lon="139.1492287"><ele>194.27666666666664</ele><time>2023-08-15T23:46:24Z</time></trkpt><trkpt lat="35.6265199" lon="139.1490492"><ele>195.2966666666667</ele><time>2023-08-15T23:46:41Z</time></trkpt><trkpt lat="35.6266606" lon="139.1489035"><ele>196.27333333333334</ele><time>2023-08-15T23:46:50Z</time></trkpt><trkpt lat="35.6268215" lon="139.1487859"><ele>196.89</ele><time>2023-08-15T23:47:04Z</time></trkpt><trkpt lat="35.627014" lon="139.1487733"><ele>197.45000000000002</ele><time>2023-08-15T23:47:19Z</time></trkpt><trkpt lat="35.6271974" lon="139.1487163"><ele>197.83</ele><time>2023-08-15T23:47:32Z</time></trkpt><trkpt lat="35.6273706" lon="139.1487923"><ele>197.99333333333334</ele><time>2023-08-15T23:47:46Z</time></trkpt><trkpt lat="35.6275317" lon="139.1489064"><ele>198.15333333333334</ele><time>2023-08-15T23:47:57Z</time></trkpt><trkpt lat="35.6276936" lon="139.1490196"><ele>198.10333333333335</ele><time>2023-08-15T23:48:10Z</time></trkpt><trkpt lat="35.627796" lon="139.1492107"><ele>198.07666666666668</ele><time>2023-08-15T23:48:23Z</time></trkpt><trkpt lat="35.6279632" lon="139.1493129"><ele>197.74333333333334</ele><time>2023-08-15T23:48:34Z</time></trkpt><trkpt lat="35.628145" lon="139.1493474"><ele>197.57333333333335</ele><time>2023-08-15T23:48:53Z</time></trkpt><trkpt lat="35.6283356" lon="139.1493784"><ele>197.51</ele><time>2023-08-15T23:49:07Z</time></trkpt><trkpt lat="35.6285291" lon="139.1493777"><ele>197.8166666666667</ele><time>2023-08-15T23:49:23Z</time></trkpt><trkpt lat="35.6286957" lon="139.1492891"><ele>198.22333333333333</ele><time>2023-08-15T23:49:37Z</time></trkpt><trkpt lat="35.6288346" lon="139.1491357"><ele>198.63666666666668</ele><time>2023-08-15T23:49:48Z</time></trkpt><trkpt lat="35.6289352" lon="139.1489474"><ele>199.01</ele><time>2023-08-15T23:50:00Z</time></trkpt><trkpt lat="35.6290324" lon="139.148746"><ele>199.23333333333335</ele><time>2023-08-15T23:50:17Z</time></trkpt><trkpt lat="35.6291076" lon="139.1485431"><ele>199.33</ele><time>2023-08-15T23:50:29Z</time></trkpt><trkpt lat="35.6292352" lon="139.1483773"><ele>199.35000000000002</ele><time>2023-08-15T23:50:41Z</time></trkpt><trkpt lat="35.6293111" lon="139.1481559"><ele>199.29333333333332</ele><time>2023-08-15T23:50:56Z</time></trkpt><trkpt lat="35.6293748" lon="139.1479489"><ele>199.26333333333332</ele><time>2023-08-15T23:51:07Z</time></trkpt><trkpt lat="35.6294967" lon="139.1477685"><ele>199.2266666666667</ele><time>2023-08-15T23:51:24Z</time></trkpt><trkpt lat="35.6296302" lon="139.1476169"><ele>199.34333333333333</ele><time>2023-08-15T23:51:51Z</time></trkpt><trkpt lat="35.6298222" lon="139.1475972"><ele>199.69000000000003</ele><time>2023-08-15T23:52:00Z</time></trkpt><trkpt lat="35.6299942" lon="139.1475304"><ele>200.44333333333336</ele><time>2023-08-15T23:52:08Z</time></trkpt><trkpt lat="35.6301619" lon="139.1473876"><ele>202.02666666666664</ele><time>2023-08-15T23:52:24Z</time></trkpt><trkpt lat="35.6302797" lon="139.1472151"><ele>204.24333333333334</ele><time>2023-08-15T23:52:38Z</time></trkpt><trkpt lat="35.6304223" lon="139.1470768"><ele>206.85</ele><time>2023-08-15T23:52:54Z</time></trkpt><trkpt lat="35.6306127" lon="139.1470527"><ele>210.23333333333335</ele><time>2023-08-15T23:53:20Z</time></trkpt><trkpt lat="35.6308052" lon="139.1469784"><ele>214.58</ele><time>2023-08-15T23:53:32Z</time></trkpt><trkpt lat="35.6308198" lon="139.1467474"><ele>219.34666666666666</ele><time>2023-08-15T23:53:54Z</time></trkpt><trkpt lat="35.6307008" lon="139.1465625"><ele>223.33333333333334</ele><time>2023-08-15T23:54:11Z</time></trkpt><trkpt lat="35.6305965" lon="139.1463782"><ele>227.16333333333333</ele><time>2023-08-15T23:54:27Z</time></trkpt><trkpt lat="35.6304336" lon="139.1462639"><ele>228.51</ele><time>2023-08-15T23:54:47Z</time></trkpt><trkpt lat="35.6303106" lon="139.1460913"><ele>230.48</ele><time>2023-08-15T23:55:04Z</time></trkpt><trkpt lat="35.6302422" lon="139.1458771"><ele>231.8133333333333</ele><time>2023-08-15T23:55:28Z</time></trkpt><trkpt lat="35.6302378" lon="139.1456554"><ele>234.81333333333336</ele><time>2023-08-15T23:55:54Z</time></trkpt><trkpt lat="35.6302037" lon="139.1454242"><ele>234.85333333333332</ele><time>2023-08-15T23:56:20Z</time></trkpt><trkpt lat="35.6301727" lon="139.1451954"><ele>232.3033333333333</ele><time>2023-08-15T23:56:35Z</time></trkpt><trkpt lat="35.6302777" lon="139.1453875"><ele>232.12</ele><time>2023-08-15T23:57:07Z</time></trkpt><trkpt lat="35.6303266" lon="139.1456076"><ele>235.8066666666667</ele><time>2023-08-15T23:57:28Z</time></trkpt><trkpt lat="35.6304335" lon="139.1457865"><ele>241.88666666666668</ele><time>2023-08-15T23:57:46Z</time></trkpt><trkpt lat="35.6304508" lon="139.146012"><ele>244.33333333333334</ele><time>2023-08-15T23:58:03Z</time></trkpt><trkpt lat="35.6305552" lon="139.1458256"><ele>247.67333333333332</ele><time>2023-08-15T23:58:31Z</time></trkpt><trkpt lat="35.6305241" lon="139.1455918"><ele>251.0666666666667</ele><time>2023-08-15T23:58:47Z</time></trkpt><trkpt lat="35.6306339" lon="139.1453956"><ele>255.40666666666667</ele><time>2023-08-15T23:59:12Z</time></trkpt><trkpt lat="35.630814" lon="139.1453755"><ele>258.23</ele><time>2023-08-15T23:59:28Z</time></trkpt><trkpt lat="35.63098" lon="139.1452376"><ele>259.96666666666664</ele><time>2023-08-15T23:59:47Z</time></trkpt><trkpt lat="35.6311601" lon="139.1452559"><ele>262.6066666666666</ele><time>2023-08-16T00:00:05Z</time></trkpt><trkpt lat="35.6313395" lon="139.1452946"><ele>265.2733333333333</ele><time>2023-08-16T00:00:22Z</time></trkpt><trkpt lat="35.6315205" lon="139.1452739"><ele>269.46333333333337</ele><time>2023-08-16T00:00:39Z</time></trkpt><trkpt lat="35.6316927" lon="139.1451928"><ele>273.59</ele><time>2023-08-16T00:01:07Z</time></trkpt><trkpt lat="35.6318627" lon="139.1450953"><ele>277.91</ele><time>2023-08-16T00:01:36Z</time></trkpt><trkpt lat="35.6317509" lon="139.1452723"><ele>280.4066666666667</ele><time>2023-08-16T00:02:11Z</time></trkpt><trkpt lat="35.6317162" lon="139.1454998"><ele>283.2366666666667</ele><time>2023-08-16T00:02:28Z</time></trkpt><trkpt lat="35.6318439" lon="139.1456618"><ele>284.8533333333333</ele><time>2023-08-16T00:03:03Z</time></trkpt><trkpt lat="35.632014" lon="139.1455865"><ele>287.71</ele><time>2023-08-16T00:03:23Z</time></trkpt><trkpt lat="35.6321385" lon="139.1454182"><ele>290.24666666666667</ele><time>2023-08-16T00:03:42Z</time></trkpt><trkpt lat="35.6322375" lon="139.1452078"><ele>292.59666666666664</ele><time>2023-08-16T00:04:02Z</time></trkpt><trkpt lat="35.6323598" lon="139.1450252"><ele>295.32666666666665</ele><time>2023-08-16T00:04:22Z</time></trkpt><trkpt lat="35.6324664" lon="139.1448434"><ele>298.3333333333333</ele><time>2023-08-16T00:05:22Z</time></trkpt><trkpt lat="35.6326543" lon="139.1448497"><ele>301.41</ele><time>2023-08-16T00:05:51Z</time></trkpt><trkpt lat="35.6328294" lon="139.1447884"><ele>304.25666666666666</ele><time>2023-08-16T00:06:11Z</time></trkpt><trkpt lat="35.6329416" lon="139.1446143"><ele>305.65000000000003</ele><time>2023-08-16T00:06:34Z</time></trkpt><trkpt lat="35.6331226" lon="139.1446817"><ele>307.7366666666667</ele><time>2023-08-16T00:06:47Z</time></trkpt><trkpt lat="35.6333006" lon="139.1447438"><ele>309.19</ele><time>2023-08-16T00:07:03Z</time></trkpt><trkpt lat="35.6334513" lon="139.1448708"><ele>312.05333333333334</ele><time>2023-08-16T00:07:27Z</time></trkpt><trkpt lat="35.6336322" lon="139.1449044"><ele>313.97</ele><time>2023-08-16T00:07:43Z</time></trkpt><trkpt lat="35.6338189" lon="139.1449069"><ele>317.14666666666665</ele><time>2023-08-16T00:08:01Z</time></trkpt><trkpt lat="35.6339845" lon="139.1449947"><ele>320.0966666666667</ele><time>2023-08-16T00:08:17Z</time></trkpt><trkpt lat="35.6341725" lon="139.1450002"><ele>324.3333333333333</ele><time>2023-08-16T00:08:36Z</time></trkpt><trkpt lat="35.6343498" lon="139.1450551"><ele>329.57666666666665</ele><time>2023-08-16T00:08:56Z</time></trkpt><trkpt lat="35.6345183" lon="139.145139"><ele>336.6566666666667</ele><time>2023-08-16T00:10:13Z</time></trkpt><trkpt lat="35.6346731" lon="139.1452691"><ele>344.6433333333334</ele><time>2023-08-16T00:11:15Z</time></trkpt><trkpt lat="35.6348556" lon="139.1453118"><ele>352.4166666666667</ele><time>2023-08-16T00:12:06Z</time></trkpt><trkpt lat="35.6350527" lon="139.1452713"><ele>358.8966666666667</ele><time>2023-08-16T00:12:34Z</time></trkpt><trkpt lat="35.6352221" lon="139.1453616"><ele>364.2966666666667</ele><time>2023-08-16T00:13:24Z</time></trkpt><trkpt lat="35.6354077" lon="139.1452824"><ele>368.9566666666667</ele><time>2023-08-16T00:13:46Z</time></trkpt><trkpt lat="35.6355882" lon="139.1452904"><ele>373.40333333333336</ele><time>2023-08-16T00:14:29Z</time></trkpt><trkpt lat="35.6357675" lon="139.1453166"><ele>378.94</ele><time>2023-08-16T00:15:33Z</time></trkpt><trkpt lat="35.6359354" lon="139.1452354"><ele>383.83666666666676</ele><time>2023-08-16T00:16:01Z</time></trkpt><trkpt lat="35.6360745" lon="139.1450903"><ele>388.0466666666667</ele><time>2023-08-16T00:16:28Z</time></trkpt><trkpt lat="35.6362303" lon="139.1449658"><ele>390.08</ele><time>2023-08-16T00:16:54Z</time></trkpt><trkpt lat="35.6363909" lon="139.1448627"><ele>391.8766666666667</ele><time>2023-08-16T00:17:18Z</time></trkpt><trkpt lat="35.6365612" lon="139.1447524"><ele>393.51666666666665</ele><time>2023-08-16T00:17:41Z</time></trkpt><trkpt lat="35.6367456" lon="139.1447452"><ele>393.99333333333334</ele><time>2023-08-16T00:17:56Z</time></trkpt><trkpt lat="35.6369255" lon="139.1447619"><ele>393.89000000000004</ele><time>2023-08-16T00:18:16Z</time></trkpt><trkpt lat="35.6371055" lon="139.1447761"><ele>393.16</ele><time>2023-08-16T00:18:35Z</time></trkpt><trkpt lat="35.6372885" lon="139.1447868"><ele>393.09666666666664</ele><time>2023-08-16T00:18:50Z</time></trkpt><trkpt lat="35.637483" lon="139.144749"><ele>393.2033333333334</ele><time>2023-08-16T00:19:07Z</time></trkpt><trkpt lat="35.6376702" lon="139.1447762"><ele>392.83</ele><time>2023-08-16T00:19:21Z</time></trkpt><trkpt lat="35.637832" lon="139.144877"><ele>391.7866666666667</ele><time>2023-08-16T00:19:34Z</time></trkpt><trkpt lat="35.6380159" lon="139.1448777"><ele>391.9066666666667</ele><time>2023-08-16T00:19:50Z</time></trkpt><trkpt lat="35.6381996" lon="139.1448712"><ele>395.3233333333333</ele><time>2023-08-16T00:20:17Z</time></trkpt><trkpt lat="35.6383765" lon="139.1449137"><ele>402.00333333333333</ele><time>2023-08-16T00:21:42Z</time></trkpt><trkpt lat="35.6385575" lon="139.1449279"><ele>412.2366666666667</ele><time>2023-08-16T00:22:34Z</time></trkpt><trkpt lat="35.6386687" lon="139.1451034"><ele>420.9333333333334</ele><time>2023-08-16T00:23:32Z</time></trkpt><trkpt lat="35.6388396" lon="139.1450303"><ele>430.6933333333333</ele><time>2023-08-16T00:24:09Z</time></trkpt><trkpt lat="35.6390188" lon="139.1450665"><ele>437.9666666666667</ele><time>2023-08-16T00:25:18Z</time></trkpt><trkpt lat="35.6391761" lon="139.1449579"><ele>447.0366666666667</ele><time>2023-08-16T00:25:46Z</time></trkpt><trkpt lat="35.63934" lon="139.1450546"><ele>453.77</ele><time>2023-08-16T00:27:05Z</time></trkpt><trkpt lat="35.6395202" lon="139.1450691"><ele>458.48</ele><time>2023-08-16T00:27:33Z</time></trkpt><trkpt lat="35.6396828" lon="139.1451767"><ele>460.48333333333335</ele><time>2023-08-16T00:27:50Z</time></trkpt><trkpt lat="35.6398638" lon="139.1452216"><ele>461.46000000000004</ele><time>2023-08-16T00:28:07Z</time></trkpt><trkpt lat="35.6400509" lon="139.145308"><ele>461.81666666666666</ele><time>2023-08-16T00:28:24Z</time></trkpt><trkpt lat="35.640226" lon="139.145234"><ele>462.34666666666664</ele><time>2023-08-16T00:28:40Z</time></trkpt><trkpt lat="35.640388" lon="139.1451201"><ele>462.92333333333335</ele><time>2023-08-16T00:28:54Z</time></trkpt><trkpt lat="35.6405717" lon="139.1451839"><ele>464.1000000000001</ele><time>2023-08-16T00:29:16Z</time></trkpt><trkpt lat="35.6407512" lon="139.1451566"><ele>464.8033333333333</ele><time>2023-08-16T00:29:31Z</time></trkpt><trkpt lat="35.6409391" lon="139.1451664"><ele>465.47</ele><time>2023-08-16T00:29:48Z</time></trkpt><trkpt lat="35.6411187" lon="139.1451239"><ele>465.95666666666665</ele><time>2023-08-16T00:30:08Z</time></trkpt><trkpt lat="35.641292" lon="139.145187"><ele>466.64000000000004</ele><time>2023-08-16T00:30:23Z</time></trkpt><trkpt lat="35.6414727" lon="139.1452354"><ele>469.06666666666666</ele><time>2023-08-16T00:30:38Z</time></trkpt><trkpt lat="35.6415972" lon="139.1453987"><ele>470.06666666666666</ele><time>2023-08-16T00:31:07Z</time></trkpt><trkpt lat="35.641745" lon="139.1452581"><ele>476.6233333333333</ele><time>2023-08-16T00:31:45Z</time></trkpt><trkpt lat="35.6419261" lon="139.1452932"><ele>482.9666666666667</ele><time>2023-08-16T00:32:40Z</time></trkpt><trkpt lat="35.6420325" lon="139.1454761"><ele>491.80333333333334</ele><time>2023-08-16T00:33:16Z</time></trkpt><trkpt lat="35.6421837" lon="139.1456026"><ele>496.4166666666667</ele><time>2023-08-16T00:33:44Z</time></trkpt><trkpt lat="35.64233" lon="139.1457323"><ele>499.4066666666667</ele><time>2023-08-16T00:34:10Z</time></trkpt><trkpt lat="35.6424947" lon="139.1458368"><ele>501.35999999999996</ele><time>2023-08-16T00:34:34Z</time></trkpt><trkpt lat="35.6426298" lon="139.1460037"><ele>501.87000000000006</ele><time>2023-08-16T00:34:52Z</time></trkpt><trkpt lat="35.6426971" lon="139.1462374"><ele>502.26000000000005</ele><time>2023-08-16T00:35:08Z</time></trkpt><trkpt lat="35.6428114" lon="139.1464377"><ele>502.32666666666665</ele><time>2023-08-16T00:35:22Z</time></trkpt><trkpt lat="35.6429862" lon="139.1465464"><ele>502.42333333333335</ele><time>2023-08-16T00:35:36Z</time></trkpt><trkpt lat="35.6431156" lon="139.1467155"><ele>502.09666666666664</ele><time>2023-08-16T00:35:50Z</time></trkpt><trkpt lat="35.6431466" lon="139.1469444"><ele>501.4866666666667</ele><time>2023-08-16T00:36:05Z</time></trkpt><trkpt lat="35.6432512" lon="139.1471469"><ele>500.83666666666664</ele><time>2023-08-16T00:36:18Z</time></trkpt><trkpt lat="35.6433094" lon="139.1473632"><ele>502.8733333333333</ele><time>2023-08-16T00:36:35Z</time></trkpt><trkpt lat="35.643429" lon="139.1475454"><ele>506.44</ele><time>2023-08-16T00:36:58Z</time></trkpt><trkpt lat="35.6436104" lon="139.1476054"><ele>510.6366666666666</ele><time>2023-08-16T00:37:18Z</time></trkpt><trkpt lat="35.6437522" lon="139.1477421"><ele>513.2133333333333</ele><time>2023-08-16T00:37:40Z</time></trkpt><trkpt lat="35.6438799" lon="139.1479075"><ele>515.5300000000001</ele><time>2023-08-16T00:37:57Z</time></trkpt><trkpt lat="35.6440587" lon="139.1479444"><ele>518.49</ele><time>2023-08-16T00:38:26Z</time></trkpt><trkpt lat="35.644231" lon="139.1480459"><ele>520.67</ele><time>2023-08-16T00:38:43Z</time></trkpt><trkpt lat="35.6444093" lon="139.1481142"><ele>523.0233333333333</ele><time>2023-08-16T00:38:58Z</time></trkpt><trkpt lat="35.644577" lon="139.1482068"><ele>523.7033333333334</ele><time>2023-08-16T00:39:24Z</time></trkpt><trkpt lat="35.6447606" lon="139.1482336"><ele>526.8966666666666</ele><time>2023-08-16T00:39:48Z</time></trkpt><trkpt lat="35.6449512" lon="139.148284"><ele>530.97</ele><time>2023-08-16T00:40:14Z</time></trkpt><trkpt lat="35.6451347" lon="139.1483009"><ele>538.5</ele><time>2023-08-16T00:40:33Z</time></trkpt><trkpt lat="35.6451914" lon="139.1485107"><ele>545.4633333333334</ele><time>2023-08-16T00:41:13Z</time></trkpt><trkpt lat="35.6453113" lon="139.1486796"><ele>551.4666666666667</ele><time>2023-08-16T00:41:48Z</time></trkpt><trkpt lat="35.6454479" lon="139.1488281"><ele>554.37</ele><time>2023-08-16T00:42:07Z</time></trkpt><trkpt lat="35.645587" lon="139.148983"><ele>555.91</ele><time>2023-08-16T00:42:29Z</time></trkpt><trkpt lat="35.6457415" lon="139.1491038"><ele>558.1233333333333</ele><time>2023-08-16T00:42:52Z</time></trkpt><trkpt lat="35.6459183" lon="139.1491507"><ele>561.2433333333333</ele><time>2023-08-16T00:43:09Z</time></trkpt><trkpt lat="35.6461006" lon="139.1491827"><ele>567.9633333333333</ele><time>2023-08-16T00:43:26Z</time></trkpt><trkpt lat="35.6461724" lon="139.1493908"><ele>570.41</ele><time>2023-08-16T00:43:42Z</time></trkpt><trkpt lat="35.6463436" lon="139.1494855"><ele>572.5766666666667</ele><time>2023-08-16T00:44:10Z</time></trkpt><trkpt lat="35.6464783" lon="139.1496451"><ele>573.6966666666667</ele><time>2023-08-16T00:44:53Z</time></trkpt><trkpt lat="35.6465684" lon="139.1498386"><ele>579.4233333333333</ele><time>2023-08-16T00:45:14Z</time></trkpt><trkpt lat="35.6466248" lon="139.1500525"><ele>584.65</ele><time>2023-08-16T00:45:43Z</time></trkpt><trkpt lat="35.6467534" lon="139.1502255"><ele>589.8533333333334</ele><time>2023-08-16T00:46:34Z</time></trkpt><trkpt lat="35.6468164" lon="139.1504343"><ele>594.4833333333335</ele><time>2023-08-16T00:46:53Z</time></trkpt><trkpt lat="35.6467759" lon="139.1506556"><ele>599.2466666666667</ele><time>2023-08-16T00:47:15Z</time></trkpt><trkpt lat="35.6466739" lon="139.1508595"><ele>601.2133333333333</ele><time>2023-08-16T00:47:31Z</time></trkpt><trkpt lat="35.6467152" lon="139.1510944"><ele>601.7700000000001</ele><time>2023-08-16T00:47:44Z</time></trkpt><trkpt lat="35.6467932" lon="139.1513"><ele>600.8866666666668</ele><time>2023-08-16T00:48:00Z</time></trkpt><trkpt lat="35.6467144" lon="139.1515039"><ele>600.19</ele><time>2023-08-16T00:48:11Z</time></trkpt><trkpt lat="35.6466455" lon="139.1517085"><ele>599.8666666666667</ele><time>2023-08-16T00:48:29Z</time></trkpt><trkpt lat="35.6466202" lon="139.1519389"><ele>601.5166666666668</ele><time>2023-08-16T00:48:46Z</time></trkpt><trkpt lat="35.6465294" lon="139.1521337"><ele>602.4266666666666</ele><time>2023-08-16T00:49:01Z</time></trkpt><trkpt lat="35.6464537" lon="139.1523449"><ele>601.9766666666666</ele><time>2023-08-16T00:49:17Z</time></trkpt><trkpt lat="35.6464072" lon="139.1525583"><ele>600.4633333333333</ele><time>2023-08-16T00:49:31Z</time></trkpt><trkpt lat="35.6463762" lon="139.1527834"><ele>601.5466666666667</ele><time>2023-08-16T00:49:43Z</time></trkpt><trkpt lat="35.6463608" lon="139.1530071"><ele>605.5866666666667</ele><time>2023-08-16T00:50:02Z</time></trkpt><trkpt lat="35.6464348" lon="139.153228"><ele>611.4966666666667</ele><time>2023-08-16T00:50:21Z</time></trkpt><trkpt lat="35.6464364" lon="139.1534549"><ele>614.19</ele><time>2023-08-16T00:50:40Z</time></trkpt><trkpt lat="35.6464276" lon="139.1536837"><ele>614.4833333333335</ele><time>2023-08-16T00:50:56Z</time></trkpt><trkpt lat="35.646467" lon="139.1539149"><ele>613.2233333333334</ele><time>2023-08-16T00:51:10Z</time></trkpt><trkpt lat="35.6464444" lon="139.1541498"><ele>612.96</ele><time>2023-08-16T00:51:23Z</time></trkpt><trkpt lat="35.6464433" lon="139.1543858"><ele>613.0733333333334</ele><time>2023-08-16T00:51:41Z</time></trkpt><trkpt lat="35.6464228" lon="139.1546183"><ele>613.2133333333333</ele><time>2023-08-16T00:51:56Z</time></trkpt><trkpt lat="35.6464065" lon="139.1548384"><ele>615.0600000000001</ele><time>2023-08-16T00:52:14Z</time></trkpt><trkpt lat="35.6463132" lon="139.1550369"><ele>618.1700000000001</ele><time>2023-08-16T00:52:37Z</time></trkpt><trkpt lat="35.6463448" lon="139.1552651"><ele>622.35</ele><time>2023-08-16T00:53:15Z</time></trkpt><trkpt lat="35.6464585" lon="139.1554369"><ele>623.82</ele><time>2023-08-16T00:53:38Z</time></trkpt><trkpt lat="35.6464315" lon="139.1556555"><ele>625.9499999999999</ele><time>2023-08-16T00:53:59Z</time></trkpt><trkpt lat="35.6464338" lon="139.1558835"><ele>628.75</ele><time>2023-08-16T00:54:22Z</time></trkpt><trkpt lat="35.6463715" lon="139.1560911"><ele>633.7233333333334</ele><time>2023-08-16T00:54:44Z</time></trkpt><trkpt lat="35.6463573" lon="139.1563128"><ele>637.46</ele><time>2023-08-16T00:55:04Z</time></trkpt><trkpt lat="35.6463997" lon="139.1565386"><ele>640.4366666666667</ele><time>2023-08-16T00:55:27Z</time></trkpt><trkpt lat="35.6464603" lon="139.1567581"><ele>642.7066666666666</ele><time>2023-08-16T00:55:42Z</time></trkpt><trkpt lat="35.6466053" lon="139.1569036"><ele>644.62</ele><time>2023-08-16T00:55:57Z</time></trkpt><trkpt lat="35.6467756" lon="139.1570059"><ele>645.2333333333332</ele><time>2023-08-16T00:56:20Z</time></trkpt><trkpt lat="35.6468663" lon="139.1571984"><ele>647.0999999999999</ele><time>2023-08-16T00:56:50Z</time></trkpt><trkpt lat="35.6469913" lon="139.1573801"><ele>649.9333333333333</ele><time>2023-08-16T00:57:13Z</time></trkpt><trkpt lat="35.6471532" lon="139.1575297"><ele>654.81</ele><time>2023-08-16T00:57:26Z</time></trkpt><trkpt lat="35.6473235" lon="139.1576191"><ele>658.23</ele><time>2023-08-16T00:57:43Z</time></trkpt><trkpt lat="35.6474799" lon="139.1577722"><ele>661.3066666666667</ele><time>2023-08-16T00:58:01Z</time></trkpt><trkpt lat="35.6475138" lon="139.1579943"><ele>662.35</ele><time>2023-08-16T00:58:19Z</time></trkpt><trkpt lat="35.6476566" lon="139.1581316"><ele>664.1633333333334</ele><time>2023-08-16T00:58:40Z</time></trkpt><trkpt lat="35.6478204" lon="139.1582297"><ele>667.1366666666668</ele><time>2023-08-16T00:59:01Z</time></trkpt><trkpt lat="35.6479009" lon="139.1584384"><ele>672.11</ele><time>2023-08-16T00:59:39Z</time></trkpt><trkpt lat="35.6479905" lon="139.1586411"><ele>677.0466666666667</ele><time>2023-08-16T01:00:10Z</time></trkpt><trkpt lat="35.6480891" lon="139.1588458"><ele>680.81</ele><time>2023-08-16T01:00:48Z</time></trkpt><trkpt lat="35.6481219" lon="139.1590665"><ele>684.1733333333333</ele><time>2023-08-16T01:01:28Z</time></trkpt><trkpt lat="35.6481952" lon="139.1592873"><ele>688.16</ele><time>2023-08-16T01:01:50Z</time></trkpt><trkpt lat="35.6483019" lon="139.1594687"><ele>693.2666666666668</ele><time>2023-08-16T01:02:16Z</time></trkpt><trkpt lat="35.6483068" lon="139.1596988"><ele>697.69</ele><time>2023-08-16T01:02:35Z</time></trkpt><trkpt lat="35.6483846" lon="139.1599021"><ele>701.0666666666666</ele><time>2023-08-16T01:02:52Z</time></trkpt><trkpt lat="35.6484457" lon="139.160123"><ele>703.1033333333335</ele><time>2023-08-16T01:03:17Z</time></trkpt><trkpt lat="35.6486065" lon="139.1602251"><ele>705.4666666666667</ele><time>2023-08-16T01:03:35Z</time></trkpt><trkpt lat="35.6486673" lon="139.160443"><ele>707.5566666666667</ele><time>2023-08-16T01:03:53Z</time></trkpt><trkpt lat="35.6486878" lon="139.1606639"><ele>710.5</ele><time>2023-08-16T01:04:29Z</time></trkpt><trkpt lat="35.6487066" lon="139.16089"><ele>713.6733333333333</ele><time>2023-08-16T01:04:53Z</time></trkpt><trkpt lat="35.648748" lon="139.1611105"><ele>717.5533333333334</ele><time>2023-08-16T01:05:16Z</time></trkpt><trkpt lat="35.6488706" lon="139.1612983"><ele>720.0400000000001</ele><time>2023-08-16T01:05:34Z</time></trkpt><trkpt lat="35.6489853" lon="139.1614715"><ele>721.9166666666666</ele><time>2023-08-16T01:05:49Z</time></trkpt><trkpt lat="35.6491392" lon="139.1616054"><ele>722.9000000000001</ele><time>2023-08-16T01:06:01Z</time></trkpt><trkpt lat="35.6491872" lon="139.1618183"><ele>724.3166666666667</ele><time>2023-08-16T01:06:21Z</time></trkpt><trkpt lat="35.649266" lon="139.1620298"><ele>725.5433333333334</ele><time>2023-08-16T01:06:37Z</time></trkpt><trkpt lat="35.6493787" lon="139.1622101"><ele>727.3466666666667</ele><time>2023-08-16T01:06:53Z</time></trkpt><trkpt lat="35.6494704" lon="139.1624041"><ele>729.0166666666668</ele><time>2023-08-16T01:07:11Z</time></trkpt><trkpt lat="35.6496587" lon="139.1624742"><ele>731.3266666666668</ele><time>2023-08-16T01:07:40Z</time></trkpt><trkpt lat="35.6498268" lon="139.1625818"><ele>733.7600000000001</ele><time>2023-08-16T01:07:56Z</time></trkpt><trkpt lat="35.649966" lon="139.1627315"><ele>736.7466666666666</ele><time>2023-08-16T01:08:18Z</time></trkpt><trkpt lat="35.6501045" lon="139.1628887"><ele>739.3133333333334</ele><time>2023-08-16T01:08:47Z</time></trkpt><trkpt lat="35.6502497" lon="139.1630221"><ele>741.4833333333332</ele><time>2023-08-16T01:09:11Z</time></trkpt><trkpt lat="35.6504018" lon="139.163142"><ele>743.2633333333333</ele><time>2023-08-16T01:09:33Z</time></trkpt><trkpt lat="35.6505647" lon="139.1632754"><ele>745.02</ele><time>2023-08-16T01:09:51Z</time></trkpt><trkpt lat="35.6507265" lon="139.1633857"><ele>747.0166666666668</ele><time>2023-08-16T01:10:08Z</time></trkpt><trkpt lat="35.6508836" lon="139.1634955"><ele>750.1866666666666</ele><time>2023-08-16T01:10:27Z</time></trkpt><trkpt lat="35.6510651" lon="139.1635447"><ele>753.5099999999999</ele><time>2023-08-16T01:10:53Z</time></trkpt><trkpt lat="35.6512418" lon="139.1636064"><ele>759.5433333333334</ele><time>2023-08-16T01:11:40Z</time></trkpt><trkpt lat="35.6514191" lon="139.1636602"><ele>767.4866666666667</ele><time>2023-08-16T01:12:47Z</time></trkpt><trkpt lat="35.6515005" lon="139.1638686"><ele>777.7766666666666</ele><time>2023-08-16T01:14:10Z</time></trkpt><trkpt lat="35.6515185" lon="139.1640906"><ele>786.5266666666666</ele><time>2023-08-16T01:14:31Z</time></trkpt><trkpt lat="35.6515706" lon="139.1643261"><ele>791.91</ele><time>2023-08-16T01:14:54Z</time></trkpt><trkpt lat="35.6517207" lon="139.1644536"><ele>797.1533333333333</ele><time>2023-08-16T01:15:35Z</time></trkpt><trkpt lat="35.6517944" lon="139.1646571"><ele>801.3866666666668</ele><time>2023-08-16T01:16:17Z</time></trkpt><trkpt lat="35.6518696" lon="139.16487"><ele>808.0266666666666</ele><time>2023-08-16T01:17:04Z</time></trkpt><trkpt lat="35.6519385" lon="139.1650743"><ele>813.8566666666667</ele><time>2023-08-16T01:17:37Z</time></trkpt><trkpt lat="35.6519161" lon="139.1652936"><ele>821.2566666666667</ele><time>2023-08-16T01:18:00Z</time></trkpt><trkpt lat="35.6518824" lon="139.1655196"><ele>827.4866666666667</ele><time>2023-08-16T01:19:28Z</time></trkpt><trkpt lat="35.6518699" lon="139.165746"><ele>833.8433333333332</ele><time>2023-08-16T01:20:10Z</time></trkpt><trkpt lat="35.6519576" lon="139.1659456"><ele>838.84</ele><time>2023-08-16T01:20:27Z</time></trkpt><trkpt lat="35.6520954" lon="139.1660897"><ele>842.5099999999999</ele><time>2023-08-16T01:20:46Z</time></trkpt><trkpt lat="35.6521644" lon="139.1663161"><ele>846.13</ele><time>2023-08-16T01:21:30Z</time></trkpt><trkpt lat="35.6521623" lon="139.166539"><ele>849.5566666666667</ele><time>2023-08-16T01:22:13Z</time></trkpt><trkpt lat="35.6519788" lon="139.1665007"><ele>852.1066666666666</ele><time>2023-08-16T01:26:01Z</time></trkpt><trkpt lat="35.6517826" lon="139.1665035"><ele>851.5333333333333</ele><time>2023-08-16T01:26:18Z</time></trkpt><trkpt lat="35.6516147" lon="139.1665858"><ele>848.7800000000001</ele><time>2023-08-16T01:26:29Z</time></trkpt><trkpt lat="35.6514354" lon="139.1665423"><ele>845.2933333333334</ele><time>2023-08-16T01:26:40Z</time></trkpt><trkpt lat="35.6512659" lon="139.166633"><ele>842.14</ele><time>2023-08-16T01:27:01Z</time></trkpt><trkpt lat="35.6511067" lon="139.1667505"><ele>838.9200000000001</ele><time>2023-08-16T01:27:22Z</time></trkpt><trkpt lat="35.6510142" lon="139.1669426"><ele>835.5233333333332</ele><time>2023-08-16T01:27:39Z</time></trkpt><trkpt lat="35.6509369" lon="139.1671452"><ele>831.9233333333333</ele><time>2023-08-16T01:27:51Z</time></trkpt><trkpt lat="35.6509029" lon="139.1673628"><ele>828.3133333333334</ele><time>2023-08-16T01:28:12Z</time></trkpt><trkpt lat="35.6510209" lon="139.1675456"><ele>824.7533333333332</ele><time>2023-08-16T01:28:26Z</time></trkpt><trkpt lat="35.6511209" lon="139.1677483"><ele>821.4966666666666</ele><time>2023-08-16T01:28:36Z</time></trkpt><trkpt lat="35.6511899" lon="139.1679549"><ele>819.1966666666667</ele><time>2023-08-16T01:28:59Z</time></trkpt><trkpt lat="35.6512052" lon="139.1681938"><ele>817.9233333333333</ele><time>2023-08-16T01:29:25Z</time></trkpt><trkpt lat="35.6512384" lon="139.1684198"><ele>815.6133333333333</ele><time>2023-08-16T01:29:38Z</time></trkpt><trkpt lat="35.6512269" lon="139.1686453"><ele>813.3433333333334</ele><time>2023-08-16T01:29:49Z</time></trkpt><trkpt lat="35.6512316" lon="139.1688678"><ele>810.4699999999999</ele><time>2023-08-16T01:30:12Z</time></trkpt><trkpt lat="35.6513566" lon="139.1690497"><ele>808.2199999999999</ele><time>2023-08-16T01:30:24Z</time></trkpt><trkpt lat="35.6514165" lon="139.1692665"><ele>805.9633333333333</ele><time>2023-08-16T01:30:34Z</time></trkpt><trkpt lat="35.6515053" lon="139.169474"><ele>804.3933333333333</ele><time>2023-08-16T01:30:45Z</time></trkpt><trkpt lat="35.6515107" lon="139.1697042"><ele>803.3233333333334</ele><time>2023-08-16T01:30:58Z</time></trkpt><trkpt lat="35.6513631" lon="139.1698463"><ele>802.54</ele><time>2023-08-16T01:31:13Z</time></trkpt><trkpt lat="35.6511791" lon="139.1699223"><ele>801.69</ele><time>2023-08-16T01:31:26Z</time></trkpt><trkpt lat="35.6510127" lon="139.1700258"><ele>799.9933333333333</ele><time>2023-08-16T01:31:41Z</time></trkpt><trkpt lat="35.6509417" lon="139.1702551"><ele>798.0266666666666</ele><time>2023-08-16T01:31:56Z</time></trkpt><trkpt lat="35.6508706" lon="139.1704646"><ele>795.7800000000001</ele><time>2023-08-16T01:32:09Z</time></trkpt><trkpt lat="35.6507596" lon="139.1706554"><ele>794.1266666666667</ele><time>2023-08-16T01:32:29Z</time></trkpt><trkpt lat="35.6506277" lon="139.1708493"><ele>792.9666666666667</ele><time>2023-08-16T01:32:42Z</time></trkpt><trkpt lat="35.6505348" lon="139.1710398"><ele>791.8566666666667</ele><time>2023-08-16T01:32:53Z</time></trkpt><trkpt lat="35.6504949" lon="139.1712579"><ele>791.7133333333333</ele><time>2023-08-16T01:33:06Z</time></trkpt><trkpt lat="35.6504106" lon="139.1714593"><ele>791.1533333333333</ele><time>2023-08-16T01:33:16Z</time></trkpt><trkpt lat="35.6504046" lon="139.1716839"><ele>790.7266666666668</ele><time>2023-08-16T01:33:31Z</time></trkpt><trkpt lat="35.6503486" lon="139.1718956"><ele>789.2833333333333</ele><time>2023-08-16T01:33:45Z</time></trkpt><trkpt lat="35.650344" lon="139.172125"><ele>787.25</ele><time>2023-08-16T01:33:58Z</time></trkpt><trkpt lat="35.650339" lon="139.1723487"><ele>784.8600000000001</ele><time>2023-08-16T01:34:14Z</time></trkpt><trkpt lat="35.6503779" lon="139.1725737"><ele>782.62</ele><time>2023-08-16T01:34:27Z</time></trkpt><trkpt lat="35.6504316" lon="139.1728231"><ele>780.3666666666667</ele><time>2023-08-16T01:34:42Z</time></trkpt><trkpt lat="35.6504498" lon="139.1730555"><ele>778.63</ele><time>2023-08-16T01:35:01Z</time></trkpt><trkpt lat="35.6503949" lon="139.1732672"><ele>777.2233333333334</ele><time>2023-08-16T01:35:14Z</time></trkpt><trkpt lat="35.6503147" lon="139.1734681"><ele>773.4633333333335</ele><time>2023-08-16T01:35:29Z</time></trkpt><trkpt lat="35.650237" lon="139.1736681"><ele>768.9166666666666</ele><time>2023-08-16T01:35:47Z</time></trkpt><trkpt lat="35.650156" lon="139.1738694"><ele>765.3566666666667</ele><time>2023-08-16T01:36:06Z</time></trkpt><trkpt lat="35.6500027" lon="139.1740013"><ele>762.7133333333333</ele><time>2023-08-16T01:36:16Z</time></trkpt><trkpt lat="35.6499363" lon="139.1742079"><ele>761.9200000000001</ele><time>2023-08-16T01:36:28Z</time></trkpt><trkpt lat="35.6499372" lon="139.1744377"><ele>760.2833333333333</ele><time>2023-08-16T01:36:41Z</time></trkpt><trkpt lat="35.6499466" lon="139.1746686"><ele>759.8366666666667</ele><time>2023-08-16T01:36:55Z</time></trkpt><trkpt lat="35.6498389" lon="139.1748607"><ele>756.8000000000001</ele><time>2023-08-16T01:37:11Z</time></trkpt><trkpt lat="35.6498674" lon="139.175085"><ele>753.18</ele><time>2023-08-16T01:37:25Z</time></trkpt><trkpt lat="35.649771" lon="139.1752774"><ele>750.9033333333333</ele><time>2023-08-16T01:37:38Z</time></trkpt><trkpt lat="35.649556" lon="139.1752582"><ele>750.4466666666667</ele><time>2023-08-16T01:37:46Z</time></trkpt><trkpt lat="35.6494198" lon="139.1754295"><ele>751.7966666666666</ele><time>2023-08-16T01:38:05Z</time></trkpt><trkpt lat="35.6492797" lon="139.1755857"><ele>752.3100000000001</ele><time>2023-08-16T01:38:17Z</time></trkpt><trkpt lat="35.6491079" lon="139.1756685"><ele>751.5466666666667</ele><time>2023-08-16T01:38:30Z</time></trkpt><trkpt lat="35.6489366" lon="139.17576"><ele>750.2633333333333</ele><time>2023-08-16T01:38:42Z</time></trkpt><trkpt lat="35.6487621" lon="139.1758405"><ele>750.35</ele><time>2023-08-16T01:38:55Z</time></trkpt><trkpt lat="35.6485903" lon="139.1759187"><ele>751.7233333333334</ele><time>2023-08-16T01:39:10Z</time></trkpt><trkpt lat="35.6484168" lon="139.1760207"><ele>752.07</ele><time>2023-08-16T01:39:26Z</time></trkpt><trkpt lat="35.6482285" lon="139.1760526"><ele>752.41</ele><time>2023-08-16T01:39:39Z</time></trkpt><trkpt lat="35.6480799" lon="139.1762029"><ele>752.7633333333333</ele><time>2023-08-16T01:39:53Z</time></trkpt><trkpt lat="35.6479301" lon="139.1763417"><ele>753.39</ele><time>2023-08-16T01:40:05Z</time></trkpt><trkpt lat="35.6477923" lon="139.1764884"><ele>753.2966666666667</ele><time>2023-08-16T01:40:20Z</time></trkpt><trkpt lat="35.6476842" lon="139.1766678"><ele>753.57</ele><time>2023-08-16T01:40:36Z</time></trkpt><trkpt lat="35.6475222" lon="139.1768017"><ele>755.6466666666666</ele><time>2023-08-16T01:40:53Z</time></trkpt><trkpt lat="35.6473897" lon="139.1769682"><ele>758.2566666666667</ele><time>2023-08-16T01:41:12Z</time></trkpt><trkpt lat="35.6472367" lon="139.1770947"><ele>760.5999999999999</ele><time>2023-08-16T01:41:27Z</time></trkpt><trkpt lat="35.647057" lon="139.1771158"><ele>760.9933333333333</ele><time>2023-08-16T01:41:40Z</time></trkpt><trkpt lat="35.6468829" lon="139.1771904"><ele>759.9133333333333</ele><time>2023-08-16T01:42:05Z</time></trkpt><trkpt lat="35.6467514" lon="139.1773505"><ele>757.3033333333333</ele><time>2023-08-16T01:42:19Z</time></trkpt><trkpt lat="35.6466738" lon="139.1775512"><ele>753.5633333333334</ele><time>2023-08-16T01:42:32Z</time></trkpt><trkpt lat="35.6466164" lon="139.1777618"><ele>747.89</ele><time>2023-08-16T01:43:00Z</time></trkpt><trkpt lat="35.64644" lon="139.1778269"><ele>742.4766666666668</ele><time>2023-08-16T01:43:17Z</time></trkpt><trkpt lat="35.6463095" lon="139.1779847"><ele>737.8233333333334</ele><time>2023-08-16T01:43:34Z</time></trkpt><trkpt lat="35.6462062" lon="139.1781657"><ele>735.8666666666667</ele><time>2023-08-16T01:43:46Z</time></trkpt><trkpt lat="35.6460753" lon="139.1783341"><ele>734.84</ele><time>2023-08-16T01:44:00Z</time></trkpt><trkpt lat="35.6459122" lon="139.1784762"><ele>733.98</ele><time>2023-08-16T01:44:16Z</time></trkpt><trkpt lat="35.6457968" lon="139.1786531"><ele>733.35</ele><time>2023-08-16T01:44:30Z</time></trkpt><trkpt lat="35.6456567" lon="139.1788242"><ele>732.4733333333334</ele><time>2023-08-16T01:44:44Z</time></trkpt><trkpt lat="35.6455914" lon="139.179038"><ele>731.3033333333333</ele><time>2023-08-16T01:45:00Z</time></trkpt><trkpt lat="35.6455767" lon="139.1792696"><ele>728.4699999999999</ele><time>2023-08-16T01:45:24Z</time></trkpt><trkpt lat="35.6455469" lon="139.179491"><ele>725.7033333333334</ele><time>2023-08-16T01:45:36Z</time></trkpt><trkpt lat="35.6455335" lon="139.1797118"><ele>723.6899999999999</ele><time>2023-08-16T01:45:49Z</time></trkpt><trkpt lat="35.645588" lon="139.1799287"><ele>723.06</ele><time>2023-08-16T01:46:02Z</time></trkpt><trkpt lat="35.6456191" lon="139.1801515"><ele>723.11</ele><time>2023-08-16T01:46:14Z</time></trkpt><trkpt lat="35.6455919" lon="139.1803965"><ele>723.2733333333332</ele><time>2023-08-16T01:46:30Z</time></trkpt><trkpt lat="35.6456478" lon="139.1806213"><ele>723.7800000000001</ele><time>2023-08-16T01:46:43Z</time></trkpt><trkpt lat="35.6456955" lon="139.1808361"><ele>725.2233333333334</ele><time>2023-08-16T01:46:55Z</time></trkpt><trkpt lat="35.645733" lon="139.181057"><ele>726.61</ele><time>2023-08-16T01:47:25Z</time></trkpt><trkpt lat="35.6457241" lon="139.181283"><ele>728.6233333333333</ele><time>2023-08-16T01:47:39Z</time></trkpt><trkpt lat="35.6456764" lon="139.1815204"><ele>731.41</ele><time>2023-08-16T01:47:56Z</time></trkpt><trkpt lat="35.645639" lon="139.1817423"><ele>735.3733333333333</ele><time>2023-08-16T01:48:23Z</time></trkpt><trkpt lat="35.645544" lon="139.1819458"><ele>739.2866666666667</ele><time>2023-08-16T01:48:50Z</time></trkpt><trkpt lat="35.6454697" lon="139.1821477"><ele>741.5366666666667</ele><time>2023-08-16T01:49:07Z</time></trkpt><trkpt lat="35.6454535" lon="139.1823779"><ele>742.0433333333334</ele><time>2023-08-16T01:49:22Z</time></trkpt><trkpt lat="35.6454318" lon="139.182603"><ele>741.7166666666667</ele><time>2023-08-16T01:49:34Z</time></trkpt><trkpt lat="35.6453829" lon="139.1828212"><ele>739.8666666666667</ele><time>2023-08-16T01:49:49Z</time></trkpt><trkpt lat="35.645362" lon="139.183044"><ele>738.0366666666667</ele><time>2023-08-16T01:50:03Z</time></trkpt><trkpt lat="35.6453009" lon="139.1832527"><ele>735.91</ele><time>2023-08-16T01:50:20Z</time></trkpt><trkpt lat="35.6452197" lon="139.1834603"><ele>734.6566666666668</ele><time>2023-08-16T01:50:34Z</time></trkpt><trkpt lat="35.645111" lon="139.1836472"><ele>734.1700000000001</ele><time>2023-08-16T01:50:49Z</time></trkpt><trkpt lat="35.644987" lon="139.1838186"><ele>733.43</ele><time>2023-08-16T01:51:08Z</time></trkpt><trkpt lat="35.6449592" lon="139.1840378"><ele>733.1833333333334</ele><time>2023-08-16T01:51:33Z</time></trkpt><trkpt lat="35.6449512" lon="139.1842612"><ele>732.4699999999999</ele><time>2023-08-16T01:52:50Z</time></trkpt><trkpt lat="35.6450609" lon="139.1844514"><ele>732.3033333333334</ele><time>2023-08-16T01:56:35Z</time></trkpt><trkpt lat="35.6451503" lon="139.1846509"><ele>731.6866666666666</ele><time>2023-08-16T01:56:48Z</time></trkpt><trkpt lat="35.6453276" lon="139.1847193"><ele>731.2066666666668</ele><time>2023-08-16T01:57:01Z</time></trkpt><trkpt lat="35.645434" lon="139.1849052"><ele>730.6833333333334</ele><time>2023-08-16T01:57:36Z</time></trkpt><trkpt lat="35.6455802" lon="139.1850491"><ele>729.4900000000001</ele><time>2023-08-16T01:57:56Z</time></trkpt><trkpt lat="35.6456915" lon="139.1852446"><ele>727.6866666666666</ele><time>2023-08-16T01:58:04Z</time></trkpt><trkpt lat="35.6457961" lon="139.1854398"><ele>725.2833333333333</ele><time>2023-08-16T01:58:25Z</time></trkpt><trkpt lat="35.6458134" lon="139.1856635"><ele>723.1833333333334</ele><time>2023-08-16T01:59:49Z</time></trkpt><trkpt lat="35.6459122" lon="139.1858554"><ele>720.0466666666667</ele><time>2023-08-16T02:00:06Z</time></trkpt><trkpt lat="35.6460234" lon="139.1860498"><ele>715.4766666666666</ele><time>2023-08-16T02:00:19Z</time></trkpt><trkpt lat="35.6461301" lon="139.1862322"><ele>711.8333333333334</ele><time>2023-08-16T02:00:32Z</time></trkpt><trkpt lat="35.6461681" lon="139.1864563"><ele>710.21</ele><time>2023-08-16T02:00:49Z</time></trkpt><trkpt lat="35.6461909" lon="139.186682"><ele>711.34</ele><time>2023-08-16T02:01:10Z</time></trkpt><trkpt lat="35.6461856" lon="139.1869062"><ele>712.48</ele><time>2023-08-16T02:01:25Z</time></trkpt><trkpt lat="35.6461817" lon="139.1871415"><ele>713.2233333333334</ele><time>2023-08-16T02:01:39Z</time></trkpt><trkpt lat="35.6462624" lon="139.1873657"><ele>713.5100000000001</ele><time>2023-08-16T02:01:54Z</time></trkpt><trkpt lat="35.6464288" lon="139.1874684"><ele>712.5966666666667</ele><time>2023-08-16T02:02:10Z</time></trkpt><trkpt lat="35.6464803" lon="139.187691"><ele>712.6333333333333</ele><time>2023-08-16T02:02:22Z</time></trkpt><trkpt lat="35.6465434" lon="139.1879128"><ele>712.7400000000001</ele><time>2023-08-16T02:02:37Z</time></trkpt><trkpt lat="35.6465647" lon="139.1881526"><ele>713.7333333333332</ele><time>2023-08-16T02:02:58Z</time></trkpt><trkpt lat="35.6464926" lon="139.1883568"><ele>713.4833333333332</ele><time>2023-08-16T02:03:16Z</time></trkpt><trkpt lat="35.6464575" lon="139.1885766"><ele>713.3066666666667</ele><time>2023-08-16T02:03:30Z</time></trkpt><trkpt lat="35.6464649" lon="139.1887976"><ele>713.0833333333334</ele><time>2023-08-16T02:03:46Z</time></trkpt><trkpt lat="35.6464488" lon="139.1890203"><ele>713.2066666666666</ele><time>2023-08-16T02:04:04Z</time></trkpt><trkpt lat="35.646456" lon="139.1892512"><ele>713.3066666666667</ele><time>2023-08-16T02:04:22Z</time></trkpt><trkpt lat="35.6464979" lon="139.1894723"><ele>713.8266666666668</ele><time>2023-08-16T02:04:42Z</time></trkpt><trkpt lat="35.6465601" lon="139.1896897"><ele>714.3633333333333</ele><time>2023-08-16T02:04:56Z</time></trkpt><trkpt lat="35.6466152" lon="139.1899162"><ele>716.0066666666667</ele><time>2023-08-16T02:05:09Z</time></trkpt><trkpt lat="35.6466642" lon="139.1901303"><ele>717.5600000000001</ele><time>2023-08-16T02:05:27Z</time></trkpt><trkpt lat="35.6467589" lon="139.1903237"><ele>719.3766666666667</ele><time>2023-08-16T02:05:41Z</time></trkpt><trkpt lat="35.6468837" lon="139.1905141"><ele>719.85</ele><time>2023-08-16T02:06:04Z</time></trkpt><trkpt lat="35.6469792" lon="139.1907281"><ele>719.4</ele><time>2023-08-16T02:06:19Z</time></trkpt><trkpt lat="35.6470496" lon="139.1909318"><ele>718.71</ele><time>2023-08-16T02:06:42Z</time></trkpt><trkpt lat="35.6471687" lon="139.1911062"><ele>718.7133333333335</ele><time>2023-08-16T02:06:53Z</time></trkpt><trkpt lat="35.6472699" lon="139.1912998"><ele>719.82</ele><time>2023-08-16T02:07:10Z</time></trkpt><trkpt lat="35.6473122" lon="139.1915188"><ele>720.8333333333334</ele><time>2023-08-16T02:07:31Z</time></trkpt><trkpt lat="35.6473594" lon="139.1917343"><ele>721.04</ele><time>2023-08-16T02:07:43Z</time></trkpt><trkpt lat="35.6474647" lon="139.19192"><ele>720.4166666666666</ele><time>2023-08-16T02:07:57Z</time></trkpt><trkpt lat="35.647646" lon="139.1919725"><ele>718.9699999999999</ele><time>2023-08-16T02:08:07Z</time></trkpt><trkpt lat="35.6478271" lon="139.1920001"><ele>716.77</ele><time>2023-08-16T02:08:19Z</time></trkpt><trkpt lat="35.6480018" lon="139.1920613"><ele>714.3866666666667</ele><time>2023-08-16T02:08:36Z</time></trkpt><trkpt lat="35.6481108" lon="139.1922422"><ele>711.8166666666667</ele><time>2023-08-16T02:08:54Z</time></trkpt><trkpt lat="35.6482527" lon="139.1923855"><ele>708.4266666666667</ele><time>2023-08-16T02:09:07Z</time></trkpt><trkpt lat="35.6484321" lon="139.192448"><ele>703.84</ele><time>2023-08-16T02:09:26Z</time></trkpt><trkpt lat="35.6485712" lon="139.1923012"><ele>700.2166666666667</ele><time>2023-08-16T02:09:36Z</time></trkpt><trkpt lat="35.6487541" lon="139.1923056"><ele>696.71</ele><time>2023-08-16T02:09:52Z</time></trkpt><trkpt lat="35.6489113" lon="139.1924212"><ele>694.36</ele><time>2023-08-16T02:10:04Z</time></trkpt><trkpt lat="35.6490945" lon="139.1924446"><ele>692.6700000000001</ele><time>2023-08-16T02:10:23Z</time></trkpt><trkpt lat="35.6492779" lon="139.192435"><ele>692.5966666666667</ele><time>2023-08-16T02:10:38Z</time></trkpt><trkpt lat="35.6494602" lon="139.1924912"><ele>692.8966666666666</ele><time>2023-08-16T02:10:54Z</time></trkpt><trkpt lat="35.6496426" lon="139.1924808"><ele>692.91</ele><time>2023-08-16T02:11:09Z</time></trkpt><trkpt lat="35.6498363" lon="139.1924749"><ele>693.6166666666667</ele><time>2023-08-16T02:11:24Z</time></trkpt><trkpt lat="35.6499929" lon="139.1925857"><ele>695.7299999999999</ele><time>2023-08-16T02:11:36Z</time></trkpt><trkpt lat="35.6500366" lon="139.1928"><ele>696.0099999999999</ele><time>2023-08-16T02:11:49Z</time></trkpt><trkpt lat="35.6501724" lon="139.1929537"><ele>695.5266666666666</ele><time>2023-08-16T02:12:05Z</time></trkpt><trkpt lat="35.6503244" lon="139.1930805"><ele>696.2066666666668</ele><time>2023-08-16T02:12:18Z</time></trkpt><trkpt lat="35.6504272" lon="139.1932685"><ele>698.2733333333334</ele><time>2023-08-16T02:12:33Z</time></trkpt><trkpt lat="35.650489" lon="139.1934761"><ele>700.8000000000001</ele><time>2023-08-16T02:12:51Z</time></trkpt><trkpt lat="35.650606" lon="139.1936517"><ele>702.6633333333333</ele><time>2023-08-16T02:13:05Z</time></trkpt><trkpt lat="35.6507739" lon="139.1937491"><ele>706.41</ele><time>2023-08-16T02:13:19Z</time></trkpt><trkpt lat="35.6509426" lon="139.1938648"><ele>709.9700000000001</ele><time>2023-08-16T02:13:37Z</time></trkpt><trkpt lat="35.6508863" lon="139.1940751"><ele>709.4266666666666</ele><time>2023-08-16T02:13:42Z</time></trkpt><trkpt lat="35.6509589" lon="139.1942795"><ele>706.5633333333334</ele><time>2023-08-16T02:13:57Z</time></trkpt><trkpt lat="35.6510834" lon="139.1944621"><ele>702.38</ele><time>2023-08-16T02:14:11Z</time></trkpt><trkpt lat="35.6511173" lon="139.1946959"><ele>701.2000000000002</ele><time>2023-08-16T02:14:30Z</time></trkpt><trkpt lat="35.6511185" lon="139.1949258"><ele>698.4866666666667</ele><time>2023-08-16T02:14:44Z</time></trkpt><trkpt lat="35.6512348" lon="139.1950962"><ele>696.6333333333333</ele><time>2023-08-16T02:14:54Z</time></trkpt><trkpt lat="35.6512269" lon="139.1953197"><ele>693.73</ele><time>2023-08-16T02:15:11Z</time></trkpt><trkpt lat="35.6512867" lon="139.1955334"><ele>693.8866666666667</ele><time>2023-08-16T02:15:28Z</time></trkpt><trkpt lat="35.6512939" lon="139.1957635"><ele>696.02</ele><time>2023-08-16T02:16:11Z</time></trkpt><trkpt lat="35.6513671" lon="139.1959814"><ele>699.12</ele><time>2023-08-16T02:16:31Z</time></trkpt><trkpt lat="35.6515149" lon="139.1961369"><ele>701.0866666666667</ele><time>2023-08-16T02:16:42Z</time></trkpt><trkpt lat="35.6516484" lon="139.1962911"><ele>700.9833333333335</ele><time>2023-08-16T02:16:54Z</time></trkpt><trkpt lat="35.6517859" lon="139.1964424"><ele>700.0600000000001</ele><time>2023-08-16T02:17:08Z</time></trkpt><trkpt lat="35.6518066" lon="139.1966633"><ele>697.7733333333334</ele><time>2023-08-16T02:17:23Z</time></trkpt><trkpt lat="35.6519179" lon="139.1968643"><ele>693.8866666666667</ele><time>2023-08-16T02:17:39Z</time></trkpt><trkpt lat="35.652086" lon="139.196962"><ele>692.15</ele><time>2023-08-16T02:17:51Z</time></trkpt><trkpt lat="35.6522753" lon="139.1969904"><ele>693.5866666666667</ele><time>2023-08-16T02:18:08Z</time></trkpt><trkpt lat="35.6524282" lon="139.1971137"><ele>697.0500000000001</ele><time>2023-08-16T02:18:28Z</time></trkpt><trkpt lat="35.6525383" lon="139.1972965"><ele>698.6166666666668</ele><time>2023-08-16T02:18:43Z</time></trkpt><trkpt lat="35.6526108" lon="139.1975106"><ele>698.1933333333333</ele><time>2023-08-16T02:18:58Z</time></trkpt><trkpt lat="35.6527425" lon="139.197671"><ele>697.31</ele><time>2023-08-16T02:19:15Z</time></trkpt><trkpt lat="35.6529222" lon="139.1977355"><ele>695.4366666666666</ele><time>2023-08-16T02:19:29Z</time></trkpt><trkpt lat="35.6530059" lon="139.1979424"><ele>693.48</ele><time>2023-08-16T02:19:44Z</time></trkpt><trkpt lat="35.6529916" lon="139.1981705"><ele>692.0300000000001</ele><time>2023-08-16T02:19:59Z</time></trkpt><trkpt lat="35.6530191" lon="139.1983979"><ele>691.6733333333333</ele><time>2023-08-16T02:20:15Z</time></trkpt><trkpt lat="35.6530182" lon="139.1986202"><ele>691.0633333333334</ele><time>2023-08-16T02:20:35Z</time></trkpt><trkpt lat="35.6529472" lon="139.1988274"><ele>688.3833333333333</ele><time>2023-08-16T02:20:52Z</time></trkpt><trkpt lat="35.6528218" lon="139.1990074"><ele>684.7266666666666</ele><time>2023-08-16T02:21:11Z</time></trkpt><trkpt lat="35.6528441" lon="139.199256"><ele>680.1133333333333</ele><time>2023-08-16T02:21:25Z</time></trkpt><trkpt lat="35.6529425" lon="139.1994422"><ele>676.4333333333333</ele><time>2023-08-16T02:21:38Z</time></trkpt><trkpt lat="35.652968" lon="139.1996612"><ele>673.5166666666668</ele><time>2023-08-16T02:21:56Z</time></trkpt><trkpt lat="35.6527882" lon="139.1996807"><ele>672.1033333333334</ele><time>2023-08-16T02:22:26Z</time></trkpt><trkpt lat="35.6526552" lon="139.1998375"><ele>669.6833333333334</ele><time>2023-08-16T02:22:46Z</time></trkpt><trkpt lat="35.6525963" lon="139.2000465"><ele>666.25</ele><time>2023-08-16T02:23:02Z</time></trkpt><trkpt lat="35.6525848" lon="139.2002879"><ele>662.2833333333334</ele><time>2023-08-16T02:23:15Z</time></trkpt><trkpt lat="35.6525677" lon="139.2005128"><ele>660.4633333333334</ele><time>2023-08-16T02:23:26Z</time></trkpt><trkpt lat="35.6525583" lon="139.2007347"><ele>659.9900000000001</ele><time>2023-08-16T02:23:38Z</time></trkpt><trkpt lat="35.6525579" lon="139.2009664"><ele>660.3233333333334</ele><time>2023-08-16T02:23:50Z</time></trkpt><trkpt lat="35.6525009" lon="139.2011773"><ele>661.1766666666667</ele><time>2023-08-16T02:24:05Z</time></trkpt><trkpt lat="35.6525053" lon="139.2014004"><ele>661.7933333333334</ele><time>2023-08-16T02:24:20Z</time></trkpt><trkpt lat="35.6524991" lon="139.2016212"><ele>662.8633333333333</ele><time>2023-08-16T02:24:32Z</time></trkpt><trkpt lat="35.652605" lon="139.2018048"><ele>663.24</ele><time>2023-08-16T02:24:44Z</time></trkpt><trkpt lat="35.6527847" lon="139.2018385"><ele>663.3433333333334</ele><time>2023-08-16T02:25:03Z</time></trkpt><trkpt lat="35.6529024" lon="139.202016"><ele>665.6233333333333</ele><time>2023-08-16T02:25:18Z</time></trkpt><trkpt lat="35.6530138" lon="139.2022023"><ele>668.39</ele><time>2023-08-16T02:25:32Z</time></trkpt><trkpt lat="35.6529531" lon="139.202413"><ele>670.8433333333334</ele><time>2023-08-16T02:25:48Z</time></trkpt><trkpt lat="35.6527823" lon="139.2024955"><ele>670.3633333333333</ele><time>2023-08-16T02:26:09Z</time></trkpt><trkpt lat="35.6527239" lon="139.2027078"><ele>667.9533333333333</ele><time>2023-08-16T02:26:23Z</time></trkpt><trkpt lat="35.6526798" lon="139.2029231"><ele>665.6700000000001</ele><time>2023-08-16T02:26:35Z</time></trkpt><trkpt lat="35.6526027" lon="139.2031359"><ele>663.3066666666667</ele><time>2023-08-16T02:26:47Z</time></trkpt><trkpt lat="35.6524616" lon="139.2032794"><ele>662.1433333333333</ele><time>2023-08-16T02:27:03Z</time></trkpt><trkpt lat="35.6522785" lon="139.2033136"><ele>659.8933333333334</ele><time>2023-08-16T02:27:23Z</time></trkpt><trkpt lat="35.6521013" lon="139.2033847"><ele>655.8766666666667</ele><time>2023-08-16T02:27:39Z</time></trkpt><trkpt lat="35.6519406" lon="139.203586"><ele>649.5466666666667</ele><time>2023-08-16T02:27:54Z</time></trkpt><trkpt lat="35.6519001" lon="139.2038019"><ele>644.6533333333333</ele><time>2023-08-16T02:28:08Z</time></trkpt><trkpt lat="35.651827" lon="139.2040308"><ele>642.1966666666667</ele><time>2023-08-16T02:28:36Z</time></trkpt><trkpt lat="35.6517861" lon="139.2042777"><ele>644.0733333333333</ele><time>2023-08-16T02:28:45Z</time></trkpt><trkpt lat="35.6518225" lon="139.2045078"><ele>646.84</ele><time>2023-08-16T02:28:59Z</time></trkpt><trkpt lat="35.651824" lon="139.2047391"><ele>650.2733333333333</ele><time>2023-08-16T02:29:19Z</time></trkpt><trkpt lat="35.6518909" lon="139.2049551"><ele>652.9866666666667</ele><time>2023-08-16T02:29:33Z</time></trkpt><trkpt lat="35.6518548" lon="139.2051894"><ele>656.6866666666666</ele><time>2023-08-16T02:29:50Z</time></trkpt><trkpt lat="35.6518014" lon="139.2054092"><ele>659.4566666666667</ele><time>2023-08-16T02:30:09Z</time></trkpt><trkpt lat="35.6516958" lon="139.2055915"><ele>661.1433333333333</ele><time>2023-08-16T02:30:33Z</time></trkpt><trkpt lat="35.6515277" lon="139.2056839"><ele>660.5566666666666</ele><time>2023-08-16T02:30:50Z</time></trkpt><trkpt lat="35.6513542" lon="139.2057649"><ele>657.9433333333333</ele><time>2023-08-16T02:31:07Z</time></trkpt><trkpt lat="35.6512695" lon="139.2059795"><ele>655.3933333333333</ele><time>2023-08-16T02:31:28Z</time></trkpt><trkpt lat="35.651162" lon="139.2061609"><ele>653.3000000000001</ele><time>2023-08-16T02:31:41Z</time></trkpt><trkpt lat="35.6510307" lon="139.206313"><ele>654.6933333333333</ele><time>2023-08-16T02:32:00Z</time></trkpt><trkpt lat="35.6508658" lon="139.2064482"><ele>657.6033333333334</ele><time>2023-08-16T02:32:11Z</time></trkpt><trkpt lat="35.6506888" lon="139.2065119"><ele>661.0966666666667</ele><time>2023-08-16T02:32:27Z</time></trkpt><trkpt lat="35.6505374" lon="139.2066561"><ele>662.4966666666668</ele><time>2023-08-16T02:32:42Z</time></trkpt><trkpt lat="35.6503768" lon="139.2067616"><ele>662.9500000000002</ele><time>2023-08-16T02:32:55Z</time></trkpt><trkpt lat="35.6501873" lon="139.2067482"><ele>664.3566666666667</ele><time>2023-08-16T02:33:08Z</time></trkpt><trkpt lat="35.6500698" lon="139.2069277"><ele>668.17</ele><time>2023-08-16T02:33:33Z</time></trkpt><trkpt lat="35.6500784" lon="139.2071547"><ele>672.5566666666667</ele><time>2023-08-16T02:34:15Z</time></trkpt><trkpt lat="35.6499965" lon="139.2073547"><ele>677.0766666666667</ele><time>2023-08-16T02:34:40Z</time></trkpt><trkpt lat="35.6498675" lon="139.2075117"><ele>681.44</ele><time>2023-08-16T02:35:06Z</time></trkpt><trkpt lat="35.6498276" lon="139.2077292"><ele>685.7200000000001</ele><time>2023-08-16T02:35:24Z</time></trkpt><trkpt lat="35.6497781" lon="139.2079664"><ele>688.7766666666666</ele><time>2023-08-16T02:35:39Z</time></trkpt><trkpt lat="35.6497833" lon="139.208193"><ele>690.46</ele><time>2023-08-16T02:36:11Z</time></trkpt><trkpt lat="35.6497892" lon="139.2084205"><ele>691.3433333333332</ele><time>2023-08-16T02:36:23Z</time></trkpt><trkpt lat="35.6498054" lon="139.2086576"><ele>692.04</ele><time>2023-08-16T02:36:35Z</time></trkpt><trkpt lat="35.649829" lon="139.2088794"><ele>692.4366666666666</ele><time>2023-08-16T02:36:47Z</time></trkpt><trkpt lat="35.6498205" lon="139.2091047"><ele>692.5600000000001</ele><time>2023-08-16T02:36:58Z</time></trkpt><trkpt lat="35.6498736" lon="139.2093231"><ele>692.0033333333334</ele><time>2023-08-16T02:37:16Z</time></trkpt><trkpt lat="35.6496935" lon="139.2093394"><ele>691.0966666666667</ele><time>2023-08-16T02:37:39Z</time></trkpt><trkpt lat="35.6495199" lon="139.2094406"><ele>689.0100000000001</ele><time>2023-08-16T02:37:58Z</time></trkpt><trkpt lat="35.6494804" lon="139.2096651"><ele>685.83</ele><time>2023-08-16T02:38:14Z</time></trkpt><trkpt lat="35.6494705" lon="139.2098901"><ele>682.7333333333335</ele><time>2023-08-16T02:38:24Z</time></trkpt><trkpt lat="35.6494018" lon="139.2100997"><ele>681.9766666666667</ele><time>2023-08-16T02:38:39Z</time></trkpt><trkpt lat="35.6493775" lon="139.2103192"><ele>683.8733333333333</ele><time>2023-08-16T02:38:53Z</time></trkpt><trkpt lat="35.6494227" lon="139.2105344"><ele>686.63</ele><time>2023-08-16T02:39:20Z</time></trkpt><trkpt lat="35.6493595" lon="139.2107428"><ele>689.9333333333334</ele><time>2023-08-16T02:39:42Z</time></trkpt><trkpt lat="35.6494121" lon="139.2109549"><ele>693.85</ele><time>2023-08-16T02:40:03Z</time></trkpt><trkpt lat="35.6494406" lon="139.2111783"><ele>696.7066666666666</ele><time>2023-08-16T02:40:27Z</time></trkpt><trkpt lat="35.6493641" lon="139.2113852"><ele>696.8333333333334</ele><time>2023-08-16T02:40:47Z</time></trkpt><trkpt lat="35.6491998" lon="139.2114921"><ele>694.3266666666667</ele><time>2023-08-16T02:41:08Z</time></trkpt><trkpt lat="35.6490942" lon="139.2116779"><ele>690.18</ele><time>2023-08-16T02:41:25Z</time></trkpt><trkpt lat="35.6489663" lon="139.2118369"><ele>686.2233333333334</ele><time>2023-08-16T02:41:43Z</time></trkpt><trkpt lat="35.6487899" lon="139.2118976"><ele>682.8666666666667</ele><time>2023-08-16T02:42:11Z</time></trkpt><trkpt lat="35.6486185" lon="139.2119696"><ele>680.0766666666667</ele><time>2023-08-16T02:42:23Z</time></trkpt><trkpt lat="35.6485539" lon="139.2121878"><ele>677.2133333333333</ele><time>2023-08-16T02:42:43Z</time></trkpt><trkpt lat="35.6485017" lon="139.2124036"><ele>674.4833333333333</ele><time>2023-08-16T02:42:57Z</time></trkpt><trkpt lat="35.6483648" lon="139.2125657"><ele>673.3766666666667</ele><time>2023-08-16T02:43:12Z</time></trkpt><trkpt lat="35.6482391" lon="139.2127387"><ele>673.0133333333333</ele><time>2023-08-16T02:43:29Z</time></trkpt><trkpt lat="35.6481346" lon="139.2129339"><ele>672.8766666666667</ele><time>2023-08-16T02:43:46Z</time></trkpt><trkpt lat="35.648084" lon="139.213162"><ele>672.9200000000001</ele><time>2023-08-16T02:43:58Z</time></trkpt><trkpt lat="35.6480411" lon="139.2133879"><ele>673.5066666666667</ele><time>2023-08-16T02:44:11Z</time></trkpt><trkpt lat="35.6479861" lon="139.213607"><ele>675.6233333333333</ele><time>2023-08-16T02:44:32Z</time></trkpt><trkpt lat="35.6478267" lon="139.2137375"><ele>678.1233333333333</ele><time>2023-08-16T02:44:58Z</time></trkpt><trkpt lat="35.6476704" lon="139.2138494"><ele>681.0033333333333</ele><time>2023-08-16T02:45:14Z</time></trkpt><trkpt lat="35.6474992" lon="139.2139228"><ele>682.8666666666667</ele><time>2023-08-16T02:45:28Z</time></trkpt><trkpt lat="35.6473706" lon="139.2140809"><ele>685.0766666666667</ele><time>2023-08-16T02:45:49Z</time></trkpt><trkpt lat="35.647308" lon="139.2142922"><ele>688.0066666666668</ele><time>2023-08-16T02:46:55Z</time></trkpt><trkpt lat="35.647344" lon="139.2145362"><ele>690.09</ele><time>2023-08-16T02:47:13Z</time></trkpt><trkpt lat="35.6472237" lon="139.214721"><ele>694.4</ele><time>2023-08-16T02:47:29Z</time></trkpt><trkpt lat="35.6470505" lon="139.2148017"><ele>697.1533333333333</ele><time>2023-08-16T02:47:47Z</time></trkpt><trkpt lat="35.6468553" lon="139.2148442"><ele>699.2600000000001</ele><time>2023-08-16T02:48:10Z</time></trkpt><trkpt lat="35.6466625" lon="139.2148845"><ele>698.5066666666668</ele><time>2023-08-16T02:48:20Z</time></trkpt><trkpt lat="35.6465278" lon="139.2150385"><ele>699.46</ele><time>2023-08-16T02:48:36Z</time></trkpt><trkpt lat="35.6463949" lon="139.2151882"><ele>703.7766666666666</ele><time>2023-08-16T02:49:26Z</time></trkpt><trkpt lat="35.646339" lon="139.2154066"><ele>709.93</ele><time>2023-08-16T02:50:16Z</time></trkpt><trkpt lat="35.6462576" lon="139.2156061"><ele>715.7066666666666</ele><time>2023-08-16T02:50:29Z</time></trkpt><trkpt lat="35.6461425" lon="139.2157842"><ele>718.9</ele><time>2023-08-16T02:50:47Z</time></trkpt><trkpt lat="35.6460105" lon="139.2159397"><ele>720.1333333333333</ele><time>2023-08-16T02:51:12Z</time></trkpt><trkpt lat="35.645891" lon="139.2161245"><ele>720.1433333333334</ele><time>2023-08-16T02:51:29Z</time></trkpt><trkpt lat="35.64576" lon="139.2159643"><ele>721.06</ele><time>2023-08-16T02:55:14Z</time></trkpt><trkpt lat="35.6455889" lon="139.2158681"><ele>721.4066666666668</ele><time>2023-08-16T02:55:29Z</time></trkpt><trkpt lat="35.6454029" lon="139.2158983"><ele>720.8966666666666</ele><time>2023-08-16T02:55:41Z</time></trkpt><trkpt lat="35.6452679" lon="139.2157504"><ele>717.7933333333334</ele><time>2023-08-16T02:57:12Z</time></trkpt><trkpt lat="35.6450831" lon="139.2157233"><ele>711.6966666666667</ele><time>2023-08-16T02:57:34Z</time></trkpt><trkpt lat="35.6449436" lon="139.2158666"><ele>704.12</ele><time>2023-08-16T02:58:13Z</time></trkpt><trkpt lat="35.6449205" lon="139.2156389"><ele>697.8566666666667</ele><time>2023-08-16T02:58:28Z</time></trkpt><trkpt lat="35.6447978" lon="139.2154667"><ele>691.2733333333334</ele><time>2023-08-16T02:58:44Z</time></trkpt><trkpt lat="35.6446132" lon="139.2153891"><ele>685.3433333333334</ele><time>2023-08-16T02:59:04Z</time></trkpt><trkpt lat="35.6444294" lon="139.215323"><ele>679.0233333333333</ele><time>2023-08-16T02:59:17Z</time></trkpt><trkpt lat="35.6443104" lon="139.2151546"><ele>676.0500000000001</ele><time>2023-08-16T02:59:45Z</time></trkpt><trkpt lat="35.6441744" lon="139.2150039"><ele>673.99</ele><time>2023-08-16T02:59:57Z</time></trkpt><trkpt lat="35.6439939" lon="139.214983"><ele>672.8266666666667</ele><time>2023-08-16T03:00:13Z</time></trkpt><trkpt lat="35.6438246" lon="139.214906"><ele>671.25</ele><time>2023-08-16T03:00:28Z</time></trkpt><trkpt lat="35.6436466" lon="139.2148697"><ele>669.1333333333333</ele><time>2023-08-16T03:00:44Z</time></trkpt><trkpt lat="35.6434695" lon="139.2149182"><ele>666.2166666666667</ele><time>2023-08-16T03:00:56Z</time></trkpt><trkpt lat="35.6433015" lon="139.2150455"><ele>662.89</ele><time>2023-08-16T03:01:10Z</time></trkpt><trkpt lat="35.6431206" lon="139.2150629"><ele>658.2166666666667</ele><time>2023-08-16T03:01:31Z</time></trkpt><trkpt lat="35.6429343" lon="139.2150568"><ele>654.4399999999999</ele><time>2023-08-16T03:01:57Z</time></trkpt><trkpt lat="35.6427641" lon="139.214984"><ele>651.1466666666666</ele><time>2023-08-16T03:02:09Z</time></trkpt><trkpt lat="35.6425943" lon="139.2149051"><ele>650.9366666666667</ele><time>2023-08-16T03:02:35Z</time></trkpt><trkpt lat="35.6424148" lon="139.2148603"><ele>650.9366666666667</ele><time>2023-08-16T03:02:58Z</time></trkpt><trkpt lat="35.6422391" lon="139.2147821"><ele>652.2166666666667</ele><time>2023-08-16T03:03:15Z</time></trkpt><trkpt lat="35.642067" lon="139.2146988"><ele>654.9633333333334</ele><time>2023-08-16T03:03:33Z</time></trkpt><trkpt lat="35.6418759" lon="139.2147039"><ele>659.15</ele><time>2023-08-16T03:03:50Z</time></trkpt><trkpt lat="35.6416967" lon="139.2146581"><ele>663.5633333333334</ele><time>2023-08-16T03:04:07Z</time></trkpt><trkpt lat="35.6415132" lon="139.2145763"><ele>666.25</ele><time>2023-08-16T03:04:26Z</time></trkpt><trkpt lat="35.6413285" lon="139.2146121"><ele>667.73</ele><time>2023-08-16T03:04:39Z</time></trkpt><trkpt lat="35.6411479" lon="139.2146536"><ele>667.6466666666666</ele><time>2023-08-16T03:04:53Z</time></trkpt><trkpt lat="35.6410183" lon="139.2148361"><ele>666.3466666666667</ele><time>2023-08-16T03:05:05Z</time></trkpt><trkpt lat="35.6409787" lon="139.2150529"><ele>663.2766666666668</ele><time>2023-08-16T03:05:29Z</time></trkpt><trkpt lat="35.6408384" lon="139.2151929"><ele>657.7533333333334</ele><time>2023-08-16T03:05:44Z</time></trkpt><trkpt lat="35.6406518" lon="139.2151675"><ele>653.4633333333333</ele><time>2023-08-16T03:05:59Z</time></trkpt><trkpt lat="35.6404616" lon="139.2151671"><ele>649.5766666666667</ele><time>2023-08-16T03:06:13Z</time></trkpt><trkpt lat="35.6402834" lon="139.2152731"><ele>648.3933333333333</ele><time>2023-08-16T03:06:26Z</time></trkpt><trkpt lat="35.6400957" lon="139.2152984"><ele>646.32</ele><time>2023-08-16T03:06:42Z</time></trkpt><trkpt lat="35.6399064" lon="139.2153073"><ele>644.7766666666668</ele><time>2023-08-16T03:06:54Z</time></trkpt><trkpt lat="35.639737" lon="139.2153971"><ele>643.8733333333333</ele><time>2023-08-16T03:07:07Z</time></trkpt><trkpt lat="35.6395563" lon="139.2154351"><ele>643.4166666666666</ele><time>2023-08-16T03:07:18Z</time></trkpt><trkpt lat="35.6393813" lon="139.2155247"><ele>643.1666666666666</ele><time>2023-08-16T03:07:37Z</time></trkpt><trkpt lat="35.6391968" lon="139.2155547"><ele>642.1700000000001</ele><time>2023-08-16T03:07:52Z</time></trkpt><trkpt lat="35.6390432" lon="139.2154373"><ele>640.4733333333334</ele><time>2023-08-16T03:08:07Z</time></trkpt><trkpt lat="35.6388637" lon="139.215375"><ele>636.0333333333333</ele><time>2023-08-16T03:08:28Z</time></trkpt><trkpt lat="35.6386835" lon="139.2153808"><ele>630.5266666666666</ele><time>2023-08-16T03:09:03Z</time></trkpt><trkpt lat="35.6385019" lon="139.2154077"><ele>623.92</ele><time>2023-08-16T03:09:28Z</time></trkpt><trkpt lat="35.6383212" lon="139.2153964"><ele>618.6233333333333</ele><time>2023-08-16T03:09:45Z</time></trkpt><trkpt lat="35.6381415" lon="139.2154412"><ele>614.1966666666667</ele><time>2023-08-16T03:10:01Z</time></trkpt><trkpt lat="35.6379597" lon="139.2154022"><ele>611.1166666666667</ele><time>2023-08-16T03:10:14Z</time></trkpt><trkpt lat="35.637773" lon="139.2153876"><ele>608.6033333333334</ele><time>2023-08-16T03:10:27Z</time></trkpt><trkpt lat="35.6375902" lon="139.2153683"><ele>604.85</ele><time>2023-08-16T03:10:46Z</time></trkpt><trkpt lat="35.6374319" lon="139.215477"><ele>601.0233333333333</ele><time>2023-08-16T03:11:03Z</time></trkpt><trkpt lat="35.6372555" lon="139.2155372"><ele>596.82</ele><time>2023-08-16T03:11:22Z</time></trkpt><trkpt lat="35.6370746" lon="139.2155964"><ele>593.55</ele><time>2023-08-16T03:11:36Z</time></trkpt><trkpt lat="35.6369093" lon="139.2156847"><ele>589.3466666666667</ele><time>2023-08-16T03:11:54Z</time></trkpt><trkpt lat="35.6369284" lon="139.2159051"><ele>586.0333333333333</ele><time>2023-08-16T03:12:29Z</time></trkpt><trkpt lat="35.6367902" lon="139.2160681"><ele>582.26</ele><time>2023-08-16T03:12:45Z</time></trkpt><trkpt lat="35.636612" lon="139.2161138"><ele>578.4033333333333</ele><time>2023-08-16T03:13:02Z</time></trkpt><trkpt lat="35.6365093" lon="139.2163"><ele>572.73</ele><time>2023-08-16T03:13:23Z</time></trkpt><trkpt lat="35.6363461" lon="139.216421"><ele>565.8000000000001</ele><time>2023-08-16T03:13:54Z</time></trkpt><trkpt lat="35.6361668" lon="139.2163317"><ele>557.8233333333333</ele><time>2023-08-16T03:14:20Z</time></trkpt><trkpt lat="35.6361601" lon="139.2165983"><ele>553.2866666666666</ele><time>2023-08-16T03:14:34Z</time></trkpt><trkpt lat="35.6359802" lon="139.2165611"><ele>550.75</ele><time>2023-08-16T03:15:09Z</time></trkpt><trkpt lat="35.6357987" lon="139.2165667"><ele>549.8933333333333</ele><time>2023-08-16T03:15:23Z</time></trkpt><trkpt lat="35.6356618" lon="139.2167391"><ele>548.23</ele><time>2023-08-16T03:15:40Z</time></trkpt><trkpt lat="35.6355366" lon="139.2169021"><ele>546.91</ele><time>2023-08-16T03:22:16Z</time></trkpt><trkpt lat="35.635356" lon="139.2169048"><ele>550.3733333333333</ele><time>2023-08-16T03:22:57Z</time></trkpt><trkpt lat="35.6351789" lon="139.2168376"><ele>555.83</ele><time>2023-08-16T03:23:32Z</time></trkpt><trkpt lat="35.6349957" lon="139.2168698"><ele>563.41</ele><time>2023-08-16T03:23:49Z</time></trkpt><trkpt lat="35.634806" lon="139.2167456"><ele>568.44</ele><time>2023-08-16T03:24:21Z</time></trkpt><trkpt lat="35.6346282" lon="139.2166901"><ele>571.7433333333333</ele><time>2023-08-16T03:24:37Z</time></trkpt><trkpt lat="35.6345439" lon="139.2168862"><ele>573.93</ele><time>2023-08-16T03:24:53Z</time></trkpt><trkpt lat="35.6344551" lon="139.2170841"><ele>575.5166666666668</ele><time>2023-08-16T03:25:12Z</time></trkpt><trkpt lat="35.6343648" lon="139.2172853"><ele>577.6233333333333</ele><time>2023-08-16T03:25:28Z</time></trkpt><trkpt lat="35.6342902" lon="139.2174902"><ele>579.9933333333333</ele><time>2023-08-16T03:26:03Z</time></trkpt><trkpt lat="35.6341778" lon="139.2176676"><ele>582.63</ele><time>2023-08-16T03:26:17Z</time></trkpt><trkpt lat="35.6340235" lon="139.2177916"><ele>584.88</ele><time>2023-08-16T03:26:30Z</time></trkpt><trkpt lat="35.6338953" lon="139.2179478"><ele>587.4200000000001</ele><time>2023-08-16T03:26:56Z</time></trkpt><trkpt lat="35.633778" lon="139.2181302"><ele>589.5666666666667</ele><time>2023-08-16T03:27:10Z</time></trkpt><trkpt lat="35.6336593" lon="139.2183032"><ele>591.9266666666667</ele><time>2023-08-16T03:27:25Z</time></trkpt><trkpt lat="35.6334799" lon="139.2183844"><ele>592.0166666666668</ele><time>2023-08-16T03:28:04Z</time></trkpt><trkpt lat="35.633335" lon="139.2185325"><ele>594.6133333333333</ele><time>2023-08-16T03:28:21Z</time></trkpt><trkpt lat="35.633185" lon="139.2186617"><ele>598.1966666666667</ele><time>2023-08-16T03:28:44Z</time></trkpt><trkpt lat="35.6330492" lon="139.2188156"><ele>605.18</ele><time>2023-08-16T03:29:00Z</time></trkpt><trkpt lat="35.6328631" lon="139.2188099"><ele>609.7033333333334</ele><time>2023-08-16T03:29:20Z</time></trkpt><trkpt lat="35.6326852" lon="139.2188533"><ele>612.72</ele><time>2023-08-16T03:29:38Z</time></trkpt><trkpt lat="35.632493" lon="139.2188772"><ele>613.6633333333333</ele><time>2023-08-16T03:30:01Z</time></trkpt><trkpt lat="35.632309" lon="139.2189328"><ele>614.52</ele><time>2023-08-16T03:30:21Z</time></trkpt><trkpt lat="35.6321661" lon="139.2190689"><ele>615.6033333333334</ele><time>2023-08-16T03:31:31Z</time></trkpt><trkpt lat="35.6320261" lon="139.2192277"><ele>617.98</ele><time>2023-08-16T03:31:56Z</time></trkpt><trkpt lat="35.6318587" lon="139.2193099"><ele>622.2466666666666</ele><time>2023-08-16T03:32:59Z</time></trkpt><trkpt lat="35.631739" lon="139.2194872"><ele>628.0833333333334</ele><time>2023-08-16T03:33:29Z</time></trkpt><trkpt lat="35.6316203" lon="139.2196543"><ele>634.1366666666667</ele><time>2023-08-16T03:34:16Z</time></trkpt><trkpt lat="35.631469" lon="139.2198086"><ele>639.6866666666666</ele><time>2023-08-16T03:35:34Z</time></trkpt><trkpt lat="35.6313198" lon="139.219938"><ele>645.2133333333333</ele><time>2023-08-16T03:35:54Z</time></trkpt><trkpt lat="35.6311815" lon="139.2200806"><ele>651.3333333333334</ele><time>2023-08-16T03:36:38Z</time></trkpt><trkpt lat="35.6310885" lon="139.220277"><ele>656.5433333333334</ele><time>2023-08-16T03:37:10Z</time></trkpt><trkpt lat="35.630974" lon="139.2204613"><ele>659.89</ele><time>2023-08-16T03:37:27Z</time></trkpt><trkpt lat="35.6308552" lon="139.2206453"><ele>661.4233333333333</ele><time>2023-08-16T03:37:40Z</time></trkpt><trkpt lat="35.6307087" lon="139.2207952"><ele>662.5333333333333</ele><time>2023-08-16T03:37:59Z</time></trkpt><trkpt lat="35.6305777" lon="139.220964"><ele>664.46</ele><time>2023-08-16T03:38:32Z</time></trkpt><trkpt lat="35.6304032" lon="139.2210515"><ele>666.4499999999999</ele><time>2023-08-16T03:38:58Z</time></trkpt><trkpt lat="35.6302358" lon="139.2209634"><ele>668.4566666666668</ele><time>2023-08-16T03:39:12Z</time></trkpt><trkpt lat="35.6300513" lon="139.2209521"><ele>669.5033333333334</ele><time>2023-08-16T03:39:39Z</time></trkpt><trkpt lat="35.6298569" lon="139.2210068"><ele>669.9900000000001</ele><time>2023-08-16T03:40:11Z</time></trkpt><trkpt lat="35.6298346" lon="139.2212373"><ele>670.1133333333333</ele><time>2023-08-16T03:40:23Z</time></trkpt><trkpt lat="35.6298322" lon="139.2214633"><ele>669.3466666666667</ele><time>2023-08-16T03:40:38Z</time></trkpt><trkpt lat="35.6298345" lon="139.2212322"><ele>669.3733333333333</ele><time>2023-08-16T03:40:55Z</time></trkpt><trkpt lat="35.6299765" lon="139.2210764"><ele>669.3699999999999</ele><time>2023-08-16T03:41:11Z</time></trkpt><trkpt lat="35.6300558" lon="139.2208567"><ele>670.1133333333333</ele><time>2023-08-16T03:45:50Z</time></trkpt><trkpt lat="35.6298976" lon="139.2209876"><ele>670.1066666666667</ele><time>2023-08-16T03:47:11Z</time></trkpt><trkpt lat="35.629756" lon="139.221132"><ele>670.0866666666666</ele><time>2023-08-16T03:47:24Z</time></trkpt><trkpt lat="35.6296452" lon="139.2213129"><ele>670.0600000000001</ele><time>2023-08-16T03:48:04Z</time></trkpt><trkpt lat="35.6294837" lon="139.2214201"><ele>668.1533333333334</ele><time>2023-08-16T03:48:20Z</time></trkpt><trkpt lat="35.6293125" lon="139.2215673"><ele>665.09</ele><time>2023-08-16T03:48:40Z</time></trkpt><trkpt lat="35.6291439" lon="139.2217061"><ele>660.4766666666668</ele><time>2023-08-16T03:48:57Z</time></trkpt><trkpt lat="35.6290711" lon="139.221914"><ele>656.6</ele><time>2023-08-16T03:49:16Z</time></trkpt><trkpt lat="35.6289711" lon="139.2221061"><ele>652.7633333333333</ele><time>2023-08-16T03:49:34Z</time></trkpt><trkpt lat="35.6288425" lon="139.2222613"><ele>649.5100000000001</ele><time>2023-08-16T03:50:05Z</time></trkpt><trkpt lat="35.6286686" lon="139.2223673"><ele>644.9966666666667</ele><time>2023-08-16T03:50:35Z</time></trkpt><trkpt lat="35.6284939" lon="139.2224535"><ele>639.8933333333334</ele><time>2023-08-16T03:50:53Z</time></trkpt><trkpt lat="35.6283044" lon="139.2224481"><ele>635.52</ele><time>2023-08-16T03:51:11Z</time></trkpt><trkpt lat="35.6282516" lon="139.2226781"><ele>632.5333333333334</ele><time>2023-08-16T03:51:28Z</time></trkpt><trkpt lat="35.6282395" lon="139.2229018"><ele>630.2266666666668</ele><time>2023-08-16T03:51:52Z</time></trkpt><trkpt lat="35.628211" lon="139.2231249"><ele>627.5266666666666</ele><time>2023-08-16T03:52:07Z</time></trkpt><trkpt lat="35.6281076" lon="139.2233077"><ele>623.9066666666666</ele><time>2023-08-16T03:52:25Z</time></trkpt><trkpt lat="35.6280259" lon="139.223509"><ele>620.3533333333334</ele><time>2023-08-16T03:52:48Z</time></trkpt><trkpt lat="35.6279367" lon="139.2237163"><ele>616.9</ele><time>2023-08-16T03:53:03Z</time></trkpt><trkpt lat="35.627929" lon="139.2239469"><ele>615.59</ele><time>2023-08-16T03:53:21Z</time></trkpt><trkpt lat="35.6277696" lon="139.2240809"><ele>614.3366666666667</ele><time>2023-08-16T03:53:36Z</time></trkpt><trkpt lat="35.6276443" lon="139.2242445"><ele>612.8433333333334</ele><time>2023-08-16T03:53:49Z</time></trkpt><trkpt lat="35.6276344" lon="139.2244686"><ele>611.1866666666666</ele><time>2023-08-16T03:54:02Z</time></trkpt><trkpt lat="35.6276414" lon="139.2247026"><ele>610.4266666666666</ele><time>2023-08-16T03:54:16Z</time></trkpt><trkpt lat="35.62753" lon="139.224877"><ele>609.56</ele><time>2023-08-16T03:54:37Z</time></trkpt><trkpt lat="35.6274487" lon="139.2250853"><ele>607.3233333333333</ele><time>2023-08-16T03:54:59Z</time></trkpt><trkpt lat="35.6273104" lon="139.2252655"><ele>603.1166666666667</ele><time>2023-08-16T03:55:21Z</time></trkpt><trkpt lat="35.6273549" lon="139.2254862"><ele>598.7066666666667</ele><time>2023-08-16T03:55:58Z</time></trkpt><trkpt lat="35.6273453" lon="139.2257068"><ele>595.0533333333333</ele><time>2023-08-16T03:56:18Z</time></trkpt><trkpt lat="35.6272128" lon="139.2258614"><ele>592.67</ele><time>2023-08-16T03:58:40Z</time></trkpt><trkpt lat="35.6270404" lon="139.2259472"><ele>590.8100000000001</ele><time>2023-08-16T03:58:55Z</time></trkpt><trkpt lat="35.6268718" lon="139.2260897"><ele>588.3066666666667</ele><time>2023-08-16T03:59:06Z</time></trkpt><trkpt lat="35.6267116" lon="139.2262079"><ele>585.87</ele><time>2023-08-16T03:59:20Z</time></trkpt><trkpt lat="35.6265955" lon="139.2263791"><ele>583.48</ele><time>2023-08-16T03:59:35Z</time></trkpt><trkpt lat="35.6265029" lon="139.2266005"><ele>581.7366666666667</ele><time>2023-08-16T03:59:47Z</time></trkpt><trkpt lat="35.6264791" lon="139.2268259"><ele>578.59</ele><time>2023-08-16T04:00:12Z</time></trkpt><trkpt lat="35.6264699" lon="139.2270498"><ele>575.29</ele><time>2023-08-16T04:00:27Z</time></trkpt><trkpt lat="35.6264328" lon="139.227268"><ele>572.6666666666666</ele><time>2023-08-16T04:00:45Z</time></trkpt><trkpt lat="35.62632" lon="139.2274465"><ele>572.8866666666667</ele><time>2023-08-16T04:01:16Z</time></trkpt><trkpt lat="35.6262183" lon="139.2276541"><ele>575.0833333333334</ele><time>2023-08-16T04:01:28Z</time></trkpt><trkpt lat="35.6262051" lon="139.2278792"><ele>577.3000000000001</ele><time>2023-08-16T04:08:23Z</time></trkpt><trkpt lat="35.6262785" lon="139.2280828"><ele>577.92</ele><time>2023-08-16T04:08:39Z</time></trkpt><trkpt lat="35.6263865" lon="139.2282758"><ele>575.5866666666667</ele><time>2023-08-16T04:08:59Z</time></trkpt><trkpt lat="35.6264589" lon="139.2284866"><ele>571.6066666666667</ele><time>2023-08-16T04:09:22Z</time></trkpt><trkpt lat="35.6264003" lon="139.2287105"><ele>567.02</ele><time>2023-08-16T04:09:39Z</time></trkpt><trkpt lat="35.6263715" lon="139.2289347"><ele>563.1433333333333</ele><time>2023-08-16T04:10:02Z</time></trkpt><trkpt lat="35.6263392" lon="139.229152"><ele>559.9933333333333</ele><time>2023-08-16T04:10:18Z</time></trkpt><trkpt lat="35.6262793" lon="139.2293696"><ele>557.4533333333334</ele><time>2023-08-16T04:10:34Z</time></trkpt><trkpt lat="35.6262839" lon="139.2295927"><ele>555.2066666666667</ele><time>2023-08-16T04:10:50Z</time></trkpt><trkpt lat="35.6262928" lon="139.2298223"><ele>552.9233333333333</ele><time>2023-08-16T04:11:08Z</time></trkpt><trkpt lat="35.6262334" lon="139.230037"><ele>550.1466666666666</ele><time>2023-08-16T04:11:30Z</time></trkpt><trkpt lat="35.6262037" lon="139.23026"><ele>546.5033333333332</ele><time>2023-08-16T04:11:48Z</time></trkpt><trkpt lat="35.6262299" lon="139.2304839"><ele>542.5733333333334</ele><time>2023-08-16T04:12:03Z</time></trkpt><trkpt lat="35.6262302" lon="139.2307104"><ele>538.4666666666667</ele><time>2023-08-16T04:12:17Z</time></trkpt><trkpt lat="35.6262763" lon="139.2309246"><ele>535.5366666666667</ele><time>2023-08-16T04:12:32Z</time></trkpt><trkpt lat="35.6262281" lon="139.2311395"><ele>532.1566666666666</ele><time>2023-08-16T04:12:50Z</time></trkpt><trkpt lat="35.6262079" lon="139.2313796"><ele>527.7166666666667</ele><time>2023-08-16T04:13:11Z</time></trkpt><trkpt lat="35.6262489" lon="139.2316036"><ele>523.6133333333333</ele><time>2023-08-16T04:13:25Z</time></trkpt><trkpt lat="35.6262189" lon="139.231843"><ele>521.2566666666667</ele><time>2023-08-16T04:13:46Z</time></trkpt><trkpt lat="35.6261694" lon="139.2320571"><ele>522.3766666666667</ele><time>2023-08-16T04:14:03Z</time></trkpt><trkpt lat="35.6261135" lon="139.2322765"><ele>522.8133333333334</ele><time>2023-08-16T04:14:16Z</time></trkpt><trkpt lat="35.6260971" lon="139.2325117"><ele>521.32</ele><time>2023-08-16T04:14:30Z</time></trkpt><trkpt lat="35.6261304" lon="139.2327298"><ele>517.2733333333334</ele><time>2023-08-16T04:14:41Z</time></trkpt><trkpt lat="35.6261656" lon="139.2329471"><ele>513.1833333333334</ele><time>2023-08-16T04:14:56Z</time></trkpt><trkpt lat="35.6261814" lon="139.2331688"><ele>510.2566666666667</ele><time>2023-08-16T04:15:19Z</time></trkpt><trkpt lat="35.6261588" lon="139.2333976"><ele>506.91333333333336</ele><time>2023-08-16T04:15:36Z</time></trkpt><trkpt lat="35.6261966" lon="139.2336178"><ele>503.02</ele><time>2023-08-16T04:15:52Z</time></trkpt><trkpt lat="35.6262182" lon="139.2338399"><ele>498.0166666666667</ele><time>2023-08-16T04:16:07Z</time></trkpt><trkpt lat="35.6262565" lon="139.2340574"><ele>493.81333333333333</ele><time>2023-08-16T04:16:27Z</time></trkpt><trkpt lat="35.6261617" lon="139.2342492"><ele>488.25666666666666</ele><time>2023-08-16T04:16:43Z</time></trkpt><trkpt lat="35.626132" lon="139.2344775"><ele>483.91333333333336</ele><time>2023-08-16T04:17:07Z</time></trkpt><trkpt lat="35.6260596" lon="139.2346811"><ele>479.36999999999995</ele><time>2023-08-16T04:17:41Z</time></trkpt><trkpt lat="35.6259666" lon="139.2348806"><ele>476.07</ele><time>2023-08-16T04:17:57Z</time></trkpt><trkpt lat="35.6259367" lon="139.2351126"><ele>473.6133333333333</ele><time>2023-08-16T04:18:10Z</time></trkpt><trkpt lat="35.6258963" lon="139.2353373"><ele>474.31666666666666</ele><time>2023-08-16T04:18:25Z</time></trkpt><trkpt lat="35.6258362" lon="139.2355862"><ele>477.6033333333333</ele><time>2023-08-16T04:19:12Z</time></trkpt><trkpt lat="35.6257599" lon="139.2357879"><ele>480.6766666666667</ele><time>2023-08-16T04:19:41Z</time></trkpt><trkpt lat="35.6257365" lon="139.2360102"><ele>483.77666666666664</ele><time>2023-08-16T04:20:06Z</time></trkpt><trkpt lat="35.6257199" lon="139.2362343"><ele>486.46000000000004</ele><time>2023-08-16T04:20:27Z</time></trkpt><trkpt lat="35.6257471" lon="139.2364566"><ele>489.39000000000004</ele><time>2023-08-16T04:20:53Z</time></trkpt><trkpt lat="35.6258003" lon="139.2366824"><ele>491.4533333333334</ele><time>2023-08-16T04:21:30Z</time></trkpt><trkpt lat="35.6257667" lon="139.2369089"><ele>492.5</ele><time>2023-08-16T04:21:47Z</time></trkpt><trkpt lat="35.6257656" lon="139.2371332"><ele>493.45</ele><time>2023-08-16T04:22:03Z</time></trkpt><trkpt lat="35.6257995" lon="139.237357"><ele>495.66333333333336</ele><time>2023-08-16T04:22:36Z</time></trkpt><trkpt lat="35.6257545" lon="139.2375757"><ele>498.76000000000005</ele><time>2023-08-16T04:22:52Z</time></trkpt><trkpt lat="35.6257309" lon="139.2377994"><ele>503.4166666666667</ele><time>2023-08-16T04:23:11Z</time></trkpt><trkpt lat="35.6256505" lon="139.2380025"><ele>507.65000000000003</ele><time>2023-08-16T04:23:32Z</time></trkpt><trkpt lat="35.625682" lon="139.2382247"><ele>512.66</ele><time>2023-08-16T04:24:53Z</time></trkpt><trkpt lat="35.625523" lon="139.2383334"><ele>518.1133333333333</ele><time>2023-08-16T04:25:30Z</time></trkpt><trkpt lat="35.6254366" lon="139.2385382"><ele>524.2099999999999</ele><time>2023-08-16T04:26:49Z</time></trkpt><trkpt lat="35.6253331" lon="139.2387219"><ele>530.2933333333334</ele><time>2023-08-16T04:27:16Z</time></trkpt><trkpt lat="35.6251758" lon="139.2388299"><ele>535.4333333333334</ele><time>2023-08-16T04:28:01Z</time></trkpt><trkpt lat="35.6250273" lon="139.2389742"><ele>540.26</ele><time>2023-08-16T04:28:39Z</time></trkpt><trkpt lat="35.624945" lon="139.2391797"><ele>545.1866666666666</ele><time>2023-08-16T04:29:19Z</time></trkpt><trkpt lat="35.6249237" lon="139.2394174"><ele>548.1033333333334</ele><time>2023-08-16T04:29:45Z</time></trkpt><trkpt lat="35.6249627" lon="139.2396408"><ele>549.8533333333334</ele><time>2023-08-16T04:30:00Z</time></trkpt><trkpt lat="35.6249055" lon="139.2398648"><ele>550.2266666666666</ele><time>2023-08-16T04:30:17Z</time></trkpt><trkpt lat="35.6248685" lon="139.240085"><ele>551.4499999999999</ele><time>2023-08-16T04:30:44Z</time></trkpt><trkpt lat="35.6248226" lon="139.2403005"><ele>551.61</ele><time>2023-08-16T04:31:00Z</time></trkpt><trkpt lat="35.6248416" lon="139.2405315"><ele>551.87</ele><time>2023-08-16T04:31:15Z</time></trkpt><trkpt lat="35.6248078" lon="139.2407565"><ele>552.1966666666666</ele><time>2023-08-16T04:31:29Z</time></trkpt><trkpt lat="35.6247444" lon="139.2409866"><ele>552.36</ele><time>2023-08-16T04:31:46Z</time></trkpt><trkpt lat="35.6247918" lon="139.2412023"><ele>553.5533333333333</ele><time>2023-08-16T04:32:05Z</time></trkpt><trkpt lat="35.6246476" lon="139.2413469"><ele>552.8366666666667</ele><time>2023-08-16T04:32:23Z</time></trkpt><trkpt lat="35.6245856" lon="139.2415607"><ele>552.8733333333333</ele><time>2023-08-16T04:32:46Z</time></trkpt><trkpt lat="35.6246233" lon="139.2417782"><ele>552.6233333333333</ele><time>2023-08-16T04:33:21Z</time></trkpt><trkpt lat="35.6247204" lon="139.2419707"><ele>555.5533333333333</ele><time>2023-08-16T04:34:21Z</time></trkpt><trkpt lat="35.624804" lon="139.2421829"><ele>561.3166666666666</ele><time>2023-08-16T04:35:51Z</time></trkpt><trkpt lat="35.624804" lon="139.242412"><ele>568.8566666666667</ele><time>2023-08-16T04:36:27Z</time></trkpt><trkpt lat="35.6247896" lon="139.2426356"><ele>576.7866666666667</ele><time>2023-08-16T04:37:12Z</time></trkpt><trkpt lat="35.624708" lon="139.242845"><ele>582.2433333333333</ele><time>2023-08-16T04:37:27Z</time></trkpt><trkpt lat="35.6246281" lon="139.243045"><ele>586.2733333333334</ele><time>2023-08-16T04:37:43Z</time></trkpt><trkpt lat="35.6247323" lon="139.2432363"><ele>589.1433333333334</ele><time>2023-08-16T04:38:11Z</time></trkpt><trkpt lat="35.624845" lon="139.2434213"><ele>590.4333333333334</ele><time>2023-08-16T04:38:30Z</time></trkpt><trkpt lat="35.6249512" lon="139.2436146"><ele>591.1333333333333</ele><time>2023-08-16T04:38:49Z</time></trkpt><trkpt lat="35.6251065" lon="139.2437567"><ele>591.79</ele><time>2023-08-16T04:39:06Z</time></trkpt><trkpt lat="35.6252613" lon="139.2438771"><ele>592.4566666666666</ele><time>2023-08-16T04:39:20Z</time></trkpt><trkpt lat="35.6253732" lon="139.244064"><ele>591.6733333333333</ele><time>2023-08-16T04:39:38Z</time></trkpt><trkpt lat="35.62547" lon="139.2442679"><ele>587.3033333333333</ele><time>2023-08-16T04:39:53Z</time></trkpt><trkpt lat="35.6255904" lon="139.2444405"><ele>583.8533333333334</ele><time>2023-08-16T04:40:09Z</time></trkpt><trkpt lat="35.6254182" lon="139.2443418"><ele>578.5999999999999</ele><time>2023-08-16T04:40:58Z</time></trkpt><trkpt lat="35.6252296" lon="139.2442934"><ele>576.6766666666666</ele><time>2023-08-16T04:41:14Z</time></trkpt><trkpt lat="35.6250433" lon="139.2442876"><ele>574.73</ele><time>2023-08-16T04:41:32Z</time></trkpt><trkpt lat="35.6249075" lon="139.2444346"><ele>572.7933333333334</ele><time>2023-08-16T04:41:50Z</time></trkpt><trkpt lat="35.6247572" lon="139.2445642"><ele>568.8733333333333</ele><time>2023-08-16T04:42:08Z</time></trkpt><trkpt lat="35.6245746" lon="139.2445691"><ele>565.3366666666667</ele><time>2023-08-16T04:42:28Z</time></trkpt><trkpt lat="35.6243851" lon="139.2446174"><ele>563.7066666666666</ele><time>2023-08-16T04:42:44Z</time></trkpt><trkpt lat="35.6242339" lon="139.2444827"><ele>563.3000000000001</ele><time>2023-08-16T04:43:00Z</time></trkpt><trkpt lat="35.6242209" lon="139.2442549"><ele>559.8533333333334</ele><time>2023-08-16T04:43:20Z</time></trkpt><trkpt lat="35.6243481" lon="139.2440906"><ele>557.9766666666666</ele><time>2023-08-16T04:43:31Z</time></trkpt><trkpt lat="35.6242279" lon="139.2439229"><ele>556.8966666666666</ele><time>2023-08-16T04:43:58Z</time></trkpt><trkpt lat="35.6240637" lon="139.2440356"><ele>555.9633333333334</ele><time>2023-08-16T04:44:19Z</time></trkpt><trkpt lat="35.6238815" lon="139.2440462"><ele>553.3766666666667</ele><time>2023-08-16T04:44:31Z</time></trkpt><trkpt lat="35.6236925" lon="139.2440379"><ele>548.4566666666666</ele><time>2023-08-16T04:44:47Z</time></trkpt><trkpt lat="35.6236293" lon="139.2438099"><ele>549.2733333333334</ele><time>2023-08-16T04:44:55Z</time></trkpt><trkpt lat="35.6235106" lon="139.2436347"><ele>551.32</ele><time>2023-08-16T04:45:14Z</time></trkpt><trkpt lat="35.6233165" lon="139.2436488"><ele>554.13</ele><time>2023-08-16T04:45:29Z</time></trkpt><trkpt lat="35.6231284" lon="139.2436614"><ele>553.1533333333333</ele><time>2023-08-16T04:45:44Z</time></trkpt><trkpt lat="35.6229513" lon="139.2435715"><ele>551.34</ele><time>2023-08-16T04:46:00Z</time></trkpt><trkpt lat="35.6228127" lon="139.2434107"><ele>548.4366666666666</ele><time>2023-08-16T04:46:41Z</time></trkpt><trkpt lat="35.62265" lon="139.2432964"><ele>543.0433333333334</ele><time>2023-08-16T04:46:57Z</time></trkpt><trkpt lat="35.6224914" lon="139.2434348"><ele>536.68</ele><time>2023-08-16T04:47:15Z</time></trkpt><trkpt lat="35.6223343" lon="139.2435567"><ele>530.2566666666667</ele><time>2023-08-16T04:47:37Z</time></trkpt><trkpt lat="35.622212" lon="139.2437212"><ele>526.96</ele><time>2023-08-16T04:48:12Z</time></trkpt><trkpt lat="35.6220317" lon="139.2437494"><ele>522.2233333333334</ele><time>2023-08-16T04:48:25Z</time></trkpt><trkpt lat="35.6218619" lon="139.2438262"><ele>518.64</ele><time>2023-08-16T04:48:39Z</time></trkpt><trkpt lat="35.6218621" lon="139.2440518"><ele>516.6066666666667</ele><time>2023-08-16T04:49:00Z</time></trkpt><trkpt lat="35.6218176" lon="139.2442689"><ele>515.2066666666666</ele><time>2023-08-16T04:49:37Z</time></trkpt><trkpt lat="35.6217616" lon="139.2444875"><ele>512.2466666666667</ele><time>2023-08-16T04:49:53Z</time></trkpt><trkpt lat="35.6218048" lon="139.2447248"><ele>507.09</ele><time>2023-08-16T04:50:06Z</time></trkpt><trkpt lat="35.6218699" lon="139.2449343"><ele>503.2733333333333</ele><time>2023-08-16T04:50:29Z</time></trkpt><trkpt lat="35.6217974" lon="139.2451491"><ele>500.2133333333333</ele><time>2023-08-16T04:50:53Z</time></trkpt><trkpt lat="35.6217421" lon="139.245363"><ele>496.8866666666666</ele><time>2023-08-16T04:51:08Z</time></trkpt><trkpt lat="35.6216934" lon="139.2455814"><ele>493.18</ele><time>2023-08-16T04:51:24Z</time></trkpt><trkpt lat="35.6216596" lon="139.2458004"><ele>490.8966666666667</ele><time>2023-08-16T04:51:43Z</time></trkpt><trkpt lat="35.6217354" lon="139.2460049"><ele>490.0933333333333</ele><time>2023-08-16T04:52:00Z</time></trkpt><trkpt lat="35.6217467" lon="139.2462399"><ele>490.50333333333333</ele><time>2023-08-16T04:52:18Z</time></trkpt><trkpt lat="35.6217733" lon="139.2464628"><ele>491.53999999999996</ele><time>2023-08-16T04:52:38Z</time></trkpt><trkpt lat="35.6218221" lon="139.2466772"><ele>491.8833333333334</ele><time>2023-08-16T04:53:10Z</time></trkpt><trkpt lat="35.6218621" lon="139.2469159"><ele>490.5233333333333</ele><time>2023-08-16T04:53:43Z</time></trkpt><trkpt lat="35.621832" lon="139.2471464"><ele>490.8733333333333</ele><time>2023-08-16T04:53:56Z</time></trkpt><trkpt lat="35.6217054" lon="139.2473127"><ele>491.26000000000005</ele><time>2023-08-16T04:54:11Z</time></trkpt><trkpt lat="35.6215464" lon="139.2474467"><ele>492.8066666666667</ele><time>2023-08-16T04:54:38Z</time></trkpt><trkpt lat="35.6215242" lon="139.2476708"><ele>492.7033333333333</ele><time>2023-08-16T04:55:00Z</time></trkpt><trkpt lat="35.6214774" lon="139.2478896"><ele>492.22333333333336</ele><time>2023-08-16T04:55:14Z</time></trkpt><trkpt lat="35.6214051" lon="139.2480938"><ele>491.59666666666664</ele><time>2023-08-16T04:55:32Z</time></trkpt><trkpt lat="35.6213563" lon="139.2483174"><ele>489.6033333333333</ele><time>2023-08-16T04:55:52Z</time></trkpt><trkpt lat="35.6213008" lon="139.2485718"><ele>488.2033333333334</ele><time>2023-08-16T04:56:09Z</time></trkpt><trkpt lat="35.621168" lon="139.248755"><ele>486.70666666666665</ele><time>2023-08-16T04:56:24Z</time></trkpt><trkpt lat="35.6211785" lon="139.2489928"><ele>485.3433333333333</ele><time>2023-08-16T04:56:50Z</time></trkpt><trkpt lat="35.6212467" lon="139.2491996"><ele>483.29333333333335</ele><time>2023-08-16T04:57:14Z</time></trkpt><trkpt lat="35.6212822" lon="139.2494404"><ele>479.2366666666667</ele><time>2023-08-16T04:57:49Z</time></trkpt><trkpt lat="35.6213425" lon="139.2496632"><ele>473.67333333333335</ele><time>2023-08-16T04:58:06Z</time></trkpt><trkpt lat="35.6213465" lon="139.2499039"><ele>466.1566666666667</ele><time>2023-08-16T04:58:45Z</time></trkpt><trkpt lat="35.6213806" lon="139.2501466"><ele>462.02</ele><time>2023-08-16T04:59:09Z</time></trkpt><trkpt lat="35.6214588" lon="139.2503512"><ele>460.48</ele><time>2023-08-16T04:59:25Z</time></trkpt><trkpt lat="35.6215431" lon="139.2505479"><ele>460.8</ele><time>2023-08-16T04:59:39Z</time></trkpt><trkpt lat="35.6215953" lon="139.2507676"><ele>457.19000000000005</ele><time>2023-08-16T04:59:52Z</time></trkpt><trkpt lat="35.6217018" lon="139.2509597"><ele>452.9433333333334</ele><time>2023-08-16T05:00:09Z</time></trkpt><trkpt lat="35.6217705" lon="139.2511681"><ele>449.44000000000005</ele><time>2023-08-16T05:00:29Z</time></trkpt><trkpt lat="35.6218389" lon="139.2513749"><ele>449.43666666666667</ele><time>2023-08-16T05:00:46Z</time></trkpt><trkpt lat="35.6219367" lon="139.2515764"><ele>452.35999999999996</ele><time>2023-08-16T05:00:58Z</time></trkpt><trkpt lat="35.6220888" lon="139.2517045"><ele>455.96</ele><time>2023-08-16T05:01:16Z</time></trkpt><trkpt lat="35.6222071" lon="139.2518894"><ele>457.2833333333333</ele><time>2023-08-16T05:01:29Z</time></trkpt><trkpt lat="35.6223227" lon="139.2520723"><ele>455.20000000000005</ele><time>2023-08-16T05:01:47Z</time></trkpt><trkpt lat="35.622406" lon="139.2522704"><ele>452.26</ele><time>2023-08-16T05:02:02Z</time></trkpt><trkpt lat="35.6225919" lon="139.2523341"><ele>451.6666666666667</ele><time>2023-08-16T05:02:18Z</time></trkpt><trkpt lat="35.6227488" lon="139.2524564"><ele>451.48</ele><time>2023-08-16T05:02:32Z</time></trkpt><trkpt lat="35.6228896" lon="139.2525984"><ele>448.41</ele><time>2023-08-16T05:02:50Z</time></trkpt><trkpt lat="35.6230595" lon="139.2526818"><ele>441.8666666666666</ele><time>2023-08-16T05:03:19Z</time></trkpt><trkpt lat="35.6232315" lon="139.2527539"><ele>433.79</ele><time>2023-08-16T05:04:05Z</time></trkpt><trkpt lat="35.6234101" lon="139.252859"><ele>426.94000000000005</ele><time>2023-08-16T05:04:48Z</time></trkpt><trkpt lat="35.6235573" lon="139.2530002"><ele>419.1366666666667</ele><time>2023-08-16T05:05:06Z</time></trkpt><trkpt lat="35.6237424" lon="139.2530165"><ele>413.7</ele><time>2023-08-16T05:05:19Z</time></trkpt><trkpt lat="35.6239055" lon="139.2531217"><ele>409.97</ele><time>2023-08-16T05:05:35Z</time></trkpt><trkpt lat="35.6240447" lon="139.2532672"><ele>410.1166666666666</ele><time>2023-08-16T05:05:51Z</time></trkpt><trkpt lat="35.6242005" lon="139.2533887"><ele>411.6566666666667</ele><time>2023-08-16T05:06:08Z</time></trkpt><trkpt lat="35.6243452" lon="139.2535233"><ele>413.18666666666667</ele><time>2023-08-16T05:06:22Z</time></trkpt><trkpt lat="35.6244754" lon="139.2536799"><ele>415.8333333333333</ele><time>2023-08-16T05:06:38Z</time></trkpt><trkpt lat="35.624595" lon="139.2538466"><ele>416.6133333333333</ele><time>2023-08-16T05:06:52Z</time></trkpt><trkpt lat="35.6246893" lon="139.2540402"><ele>415.8766666666667</ele><time>2023-08-16T05:07:07Z</time></trkpt><trkpt lat="35.6247728" lon="139.2542442"><ele>412.92333333333335</ele><time>2023-08-16T05:07:23Z</time></trkpt><trkpt lat="35.6248724" lon="139.2544414"><ele>409.25666666666666</ele><time>2023-08-16T05:07:40Z</time></trkpt><trkpt lat="35.6250226" lon="139.2545962"><ele>404.7966666666666</ele><time>2023-08-16T05:07:58Z</time></trkpt><trkpt lat="35.6251784" lon="139.2547096"><ele>402.34</ele><time>2023-08-16T05:08:30Z</time></trkpt><trkpt lat="35.6253105" lon="139.254876"><ele>400.65333333333336</ele><time>2023-08-16T05:09:22Z</time></trkpt><trkpt lat="35.6253945" lon="139.2551077"><ele>399.79333333333335</ele><time>2023-08-16T05:09:54Z</time></trkpt><trkpt lat="35.6255107" lon="139.255288"><ele>398.96333333333337</ele><time>2023-08-16T05:10:15Z</time></trkpt><trkpt lat="35.6256219" lon="139.255465"><ele>397.99666666666667</ele><time>2023-08-16T05:10:31Z</time></trkpt><trkpt lat="35.6257486" lon="139.2556241"><ele>399.96999999999997</ele><time>2023-08-16T05:10:52Z</time></trkpt><trkpt lat="35.6258352" lon="139.255824"><ele>401.9533333333334</ele><time>2023-08-16T05:11:10Z</time></trkpt><trkpt lat="35.6258283" lon="139.2560528"><ele>404.15333333333336</ele><time>2023-08-16T05:11:31Z</time></trkpt><trkpt lat="35.6257626" lon="139.2562729"><ele>403.05333333333334</ele><time>2023-08-16T05:11:46Z</time></trkpt><trkpt lat="35.6257564" lon="139.2564968"><ele>401.2366666666667</ele><time>2023-08-16T05:12:18Z</time></trkpt><trkpt lat="35.6257306" lon="139.2567193"><ele>398.93333333333334</ele><time>2023-08-16T05:12:39Z</time></trkpt><trkpt lat="35.6258086" lon="139.2569309"><ele>399.22</ele><time>2023-08-16T05:12:56Z</time></trkpt><trkpt lat="35.6258149" lon="139.2571651"><ele>399.75666666666666</ele><time>2023-08-16T05:13:16Z</time></trkpt><trkpt lat="35.6259908" lon="139.2572339"><ele>399.9466666666667</ele><time>2023-08-16T05:14:59Z</time></trkpt><trkpt lat="35.6261665" lon="139.2571837"><ele>399.39000000000004</ele><time>2023-08-16T05:15:44Z</time></trkpt><trkpt lat="35.626314" lon="139.2573153"><ele>395.0366666666667</ele><time>2023-08-16T05:16:03Z</time></trkpt><trkpt lat="35.6264751" lon="139.2574194"><ele>389.8333333333333</ele><time>2023-08-16T05:16:43Z</time></trkpt><trkpt lat="35.6266539" lon="139.257386"><ele>384.25666666666666</ele><time>2023-08-16T05:16:55Z</time></trkpt><trkpt lat="35.6267983" lon="139.2575234"><ele>380.3566666666666</ele><time>2023-08-16T05:17:11Z</time></trkpt><trkpt lat="35.6269878" lon="139.2574829"><ele>377.02666666666664</ele><time>2023-08-16T05:17:55Z</time></trkpt><trkpt lat="35.627125" lon="139.2576266"><ele>373.08666666666664</ele><time>2023-08-16T05:18:06Z</time></trkpt><trkpt lat="35.6272079" lon="139.2578238"><ele>369.35999999999996</ele><time>2023-08-16T05:18:24Z</time></trkpt><trkpt lat="35.6272641" lon="139.2580368"><ele>367.80999999999995</ele><time>2023-08-16T05:18:42Z</time></trkpt><trkpt lat="35.6273573" lon="139.258229"><ele>368.72</ele><time>2023-08-16T05:18:56Z</time></trkpt><trkpt lat="35.627425" lon="139.2584375"><ele>372.2366666666667</ele><time>2023-08-16T05:19:08Z</time></trkpt><trkpt lat="35.6275101" lon="139.2586324"><ele>375.49666666666667</ele><time>2023-08-16T05:19:27Z</time></trkpt><trkpt lat="35.6274938" lon="139.2588531"><ele>377.58</ele><time>2023-08-16T05:19:43Z</time></trkpt><trkpt lat="35.6274698" lon="139.2590885"><ele>378.96999999999997</ele><time>2023-08-16T05:20:00Z</time></trkpt><trkpt lat="35.6274503" lon="139.2593098"><ele>379.6266666666667</ele><time>2023-08-16T05:20:22Z</time></trkpt><trkpt lat="35.6274079" lon="139.2595287"><ele>378.6766666666667</ele><time>2023-08-16T05:20:40Z</time></trkpt><trkpt lat="35.6273372" lon="139.2597538"><ele>376.57</ele><time>2023-08-16T05:20:57Z</time></trkpt><trkpt lat="35.6272833" lon="139.2599647"><ele>372.8533333333333</ele><time>2023-08-16T05:21:23Z</time></trkpt><trkpt lat="35.6272539" lon="139.2601935"><ele>369.1333333333334</ele><time>2023-08-16T05:21:42Z</time></trkpt><trkpt lat="35.6271937" lon="139.2604277"><ele>364.67333333333335</ele><time>2023-08-16T05:22:18Z</time></trkpt><trkpt lat="35.6272229" lon="139.2606526"><ele>358.78666666666663</ele><time>2023-08-16T05:22:34Z</time></trkpt><trkpt lat="35.6273008" lon="139.2608558"><ele>353.04</ele><time>2023-08-16T05:22:59Z</time></trkpt><trkpt lat="35.6274245" lon="139.26102"><ele>349.03999999999996</ele><time>2023-08-16T05:23:15Z</time></trkpt><trkpt lat="35.6274915" lon="139.2612257"><ele>346.08666666666664</ele><time>2023-08-16T05:23:31Z</time></trkpt><trkpt lat="35.6275971" lon="139.2614111"><ele>343.1766666666667</ele><time>2023-08-16T05:23:50Z</time></trkpt><trkpt lat="35.6277396" lon="139.2615833"><ele>340.33</ele><time>2023-08-16T05:24:08Z</time></trkpt><trkpt lat="35.6278409" lon="139.2617782"><ele>338.36999999999995</ele><time>2023-08-16T05:24:24Z</time></trkpt><trkpt lat="35.6279713" lon="139.261944"><ele>338.61000000000007</ele><time>2023-08-16T05:24:42Z</time></trkpt><trkpt lat="35.6280803" lon="139.2621201"><ele>338.74666666666667</ele><time>2023-08-16T05:24:59Z</time></trkpt><trkpt lat="35.6281791" lon="139.2623092"><ele>338.2266666666667</ele><time>2023-08-16T05:25:19Z</time></trkpt><trkpt lat="35.6283548" lon="139.2623767"><ele>338.6366666666667</ele><time>2023-08-16T05:25:42Z</time></trkpt><trkpt lat="35.6285017" lon="139.2625154"><ele>340.29</ele><time>2023-08-16T05:25:58Z</time></trkpt><trkpt lat="35.6286854" lon="139.2625133"><ele>345.5066666666667</ele><time>2023-08-16T05:26:16Z</time></trkpt><trkpt lat="35.628822" lon="139.2626746"><ele>347.88000000000005</ele><time>2023-08-16T05:26:30Z</time></trkpt><trkpt lat="35.6289837" lon="139.2628017"><ele>348.86666666666673</ele><time>2023-08-16T05:26:54Z</time></trkpt><trkpt lat="35.6290301" lon="139.2630191"><ele>344.7666666666667</ele><time>2023-08-16T05:27:11Z</time></trkpt><trkpt lat="35.6291406" lon="139.2631952"><ele>342.1033333333333</ele><time>2023-08-16T05:27:39Z</time></trkpt><trkpt lat="35.6291229" lon="139.2634219"><ele>336.9533333333334</ele><time>2023-08-16T05:28:15Z</time></trkpt><trkpt lat="35.6291257" lon="139.2636523"><ele>334.04</ele><time>2023-08-16T05:28:36Z</time></trkpt><trkpt lat="35.6291013" lon="139.2638712"><ele>328.21333333333337</ele><time>2023-08-16T05:28:51Z</time></trkpt><trkpt lat="35.6290427" lon="139.2640978"><ele>323.13000000000005</ele><time>2023-08-16T05:29:08Z</time></trkpt><trkpt lat="35.6290103" lon="139.2643162"><ele>319.6166666666666</ele><time>2023-08-16T05:29:27Z</time></trkpt><trkpt lat="35.6289951" lon="139.2645471"><ele>317.43333333333334</ele><time>2023-08-16T05:30:03Z</time></trkpt><trkpt lat="35.6289721" lon="139.2647789"><ele>314.34666666666664</ele><time>2023-08-16T05:30:42Z</time></trkpt><trkpt lat="35.6289542" lon="139.2650034"><ele>310.31666666666666</ele><time>2023-08-16T05:31:01Z</time></trkpt><trkpt lat="35.6289383" lon="139.2652252"><ele>305.84</ele><time>2023-08-16T05:31:17Z</time></trkpt><trkpt lat="35.6290207" lon="139.2654262"><ele>304.57666666666665</ele><time>2023-08-16T05:32:06Z</time></trkpt><trkpt lat="35.6289385" lon="139.2656257"><ele>300.0366666666667</ele><time>2023-08-16T05:32:23Z</time></trkpt><trkpt lat="35.6289461" lon="139.2658488"><ele>295.51666666666665</ele><time>2023-08-16T05:32:36Z</time></trkpt><trkpt lat="35.6289676" lon="139.26607"><ele>287.3333333333333</ele><time>2023-08-16T05:33:15Z</time></trkpt><trkpt lat="35.6291382" lon="139.2661997"><ele>283.8833333333333</ele><time>2023-08-16T05:33:36Z</time></trkpt><trkpt lat="35.6291836" lon="139.2664445"><ele>278.50666666666666</ele><time>2023-08-16T05:33:52Z</time></trkpt><trkpt lat="35.6292684" lon="139.266641"><ele>276.3</ele><time>2023-08-16T05:34:10Z</time></trkpt><trkpt lat="35.6292824" lon="139.2668616"><ele>270.06666666666666</ele><time>2023-08-16T05:34:41Z</time></trkpt><trkpt lat="35.6293085" lon="139.2670828"><ele>266.0466666666666</ele><time>2023-08-16T05:35:02Z</time></trkpt><trkpt lat="35.6292123" lon="139.2672748"><ele>260.2966666666667</ele><time>2023-08-16T05:35:21Z</time></trkpt><trkpt lat="35.6293836" lon="139.2673699"><ele>259.68666666666667</ele><time>2023-08-16T05:35:34Z</time></trkpt><trkpt lat="35.6295485" lon="139.2674669"><ele>260.3966666666667</ele><time>2023-08-16T05:35:45Z</time></trkpt><trkpt lat="35.6297299" lon="139.2674644"><ele>261.83</ele><time>2023-08-16T05:36:00Z</time></trkpt><trkpt lat="35.6299183" lon="139.2674905"><ele>258.9533333333333</ele><time>2023-08-16T05:36:17Z</time></trkpt><trkpt lat="35.6300501" lon="139.2676493"><ele>250.30999999999997</ele><time>2023-08-16T05:36:39Z</time></trkpt><trkpt lat="35.6302374" lon="139.2675572"><ele>243.89333333333335</ele><time>2023-08-16T05:37:03Z</time></trkpt><trkpt lat="35.6303518" lon="139.2673837"><ele>241.34333333333336</ele><time>2023-08-16T05:37:30Z</time></trkpt><trkpt lat="35.6304761" lon="139.2675483"><ele>241.42333333333332</ele><time>2023-08-16T05:38:07Z</time></trkpt><trkpt lat="35.630626" lon="139.2676739"><ele>237.59</ele><time>2023-08-16T05:38:29Z</time></trkpt><trkpt lat="35.6308093" lon="139.2677237"><ele>229.83666666666667</ele><time>2023-08-16T05:38:44Z</time></trkpt><trkpt lat="35.6309011" lon="139.2675297"><ele>222.19333333333336</ele><time>2023-08-16T05:39:01Z</time></trkpt><trkpt lat="35.630828" lon="139.2673257"><ele>216.05999999999997</ele><time>2023-08-16T05:39:13Z</time></trkpt><trkpt lat="35.630903" lon="139.2671233"><ele>209.45333333333335</ele><time>2023-08-16T05:39:33Z</time></trkpt><trkpt lat="35.6307521" lon="139.266988"><ele>207.0666666666667</ele><time>2023-08-16T05:39:47Z</time></trkpt><trkpt lat="35.63094" lon="139.2669972"><ele>204.4766666666667</ele><time>2023-08-16T05:40:43Z</time></trkpt><trkpt lat="35.6310842" lon="139.2671438"><ele>204.41333333333333</ele><time>2023-08-16T05:41:01Z</time></trkpt><trkpt lat="35.6311818" lon="139.2673574"><ele>202.03333333333333</ele><time>2023-08-16T05:41:12Z</time></trkpt><trkpt lat="35.6311987" lon="139.2675867"><ele>200.92333333333332</ele><time>2023-08-16T05:41:28Z</time></trkpt><trkpt lat="35.6312882" lon="139.2677883"><ele>199.88666666666668</ele><time>2023-08-16T05:41:41Z</time></trkpt><trkpt lat="35.6312377" lon="139.2680099"><ele>199.62333333333333</ele><time>2023-08-16T05:41:55Z</time></trkpt><trkpt lat="35.6312835" lon="139.2682327"><ele>199.48000000000002</ele><time>2023-08-16T05:42:10Z</time></trkpt><trkpt lat="35.631345" lon="139.2684426"><ele>199.04999999999998</ele><time>2023-08-16T05:42:26Z</time></trkpt><trkpt lat="35.6314344" lon="139.2686493"><ele>198.11666666666665</ele><time>2023-08-16T05:42:36Z</time></trkpt><trkpt lat="35.6314417" lon="139.2688757"><ele>196.45666666666668</ele><time>2023-08-16T05:42:56Z</time></trkpt><trkpt lat="35.6314578" lon="139.269099"><ele>194.6966666666667</ele><time>2023-08-16T05:43:11Z</time></trkpt><trkpt lat="35.6315735" lon="139.2692713"><ele>193.28333333333333</ele><time>2023-08-16T05:43:24Z</time></trkpt><trkpt lat="35.6316725" lon="139.2694754"><ele>192.28333333333333</ele><time>2023-08-16T05:43:36Z</time></trkpt><trkpt lat="35.6318071" lon="139.2696447"><ele>191.51333333333332</ele><time>2023-08-16T05:43:49Z</time></trkpt><trkpt lat="35.6319037" lon="139.2698359"><ele>190.32666666666668</ele><time>2023-08-16T05:43:59Z</time></trkpt><trkpt lat="35.632023" lon="139.2700219"><ele>189.33</ele><time>2023-08-16T05:44:09Z</time></trkpt><trkpt lat="35.6321917" lon="139.2701515"><ele>188.9333333333333</ele><time>2023-08-16T05:44:22Z</time></trkpt></trkseg></trk></gpx>