<?xml version='1.0' encoding='UTF-8'?><gpx creator="YAMAP - https://yamap.com" xsi:schemaLocation="http://www.topografix.com/GPX/1/1 http://www.topografix.com/GPX/1/1/gpx.xsd" version="1.1" xmlns="http://www.topografix.com/GPX/1/1" xmlns:xsi="http://www.w3.org/2001/XMLSchema-instance"><metadata><bounds maxlat="36.0253298" maxlon="139.2993982" minlat="35.9570577" minlon="139.2472558"/></metadata><trk><name>雷電山・堂山・弓立山・大高取山・根っこ山・西山高取・高取山</name><number>1</number><trkseg><trkpt lat="36.0110428" lon="139.292844"><ele>73.68528101409048</ele><time>2023-03-03T23:57:01Z</time></trkpt><trkpt lat="36.0110884" lon="139.2926163"><ele>73.3854031418717</ele><time>2023-03-03T23:57:16Z</time></trkpt><trkpt lat="36.0111058" lon="139.2923941"><ele>73.38550391639934</ele><time>2023-03-03T23:57:32Z</time></trkpt><trkpt lat="36.011128" lon="139.2921735"><ele>73.28570814681362</ele><time>2023-03-03T23:57:45Z</time></trkpt><trkpt lat="36.0111588" lon="139.2919507"><ele>73.48590235820177</ele><time>2023-03-03T23:58:00Z</time></trkpt><trkpt lat="36.0112238" lon="139.2917387"><ele>73.88613120547794</ele><time>2023-03-03T23:58:15Z</time></trkpt><trkpt lat="36.0111319" lon="139.291539"><ele>74.2862609489665</ele><time>2023-03-03T23:58:24Z</time></trkpt><trkpt lat="36.0111374" lon="139.2912958"><ele>74.85304044394482</ele><time>2023-03-03T23:58:35Z</time></trkpt><trkpt lat="36.0111026" lon="139.291075"><ele>75.11974055217875</ele><time>2023-03-03T23:58:50Z</time></trkpt><trkpt lat="36.0110658" lon="139.2908377"><ele>75.58649339463484</ele><time>2023-03-03T23:59:06Z</time></trkpt><trkpt lat="36.0109239" lon="139.2906956"><ele>75.85310303493769</ele><time>2023-03-03T23:59:17Z</time></trkpt><trkpt lat="36.0108107" lon="139.2905143"><ele>76.1196388008057</ele><time>2023-03-03T23:59:31Z</time></trkpt><trkpt lat="36.0109906" lon="139.2904486"><ele>75.81965336090441</ele><time>2023-03-03T23:59:53Z</time></trkpt><trkpt lat="36.011023" lon="139.2902285"><ele>74.9198284298266</ele><time>2023-03-04T00:00:08Z</time></trkpt><trkpt lat="36.0110924" lon="139.2900145"><ele>74.02016325760181</ele><time>2023-03-04T00:00:18Z</time></trkpt><trkpt lat="36.011122" lon="139.2897848"><ele>73.45374110667301</ele><time>2023-03-04T00:00:33Z</time></trkpt><trkpt lat="36.0111826" lon="139.2895535"><ele>73.42067799782613</ele><time>2023-03-04T00:00:42Z</time></trkpt><trkpt lat="36.0112166" lon="139.2893336"><ele>73.38758659448007</ele><time>2023-03-04T00:00:58Z</time></trkpt><trkpt lat="36.0112477" lon="139.2891101"><ele>75.67040830450487</ele><time>2023-03-04T00:01:12Z</time></trkpt><trkpt lat="36.0113066" lon="139.2888999"><ele>78.07064355403521</ele><time>2023-03-04T00:01:27Z</time></trkpt><trkpt lat="36.0113562" lon="139.2886833"><ele>79.55551933670648</ele><time>2023-03-04T00:01:39Z</time></trkpt><trkpt lat="36.0113974" lon="139.2884545"><ele>80.77361267211799</ele><time>2023-03-04T00:01:52Z</time></trkpt><trkpt lat="36.01149" lon="139.2882543"><ele>81.68296871885335</ele><time>2023-03-04T00:02:03Z</time></trkpt><trkpt lat="36.0115757" lon="139.2880585"><ele>82.16532156838402</ele><time>2023-03-04T00:02:13Z</time></trkpt><trkpt lat="36.0116102" lon="139.2878332"><ele>81.09854776425226</ele><time>2023-03-04T00:02:27Z</time></trkpt><trkpt lat="36.0117015" lon="139.2876361"><ele>80.08978403725067</ele><time>2023-03-04T00:02:42Z</time></trkpt><trkpt lat="36.0116945" lon="139.2874104"><ele>80.52334851126994</ele><time>2023-03-04T00:02:56Z</time></trkpt><trkpt lat="36.0117846" lon="139.2872177"><ele>80.49028677320076</ele><time>2023-03-04T00:03:08Z</time></trkpt><trkpt lat="36.0118598" lon="139.286987"><ele>80.49055392696758</ele><time>2023-03-04T00:03:29Z</time></trkpt><trkpt lat="36.011943" lon="139.2867514"><ele>80.59090131361164</ele><time>2023-03-04T00:03:43Z</time></trkpt><trkpt lat="36.0119897" lon="139.2865308"><ele>80.8578844383794</ele><time>2023-03-04T00:03:56Z</time></trkpt><trkpt lat="36.0120433" lon="139.2862828"><ele>81.22485152344015</ele><time>2023-03-04T00:04:12Z</time></trkpt><trkpt lat="36.0120616" lon="139.2860599"><ele>81.39176131598042</ele><time>2023-03-04T00:04:25Z</time></trkpt><trkpt lat="36.0121637" lon="139.285844"><ele>81.5587179499949</ele><time>2023-03-04T00:04:38Z</time></trkpt><trkpt lat="36.0122503" lon="139.2856452"><ele>81.5590264983023</ele><time>2023-03-04T00:04:52Z</time></trkpt><trkpt lat="36.0122444" lon="139.285417"><ele>81.55931557667246</ele><time>2023-03-04T00:05:05Z</time></trkpt><trkpt lat="36.0123074" lon="139.2852004"><ele>81.22623825888242</ele><time>2023-03-04T00:05:20Z</time></trkpt><trkpt lat="36.012357" lon="139.284969"><ele>81.39313614597556</ele><time>2023-03-04T00:05:30Z</time></trkpt><trkpt lat="36.0124088" lon="139.2847466"><ele>81.56008272758301</ele><time>2023-03-04T00:05:44Z</time></trkpt><trkpt lat="36.0125925" lon="139.2847151"><ele>81.89376222034366</ele><time>2023-03-04T00:05:55Z</time></trkpt><trkpt lat="36.0125531" lon="139.2844813"><ele>81.57595691355588</ele><time>2023-03-04T00:06:02Z</time></trkpt><trkpt lat="36.012581" lon="139.2842617"><ele>81.42472766721393</ele><time>2023-03-04T00:06:12Z</time></trkpt><trkpt lat="36.0126233" lon="139.2839849"><ele>81.42333333333333</ele><time>2023-03-04T00:06:23Z</time></trkpt><trkpt lat="36.012709" lon="139.2837587"><ele>81.52999999999999</ele><time>2023-03-04T00:06:37Z</time></trkpt><trkpt lat="36.0127017" lon="139.2835241"><ele>81.42333333333333</ele><time>2023-03-04T00:06:51Z</time></trkpt><trkpt lat="36.0127514" lon="139.283307"><ele>81.16333333333334</ele><time>2023-03-04T00:07:01Z</time></trkpt><trkpt lat="36.0129076" lon="139.2831854"><ele>81.25666666666667</ele><time>2023-03-04T00:07:21Z</time></trkpt><trkpt lat="36.0130513" lon="139.2829756"><ele>81.66333333333334</ele><time>2023-03-04T00:07:31Z</time></trkpt><trkpt lat="36.0131343" lon="139.28277"><ele>82.51666666666667</ele><time>2023-03-04T00:07:56Z</time></trkpt><trkpt lat="36.013296" lon="139.2826272"><ele>83.44666666666666</ele><time>2023-03-04T00:08:05Z</time></trkpt><trkpt lat="36.0134697" lon="139.2825489"><ele>84.27666666666666</ele><time>2023-03-04T00:08:14Z</time></trkpt><trkpt lat="36.0134925" lon="139.2823265"><ele>84.96</ele><time>2023-03-04T00:08:29Z</time></trkpt><trkpt lat="36.0136539" lon="139.2821922"><ele>85.33666666666666</ele><time>2023-03-04T00:08:41Z</time></trkpt><trkpt lat="36.0138008" lon="139.2820471"><ele>85.52666666666669</ele><time>2023-03-04T00:08:53Z</time></trkpt><trkpt lat="36.0139373" lon="139.281873"><ele>85.51333333333334</ele><time>2023-03-04T00:09:06Z</time></trkpt><trkpt lat="36.0140686" lon="139.2817033"><ele>85.75</ele><time>2023-03-04T00:09:15Z</time></trkpt><trkpt lat="36.0142492" lon="139.2816259"><ele>85.97666666666667</ele><time>2023-03-04T00:09:32Z</time></trkpt><trkpt lat="36.0143935" lon="139.2814824"><ele>86.18333333333334</ele><time>2023-03-04T00:09:43Z</time></trkpt><trkpt lat="36.0145062" lon="139.2812963"><ele>86.16666666666667</ele><time>2023-03-04T00:09:56Z</time></trkpt><trkpt lat="36.014654" lon="139.2811531"><ele>86.03333333333335</ele><time>2023-03-04T00:10:10Z</time></trkpt><trkpt lat="36.0147733" lon="139.2809576"><ele>85.78000000000002</ele><time>2023-03-04T00:10:21Z</time></trkpt><trkpt lat="36.0148664" lon="139.28075"><ele>85.72666666666669</ele><time>2023-03-04T00:10:29Z</time></trkpt><trkpt lat="36.0150311" lon="139.2806371"><ele>85.79</ele><time>2023-03-04T00:10:40Z</time></trkpt><trkpt lat="36.0151843" lon="139.2805183"><ele>86.06333333333333</ele><time>2023-03-04T00:10:57Z</time></trkpt><trkpt lat="36.0152985" lon="139.2803383"><ele>86.35000000000001</ele><time>2023-03-04T00:11:12Z</time></trkpt><trkpt lat="36.0154678" lon="139.2802447"><ele>86.67333333333333</ele><time>2023-03-04T00:11:29Z</time></trkpt><trkpt lat="36.0155919" lon="139.2800823"><ele>86.89333333333333</ele><time>2023-03-04T00:11:41Z</time></trkpt><trkpt lat="36.0157484" lon="139.2799292"><ele>87.0</ele><time>2023-03-04T00:11:50Z</time></trkpt><trkpt lat="36.0159038" lon="139.2798093"><ele>87.03333333333335</ele><time>2023-03-04T00:12:00Z</time></trkpt><trkpt lat="36.0160569" lon="139.2796579"><ele>87.16333333333334</ele><time>2023-03-04T00:12:13Z</time></trkpt><trkpt lat="36.016195" lon="139.2794951"><ele>87.25999999999999</ele><time>2023-03-04T00:12:22Z</time></trkpt><trkpt lat="36.0162724" lon="139.2792857"><ele>87.33333333333333</ele><time>2023-03-04T00:12:33Z</time></trkpt><trkpt lat="36.0164267" lon="139.2791669"><ele>86.54333333333334</ele><time>2023-03-04T00:12:44Z</time></trkpt><trkpt lat="36.016504" lon="139.2789504"><ele>85.43333333333334</ele><time>2023-03-04T00:13:03Z</time></trkpt><trkpt lat="36.0166662" lon="139.2788373"><ele>84.77</ele><time>2023-03-04T00:13:14Z</time></trkpt><trkpt lat="36.0168232" lon="139.2786947"><ele>85.02333333333333</ele><time>2023-03-04T00:13:24Z</time></trkpt><trkpt lat="36.0169581" lon="139.2784859"><ele>85.79333333333334</ele><time>2023-03-04T00:13:38Z</time></trkpt><trkpt lat="36.0170693" lon="139.2782988"><ele>86.34666666666665</ele><time>2023-03-04T00:13:52Z</time></trkpt><trkpt lat="36.0171816" lon="139.2781158"><ele>86.79333333333334</ele><time>2023-03-04T00:14:09Z</time></trkpt><trkpt lat="36.0173316" lon="139.2779419"><ele>87.14333333333333</ele><time>2023-03-04T00:14:24Z</time></trkpt><trkpt lat="36.0174691" lon="139.2777845"><ele>87.45</ele><time>2023-03-04T00:14:35Z</time></trkpt><trkpt lat="36.0175404" lon="139.2775743"><ele>87.67666666666668</ele><time>2023-03-04T00:14:46Z</time></trkpt><trkpt lat="36.0176415" lon="139.277378"><ele>87.78333333333335</ele><time>2023-03-04T00:14:56Z</time></trkpt><trkpt lat="36.0177704" lon="139.277201"><ele>87.85333333333335</ele><time>2023-03-04T00:15:06Z</time></trkpt><trkpt lat="36.017767" lon="139.2769555"><ele>87.79333333333334</ele><time>2023-03-04T00:15:13Z</time></trkpt><trkpt lat="36.0179149" lon="139.2768232"><ele>87.82666666666667</ele><time>2023-03-04T00:15:29Z</time></trkpt><trkpt lat="36.0180791" lon="139.2766998"><ele>88.00333333333333</ele><time>2023-03-04T00:15:40Z</time></trkpt><trkpt lat="36.0181622" lon="139.2764982"><ele>88.35000000000001</ele><time>2023-03-04T00:15:53Z</time></trkpt><trkpt lat="36.0181798" lon="139.2762601"><ele>88.61666666666667</ele><time>2023-03-04T00:16:04Z</time></trkpt><trkpt lat="36.01825" lon="139.2760381"><ele>88.70666666666666</ele><time>2023-03-04T00:16:13Z</time></trkpt><trkpt lat="36.0184207" lon="139.2759227"><ele>88.93</ele><time>2023-03-04T00:16:27Z</time></trkpt><trkpt lat="36.0185352" lon="139.2757491"><ele>89.07333333333334</ele><time>2023-03-04T00:16:38Z</time></trkpt><trkpt lat="36.0186436" lon="139.2755555"><ele>89.48333333333333</ele><time>2023-03-04T00:16:53Z</time></trkpt><trkpt lat="36.0187621" lon="139.2753749"><ele>90.25333333333333</ele><time>2023-03-04T00:17:03Z</time></trkpt><trkpt lat="36.0188651" lon="139.2751801"><ele>91.52666666666666</ele><time>2023-03-04T00:17:16Z</time></trkpt><trkpt lat="36.0188648" lon="139.2749354"><ele>92.03333333333335</ele><time>2023-03-04T00:17:29Z</time></trkpt><trkpt lat="36.0190206" lon="139.2747461"><ele>92.08</ele><time>2023-03-04T00:17:43Z</time></trkpt><trkpt lat="36.0190146" lon="139.2745219"><ele>91.73</ele><time>2023-03-04T00:17:59Z</time></trkpt><trkpt lat="36.0190676" lon="139.2742996"><ele>91.99666666666667</ele><time>2023-03-04T00:18:12Z</time></trkpt><trkpt lat="36.0190572" lon="139.2740692"><ele>91.93</ele><time>2023-03-04T00:18:20Z</time></trkpt><trkpt lat="36.0190283" lon="139.2738226"><ele>91.49666666666667</ele><time>2023-03-04T00:18:30Z</time></trkpt><trkpt lat="36.0191085" lon="139.2736238"><ele>90.97000000000001</ele><time>2023-03-04T00:18:45Z</time></trkpt><trkpt lat="36.0192039" lon="139.2734189"><ele>90.99000000000001</ele><time>2023-03-04T00:18:57Z</time></trkpt><trkpt lat="36.0193009" lon="139.2732218"><ele>91.54</ele><time>2023-03-04T00:19:07Z</time></trkpt><trkpt lat="36.019307" lon="139.2729753"><ele>91.5</ele><time>2023-03-04T00:19:18Z</time></trkpt><trkpt lat="36.0192905" lon="139.2727494"><ele>91.08333333333333</ele><time>2023-03-04T00:19:31Z</time></trkpt><trkpt lat="36.0194286" lon="139.2725839"><ele>90.63999999999999</ele><time>2023-03-04T00:19:45Z</time></trkpt><trkpt lat="36.0195068" lon="139.2723634"><ele>91.0</ele><time>2023-03-04T00:19:57Z</time></trkpt><trkpt lat="36.0194794" lon="139.272131"><ele>91.62666666666667</ele><time>2023-03-04T00:20:08Z</time></trkpt><trkpt lat="36.0195199" lon="139.2719049"><ele>92.21333333333332</ele><time>2023-03-04T00:20:19Z</time></trkpt><trkpt lat="36.0196201" lon="139.2717068"><ele>92.87333333333333</ele><time>2023-03-04T00:20:31Z</time></trkpt><trkpt lat="36.0197343" lon="139.2715278"><ele>93.52999999999999</ele><time>2023-03-04T00:20:48Z</time></trkpt><trkpt lat="36.019852" lon="139.2713572"><ele>94.28000000000002</ele><time>2023-03-04T00:20:55Z</time></trkpt><trkpt lat="36.0199457" lon="139.2711511"><ele>94.74666666666667</ele><time>2023-03-04T00:21:09Z</time></trkpt><trkpt lat="36.0198208" lon="139.2709871"><ele>95.11000000000001</ele><time>2023-03-04T00:21:20Z</time></trkpt><trkpt lat="36.0199225" lon="139.2707766"><ele>95.39</ele><time>2023-03-04T00:21:32Z</time></trkpt><trkpt lat="36.020069" lon="139.270613"><ele>95.72000000000001</ele><time>2023-03-04T00:21:41Z</time></trkpt><trkpt lat="36.0201559" lon="139.2704182"><ele>96.13</ele><time>2023-03-04T00:21:56Z</time></trkpt><trkpt lat="36.0201464" lon="139.2701858"><ele>96.54333333333334</ele><time>2023-03-04T00:22:08Z</time></trkpt><trkpt lat="36.0201972" lon="139.2699534"><ele>96.98333333333333</ele><time>2023-03-04T00:22:23Z</time></trkpt><trkpt lat="36.0203292" lon="139.2697846"><ele>97.3</ele><time>2023-03-04T00:22:33Z</time></trkpt><trkpt lat="36.0203883" lon="139.2695703"><ele>97.56666666666666</ele><time>2023-03-04T00:22:47Z</time></trkpt><trkpt lat="36.0204078" lon="139.2693483"><ele>97.90333333333332</ele><time>2023-03-04T00:23:00Z</time></trkpt><trkpt lat="36.0205242" lon="139.2691694"><ele>98.39</ele><time>2023-03-04T00:23:11Z</time></trkpt><trkpt lat="36.0206572" lon="139.2690138"><ele>99.00666666666666</ele><time>2023-03-04T00:23:25Z</time></trkpt><trkpt lat="36.0207142" lon="139.2687958"><ele>99.51666666666667</ele><time>2023-03-04T00:23:38Z</time></trkpt><trkpt lat="36.0207143" lon="139.2685705"><ele>99.95333333333333</ele><time>2023-03-04T00:23:50Z</time></trkpt><trkpt lat="36.0207758" lon="139.2683551"><ele>100.29</ele><time>2023-03-04T00:24:01Z</time></trkpt><trkpt lat="36.0207345" lon="139.2681011"><ele>100.59666666666665</ele><time>2023-03-04T00:24:12Z</time></trkpt><trkpt lat="36.0206707" lon="139.2678662"><ele>100.87333333333333</ele><time>2023-03-04T00:24:27Z</time></trkpt><trkpt lat="36.0206979" lon="139.2676353"><ele>101.16000000000001</ele><time>2023-03-04T00:24:44Z</time></trkpt><trkpt lat="36.0207797" lon="139.267432"><ele>101.51333333333332</ele><time>2023-03-04T00:24:57Z</time></trkpt><trkpt lat="36.0208413" lon="139.2672188"><ele>102.06333333333335</ele><time>2023-03-04T00:25:10Z</time></trkpt><trkpt lat="36.0208086" lon="139.266992"><ele>102.69666666666667</ele><time>2023-03-04T00:25:21Z</time></trkpt><trkpt lat="36.0208558" lon="139.2667699"><ele>103.47333333333334</ele><time>2023-03-04T00:25:49Z</time></trkpt><trkpt lat="36.0209881" lon="139.2666148"><ele>104.12</ele><time>2023-03-04T00:25:56Z</time></trkpt><trkpt lat="36.021092" lon="139.2664136"><ele>104.69</ele><time>2023-03-04T00:26:04Z</time></trkpt><trkpt lat="36.0211695" lon="139.2662042"><ele>105.27333333333333</ele><time>2023-03-04T00:26:21Z</time></trkpt><trkpt lat="36.0213035" lon="139.2660525"><ele>105.71666666666668</ele><time>2023-03-04T00:26:36Z</time></trkpt><trkpt lat="36.0214182" lon="139.2658781"><ele>106.16666666666667</ele><time>2023-03-04T00:26:48Z</time></trkpt><trkpt lat="36.0215652" lon="139.2657304"><ele>106.38999999999999</ele><time>2023-03-04T00:27:03Z</time></trkpt><trkpt lat="36.0217493" lon="139.2656447"><ele>106.46333333333332</ele><time>2023-03-04T00:27:14Z</time></trkpt><trkpt lat="36.0217955" lon="139.2654069"><ele>106.39333333333333</ele><time>2023-03-04T00:27:26Z</time></trkpt><trkpt lat="36.0218672" lon="139.2651943"><ele>106.23</ele><time>2023-03-04T00:27:39Z</time></trkpt><trkpt lat="36.0219427" lon="139.2649814"><ele>106.20666666666666</ele><time>2023-03-04T00:27:51Z</time></trkpt><trkpt lat="36.0220069" lon="139.264771"><ele>106.17666666666668</ele><time>2023-03-04T00:28:03Z</time></trkpt><trkpt lat="36.0219941" lon="139.2645446"><ele>106.45333333333333</ele><time>2023-03-04T00:28:15Z</time></trkpt><trkpt lat="36.0219322" lon="139.2643274"><ele>106.96</ele><time>2023-03-04T00:28:27Z</time></trkpt><trkpt lat="36.0219932" lon="139.2641174"><ele>107.82666666666667</ele><time>2023-03-04T00:28:41Z</time></trkpt><trkpt lat="36.0221087" lon="139.263937"><ele>108.39666666666666</ele><time>2023-03-04T00:28:56Z</time></trkpt><trkpt lat="36.022216" lon="139.2637426"><ele>108.58666666666666</ele><time>2023-03-04T00:29:08Z</time></trkpt><trkpt lat="36.022355" lon="139.2635916"><ele>108.19</ele><time>2023-03-04T00:29:19Z</time></trkpt><trkpt lat="36.0225105" lon="139.2634652"><ele>107.93666666666667</ele><time>2023-03-04T00:29:32Z</time></trkpt><trkpt lat="36.0226975" lon="139.2634513"><ele>107.85333333333334</ele><time>2023-03-04T00:29:42Z</time></trkpt><trkpt lat="36.022766" lon="139.2632431"><ele>108.19666666666667</ele><time>2023-03-04T00:29:55Z</time></trkpt><trkpt lat="36.022737" lon="139.2630147"><ele>108.57333333333334</ele><time>2023-03-04T00:30:03Z</time></trkpt><trkpt lat="36.022794" lon="139.2627944"><ele>109.06333333333333</ele><time>2023-03-04T00:30:16Z</time></trkpt><trkpt lat="36.022855" lon="139.2625698"><ele>109.49333333333334</ele><time>2023-03-04T00:30:24Z</time></trkpt><trkpt lat="36.0229161" lon="139.2623594"><ele>109.90666666666668</ele><time>2023-03-04T00:30:38Z</time></trkpt><trkpt lat="36.0229806" lon="139.2621451"><ele>110.54333333333334</ele><time>2023-03-04T00:30:54Z</time></trkpt><trkpt lat="36.0230501" lon="139.2619081"><ele>111.41000000000001</ele><time>2023-03-04T00:31:11Z</time></trkpt><trkpt lat="36.023106" lon="139.261687"><ele>112.36000000000001</ele><time>2023-03-04T00:31:25Z</time></trkpt><trkpt lat="36.023146" lon="139.2614659"><ele>113.29</ele><time>2023-03-04T00:31:36Z</time></trkpt><trkpt lat="36.023274" lon="139.261288"><ele>114.06666666666666</ele><time>2023-03-04T00:31:51Z</time></trkpt><trkpt lat="36.0234077" lon="139.2611352"><ele>114.84000000000002</ele><time>2023-03-04T00:32:07Z</time></trkpt><trkpt lat="36.0234224" lon="139.2609107"><ele>115.36666666666667</ele><time>2023-03-04T00:32:13Z</time></trkpt><trkpt lat="36.0235074" lon="139.2607093"><ele>115.79</ele><time>2023-03-04T00:32:24Z</time></trkpt><trkpt lat="36.0236601" lon="139.260571"><ele>116.22666666666667</ele><time>2023-03-04T00:32:36Z</time></trkpt><trkpt lat="36.0236625" lon="139.2603216"><ele>116.63333333333334</ele><time>2023-03-04T00:32:46Z</time></trkpt><trkpt lat="36.0236453" lon="139.2600824"><ele>116.98666666666668</ele><time>2023-03-04T00:32:55Z</time></trkpt><trkpt lat="36.0237456" lon="139.2598814"><ele>117.21333333333332</ele><time>2023-03-04T00:33:11Z</time></trkpt><trkpt lat="36.0238513" lon="139.2596894"><ele>117.55666666666667</ele><time>2023-03-04T00:33:24Z</time></trkpt><trkpt lat="36.0239301" lon="139.2594792"><ele>117.94</ele><time>2023-03-04T00:33:36Z</time></trkpt><trkpt lat="36.024052" lon="139.2593127"><ele>118.42</ele><time>2023-03-04T00:33:51Z</time></trkpt><trkpt lat="36.0241285" lon="139.2590939"><ele>118.89333333333333</ele><time>2023-03-04T00:34:04Z</time></trkpt><trkpt lat="36.0242763" lon="139.2589558"><ele>119.60000000000001</ele><time>2023-03-04T00:34:18Z</time></trkpt><trkpt lat="36.0244136" lon="139.2588113"><ele>120.60666666666668</ele><time>2023-03-04T00:34:29Z</time></trkpt><trkpt lat="36.0244859" lon="139.2586017"><ele>121.90000000000002</ele><time>2023-03-04T00:34:40Z</time></trkpt><trkpt lat="36.024444" lon="139.2583757"><ele>123.19333333333334</ele><time>2023-03-04T00:34:50Z</time></trkpt><trkpt lat="36.0244763" lon="139.258152"><ele>124.12666666666667</ele><time>2023-03-04T00:35:00Z</time></trkpt><trkpt lat="36.0245671" lon="139.2579461"><ele>124.73666666666668</ele><time>2023-03-04T00:35:12Z</time></trkpt><trkpt lat="36.0246191" lon="139.2577218"><ele>125.16333333333334</ele><time>2023-03-04T00:35:25Z</time></trkpt><trkpt lat="36.0247543" lon="139.2575747"><ele>125.77333333333333</ele><time>2023-03-04T00:35:38Z</time></trkpt><trkpt lat="36.0247124" lon="139.2573384"><ele>126.31333333333333</ele><time>2023-03-04T00:35:51Z</time></trkpt><trkpt lat="36.0247972" lon="139.2571368"><ele>127.09000000000002</ele><time>2023-03-04T00:36:01Z</time></trkpt><trkpt lat="36.0247565" lon="139.2568868"><ele>127.72666666666667</ele><time>2023-03-04T00:36:09Z</time></trkpt><trkpt lat="36.0246711" lon="139.2566826"><ele>128.55666666666664</ele><time>2023-03-04T00:36:20Z</time></trkpt><trkpt lat="36.024529" lon="139.2565183"><ele>128.78</ele><time>2023-03-04T00:36:34Z</time></trkpt><trkpt lat="36.024466" lon="139.2562961"><ele>129.21333333333334</ele><time>2023-03-04T00:36:49Z</time></trkpt><trkpt lat="36.0243443" lon="139.2561315"><ele>129.21333333333334</ele><time>2023-03-04T00:36:59Z</time></trkpt><trkpt lat="36.0243991" lon="139.2559117"><ele>129.56</ele><time>2023-03-04T00:37:13Z</time></trkpt><trkpt lat="36.024408" lon="139.2556837"><ele>129.5</ele><time>2023-03-04T00:37:27Z</time></trkpt><trkpt lat="36.0245152" lon="139.2554875"><ele>129.84333333333333</ele><time>2023-03-04T00:37:40Z</time></trkpt><trkpt lat="36.0245544" lon="139.2552606"><ele>131.30666666666664</ele><time>2023-03-04T00:37:55Z</time></trkpt><trkpt lat="36.0246341" lon="139.2550607"><ele>133.89666666666668</ele><time>2023-03-04T00:38:07Z</time></trkpt><trkpt lat="36.0246872" lon="139.2548178"><ele>137.89333333333335</ele><time>2023-03-04T00:38:29Z</time></trkpt><trkpt lat="36.0246747" lon="139.254588"><ele>141.15333333333334</ele><time>2023-03-04T00:38:40Z</time></trkpt><trkpt lat="36.0247478" lon="139.2543757"><ele>143.59666666666666</ele><time>2023-03-04T00:38:52Z</time></trkpt><trkpt lat="36.024791" lon="139.2541512"><ele>144.71333333333334</ele><time>2023-03-04T00:39:06Z</time></trkpt><trkpt lat="36.0247063" lon="139.2539551"><ele>145.31000000000003</ele><time>2023-03-04T00:39:15Z</time></trkpt><trkpt lat="36.0245966" lon="139.2537601"><ele>145.49666666666667</ele><time>2023-03-04T00:39:27Z</time></trkpt><trkpt lat="36.0245631" lon="139.2535296"><ele>145.40333333333334</ele><time>2023-03-04T00:39:44Z</time></trkpt><trkpt lat="36.0246589" lon="139.2533414"><ele>145.26666666666668</ele><time>2023-03-04T00:39:58Z</time></trkpt><trkpt lat="36.0246197" lon="139.2531225"><ele>146.80333333333334</ele><time>2023-03-04T00:40:14Z</time></trkpt><trkpt lat="36.0246506" lon="139.2528871"><ele>150.35666666666668</ele><time>2023-03-04T00:40:28Z</time></trkpt><trkpt lat="36.0248099" lon="139.2527461"><ele>152.60666666666665</ele><time>2023-03-04T00:40:43Z</time></trkpt><trkpt lat="36.0249438" lon="139.2525913"><ele>153.59</ele><time>2023-03-04T00:41:55Z</time></trkpt><trkpt lat="36.0249636" lon="139.2523689"><ele>154.00666666666666</ele><time>2023-03-04T00:42:20Z</time></trkpt><trkpt lat="36.0249885" lon="139.2521476"><ele>157.13000000000002</ele><time>2023-03-04T00:42:39Z</time></trkpt><trkpt lat="36.0250056" lon="139.2519174"><ele>161.10333333333335</ele><time>2023-03-04T00:43:16Z</time></trkpt><trkpt lat="36.0249307" lon="139.2516971"><ele>165.94333333333333</ele><time>2023-03-04T00:43:32Z</time></trkpt><trkpt lat="36.0250723" lon="139.2515538"><ele>167.89333333333332</ele><time>2023-03-04T00:43:42Z</time></trkpt><trkpt lat="36.0250746" lon="139.2513263"><ele>169.51666666666668</ele><time>2023-03-04T00:43:57Z</time></trkpt><trkpt lat="36.0250748" lon="139.2510995"><ele>169.68333333333334</ele><time>2023-03-04T00:44:12Z</time></trkpt><trkpt lat="36.0250959" lon="139.2508782"><ele>171.11333333333332</ele><time>2023-03-04T00:44:23Z</time></trkpt><trkpt lat="36.0251843" lon="139.2506773"><ele>171.63</ele><time>2023-03-04T00:44:35Z</time></trkpt><trkpt lat="36.0253298" lon="139.2505021"><ele>170.87</ele><time>2023-03-04T00:44:45Z</time></trkpt><trkpt lat="36.025264" lon="139.2502839"><ele>171.67</ele><time>2023-03-04T00:44:59Z</time></trkpt><trkpt lat="36.0250739" lon="139.2502766"><ele>174.61</ele><time>2023-03-04T00:45:10Z</time></trkpt><trkpt lat="36.0248936" lon="139.2502759"><ele>179.0</ele><time>2023-03-04T00:45:25Z</time></trkpt><trkpt lat="36.0247094" lon="139.2502984"><ele>183.54999999999998</ele><time>2023-03-04T00:46:00Z</time></trkpt><trkpt lat="36.024535" lon="139.250364"><ele>187.99333333333334</ele><time>2023-03-04T00:46:19Z</time></trkpt><trkpt lat="36.0243677" lon="139.2504479"><ele>194.77333333333334</ele><time>2023-03-04T00:46:45Z</time></trkpt><trkpt lat="36.0242639" lon="139.2506407"><ele>201.35000000000002</ele><time>2023-03-04T00:47:14Z</time></trkpt><trkpt lat="36.0241489" lon="139.2508208"><ele>208.38333333333333</ele><time>2023-03-04T00:48:02Z</time></trkpt><trkpt lat="36.0240172" lon="139.250977"><ele>214.33333333333334</ele><time>2023-03-04T00:48:25Z</time></trkpt><trkpt lat="36.0238366" lon="139.2509334"><ele>220.76</ele><time>2023-03-04T00:49:19Z</time></trkpt><trkpt lat="36.0236985" lon="139.2507773"><ele>226.39</ele><time>2023-03-04T00:49:47Z</time></trkpt><trkpt lat="36.0236886" lon="139.2505467"><ele>230.32333333333335</ele><time>2023-03-04T00:50:00Z</time></trkpt><trkpt lat="36.0236647" lon="139.2503219"><ele>232.81000000000003</ele><time>2023-03-04T00:50:14Z</time></trkpt><trkpt lat="36.0236304" lon="139.2501033"><ele>234.35333333333332</ele><time>2023-03-04T00:50:28Z</time></trkpt><trkpt lat="36.0237155" lon="139.2499018"><ele>236.72333333333333</ele><time>2023-03-04T00:50:58Z</time></trkpt><trkpt lat="36.0237814" lon="139.2496884"><ele>238.23000000000002</ele><time>2023-03-04T00:51:33Z</time></trkpt><trkpt lat="36.0236332" lon="139.2495541"><ele>240.13333333333333</ele><time>2023-03-04T00:51:44Z</time></trkpt><trkpt lat="36.0235058" lon="139.249392"><ele>241.26333333333332</ele><time>2023-03-04T00:52:02Z</time></trkpt><trkpt lat="36.0233554" lon="139.2492663"><ele>242.61</ele><time>2023-03-04T00:52:15Z</time></trkpt><trkpt lat="36.0232211" lon="139.2491139"><ele>243.08333333333334</ele><time>2023-03-04T00:52:34Z</time></trkpt><trkpt lat="36.0231152" lon="139.2489299"><ele>243.75</ele><time>2023-03-04T00:52:51Z</time></trkpt><trkpt lat="36.0229485" lon="139.2488318"><ele>246.05000000000004</ele><time>2023-03-04T00:53:03Z</time></trkpt><trkpt lat="36.0227713" lon="139.2487682"><ele>248.40666666666667</ele><time>2023-03-04T00:53:21Z</time></trkpt><trkpt lat="36.022731" lon="139.2485419"><ele>248.36666666666667</ele><time>2023-03-04T00:53:37Z</time></trkpt><trkpt lat="36.0226527" lon="139.2483416"><ele>246.57333333333335</ele><time>2023-03-04T00:53:50Z</time></trkpt><trkpt lat="36.0225825" lon="139.248131"><ele>243.48666666666668</ele><time>2023-03-04T00:54:10Z</time></trkpt><trkpt lat="36.0225218" lon="139.2479099"><ele>242.25333333333333</ele><time>2023-03-04T00:54:27Z</time></trkpt><trkpt lat="36.0223994" lon="139.2477448"><ele>243.78333333333333</ele><time>2023-03-04T00:54:46Z</time></trkpt><trkpt lat="36.0222626" lon="139.2479098"><ele>247.6</ele><time>2023-03-04T00:55:17Z</time></trkpt><trkpt lat="36.02208" lon="139.2479082"><ele>253.09666666666666</ele><time>2023-03-04T00:55:32Z</time></trkpt><trkpt lat="36.0219491" lon="139.2477351"><ele>257.54333333333335</ele><time>2023-03-04T00:55:47Z</time></trkpt><trkpt lat="36.021832" lon="139.2475656"><ele>260.56666666666666</ele><time>2023-03-04T00:56:03Z</time></trkpt><trkpt lat="36.0218083" lon="139.247345"><ele>261.06666666666666</ele><time>2023-03-04T00:56:23Z</time></trkpt><trkpt lat="36.0216408" lon="139.2472558"><ele>260.86333333333334</ele><time>2023-03-04T00:56:46Z</time></trkpt><trkpt lat="36.021607" lon="139.2474807"><ele>262.43666666666667</ele><time>2023-03-04T00:58:07Z</time></trkpt><trkpt lat="36.0214784" lon="139.2476575"><ele>266.1466666666667</ele><time>2023-03-04T00:58:21Z</time></trkpt><trkpt lat="36.0214673" lon="139.2478793"><ele>271.7366666666667</ele><time>2023-03-04T00:58:42Z</time></trkpt><trkpt lat="36.0214063" lon="139.2480957"><ele>276.29</ele><time>2023-03-04T00:59:09Z</time></trkpt><trkpt lat="36.0213063" lon="139.2482982"><ele>279.99666666666667</ele><time>2023-03-04T00:59:23Z</time></trkpt><trkpt lat="36.0212373" lon="139.2485042"><ele>281.2</ele><time>2023-03-04T00:59:49Z</time></trkpt><trkpt lat="36.021111" lon="139.2486743"><ele>281.95</ele><time>2023-03-04T01:00:04Z</time></trkpt><trkpt lat="36.0210406" lon="139.2488811"><ele>283.3566666666666</ele><time>2023-03-04T01:00:12Z</time></trkpt><trkpt lat="36.021147" lon="139.2490628"><ele>286.4633333333333</ele><time>2023-03-04T01:00:28Z</time></trkpt><trkpt lat="36.0213261" lon="139.2491072"><ele>289.31333333333333</ele><time>2023-03-04T01:00:52Z</time></trkpt><trkpt lat="36.0214437" lon="139.2492783"><ele>291.5133333333333</ele><time>2023-03-04T01:01:24Z</time></trkpt><trkpt lat="36.0215104" lon="139.2494887"><ele>293.2633333333333</ele><time>2023-03-04T01:01:39Z</time></trkpt><trkpt lat="36.0215548" lon="139.2497117"><ele>295.5733333333333</ele><time>2023-03-04T01:01:51Z</time></trkpt><trkpt lat="36.0213848" lon="139.2497982"><ele>298.08</ele><time>2023-03-04T01:02:07Z</time></trkpt><trkpt lat="36.0212873" lon="139.249997"><ele>296.97333333333336</ele><time>2023-03-04T01:02:35Z</time></trkpt><trkpt lat="36.0212213" lon="139.2502122"><ele>293.6266666666667</ele><time>2023-03-04T01:02:49Z</time></trkpt><trkpt lat="36.0210772" lon="139.2503594"><ele>288.03333333333336</ele><time>2023-03-04T01:03:05Z</time></trkpt><trkpt lat="36.0209667" lon="139.2505476"><ele>282.8866666666667</ele><time>2023-03-04T01:03:38Z</time></trkpt><trkpt lat="36.0208345" lon="139.2506986"><ele>280.54333333333335</ele><time>2023-03-04T01:03:50Z</time></trkpt><trkpt lat="36.0208213" lon="139.2509216"><ele>279.0566666666667</ele><time>2023-03-04T01:04:02Z</time></trkpt><trkpt lat="36.0207751" lon="139.2511422"><ele>278.3666666666667</ele><time>2023-03-04T01:04:22Z</time></trkpt><trkpt lat="36.0206642" lon="139.2513207"><ele>275.3866666666667</ele><time>2023-03-04T01:04:36Z</time></trkpt><trkpt lat="36.0205089" lon="139.2514534"><ele>271.8233333333333</ele><time>2023-03-04T01:05:01Z</time></trkpt><trkpt lat="36.0203405" lon="139.2515686"><ele>270.93666666666667</ele><time>2023-03-04T01:05:13Z</time></trkpt><trkpt lat="36.0202163" lon="139.2517396"><ele>271.9266666666667</ele><time>2023-03-04T01:05:42Z</time></trkpt><trkpt lat="36.0202095" lon="139.2519666"><ele>274.6433333333334</ele><time>2023-03-04T01:06:20Z</time></trkpt><trkpt lat="36.0200301" lon="139.2520428"><ele>276.6466666666667</ele><time>2023-03-04T01:06:39Z</time></trkpt><trkpt lat="36.0198527" lon="139.2521122"><ele>278.6366666666667</ele><time>2023-03-04T01:06:54Z</time></trkpt><trkpt lat="36.0197846" lon="139.2523277"><ele>279.77666666666664</ele><time>2023-03-04T01:07:12Z</time></trkpt><trkpt lat="36.0199281" lon="139.2524681"><ele>278.48</ele><time>2023-03-04T01:07:31Z</time></trkpt><trkpt lat="36.0199938" lon="139.252675"><ele>275.71666666666664</ele><time>2023-03-04T01:07:43Z</time></trkpt><trkpt lat="36.0198927" lon="139.2528739"><ele>274.2966666666666</ele><time>2023-03-04T01:07:58Z</time></trkpt><trkpt lat="36.0198162" lon="139.2530829"><ele>276.35333333333335</ele><time>2023-03-04T01:08:14Z</time></trkpt><trkpt lat="36.0196588" lon="139.2532034"><ele>280.23333333333335</ele><time>2023-03-04T01:09:19Z</time></trkpt><trkpt lat="36.0194959" lon="139.2531067"><ele>283.7733333333333</ele><time>2023-03-04T01:09:35Z</time></trkpt><trkpt lat="36.019353" lon="139.2529694"><ele>287.1666666666667</ele><time>2023-03-04T01:09:52Z</time></trkpt><trkpt lat="36.0192537" lon="139.2527797"><ele>291.89000000000004</ele><time>2023-03-04T01:10:17Z</time></trkpt><trkpt lat="36.0190731" lon="139.2527406"><ele>295.4666666666667</ele><time>2023-03-04T01:10:32Z</time></trkpt><trkpt lat="36.0189264" lon="139.2526115"><ele>299.3933333333334</ele><time>2023-03-04T01:10:59Z</time></trkpt><trkpt lat="36.0188977" lon="139.252381"><ele>304.1033333333333</ele><time>2023-03-04T01:11:22Z</time></trkpt><trkpt lat="36.0188627" lon="139.252148"><ele>309.96999999999997</ele><time>2023-03-04T01:11:38Z</time></trkpt><trkpt lat="36.0186933" lon="139.2520324"><ele>315.2633333333333</ele><time>2023-03-04T01:13:00Z</time></trkpt><trkpt lat="36.0185264" lon="139.251923"><ele>318.52333333333337</ele><time>2023-03-04T01:13:21Z</time></trkpt><trkpt lat="36.0183443" lon="139.251872"><ele>322.6666666666667</ele><time>2023-03-04T01:13:55Z</time></trkpt><trkpt lat="36.0182391" lon="139.2516907"><ele>327.82</ele><time>2023-03-04T01:14:08Z</time></trkpt><trkpt lat="36.018154" lon="139.2514913"><ele>333.81666666666666</ele><time>2023-03-04T01:15:32Z</time></trkpt><trkpt lat="36.0183095" lon="139.2513483"><ele>340.30333333333334</ele><time>2023-03-04T01:15:53Z</time></trkpt><trkpt lat="36.01849" lon="139.2512921"><ele>343.74666666666667</ele><time>2023-03-04T01:16:13Z</time></trkpt><trkpt lat="36.0183227" lon="139.2511833"><ele>347.72</ele><time>2023-03-04T01:16:56Z</time></trkpt><trkpt lat="36.0182383" lon="139.2509654"><ele>350.67</ele><time>2023-03-04T01:17:19Z</time></trkpt><trkpt lat="36.0181216" lon="139.2507916"><ele>356.4766666666667</ele><time>2023-03-04T01:18:09Z</time></trkpt><trkpt lat="36.017977" lon="139.2506514"><ele>363.3833333333334</ele><time>2023-03-04T01:18:47Z</time></trkpt><trkpt lat="36.0177972" lon="139.2506151"><ele>370.87000000000006</ele><time>2023-03-04T01:19:32Z</time></trkpt><trkpt lat="36.0176483" lon="139.2504845"><ele>381.01</ele><time>2023-03-04T01:21:27Z</time></trkpt><trkpt lat="36.0175101" lon="139.2503137"><ele>389.40333333333336</ele><time>2023-03-04T01:21:45Z</time></trkpt><trkpt lat="36.0173483" lon="139.2502007"><ele>397.43</ele><time>2023-03-04T01:22:56Z</time></trkpt><trkpt lat="36.017159" lon="139.2502142"><ele>401.83</ele><time>2023-03-04T01:23:15Z</time></trkpt><trkpt lat="36.017006" lon="139.2500923"><ele>406.80333333333334</ele><time>2023-03-04T01:23:33Z</time></trkpt><trkpt lat="36.016888" lon="139.2499226"><ele>410.51666666666665</ele><time>2023-03-04T01:24:15Z</time></trkpt><trkpt lat="36.0168024" lon="139.249724"><ele>411.56666666666666</ele><time>2023-03-04T01:24:43Z</time></trkpt><trkpt lat="36.016917" lon="139.2499305"><ele>411.9533333333334</ele><time>2023-03-04T01:25:49Z</time></trkpt><trkpt lat="36.0168418" lon="139.2501343"><ele>411.37000000000006</ele><time>2023-03-04T01:26:21Z</time></trkpt><trkpt lat="36.016691" lon="139.2502563"><ele>408.49</ele><time>2023-03-04T01:26:37Z</time></trkpt><trkpt lat="36.016532" lon="139.2501479"><ele>404.1433333333334</ele><time>2023-03-04T01:27:00Z</time></trkpt><trkpt lat="36.0163544" lon="139.2501904"><ele>398.43666666666667</ele><time>2023-03-04T01:27:29Z</time></trkpt><trkpt lat="36.0163073" lon="139.2504165"><ele>394.1333333333334</ele><time>2023-03-04T01:27:38Z</time></trkpt><trkpt lat="36.0161305" lon="139.2504622"><ele>388.72333333333336</ele><time>2023-03-04T01:27:53Z</time></trkpt><trkpt lat="36.0160425" lon="139.2506559"><ele>383.84666666666664</ele><time>2023-03-04T01:28:21Z</time></trkpt><trkpt lat="36.0159605" lon="139.2508575"><ele>378.67666666666673</ele><time>2023-03-04T01:28:47Z</time></trkpt><trkpt lat="36.0158457" lon="139.2510348"><ele>372.98</ele><time>2023-03-04T01:28:59Z</time></trkpt><trkpt lat="36.0158405" lon="139.2512686"><ele>367.66</ele><time>2023-03-04T01:29:11Z</time></trkpt><trkpt lat="36.0156823" lon="139.251083"><ele>364.1933333333333</ele><time>2023-03-04T01:29:21Z</time></trkpt><trkpt lat="36.0157733" lon="139.2508749"><ele>364.06</ele><time>2023-03-04T01:29:51Z</time></trkpt><trkpt lat="36.0157052" lon="139.2506467"><ele>364.85666666666674</ele><time>2023-03-04T01:30:10Z</time></trkpt><trkpt lat="36.0155275" lon="139.2505829"><ele>364.45666666666665</ele><time>2023-03-04T01:30:19Z</time></trkpt><trkpt lat="36.0153648" lon="139.2504801"><ele>358.90333333333336</ele><time>2023-03-04T01:30:32Z</time></trkpt><trkpt lat="36.0152962" lon="139.2502698"><ele>353.08666666666664</ele><time>2023-03-04T01:30:49Z</time></trkpt><trkpt lat="36.0151272" lon="139.2501583"><ele>350.5566666666667</ele><time>2023-03-04T01:31:10Z</time></trkpt><trkpt lat="36.0149618" lon="139.2502585"><ele>350.6766666666667</ele><time>2023-03-04T01:31:42Z</time></trkpt><trkpt lat="36.0148192" lon="139.2504031"><ele>351.48333333333335</ele><time>2023-03-04T01:31:59Z</time></trkpt><trkpt lat="36.0146556" lon="139.2505151"><ele>351.16333333333336</ele><time>2023-03-04T01:32:14Z</time></trkpt><trkpt lat="36.014511" lon="139.2506581"><ele>351.72333333333336</ele><time>2023-03-04T01:32:26Z</time></trkpt><trkpt lat="36.0143589" lon="139.2507957"><ele>352.60666666666674</ele><time>2023-03-04T01:32:52Z</time></trkpt><trkpt lat="36.0141763" lon="139.2508365"><ele>355.31666666666666</ele><time>2023-03-04T01:33:03Z</time></trkpt><trkpt lat="36.0140574" lon="139.2510117"><ele>357.65333333333336</ele><time>2023-03-04T01:33:16Z</time></trkpt><trkpt lat="36.0139597" lon="139.2511987"><ele>358.79333333333335</ele><time>2023-03-04T01:33:38Z</time></trkpt><trkpt lat="36.0139262" lon="139.2514312"><ele>356.44</ele><time>2023-03-04T01:33:49Z</time></trkpt><trkpt lat="36.0138137" lon="139.2516106"><ele>353.83</ele><time>2023-03-04T01:34:12Z</time></trkpt><trkpt lat="36.0136296" lon="139.2516015"><ele>351.73333333333335</ele><time>2023-03-04T01:34:23Z</time></trkpt><trkpt lat="36.0135054" lon="139.2517963"><ele>347.13000000000005</ele><time>2023-03-04T01:34:36Z</time></trkpt><trkpt lat="36.0133811" lon="139.2519694"><ele>340.31666666666666</ele><time>2023-03-04T01:35:00Z</time></trkpt><trkpt lat="36.0132029" lon="139.2520388"><ele>334.28000000000003</ele><time>2023-03-04T01:35:12Z</time></trkpt><trkpt lat="36.0130396" lon="139.2519329"><ele>334.27</ele><time>2023-03-04T01:35:27Z</time></trkpt><trkpt lat="36.0130943" lon="139.2521696"><ele>333.9666666666667</ele><time>2023-03-04T01:36:13Z</time></trkpt><trkpt lat="36.0131027" lon="139.2523979"><ele>330.8833333333333</ele><time>2023-03-04T01:36:27Z</time></trkpt><trkpt lat="36.0130517" lon="139.2526128"><ele>324.92333333333335</ele><time>2023-03-04T01:36:43Z</time></trkpt><trkpt lat="36.012963" lon="139.2528123"><ele>321.42333333333335</ele><time>2023-03-04T01:36:58Z</time></trkpt><trkpt lat="36.0129856" lon="139.2530326"><ele>320.5233333333333</ele><time>2023-03-04T01:37:09Z</time></trkpt><trkpt lat="36.0131078" lon="139.2531966"><ele>319.58666666666664</ele><time>2023-03-04T01:37:39Z</time></trkpt><trkpt lat="36.0132276" lon="139.2533624"><ele>317.43333333333334</ele><time>2023-03-04T01:37:53Z</time></trkpt><trkpt lat="36.0132633" lon="139.2535805"><ele>314.26</ele><time>2023-03-04T01:39:45Z</time></trkpt><trkpt lat="36.0132982" lon="139.2537986"><ele>308.53</ele><time>2023-03-04T01:40:43Z</time></trkpt><trkpt lat="36.0133056" lon="139.2540224"><ele>302.75</ele><time>2023-03-04T01:41:14Z</time></trkpt><trkpt lat="36.0132876" lon="139.2542529"><ele>295.67333333333335</ele><time>2023-03-04T01:41:46Z</time></trkpt><trkpt lat="36.0133081" lon="139.2544777"><ele>289.06</ele><time>2023-03-04T01:42:24Z</time></trkpt><trkpt lat="36.0134211" lon="139.2546606"><ele>281.52666666666664</ele><time>2023-03-04T01:43:19Z</time></trkpt><trkpt lat="36.0135137" lon="139.2548524"><ele>271.3666666666666</ele><time>2023-03-04T01:45:49Z</time></trkpt><trkpt lat="36.0135384" lon="139.2550739"><ele>262.6666666666667</ele><time>2023-03-04T01:48:08Z</time></trkpt><trkpt lat="36.0135788" lon="139.255299"><ele>256.41</ele><time>2023-03-04T01:48:26Z</time></trkpt><trkpt lat="36.0136554" lon="139.2555063"><ele>254.92333333333332</ele><time>2023-03-04T01:48:38Z</time></trkpt><trkpt lat="36.0137981" lon="139.2556463"><ele>254.18666666666664</ele><time>2023-03-04T01:48:52Z</time></trkpt><trkpt lat="36.0138674" lon="139.2558804"><ele>253.83666666666667</ele><time>2023-03-04T01:49:04Z</time></trkpt><trkpt lat="36.0138712" lon="139.2561055"><ele>253.70333333333335</ele><time>2023-03-04T01:49:16Z</time></trkpt><trkpt lat="36.0139895" lon="139.2562977"><ele>254.20666666666668</ele><time>2023-03-04T01:49:29Z</time></trkpt><trkpt lat="36.0140964" lon="139.2564773"><ele>254.42666666666665</ele><time>2023-03-04T01:49:43Z</time></trkpt><trkpt lat="36.0142142" lon="139.2566461"><ele>253.48000000000002</ele><time>2023-03-04T01:50:09Z</time></trkpt><trkpt lat="36.0142897" lon="139.2568598"><ele>252.39</ele><time>2023-03-04T01:50:23Z</time></trkpt><trkpt lat="36.0143551" lon="139.2570693"><ele>251.01999999999998</ele><time>2023-03-04T01:50:36Z</time></trkpt><trkpt lat="36.0143299" lon="139.2573086"><ele>251.24333333333334</ele><time>2023-03-04T01:50:51Z</time></trkpt><trkpt lat="36.014351" lon="139.2575462"><ele>251.9</ele><time>2023-03-04T01:51:15Z</time></trkpt><trkpt lat="36.0144573" lon="139.2577405"><ele>252.74333333333334</ele><time>2023-03-04T01:51:25Z</time></trkpt><trkpt lat="36.0144683" lon="139.2579631"><ele>252.33666666666667</ele><time>2023-03-04T01:51:36Z</time></trkpt><trkpt lat="36.0144807" lon="139.2582007"><ele>251.35666666666665</ele><time>2023-03-04T01:51:49Z</time></trkpt><trkpt lat="36.0144315" lon="139.2584156"><ele>250.71</ele><time>2023-03-04T01:52:02Z</time></trkpt><trkpt lat="36.0143219" lon="139.2585918"><ele>250.70000000000002</ele><time>2023-03-04T01:52:13Z</time></trkpt><trkpt lat="36.0142724" lon="139.2588089"><ele>250.86666666666667</ele><time>2023-03-04T01:52:26Z</time></trkpt><trkpt lat="36.014262" lon="139.2590417"><ele>250.57666666666668</ele><time>2023-03-04T01:52:41Z</time></trkpt><trkpt lat="36.014269" lon="139.2592701"><ele>249.00666666666666</ele><time>2023-03-04T01:52:54Z</time></trkpt><trkpt lat="36.0142594" lon="139.2595064"><ele>246.42333333333332</ele><time>2023-03-04T01:53:04Z</time></trkpt><trkpt lat="36.0141674" lon="139.2597078"><ele>243.68999999999997</ele><time>2023-03-04T01:53:17Z</time></trkpt><trkpt lat="36.0140534" lon="139.2598932"><ele>241.55333333333337</ele><time>2023-03-04T01:53:31Z</time></trkpt><trkpt lat="36.0140943" lon="139.2601226"><ele>239.05000000000004</ele><time>2023-03-04T01:53:44Z</time></trkpt><trkpt lat="36.0140047" lon="139.2603236"><ele>236.32000000000002</ele><time>2023-03-04T01:54:36Z</time></trkpt><trkpt lat="36.013897" lon="139.2605104"><ele>233.35333333333332</ele><time>2023-03-04T01:54:57Z</time></trkpt><trkpt lat="36.0137696" lon="139.2606713"><ele>231.51</ele><time>2023-03-04T01:55:09Z</time></trkpt><trkpt lat="36.01366" lon="139.2608505"><ele>230.97333333333336</ele><time>2023-03-04T01:55:23Z</time></trkpt><trkpt lat="36.0135383" lon="139.2610192"><ele>231.68999999999997</ele><time>2023-03-04T01:55:39Z</time></trkpt><trkpt lat="36.0134847" lon="139.2612415"><ele>234.17333333333332</ele><time>2023-03-04T01:55:52Z</time></trkpt><trkpt lat="36.0133147" lon="139.2613244"><ele>236.64333333333332</ele><time>2023-03-04T01:56:11Z</time></trkpt><trkpt lat="36.0132851" lon="139.2615512"><ele>238.79333333333332</ele><time>2023-03-04T01:56:24Z</time></trkpt><trkpt lat="36.0132116" lon="139.2617631"><ele>239.46333333333334</ele><time>2023-03-04T01:56:33Z</time></trkpt><trkpt lat="36.0132204" lon="139.2619955"><ele>238.44333333333336</ele><time>2023-03-04T01:56:44Z</time></trkpt><trkpt lat="36.013136" lon="139.2622039"><ele>235.80000000000004</ele><time>2023-03-04T01:56:58Z</time></trkpt><trkpt lat="36.0130188" lon="139.2623797"><ele>233.29666666666665</ele><time>2023-03-04T01:57:14Z</time></trkpt><trkpt lat="36.0130313" lon="139.2626019"><ele>231.84333333333333</ele><time>2023-03-04T01:57:35Z</time></trkpt><trkpt lat="36.0130035" lon="139.2628383"><ele>232.20333333333335</ele><time>2023-03-04T01:57:43Z</time></trkpt><trkpt lat="36.0128855" lon="139.2630306"><ele>232.32666666666668</ele><time>2023-03-04T01:57:50Z</time></trkpt><trkpt lat="36.0127759" lon="139.2632195"><ele>231.84</ele><time>2023-03-04T01:58:02Z</time></trkpt><trkpt lat="36.0126202" lon="139.2633371"><ele>232.76</ele><time>2023-03-04T01:58:13Z</time></trkpt><trkpt lat="36.0124872" lon="139.2634871"><ele>235.51</ele><time>2023-03-04T01:58:36Z</time></trkpt><trkpt lat="36.0123699" lon="139.263661"><ele>239.53666666666666</ele><time>2023-03-04T01:58:48Z</time></trkpt><trkpt lat="36.0122541" lon="139.2638378"><ele>241.8166666666667</ele><time>2023-03-04T01:59:04Z</time></trkpt><trkpt lat="36.0121922" lon="139.2640482"><ele>243.9466666666667</ele><time>2023-03-04T01:59:17Z</time></trkpt><trkpt lat="36.0120613" lon="139.2642073"><ele>244.3066666666667</ele><time>2023-03-04T01:59:32Z</time></trkpt><trkpt lat="36.0118788" lon="139.2642324"><ele>244.41666666666666</ele><time>2023-03-04T02:00:13Z</time></trkpt><trkpt lat="36.0119918" lon="139.264051"><ele>245.35666666666665</ele><time>2023-03-04T02:01:32Z</time></trkpt><trkpt lat="36.0121427" lon="139.2641909"><ele>245.20333333333335</ele><time>2023-03-04T02:01:52Z</time></trkpt><trkpt lat="36.0120526" lon="139.2643843"><ele>242.70666666666668</ele><time>2023-03-04T02:02:24Z</time></trkpt><trkpt lat="36.0120383" lon="139.2646167"><ele>234.70000000000002</ele><time>2023-03-04T02:03:11Z</time></trkpt><trkpt lat="36.0118865" lon="139.2647498"><ele>227.57333333333335</ele><time>2023-03-04T02:03:30Z</time></trkpt><trkpt lat="36.0117408" lon="139.264886"><ele>221.17</ele><time>2023-03-04T02:03:56Z</time></trkpt><trkpt lat="36.0117054" lon="139.2651039"><ele>215.5566666666667</ele><time>2023-03-04T02:04:10Z</time></trkpt><trkpt lat="36.0116348" lon="139.2653101"><ele>210.41666666666666</ele><time>2023-03-04T02:04:28Z</time></trkpt><trkpt lat="36.0117396" lon="139.265493"><ele>206.21</ele><time>2023-03-04T02:05:00Z</time></trkpt><trkpt lat="36.011713" lon="139.2657162"><ele>203.11</ele><time>2023-03-04T02:05:18Z</time></trkpt><trkpt lat="36.0117334" lon="139.2659454"><ele>199.61333333333334</ele><time>2023-03-04T02:05:29Z</time></trkpt><trkpt lat="36.0117177" lon="139.2661687"><ele>195.28666666666666</ele><time>2023-03-04T02:06:08Z</time></trkpt><trkpt lat="36.0118291" lon="139.2663478"><ele>190.95666666666668</ele><time>2023-03-04T02:06:20Z</time></trkpt><trkpt lat="36.0118779" lon="139.2665639"><ele>186.33666666666667</ele><time>2023-03-04T02:06:40Z</time></trkpt><trkpt lat="36.0119401" lon="139.2667788"><ele>181.8066666666667</ele><time>2023-03-04T02:06:57Z</time></trkpt><trkpt lat="36.0118176" lon="139.2669437"><ele>177.84</ele><time>2023-03-04T02:07:18Z</time></trkpt><trkpt lat="36.011798" lon="139.2671991"><ele>174.47</ele><time>2023-03-04T02:07:23Z</time></trkpt><trkpt lat="36.0116367" lon="139.2673026"><ele>172.37333333333333</ele><time>2023-03-04T02:07:38Z</time></trkpt><trkpt lat="36.011489" lon="139.2674391"><ele>169.35333333333332</ele><time>2023-03-04T02:07:59Z</time></trkpt><trkpt lat="36.0113147" lon="139.2674963"><ele>166.91333333333333</ele><time>2023-03-04T02:08:06Z</time></trkpt><trkpt lat="36.0111521" lon="139.267613"><ele>163.95666666666668</ele><time>2023-03-04T02:08:18Z</time></trkpt><trkpt lat="36.0110124" lon="139.2677716"><ele>161.57666666666668</ele><time>2023-03-04T02:08:31Z</time></trkpt><trkpt lat="36.0110526" lon="139.267989"><ele>157.62333333333333</ele><time>2023-03-04T02:08:41Z</time></trkpt><trkpt lat="36.010919" lon="139.2681385"><ele>153.65333333333334</ele><time>2023-03-04T02:08:56Z</time></trkpt><trkpt lat="36.0107614" lon="139.2680307"><ele>150.83</ele><time>2023-03-04T02:09:09Z</time></trkpt><trkpt lat="36.0106947" lon="139.267824"><ele>148.99666666666667</ele><time>2023-03-04T02:09:22Z</time></trkpt><trkpt lat="36.0106074" lon="139.2676261"><ele>147.19000000000003</ele><time>2023-03-04T02:09:36Z</time></trkpt><trkpt lat="36.0104286" lon="139.2675892"><ele>143.1</ele><time>2023-03-04T02:09:48Z</time></trkpt><trkpt lat="36.0102387" lon="139.2675628"><ele>138.27333333333334</ele><time>2023-03-04T02:10:21Z</time></trkpt><trkpt lat="36.0100859" lon="139.2674107"><ele>134.62</ele><time>2023-03-04T02:10:30Z</time></trkpt><trkpt lat="36.009987" lon="139.2672236"><ele>132.79333333333332</ele><time>2023-03-04T02:10:41Z</time></trkpt><trkpt lat="36.0098665" lon="139.26703"><ele>133.4</ele><time>2023-03-04T02:10:54Z</time></trkpt><trkpt lat="36.0097193" lon="139.267182"><ele>130.93000000000004</ele><time>2023-03-04T02:11:05Z</time></trkpt><trkpt lat="36.0096885" lon="139.2674017"><ele>128.26666666666668</ele><time>2023-03-04T02:11:14Z</time></trkpt><trkpt lat="36.0096393" lon="139.2676193"><ele>124.18666666666667</ele><time>2023-03-04T02:11:31Z</time></trkpt><trkpt lat="36.0095173" lon="139.2677902"><ele>121.08</ele><time>2023-03-04T02:11:43Z</time></trkpt><trkpt lat="36.0093492" lon="139.267702"><ele>117.88333333333333</ele><time>2023-03-04T02:11:58Z</time></trkpt><trkpt lat="36.0092304" lon="139.2675322"><ele>114.05999999999999</ele><time>2023-03-04T02:12:12Z</time></trkpt><trkpt lat="36.0091279" lon="139.2673397"><ele>111.10000000000001</ele><time>2023-03-04T02:12:24Z</time></trkpt><trkpt lat="36.0090336" lon="139.2671408"><ele>108.78666666666668</ele><time>2023-03-04T02:12:40Z</time></trkpt><trkpt lat="36.0088624" lon="139.2670519"><ele>104.98666666666666</ele><time>2023-03-04T02:12:52Z</time></trkpt><trkpt lat="36.0087312" lon="139.2668686"><ele>100.28666666666668</ele><time>2023-03-04T02:13:14Z</time></trkpt><trkpt lat="36.0088162" lon="139.2666494"><ele>96.10333333333334</ele><time>2023-03-04T02:13:28Z</time></trkpt><trkpt lat="36.0087977" lon="139.2664148"><ele>94.13666666666667</ele><time>2023-03-04T02:13:40Z</time></trkpt><trkpt lat="36.0088305" lon="139.2661956"><ele>93.96</ele><time>2023-03-04T02:13:53Z</time></trkpt><trkpt lat="36.0088634" lon="139.2659696"><ele>94.22333333333334</ele><time>2023-03-04T02:14:03Z</time></trkpt><trkpt lat="36.0087866" lon="139.265751"><ele>95.13666666666667</ele><time>2023-03-04T02:14:17Z</time></trkpt><trkpt lat="36.0086891" lon="139.2655521"><ele>95.71666666666668</ele><time>2023-03-04T02:14:30Z</time></trkpt><trkpt lat="36.0086793" lon="139.2653178"><ele>96.49333333333334</ele><time>2023-03-04T02:14:41Z</time></trkpt><trkpt lat="36.0085696" lon="139.2651333"><ele>97.07333333333334</ele><time>2023-03-04T02:14:51Z</time></trkpt><trkpt lat="36.0085223" lon="139.2649151"><ele>98.69000000000001</ele><time>2023-03-04T02:15:05Z</time></trkpt><trkpt lat="36.0085122" lon="139.2646797"><ele>100.16666666666667</ele><time>2023-03-04T02:15:11Z</time></trkpt><trkpt lat="36.008474" lon="139.264459"><ele>102.60333333333334</ele><time>2023-03-04T02:15:26Z</time></trkpt><trkpt lat="36.0083499" lon="139.2642829"><ele>104.17666666666666</ele><time>2023-03-04T02:15:43Z</time></trkpt><trkpt lat="36.0082165" lon="139.2641141"><ele>104.68666666666667</ele><time>2023-03-04T02:15:54Z</time></trkpt><trkpt lat="36.0081024" lon="139.2639314"><ele>104.12666666666667</ele><time>2023-03-04T02:16:14Z</time></trkpt><trkpt lat="36.0079841" lon="139.2637456"><ele>103.74666666666667</ele><time>2023-03-04T02:16:24Z</time></trkpt><trkpt lat="36.0079067" lon="139.2635341"><ele>103.55999999999999</ele><time>2023-03-04T02:16:38Z</time></trkpt><trkpt lat="36.0078329" lon="139.2633203"><ele>103.58333333333333</ele><time>2023-03-04T02:16:48Z</time></trkpt><trkpt lat="36.0078296" lon="139.263095"><ele>103.69333333333333</ele><time>2023-03-04T02:17:06Z</time></trkpt><trkpt lat="36.0077956" lon="139.2628644"><ele>103.86333333333334</ele><time>2023-03-04T02:17:14Z</time></trkpt><trkpt lat="36.0077164" lon="139.2626139"><ele>104.22666666666667</ele><time>2023-03-04T02:17:44Z</time></trkpt><trkpt lat="36.0076764" lon="139.2623887"><ele>104.75333333333333</ele><time>2023-03-04T02:17:53Z</time></trkpt><trkpt lat="36.0076689" lon="139.2621621"><ele>105.47333333333334</ele><time>2023-03-04T02:18:05Z</time></trkpt><trkpt lat="36.0077687" lon="139.2619688"><ele>106.25333333333333</ele><time>2023-03-04T02:18:12Z</time></trkpt><trkpt lat="36.0077434" lon="139.2617377"><ele>107.02666666666669</ele><time>2023-03-04T02:18:43Z</time></trkpt><trkpt lat="36.0075901" lon="139.2616137"><ele>107.54</ele><time>2023-03-04T02:18:59Z</time></trkpt><trkpt lat="36.0074615" lon="139.2617786"><ele>107.58333333333333</ele><time>2023-03-04T02:19:08Z</time></trkpt><trkpt lat="36.0072756" lon="139.2618963"><ele>107.07333333333334</ele><time>2023-03-04T02:19:25Z</time></trkpt><trkpt lat="36.0071947" lon="139.2620988"><ele>106.30333333333334</ele><time>2023-03-04T02:19:31Z</time></trkpt><trkpt lat="36.0070951" lon="139.2622993"><ele>105.53000000000002</ele><time>2023-03-04T02:19:42Z</time></trkpt><trkpt lat="36.0070284" lon="139.2625396"><ele>104.78000000000002</ele><time>2023-03-04T02:19:51Z</time></trkpt><trkpt lat="36.0069408" lon="139.2627348"><ele>104.06333333333333</ele><time>2023-03-04T02:20:00Z</time></trkpt><trkpt lat="36.0067646" lon="139.2628193"><ele>103.43333333333334</ele><time>2023-03-04T02:20:11Z</time></trkpt><trkpt lat="36.0065854" lon="139.262739"><ele>102.85666666666667</ele><time>2023-03-04T02:20:20Z</time></trkpt><trkpt lat="36.0064061" lon="139.2628039"><ele>102.17999999999999</ele><time>2023-03-04T02:20:36Z</time></trkpt><trkpt lat="36.00624" lon="139.2629403"><ele>101.49</ele><time>2023-03-04T02:20:51Z</time></trkpt><trkpt lat="36.0061569" lon="139.2631435"><ele>100.71666666666665</ele><time>2023-03-04T02:20:58Z</time></trkpt><trkpt lat="36.0059997" lon="139.2630297"><ele>100.27333333333333</ele><time>2023-03-04T02:21:12Z</time></trkpt><trkpt lat="36.0058993" lon="139.262836"><ele>100.08999999999999</ele><time>2023-03-04T02:21:25Z</time></trkpt><trkpt lat="36.0057467" lon="139.2627132"><ele>100.16333333333334</ele><time>2023-03-04T02:21:35Z</time></trkpt><trkpt lat="36.0056952" lon="139.2624832"><ele>100.63</ele><time>2023-03-04T02:21:46Z</time></trkpt><trkpt lat="36.0055112" lon="139.2624356"><ele>101.24666666666667</ele><time>2023-03-04T02:21:57Z</time></trkpt><trkpt lat="36.0053434" lon="139.2625539"><ele>101.62666666666667</ele><time>2023-03-04T02:22:10Z</time></trkpt><trkpt lat="36.0052014" lon="139.2626912"><ele>101.46333333333332</ele><time>2023-03-04T02:22:28Z</time></trkpt><trkpt lat="36.0054008" lon="139.262628"><ele>100.98333333333335</ele><time>2023-03-04T02:24:11Z</time></trkpt><trkpt lat="36.0055691" lon="139.2627255"><ele>100.56666666666668</ele><time>2023-03-04T02:24:21Z</time></trkpt><trkpt lat="36.0055273" lon="139.2629485"><ele>99.74000000000001</ele><time>2023-03-04T02:24:30Z</time></trkpt><trkpt lat="36.0053607" lon="139.2630428"><ele>98.22000000000001</ele><time>2023-03-04T02:24:45Z</time></trkpt><trkpt lat="36.0055448" lon="139.2630713"><ele>97.16000000000001</ele><time>2023-03-04T02:27:28Z</time></trkpt><trkpt lat="36.0056733" lon="139.2632367"><ele>96.35000000000001</ele><time>2023-03-04T02:27:35Z</time></trkpt><trkpt lat="36.0058841" lon="139.2632553"><ele>96.67333333333333</ele><time>2023-03-04T02:27:52Z</time></trkpt><trkpt lat="36.0060019" lon="139.2634403"><ele>96.64666666666666</ele><time>2023-03-04T02:28:09Z</time></trkpt><trkpt lat="36.005942" lon="139.2636543"><ele>95.96666666666665</ele><time>2023-03-04T02:28:19Z</time></trkpt><trkpt lat="36.0058511" lon="139.2638551"><ele>95.91000000000001</ele><time>2023-03-04T02:28:29Z</time></trkpt><trkpt lat="36.0057861" lon="139.2640627"><ele>96.09666666666668</ele><time>2023-03-04T02:28:45Z</time></trkpt><trkpt lat="36.0058137" lon="139.2642822"><ele>97.65333333333335</ele><time>2023-03-04T02:28:53Z</time></trkpt><trkpt lat="36.0059335" lon="139.2644488"><ele>97.95666666666666</ele><time>2023-03-04T02:29:04Z</time></trkpt><trkpt lat="36.0060333" lon="139.2646342"><ele>98.06</ele><time>2023-03-04T02:29:14Z</time></trkpt><trkpt lat="36.006125" lon="139.2648371"><ele>97.93666666666667</ele><time>2023-03-04T02:29:31Z</time></trkpt><trkpt lat="36.0061573" lon="139.2650683"><ele>98.80333333333334</ele><time>2023-03-04T02:29:40Z</time></trkpt><trkpt lat="36.0061269" lon="139.2652897"><ele>100.46</ele><time>2023-03-04T02:29:52Z</time></trkpt><trkpt lat="36.0060441" lon="139.2654868"><ele>102.02333333333333</ele><time>2023-03-04T02:30:05Z</time></trkpt><trkpt lat="36.0058948" lon="139.2653053"><ele>103.25333333333333</ele><time>2023-03-04T02:30:14Z</time></trkpt><trkpt lat="36.0057423" lon="139.2651514"><ele>103.65333333333335</ele><time>2023-03-04T02:30:21Z</time></trkpt><trkpt lat="36.0055727" lon="139.2650726"><ele>104.50666666666666</ele><time>2023-03-04T02:30:30Z</time></trkpt><trkpt lat="36.0053934" lon="139.2651133"><ele>105.62333333333333</ele><time>2023-03-04T02:30:44Z</time></trkpt><trkpt lat="36.0052186" lon="139.2651753"><ele>107.32000000000001</ele><time>2023-03-04T02:30:56Z</time></trkpt><trkpt lat="36.005128" lon="139.2649697"><ele>108.60333333333334</ele><time>2023-03-04T02:31:14Z</time></trkpt><trkpt lat="36.0051381" lon="139.2647326"><ele>109.16333333333334</ele><time>2023-03-04T02:31:23Z</time></trkpt><trkpt lat="36.0052104" lon="139.2645263"><ele>108.88333333333333</ele><time>2023-03-04T02:31:30Z</time></trkpt><trkpt lat="36.0051812" lon="139.2642996"><ele>108.42333333333333</ele><time>2023-03-04T02:31:46Z</time></trkpt><trkpt lat="36.0052023" lon="139.2640607"><ele>107.79</ele><time>2023-03-04T02:31:58Z</time></trkpt><trkpt lat="36.0051798" lon="139.2638383"><ele>106.32666666666667</ele><time>2023-03-04T02:32:11Z</time></trkpt><trkpt lat="36.0049907" lon="139.263807"><ele>104.69666666666666</ele><time>2023-03-04T02:32:22Z</time></trkpt><trkpt lat="36.0048132" lon="139.2637023"><ele>102.63</ele><time>2023-03-04T02:33:55Z</time></trkpt><trkpt lat="36.0046246" lon="139.2636843"><ele>102.3</ele><time>2023-03-04T02:34:09Z</time></trkpt><trkpt lat="36.0044489" lon="139.2636074"><ele>102.13666666666666</ele><time>2023-03-04T02:34:18Z</time></trkpt><trkpt lat="36.0043376" lon="139.2637946"><ele>103.56333333333333</ele><time>2023-03-04T02:34:26Z</time></trkpt><trkpt lat="36.0041834" lon="139.2639168"><ele>105.52333333333335</ele><time>2023-03-04T02:34:36Z</time></trkpt><trkpt lat="36.0040256" lon="139.2640437"><ele>108.24000000000001</ele><time>2023-03-04T02:34:45Z</time></trkpt><trkpt lat="36.0038932" lon="139.2638872"><ele>109.33333333333333</ele><time>2023-03-04T02:34:55Z</time></trkpt><trkpt lat="36.0037701" lon="139.2636932"><ele>109.43333333333334</ele><time>2023-03-04T02:35:05Z</time></trkpt><trkpt lat="36.0035972" lon="139.2636196"><ele>108.91000000000001</ele><time>2023-03-04T02:35:59Z</time></trkpt><trkpt lat="36.0034167" lon="139.2636113"><ele>110.25999999999999</ele><time>2023-03-04T02:36:20Z</time></trkpt><trkpt lat="36.0032351" lon="139.2635709"><ele>112.89999999999999</ele><time>2023-03-04T02:37:00Z</time></trkpt><trkpt lat="36.0030542" lon="139.2634983"><ele>117.00999999999999</ele><time>2023-03-04T02:37:12Z</time></trkpt><trkpt lat="36.0028887" lon="139.2634007"><ele>121.60666666666667</ele><time>2023-03-04T02:37:28Z</time></trkpt><trkpt lat="36.0027282" lon="139.263295"><ele>128.57666666666668</ele><time>2023-03-04T02:37:43Z</time></trkpt><trkpt lat="36.002624" lon="139.2630887"><ele>135.22333333333333</ele><time>2023-03-04T02:37:56Z</time></trkpt><trkpt lat="36.0024434" lon="139.2630453"><ele>143.76666666666668</ele><time>2023-03-04T02:38:16Z</time></trkpt><trkpt lat="36.0023534" lon="139.2628527"><ele>148.95333333333335</ele><time>2023-03-04T02:38:34Z</time></trkpt><trkpt lat="36.0023051" lon="139.2626344"><ele>154.21333333333334</ele><time>2023-03-04T02:38:57Z</time></trkpt><trkpt lat="36.0022279" lon="139.2624157"><ele>156.48</ele><time>2023-03-04T02:39:21Z</time></trkpt><trkpt lat="36.0020995" lon="139.2622468"><ele>161.48666666666665</ele><time>2023-03-04T02:40:26Z</time></trkpt><trkpt lat="36.00206" lon="139.2620291"><ele>164.63666666666666</ele><time>2023-03-04T02:41:01Z</time></trkpt><trkpt lat="36.00199" lon="139.2618146"><ele>168.17</ele><time>2023-03-04T02:41:23Z</time></trkpt><trkpt lat="36.0019548" lon="139.261595"><ele>170.26333333333332</ele><time>2023-03-04T02:41:37Z</time></trkpt><trkpt lat="36.0018852" lon="139.2613849"><ele>173.51999999999998</ele><time>2023-03-04T02:41:53Z</time></trkpt><trkpt lat="36.0017259" lon="139.2612659"><ele>179.19000000000003</ele><time>2023-03-04T02:42:40Z</time></trkpt><trkpt lat="36.0016142" lon="139.2610714"><ele>184.64333333333335</ele><time>2023-03-04T02:42:57Z</time></trkpt><trkpt lat="36.0014682" lon="139.2609216"><ele>190.76</ele><time>2023-03-04T02:43:17Z</time></trkpt><trkpt lat="36.0013242" lon="139.2607836"><ele>194.76666666666665</ele><time>2023-03-04T02:43:41Z</time></trkpt><trkpt lat="36.0011875" lon="139.2606362"><ele>198.83333333333334</ele><time>2023-03-04T02:44:09Z</time></trkpt><trkpt lat="36.001047" lon="139.2604898"><ele>203.3166666666667</ele><time>2023-03-04T02:44:52Z</time></trkpt><trkpt lat="36.0009807" lon="139.2602801"><ele>207.63000000000002</ele><time>2023-03-04T02:45:17Z</time></trkpt><trkpt lat="36.0009503" lon="139.2600594"><ele>210.85666666666665</ele><time>2023-03-04T02:45:36Z</time></trkpt><trkpt lat="36.0008703" lon="139.259855"><ele>215.33666666666667</ele><time>2023-03-04T02:45:58Z</time></trkpt><trkpt lat="36.0008817" lon="139.2596255"><ele>220.83</ele><time>2023-03-04T02:46:13Z</time></trkpt><trkpt lat="36.0010001" lon="139.259445"><ele>225.85</ele><time>2023-03-04T02:47:07Z</time></trkpt><trkpt lat="36.0010304" lon="139.2592235"><ele>231.38333333333333</ele><time>2023-03-04T02:48:18Z</time></trkpt><trkpt lat="36.000887" lon="139.2590773"><ele>237.46</ele><time>2023-03-04T02:49:11Z</time></trkpt><trkpt lat="36.000758" lon="139.258919"><ele>245.61333333333334</ele><time>2023-03-04T02:49:31Z</time></trkpt><trkpt lat="36.0006521" lon="139.2587307"><ele>251.66333333333333</ele><time>2023-03-04T02:49:46Z</time></trkpt><trkpt lat="36.0005881" lon="139.2585209"><ele>256.85</ele><time>2023-03-04T02:50:13Z</time></trkpt><trkpt lat="36.0005155" lon="139.2583174"><ele>261.85333333333335</ele><time>2023-03-04T02:50:49Z</time></trkpt><trkpt lat="36.0004237" lon="139.258107"><ele>267.19</ele><time>2023-03-04T02:51:08Z</time></trkpt><trkpt lat="36.0003806" lon="139.2578741"><ele>270.2033333333333</ele><time>2023-03-04T02:51:37Z</time></trkpt><trkpt lat="36.0002951" lon="139.2576716"><ele>272.7966666666667</ele><time>2023-03-04T02:51:57Z</time></trkpt><trkpt lat="36.0001509" lon="139.257519"><ele>275.91333333333336</ele><time>2023-03-04T02:52:17Z</time></trkpt><trkpt lat="35.9999859" lon="139.2574097"><ele>282.5566666666667</ele><time>2023-03-04T02:53:23Z</time></trkpt><trkpt lat="35.9997687" lon="139.2574958"><ele>290.3066666666667</ele><time>2023-03-04T02:53:43Z</time></trkpt><trkpt lat="35.9996914" lon="139.2572938"><ele>297.01666666666665</ele><time>2023-03-04T02:54:37Z</time></trkpt><trkpt lat="35.9996473" lon="139.2570703"><ele>301.56333333333333</ele><time>2023-03-04T02:54:59Z</time></trkpt><trkpt lat="35.9995453" lon="139.2568714"><ele>304.21</ele><time>2023-03-04T02:55:21Z</time></trkpt><trkpt lat="35.9995175" lon="139.256635"><ele>306.7733333333333</ele><time>2023-03-04T02:55:33Z</time></trkpt><trkpt lat="35.9994502" lon="139.2564212"><ele>309.14000000000004</ele><time>2023-03-04T02:55:46Z</time></trkpt><trkpt lat="35.999364" lon="139.2562039"><ele>311.9866666666667</ele><time>2023-03-04T02:56:01Z</time></trkpt><trkpt lat="35.99926" lon="139.2559995"><ele>315.8</ele><time>2023-03-04T02:56:28Z</time></trkpt><trkpt lat="35.9991708" lon="139.255802"><ele>319.56333333333333</ele><time>2023-03-04T02:56:42Z</time></trkpt><trkpt lat="35.9989917" lon="139.2557484"><ele>323.59</ele><time>2023-03-04T02:56:58Z</time></trkpt><trkpt lat="35.9988065" lon="139.2557376"><ele>327.4866666666667</ele><time>2023-03-04T02:57:19Z</time></trkpt><trkpt lat="35.9986297" lon="139.2556867"><ele>332.32</ele><time>2023-03-04T02:57:58Z</time></trkpt><trkpt lat="35.998459" lon="139.2555646"><ele>337.12333333333333</ele><time>2023-03-04T02:58:37Z</time></trkpt><trkpt lat="35.998288" lon="139.2554898"><ele>340.72333333333336</ele><time>2023-03-04T02:58:50Z</time></trkpt><trkpt lat="35.9981247" lon="139.2553503"><ele>344.0166666666667</ele><time>2023-03-04T02:59:12Z</time></trkpt><trkpt lat="35.9979696" lon="139.255227"><ele>346.74333333333334</ele><time>2023-03-04T03:00:36Z</time></trkpt><trkpt lat="35.9977985" lon="139.2551532"><ele>351.7033333333334</ele><time>2023-03-04T03:01:44Z</time></trkpt><trkpt lat="35.9976079" lon="139.2551209"><ele>357.05333333333334</ele><time>2023-03-04T03:03:05Z</time></trkpt><trkpt lat="35.9974583" lon="139.2549933"><ele>363.07333333333344</ele><time>2023-03-04T03:05:19Z</time></trkpt><trkpt lat="35.9973682" lon="139.2547957"><ele>367.3766666666667</ele><time>2023-03-04T03:05:55Z</time></trkpt><trkpt lat="35.9971834" lon="139.2547422"><ele>372.3066666666667</ele><time>2023-03-04T03:07:16Z</time></trkpt><trkpt lat="35.9970095" lon="139.2546786"><ele>378.6166666666666</ele><time>2023-03-04T03:07:53Z</time></trkpt><trkpt lat="35.9968287" lon="139.2546356"><ele>384.56333333333333</ele><time>2023-03-04T03:08:08Z</time></trkpt><trkpt lat="35.9966459" lon="139.254625"><ele>390.84</ele><time>2023-03-04T03:08:54Z</time></trkpt><trkpt lat="35.996438" lon="139.2545744"><ele>395.73333333333335</ele><time>2023-03-04T03:09:24Z</time></trkpt><trkpt lat="35.9962513" lon="139.2545091"><ele>399.3766666666667</ele><time>2023-03-04T03:09:54Z</time></trkpt><trkpt lat="35.9960801" lon="139.2545989"><ele>401.58666666666664</ele><time>2023-03-04T03:10:09Z</time></trkpt><trkpt lat="35.9958994" lon="139.2546173"><ele>402.51000000000005</ele><time>2023-03-04T03:10:21Z</time></trkpt><trkpt lat="35.9957542" lon="139.2547535"><ele>406.36000000000007</ele><time>2023-03-04T03:10:40Z</time></trkpt><trkpt lat="35.9955725" lon="139.2547394"><ele>409.9866666666667</ele><time>2023-03-04T03:11:35Z</time></trkpt><trkpt lat="35.9953893" lon="139.2547287"><ele>414.52</ele><time>2023-03-04T03:12:03Z</time></trkpt><trkpt lat="35.9952063" lon="139.2547453"><ele>418.27333333333337</ele><time>2023-03-04T03:14:26Z</time></trkpt><trkpt lat="35.9951379" lon="139.2549544"><ele>421.09666666666664</ele><time>2023-03-04T03:20:53Z</time></trkpt><trkpt lat="35.9953056" lon="139.2548345"><ele>422.10999999999996</ele><time>2023-03-04T03:21:10Z</time></trkpt><trkpt lat="35.9951466" lon="139.2549549"><ele>422.0366666666667</ele><time>2023-03-04T03:29:46Z</time></trkpt><trkpt lat="35.9952491" lon="139.2547619"><ele>421.8766666666667</ele><time>2023-03-04T03:32:15Z</time></trkpt><trkpt lat="35.9952829" lon="139.2545401"><ele>421.81666666666666</ele><time>2023-03-04T03:32:32Z</time></trkpt><trkpt lat="35.9953021" lon="139.2547663"><ele>420.91333333333336</ele><time>2023-03-04T03:33:37Z</time></trkpt><trkpt lat="35.9951189" lon="139.2547355"><ele>421.34</ele><time>2023-03-04T03:33:44Z</time></trkpt><trkpt lat="35.9949751" lon="139.2548874"><ele>422.17</ele><time>2023-03-04T03:34:01Z</time></trkpt><trkpt lat="35.9948155" lon="139.2547797"><ele>423.07</ele><time>2023-03-04T03:35:05Z</time></trkpt><trkpt lat="35.9946368" lon="139.2548209"><ele>422.1666666666667</ele><time>2023-03-04T03:35:22Z</time></trkpt><trkpt lat="35.994455" lon="139.2548418"><ele>421.1666666666667</ele><time>2023-03-04T03:35:35Z</time></trkpt><trkpt lat="35.9942699" lon="139.2547933"><ele>418.3666666666666</ele><time>2023-03-04T03:35:48Z</time></trkpt><trkpt lat="35.9940903" lon="139.2548513"><ele>415.3566666666666</ele><time>2023-03-04T03:36:00Z</time></trkpt><trkpt lat="35.9939121" lon="139.2549356"><ele>412.3066666666667</ele><time>2023-03-04T03:36:13Z</time></trkpt><trkpt lat="35.993767" lon="139.2550913"><ele>411.2</ele><time>2023-03-04T03:36:24Z</time></trkpt><trkpt lat="35.9936791" lon="139.2552967"><ele>410.58</ele><time>2023-03-04T03:36:47Z</time></trkpt><trkpt lat="35.9935285" lon="139.2551213"><ele>409.31</ele><time>2023-03-04T03:36:52Z</time></trkpt><trkpt lat="35.9933423" lon="139.2550628"><ele>406.99333333333334</ele><time>2023-03-04T03:37:06Z</time></trkpt><trkpt lat="35.9931521" lon="139.2550736"><ele>404.4266666666667</ele><time>2023-03-04T03:37:16Z</time></trkpt><trkpt lat="35.9929683" lon="139.2550622"><ele>401.75</ele><time>2023-03-04T03:37:28Z</time></trkpt><trkpt lat="35.992779" lon="139.2550852"><ele>398.40000000000003</ele><time>2023-03-04T03:37:40Z</time></trkpt><trkpt lat="35.9926118" lon="139.2551822"><ele>395.17</ele><time>2023-03-04T03:37:52Z</time></trkpt><trkpt lat="35.9924426" lon="139.2552817"><ele>391.67333333333335</ele><time>2023-03-04T03:38:05Z</time></trkpt><trkpt lat="35.9922556" lon="139.2553033"><ele>388.20666666666665</ele><time>2023-03-04T03:38:18Z</time></trkpt><trkpt lat="35.992155" lon="139.2551087"><ele>383.1333333333334</ele><time>2023-03-04T03:38:27Z</time></trkpt><trkpt lat="35.9921618" lon="139.2548794"><ele>377.4066666666667</ele><time>2023-03-04T03:39:03Z</time></trkpt><trkpt lat="35.9919814" lon="139.2548888"><ele>373.1133333333334</ele><time>2023-03-04T03:39:13Z</time></trkpt><trkpt lat="35.9918294" lon="139.2547603"><ele>368.90333333333336</ele><time>2023-03-04T03:39:27Z</time></trkpt><trkpt lat="35.9917538" lon="139.2545503"><ele>364.6666666666667</ele><time>2023-03-04T03:39:38Z</time></trkpt><trkpt lat="35.9916887" lon="139.254341"><ele>357.97333333333336</ele><time>2023-03-04T03:39:59Z</time></trkpt><trkpt lat="35.9917091" lon="139.2545725"><ele>355.92</ele><time>2023-03-04T03:40:55Z</time></trkpt><trkpt lat="35.9918152" lon="139.2547797"><ele>357.6166666666666</ele><time>2023-03-04T03:41:29Z</time></trkpt><trkpt lat="35.9916614" lon="139.2549409"><ele>362.12000000000006</ele><time>2023-03-04T03:42:04Z</time></trkpt><trkpt lat="35.9915341" lon="139.255105"><ele>363.83666666666664</ele><time>2023-03-04T03:42:17Z</time></trkpt><trkpt lat="35.9913608" lon="139.2551922"><ele>362.8533333333333</ele><time>2023-03-04T03:42:31Z</time></trkpt><trkpt lat="35.9912187" lon="139.2553481"><ele>360.2133333333333</ele><time>2023-03-04T03:42:43Z</time></trkpt><trkpt lat="35.9910959" lon="139.2555151"><ele>357.16</ele><time>2023-03-04T03:42:55Z</time></trkpt><trkpt lat="35.9909768" lon="139.2556946"><ele>354.8833333333334</ele><time>2023-03-04T03:43:07Z</time></trkpt><trkpt lat="35.9908345" lon="139.2558467"><ele>352.9866666666667</ele><time>2023-03-04T03:43:14Z</time></trkpt><trkpt lat="35.9906436" lon="139.2559124"><ele>350.11666666666673</ele><time>2023-03-04T03:43:21Z</time></trkpt><trkpt lat="35.9906019" lon="139.255685"><ele>347.3866666666667</ele><time>2023-03-04T03:43:31Z</time></trkpt><trkpt lat="35.990569" lon="139.2554629"><ele>343.76666666666665</ele><time>2023-03-04T03:43:38Z</time></trkpt><trkpt lat="35.9903814" lon="139.2554975"><ele>340.97</ele><time>2023-03-04T03:43:44Z</time></trkpt><trkpt lat="35.9903237" lon="139.2557212"><ele>338.29</ele><time>2023-03-04T03:43:50Z</time></trkpt><trkpt lat="35.9901774" lon="139.2555872"><ele>336.20000000000005</ele><time>2023-03-04T03:44:21Z</time></trkpt><trkpt lat="35.9901693" lon="139.2553531"><ele>333.9</ele><time>2023-03-04T03:44:29Z</time></trkpt><trkpt lat="35.9901117" lon="139.2551354"><ele>329.09</ele><time>2023-03-04T03:44:36Z</time></trkpt><trkpt lat="35.989923" lon="139.2551727"><ele>325.35999999999996</ele><time>2023-03-04T03:44:52Z</time></trkpt><trkpt lat="35.989879" lon="139.2553964"><ele>323.17333333333335</ele><time>2023-03-04T03:45:00Z</time></trkpt><trkpt lat="35.9899218" lon="139.2556223"><ele>324.24666666666667</ele><time>2023-03-04T03:45:10Z</time></trkpt><trkpt lat="35.9897037" lon="139.2557011"><ele>323.16333333333336</ele><time>2023-03-04T03:45:16Z</time></trkpt><trkpt lat="35.9895493" lon="139.255834"><ele>321.32666666666665</ele><time>2023-03-04T03:45:20Z</time></trkpt><trkpt lat="35.989367" lon="139.2558684"><ele>315.8433333333333</ele><time>2023-03-04T03:45:31Z</time></trkpt><trkpt lat="35.9892312" lon="139.2560343"><ele>311.83</ele><time>2023-03-04T03:45:41Z</time></trkpt><trkpt lat="35.9891625" lon="139.2562493"><ele>307.42333333333335</ele><time>2023-03-04T03:45:52Z</time></trkpt><trkpt lat="35.9891664" lon="139.256494"><ele>306.08</ele><time>2023-03-04T03:46:04Z</time></trkpt><trkpt lat="35.9891495" lon="139.2567199"><ele>305.83</ele><time>2023-03-04T03:46:13Z</time></trkpt><trkpt lat="35.9890852" lon="139.2569356"><ele>305.1566666666667</ele><time>2023-03-04T03:46:27Z</time></trkpt><trkpt lat="35.9889859" lon="139.2571268"><ele>303.45</ele><time>2023-03-04T03:46:38Z</time></trkpt><trkpt lat="35.9889892" lon="139.2573531"><ele>301.32</ele><time>2023-03-04T03:46:50Z</time></trkpt><trkpt lat="35.9889871" lon="139.2575802"><ele>299.01666666666665</ele><time>2023-03-04T03:47:03Z</time></trkpt><trkpt lat="35.988961" lon="139.257813"><ele>295.7166666666667</ele><time>2023-03-04T03:47:15Z</time></trkpt><trkpt lat="35.9891272" lon="139.2579101"><ele>292.72333333333336</ele><time>2023-03-04T03:47:28Z</time></trkpt><trkpt lat="35.9893134" lon="139.2579617"><ele>290.08666666666664</ele><time>2023-03-04T03:47:38Z</time></trkpt><trkpt lat="35.9894604" lon="139.2580976"><ele>286.60999999999996</ele><time>2023-03-04T03:47:49Z</time></trkpt><trkpt lat="35.9893448" lon="139.2582696"><ele>281.99333333333334</ele><time>2023-03-04T03:48:00Z</time></trkpt><trkpt lat="35.9891805" lon="139.2583722"><ele>277.59999999999997</ele><time>2023-03-04T03:48:10Z</time></trkpt><trkpt lat="35.9890074" lon="139.2584428"><ele>274.6266666666666</ele><time>2023-03-04T03:48:25Z</time></trkpt><trkpt lat="35.9888543" lon="139.2582968"><ele>273.9733333333333</ele><time>2023-03-04T03:48:35Z</time></trkpt><trkpt lat="35.9887699" lon="139.2580966"><ele>274.21999999999997</ele><time>2023-03-04T03:48:44Z</time></trkpt><trkpt lat="35.9886126" lon="139.2579587"><ele>275.58666666666664</ele><time>2023-03-04T03:48:55Z</time></trkpt><trkpt lat="35.9884448" lon="139.2578676"><ele>274.50333333333333</ele><time>2023-03-04T03:49:12Z</time></trkpt><trkpt lat="35.9884201" lon="139.2581001"><ele>271.0833333333333</ele><time>2023-03-04T03:49:26Z</time></trkpt><trkpt lat="35.98842" lon="139.2583229"><ele>266.81333333333333</ele><time>2023-03-04T03:49:42Z</time></trkpt><trkpt lat="35.9885158" lon="139.258518"><ele>264.08</ele><time>2023-03-04T03:49:57Z</time></trkpt><trkpt lat="35.9885599" lon="139.2587507"><ele>261.9166666666667</ele><time>2023-03-04T03:50:03Z</time></trkpt><trkpt lat="35.988496" lon="139.2589623"><ele>260.0366666666667</ele><time>2023-03-04T03:50:37Z</time></trkpt><trkpt lat="35.9883146" lon="139.2590721"><ele>257.27</ele><time>2023-03-04T03:51:04Z</time></trkpt><trkpt lat="35.9882015" lon="139.2592634"><ele>255.00666666666666</ele><time>2023-03-04T03:51:16Z</time></trkpt><trkpt lat="35.9880562" lon="139.2594126"><ele>252.9366666666667</ele><time>2023-03-04T03:51:29Z</time></trkpt><trkpt lat="35.9879608" lon="139.2596046"><ele>250.78</ele><time>2023-03-04T03:51:36Z</time></trkpt><trkpt lat="35.9878594" lon="139.2597926"><ele>248.09000000000003</ele><time>2023-03-04T03:51:48Z</time></trkpt><trkpt lat="35.9877427" lon="139.2599697"><ele>245.15666666666667</ele><time>2023-03-04T03:52:04Z</time></trkpt><trkpt lat="35.9876488" lon="139.2601593"><ele>242.38</ele><time>2023-03-04T03:52:17Z</time></trkpt><trkpt lat="35.9875247" lon="139.2603281"><ele>239.89333333333335</ele><time>2023-03-04T03:52:30Z</time></trkpt><trkpt lat="35.9873984" lon="139.2604864"><ele>236.50666666666666</ele><time>2023-03-04T03:52:45Z</time></trkpt><trkpt lat="35.9872643" lon="139.2606719"><ele>231.37666666666667</ele><time>2023-03-04T03:53:02Z</time></trkpt><trkpt lat="35.9871037" lon="139.2607856"><ele>226.29333333333332</ele><time>2023-03-04T03:53:09Z</time></trkpt><trkpt lat="35.9869419" lon="139.2608884"><ele>222.66666666666666</ele><time>2023-03-04T03:53:26Z</time></trkpt><trkpt lat="35.9869202" lon="139.2611138"><ele>219.45333333333335</ele><time>2023-03-04T03:53:39Z</time></trkpt><trkpt lat="35.9868142" lon="139.2612943"><ele>216.58666666666667</ele><time>2023-03-04T03:53:51Z</time></trkpt><trkpt lat="35.9866609" lon="139.2614137"><ele>213.37666666666667</ele><time>2023-03-04T03:54:05Z</time></trkpt><trkpt lat="35.986533" lon="139.2615895"><ele>211.11</ele><time>2023-03-04T03:54:19Z</time></trkpt><trkpt lat="35.986391" lon="139.2617318"><ele>208.90666666666667</ele><time>2023-03-04T03:54:31Z</time></trkpt><trkpt lat="35.9862302" lon="139.261866"><ele>206.03</ele><time>2023-03-04T03:54:46Z</time></trkpt><trkpt lat="35.9860625" lon="139.2619745"><ele>204.0666666666667</ele><time>2023-03-04T03:55:00Z</time></trkpt><trkpt lat="35.9859319" lon="139.2621378"><ele>204.35666666666665</ele><time>2023-03-04T03:55:26Z</time></trkpt><trkpt lat="35.9857595" lon="139.2622164"><ele>204.14666666666665</ele><time>2023-03-04T03:55:39Z</time></trkpt><trkpt lat="35.9855764" lon="139.2621473"><ele>201.24</ele><time>2023-03-04T03:56:17Z</time></trkpt><trkpt lat="35.9854029" lon="139.2622123"><ele>195.9466666666667</ele><time>2023-03-04T03:56:30Z</time></trkpt><trkpt lat="35.9852222" lon="139.2623083"><ele>191.29999999999998</ele><time>2023-03-04T03:56:42Z</time></trkpt><trkpt lat="35.9850466" lon="139.262372"><ele>188.04999999999998</ele><time>2023-03-04T03:57:00Z</time></trkpt><trkpt lat="35.9849636" lon="139.2625696"><ele>184.70000000000002</ele><time>2023-03-04T03:57:24Z</time></trkpt><trkpt lat="35.9848761" lon="139.2627664"><ele>180.30666666666664</ele><time>2023-03-04T03:57:38Z</time></trkpt><trkpt lat="35.9848872" lon="139.262993"><ele>177.82000000000002</ele><time>2023-03-04T03:57:50Z</time></trkpt><trkpt lat="35.9848653" lon="139.2632253"><ele>174.7166666666667</ele><time>2023-03-04T03:58:05Z</time></trkpt><trkpt lat="35.9847735" lon="139.2634177"><ele>172.71666666666667</ele><time>2023-03-04T03:58:20Z</time></trkpt><trkpt lat="35.9847379" lon="139.2636394"><ele>169.26000000000002</ele><time>2023-03-04T03:58:35Z</time></trkpt><trkpt lat="35.9847471" lon="139.2638625"><ele>166.77666666666667</ele><time>2023-03-04T03:58:49Z</time></trkpt><trkpt lat="35.9848878" lon="139.2640028"><ele>163.38</ele><time>2023-03-04T03:59:00Z</time></trkpt><trkpt lat="35.9847112" lon="139.2639299"><ele>162.28</ele><time>2023-03-04T03:59:36Z</time></trkpt><trkpt lat="35.9845321" lon="139.2638294"><ele>160.63</ele><time>2023-03-04T03:59:51Z</time></trkpt><trkpt lat="35.9843521" lon="139.2637984"><ele>158.62</ele><time>2023-03-04T04:00:14Z</time></trkpt><trkpt lat="35.9843048" lon="139.2640374"><ele>153.24666666666667</ele><time>2023-03-04T04:00:31Z</time></trkpt><trkpt lat="35.9843565" lon="139.2642588"><ele>148.69333333333336</ele><time>2023-03-04T04:00:47Z</time></trkpt><trkpt lat="35.9843743" lon="139.2644943"><ele>144.99333333333334</ele><time>2023-03-04T04:01:05Z</time></trkpt><trkpt lat="35.984346" lon="139.2647199"><ele>141.08333333333334</ele><time>2023-03-04T04:01:26Z</time></trkpt><trkpt lat="35.9841638" lon="139.2647739"><ele>135.60999999999999</ele><time>2023-03-04T04:01:45Z</time></trkpt><trkpt lat="35.9839849" lon="139.2648062"><ele>131.32000000000002</ele><time>2023-03-04T04:02:08Z</time></trkpt><trkpt lat="35.9838191" lon="139.2649009"><ele>129.11666666666665</ele><time>2023-03-04T04:02:19Z</time></trkpt><trkpt lat="35.9836341" lon="139.2649194"><ele>128.96666666666667</ele><time>2023-03-04T04:02:33Z</time></trkpt><trkpt lat="35.9834289" lon="139.2649188"><ele>129.91333333333333</ele><time>2023-03-04T04:03:11Z</time></trkpt><trkpt lat="35.9832474" lon="139.2649672"><ele>130.11</ele><time>2023-03-04T04:03:19Z</time></trkpt><trkpt lat="35.9830659" lon="139.2650155"><ele>129.86333333333334</ele><time>2023-03-04T04:03:35Z</time></trkpt><trkpt lat="35.9828795" lon="139.2650346"><ele>128.74666666666667</ele><time>2023-03-04T04:03:48Z</time></trkpt><trkpt lat="35.9826991" lon="139.2650441"><ele>128.46666666666667</ele><time>2023-03-04T04:04:01Z</time></trkpt><trkpt lat="35.982526" lon="139.265113"><ele>128.29333333333332</ele><time>2023-03-04T04:04:13Z</time></trkpt><trkpt lat="35.9823329" lon="139.265156"><ele>128.01333333333335</ele><time>2023-03-04T04:04:25Z</time></trkpt><trkpt lat="35.9821601" lon="139.265092"><ele>128.29</ele><time>2023-03-04T04:04:33Z</time></trkpt><trkpt lat="35.9819768" lon="139.2650889"><ele>128.69333333333333</ele><time>2023-03-04T04:04:44Z</time></trkpt><trkpt lat="35.9817974" lon="139.2650448"><ele>129.17000000000002</ele><time>2023-03-04T04:04:55Z</time></trkpt><trkpt lat="35.9816193" lon="139.2650924"><ele>129.00666666666666</ele><time>2023-03-04T04:05:13Z</time></trkpt><trkpt lat="35.981448" lon="139.2651628"><ele>127.89000000000003</ele><time>2023-03-04T04:05:29Z</time></trkpt><trkpt lat="35.98126" lon="139.2652242"><ele>126.17666666666666</ele><time>2023-03-04T04:05:40Z</time></trkpt><trkpt lat="35.9810735" lon="139.2652482"><ele>124.84666666666668</ele><time>2023-03-04T04:05:50Z</time></trkpt><trkpt lat="35.9808889" lon="139.2652852"><ele>124.17666666666666</ele><time>2023-03-04T04:06:01Z</time></trkpt><trkpt lat="35.9806972" lon="139.2653007"><ele>124.13666666666667</ele><time>2023-03-04T04:06:13Z</time></trkpt><trkpt lat="35.9805115" lon="139.2653332"><ele>122.79333333333334</ele><time>2023-03-04T04:06:25Z</time></trkpt><trkpt lat="35.980332" lon="139.2653965"><ele>121.18</ele><time>2023-03-04T04:06:37Z</time></trkpt><trkpt lat="35.9801526" lon="139.2654827"><ele>119.36</ele><time>2023-03-04T04:06:51Z</time></trkpt><trkpt lat="35.9799678" lon="139.2655211"><ele>118.73333333333333</ele><time>2023-03-04T04:07:04Z</time></trkpt><trkpt lat="35.9797733" lon="139.2655024"><ele>118.52999999999999</ele><time>2023-03-04T04:07:17Z</time></trkpt><trkpt lat="35.9795833" lon="139.2655201"><ele>118.35666666666667</ele><time>2023-03-04T04:07:32Z</time></trkpt><trkpt lat="35.9794383" lon="139.2656722"><ele>117.77333333333333</ele><time>2023-03-04T04:07:47Z</time></trkpt><trkpt lat="35.9792894" lon="139.2658232"><ele>116.7</ele><time>2023-03-04T04:08:01Z</time></trkpt><trkpt lat="35.9791349" lon="139.2659615"><ele>115.16666666666667</ele><time>2023-03-04T04:08:15Z</time></trkpt><trkpt lat="35.9789684" lon="139.2660484"><ele>114.13666666666667</ele><time>2023-03-04T04:08:30Z</time></trkpt><trkpt lat="35.9788487" lon="139.2662326"><ele>112.97333333333334</ele><time>2023-03-04T04:08:45Z</time></trkpt><trkpt lat="35.9786732" lon="139.2663437"><ele>112.84666666666668</ele><time>2023-03-04T04:09:02Z</time></trkpt><trkpt lat="35.9785356" lon="139.266487"><ele>111.99333333333334</ele><time>2023-03-04T04:09:11Z</time></trkpt><trkpt lat="35.9783735" lon="139.2666058"><ele>111.89999999999999</ele><time>2023-03-04T04:09:23Z</time></trkpt><trkpt lat="35.9782098" lon="139.266747"><ele>110.34666666666668</ele><time>2023-03-04T04:09:34Z</time></trkpt><trkpt lat="35.9782097" lon="139.2669765"><ele>108.74666666666667</ele><time>2023-03-04T04:09:55Z</time></trkpt><trkpt lat="35.9781392" lon="139.2671822"><ele>106.96</ele><time>2023-03-04T04:10:06Z</time></trkpt><trkpt lat="35.9780531" lon="139.2673955"><ele>106.24000000000001</ele><time>2023-03-04T04:10:19Z</time></trkpt><trkpt lat="35.9780282" lon="139.2676207"><ele>106.16000000000001</ele><time>2023-03-04T04:10:35Z</time></trkpt><trkpt lat="35.9779885" lon="139.2678458"><ele>106.21999999999998</ele><time>2023-03-04T04:10:45Z</time></trkpt><trkpt lat="35.9779025" lon="139.2680574"><ele>106.08666666666666</ele><time>2023-03-04T04:10:58Z</time></trkpt><trkpt lat="35.9778621" lon="139.2682786"><ele>105.66000000000001</ele><time>2023-03-04T04:11:10Z</time></trkpt><trkpt lat="35.9777999" lon="139.2685079"><ele>105.33</ele><time>2023-03-04T04:11:27Z</time></trkpt><trkpt lat="35.9777465" lon="139.2687517"><ele>105.21333333333332</ele><time>2023-03-04T04:11:44Z</time></trkpt><trkpt lat="35.9776272" lon="139.2689201"><ele>105.01333333333334</ele><time>2023-03-04T04:11:52Z</time></trkpt><trkpt lat="35.9775276" lon="139.2691147"><ele>104.70666666666666</ele><time>2023-03-04T04:12:05Z</time></trkpt><trkpt lat="35.9774199" lon="139.2693306"><ele>104.23</ele><time>2023-03-04T04:12:17Z</time></trkpt><trkpt lat="35.9772409" lon="139.2693742"><ele>103.59666666666665</ele><time>2023-03-04T04:12:29Z</time></trkpt><trkpt lat="35.9770641" lon="139.2694385"><ele>102.79</ele><time>2023-03-04T04:12:43Z</time></trkpt><trkpt lat="35.9769048" lon="139.2695571"><ele>101.88666666666666</ele><time>2023-03-04T04:12:55Z</time></trkpt><trkpt lat="35.9767335" lon="139.2696306"><ele>100.98666666666668</ele><time>2023-03-04T04:13:06Z</time></trkpt><trkpt lat="35.9765583" lon="139.2695394"><ele>100.15666666666668</ele><time>2023-03-04T04:13:17Z</time></trkpt><trkpt lat="35.9763786" lon="139.2695688"><ele>100.10000000000001</ele><time>2023-03-04T04:13:29Z</time></trkpt><trkpt lat="35.9762074" lon="139.2696771"><ele>100.85666666666667</ele><time>2023-03-04T04:13:47Z</time></trkpt><trkpt lat="35.9760418" lon="139.269775"><ele>102.44</ele><time>2023-03-04T04:13:56Z</time></trkpt><trkpt lat="35.9758757" lon="139.2698859"><ele>103.56333333333333</ele><time>2023-03-04T04:14:07Z</time></trkpt><trkpt lat="35.9757282" lon="139.2700262"><ele>103.90333333333335</ele><time>2023-03-04T04:14:19Z</time></trkpt><trkpt lat="35.9755735" lon="139.2701666"><ele>103.14333333333333</ele><time>2023-03-04T04:14:38Z</time></trkpt><trkpt lat="35.975412" lon="139.2702743"><ele>102.13</ele><time>2023-03-04T04:14:49Z</time></trkpt><trkpt lat="35.9752704" lon="139.2704349"><ele>101.49666666666667</ele><time>2023-03-04T04:15:00Z</time></trkpt><trkpt lat="35.9751175" lon="139.270557"><ele>101.56666666666666</ele><time>2023-03-04T04:15:11Z</time></trkpt><trkpt lat="35.9749505" lon="139.2706825"><ele>101.77666666666669</ele><time>2023-03-04T04:15:22Z</time></trkpt><trkpt lat="35.9748038" lon="139.2708304"><ele>102.16000000000001</ele><time>2023-03-04T04:15:36Z</time></trkpt><trkpt lat="35.9746535" lon="139.2709568"><ele>101.46666666666665</ele><time>2023-03-04T04:15:47Z</time></trkpt><trkpt lat="35.974502" lon="139.271094"><ele>100.45666666666666</ele><time>2023-03-04T04:16:00Z</time></trkpt><trkpt lat="35.9743549" lon="139.2712399"><ele>99.06333333333333</ele><time>2023-03-04T04:16:12Z</time></trkpt><trkpt lat="35.9741926" lon="139.2713473"><ele>98.58666666666666</ele><time>2023-03-04T04:16:24Z</time></trkpt><trkpt lat="35.9740361" lon="139.2714677"><ele>98.55</ele><time>2023-03-04T04:16:36Z</time></trkpt><trkpt lat="35.9739082" lon="139.2716371"><ele>98.66333333333334</ele><time>2023-03-04T04:16:47Z</time></trkpt><trkpt lat="35.9737769" lon="139.2718076"><ele>98.69333333333334</ele><time>2023-03-04T04:16:59Z</time></trkpt><trkpt lat="35.9736256" lon="139.2719394"><ele>98.60000000000001</ele><time>2023-03-04T04:17:11Z</time></trkpt><trkpt lat="35.9734604" lon="139.2720459"><ele>98.47000000000001</ele><time>2023-03-04T04:17:21Z</time></trkpt><trkpt lat="35.9732899" lon="139.2721427"><ele>98.17666666666666</ele><time>2023-03-04T04:17:29Z</time></trkpt><trkpt lat="35.973144" lon="139.2722823"><ele>97.85666666666667</ele><time>2023-03-04T04:17:44Z</time></trkpt><trkpt lat="35.9729696" lon="139.2723859"><ele>97.32666666666667</ele><time>2023-03-04T04:17:57Z</time></trkpt><trkpt lat="35.9730003" lon="139.2726081"><ele>96.85000000000001</ele><time>2023-03-04T04:18:07Z</time></trkpt><trkpt lat="35.9730546" lon="139.2728291"><ele>96.21</ele><time>2023-03-04T04:18:18Z</time></trkpt><trkpt lat="35.973145" lon="139.2730356"><ele>95.56333333333333</ele><time>2023-03-04T04:18:29Z</time></trkpt><trkpt lat="35.973194" lon="139.2732598"><ele>94.71999999999998</ele><time>2023-03-04T04:18:40Z</time></trkpt><trkpt lat="35.9731187" lon="139.2734788"><ele>93.95666666666666</ele><time>2023-03-04T04:18:55Z</time></trkpt><trkpt lat="35.973244" lon="139.2736502"><ele>93.19333333333333</ele><time>2023-03-04T04:19:08Z</time></trkpt><trkpt lat="35.9731427" lon="139.2738433"><ele>92.64666666666666</ele><time>2023-03-04T04:19:20Z</time></trkpt><trkpt lat="35.9730479" lon="139.2740397"><ele>92.18</ele><time>2023-03-04T04:19:29Z</time></trkpt><trkpt lat="35.9730027" lon="139.2742607"><ele>91.96666666666665</ele><time>2023-03-04T04:19:40Z</time></trkpt><trkpt lat="35.9730005" lon="139.2744944"><ele>91.52</ele><time>2023-03-04T04:19:58Z</time></trkpt><trkpt lat="35.9729965" lon="139.2747511"><ele>89.98333333333333</ele><time>2023-03-04T04:20:18Z</time></trkpt><trkpt lat="35.9729363" lon="139.2749714"><ele>89.39666666666666</ele><time>2023-03-04T04:20:29Z</time></trkpt><trkpt lat="35.9729583" lon="139.275192"><ele>89.62333333333333</ele><time>2023-03-04T04:20:42Z</time></trkpt><trkpt lat="35.9727675" lon="139.2751539"><ele>91.72333333333334</ele><time>2023-03-04T04:20:54Z</time></trkpt><trkpt lat="35.9727162" lon="139.274932"><ele>91.67666666666666</ele><time>2023-03-04T04:21:07Z</time></trkpt><trkpt lat="35.9725362" lon="139.2749073"><ele>91.31333333333333</ele><time>2023-03-04T04:21:16Z</time></trkpt><trkpt lat="35.9723925" lon="139.27477"><ele>89.14333333333333</ele><time>2023-03-04T04:21:29Z</time></trkpt><trkpt lat="35.9722152" lon="139.2747227"><ele>89.09666666666668</ele><time>2023-03-04T04:21:47Z</time></trkpt><trkpt lat="35.9720329" lon="139.274648"><ele>88.99666666666667</ele><time>2023-03-04T04:21:57Z</time></trkpt><trkpt lat="35.9718587" lon="139.2745404"><ele>90.27999999999999</ele><time>2023-03-04T04:22:07Z</time></trkpt><trkpt lat="35.9716923" lon="139.2744384"><ele>90.30333333333333</ele><time>2023-03-04T04:22:23Z</time></trkpt><trkpt lat="35.9715077" lon="139.2744442"><ele>90.71</ele><time>2023-03-04T04:22:40Z</time></trkpt><trkpt lat="35.9713543" lon="139.2742338"><ele>90.94333333333334</ele><time>2023-03-04T04:22:49Z</time></trkpt><trkpt lat="35.9712231" lon="139.2740701"><ele>91.63333333333333</ele><time>2023-03-04T04:23:01Z</time></trkpt><trkpt lat="35.9710321" lon="139.2740848"><ele>92.23333333333333</ele><time>2023-03-04T04:23:39Z</time></trkpt><trkpt lat="35.9708554" lon="139.2741808"><ele>93.02666666666669</ele><time>2023-03-04T04:23:45Z</time></trkpt><trkpt lat="35.9706698" lon="139.274163"><ele>94.26</ele><time>2023-03-04T04:24:02Z</time></trkpt><trkpt lat="35.9705107" lon="139.2740549"><ele>95.71666666666665</ele><time>2023-03-04T04:24:19Z</time></trkpt><trkpt lat="35.9703508" lon="139.2739262"><ele>96.97666666666667</ele><time>2023-03-04T04:24:30Z</time></trkpt><trkpt lat="35.9702289" lon="139.2740947"><ele>98.21666666666665</ele><time>2023-03-04T04:24:49Z</time></trkpt><trkpt lat="35.970082" lon="139.2742257"><ele>99.77333333333333</ele><time>2023-03-04T04:25:07Z</time></trkpt><trkpt lat="35.9699528" lon="139.2743894"><ele>102.05</ele><time>2023-03-04T04:25:23Z</time></trkpt><trkpt lat="35.9698331" lon="139.2745614"><ele>104.87</ele><time>2023-03-04T04:25:48Z</time></trkpt><trkpt lat="35.9697038" lon="139.2747262"><ele>108.57000000000001</ele><time>2023-03-04T04:26:04Z</time></trkpt><trkpt lat="35.9696096" lon="139.2745248"><ele>109.14333333333333</ele><time>2023-03-04T04:26:33Z</time></trkpt><trkpt lat="35.9694795" lon="139.2746858"><ele>111.31333333333333</ele><time>2023-03-04T04:26:51Z</time></trkpt><trkpt lat="35.9693076" lon="139.2747672"><ele>115.41666666666667</ele><time>2023-03-04T04:27:13Z</time></trkpt><trkpt lat="35.9691359" lon="139.2746874"><ele>121.86</ele><time>2023-03-04T04:27:31Z</time></trkpt><trkpt lat="35.9689526" lon="139.2746762"><ele>129.18666666666667</ele><time>2023-03-04T04:28:35Z</time></trkpt><trkpt lat="35.9688586" lon="139.2748757"><ele>134.79333333333332</ele><time>2023-03-04T04:29:34Z</time></trkpt><trkpt lat="35.9687187" lon="139.2747335"><ele>141.5533333333333</ele><time>2023-03-04T04:31:05Z</time></trkpt><trkpt lat="35.9686042" lon="139.2745529"><ele>146.38666666666666</ele><time>2023-03-04T04:32:12Z</time></trkpt><trkpt lat="35.9685304" lon="139.2743498"><ele>150.22</ele><time>2023-03-04T04:32:34Z</time></trkpt><trkpt lat="35.9684184" lon="139.2741604"><ele>154.36333333333334</ele><time>2023-03-04T04:33:00Z</time></trkpt><trkpt lat="35.9682952" lon="139.2739981"><ele>156.85</ele><time>2023-03-04T04:33:13Z</time></trkpt><trkpt lat="35.9681526" lon="139.2738381"><ele>158.58666666666667</ele><time>2023-03-04T04:33:26Z</time></trkpt><trkpt lat="35.9679958" lon="139.2737283"><ele>161.41333333333333</ele><time>2023-03-04T04:33:59Z</time></trkpt><trkpt lat="35.967812" lon="139.2736863"><ele>165.54333333333332</ele><time>2023-03-04T04:34:15Z</time></trkpt><trkpt lat="35.9676277" lon="139.2736913"><ele>169.69333333333333</ele><time>2023-03-04T04:34:30Z</time></trkpt><trkpt lat="35.9674343" lon="139.2736194"><ele>171.84</ele><time>2023-03-04T04:34:47Z</time></trkpt><trkpt lat="35.9672683" lon="139.2735115"><ele>172.89</ele><time>2023-03-04T04:35:04Z</time></trkpt><trkpt lat="35.9670976" lon="139.2734358"><ele>174.53333333333333</ele><time>2023-03-04T04:35:24Z</time></trkpt><trkpt lat="35.9669174" lon="139.2734043"><ele>176.38666666666666</ele><time>2023-03-04T04:35:48Z</time></trkpt><trkpt lat="35.9667339" lon="139.2733882"><ele>179.37666666666667</ele><time>2023-03-04T04:36:06Z</time></trkpt><trkpt lat="35.966551" lon="139.2733526"><ele>182.39333333333335</ele><time>2023-03-04T04:36:20Z</time></trkpt><trkpt lat="35.9663677" lon="139.2733262"><ele>186.24</ele><time>2023-03-04T04:36:37Z</time></trkpt><trkpt lat="35.9661899" lon="139.2732434"><ele>189.14333333333335</ele><time>2023-03-04T04:36:54Z</time></trkpt><trkpt lat="35.9660083" lon="139.2732253"><ele>191.21</ele><time>2023-03-04T04:37:08Z</time></trkpt><trkpt lat="35.9658338" lon="139.2732839"><ele>192.29</ele><time>2023-03-04T04:37:24Z</time></trkpt><trkpt lat="35.9656425" lon="139.2732843"><ele>193.24666666666667</ele><time>2023-03-04T04:37:42Z</time></trkpt><trkpt lat="35.965456" lon="139.2733256"><ele>194.53333333333333</ele><time>2023-03-04T04:38:01Z</time></trkpt><trkpt lat="35.9652914" lon="139.2734182"><ele>195.00333333333333</ele><time>2023-03-04T04:38:59Z</time></trkpt><trkpt lat="35.965119" lon="139.2733248"><ele>196.01999999999998</ele><time>2023-03-04T04:39:11Z</time></trkpt><trkpt lat="35.9649479" lon="139.2732486"><ele>196.26666666666665</ele><time>2023-03-04T04:39:40Z</time></trkpt><trkpt lat="35.9647763" lon="139.2731705"><ele>197.96333333333334</ele><time>2023-03-04T04:40:44Z</time></trkpt><trkpt lat="35.9645953" lon="139.2731568"><ele>201.32666666666668</ele><time>2023-03-04T04:41:05Z</time></trkpt><trkpt lat="35.9644077" lon="139.273169"><ele>207.09666666666666</ele><time>2023-03-04T04:41:43Z</time></trkpt><trkpt lat="35.9642286" lon="139.2732119"><ele>213.14666666666668</ele><time>2023-03-04T04:42:08Z</time></trkpt><trkpt lat="35.9640546" lon="139.2732774"><ele>217.70666666666668</ele><time>2023-03-04T04:42:27Z</time></trkpt><trkpt lat="35.9638621" lon="139.2732919"><ele>220.68000000000004</ele><time>2023-03-04T04:42:51Z</time></trkpt><trkpt lat="35.9636824" lon="139.2733323"><ele>222.24666666666667</ele><time>2023-03-04T04:43:05Z</time></trkpt><trkpt lat="35.9635135" lon="139.2734204"><ele>223.70666666666668</ele><time>2023-03-04T04:43:20Z</time></trkpt><trkpt lat="35.9633467" lon="139.2735221"><ele>228.03666666666663</ele><time>2023-03-04T04:43:41Z</time></trkpt><trkpt lat="35.9632097" lon="139.2736765"><ele>234.54333333333332</ele><time>2023-03-04T04:44:05Z</time></trkpt><trkpt lat="35.9630242" lon="139.2737163"><ele>241.7166666666667</ele><time>2023-03-04T04:45:21Z</time></trkpt><trkpt lat="35.9628933" lon="139.2735584"><ele>246.71333333333337</ele><time>2023-03-04T04:45:53Z</time></trkpt><trkpt lat="35.9627174" lon="139.2734727"><ele>250.24666666666667</ele><time>2023-03-04T04:46:12Z</time></trkpt><trkpt lat="35.9625332" lon="139.2734526"><ele>252.93666666666664</ele><time>2023-03-04T04:46:33Z</time></trkpt><trkpt lat="35.9623524" lon="139.2734133"><ele>254.99</ele><time>2023-03-04T04:47:02Z</time></trkpt><trkpt lat="35.9621642" lon="139.2734026"><ele>257.44</ele><time>2023-03-04T04:47:29Z</time></trkpt><trkpt lat="35.9619795" lon="139.2734247"><ele>260.9433333333333</ele><time>2023-03-04T04:47:47Z</time></trkpt><trkpt lat="35.9617931" lon="139.2734675"><ele>265.7866666666667</ele><time>2023-03-04T04:48:03Z</time></trkpt><trkpt lat="35.9616487" lon="139.2733287"><ele>269.99666666666667</ele><time>2023-03-04T04:48:23Z</time></trkpt><trkpt lat="35.9614731" lon="139.2732705"><ele>274.6333333333334</ele><time>2023-03-04T04:49:09Z</time></trkpt><trkpt lat="35.9612786" lon="139.2732493"><ele>277.96333333333337</ele><time>2023-03-04T04:49:24Z</time></trkpt><trkpt lat="35.9611012" lon="139.2732097"><ele>281.3666666666666</ele><time>2023-03-04T04:49:39Z</time></trkpt><trkpt lat="35.9609128" lon="139.2732087"><ele>283.31333333333333</ele><time>2023-03-04T04:50:16Z</time></trkpt><trkpt lat="35.9607335" lon="139.2732551"><ele>285.52000000000004</ele><time>2023-03-04T04:50:38Z</time></trkpt><trkpt lat="35.9605448" lon="139.2732664"><ele>288.3666666666667</ele><time>2023-03-04T04:51:02Z</time></trkpt><trkpt lat="35.9603659" lon="139.2732283"><ele>291.57666666666665</ele><time>2023-03-04T04:51:49Z</time></trkpt><trkpt lat="35.9601801" lon="139.2732111"><ele>295.1666666666667</ele><time>2023-03-04T04:52:10Z</time></trkpt><trkpt lat="35.9599955" lon="139.2731829"><ele>297.69</ele><time>2023-03-04T04:53:10Z</time></trkpt><trkpt lat="35.9598036" lon="139.2731591"><ele>299.78666666666663</ele><time>2023-03-04T04:53:51Z</time></trkpt><trkpt lat="35.9596291" lon="139.2730735"><ele>301.3433333333333</ele><time>2023-03-04T04:54:06Z</time></trkpt><trkpt lat="35.959463" lon="139.2729488"><ele>303.3666666666667</ele><time>2023-03-04T04:54:23Z</time></trkpt><trkpt lat="35.9592903" lon="139.2728734"><ele>304.97666666666663</ele><time>2023-03-04T04:55:08Z</time></trkpt><trkpt lat="35.9591081" lon="139.2728535"><ele>306.64000000000004</ele><time>2023-03-04T04:55:30Z</time></trkpt><trkpt lat="35.9589267" lon="139.2728679"><ele>308.58</ele><time>2023-03-04T04:55:53Z</time></trkpt><trkpt lat="35.9587461" lon="139.272884"><ele>312.34999999999997</ele><time>2023-03-04T04:56:36Z</time></trkpt><trkpt lat="35.9585635" lon="139.2728769"><ele>316.98333333333335</ele><time>2023-03-04T04:57:27Z</time></trkpt><trkpt lat="35.9583896" lon="139.2729431"><ele>323.56666666666666</ele><time>2023-03-04T04:58:05Z</time></trkpt><trkpt lat="35.9582108" lon="139.2729718"><ele>329.6066666666666</ele><time>2023-03-04T04:58:54Z</time></trkpt><trkpt lat="35.9580461" lon="139.2730737"><ele>335.27666666666664</ele><time>2023-03-04T04:59:36Z</time></trkpt><trkpt lat="35.9579464" lon="139.273263"><ele>341.6133333333333</ele><time>2023-03-04T05:00:34Z</time></trkpt><trkpt lat="35.9578955" lon="139.2734816"><ele>348.6766666666667</ele><time>2023-03-04T05:01:00Z</time></trkpt><trkpt lat="35.9578135" lon="139.2736812"><ele>355.59999999999997</ele><time>2023-03-04T05:01:35Z</time></trkpt><trkpt lat="35.9578332" lon="139.2739803"><ele>360.43333333333334</ele><time>2023-03-04T05:01:48Z</time></trkpt><trkpt lat="35.9578153" lon="139.2742075"><ele>364.6333333333334</ele><time>2023-03-04T05:02:33Z</time></trkpt><trkpt lat="35.9577216" lon="139.2744057"><ele>368.22333333333336</ele><time>2023-03-04T05:03:02Z</time></trkpt><trkpt lat="35.9576251" lon="139.2745939"><ele>370.7266666666667</ele><time>2023-03-04T05:03:31Z</time></trkpt><trkpt lat="35.957638" lon="139.2748185"><ele>372.44000000000005</ele><time>2023-03-04T05:03:51Z</time></trkpt><trkpt lat="35.9576223" lon="139.2750419"><ele>373.77</ele><time>2023-03-04T05:04:12Z</time></trkpt><trkpt lat="35.9574584" lon="139.2751454"><ele>373.97</ele><time>2023-03-04T05:04:54Z</time></trkpt><trkpt lat="35.9572907" lon="139.2752711"><ele>373.4666666666667</ele><time>2023-03-04T05:05:08Z</time></trkpt><trkpt lat="35.9571581" lon="139.275427"><ele>372.6233333333334</ele><time>2023-03-04T05:05:23Z</time></trkpt><trkpt lat="35.9570577" lon="139.2756216"><ele>372.29</ele><time>2023-03-04T05:05:39Z</time></trkpt><trkpt lat="35.9571349" lon="139.2758263"><ele>371.1366666666666</ele><time>2023-03-04T05:06:15Z</time></trkpt><trkpt lat="35.9571893" lon="139.2760427"><ele>366.6333333333334</ele><time>2023-03-04T05:06:58Z</time></trkpt><trkpt lat="35.9572701" lon="139.2762421"><ele>360.04</ele><time>2023-03-04T05:07:53Z</time></trkpt><trkpt lat="35.9573952" lon="139.2764051"><ele>351.57666666666665</ele><time>2023-03-04T05:08:13Z</time></trkpt><trkpt lat="35.9575008" lon="139.2765921"><ele>344.3533333333333</ele><time>2023-03-04T05:08:34Z</time></trkpt><trkpt lat="35.9576049" lon="139.2767769"><ele>336.24333333333334</ele><time>2023-03-04T05:09:58Z</time></trkpt><trkpt lat="35.9576695" lon="139.2769911"><ele>329.2633333333333</ele><time>2023-03-04T05:10:23Z</time></trkpt><trkpt lat="35.957746" lon="139.2771955"><ele>324.01</ele><time>2023-03-04T05:10:37Z</time></trkpt><trkpt lat="35.9578806" lon="139.2773442"><ele>320.48</ele><time>2023-03-04T05:10:53Z</time></trkpt><trkpt lat="35.9580354" lon="139.2774642"><ele>316.80333333333334</ele><time>2023-03-04T05:11:16Z</time></trkpt><trkpt lat="35.9582071" lon="139.2775327"><ele>314.4166666666667</ele><time>2023-03-04T05:11:31Z</time></trkpt><trkpt lat="35.9583884" lon="139.2776106"><ele>313.13</ele><time>2023-03-04T05:11:46Z</time></trkpt><trkpt lat="35.958572" lon="139.2775781"><ele>313.45666666666665</ele><time>2023-03-04T05:12:08Z</time></trkpt><trkpt lat="35.9587167" lon="139.2777484"><ele>312.56666666666666</ele><time>2023-03-04T05:12:20Z</time></trkpt><trkpt lat="35.95889" lon="139.2778326"><ele>311.6433333333333</ele><time>2023-03-04T05:12:34Z</time></trkpt><trkpt lat="35.959073" lon="139.2778318"><ele>310.97666666666663</ele><time>2023-03-04T05:13:09Z</time></trkpt><trkpt lat="35.9592308" lon="139.2779465"><ele>310.62</ele><time>2023-03-04T05:13:33Z</time></trkpt><trkpt lat="35.9593618" lon="139.2781034"><ele>309.75666666666666</ele><time>2023-03-04T05:13:52Z</time></trkpt><trkpt lat="35.9595609" lon="139.2781961"><ele>307.32666666666665</ele><time>2023-03-04T05:14:15Z</time></trkpt><trkpt lat="35.9596683" lon="139.2783763"><ele>304.43333333333334</ele><time>2023-03-04T05:14:31Z</time></trkpt><trkpt lat="35.9598265" lon="139.2785024"><ele>302.1166666666666</ele><time>2023-03-04T05:14:54Z</time></trkpt><trkpt lat="35.9599578" lon="139.2786565"><ele>301.34</ele><time>2023-03-04T05:15:09Z</time></trkpt><trkpt lat="35.9599942" lon="139.2788752"><ele>299.3066666666666</ele><time>2023-03-04T05:17:31Z</time></trkpt><trkpt lat="35.9600837" lon="139.2790787"><ele>295.83666666666664</ele><time>2023-03-04T05:17:52Z</time></trkpt><trkpt lat="35.9602319" lon="139.2792057"><ele>289.7633333333333</ele><time>2023-03-04T05:18:08Z</time></trkpt><trkpt lat="35.9603146" lon="139.279423"><ele>283.78333333333336</ele><time>2023-03-04T05:18:49Z</time></trkpt><trkpt lat="35.9602991" lon="139.2796483"><ele>278.63000000000005</ele><time>2023-03-04T05:19:07Z</time></trkpt><trkpt lat="35.9602495" lon="139.2798728"><ele>274.46999999999997</ele><time>2023-03-04T05:19:45Z</time></trkpt><trkpt lat="35.9601231" lon="139.2800544"><ele>269.0733333333333</ele><time>2023-03-04T05:20:19Z</time></trkpt><trkpt lat="35.9600383" lon="139.280255"><ele>263.91333333333336</ele><time>2023-03-04T05:20:46Z</time></trkpt><trkpt lat="35.9599388" lon="139.2804463"><ele>257.64000000000004</ele><time>2023-03-04T05:21:03Z</time></trkpt><trkpt lat="35.9599375" lon="139.2806851"><ele>255.23666666666668</ele><time>2023-03-04T05:21:20Z</time></trkpt><trkpt lat="35.9599253" lon="139.2809124"><ele>252.65</ele><time>2023-03-04T05:21:35Z</time></trkpt><trkpt lat="35.9599208" lon="139.2811371"><ele>251.36666666666667</ele><time>2023-03-04T05:21:49Z</time></trkpt><trkpt lat="35.9599343" lon="139.2813615"><ele>247.65666666666667</ele><time>2023-03-04T05:22:02Z</time></trkpt><trkpt lat="35.960027" lon="139.2815547"><ele>245.0</ele><time>2023-03-04T05:22:17Z</time></trkpt><trkpt lat="35.9602801" lon="139.2816285"><ele>245.18333333333337</ele><time>2023-03-04T05:22:55Z</time></trkpt><trkpt lat="35.9604591" lon="139.2816615"><ele>248.89000000000001</ele><time>2023-03-04T05:23:06Z</time></trkpt><trkpt lat="35.9605612" lon="139.2818465"><ele>251.02</ele><time>2023-03-04T05:23:26Z</time></trkpt><trkpt lat="35.9604816" lon="139.2820554"><ele>248.85666666666668</ele><time>2023-03-04T05:23:42Z</time></trkpt><trkpt lat="35.9604962" lon="139.2822793"><ele>242.5566666666667</ele><time>2023-03-04T05:23:56Z</time></trkpt><trkpt lat="35.9606693" lon="139.2823434"><ele>241.75666666666666</ele><time>2023-03-04T05:24:09Z</time></trkpt><trkpt lat="35.9607221" lon="139.2825571"><ele>243.04000000000005</ele><time>2023-03-04T05:24:21Z</time></trkpt><trkpt lat="35.9607604" lon="139.2827779"><ele>245.39000000000001</ele><time>2023-03-04T05:24:36Z</time></trkpt><trkpt lat="35.9608128" lon="139.2830008"><ele>243.26999999999998</ele><time>2023-03-04T05:24:53Z</time></trkpt><trkpt lat="35.9608511" lon="139.2832186"><ele>242.06000000000003</ele><time>2023-03-04T05:25:14Z</time></trkpt><trkpt lat="35.9607835" lon="139.2834273"><ele>242.71666666666667</ele><time>2023-03-04T05:25:29Z</time></trkpt><trkpt lat="35.9606102" lon="139.2834968"><ele>241.74666666666667</ele><time>2023-03-04T05:25:51Z</time></trkpt><trkpt lat="35.9604587" lon="139.283635"><ele>237.36333333333334</ele><time>2023-03-04T05:26:06Z</time></trkpt><trkpt lat="35.960509" lon="139.2838517"><ele>235.84</ele><time>2023-03-04T05:26:20Z</time></trkpt><trkpt lat="35.9606485" lon="139.2840124"><ele>238.79</ele><time>2023-03-04T05:26:31Z</time></trkpt><trkpt lat="35.9607766" lon="139.2841702"><ele>244.6866666666667</ele><time>2023-03-04T05:26:47Z</time></trkpt><trkpt lat="35.9609325" lon="139.2842874"><ele>249.98333333333335</ele><time>2023-03-04T05:27:02Z</time></trkpt><trkpt lat="35.9609384" lon="139.2845123"><ele>250.14333333333332</ele><time>2023-03-04T05:27:17Z</time></trkpt><trkpt lat="35.9609895" lon="139.2847344"><ele>259.2361550689647</ele><time>2023-03-04T05:27:33Z</time></trkpt><trkpt lat="35.9610595" lon="139.2849412"><ele>267.5741888718162</ele><time>2023-03-04T05:28:01Z</time></trkpt><trkpt lat="35.9609433" lon="139.2851165"><ele>278.1788329473275</ele><time>2023-03-04T05:28:20Z</time></trkpt><trkpt lat="35.9607767" lon="139.2852321"><ele>280.2459349229419</ele><time>2023-03-04T05:28:36Z</time></trkpt><trkpt lat="35.960624" lon="139.2853718"><ele>279.983319145829</ele><time>2023-03-04T05:28:49Z</time></trkpt><trkpt lat="35.9605325" lon="139.2855668"><ele>276.8050593734629</ele><time>2023-03-04T05:29:06Z</time></trkpt><trkpt lat="35.9603448" lon="139.2856103"><ele>275.02333689785</ele><time>2023-03-04T05:29:38Z</time></trkpt><trkpt lat="35.9602199" lon="139.2857908"><ele>271.6037769420663</ele><time>2023-03-04T05:30:02Z</time></trkpt><trkpt lat="35.9600636" lon="139.2859341"><ele>271.28836810180354</ele><time>2023-03-04T05:30:17Z</time></trkpt><trkpt lat="35.9601589" lon="139.2861736"><ele>264.9227419578497</ele><time>2023-03-04T05:30:32Z</time></trkpt><trkpt lat="35.9603287" lon="139.2862537"><ele>261.0617268848664</ele><time>2023-03-04T05:30:40Z</time></trkpt><trkpt lat="35.9604994" lon="139.28634"><ele>257.5077746174233</ele><time>2023-03-04T05:30:52Z</time></trkpt><trkpt lat="35.9606227" lon="139.2865061"><ele>256.9763613640099</ele><time>2023-03-04T05:31:32Z</time></trkpt><trkpt lat="35.9606029" lon="139.2867352"><ele>255.5908450358751</ele><time>2023-03-04T05:31:52Z</time></trkpt><trkpt lat="35.9606273" lon="139.2869598"><ele>254.47694192669726</ele><time>2023-03-04T05:32:16Z</time></trkpt><trkpt lat="35.9606507" lon="139.2871825"><ele>253.77253829759752</ele><time>2023-03-04T05:32:34Z</time></trkpt><trkpt lat="35.9607266" lon="139.2873891"><ele>253.5448124536666</ele><time>2023-03-04T05:32:51Z</time></trkpt><trkpt lat="35.9606831" lon="139.2876107"><ele>251.677690584012</ele><time>2023-03-04T05:33:14Z</time></trkpt><trkpt lat="35.9606994" lon="139.2878522"><ele>247.4335451817615</ele><time>2023-03-04T05:33:43Z</time></trkpt><trkpt lat="35.9606951" lon="139.2880796"><ele>240.48860907966528</ele><time>2023-03-04T05:34:35Z</time></trkpt><trkpt lat="35.9606188" lon="139.2882808"><ele>233.2489039632225</ele><time>2023-03-04T05:35:27Z</time></trkpt><trkpt lat="35.9606314" lon="139.2885026"><ele>227.71086338976204</ele><time>2023-03-04T05:35:49Z</time></trkpt><trkpt lat="35.9605906" lon="139.2887187"><ele>224.5263238380286</ele><time>2023-03-04T05:36:03Z</time></trkpt><trkpt lat="35.9604784" lon="139.2889023"><ele>220.19048600176188</ele><time>2023-03-04T05:36:36Z</time></trkpt><trkpt lat="35.9603325" lon="139.2890356"><ele>217.2683749546045</ele><time>2023-03-04T05:37:14Z</time></trkpt><trkpt lat="35.9603146" lon="139.2892599"><ele>213.2527462526507</ele><time>2023-03-04T05:37:35Z</time></trkpt><trkpt lat="35.960444" lon="139.2894157"><ele>208.28678673643785</ele><time>2023-03-04T05:38:15Z</time></trkpt><trkpt lat="35.9605741" lon="139.2895754"><ele>199.70850926312187</ele><time>2023-03-04T05:38:57Z</time></trkpt><trkpt lat="35.9605809" lon="139.2897977"><ele>188.95173741322768</ele><time>2023-03-04T05:39:20Z</time></trkpt><trkpt lat="35.9606412" lon="139.2900153"><ele>183.39065151027094</ele><time>2023-03-04T05:39:35Z</time></trkpt><trkpt lat="35.9606175" lon="139.2902422"><ele>181.59773747336718</ele><time>2023-03-04T05:39:49Z</time></trkpt><trkpt lat="35.9604958" lon="139.2904093"><ele>184.86176298592076</ele><time>2023-03-04T05:40:08Z</time></trkpt><trkpt lat="35.9603103" lon="139.2904126"><ele>185.0665493781702</ele><time>2023-03-04T05:40:27Z</time></trkpt><trkpt lat="35.9602313" lon="139.2906137"><ele>146.97905163799393</ele><time>2023-03-04T05:40:42Z</time></trkpt><trkpt lat="35.9602825" lon="139.2908348"><ele>107.14902894224481</ele><time>2023-03-04T05:40:54Z</time></trkpt><trkpt lat="35.9601032" lon="139.2909411"><ele>106.50477500992262</ele><time>2023-03-04T05:41:25Z</time></trkpt><trkpt lat="35.9599519" lon="139.2910968"><ele>141.73131541786776</ele><time>2023-03-04T05:41:42Z</time></trkpt><trkpt lat="35.959884" lon="139.2913146"><ele>176.07148485682023</ele><time>2023-03-04T05:41:53Z</time></trkpt><trkpt lat="35.959884" lon="139.2915423"><ele>170.86897345736017</ele><time>2023-03-04T05:42:05Z</time></trkpt><trkpt lat="35.9598984" lon="139.2917642"><ele>135.64189919632807</ele><time>2023-03-04T05:42:22Z</time></trkpt><trkpt lat="35.9598822" lon="139.2919873"><ele>132.578329374174</ele><time>2023-03-04T05:42:39Z</time></trkpt><trkpt lat="35.9600222" lon="139.2921486"><ele>129.7167559589744</ele><time>2023-03-04T05:42:59Z</time></trkpt><trkpt lat="35.9600292" lon="139.2923872"><ele>158.78342422036746</ele><time>2023-03-04T05:43:21Z</time></trkpt><trkpt lat="35.9600208" lon="139.292616"><ele>152.82652748741407</ele><time>2023-03-04T05:44:22Z</time></trkpt><trkpt lat="35.960064" lon="139.2928526"><ele>145.23574847786682</ele><time>2023-03-04T05:45:12Z</time></trkpt><trkpt lat="35.9599831" lon="139.2930887"><ele>139.50525673656014</ele><time>2023-03-04T05:45:22Z</time></trkpt><trkpt lat="35.960019" lon="139.2933115"><ele>135.79230654923367</ele><time>2023-03-04T05:45:39Z</time></trkpt><trkpt lat="35.9602005" lon="139.2932916"><ele>134.49827083178383</ele><time>2023-03-04T05:45:49Z</time></trkpt><trkpt lat="35.9600476" lon="139.2931579"><ele>132.76604290421716</ele><time>2023-03-04T05:46:25Z</time></trkpt><trkpt lat="35.9599027" lon="139.2930219"><ele>131.60793376992328</ele><time>2023-03-04T05:46:37Z</time></trkpt><trkpt lat="35.9600038" lon="139.2928299"><ele>131.14384875167818</ele><time>2023-03-04T05:46:47Z</time></trkpt><trkpt lat="35.9600081" lon="139.2926039"><ele>130.0251898928071</ele><time>2023-03-04T05:48:03Z</time></trkpt><trkpt lat="35.9601525" lon="139.2924712"><ele>130.7266437513861</ele><time>2023-03-04T05:48:23Z</time></trkpt><trkpt lat="35.9603364" lon="139.2924386"><ele>133.46273632438252</ele><time>2023-03-04T05:48:45Z</time></trkpt><trkpt lat="35.9605154" lon="139.2924826"><ele>136.5796707078</ele><time>2023-03-04T05:49:03Z</time></trkpt><trkpt lat="35.9606625" lon="139.2926276"><ele>139.80955544423267</ele><time>2023-03-04T05:49:19Z</time></trkpt><trkpt lat="35.9608045" lon="139.2927685"><ele>142.15811816775494</ele><time>2023-03-04T05:49:36Z</time></trkpt><trkpt lat="35.960881" lon="139.2929727"><ele>128.05600669684387</ele><time>2023-03-04T05:49:52Z</time></trkpt><trkpt lat="35.9610359" lon="139.2931095"><ele>113.17568356984422</ele><time>2023-03-04T05:50:08Z</time></trkpt><trkpt lat="35.9612173" lon="139.293136"><ele>96.31020776158071</ele><time>2023-03-04T05:50:23Z</time></trkpt><trkpt lat="35.9613159" lon="139.2933432"><ele>107.12577289330865</ele><time>2023-03-04T05:50:33Z</time></trkpt><trkpt lat="35.9614548" lon="139.293505"><ele>97.95919801884463</ele><time>2023-03-04T05:50:57Z</time></trkpt><trkpt lat="35.9615887" lon="139.2936578"><ele>93.52589182016463</ele><time>2023-03-04T05:51:15Z</time></trkpt><trkpt lat="35.9617673" lon="139.2937175"><ele>88.77834462963197</ele><time>2023-03-04T05:51:33Z</time></trkpt><trkpt lat="35.9619199" lon="139.2938564"><ele>104.06337169592136</ele><time>2023-03-04T05:51:47Z</time></trkpt><trkpt lat="35.9620869" lon="139.2939555"><ele>100.46353496641511</ele><time>2023-03-04T05:52:05Z</time></trkpt><trkpt lat="35.9622655" lon="139.2940008"><ele>87.49590511916047</ele><time>2023-03-04T05:52:23Z</time></trkpt><trkpt lat="35.9623769" lon="139.2941844"><ele>78.34446625305372</ele><time>2023-03-04T05:52:46Z</time></trkpt><trkpt lat="35.962446" lon="139.2944037"><ele>84.34450560303377</ele><time>2023-03-04T05:53:01Z</time></trkpt><trkpt lat="35.9625456" lon="139.2945891"><ele>88.21112727200477</ele><time>2023-03-04T05:53:12Z</time></trkpt><trkpt lat="35.9626319" lon="139.2947937"><ele>86.7777395136523</ele><time>2023-03-04T05:53:23Z</time></trkpt><trkpt lat="35.9626927" lon="139.29501"><ele>84.97768254222036</ele><time>2023-03-04T05:53:38Z</time></trkpt><trkpt lat="35.9627992" lon="139.2952076"><ele>81.8776251517696</ele><time>2023-03-04T05:53:52Z</time></trkpt><trkpt lat="35.9627358" lon="139.2954221"><ele>79.31081797439232</ele><time>2023-03-04T05:54:05Z</time></trkpt><trkpt lat="35.9627318" lon="139.2956536"><ele>78.01063789323536</ele><time>2023-03-04T05:54:16Z</time></trkpt><trkpt lat="35.9627038" lon="139.2958734"><ele>77.11038303962756</ele><time>2023-03-04T05:54:32Z</time></trkpt><trkpt lat="35.9626195" lon="139.2960726"><ele>77.11012090115535</ele><time>2023-03-04T05:54:42Z</time></trkpt><trkpt lat="35.9625967" lon="139.2963026"><ele>74.17651757557347</ele><time>2023-03-04T05:54:53Z</time></trkpt><trkpt lat="35.9625109" lon="139.2964987"><ele>72.04288940471109</ele><time>2023-03-04T05:55:02Z</time></trkpt><trkpt lat="35.9627037" lon="139.2964512"><ele>69.90948169359531</ele><time>2023-03-04T05:55:32Z</time></trkpt><trkpt lat="35.9626178" lon="139.2966941"><ele>69.80937000842924</ele><time>2023-03-04T05:55:43Z</time></trkpt><trkpt lat="35.9627285" lon="139.2968757"><ele>69.80936608924364</ele><time>2023-03-04T05:55:56Z</time></trkpt><trkpt lat="35.9625996" lon="139.2970353"><ele>69.8091305268587</ele><time>2023-03-04T05:56:08Z</time></trkpt><trkpt lat="35.9626576" lon="139.2972564"><ele>69.80897661840793</ele><time>2023-03-04T05:56:24Z</time></trkpt><trkpt lat="35.9627203" lon="139.2974684"><ele>69.8087884050335</ele><time>2023-03-04T05:56:35Z</time></trkpt><trkpt lat="35.962643" lon="139.2976903"><ele>69.40860861567728</ele><time>2023-03-04T05:56:48Z</time></trkpt><trkpt lat="35.9625979" lon="139.2979315"><ele>69.00836871629011</ele><time>2023-03-04T05:57:04Z</time></trkpt><trkpt lat="35.9624889" lon="139.2981095"><ele>68.60804942238296</ele><time>2023-03-04T05:57:23Z</time></trkpt><trkpt lat="35.9623177" lon="139.2980209"><ele>68.60777624237096</ele><time>2023-03-04T05:57:41Z</time></trkpt><trkpt lat="35.9621264" lon="139.2980139"><ele>68.27417018339644</ele><time>2023-03-04T05:57:53Z</time></trkpt><trkpt lat="35.9620604" lon="139.2982375"><ele>68.10723883500872</ele><time>2023-03-04T05:58:15Z</time></trkpt><trkpt lat="35.9620517" lon="139.2984724"><ele>67.7736250643135</ele><time>2023-03-04T05:58:30Z</time></trkpt><trkpt lat="35.9619397" lon="139.298655"><ele>67.77332676553927</ele><time>2023-03-04T05:58:41Z</time></trkpt><trkpt lat="35.962093" lon="139.2987912"><ele>67.30650383041863</ele><time>2023-03-04T05:58:50Z</time></trkpt><trkpt lat="35.9620668" lon="139.2990252"><ele>66.97300580216773</ele><time>2023-03-04T05:59:03Z</time></trkpt><trkpt lat="35.9620951" lon="139.2992655"><ele>66.57289542242364</ele><time>2023-03-04T05:59:18Z</time></trkpt><trkpt lat="35.9619373" lon="139.2993982"><ele>66.47262265325877</ele><time>2023-03-04T05:59:47Z</time></trkpt></trkseg></trk></gpx>