<?xml version='1.0' encoding='UTF-8'?><gpx creator="YAMAP - https://yamap.com" xsi:schemaLocation="http://www.topografix.com/GPX/1/1 http://www.topografix.com/GPX/1/1/gpx.xsd" version="1.1" xmlns="http://www.topografix.com/GPX/1/1" xmlns:xsi="http://www.w3.org/2001/XMLSchema-instance"><metadata><bounds maxlat="35.9461933" maxlon="139.3094505" minlat="35.8817823" minlon="139.2016605"/></metadata><trk><name>関八州見晴台から日和田山</name><number>1</number><trkseg><trkpt lat="35.9264593" lon="139.2022057"><ele>244.48000000000002</ele><time>2024-01-26T23:25:05Z</time></trkpt><trkpt lat="35.9265728" lon="139.2023904"><ele>246.25</ele><time>2024-01-26T23:28:48Z</time></trkpt><trkpt lat="35.9267677" lon="139.2023042"><ele>246.17666666666665</ele><time>2024-01-26T23:29:04Z</time></trkpt><trkpt lat="35.9267154" lon="139.2020886"><ele>245.03333333333333</ele><time>2024-01-26T23:29:42Z</time></trkpt><trkpt lat="35.9265615" lon="139.2019481"><ele>241.6966666666667</ele><time>2024-01-26T23:29:56Z</time></trkpt><trkpt lat="35.926378" lon="139.2019028"><ele>238.36333333333334</ele><time>2024-01-26T23:30:09Z</time></trkpt><trkpt lat="35.9261927" lon="139.2018629"><ele>236.92</ele><time>2024-01-26T23:30:24Z</time></trkpt><trkpt lat="35.9260876" lon="139.2016605"><ele>234.08</ele><time>2024-01-26T23:30:39Z</time></trkpt><trkpt lat="35.9259773" lon="139.2018392"><ele>233.6966666666667</ele><time>2024-01-26T23:30:47Z</time></trkpt><trkpt lat="35.9260175" lon="139.2020558"><ele>235.11666666666667</ele><time>2024-01-26T23:30:57Z</time></trkpt><trkpt lat="35.9261057" lon="139.2022507"><ele>239.87333333333333</ele><time>2024-01-26T23:31:14Z</time></trkpt><trkpt lat="35.9261896" lon="139.2024549"><ele>244.63</ele><time>2024-01-26T23:31:24Z</time></trkpt><trkpt lat="35.9260557" lon="139.2026036"><ele>247.93666666666664</ele><time>2024-01-26T23:32:01Z</time></trkpt><trkpt lat="35.9259898" lon="139.20281"><ele>252.80000000000004</ele><time>2024-01-26T23:33:02Z</time></trkpt><trkpt lat="35.925901" lon="139.2030078"><ele>257.24</ele><time>2024-01-26T23:33:33Z</time></trkpt><trkpt lat="35.9257875" lon="139.2031808"><ele>263.32</ele><time>2024-01-26T23:34:08Z</time></trkpt><trkpt lat="35.9257012" lon="139.2033802"><ele>269.7</ele><time>2024-01-26T23:34:43Z</time></trkpt><trkpt lat="35.9255602" lon="139.203526"><ele>276.88</ele><time>2024-01-26T23:35:34Z</time></trkpt><trkpt lat="35.9254325" lon="139.2037005"><ele>284.1433333333334</ele><time>2024-01-26T23:35:53Z</time></trkpt><trkpt lat="35.9254284" lon="139.2039267"><ele>291.69</ele><time>2024-01-26T23:36:43Z</time></trkpt><trkpt lat="35.9253378" lon="139.2041186"><ele>299.64666666666665</ele><time>2024-01-26T23:37:33Z</time></trkpt><trkpt lat="35.9253259" lon="139.2043436"><ele>309.3933333333334</ele><time>2024-01-26T23:38:44Z</time></trkpt><trkpt lat="35.9252593" lon="139.2045559"><ele>318.9866666666667</ele><time>2024-01-26T23:39:50Z</time></trkpt><trkpt lat="35.9251156" lon="139.2046964"><ele>329.67</ele><time>2024-01-26T23:40:56Z</time></trkpt><trkpt lat="35.925024" lon="139.2048874"><ele>340.34999999999997</ele><time>2024-01-26T23:41:56Z</time></trkpt><trkpt lat="35.9249957" lon="139.2051166"><ele>352.28999999999996</ele><time>2024-01-26T23:42:40Z</time></trkpt><trkpt lat="35.9250336" lon="139.205334"><ele>361.9066666666667</ele><time>2024-01-26T23:43:45Z</time></trkpt><trkpt lat="35.9251632" lon="139.2055037"><ele>368.25666666666666</ele><time>2024-01-26T23:44:22Z</time></trkpt><trkpt lat="35.9253433" lon="139.2055224"><ele>373.43</ele><time>2024-01-26T23:45:11Z</time></trkpt><trkpt lat="35.9255291" lon="139.2054849"><ele>379.2033333333334</ele><time>2024-01-26T23:45:37Z</time></trkpt><trkpt lat="35.925708" lon="139.2054441"><ele>386.72</ele><time>2024-01-26T23:46:14Z</time></trkpt><trkpt lat="35.9258945" lon="139.2054561"><ele>389.91333333333336</ele><time>2024-01-26T23:46:35Z</time></trkpt><trkpt lat="35.9260795" lon="139.2054682"><ele>391.57</ele><time>2024-01-26T23:47:18Z</time></trkpt><trkpt lat="35.9262613" lon="139.2054662"><ele>393.8733333333333</ele><time>2024-01-26T23:47:37Z</time></trkpt><trkpt lat="35.926441" lon="139.2054848"><ele>399.5566666666667</ele><time>2024-01-26T23:48:21Z</time></trkpt><trkpt lat="35.9266108" lon="139.205617"><ele>404.07</ele><time>2024-01-26T23:48:37Z</time></trkpt><trkpt lat="35.9267526" lon="139.2057619"><ele>402.45666666666665</ele><time>2024-01-26T23:49:13Z</time></trkpt><trkpt lat="35.926895" lon="139.2059062"><ele>396.8633333333334</ele><time>2024-01-26T23:49:32Z</time></trkpt><trkpt lat="35.9270602" lon="139.2060109"><ele>391.55</ele><time>2024-01-26T23:49:50Z</time></trkpt><trkpt lat="35.9272255" lon="139.2061221"><ele>387.84</ele><time>2024-01-26T23:50:32Z</time></trkpt><trkpt lat="35.9272741" lon="139.2063403"><ele>382.29333333333335</ele><time>2024-01-26T23:50:49Z</time></trkpt><trkpt lat="35.9274407" lon="139.2064631"><ele>378.31666666666666</ele><time>2024-01-26T23:51:12Z</time></trkpt><trkpt lat="35.9276146" lon="139.2065409"><ele>375.7633333333333</ele><time>2024-01-26T23:51:30Z</time></trkpt><trkpt lat="35.9277966" lon="139.2065792"><ele>376.18666666666667</ele><time>2024-01-26T23:52:02Z</time></trkpt><trkpt lat="35.9279786" lon="139.2066181"><ele>375.4566666666667</ele><time>2024-01-26T23:52:22Z</time></trkpt><trkpt lat="35.9280943" lon="139.2067905"><ele>373.4533333333333</ele><time>2024-01-26T23:52:42Z</time></trkpt><trkpt lat="35.92828" lon="139.2068326"><ele>374.75666666666666</ele><time>2024-01-26T23:53:05Z</time></trkpt><trkpt lat="35.9284" lon="139.2069995"><ele>379.2066666666667</ele><time>2024-01-26T23:54:10Z</time></trkpt><trkpt lat="35.9285513" lon="139.2071291"><ele>387.46999999999997</ele><time>2024-01-26T23:54:48Z</time></trkpt><trkpt lat="35.9286864" lon="139.2072811"><ele>396.2733333333333</ele><time>2024-01-26T23:55:42Z</time></trkpt><trkpt lat="35.928784" lon="139.2074737"><ele>404.7033333333334</ele><time>2024-01-26T23:56:21Z</time></trkpt><trkpt lat="35.9289144" lon="139.2076328"><ele>410.50666666666666</ele><time>2024-01-26T23:56:44Z</time></trkpt><trkpt lat="35.9290955" lon="139.2075997"><ele>413.0933333333333</ele><time>2024-01-26T23:57:00Z</time></trkpt><trkpt lat="35.9292795" lon="139.2075782"><ele>412.1566666666667</ele><time>2024-01-26T23:57:17Z</time></trkpt><trkpt lat="35.9294473" lon="139.2076822"><ele>408.91333333333336</ele><time>2024-01-26T23:57:42Z</time></trkpt><trkpt lat="35.9296283" lon="139.207718"><ele>405.04</ele><time>2024-01-26T23:58:22Z</time></trkpt><trkpt lat="35.9298095" lon="139.2077744"><ele>399.5733333333333</ele><time>2024-01-26T23:58:43Z</time></trkpt><trkpt lat="35.9299899" lon="139.2077773"><ele>397.0733333333333</ele><time>2024-01-26T23:58:59Z</time></trkpt><trkpt lat="35.9301784" lon="139.2078084"><ele>396.8633333333333</ele><time>2024-01-26T23:59:15Z</time></trkpt><trkpt lat="35.9303596" lon="139.2078376"><ele>399.52666666666664</ele><time>2024-01-26T23:59:46Z</time></trkpt><trkpt lat="35.930549" lon="139.2078409"><ele>401.4166666666667</ele><time>2024-01-27T00:00:04Z</time></trkpt><trkpt lat="35.9307224" lon="139.2079335"><ele>400.7633333333333</ele><time>2024-01-27T00:00:17Z</time></trkpt><trkpt lat="35.9309021" lon="139.2079103"><ele>400.34666666666664</ele><time>2024-01-27T00:00:34Z</time></trkpt><trkpt lat="35.9310842" lon="139.2079444"><ele>399.9566666666667</ele><time>2024-01-27T00:00:57Z</time></trkpt><trkpt lat="35.9312697" lon="139.2079564"><ele>399.8333333333333</ele><time>2024-01-27T00:01:19Z</time></trkpt><trkpt lat="35.931451" lon="139.2079942"><ele>397.3233333333333</ele><time>2024-01-27T00:01:34Z</time></trkpt><trkpt lat="35.931589" lon="139.2081579"><ele>389.75</ele><time>2024-01-27T00:01:57Z</time></trkpt><trkpt lat="35.9317528" lon="139.2081831"><ele>380.3066666666667</ele><time>2024-01-27T00:02:08Z</time></trkpt><trkpt lat="35.9318161" lon="139.2079609"><ele>375.75333333333333</ele><time>2024-01-27T00:02:11Z</time></trkpt><trkpt lat="35.9319109" lon="139.2077662"><ele>380.1233333333334</ele><time>2024-01-27T00:02:28Z</time></trkpt><trkpt lat="35.9320779" lon="139.2076708"><ele>388.9866666666667</ele><time>2024-01-27T00:02:44Z</time></trkpt><trkpt lat="35.932247" lon="139.2075765"><ele>395.65000000000003</ele><time>2024-01-27T00:03:00Z</time></trkpt><trkpt lat="35.932428" lon="139.2075432"><ele>398.62000000000006</ele><time>2024-01-27T00:03:48Z</time></trkpt><trkpt lat="35.9326095" lon="139.2075616"><ele>399.01</ele><time>2024-01-27T00:04:14Z</time></trkpt><trkpt lat="35.93279" lon="139.2075742"><ele>398.6133333333333</ele><time>2024-01-27T00:04:42Z</time></trkpt><trkpt lat="35.9329724" lon="139.2075325"><ele>398.0833333333333</ele><time>2024-01-27T00:04:55Z</time></trkpt><trkpt lat="35.9331559" lon="139.2075085"><ele>397.33</ele><time>2024-01-27T00:05:08Z</time></trkpt><trkpt lat="35.9333291" lon="139.2074337"><ele>395.1966666666667</ele><time>2024-01-27T00:05:30Z</time></trkpt><trkpt lat="35.9334148" lon="139.2076295"><ele>394.2666666666667</ele><time>2024-01-27T00:06:15Z</time></trkpt><trkpt lat="35.9335214" lon="139.2078133"><ele>397.0800000000001</ele><time>2024-01-27T00:07:35Z</time></trkpt><trkpt lat="35.9336485" lon="139.2079738"><ele>404.03000000000003</ele><time>2024-01-27T00:08:05Z</time></trkpt><trkpt lat="35.9337764" lon="139.2081402"><ele>412.5566666666667</ele><time>2024-01-27T00:08:31Z</time></trkpt><trkpt lat="35.9339486" lon="139.2082146"><ele>421.24666666666667</ele><time>2024-01-27T00:09:49Z</time></trkpt><trkpt lat="35.9341143" lon="139.2083283"><ele>429.8766666666667</ele><time>2024-01-27T00:10:29Z</time></trkpt><trkpt lat="35.93428" lon="139.2084363"><ele>438.1166666666666</ele><time>2024-01-27T00:11:24Z</time></trkpt><trkpt lat="35.9344535" lon="139.2085062"><ele>446.53000000000003</ele><time>2024-01-27T00:12:06Z</time></trkpt><trkpt lat="35.934626" lon="139.2085741"><ele>453.6700000000001</ele><time>2024-01-27T00:12:34Z</time></trkpt><trkpt lat="35.9347982" lon="139.2086416"><ele>458.7633333333333</ele><time>2024-01-27T00:13:17Z</time></trkpt><trkpt lat="35.9349834" lon="139.2086137"><ele>461.4466666666667</ele><time>2024-01-27T00:13:29Z</time></trkpt><trkpt lat="35.9351648" lon="139.208606"><ele>463.05</ele><time>2024-01-27T00:13:45Z</time></trkpt><trkpt lat="35.9353451" lon="139.208645"><ele>464.43333333333334</ele><time>2024-01-27T00:14:06Z</time></trkpt><trkpt lat="35.935521" lon="139.2087115"><ele>465.95666666666665</ele><time>2024-01-27T00:14:40Z</time></trkpt><trkpt lat="35.9356996" lon="139.2087624"><ele>469.58</ele><time>2024-01-27T00:15:04Z</time></trkpt><trkpt lat="35.93588" lon="139.2087797"><ele>474.67333333333335</ele><time>2024-01-27T00:15:58Z</time></trkpt><trkpt lat="35.9360615" lon="139.2088133"><ele>479.5733333333333</ele><time>2024-01-27T00:16:14Z</time></trkpt><trkpt lat="35.936232" lon="139.2089019"><ele>482.29</ele><time>2024-01-27T00:16:33Z</time></trkpt><trkpt lat="35.9363422" lon="139.2090938"><ele>483.40333333333336</ele><time>2024-01-27T00:16:49Z</time></trkpt><trkpt lat="35.9363991" lon="139.2093076"><ele>484.1266666666667</ele><time>2024-01-27T00:17:04Z</time></trkpt><trkpt lat="35.9363688" lon="139.2095322"><ele>487.26</ele><time>2024-01-27T00:17:36Z</time></trkpt><trkpt lat="35.9364892" lon="139.2097196"><ele>492.05</ele><time>2024-01-27T00:18:01Z</time></trkpt><trkpt lat="35.9366801" lon="139.2097283"><ele>497.56666666666666</ele><time>2024-01-27T00:18:26Z</time></trkpt><trkpt lat="35.9368612" lon="139.2097012"><ele>500.8</ele><time>2024-01-27T00:18:41Z</time></trkpt><trkpt lat="35.9370433" lon="139.2096806"><ele>504.6133333333334</ele><time>2024-01-27T00:18:57Z</time></trkpt><trkpt lat="35.9372229" lon="139.2096242"><ele>507.78333333333336</ele><time>2024-01-27T00:19:12Z</time></trkpt><trkpt lat="35.9374042" lon="139.2096058"><ele>510.8733333333333</ele><time>2024-01-27T00:19:29Z</time></trkpt><trkpt lat="35.9375888" lon="139.2096143"><ele>512.12</ele><time>2024-01-27T00:19:54Z</time></trkpt><trkpt lat="35.937769" lon="139.2096056"><ele>513.3866666666667</ele><time>2024-01-27T00:20:15Z</time></trkpt><trkpt lat="35.9379509" lon="139.209645"><ele>514.6633333333333</ele><time>2024-01-27T00:20:37Z</time></trkpt><trkpt lat="35.9380501" lon="139.2098471"><ele>514.4433333333333</ele><time>2024-01-27T00:21:12Z</time></trkpt><trkpt lat="35.9382311" lon="139.2098034"><ele>513.2399999999999</ele><time>2024-01-27T00:21:22Z</time></trkpt><trkpt lat="35.9384108" lon="139.2098265"><ele>508.9533333333334</ele><time>2024-01-27T00:21:34Z</time></trkpt><trkpt lat="35.9385869" lon="139.2098765"><ele>506.28999999999996</ele><time>2024-01-27T00:21:49Z</time></trkpt><trkpt lat="35.938768" lon="139.2099127"><ele>505.03999999999996</ele><time>2024-01-27T00:22:13Z</time></trkpt><trkpt lat="35.9388705" lon="139.2101019"><ele>504.84999999999997</ele><time>2024-01-27T00:22:26Z</time></trkpt><trkpt lat="35.9389199" lon="139.2103218"><ele>502.92333333333335</ele><time>2024-01-27T00:22:42Z</time></trkpt><trkpt lat="35.9390777" lon="139.2104391"><ele>502.44</ele><time>2024-01-27T00:22:59Z</time></trkpt><trkpt lat="35.9391721" lon="139.2106297"><ele>506.94000000000005</ele><time>2024-01-27T00:23:16Z</time></trkpt><trkpt lat="35.9391888" lon="139.2108558"><ele>511.5933333333334</ele><time>2024-01-27T00:23:32Z</time></trkpt><trkpt lat="35.9393377" lon="139.2109822"><ele>515.86</ele><time>2024-01-27T00:23:45Z</time></trkpt><trkpt lat="35.9394895" lon="139.2111097"><ele>517.9133333333333</ele><time>2024-01-27T00:24:00Z</time></trkpt><trkpt lat="35.9396192" lon="139.2112764"><ele>521.5666666666667</ele><time>2024-01-27T00:24:16Z</time></trkpt><trkpt lat="35.9397185" lon="139.2114659"><ele>522.7266666666667</ele><time>2024-01-27T00:24:34Z</time></trkpt><trkpt lat="35.9397116" lon="139.2116906"><ele>522.7199999999999</ele><time>2024-01-27T00:24:53Z</time></trkpt><trkpt lat="35.9397331" lon="139.2119207"><ele>524.5533333333334</ele><time>2024-01-27T00:25:11Z</time></trkpt><trkpt lat="35.9398999" lon="139.2120182"><ele>526.9366666666666</ele><time>2024-01-27T00:25:30Z</time></trkpt><trkpt lat="35.9400518" lon="139.2121392"><ele>530.2033333333334</ele><time>2024-01-27T00:25:45Z</time></trkpt><trkpt lat="35.9401531" lon="139.2123326"><ele>532.7066666666666</ele><time>2024-01-27T00:26:00Z</time></trkpt><trkpt lat="35.9402239" lon="139.2125469"><ele>536.36</ele><time>2024-01-27T00:26:18Z</time></trkpt><trkpt lat="35.9401246" lon="139.2127344"><ele>537.3966666666666</ele><time>2024-01-27T00:26:43Z</time></trkpt><trkpt lat="35.9399698" lon="139.2128507"><ele>535.89</ele><time>2024-01-27T00:26:57Z</time></trkpt><trkpt lat="35.9399893" lon="139.2130734"><ele>534.5633333333334</ele><time>2024-01-27T00:27:13Z</time></trkpt><trkpt lat="35.940086" lon="139.2132856"><ele>538.86</ele><time>2024-01-27T00:27:31Z</time></trkpt><trkpt lat="35.9401783" lon="139.2134964"><ele>545.66</ele><time>2024-01-27T00:27:57Z</time></trkpt><trkpt lat="35.9402425" lon="139.2137097"><ele>552.1566666666668</ele><time>2024-01-27T00:28:22Z</time></trkpt><trkpt lat="35.9403768" lon="139.2138791"><ele>556.3233333333334</ele><time>2024-01-27T00:28:40Z</time></trkpt><trkpt lat="35.9405181" lon="139.214024"><ele>561.1466666666666</ele><time>2024-01-27T00:28:54Z</time></trkpt><trkpt lat="35.9406749" lon="139.2141508"><ele>566.2766666666666</ele><time>2024-01-27T00:29:09Z</time></trkpt><trkpt lat="35.940797" lon="139.2143195"><ele>570.33</ele><time>2024-01-27T00:29:22Z</time></trkpt><trkpt lat="35.9409067" lon="139.2145063"><ele>572.3233333333334</ele><time>2024-01-27T00:29:39Z</time></trkpt><trkpt lat="35.9410333" lon="139.2146927"><ele>573.49</ele><time>2024-01-27T00:30:08Z</time></trkpt><trkpt lat="35.941146" lon="139.2148658"><ele>573.9166666666666</ele><time>2024-01-27T00:30:22Z</time></trkpt><trkpt lat="35.9412553" lon="139.2150578"><ele>573.6666666666667</ele><time>2024-01-27T00:30:39Z</time></trkpt><trkpt lat="35.9412113" lon="139.2152776"><ele>576.13</ele><time>2024-01-27T00:30:57Z</time></trkpt><trkpt lat="35.9412789" lon="139.2154839"><ele>580.07</ele><time>2024-01-27T00:31:31Z</time></trkpt><trkpt lat="35.9412649" lon="139.215719"><ele>587.7366666666667</ele><time>2024-01-27T00:32:02Z</time></trkpt><trkpt lat="35.9411881" lon="139.21592"><ele>590.7700000000001</ele><time>2024-01-27T00:32:18Z</time></trkpt><trkpt lat="35.9412511" lon="139.2161502"><ele>590.9900000000001</ele><time>2024-01-27T00:32:42Z</time></trkpt><trkpt lat="35.9412777" lon="139.2163778"><ele>588.1533333333333</ele><time>2024-01-27T00:33:00Z</time></trkpt><trkpt lat="35.9412778" lon="139.2166103"><ele>587.4433333333335</ele><time>2024-01-27T00:33:14Z</time></trkpt><trkpt lat="35.9411356" lon="139.2167532"><ele>585.9066666666668</ele><time>2024-01-27T00:33:34Z</time></trkpt><trkpt lat="35.9410306" lon="139.2169356"><ele>584.6366666666668</ele><time>2024-01-27T00:33:54Z</time></trkpt><trkpt lat="35.9409081" lon="139.2171081"><ele>583.7400000000001</ele><time>2024-01-27T00:34:09Z</time></trkpt><trkpt lat="35.9408542" lon="139.2173388"><ele>585.4699999999999</ele><time>2024-01-27T00:34:23Z</time></trkpt><trkpt lat="35.940771" lon="139.2175456"><ele>585.9333333333333</ele><time>2024-01-27T00:34:42Z</time></trkpt><trkpt lat="35.9406236" lon="139.2176738"><ele>583.2266666666667</ele><time>2024-01-27T00:35:02Z</time></trkpt><trkpt lat="35.9404439" lon="139.2175972"><ele>577.4333333333333</ele><time>2024-01-27T00:35:23Z</time></trkpt><trkpt lat="35.940251" lon="139.2176489"><ele>571.8566666666667</ele><time>2024-01-27T00:35:38Z</time></trkpt><trkpt lat="35.9400858" lon="139.2177644"><ele>568.3066666666667</ele><time>2024-01-27T00:35:50Z</time></trkpt><trkpt lat="35.9400335" lon="139.2179778"><ele>568.1466666666666</ele><time>2024-01-27T00:36:05Z</time></trkpt><trkpt lat="35.9401434" lon="139.2181694"><ele>570.59</ele><time>2024-01-27T00:36:18Z</time></trkpt><trkpt lat="35.9401601" lon="139.2183988"><ele>573.5866666666666</ele><time>2024-01-27T00:36:30Z</time></trkpt><trkpt lat="35.9402" lon="139.218618"><ele>576.6999999999999</ele><time>2024-01-27T00:36:44Z</time></trkpt><trkpt lat="35.9401662" lon="139.2188423"><ele>578.7666666666668</ele><time>2024-01-27T00:37:22Z</time></trkpt><trkpt lat="35.9402194" lon="139.2190683"><ele>582.0633333333334</ele><time>2024-01-27T00:38:14Z</time></trkpt><trkpt lat="35.9403744" lon="139.2189488"><ele>586.1933333333333</ele><time>2024-01-27T00:38:35Z</time></trkpt><trkpt lat="35.9404471" lon="139.219153"><ele>590.8033333333333</ele><time>2024-01-27T00:39:42Z</time></trkpt><trkpt lat="35.9404694" lon="139.2193748"><ele>594.6</ele><time>2024-01-27T00:39:58Z</time></trkpt><trkpt lat="35.9406502" lon="139.2194425"><ele>599.88</ele><time>2024-01-27T00:40:19Z</time></trkpt><trkpt lat="35.9408348" lon="139.219443"><ele>605.4966666666667</ele><time>2024-01-27T00:40:52Z</time></trkpt><trkpt lat="35.9410134" lon="139.2193916"><ele>612.45</ele><time>2024-01-27T00:41:30Z</time></trkpt><trkpt lat="35.9411712" lon="139.2192597"><ele>617.7199999999999</ele><time>2024-01-27T00:41:54Z</time></trkpt><trkpt lat="35.9413549" lon="139.219268"><ele>624.42</ele><time>2024-01-27T00:42:55Z</time></trkpt><trkpt lat="35.94153" lon="139.2193507"><ele>630.93</ele><time>2024-01-27T00:43:36Z</time></trkpt><trkpt lat="35.9415599" lon="139.219573"><ele>637.9966666666666</ele><time>2024-01-27T00:44:06Z</time></trkpt><trkpt lat="35.9416878" lon="139.2197386"><ele>642.9033333333333</ele><time>2024-01-27T00:44:26Z</time></trkpt><trkpt lat="35.941573" lon="139.2199221"><ele>646.8366666666667</ele><time>2024-01-27T00:45:11Z</time></trkpt><trkpt lat="35.9415215" lon="139.2201417"><ele>648.8733333333333</ele><time>2024-01-27T00:45:22Z</time></trkpt><trkpt lat="35.9414337" lon="139.2203435"><ele>649.2566666666668</ele><time>2024-01-27T00:45:37Z</time></trkpt><trkpt lat="35.9413721" lon="139.2205554"><ele>648.3966666666666</ele><time>2024-01-27T00:45:53Z</time></trkpt><trkpt lat="35.9413249" lon="139.2207758"><ele>648.11</ele><time>2024-01-27T00:46:07Z</time></trkpt><trkpt lat="35.9415041" lon="139.2208181"><ele>649.6266666666667</ele><time>2024-01-27T00:46:37Z</time></trkpt><trkpt lat="35.9416834" lon="139.2208503"><ele>652.6666666666666</ele><time>2024-01-27T00:46:55Z</time></trkpt><trkpt lat="35.9418611" lon="139.220812"><ele>656.0566666666667</ele><time>2024-01-27T00:47:48Z</time></trkpt><trkpt lat="35.942029" lon="139.2208999"><ele>660.5733333333334</ele><time>2024-01-27T00:48:10Z</time></trkpt><trkpt lat="35.9422105" lon="139.220938"><ele>665.6366666666668</ele><time>2024-01-27T00:48:34Z</time></trkpt><trkpt lat="35.9423916" lon="139.2209647"><ele>672.5033333333334</ele><time>2024-01-27T00:49:02Z</time></trkpt><trkpt lat="35.9425524" lon="139.2210819"><ele>679.1266666666667</ele><time>2024-01-27T00:49:35Z</time></trkpt><trkpt lat="35.9427412" lon="139.2210481"><ele>685.7166666666667</ele><time>2024-01-27T00:49:59Z</time></trkpt><trkpt lat="35.9429209" lon="139.2210664"><ele>689.69</ele><time>2024-01-27T00:50:11Z</time></trkpt><trkpt lat="35.9430802" lon="139.2211878"><ele>692.8833333333333</ele><time>2024-01-27T00:50:24Z</time></trkpt><trkpt lat="35.9432605" lon="139.2212439"><ele>694.0266666666666</ele><time>2024-01-27T00:50:53Z</time></trkpt><trkpt lat="35.943448" lon="139.2213072"><ele>696.9333333333334</ele><time>2024-01-27T00:51:13Z</time></trkpt><trkpt lat="35.9436111" lon="139.2214104"><ele>698.9666666666667</ele><time>2024-01-27T00:51:30Z</time></trkpt><trkpt lat="35.9437699" lon="139.2215155"><ele>701.0033333333334</ele><time>2024-01-27T00:52:04Z</time></trkpt><trkpt lat="35.9439444" lon="139.2214523"><ele>704.3866666666667</ele><time>2024-01-27T00:52:44Z</time></trkpt><trkpt lat="35.9441017" lon="139.2215644"><ele>708.4066666666668</ele><time>2024-01-27T00:53:00Z</time></trkpt><trkpt lat="35.9442784" lon="139.2216511"><ele>715.11</ele><time>2024-01-27T00:53:36Z</time></trkpt><trkpt lat="35.9444399" lon="139.2217496"><ele>720.1766666666667</ele><time>2024-01-27T00:54:08Z</time></trkpt><trkpt lat="35.9446162" lon="139.2217972"><ele>726.8966666666666</ele><time>2024-01-27T00:54:35Z</time></trkpt><trkpt lat="35.9447978" lon="139.2218088"><ele>732.7600000000001</ele><time>2024-01-27T00:54:52Z</time></trkpt><trkpt lat="35.9449692" lon="139.2217067"><ele>738.71</ele><time>2024-01-27T00:55:12Z</time></trkpt><trkpt lat="35.9451286" lon="139.2218338"><ele>742.4133333333333</ele><time>2024-01-27T00:55:25Z</time></trkpt><trkpt lat="35.9452933" lon="139.2219302"><ele>745.6566666666668</ele><time>2024-01-27T00:55:40Z</time></trkpt><trkpt lat="35.9454703" lon="139.2219767"><ele>748.7033333333334</ele><time>2024-01-27T00:56:02Z</time></trkpt><trkpt lat="35.9456399" lon="139.2220587"><ele>753.2199999999999</ele><time>2024-01-27T00:56:39Z</time></trkpt><trkpt lat="35.9458293" lon="139.2220761"><ele>757.3699999999999</ele><time>2024-01-27T00:57:12Z</time></trkpt><trkpt lat="35.9460066" lon="139.2220186"><ele>760.2800000000001</ele><time>2024-01-27T00:57:37Z</time></trkpt><trkpt lat="35.945842" lon="139.2221152"><ele>761.2733333333334</ele><time>2024-01-27T00:58:57Z</time></trkpt><trkpt lat="35.9459161" lon="139.2223222"><ele>761.7066666666666</ele><time>2024-01-27T01:00:15Z</time></trkpt><trkpt lat="35.9459116" lon="139.2225591"><ele>762.1466666666666</ele><time>2024-01-27T01:00:41Z</time></trkpt><trkpt lat="35.9460265" lon="139.2227354"><ele>762.4533333333334</ele><time>2024-01-27T01:00:53Z</time></trkpt><trkpt lat="35.9460446" lon="139.2229663"><ele>762.8833333333333</ele><time>2024-01-27T01:01:10Z</time></trkpt><trkpt lat="35.9461277" lon="139.2231708"><ele>762.5500000000001</ele><time>2024-01-27T01:01:25Z</time></trkpt><trkpt lat="35.9461731" lon="139.2233874"><ele>762.3299999999999</ele><time>2024-01-27T01:01:40Z</time></trkpt><trkpt lat="35.9461933" lon="139.2236138"><ele>760.7766666666666</ele><time>2024-01-27T01:01:55Z</time></trkpt><trkpt lat="35.9461124" lon="139.2238185"><ele>760.4866666666667</ele><time>2024-01-27T01:02:12Z</time></trkpt><trkpt lat="35.9460856" lon="139.2240497"><ele>759.59</ele><time>2024-01-27T01:02:29Z</time></trkpt><trkpt lat="35.9459506" lon="139.2242078"><ele>760.0799999999999</ele><time>2024-01-27T01:02:44Z</time></trkpt><trkpt lat="35.9458208" lon="139.2243667"><ele>757.8833333333333</ele><time>2024-01-27T01:03:00Z</time></trkpt><trkpt lat="35.9458268" lon="139.2245883"><ele>752.6466666666666</ele><time>2024-01-27T01:03:49Z</time></trkpt><trkpt lat="35.9458884" lon="139.2247975"><ele>745.1833333333334</ele><time>2024-01-27T01:04:12Z</time></trkpt><trkpt lat="35.9459048" lon="139.2250244"><ele>737.71</ele><time>2024-01-27T01:04:46Z</time></trkpt><trkpt lat="35.945887" lon="139.225253"><ele>732.9566666666666</ele><time>2024-01-27T01:04:58Z</time></trkpt><trkpt lat="35.9459057" lon="139.2254855"><ele>727.6</ele><time>2024-01-27T01:05:12Z</time></trkpt><trkpt lat="35.9459739" lon="139.2256942"><ele>722.9966666666668</ele><time>2024-01-27T01:05:27Z</time></trkpt><trkpt lat="35.9460037" lon="139.2259425"><ele>717.4633333333335</ele><time>2024-01-27T01:05:39Z</time></trkpt><trkpt lat="35.9459792" lon="139.2261644"><ele>713.0366666666667</ele><time>2024-01-27T01:05:56Z</time></trkpt><trkpt lat="35.9458399" lon="139.2263079"><ele>707.5</ele><time>2024-01-27T01:06:48Z</time></trkpt><trkpt lat="35.9457554" lon="139.2265087"><ele>701.35</ele><time>2024-01-27T01:07:08Z</time></trkpt><trkpt lat="35.9457464" lon="139.2267335"><ele>693.33</ele><time>2024-01-27T01:07:33Z</time></trkpt><trkpt lat="35.9456969" lon="139.2269471"><ele>686.3833333333332</ele><time>2024-01-27T01:07:49Z</time></trkpt><trkpt lat="35.9457304" lon="139.2271682"><ele>680.59</ele><time>2024-01-27T01:08:12Z</time></trkpt><trkpt lat="35.945707" lon="139.2273963"><ele>678.1466666666666</ele><time>2024-01-27T01:08:35Z</time></trkpt><trkpt lat="35.9457068" lon="139.2276208"><ele>677.8</ele><time>2024-01-27T01:08:58Z</time></trkpt><trkpt lat="35.945658" lon="139.2278429"><ele>679.73</ele><time>2024-01-27T01:09:18Z</time></trkpt><trkpt lat="35.9456648" lon="139.2280667"><ele>683.0333333333334</ele><time>2024-01-27T01:09:40Z</time></trkpt><trkpt lat="35.9455032" lon="139.2281669"><ele>686.3133333333334</ele><time>2024-01-27T01:10:06Z</time></trkpt><trkpt lat="35.945334" lon="139.228252"><ele>686.1533333333333</ele><time>2024-01-27T01:10:33Z</time></trkpt><trkpt lat="35.9451509" lon="139.2283095"><ele>682.5733333333334</ele><time>2024-01-27T01:10:50Z</time></trkpt><trkpt lat="35.9449717" lon="139.2282655"><ele>675.1533333333333</ele><time>2024-01-27T01:11:15Z</time></trkpt><trkpt lat="35.9448023" lon="139.2283486"><ele>668.5600000000001</ele><time>2024-01-27T01:11:48Z</time></trkpt><trkpt lat="35.9446216" lon="139.2283779"><ele>662.1966666666667</ele><time>2024-01-27T01:12:04Z</time></trkpt><trkpt lat="35.9444386" lon="139.228408"><ele>655.9399999999999</ele><time>2024-01-27T01:12:24Z</time></trkpt><trkpt lat="35.9442612" lon="139.2284696"><ele>649.59</ele><time>2024-01-27T01:12:47Z</time></trkpt><trkpt lat="35.9440799" lon="139.2284532"><ele>642.7566666666667</ele><time>2024-01-27T01:13:16Z</time></trkpt><trkpt lat="35.9439046" lon="139.2285108"><ele>638.11</ele><time>2024-01-27T01:13:34Z</time></trkpt><trkpt lat="35.9437349" lon="139.2286087"><ele>634.3000000000001</ele><time>2024-01-27T01:13:54Z</time></trkpt><trkpt lat="35.943563" lon="139.2286772"><ele>631.73</ele><time>2024-01-27T01:14:20Z</time></trkpt><trkpt lat="35.9434415" lon="139.2288492"><ele>628.5</ele><time>2024-01-27T01:14:35Z</time></trkpt><trkpt lat="35.9433747" lon="139.2290607"><ele>625.6966666666666</ele><time>2024-01-27T01:14:47Z</time></trkpt><trkpt lat="35.9432791" lon="139.2292584"><ele>623.6733333333333</ele><time>2024-01-27T01:14:57Z</time></trkpt><trkpt lat="35.943136" lon="139.2294184"><ele>623.02</ele><time>2024-01-27T01:15:09Z</time></trkpt><trkpt lat="35.9429901" lon="139.2295563"><ele>622.87</ele><time>2024-01-27T01:15:21Z</time></trkpt><trkpt lat="35.9429015" lon="139.2297572"><ele>623.0533333333334</ele><time>2024-01-27T01:15:35Z</time></trkpt><trkpt lat="35.942784" lon="139.2299267"><ele>624.1366666666667</ele><time>2024-01-27T01:15:50Z</time></trkpt><trkpt lat="35.9426236" lon="139.230059"><ele>624.4700000000001</ele><time>2024-01-27T01:16:13Z</time></trkpt><trkpt lat="35.942498" lon="139.230221"><ele>624.7200000000001</ele><time>2024-01-27T01:16:24Z</time></trkpt><trkpt lat="35.9424015" lon="139.2304331"><ele>626.2666666666668</ele><time>2024-01-27T01:16:37Z</time></trkpt><trkpt lat="35.9422085" lon="139.2304634"><ele>626.2833333333333</ele><time>2024-01-27T01:16:49Z</time></trkpt><trkpt lat="35.9423949" lon="139.2305094"><ele>629.9633333333333</ele><time>2024-01-27T01:16:59Z</time></trkpt><trkpt lat="35.942204" lon="139.2305288"><ele>628.8433333333334</ele><time>2024-01-27T01:17:09Z</time></trkpt><trkpt lat="35.9420463" lon="139.2306576"><ele>630.1266666666667</ele><time>2024-01-27T01:17:14Z</time></trkpt><trkpt lat="35.9419139" lon="139.2308161"><ele>629.8633333333333</ele><time>2024-01-27T01:17:23Z</time></trkpt><trkpt lat="35.94177" lon="139.2309516"><ele>634.5099999999999</ele><time>2024-01-27T01:17:42Z</time></trkpt><trkpt lat="35.9415993" lon="139.2310479"><ele>639.2566666666667</ele><time>2024-01-27T01:17:56Z</time></trkpt><trkpt lat="35.9414157" lon="139.2310528"><ele>641.4633333333333</ele><time>2024-01-27T01:18:12Z</time></trkpt><trkpt lat="35.9412715" lon="139.2309164"><ele>639.4633333333333</ele><time>2024-01-27T01:18:32Z</time></trkpt><trkpt lat="35.9411435" lon="139.2307491"><ele>638.6666666666666</ele><time>2024-01-27T01:18:47Z</time></trkpt><trkpt lat="35.9409737" lon="139.2306725"><ele>638.7766666666666</ele><time>2024-01-27T01:19:01Z</time></trkpt><trkpt lat="35.9407976" lon="139.2308116"><ele>639.8133333333334</ele><time>2024-01-27T01:19:12Z</time></trkpt><trkpt lat="35.940722" lon="139.2310294"><ele>639.3233333333333</ele><time>2024-01-27T01:19:22Z</time></trkpt><trkpt lat="35.9406731" lon="139.2312548"><ele>637.2566666666667</ele><time>2024-01-27T01:19:32Z</time></trkpt><trkpt lat="35.9406109" lon="139.2314713"><ele>635.4633333333333</ele><time>2024-01-27T01:19:43Z</time></trkpt><trkpt lat="35.9406805" lon="139.2316793"><ele>636.3066666666667</ele><time>2024-01-27T01:19:59Z</time></trkpt><trkpt lat="35.9408187" lon="139.2318274"><ele>639.5833333333334</ele><time>2024-01-27T01:20:11Z</time></trkpt><trkpt lat="35.9407691" lon="139.2320426"><ele>643.9566666666667</ele><time>2024-01-27T01:20:22Z</time></trkpt><trkpt lat="35.9406132" lon="139.2321541"><ele>645.43</ele><time>2024-01-27T01:20:32Z</time></trkpt><trkpt lat="35.9404228" lon="139.2321436"><ele>643.82</ele><time>2024-01-27T01:20:46Z</time></trkpt><trkpt lat="35.9402408" lon="139.2321953"><ele>638.0666666666667</ele><time>2024-01-27T01:21:02Z</time></trkpt><trkpt lat="35.9401232" lon="139.2323919"><ele>631.9900000000001</ele><time>2024-01-27T01:21:19Z</time></trkpt><trkpt lat="35.9399992" lon="139.2325697"><ele>626.6700000000001</ele><time>2024-01-27T01:21:30Z</time></trkpt><trkpt lat="35.9400141" lon="139.2328051"><ele>625.9333333333333</ele><time>2024-01-27T01:21:41Z</time></trkpt><trkpt lat="35.9399584" lon="139.2330182"><ele>624.0433333333334</ele><time>2024-01-27T01:21:52Z</time></trkpt><trkpt lat="35.9400005" lon="139.2332515"><ele>621.2066666666666</ele><time>2024-01-27T01:22:07Z</time></trkpt><trkpt lat="35.9400107" lon="139.2334787"><ele>618.26</ele><time>2024-01-27T01:22:21Z</time></trkpt><trkpt lat="35.9400346" lon="139.2337158"><ele>616.1700000000001</ele><time>2024-01-27T01:22:36Z</time></trkpt><trkpt lat="35.9400055" lon="139.2339493"><ele>616.1933333333333</ele><time>2024-01-27T01:22:46Z</time></trkpt><trkpt lat="35.9399752" lon="139.234174"><ele>614.2033333333334</ele><time>2024-01-27T01:23:00Z</time></trkpt><trkpt lat="35.9400112" lon="139.2344113"><ele>616.1066666666667</ele><time>2024-01-27T01:23:13Z</time></trkpt><trkpt lat="35.9400384" lon="139.2346384"><ele>618.8366666666667</ele><time>2024-01-27T01:23:27Z</time></trkpt><trkpt lat="35.9401658" lon="139.2347964"><ele>622.5433333333334</ele><time>2024-01-27T01:23:39Z</time></trkpt><trkpt lat="35.9401841" lon="139.2350333"><ele>623.3966666666666</ele><time>2024-01-27T01:23:54Z</time></trkpt><trkpt lat="35.9401152" lon="139.235246"><ele>622.5966666666667</ele><time>2024-01-27T01:24:06Z</time></trkpt><trkpt lat="35.9401881" lon="139.2354693"><ele>620.7833333333333</ele><time>2024-01-27T01:24:19Z</time></trkpt><trkpt lat="35.9401618" lon="139.2357098"><ele>617.42</ele><time>2024-01-27T01:24:27Z</time></trkpt><trkpt lat="35.9401931" lon="139.2359294"><ele>612.57</ele><time>2024-01-27T01:24:39Z</time></trkpt><trkpt lat="35.9403281" lon="139.2360851"><ele>608.5266666666668</ele><time>2024-01-27T01:24:48Z</time></trkpt><trkpt lat="35.9404669" lon="139.2362289"><ele>605.13</ele><time>2024-01-27T01:24:58Z</time></trkpt><trkpt lat="35.9405439" lon="139.2364364"><ele>602.6366666666667</ele><time>2024-01-27T01:25:11Z</time></trkpt><trkpt lat="35.9404187" lon="139.2365993"><ele>599.0500000000001</ele><time>2024-01-27T01:25:23Z</time></trkpt><trkpt lat="35.9402553" lon="139.2364839"><ele>595.8466666666667</ele><time>2024-01-27T01:25:35Z</time></trkpt><trkpt lat="35.9401679" lon="139.2362885"><ele>594.5266666666666</ele><time>2024-01-27T01:25:46Z</time></trkpt><trkpt lat="35.9400412" lon="139.2361163"><ele>595.2233333333334</ele><time>2024-01-27T01:25:58Z</time></trkpt><trkpt lat="35.9398547" lon="139.2360901"><ele>595.1233333333333</ele><time>2024-01-27T01:26:07Z</time></trkpt><trkpt lat="35.9396815" lon="139.236154"><ele>593.23</ele><time>2024-01-27T01:26:27Z</time></trkpt><trkpt lat="35.9394821" lon="139.2361287"><ele>588.4033333333333</ele><time>2024-01-27T01:26:35Z</time></trkpt><trkpt lat="35.9393196" lon="139.2360288"><ele>584.1666666666666</ele><time>2024-01-27T01:26:48Z</time></trkpt><trkpt lat="35.9392676" lon="139.2358098"><ele>583.0500000000001</ele><time>2024-01-27T01:26:58Z</time></trkpt><trkpt lat="35.939095" lon="139.2357033"><ele>583.2233333333334</ele><time>2024-01-27T01:27:08Z</time></trkpt><trkpt lat="35.9389155" lon="139.2356615"><ele>582.4666666666667</ele><time>2024-01-27T01:27:20Z</time></trkpt><trkpt lat="35.9387416" lon="139.2355965"><ele>577.6033333333334</ele><time>2024-01-27T01:27:30Z</time></trkpt><trkpt lat="35.9385727" lon="139.235491"><ele>573.5266666666666</ele><time>2024-01-27T01:27:42Z</time></trkpt><trkpt lat="35.9383878" lon="139.2354432"><ele>570.0533333333333</ele><time>2024-01-27T01:27:55Z</time></trkpt><trkpt lat="35.9382523" lon="139.2352849"><ele>569.1733333333333</ele><time>2024-01-27T01:28:09Z</time></trkpt><trkpt lat="35.9381688" lon="139.2350751"><ele>569.6999999999999</ele><time>2024-01-27T01:28:20Z</time></trkpt><trkpt lat="35.9380614" lon="139.2348753"><ele>572.5133333333333</ele><time>2024-01-27T01:28:38Z</time></trkpt><trkpt lat="35.9379021" lon="139.2347478"><ele>573.32</ele><time>2024-01-27T01:28:49Z</time></trkpt><trkpt lat="35.9377234" lon="139.2346796"><ele>572.2766666666666</ele><time>2024-01-27T01:29:00Z</time></trkpt><trkpt lat="35.937538" lon="139.2346719"><ele>568.42</ele><time>2024-01-27T01:29:10Z</time></trkpt><trkpt lat="35.9375096" lon="139.2344529"><ele>567.2033333333334</ele><time>2024-01-27T01:29:29Z</time></trkpt><trkpt lat="35.937376" lon="139.234264"><ele>567.0366666666667</ele><time>2024-01-27T01:29:43Z</time></trkpt><trkpt lat="35.9372513" lon="139.2340715"><ele>568.9799999999999</ele><time>2024-01-27T01:29:54Z</time></trkpt><trkpt lat="35.9370823" lon="139.2339437"><ele>569.0</ele><time>2024-01-27T01:30:08Z</time></trkpt><trkpt lat="35.9369231" lon="139.2340522"><ele>568.4333333333334</ele><time>2024-01-27T01:30:18Z</time></trkpt><trkpt lat="35.936747" lon="139.2341595"><ele>566.5133333333333</ele><time>2024-01-27T01:30:30Z</time></trkpt><trkpt lat="35.9365797" lon="139.2340541"><ele>565.07</ele><time>2024-01-27T01:30:56Z</time></trkpt><trkpt lat="35.9364083" lon="139.2341361"><ele>563.62</ele><time>2024-01-27T01:31:10Z</time></trkpt><trkpt lat="35.936223" lon="139.2340797"><ele>562.4200000000001</ele><time>2024-01-27T01:31:15Z</time></trkpt><trkpt lat="35.9360495" lon="139.2339713"><ele>560.1066666666667</ele><time>2024-01-27T01:31:22Z</time></trkpt><trkpt lat="35.9358544" lon="139.2339556"><ele>556.1733333333333</ele><time>2024-01-27T01:31:32Z</time></trkpt><trkpt lat="35.9356743" lon="139.2339397"><ele>549.8666666666667</ele><time>2024-01-27T01:31:41Z</time></trkpt><trkpt lat="35.9354836" lon="139.2339621"><ele>544.8866666666667</ele><time>2024-01-27T01:31:55Z</time></trkpt><trkpt lat="35.9353393" lon="139.2340961"><ele>542.3433333333332</ele><time>2024-01-27T01:32:15Z</time></trkpt><trkpt lat="35.9351535" lon="139.2341534"><ele>543.4366666666666</ele><time>2024-01-27T01:32:25Z</time></trkpt><trkpt lat="35.9349751" lon="139.2342475"><ele>544.7233333333334</ele><time>2024-01-27T01:32:35Z</time></trkpt><trkpt lat="35.9348011" lon="139.234309"><ele>546.2666666666667</ele><time>2024-01-27T01:32:51Z</time></trkpt><trkpt lat="35.9346277" lon="139.2342181"><ele>546.0366666666667</ele><time>2024-01-27T01:33:03Z</time></trkpt><trkpt lat="35.9344434" lon="139.2341796"><ele>544.7466666666668</ele><time>2024-01-27T01:33:15Z</time></trkpt><trkpt lat="35.9342865" lon="139.2343068"><ele>543.0333333333333</ele><time>2024-01-27T01:33:31Z</time></trkpt><trkpt lat="35.9341688" lon="139.2344907"><ele>543.4933333333333</ele><time>2024-01-27T01:33:44Z</time></trkpt><trkpt lat="35.9340545" lon="139.2346727"><ele>544.7166666666666</ele><time>2024-01-27T01:33:57Z</time></trkpt><trkpt lat="35.9339526" lon="139.2348579"><ele>545.3033333333333</ele><time>2024-01-27T01:34:09Z</time></trkpt><trkpt lat="35.9338347" lon="139.2350495"><ele>545.07</ele><time>2024-01-27T01:34:22Z</time></trkpt><trkpt lat="35.9337049" lon="139.2352233"><ele>544.7733333333332</ele><time>2024-01-27T01:34:37Z</time></trkpt><trkpt lat="35.9335698" lon="139.2353891"><ele>545.0533333333333</ele><time>2024-01-27T01:34:48Z</time></trkpt><trkpt lat="35.9333965" lon="139.2354727"><ele>544.41</ele><time>2024-01-27T01:35:01Z</time></trkpt><trkpt lat="35.9332129" lon="139.23552"><ele>544.1533333333333</ele><time>2024-01-27T01:35:14Z</time></trkpt><trkpt lat="35.9330463" lon="139.2356208"><ele>543.7800000000001</ele><time>2024-01-27T01:35:28Z</time></trkpt><trkpt lat="35.9328845" lon="139.2357474"><ele>545.2133333333333</ele><time>2024-01-27T01:35:43Z</time></trkpt><trkpt lat="35.9327578" lon="139.2359239"><ele>546.7633333333333</ele><time>2024-01-27T01:35:57Z</time></trkpt><trkpt lat="35.9325808" lon="139.2359823"><ele>547.3633333333332</ele><time>2024-01-27T01:36:10Z</time></trkpt><trkpt lat="35.9323959" lon="139.2359961"><ele>546.3199999999999</ele><time>2024-01-27T01:36:24Z</time></trkpt><trkpt lat="35.9322387" lon="139.2361129"><ele>546.8133333333334</ele><time>2024-01-27T01:36:37Z</time></trkpt><trkpt lat="35.9322255" lon="139.2363365"><ele>550.5533333333333</ele><time>2024-01-27T01:36:53Z</time></trkpt><trkpt lat="35.9321004" lon="139.2365106"><ele>556.4166666666666</ele><time>2024-01-27T01:36:59Z</time></trkpt><trkpt lat="35.931942" lon="139.2366619"><ele>560.52</ele><time>2024-01-27T01:37:14Z</time></trkpt><trkpt lat="35.9318001" lon="139.2368086"><ele>562.4933333333333</ele><time>2024-01-27T01:37:31Z</time></trkpt><trkpt lat="35.9316341" lon="139.2369009"><ele>562.3000000000001</ele><time>2024-01-27T01:37:45Z</time></trkpt><trkpt lat="35.9314448" lon="139.2369177"><ele>560.8466666666667</ele><time>2024-01-27T01:38:05Z</time></trkpt><trkpt lat="35.9312691" lon="139.2368681"><ele>559.1133333333333</ele><time>2024-01-27T01:38:16Z</time></trkpt><trkpt lat="35.9310851" lon="139.2368158"><ele>559.0066666666668</ele><time>2024-01-27T01:38:31Z</time></trkpt><trkpt lat="35.9309238" lon="139.2369368"><ele>560.7633333333334</ele><time>2024-01-27T01:38:46Z</time></trkpt><trkpt lat="35.9307527" lon="139.2370465"><ele>563.4200000000001</ele><time>2024-01-27T01:38:58Z</time></trkpt><trkpt lat="35.9305906" lon="139.2371544"><ele>565.6333333333333</ele><time>2024-01-27T01:39:11Z</time></trkpt><trkpt lat="35.9304625" lon="139.2373215"><ele>567.66</ele><time>2024-01-27T01:39:24Z</time></trkpt><trkpt lat="35.9304231" lon="139.2375383"><ele>567.9966666666668</ele><time>2024-01-27T01:39:34Z</time></trkpt><trkpt lat="35.9304001" lon="139.2377731"><ele>567.3533333333334</ele><time>2024-01-27T01:39:49Z</time></trkpt><trkpt lat="35.9303642" lon="139.237997"><ele>565.1966666666667</ele><time>2024-01-27T01:39:58Z</time></trkpt><trkpt lat="35.9303181" lon="139.2382233"><ele>562.93</ele><time>2024-01-27T01:40:09Z</time></trkpt><trkpt lat="35.9303302" lon="139.2384561"><ele>558.3466666666667</ele><time>2024-01-27T01:40:22Z</time></trkpt><trkpt lat="35.9302998" lon="139.2386881"><ele>552.3966666666666</ele><time>2024-01-27T01:40:33Z</time></trkpt><trkpt lat="35.9301719" lon="139.2388712"><ele>547.1233333333333</ele><time>2024-01-27T01:40:44Z</time></trkpt><trkpt lat="35.929989" lon="139.2389278"><ele>544.7766666666666</ele><time>2024-01-27T01:40:58Z</time></trkpt><trkpt lat="35.9298097" lon="139.2388477"><ele>543.3666666666667</ele><time>2024-01-27T01:41:10Z</time></trkpt><trkpt lat="35.9296175" lon="139.2388645"><ele>539.4566666666666</ele><time>2024-01-27T01:41:23Z</time></trkpt><trkpt lat="35.9294984" lon="139.239045"><ele>534.3000000000001</ele><time>2024-01-27T01:41:34Z</time></trkpt><trkpt lat="35.9293466" lon="139.239174"><ele>528.2233333333334</ele><time>2024-01-27T01:41:46Z</time></trkpt><trkpt lat="35.9292983" lon="139.2393889"><ele>525.9833333333333</ele><time>2024-01-27T01:41:56Z</time></trkpt><trkpt lat="35.9292041" lon="139.2395917"><ele>524.0933333333334</ele><time>2024-01-27T01:42:11Z</time></trkpt><trkpt lat="35.9292183" lon="139.2398158"><ele>524.4699999999999</ele><time>2024-01-27T01:42:19Z</time></trkpt><trkpt lat="35.929251" lon="139.2400368"><ele>524.5166666666668</ele><time>2024-01-27T01:42:31Z</time></trkpt><trkpt lat="35.929153" lon="139.2402376"><ele>523.9399999999999</ele><time>2024-01-27T01:42:40Z</time></trkpt><trkpt lat="35.9291555" lon="139.2404604"><ele>523.5533333333334</ele><time>2024-01-27T01:42:52Z</time></trkpt><trkpt lat="35.9290367" lon="139.2406453"><ele>521.38</ele><time>2024-01-27T01:43:01Z</time></trkpt><trkpt lat="35.9289508" lon="139.2408426"><ele>528.8838795684779</ele><time>2024-01-27T01:43:11Z</time></trkpt><trkpt lat="35.9289351" lon="139.2410715"><ele>536.3009737238968</ele><time>2024-01-27T01:43:24Z</time></trkpt><trkpt lat="35.9287811" lon="139.2411992"><ele>537.4427430315264</ele><time>2024-01-27T01:43:36Z</time></trkpt><trkpt lat="35.9287167" lon="139.2414185"><ele>528.0168414082178</ele><time>2024-01-27T01:43:49Z</time></trkpt><trkpt lat="35.9286559" lon="139.2416303"><ele>517.6589863592325</ele><time>2024-01-27T01:44:01Z</time></trkpt><trkpt lat="35.9286872" lon="139.2418507"><ele>513.0074075547446</ele><time>2024-01-27T01:44:14Z</time></trkpt><trkpt lat="35.9288118" lon="139.242034"><ele>510.34895570962357</ele><time>2024-01-27T01:44:24Z</time></trkpt><trkpt lat="35.928859" lon="139.2422511"><ele>508.08282626538215</ele><time>2024-01-27T01:44:38Z</time></trkpt><trkpt lat="35.9287758" lon="139.2424609"><ele>506.5699261867071</ele><time>2024-01-27T01:44:49Z</time></trkpt><trkpt lat="35.9285825" lon="139.2424853"><ele>505.79301591673067</ele><time>2024-01-27T01:44:57Z</time></trkpt><trkpt lat="35.9284981" lon="139.2426979"><ele>507.7315323714352</ele><time>2024-01-27T01:45:09Z</time></trkpt><trkpt lat="35.9284122" lon="139.2429068"><ele>511.00501069400934</ele><time>2024-01-27T01:45:22Z</time></trkpt><trkpt lat="35.9283205" lon="139.243098"><ele>512.9402587649002</ele><time>2024-01-27T01:45:38Z</time></trkpt><trkpt lat="35.9281789" lon="139.2432425"><ele>512.6995220681919</ele><time>2024-01-27T01:45:50Z</time></trkpt><trkpt lat="35.9279961" lon="139.243265"><ele>512.7814008934502</ele><time>2024-01-27T01:46:01Z</time></trkpt><trkpt lat="35.9278107" lon="139.2432612"><ele>513.0295680051875</ele><time>2024-01-27T01:46:15Z</time></trkpt><trkpt lat="35.9276965" lon="139.2434542"><ele>513.7847470988376</ele><time>2024-01-27T01:46:30Z</time></trkpt><trkpt lat="35.9277169" lon="139.2436762"><ele>514.2765807858102</ele><time>2024-01-27T01:46:42Z</time></trkpt><trkpt lat="35.9275872" lon="139.2438654"><ele>515.9434394853661</ele><time>2024-01-27T01:46:56Z</time></trkpt><trkpt lat="35.9274493" lon="139.2440246"><ele>517.3200755478407</ele><time>2024-01-27T01:47:09Z</time></trkpt><trkpt lat="35.9272839" lon="139.244185"><ele>517.0685859352839</ele><time>2024-01-27T01:47:21Z</time></trkpt><trkpt lat="35.9271036" lon="139.2442348"><ele>515.8628685244081</ele><time>2024-01-27T01:47:37Z</time></trkpt><trkpt lat="35.9269234" lon="139.2442934"><ele>513.2143362501047</ele><time>2024-01-27T01:47:49Z</time></trkpt><trkpt lat="35.9267512" lon="139.2443592"><ele>509.26145132059804</ele><time>2024-01-27T01:48:04Z</time></trkpt><trkpt lat="35.9268109" lon="139.2445821"><ele>507.69672078497433</ele><time>2024-01-27T01:48:15Z</time></trkpt><trkpt lat="35.9266575" lon="139.2447058"><ele>506.27628207099013</ele><time>2024-01-27T01:48:23Z</time></trkpt><trkpt lat="35.9265481" lon="139.2448861"><ele>506.71930400959377</ele><time>2024-01-27T01:48:33Z</time></trkpt><trkpt lat="35.9264378" lon="139.2450641"><ele>504.75949148880005</ele><time>2024-01-27T01:48:46Z</time></trkpt><trkpt lat="35.9263991" lon="139.2452823"><ele>503.889585908577</ele><time>2024-01-27T01:49:07Z</time></trkpt><trkpt lat="35.9263431" lon="139.2454949"><ele>504.0582332889371</ele><time>2024-01-27T01:49:20Z</time></trkpt><trkpt lat="35.9261908" lon="139.2456374"><ele>503.6469062839913</ele><time>2024-01-27T01:50:41Z</time></trkpt><trkpt lat="35.9260255" lon="139.245742"><ele>503.8908009798606</ele><time>2024-01-27T01:51:14Z</time></trkpt><trkpt lat="35.9258489" lon="139.2458033"><ele>502.95106921614394</ele><time>2024-01-27T01:51:25Z</time></trkpt><trkpt lat="35.9257195" lon="139.2459666"><ele>502.8019336055438</ele><time>2024-01-27T01:51:40Z</time></trkpt><trkpt lat="35.9255851" lon="139.2461175"><ele>501.32786100606387</ele><time>2024-01-27T01:51:54Z</time></trkpt><trkpt lat="35.9254847" lon="139.2463051"><ele>500.9991835629765</ele><time>2024-01-27T01:52:12Z</time></trkpt><trkpt lat="35.925333" lon="139.2464272"><ele>500.79512278694057</ele><time>2024-01-27T01:52:22Z</time></trkpt><trkpt lat="35.9251543" lon="139.2464903"><ele>501.38489417213253</ele><time>2024-01-27T01:52:33Z</time></trkpt><trkpt lat="35.9249653" lon="139.2465524"><ele>502.92509669571405</ele><time>2024-01-27T01:52:45Z</time></trkpt><trkpt lat="35.9247738" lon="139.2465774"><ele>506.0889696487136</ele><time>2024-01-27T01:52:56Z</time></trkpt><trkpt lat="35.9245865" lon="139.2465515"><ele>509.4188236058855</ele><time>2024-01-27T01:53:08Z</time></trkpt><trkpt lat="35.9244201" lon="139.2464331"><ele>511.3771458037741</ele><time>2024-01-27T01:53:18Z</time></trkpt><trkpt lat="35.9242362" lon="139.246409"><ele>504.5832139054451</ele><time>2024-01-27T01:53:34Z</time></trkpt><trkpt lat="35.9240807" lon="139.2465527"><ele>497.39126297238664</ele><time>2024-01-27T01:53:52Z</time></trkpt><trkpt lat="35.9239125" lon="139.2466455"><ele>490.1539968710342</ele><time>2024-01-27T01:54:03Z</time></trkpt><trkpt lat="35.9237013" lon="139.2466312"><ele>490.15393124094436</ele><time>2024-01-27T01:54:11Z</time></trkpt><trkpt lat="35.9235023" lon="139.2466179"><ele>495.76733331196675</ele><time>2024-01-27T01:54:35Z</time></trkpt><trkpt lat="35.9232809" lon="139.2465175"><ele>501.12449171118334</ele><time>2024-01-27T01:54:47Z</time></trkpt><trkpt lat="35.9230761" lon="139.2464146"><ele>506.1552991472086</ele><time>2024-01-27T01:55:00Z</time></trkpt><trkpt lat="35.9229051" lon="139.2463421"><ele>504.5920180201765</ele><time>2024-01-27T01:55:11Z</time></trkpt><trkpt lat="35.9227231" lon="139.2463203"><ele>502.85885240807505</ele><time>2024-01-27T01:55:24Z</time></trkpt><trkpt lat="35.9225498" lon="139.2462592"><ele>501.84872554869025</ele><time>2024-01-27T01:55:33Z</time></trkpt><trkpt lat="35.9223615" lon="139.2462884"><ele>501.6306217614951</ele><time>2024-01-27T01:55:45Z</time></trkpt><trkpt lat="35.9221668" lon="139.2462249"><ele>501.7499426905103</ele><time>2024-01-27T01:55:57Z</time></trkpt><trkpt lat="35.9219819" lon="139.2462215"><ele>501.17026053832365</ele><time>2024-01-27T01:56:08Z</time></trkpt><trkpt lat="35.9218046" lon="139.2462766"><ele>500.2572308880564</ele><time>2024-01-27T01:56:27Z</time></trkpt><trkpt lat="35.9217428" lon="139.2464951"><ele>497.86894792436874</ele><time>2024-01-27T01:56:40Z</time></trkpt><trkpt lat="35.9218126" lon="139.2467037"><ele>494.52919933771165</ele><time>2024-01-27T01:56:52Z</time></trkpt><trkpt lat="35.9218493" lon="139.2469326"><ele>493.36903037719895</ele><time>2024-01-27T01:57:08Z</time></trkpt><trkpt lat="35.9217953" lon="139.2471573"><ele>494.53035011766514</ele><time>2024-01-27T01:57:21Z</time></trkpt><trkpt lat="35.9217889" lon="139.2473889"><ele>498.7237288770193</ele><time>2024-01-27T01:57:40Z</time></trkpt><trkpt lat="35.9218391" lon="139.2476111"><ele>501.74828651020624</ele><time>2024-01-27T01:57:55Z</time></trkpt><trkpt lat="35.9219198" lon="139.2478195"><ele>504.04644019691204</ele><time>2024-01-27T01:58:08Z</time></trkpt><trkpt lat="35.9219512" lon="139.2480831"><ele>507.39946492273725</ele><time>2024-01-27T01:58:36Z</time></trkpt><trkpt lat="35.9219487" lon="139.2483074"><ele>511.6714794122317</ele><time>2024-01-27T01:58:56Z</time></trkpt><trkpt lat="35.9219362" lon="139.2485291"><ele>515.3864075890294</ele><time>2024-01-27T01:59:06Z</time></trkpt><trkpt lat="35.9219476" lon="139.2487558"><ele>516.6720758274301</ele><time>2024-01-27T01:59:19Z</time></trkpt><trkpt lat="35.9219616" lon="139.2489787"><ele>515.6376341530844</ele><time>2024-01-27T01:59:31Z</time></trkpt><trkpt lat="35.9220347" lon="139.2491881"><ele>515.1246341996426</ele><time>2024-01-27T01:59:49Z</time></trkpt><trkpt lat="35.9220291" lon="139.2494119"><ele>514.1498046256235</ele><time>2024-01-27T01:59:59Z</time></trkpt><trkpt lat="35.9220708" lon="139.2496324"><ele>516.2314106994106</ele><time>2024-01-27T02:00:12Z</time></trkpt><trkpt lat="35.9220474" lon="139.2498544"><ele>517.5060127913321</ele><time>2024-01-27T02:00:25Z</time></trkpt><trkpt lat="35.9219919" lon="139.250069"><ele>519.3005928832177</ele><time>2024-01-27T02:00:39Z</time></trkpt><trkpt lat="35.9220377" lon="139.2502858"><ele>520.4859702232189</ele><time>2024-01-27T02:00:54Z</time></trkpt><trkpt lat="35.9220533" lon="139.2505219"><ele>522.6402951944866</ele><time>2024-01-27T02:01:12Z</time></trkpt><trkpt lat="35.9221658" lon="139.2507155"><ele>522.2293700742134</ele><time>2024-01-27T02:01:27Z</time></trkpt><trkpt lat="35.9222238" lon="139.2509261"><ele>520.6103999590409</ele><time>2024-01-27T02:01:40Z</time></trkpt><trkpt lat="35.922338" lon="139.2511091"><ele>519.0585137445316</ele><time>2024-01-27T02:01:54Z</time></trkpt><trkpt lat="35.9223657" lon="139.2513283"><ele>519.3174507856619</ele><time>2024-01-27T02:02:05Z</time></trkpt><trkpt lat="35.9222843" lon="139.2515275"><ele>522.2662272590985</ele><time>2024-01-27T02:02:16Z</time></trkpt><trkpt lat="35.9221595" lon="139.2516964"><ele>524.8453642787655</ele><time>2024-01-27T02:02:26Z</time></trkpt><trkpt lat="35.9220379" lon="139.2518814"><ele>527.801204393678</ele><time>2024-01-27T02:02:39Z</time></trkpt><trkpt lat="35.9220283" lon="139.2521309"><ele>525.2107399002757</ele><time>2024-01-27T02:02:55Z</time></trkpt><trkpt lat="35.9219975" lon="139.252351"><ele>522.3349954934564</ele><time>2024-01-27T02:03:07Z</time></trkpt><trkpt lat="35.922056" lon="139.2525612"><ele>518.7071443208521</ele><time>2024-01-27T02:04:20Z</time></trkpt><trkpt lat="35.921942" lon="139.2527491"><ele>516.1516074247178</ele><time>2024-01-27T02:04:31Z</time></trkpt><trkpt lat="35.9218686" lon="139.2529617"><ele>514.4636320885862</ele><time>2024-01-27T02:04:42Z</time></trkpt><trkpt lat="35.9217985" lon="139.2531719"><ele>512.6135975400415</ele><time>2024-01-27T02:04:57Z</time></trkpt><trkpt lat="35.9217639" lon="139.2533928"><ele>512.2698414735089</ele><time>2024-01-27T02:05:13Z</time></trkpt><trkpt lat="35.9217577" lon="139.2536157"><ele>510.06625063609755</ele><time>2024-01-27T02:05:25Z</time></trkpt><trkpt lat="35.9218942" lon="139.2537658"><ele>509.25778588527214</ele><time>2024-01-27T02:05:43Z</time></trkpt><trkpt lat="35.92208" lon="139.2537484"><ele>508.5920011954276</ele><time>2024-01-27T02:06:16Z</time></trkpt><trkpt lat="35.9222528" lon="139.2538282"><ele>510.3532606193732</ele><time>2024-01-27T02:06:29Z</time></trkpt><trkpt lat="35.9223279" lon="139.2540335"><ele>510.0817330844418</ele><time>2024-01-27T02:06:43Z</time></trkpt><trkpt lat="35.9224885" lon="139.2541464"><ele>511.2495343811797</ele><time>2024-01-27T02:06:56Z</time></trkpt><trkpt lat="35.922654" lon="139.2542482"><ele>511.18193026763015</ele><time>2024-01-27T02:07:07Z</time></trkpt><trkpt lat="35.9227851" lon="139.2544106"><ele>509.836438189479</ele><time>2024-01-27T02:07:22Z</time></trkpt><trkpt lat="35.9229457" lon="139.2545302"><ele>507.5129559591328</ele><time>2024-01-27T02:07:42Z</time></trkpt><trkpt lat="35.9230504" lon="139.2547144"><ele>505.75294181899153</ele><time>2024-01-27T02:07:59Z</time></trkpt><trkpt lat="35.9231296" lon="139.2549294"><ele>506.83082878462204</ele><time>2024-01-27T02:08:08Z</time></trkpt><trkpt lat="35.9231915" lon="139.254692"><ele>509.3012890662938</ele><time>2024-01-27T02:08:27Z</time></trkpt><trkpt lat="35.9231055" lon="139.254893"><ele>510.25592182674814</ele><time>2024-01-27T02:09:14Z</time></trkpt><trkpt lat="35.9232753" lon="139.2549806"><ele>511.2822063525634</ele><time>2024-01-27T02:10:28Z</time></trkpt><trkpt lat="35.9234372" lon="139.2550876"><ele>509.94384026048874</ele><time>2024-01-27T02:10:49Z</time></trkpt><trkpt lat="35.9233146" lon="139.2549194"><ele>508.31897337597826</ele><time>2024-01-27T02:12:02Z</time></trkpt><trkpt lat="35.9234498" lon="139.2547611"><ele>504.15927492204565</ele><time>2024-01-27T02:12:34Z</time></trkpt><trkpt lat="35.9236082" lon="139.2548687"><ele>503.49123468500534</ele><time>2024-01-27T02:12:58Z</time></trkpt><trkpt lat="35.9237806" lon="139.2549543"><ele>504.13595980378244</ele><time>2024-01-27T02:13:27Z</time></trkpt><trkpt lat="35.9239504" lon="139.2550606"><ele>505.4623555511584</ele><time>2024-01-27T02:13:46Z</time></trkpt><trkpt lat="35.9240686" lon="139.2552428"><ele>503.6968280584997</ele><time>2024-01-27T02:14:00Z</time></trkpt><trkpt lat="35.9241767" lon="139.2554355"><ele>502.0833763455303</ele><time>2024-01-27T02:14:15Z</time></trkpt><trkpt lat="35.9241405" lon="139.255667"><ele>500.55119572146583</ele><time>2024-01-27T02:14:29Z</time></trkpt><trkpt lat="35.9241485" lon="139.2558966"><ele>499.4999074920861</ele><time>2024-01-27T02:14:43Z</time></trkpt><trkpt lat="35.9240933" lon="139.2561152"><ele>497.785444136202</ele><time>2024-01-27T02:14:57Z</time></trkpt><trkpt lat="35.9240459" lon="139.2563407"><ele>494.7739877749232</ele><time>2024-01-27T02:15:15Z</time></trkpt><trkpt lat="35.9241294" lon="139.2565407"><ele>491.08566695999394</ele><time>2024-01-27T02:15:33Z</time></trkpt><trkpt lat="35.924184" lon="139.2567656"><ele>486.21105753942766</ele><time>2024-01-27T02:15:51Z</time></trkpt><trkpt lat="35.9240909" lon="139.256967"><ele>484.95755929278783</ele><time>2024-01-27T02:16:03Z</time></trkpt><trkpt lat="35.9241174" lon="139.2572013"><ele>482.33978399954486</ele><time>2024-01-27T02:16:21Z</time></trkpt><trkpt lat="35.9239378" lon="139.2573101"><ele>481.6621974119753</ele><time>2024-01-27T02:16:33Z</time></trkpt><trkpt lat="35.9237857" lon="139.257436"><ele>479.9239515477281</ele><time>2024-01-27T02:16:43Z</time></trkpt><trkpt lat="35.9238416" lon="139.2576485"><ele>476.84247682522147</ele><time>2024-01-27T02:17:19Z</time></trkpt><trkpt lat="35.9237903" lon="139.2578681"><ele>474.7792963818897</ele><time>2024-01-27T02:17:31Z</time></trkpt><trkpt lat="35.923636" lon="139.2579853"><ele>473.758947177763</ele><time>2024-01-27T02:17:50Z</time></trkpt><trkpt lat="35.9234902" lon="139.2581292"><ele>476.6381447439409</ele><time>2024-01-27T02:18:04Z</time></trkpt><trkpt lat="35.9234258" lon="139.2583404"><ele>477.78873004514736</ele><time>2024-01-27T02:18:37Z</time></trkpt><trkpt lat="35.9232591" lon="139.2584381"><ele>476.79253797644037</ele><time>2024-01-27T02:18:52Z</time></trkpt><trkpt lat="35.9233168" lon="139.2586511"><ele>473.8211147259517</ele><time>2024-01-27T02:19:12Z</time></trkpt><trkpt lat="35.9233428" lon="139.2588734"><ele>471.1415919353473</ele><time>2024-01-27T02:19:29Z</time></trkpt><trkpt lat="35.9232957" lon="139.2590874"><ele>469.80799770059986</ele><time>2024-01-27T02:19:42Z</time></trkpt><trkpt lat="35.9232561" lon="139.2593192"><ele>468.7135501097873</ele><time>2024-01-27T02:19:56Z</time></trkpt><trkpt lat="35.9231396" lon="139.2595044"><ele>468.29765787282787</ele><time>2024-01-27T02:20:16Z</time></trkpt><trkpt lat="35.9229644" lon="139.2594018"><ele>468.4097253389413</ele><time>2024-01-27T02:20:24Z</time></trkpt><trkpt lat="35.9228795" lon="139.2596105"><ele>468.0892317324124</ele><time>2024-01-27T02:20:41Z</time></trkpt><trkpt lat="35.9230255" lon="139.2597525"><ele>466.1636777550901</ele><time>2024-01-27T02:20:47Z</time></trkpt><trkpt lat="35.922922" lon="139.2599371"><ele>463.980630331889</ele><time>2024-01-27T02:21:02Z</time></trkpt><trkpt lat="35.922975" lon="139.2601729"><ele>461.5245112918148</ele><time>2024-01-27T02:21:22Z</time></trkpt><trkpt lat="35.923008" lon="139.260392"><ele>461.4727838855004</ele><time>2024-01-27T02:21:50Z</time></trkpt><trkpt lat="35.9229558" lon="139.260614"><ele>462.08454390930183</ele><time>2024-01-27T02:22:07Z</time></trkpt><trkpt lat="35.9228412" lon="139.2607913"><ele>462.7709500252918</ele><time>2024-01-27T02:22:23Z</time></trkpt><trkpt lat="35.922701" lon="139.2609333"><ele>463.5143951130984</ele><time>2024-01-27T02:22:44Z</time></trkpt><trkpt lat="35.9227847" lon="139.2611315"><ele>462.41259806036925</ele><time>2024-01-27T02:23:01Z</time></trkpt><trkpt lat="35.9227944" lon="139.2613733"><ele>460.5676742383924</ele><time>2024-01-27T02:23:15Z</time></trkpt><trkpt lat="35.9228823" lon="139.2615769"><ele>456.8841660145249</ele><time>2024-01-27T02:23:34Z</time></trkpt><trkpt lat="35.9229957" lon="139.2617696"><ele>456.5918362340861</ele><time>2024-01-27T02:23:51Z</time></trkpt><trkpt lat="35.923161" lon="139.2618784"><ele>455.63017974032124</ele><time>2024-01-27T02:24:41Z</time></trkpt><trkpt lat="35.9231809" lon="139.2621045"><ele>456.8428261480196</ele><time>2024-01-27T02:25:23Z</time></trkpt><trkpt lat="35.9233378" lon="139.2622169"><ele>456.3262775841693</ele><time>2024-01-27T02:26:00Z</time></trkpt><trkpt lat="35.9235214" lon="139.2622388"><ele>461.1791303339515</ele><time>2024-01-27T02:26:22Z</time></trkpt><trkpt lat="35.9237061" lon="139.2622841"><ele>464.79172400703436</ele><time>2024-01-27T02:26:37Z</time></trkpt><trkpt lat="35.9238615" lon="139.2624071"><ele>469.3744246332167</ele><time>2024-01-27T02:26:57Z</time></trkpt><trkpt lat="35.9239925" lon="139.2625636"><ele>472.6828688822536</ele><time>2024-01-27T02:27:17Z</time></trkpt><trkpt lat="35.9241214" lon="139.2627218"><ele>475.9707738662784</ele><time>2024-01-27T02:27:48Z</time></trkpt><trkpt lat="35.9242077" lon="139.2629194"><ele>477.9506278453135</ele><time>2024-01-27T02:28:06Z</time></trkpt><trkpt lat="35.9243085" lon="139.2631109"><ele>480.9952998234955</ele><time>2024-01-27T02:28:22Z</time></trkpt><trkpt lat="35.9241973" lon="139.2632941"><ele>484.2351659830322</ele><time>2024-01-27T02:28:37Z</time></trkpt><trkpt lat="35.9240704" lon="139.2634517"><ele>489.7686765662734</ele><time>2024-01-27T02:29:00Z</time></trkpt><trkpt lat="35.9238852" lon="139.2634232"><ele>494.0152989420597</ele><time>2024-01-27T02:29:29Z</time></trkpt><trkpt lat="35.9236997" lon="139.2634097"><ele>494.2635526956583</ele><time>2024-01-27T02:29:50Z</time></trkpt><trkpt lat="35.9235261" lon="139.2634805"><ele>490.3975631495876</ele><time>2024-01-27T02:30:07Z</time></trkpt><trkpt lat="35.9233655" lon="139.2635914"><ele>482.4761243496012</ele><time>2024-01-27T02:30:50Z</time></trkpt><trkpt lat="35.9232245" lon="139.2637444"><ele>476.8647986565611</ele><time>2024-01-27T02:31:07Z</time></trkpt><trkpt lat="35.9231051" lon="139.263917"><ele>468.64700178780964</ele><time>2024-01-27T02:31:33Z</time></trkpt><trkpt lat="35.9229689" lon="139.2640746"><ele>463.1950022391111</ele><time>2024-01-27T02:33:06Z</time></trkpt><trkpt lat="35.9228805" lon="139.2642697"><ele>458.96679077963364</ele><time>2024-01-27T02:33:21Z</time></trkpt><trkpt lat="35.9227139" lon="139.2643656"><ele>461.65942461458764</ele><time>2024-01-27T02:33:40Z</time></trkpt><trkpt lat="35.922534" lon="139.2644297"><ele>465.57103095275806</ele><time>2024-01-27T02:34:08Z</time></trkpt><trkpt lat="35.9223727" lon="139.2645529"><ele>469.77896746396317</ele><time>2024-01-27T02:34:22Z</time></trkpt><trkpt lat="35.9222367" lon="139.2647045"><ele>471.1805315835962</ele><time>2024-01-27T02:34:39Z</time></trkpt><trkpt lat="35.9221435" lon="139.2648976"><ele>471.98982799151673</ele><time>2024-01-27T02:34:58Z</time></trkpt><trkpt lat="35.9221058" lon="139.2651157"><ele>472.43523267060056</ele><time>2024-01-27T02:35:26Z</time></trkpt><trkpt lat="35.9220145" lon="139.2653125"><ele>471.7214888844007</ele><time>2024-01-27T02:35:41Z</time></trkpt><trkpt lat="35.9219198" lon="139.2655135"><ele>469.1179075135298</ele><time>2024-01-27T02:35:57Z</time></trkpt><trkpt lat="35.9219002" lon="139.2657354"><ele>466.96970682325536</ele><time>2024-01-27T02:36:11Z</time></trkpt><trkpt lat="35.9218779" lon="139.2659627"><ele>467.16572532489164</ele><time>2024-01-27T02:36:29Z</time></trkpt><trkpt lat="35.921738" lon="139.2661127"><ele>471.6543374874669</ele><time>2024-01-27T02:37:02Z</time></trkpt><trkpt lat="35.9217494" lon="139.2663433"><ele>475.1921590881238</ele><time>2024-01-27T02:37:18Z</time></trkpt><trkpt lat="35.9216455" lon="139.2665274"><ele>477.2475641585047</ele><time>2024-01-27T02:37:51Z</time></trkpt><trkpt lat="35.921586" lon="139.266737"><ele>476.4026221442793</ele><time>2024-01-27T02:38:21Z</time></trkpt><trkpt lat="35.9214784" lon="139.2669355"><ele>475.1058741709509</ele><time>2024-01-27T02:38:42Z</time></trkpt><trkpt lat="35.9213465" lon="139.2671054"><ele>472.3016874777977</ele><time>2024-01-27T02:38:58Z</time></trkpt><trkpt lat="35.921189" lon="139.2672387"><ele>471.2068367832465</ele><time>2024-01-27T02:39:18Z</time></trkpt><trkpt lat="35.9209992" lon="139.2672204"><ele>471.550196501406</ele><time>2024-01-27T02:39:52Z</time></trkpt><trkpt lat="35.920812" lon="139.2671684"><ele>471.61178048984493</ele><time>2024-01-27T02:41:02Z</time></trkpt><trkpt lat="35.9206226" lon="139.2671515"><ele>470.1194067197819</ele><time>2024-01-27T02:41:16Z</time></trkpt><trkpt lat="35.9204442" lon="139.2671151"><ele>467.63833726096055</ele><time>2024-01-27T02:41:36Z</time></trkpt><trkpt lat="35.9202901" lon="139.2672379"><ele>466.2666282318838</ele><time>2024-01-27T02:42:20Z</time></trkpt><trkpt lat="35.9201269" lon="139.2673594"><ele>463.4007673991761</ele><time>2024-01-27T02:42:40Z</time></trkpt><trkpt lat="35.9199708" lon="139.267513"><ele>460.7734464815234</ele><time>2024-01-27T02:42:52Z</time></trkpt><trkpt lat="35.9198145" lon="139.2676292"><ele>457.4951076919051</ele><time>2024-01-27T02:43:06Z</time></trkpt><trkpt lat="35.9196747" lon="139.2677725"><ele>454.35798945939615</ele><time>2024-01-27T02:43:24Z</time></trkpt><trkpt lat="35.9195337" lon="139.2679126"><ele>451.2689146696607</ele><time>2024-01-27T02:43:40Z</time></trkpt><trkpt lat="35.9193525" lon="139.2679181"><ele>451.40287479272564</ele><time>2024-01-27T02:43:58Z</time></trkpt><trkpt lat="35.919196" lon="139.2677981"><ele>451.9484104410383</ele><time>2024-01-27T02:44:34Z</time></trkpt><trkpt lat="35.9190952" lon="139.2676099"><ele>451.55077161883037</ele><time>2024-01-27T02:44:54Z</time></trkpt><trkpt lat="35.9189289" lon="139.267522"><ele>449.4757075434507</ele><time>2024-01-27T02:45:22Z</time></trkpt><trkpt lat="35.9187974" lon="139.2673689"><ele>446.5426357921551</ele><time>2024-01-27T02:45:37Z</time></trkpt><trkpt lat="35.9186364" lon="139.2672596"><ele>443.0847282636255</ele><time>2024-01-27T02:45:52Z</time></trkpt><trkpt lat="35.9184738" lon="139.2671123"><ele>437.3927723710608</ele><time>2024-01-27T02:46:13Z</time></trkpt><trkpt lat="35.9182313" lon="139.2669707"><ele>430.4390461868611</ele><time>2024-01-27T02:46:29Z</time></trkpt><trkpt lat="35.9180546" lon="139.2669031"><ele>426.13556016078905</ele><time>2024-01-27T02:46:55Z</time></trkpt><trkpt lat="35.9178995" lon="139.2667749"><ele>423.82258148070497</ele><time>2024-01-27T02:47:07Z</time></trkpt><trkpt lat="35.9177281" lon="139.2668523"><ele>422.26309608640366</ele><time>2024-01-27T02:47:22Z</time></trkpt><trkpt lat="35.9175919" lon="139.2670218"><ele>418.52939568033435</ele><time>2024-01-27T02:47:43Z</time></trkpt><trkpt lat="35.9174923" lon="139.2672122"><ele>416.17385297805777</ele><time>2024-01-27T02:47:56Z</time></trkpt><trkpt lat="35.9173852" lon="139.2673979"><ele>417.350971555636</ele><time>2024-01-27T02:48:56Z</time></trkpt><trkpt lat="35.9172111" lon="139.2674993"><ele>416.5589579040693</ele><time>2024-01-27T02:49:15Z</time></trkpt><trkpt lat="35.9170545" lon="139.2676118"><ele>415.71059900852765</ele><time>2024-01-27T02:49:28Z</time></trkpt><trkpt lat="35.9168762" lon="139.2675204"><ele>419.8015173507538</ele><time>2024-01-27T02:50:08Z</time></trkpt><trkpt lat="35.9168081" lon="139.2677462"><ele>428.4383319214666</ele><time>2024-01-27T02:50:34Z</time></trkpt><trkpt lat="35.9168234" lon="139.2679696"><ele>436.53648070223926</ele><time>2024-01-27T02:50:56Z</time></trkpt><trkpt lat="35.9166767" lon="139.2681035"><ele>437.74722446643904</ele><time>2024-01-27T02:51:07Z</time></trkpt><trkpt lat="35.9165264" lon="139.2682346"><ele>439.2583024085555</ele><time>2024-01-27T02:51:29Z</time></trkpt><trkpt lat="35.9164559" lon="139.2684409"><ele>439.01234910860006</ele><time>2024-01-27T02:51:43Z</time></trkpt><trkpt lat="35.9163065" lon="139.2685791"><ele>439.3788015036964</ele><time>2024-01-27T02:52:12Z</time></trkpt><trkpt lat="35.9161971" lon="139.2687602"><ele>436.3582094340975</ele><time>2024-01-27T02:52:32Z</time></trkpt><trkpt lat="35.9161129" lon="139.2689606"><ele>437.00828021733895</ele><time>2024-01-27T02:53:26Z</time></trkpt><trkpt lat="35.9160345" lon="139.2691764"><ele>437.57431650657037</ele><time>2024-01-27T02:53:44Z</time></trkpt><trkpt lat="35.9159146" lon="139.269344"><ele>441.09568823347354</ele><time>2024-01-27T02:54:00Z</time></trkpt><trkpt lat="35.9157379" lon="139.2694265"><ele>440.36775621753077</ele><time>2024-01-27T02:54:15Z</time></trkpt><trkpt lat="35.9155871" lon="139.269561"><ele>437.73401625637854</ele><time>2024-01-27T02:54:31Z</time></trkpt><trkpt lat="35.915423" lon="139.2696551"><ele>433.43035661159416</ele><time>2024-01-27T02:54:48Z</time></trkpt><trkpt lat="35.9152521" lon="139.2695791"><ele>431.6768340545641</ele><time>2024-01-27T02:55:02Z</time></trkpt><trkpt lat="35.9150823" lon="139.2696593"><ele>430.8861230778162</ele><time>2024-01-27T02:55:22Z</time></trkpt><trkpt lat="35.914913" lon="139.2697654"><ele>431.85382869617473</ele><time>2024-01-27T02:55:47Z</time></trkpt><trkpt lat="35.9147828" lon="139.2699324"><ele>431.24567397729606</ele><time>2024-01-27T02:56:22Z</time></trkpt><trkpt lat="35.9146835" lon="139.2701201"><ele>429.8607766138248</ele><time>2024-01-27T02:56:39Z</time></trkpt><trkpt lat="35.9146283" lon="139.2703415"><ele>429.3022287962198</ele><time>2024-01-27T02:57:11Z</time></trkpt><trkpt lat="35.9144395" lon="139.2703648"><ele>428.4604295082718</ele><time>2024-01-27T02:57:20Z</time></trkpt><trkpt lat="35.9143255" lon="139.2705479"><ele>425.3639589304825</ele><time>2024-01-27T02:58:01Z</time></trkpt><trkpt lat="35.9142842" lon="139.2707656"><ele>420.18140828466886</ele><time>2024-01-27T02:58:15Z</time></trkpt><trkpt lat="35.914195" lon="139.2709663"><ele>413.5714453300549</ele><time>2024-01-27T02:58:43Z</time></trkpt><trkpt lat="35.9140942" lon="139.2711582"><ele>412.73470804389916</ele><time>2024-01-27T02:59:11Z</time></trkpt><trkpt lat="35.9139454" lon="139.2712934"><ele>409.97435039769744</ele><time>2024-01-27T02:59:26Z</time></trkpt><trkpt lat="35.9138028" lon="139.271434"><ele>407.5223985957721</ele><time>2024-01-27T02:59:38Z</time></trkpt><trkpt lat="35.9136205" lon="139.2714173"><ele>401.40146182897087</ele><time>2024-01-27T02:59:54Z</time></trkpt><trkpt lat="35.9134574" lon="139.2715217"><ele>396.1187464540207</ele><time>2024-01-27T03:00:11Z</time></trkpt><trkpt lat="35.9134919" lon="139.2717398"><ele>392.58733526739235</ele><time>2024-01-27T03:00:35Z</time></trkpt><trkpt lat="35.9134849" lon="139.2719716"><ele>389.79496744484624</ele><time>2024-01-27T03:00:48Z</time></trkpt><trkpt lat="35.9134475" lon="139.2721974"><ele>386.54958302770575</ele><time>2024-01-27T03:01:03Z</time></trkpt><trkpt lat="35.9132903" lon="139.2723101"><ele>382.39357673402</ele><time>2024-01-27T03:01:20Z</time></trkpt><trkpt lat="35.9131146" lon="139.2723759"><ele>378.22959148575205</ele><time>2024-01-27T03:01:38Z</time></trkpt><trkpt lat="35.9130253" lon="139.2725735"><ele>375.94607288255276</ele><time>2024-01-27T03:02:26Z</time></trkpt><trkpt lat="35.912992" lon="139.2727914"><ele>375.8311308240393</ele><time>2024-01-27T03:02:38Z</time></trkpt><trkpt lat="35.9128591" lon="139.2729533"><ele>378.03654824528695</ele><time>2024-01-27T03:02:51Z</time></trkpt><trkpt lat="35.9127313" lon="139.2731279"><ele>380.041187425254</ele><time>2024-01-27T03:03:05Z</time></trkpt><trkpt lat="35.9126536" lon="139.2733415"><ele>378.53656587635214</ele><time>2024-01-27T03:03:21Z</time></trkpt><trkpt lat="35.9127181" lon="139.2735603"><ele>374.6339618428986</ele><time>2024-01-27T03:03:35Z</time></trkpt><trkpt lat="35.9126658" lon="139.2737792"><ele>370.7540325999552</ele><time>2024-01-27T03:04:49Z</time></trkpt><trkpt lat="35.9125237" lon="139.2739486"><ele>371.9209867261143</ele><time>2024-01-27T03:05:17Z</time></trkpt><trkpt lat="35.9124274" lon="139.2741393"><ele>375.57879117759995</ele><time>2024-01-27T03:05:33Z</time></trkpt><trkpt lat="35.912392" lon="139.2743667"><ele>376.4580214090641</ele><time>2024-01-27T03:06:39Z</time></trkpt><trkpt lat="35.9122099" lon="139.2744093"><ele>382.9109772640658</ele><time>2024-01-27T03:08:13Z</time></trkpt><trkpt lat="35.9121071" lon="139.2745967"><ele>393.1378640867226</ele><time>2024-01-27T03:10:18Z</time></trkpt><trkpt lat="35.9120436" lon="139.2748123"><ele>405.7515886262383</ele><time>2024-01-27T03:10:33Z</time></trkpt><trkpt lat="35.9119525" lon="139.2750065"><ele>412.06798723617294</ele><time>2024-01-27T03:11:12Z</time></trkpt><trkpt lat="35.9118579" lon="139.2751952"><ele>411.9184669287267</ele><time>2024-01-27T03:11:52Z</time></trkpt><trkpt lat="35.9117793" lon="139.2753967"><ele>412.71261199719885</ele><time>2024-01-27T03:12:19Z</time></trkpt><trkpt lat="35.9116915" lon="139.2755995"><ele>413.1997491865106</ele><time>2024-01-27T03:12:45Z</time></trkpt><trkpt lat="35.9116547" lon="139.275817"><ele>415.47406360090355</ele><time>2024-01-27T03:13:01Z</time></trkpt><trkpt lat="35.9115925" lon="139.276028"><ele>416.86561524736356</ele><time>2024-01-27T03:13:19Z</time></trkpt><trkpt lat="35.9116011" lon="139.2762551"><ele>420.26542573337974</ele><time>2024-01-27T03:14:47Z</time></trkpt><trkpt lat="35.9115954" lon="139.2764784"><ele>429.8406386840223</ele><time>2024-01-27T03:26:37Z</time></trkpt><trkpt lat="35.9115094" lon="139.2766789"><ele>433.5282895740201</ele><time>2024-01-27T03:34:14Z</time></trkpt><trkpt lat="35.911442" lon="139.2768925"><ele>433.8898573404622</ele><time>2024-01-27T03:34:27Z</time></trkpt><trkpt lat="35.9114059" lon="139.2771127"><ele>425.4683532245202</ele><time>2024-01-27T03:34:48Z</time></trkpt><trkpt lat="35.9114258" lon="139.2773401"><ele>424.46591310904296</ele><time>2024-01-27T03:35:03Z</time></trkpt><trkpt lat="35.9116168" lon="139.2774714"><ele>423.6384550375453</ele><time>2024-01-27T03:35:15Z</time></trkpt><trkpt lat="35.9116092" lon="139.2776983"><ele>423.92512209026296</ele><time>2024-01-27T03:35:32Z</time></trkpt><trkpt lat="35.9117457" lon="139.2778579"><ele>425.5334304334176</ele><time>2024-01-27T03:36:03Z</time></trkpt><trkpt lat="35.9116728" lon="139.2780688"><ele>428.1544217867563</ele><time>2024-01-27T03:37:51Z</time></trkpt><trkpt lat="35.9114864" lon="139.278113"><ele>429.5724084652461</ele><time>2024-01-27T03:38:23Z</time></trkpt><trkpt lat="35.9113045" lon="139.2781081"><ele>425.4658634377932</ele><time>2024-01-27T03:38:40Z</time></trkpt><trkpt lat="35.9111288" lon="139.2781662"><ele>417.67444600172524</ele><time>2024-01-27T03:39:01Z</time></trkpt><trkpt lat="35.9109419" lon="139.2782129"><ele>410.1071273621578</ele><time>2024-01-27T03:39:20Z</time></trkpt><trkpt lat="35.9107611" lon="139.2782479"><ele>404.95370682054136</ele><time>2024-01-27T03:39:45Z</time></trkpt><trkpt lat="35.9106642" lon="139.2784369"><ele>399.308333074362</ele><time>2024-01-27T03:40:13Z</time></trkpt><trkpt lat="35.9105082" lon="139.2785508"><ele>391.4667266922068</ele><time>2024-01-27T03:40:39Z</time></trkpt><trkpt lat="35.910349" lon="139.2786646"><ele>382.7577408541686</ele><time>2024-01-27T03:40:59Z</time></trkpt><trkpt lat="35.910162" lon="139.2787204"><ele>377.08282378057874</ele><time>2024-01-27T03:41:14Z</time></trkpt><trkpt lat="35.9099736" lon="139.2786706"><ele>379.06468018089845</ele><time>2024-01-27T03:41:28Z</time></trkpt><trkpt lat="35.9098047" lon="139.2785911"><ele>385.5449763303577</ele><time>2024-01-27T03:41:42Z</time></trkpt><trkpt lat="35.9097088" lon="139.2787865"><ele>393.69035386499894</ele><time>2024-01-27T03:41:52Z</time></trkpt><trkpt lat="35.9096771" lon="139.2790152"><ele>399.1688923545956</ele><time>2024-01-27T03:42:00Z</time></trkpt><trkpt lat="35.9096907" lon="139.2792399"><ele>401.15911935285294</ele><time>2024-01-27T03:42:09Z</time></trkpt><trkpt lat="35.9097569" lon="139.279475"><ele>399.8715349085555</ele><time>2024-01-27T03:42:18Z</time></trkpt><trkpt lat="35.9098451" lon="139.2796847"><ele>396.3186343057728</ele><time>2024-01-27T03:43:05Z</time></trkpt><trkpt lat="35.909911" lon="139.2798934"><ele>392.4196624380307</ele><time>2024-01-27T03:43:16Z</time></trkpt><trkpt lat="35.9097927" lon="139.2800685"><ele>389.21534575301166</ele><time>2024-01-27T03:43:27Z</time></trkpt><trkpt lat="35.909628" lon="139.2801687"><ele>389.33092906470716</ele><time>2024-01-27T03:43:44Z</time></trkpt><trkpt lat="35.9095603" lon="139.2803812"><ele>390.04433718835185</ele><time>2024-01-27T03:43:55Z</time></trkpt><trkpt lat="35.9095189" lon="139.2805999"><ele>393.27424319960346</ele><time>2024-01-27T03:44:08Z</time></trkpt><trkpt lat="35.9094029" lon="139.2807799"><ele>394.74465218771155</ele><time>2024-01-27T03:44:25Z</time></trkpt><trkpt lat="35.909363" lon="139.2810046"><ele>396.71311434039217</ele><time>2024-01-27T03:44:45Z</time></trkpt><trkpt lat="35.9092438" lon="139.2811727"><ele>398.34525451144805</ele><time>2024-01-27T03:44:53Z</time></trkpt><trkpt lat="35.9090823" lon="139.281275"><ele>400.43850518040216</ele><time>2024-01-27T03:45:02Z</time></trkpt><trkpt lat="35.908942" lon="139.2814226"><ele>400.8321512226819</ele><time>2024-01-27T03:45:14Z</time></trkpt><trkpt lat="35.9088374" lon="139.2816201"><ele>399.18687580846455</ele><time>2024-01-27T03:45:26Z</time></trkpt><trkpt lat="35.9087419" lon="139.2818253"><ele>394.4953843513878</ele><time>2024-01-27T03:45:42Z</time></trkpt><trkpt lat="35.9086619" lon="139.2820312"><ele>390.2858202859779</ele><time>2024-01-27T03:45:53Z</time></trkpt><trkpt lat="35.908546" lon="139.2822251"><ele>386.50110362141794</ele><time>2024-01-27T03:46:05Z</time></trkpt><trkpt lat="35.9083891" lon="139.2823355"><ele>384.08864304306445</ele><time>2024-01-27T03:46:18Z</time></trkpt><trkpt lat="35.9083277" lon="139.2825459"><ele>379.07261828226115</ele><time>2024-01-27T03:47:31Z</time></trkpt><trkpt lat="35.9081925" lon="139.2827113"><ele>375.06572583036797</ele><time>2024-01-27T03:47:44Z</time></trkpt><trkpt lat="35.9080647" lon="139.2828779"><ele>372.61946247576174</ele><time>2024-01-27T03:47:55Z</time></trkpt><trkpt lat="35.9079456" lon="139.2830466"><ele>373.429090737085</ele><time>2024-01-27T03:48:06Z</time></trkpt><trkpt lat="35.9078081" lon="139.2831939"><ele>373.7237741226895</ele><time>2024-01-27T03:48:18Z</time></trkpt><trkpt lat="35.9076252" lon="139.2832273"><ele>375.1746099694132</ele><time>2024-01-27T03:48:31Z</time></trkpt><trkpt lat="35.9074443" lon="139.2832438"><ele>376.065404364562</ele><time>2024-01-27T03:48:46Z</time></trkpt><trkpt lat="35.9072595" lon="139.2832404"><ele>376.10768235255546</ele><time>2024-01-27T03:49:01Z</time></trkpt><trkpt lat="35.9071154" lon="139.2830965"><ele>373.6524202285653</ele><time>2024-01-27T03:49:15Z</time></trkpt><trkpt lat="35.9072247" lon="139.2832886"><ele>368.82481277157495</ele><time>2024-01-27T03:49:54Z</time></trkpt><trkpt lat="35.9073323" lon="139.2834718"><ele>366.06058384254464</ele><time>2024-01-27T03:50:09Z</time></trkpt><trkpt lat="35.9074443" lon="139.2836609"><ele>364.1444827766904</ele><time>2024-01-27T03:50:20Z</time></trkpt><trkpt lat="35.9074818" lon="139.2838806"><ele>365.449569820209</ele><time>2024-01-27T03:50:31Z</time></trkpt><trkpt lat="35.9074397" lon="139.2841028"><ele>362.8574206655139</ele><time>2024-01-27T03:50:48Z</time></trkpt><trkpt lat="35.9072917" lon="139.2842377"><ele>360.0577828806369</ele><time>2024-01-27T03:51:03Z</time></trkpt><trkpt lat="35.9071583" lon="139.284391"><ele>357.8533017358688</ele><time>2024-01-27T03:51:20Z</time></trkpt><trkpt lat="35.9070169" lon="139.2845308"><ele>355.55891661223126</ele><time>2024-01-27T03:51:39Z</time></trkpt><trkpt lat="35.9070541" lon="139.2847774"><ele>349.80276661110764</ele><time>2024-01-27T03:52:05Z</time></trkpt><trkpt lat="35.9069943" lon="139.2849923"><ele>343.667641122044</ele><time>2024-01-27T03:52:22Z</time></trkpt><trkpt lat="35.9068329" lon="139.2851159"><ele>341.9605860461802</ele><time>2024-01-27T03:52:39Z</time></trkpt><trkpt lat="35.9066969" lon="139.2852636"><ele>346.1177889549206</ele><time>2024-01-27T03:52:54Z</time></trkpt><trkpt lat="35.906527" lon="139.2853429"><ele>350.07509470385463</ele><time>2024-01-27T03:53:10Z</time></trkpt><trkpt lat="35.9064465" lon="139.2855426"><ele>351.1467826785556</ele><time>2024-01-27T03:53:26Z</time></trkpt><trkpt lat="35.9064348" lon="139.2857723"><ele>351.8776441527013</ele><time>2024-01-27T03:53:38Z</time></trkpt><trkpt lat="35.9063568" lon="139.285981"><ele>352.66535923386135</ele><time>2024-01-27T03:53:52Z</time></trkpt><trkpt lat="35.9062126" lon="139.2861263"><ele>353.909554723414</ele><time>2024-01-27T03:54:06Z</time></trkpt><trkpt lat="35.9061173" lon="139.2863182"><ele>354.9940932716954</ele><time>2024-01-27T03:54:23Z</time></trkpt><trkpt lat="35.9059363" lon="139.2863201"><ele>356.297844921653</ele><time>2024-01-27T03:54:37Z</time></trkpt><trkpt lat="35.9057476" lon="139.2863732"><ele>358.44060560159386</ele><time>2024-01-27T03:54:54Z</time></trkpt><trkpt lat="35.9056712" lon="139.2865798"><ele>359.75990746995166</ele><time>2024-01-27T03:55:08Z</time></trkpt><trkpt lat="35.9056212" lon="139.2868027"><ele>364.54678886308847</ele><time>2024-01-27T03:55:25Z</time></trkpt><trkpt lat="35.9056079" lon="139.2870261"><ele>370.6652904114856</ele><time>2024-01-27T03:55:40Z</time></trkpt><trkpt lat="35.9055566" lon="139.2872389"><ele>377.2381707413455</ele><time>2024-01-27T03:55:56Z</time></trkpt><trkpt lat="35.9055025" lon="139.2874541"><ele>380.07165502694335</ele><time>2024-01-27T03:56:16Z</time></trkpt><trkpt lat="35.9053489" lon="139.2875791"><ele>382.17655480165143</ele><time>2024-01-27T03:56:37Z</time></trkpt><trkpt lat="35.9051791" lon="139.2876615"><ele>383.6998400681776</ele><time>2024-01-27T03:56:52Z</time></trkpt><trkpt lat="35.905059" lon="139.287841"><ele>384.8192820073803</ele><time>2024-01-27T03:57:04Z</time></trkpt><trkpt lat="35.9049952" lon="139.2880497"><ele>383.9616715494921</ele><time>2024-01-27T03:57:18Z</time></trkpt><trkpt lat="35.9048261" lon="139.2881277"><ele>382.6622487910212</ele><time>2024-01-27T03:57:32Z</time></trkpt><trkpt lat="35.9046396" lon="139.2880967"><ele>379.96623609070986</ele><time>2024-01-27T03:57:46Z</time></trkpt><trkpt lat="35.9044527" lon="139.2881341"><ele>377.0634935597366</ele><time>2024-01-27T03:58:01Z</time></trkpt><trkpt lat="35.9042566" lon="139.2881451"><ele>374.86038069866305</ele><time>2024-01-27T03:58:20Z</time></trkpt><trkpt lat="35.904076" lon="139.2881103"><ele>374.64028200600404</ele><time>2024-01-27T03:58:31Z</time></trkpt><trkpt lat="35.903896" lon="139.2880713"><ele>376.0788630187908</ele><time>2024-01-27T03:58:42Z</time></trkpt><trkpt lat="35.9037098" lon="139.288017"><ele>376.36493935801946</ele><time>2024-01-27T03:58:58Z</time></trkpt><trkpt lat="35.9035293" lon="139.2880106"><ele>376.7141079096887</ele><time>2024-01-27T03:59:21Z</time></trkpt><trkpt lat="35.9033457" lon="139.2880553"><ele>375.74720185198925</ele><time>2024-01-27T03:59:37Z</time></trkpt><trkpt lat="35.903175" lon="139.2881283"><ele>374.6010919156227</ele><time>2024-01-27T03:59:49Z</time></trkpt><trkpt lat="35.9029991" lon="139.2882144"><ele>373.28379676426243</ele><time>2024-01-27T04:00:02Z</time></trkpt><trkpt lat="35.902899" lon="139.288405"><ele>375.4094906176299</ele><time>2024-01-27T04:00:11Z</time></trkpt><trkpt lat="35.9027611" lon="139.2885711"><ele>377.4464129691243</ele><time>2024-01-27T04:00:28Z</time></trkpt><trkpt lat="35.9026636" lon="139.2887695"><ele>378.9827633987596</ele><time>2024-01-27T04:00:37Z</time></trkpt><trkpt lat="35.9025661" lon="139.2889622"><ele>374.5932271565839</ele><time>2024-01-27T04:00:53Z</time></trkpt><trkpt lat="35.902554" lon="139.2891871"><ele>370.71505461296357</ele><time>2024-01-27T04:01:06Z</time></trkpt><trkpt lat="35.9024443" lon="139.2893664"><ele>368.12546823428016</ele><time>2024-01-27T04:01:20Z</time></trkpt><trkpt lat="35.9023107" lon="139.2895332"><ele>367.32679327813094</ele><time>2024-01-27T04:01:34Z</time></trkpt><trkpt lat="35.9022605" lon="139.2897537"><ele>366.19454457637727</ele><time>2024-01-27T04:01:48Z</time></trkpt><trkpt lat="35.9023663" lon="139.2899446"><ele>363.0372517580761</ele><time>2024-01-27T04:02:01Z</time></trkpt><trkpt lat="35.9024484" lon="139.2901516"><ele>361.0140557320229</ele><time>2024-01-27T04:02:14Z</time></trkpt><trkpt lat="35.9025088" lon="139.290367"><ele>359.91291713818094</ele><time>2024-01-27T04:02:28Z</time></trkpt><trkpt lat="35.9025614" lon="139.2905935"><ele>358.77143418133625</ele><time>2024-01-27T04:02:43Z</time></trkpt><trkpt lat="35.9026525" lon="139.2907876"><ele>356.47639692236504</ele><time>2024-01-27T04:02:56Z</time></trkpt><trkpt lat="35.9028025" lon="139.2909338"><ele>355.3920379488607</ele><time>2024-01-27T04:03:09Z</time></trkpt><trkpt lat="35.9029016" lon="139.2911199"><ele>354.70022395849577</ele><time>2024-01-27T04:03:22Z</time></trkpt><trkpt lat="35.9029997" lon="139.2913127"><ele>357.25302126543335</ele><time>2024-01-27T04:03:34Z</time></trkpt><trkpt lat="35.9030849" lon="139.291516"><ele>358.2853165245146</ele><time>2024-01-27T04:03:49Z</time></trkpt><trkpt lat="35.9032087" lon="139.2916908"><ele>360.5646302276752</ele><time>2024-01-27T04:04:07Z</time></trkpt><trkpt lat="35.9033018" lon="139.2918854"><ele>360.08051707507434</ele><time>2024-01-27T04:04:20Z</time></trkpt><trkpt lat="35.9033968" lon="139.2920821"><ele>358.88616442444413</ele><time>2024-01-27T04:04:32Z</time></trkpt><trkpt lat="35.903515" lon="139.2922583"><ele>357.0475666407974</ele><time>2024-01-27T04:04:46Z</time></trkpt><trkpt lat="35.9035822" lon="139.2924888"><ele>356.26373625887305</ele><time>2024-01-27T04:05:02Z</time></trkpt><trkpt lat="35.9036504" lon="139.2927017"><ele>356.55869342458004</ele><time>2024-01-27T04:05:19Z</time></trkpt><trkpt lat="35.9035808" lon="139.2929177"><ele>356.10618848014</ele><time>2024-01-27T04:05:43Z</time></trkpt><trkpt lat="35.9034444" lon="139.2930738"><ele>357.22689262084555</ele><time>2024-01-27T04:05:55Z</time></trkpt><trkpt lat="35.9032915" lon="139.293195"><ele>360.0326731128248</ele><time>2024-01-27T04:06:20Z</time></trkpt><trkpt lat="35.9031811" lon="139.2933804"><ele>363.9419464396487</ele><time>2024-01-27T04:06:38Z</time></trkpt><trkpt lat="35.9031919" lon="139.2936091"><ele>365.9607500158609</ele><time>2024-01-27T04:06:50Z</time></trkpt><trkpt lat="35.9032709" lon="139.2938135"><ele>367.90674705907</ele><time>2024-01-27T04:07:10Z</time></trkpt><trkpt lat="35.9030906" lon="139.2938117"><ele>368.5770693125801</ele><time>2024-01-27T04:07:40Z</time></trkpt><trkpt lat="35.9029051" lon="139.2938077"><ele>368.22825604996433</ele><time>2024-01-27T04:08:06Z</time></trkpt><trkpt lat="35.902737" lon="139.2939105"><ele>365.3493123335216</ele><time>2024-01-27T04:08:26Z</time></trkpt><trkpt lat="35.9025508" lon="139.2939564"><ele>361.43670528825913</ele><time>2024-01-27T04:08:41Z</time></trkpt><trkpt lat="35.902367" lon="139.2940058"><ele>355.1459891697745</ele><time>2024-01-27T04:09:05Z</time></trkpt><trkpt lat="35.9021854" lon="139.2940467"><ele>349.00082152172666</ele><time>2024-01-27T04:09:19Z</time></trkpt><trkpt lat="35.9019976" lon="139.2940454"><ele>341.53575963209295</ele><time>2024-01-27T04:09:37Z</time></trkpt><trkpt lat="35.9018284" lon="139.2941316"><ele>339.0086397624632</ele><time>2024-01-27T04:09:58Z</time></trkpt><trkpt lat="35.9016802" lon="139.2942672"><ele>336.0190924176569</ele><time>2024-01-27T04:10:15Z</time></trkpt><trkpt lat="35.9015586" lon="139.2944344"><ele>334.6204116648482</ele><time>2024-01-27T04:10:27Z</time></trkpt><trkpt lat="35.9013887" lon="139.294526"><ele>331.3721158957012</ele><time>2024-01-27T04:10:42Z</time></trkpt><trkpt lat="35.9012841" lon="139.2947324"><ele>327.6684882837583</ele><time>2024-01-27T04:10:57Z</time></trkpt><trkpt lat="35.9011633" lon="139.2949132"><ele>324.48478709121036</ele><time>2024-01-27T04:11:43Z</time></trkpt><trkpt lat="35.9010637" lon="139.2951075"><ele>320.9881887019466</ele><time>2024-01-27T04:12:02Z</time></trkpt><trkpt lat="35.9009162" lon="139.2952603"><ele>317.9183818344765</ele><time>2024-01-27T04:12:20Z</time></trkpt><trkpt lat="35.9007784" lon="139.2954096"><ele>314.81677459098114</ele><time>2024-01-27T04:12:32Z</time></trkpt><trkpt lat="35.9006217" lon="139.2955297"><ele>314.08101918502075</ele><time>2024-01-27T04:12:45Z</time></trkpt><trkpt lat="35.9004994" lon="139.2957042"><ele>313.3476480440798</ele><time>2024-01-27T04:13:00Z</time></trkpt><trkpt lat="35.9004462" lon="139.2959269"><ele>314.8573910261531</ele><time>2024-01-27T04:13:18Z</time></trkpt><trkpt lat="35.9002878" lon="139.2960711"><ele>315.71997896597696</ele><time>2024-01-27T04:13:33Z</time></trkpt><trkpt lat="35.9000984" lon="139.2961362"><ele>315.98793338199283</ele><time>2024-01-27T04:13:48Z</time></trkpt><trkpt lat="35.8999166" lon="139.2961988"><ele>312.6164608800213</ele><time>2024-01-27T04:14:05Z</time></trkpt><trkpt lat="35.8997745" lon="139.2963399"><ele>307.21954166573624</ele><time>2024-01-27T04:14:18Z</time></trkpt><trkpt lat="35.8996024" lon="139.2964239"><ele>302.6782487317611</ele><time>2024-01-27T04:14:34Z</time></trkpt><trkpt lat="35.8994824" lon="139.2966043"><ele>299.58554864675267</ele><time>2024-01-27T04:14:50Z</time></trkpt><trkpt lat="35.8993679" lon="139.2967817"><ele>296.3679810662224</ele><time>2024-01-27T04:15:04Z</time></trkpt><trkpt lat="35.8993597" lon="139.297004"><ele>293.02635347279147</ele><time>2024-01-27T04:15:18Z</time></trkpt><trkpt lat="35.8992966" lon="139.2972124"><ele>291.3960027969288</ele><time>2024-01-27T04:15:28Z</time></trkpt><trkpt lat="35.8992497" lon="139.2974318"><ele>289.48812809507757</ele><time>2024-01-27T04:15:44Z</time></trkpt><trkpt lat="35.8992692" lon="139.2976836"><ele>288.5418989470022</ele><time>2024-01-27T04:16:01Z</time></trkpt><trkpt lat="35.8992909" lon="139.2979236"><ele>286.60109116578366</ele><time>2024-01-27T04:16:13Z</time></trkpt><trkpt lat="35.8991713" lon="139.2981121"><ele>292.1613699287143</ele><time>2024-01-27T04:16:30Z</time></trkpt><trkpt lat="35.8992071" lon="139.2983315"><ele>293.269400524221</ele><time>2024-01-27T04:17:54Z</time></trkpt><trkpt lat="35.8991211" lon="139.2985424"><ele>294.9239294037654</ele><time>2024-01-27T04:18:06Z</time></trkpt><trkpt lat="35.8989466" lon="139.2986303"><ele>292.2090900130859</ele><time>2024-01-27T04:18:18Z</time></trkpt><trkpt lat="35.8987657" lon="139.2986766"><ele>293.83539862568483</ele><time>2024-01-27T04:18:32Z</time></trkpt><trkpt lat="35.8986435" lon="139.2988513"><ele>294.62284826457176</ele><time>2024-01-27T04:18:45Z</time></trkpt><trkpt lat="35.8985191" lon="139.2990349"><ele>294.17070011396225</ele><time>2024-01-27T04:18:58Z</time></trkpt><trkpt lat="35.8983322" lon="139.2990009"><ele>294.43406522644324</ele><time>2024-01-27T04:19:10Z</time></trkpt><trkpt lat="35.8981879" lon="139.298864"><ele>295.24638864206173</ele><time>2024-01-27T04:19:23Z</time></trkpt><trkpt lat="35.8980087" lon="139.2988372"><ele>296.25699214337163</ele><time>2024-01-27T04:19:35Z</time></trkpt><trkpt lat="35.89787" lon="139.2989907"><ele>297.6180182299704</ele><time>2024-01-27T04:19:59Z</time></trkpt><trkpt lat="35.8977604" lon="139.2991728"><ele>299.5603065680969</ele><time>2024-01-27T04:20:09Z</time></trkpt><trkpt lat="35.8976471" lon="139.2993616"><ele>303.35207858646635</ele><time>2024-01-27T04:20:20Z</time></trkpt><trkpt lat="35.8975548" lon="139.299559"><ele>307.2484682361842</ele><time>2024-01-27T04:20:30Z</time></trkpt><trkpt lat="35.8974536" lon="139.2997453"><ele>309.98713828870484</ele><time>2024-01-27T04:20:41Z</time></trkpt><trkpt lat="35.8973018" lon="139.2998826"><ele>311.1546612794527</ele><time>2024-01-27T04:20:54Z</time></trkpt><trkpt lat="35.8971603" lon="139.2997367"><ele>313.0383867410126</ele><time>2024-01-27T04:21:08Z</time></trkpt><trkpt lat="35.8971284" lon="139.2995138"><ele>315.8392635329578</ele><time>2024-01-27T04:21:24Z</time></trkpt><trkpt lat="35.8969526" lon="139.2994599"><ele>316.01823586095867</ele><time>2024-01-27T04:21:39Z</time></trkpt><trkpt lat="35.896908" lon="139.2996872"><ele>313.2447724554209</ele><time>2024-01-27T04:21:52Z</time></trkpt><trkpt lat="35.89677" lon="139.2998344"><ele>310.4769181791464</ele><time>2024-01-27T04:22:05Z</time></trkpt><trkpt lat="35.8966101" lon="139.2999553"><ele>309.09920958471156</ele><time>2024-01-27T04:22:18Z</time></trkpt><trkpt lat="35.8966291" lon="139.3001859"><ele>308.1059543691878</ele><time>2024-01-27T04:22:35Z</time></trkpt><trkpt lat="35.8965085" lon="139.3003575"><ele>306.625556284226</ele><time>2024-01-27T04:22:48Z</time></trkpt><trkpt lat="35.8963805" lon="139.3005295"><ele>306.7622628076451</ele><time>2024-01-27T04:23:03Z</time></trkpt><trkpt lat="35.896201" lon="139.3004851"><ele>308.0474597709469</ele><time>2024-01-27T04:23:11Z</time></trkpt><trkpt lat="35.8960929" lon="139.3003001"><ele>309.82149188745734</ele><time>2024-01-27T04:23:24Z</time></trkpt><trkpt lat="35.8959091" lon="139.3003271"><ele>308.556619605589</ele><time>2024-01-27T04:23:38Z</time></trkpt><trkpt lat="35.8957613" lon="139.3004639"><ele>303.63334398668127</ele><time>2024-01-27T04:23:52Z</time></trkpt><trkpt lat="35.895581" lon="139.3004744"><ele>298.03184690607424</ele><time>2024-01-27T04:24:03Z</time></trkpt><trkpt lat="35.8954931" lon="139.3006685"><ele>293.350014759789</ele><time>2024-01-27T04:24:19Z</time></trkpt><trkpt lat="35.8953496" lon="139.3008241"><ele>291.79821547363616</ele><time>2024-01-27T04:24:30Z</time></trkpt><trkpt lat="35.8951702" lon="139.3009087"><ele>287.8449195010685</ele><time>2024-01-27T04:24:48Z</time></trkpt><trkpt lat="35.895109" lon="139.3011199"><ele>283.17882147541036</ele><time>2024-01-27T04:25:05Z</time></trkpt><trkpt lat="35.8951697" lon="139.3013335"><ele>278.32948519266125</ele><time>2024-01-27T04:25:19Z</time></trkpt><trkpt lat="35.8951487" lon="139.3015686"><ele>276.6498000038861</ele><time>2024-01-27T04:25:41Z</time></trkpt><trkpt lat="35.8949962" lon="139.3016955"><ele>274.8786427727987</ele><time>2024-01-27T04:26:02Z</time></trkpt><trkpt lat="35.8948566" lon="139.3018438"><ele>271.4988982470474</ele><time>2024-01-27T04:26:19Z</time></trkpt><trkpt lat="35.8948133" lon="139.3020665"><ele>267.5852070684843</ele><time>2024-01-27T04:26:37Z</time></trkpt><trkpt lat="35.8946865" lon="139.3022271"><ele>264.25014608220937</ele><time>2024-01-27T04:26:49Z</time></trkpt><trkpt lat="35.8945854" lon="139.3024185"><ele>261.7026724137415</ele><time>2024-01-27T04:27:08Z</time></trkpt><trkpt lat="35.8945668" lon="139.3026431"><ele>257.6224605439714</ele><time>2024-01-27T04:27:29Z</time></trkpt><trkpt lat="35.8945068" lon="139.3028634"><ele>254.84687267428504</ele><time>2024-01-27T04:27:40Z</time></trkpt><trkpt lat="35.8944011" lon="139.3030499"><ele>254.9530222168688</ele><time>2024-01-27T04:28:03Z</time></trkpt><trkpt lat="35.8943534" lon="139.3032641"><ele>257.44842168276654</ele><time>2024-01-27T04:28:15Z</time></trkpt><trkpt lat="35.8942386" lon="139.303436"><ele>259.5435057126972</ele><time>2024-01-27T04:28:59Z</time></trkpt><trkpt lat="35.8941113" lon="139.3035965"><ele>261.32248620782076</ele><time>2024-01-27T04:29:48Z</time></trkpt><trkpt lat="35.8940329" lon="139.3037987"><ele>264.3532054288488</ele><time>2024-01-27T04:30:13Z</time></trkpt><trkpt lat="35.8939464" lon="139.3040092"><ele>268.3184882520574</ele><time>2024-01-27T04:30:24Z</time></trkpt><trkpt lat="35.8938562" lon="139.3042142"><ele>273.59442895547335</ele><time>2024-01-27T04:31:12Z</time></trkpt><trkpt lat="35.8938051" lon="139.304427"><ele>280.0752559350043</ele><time>2024-01-27T04:32:00Z</time></trkpt><trkpt lat="35.8937613" lon="139.3046451"><ele>289.6215252722852</ele><time>2024-01-27T04:32:54Z</time></trkpt><trkpt lat="35.8937969" lon="139.3048762"><ele>296.85942059594754</ele><time>2024-01-27T04:33:15Z</time></trkpt><trkpt lat="35.8936649" lon="139.3050505"><ele>301.32000165033367</ele><time>2024-01-27T04:37:56Z</time></trkpt><trkpt lat="35.8935191" lon="139.3049146"><ele>297.41497380339723</ele><time>2024-01-27T04:38:29Z</time></trkpt><trkpt lat="35.8933552" lon="139.3048023"><ele>292.119128353474</ele><time>2024-01-27T04:38:54Z</time></trkpt><trkpt lat="35.8931979" lon="139.3046907"><ele>286.0904991773129</ele><time>2024-01-27T04:39:03Z</time></trkpt><trkpt lat="35.8930145" lon="139.3047052"><ele>247.02123694381976</ele><time>2024-01-27T04:39:18Z</time></trkpt><trkpt lat="35.8928421" lon="139.3046164"><ele>244.3485156977412</ele><time>2024-01-27T04:39:32Z</time></trkpt><trkpt lat="35.8926715" lon="139.3045403"><ele>206.43652464272634</ele><time>2024-01-27T04:39:52Z</time></trkpt><trkpt lat="35.8927254" lon="139.3043188"><ele>208.87012777998106</ele><time>2024-01-27T04:40:48Z</time></trkpt><trkpt lat="35.8926" lon="139.3044862"><ele>173.18515801374784</ele><time>2024-01-27T04:41:53Z</time></trkpt><trkpt lat="35.8925217" lon="139.3046965"><ele>173.18506469370803</ele><time>2024-01-27T04:42:17Z</time></trkpt><trkpt lat="35.8923619" lon="139.3045934"><ele>199.509435555731</ele><time>2024-01-27T04:42:47Z</time></trkpt><trkpt lat="35.892176" lon="139.304612"><ele>226.60112395465035</ele><time>2024-01-27T04:44:10Z</time></trkpt><trkpt lat="35.8919688" lon="139.3046754"><ele>197.2678388228774</ele><time>2024-01-27T04:44:57Z</time></trkpt><trkpt lat="35.892147" lon="139.3047725"><ele>147.14320205298728</ele><time>2024-01-27T04:45:35Z</time></trkpt><trkpt lat="35.8923145" lon="139.3048551"><ele>98.684620435013</ele><time>2024-01-27T04:45:54Z</time></trkpt><trkpt lat="35.8924547" lon="139.3050013"><ele>106.65104161340552</ele><time>2024-01-27T04:46:10Z</time></trkpt><trkpt lat="35.8925981" lon="139.3051398"><ele>106.65077591924633</ele><time>2024-01-27T04:46:23Z</time></trkpt><trkpt lat="35.8926947" lon="139.3053351"><ele>106.65044092117</ele><time>2024-01-27T04:46:35Z</time></trkpt><trkpt lat="35.8927168" lon="139.3055678"><ele>106.65005635899358</ele><time>2024-01-27T04:46:54Z</time></trkpt><trkpt lat="35.8927057" lon="139.3057904"><ele>106.64962571178609</ele><time>2024-01-27T04:47:10Z</time></trkpt><trkpt lat="35.8925559" lon="139.305918"><ele>148.92795971592636</ele><time>2024-01-27T04:47:54Z</time></trkpt><trkpt lat="35.8923771" lon="139.3058819"><ele>187.26072002793092</ele><time>2024-01-27T04:48:44Z</time></trkpt><trkpt lat="35.892188" lon="139.3058845"><ele>223.0776423820804</ele><time>2024-01-27T04:49:02Z</time></trkpt><trkpt lat="35.8920015" lon="139.3058957"><ele>214.52194167991357</ele><time>2024-01-27T04:49:18Z</time></trkpt><trkpt lat="35.8918174" lon="139.3058926"><ele>208.5130133370457</ele><time>2024-01-27T04:49:37Z</time></trkpt><trkpt lat="35.8916399" lon="139.3059522"><ele>203.6741316309177</ele><time>2024-01-27T04:49:57Z</time></trkpt><trkpt lat="35.8914646" lon="139.3060204"><ele>199.50143095869043</ele><time>2024-01-27T04:50:13Z</time></trkpt><trkpt lat="35.8913503" lon="139.3061978"><ele>194.4127144599606</ele><time>2024-01-27T04:50:31Z</time></trkpt><trkpt lat="35.8911884" lon="139.3063021"><ele>190.4329153144904</ele><time>2024-01-27T04:50:43Z</time></trkpt><trkpt lat="35.8910493" lon="139.306462"><ele>186.5970967258207</ele><time>2024-01-27T04:51:01Z</time></trkpt><trkpt lat="35.8908569" lon="139.3065405"><ele>184.79841561624866</ele><time>2024-01-27T04:51:29Z</time></trkpt><trkpt lat="35.8906838" lon="139.3066375"><ele>182.5501546538067</ele><time>2024-01-27T04:51:38Z</time></trkpt><trkpt lat="35.8905146" lon="139.3067355"><ele>180.13921594887634</ele><time>2024-01-27T04:51:50Z</time></trkpt><trkpt lat="35.890338" lon="139.3067871"><ele>176.5451273913568</ele><time>2024-01-27T04:52:03Z</time></trkpt><trkpt lat="35.8901654" lon="139.3068597"><ele>172.93907141351403</ele><time>2024-01-27T04:52:17Z</time></trkpt><trkpt lat="35.8900263" lon="139.3070051"><ele>169.3003082264686</ele><time>2024-01-27T04:52:34Z</time></trkpt><trkpt lat="35.8899844" lon="139.3072243"><ele>165.67330885983753</ele><time>2024-01-27T04:52:49Z</time></trkpt><trkpt lat="35.8899268" lon="139.3074361"><ele>163.15664447248483</ele><time>2024-01-27T04:53:00Z</time></trkpt><trkpt lat="35.8898521" lon="139.3076737"><ele>162.4286119885016</ele><time>2024-01-27T04:53:15Z</time></trkpt><trkpt lat="35.8898554" lon="139.3078991"><ele>162.50259531306065</ele><time>2024-01-27T04:53:22Z</time></trkpt><trkpt lat="35.8898595" lon="139.3081241"><ele>162.2365195511476</ele><time>2024-01-27T04:53:38Z</time></trkpt><trkpt lat="35.8899172" lon="139.3083624"><ele>159.61439839263107</ele><time>2024-01-27T04:53:51Z</time></trkpt><trkpt lat="35.8899784" lon="139.3085785"><ele>154.91041218501638</ele><time>2024-01-27T04:54:03Z</time></trkpt><trkpt lat="35.8900722" lon="139.3087914"><ele>147.8594042906383</ele><time>2024-01-27T04:54:17Z</time></trkpt><trkpt lat="35.8899313" lon="139.3089311"><ele>143.34509196075257</ele><time>2024-01-27T04:54:26Z</time></trkpt><trkpt lat="35.8897807" lon="139.3088024"><ele>141.27378648628502</ele><time>2024-01-27T04:54:46Z</time></trkpt><trkpt lat="35.8896191" lon="139.3086701"><ele>127.89521046661865</ele><time>2024-01-27T04:55:01Z</time></trkpt><trkpt lat="35.8894379" lon="139.3086522"><ele>113.95992177231096</ele><time>2024-01-27T04:55:17Z</time></trkpt><trkpt lat="35.8892524" lon="139.3086395"><ele>101.47737808041688</ele><time>2024-01-27T04:55:29Z</time></trkpt><trkpt lat="35.8892702" lon="139.3088622"><ele>101.91060176312136</ele><time>2024-01-27T04:55:57Z</time></trkpt><trkpt lat="35.8892119" lon="139.3090868"><ele>102.41032479654432</ele><time>2024-01-27T04:56:10Z</time></trkpt><trkpt lat="35.8890364" lon="139.3089902"><ele>101.27677143050056</ele><time>2024-01-27T04:56:18Z</time></trkpt><trkpt lat="35.8888847" lon="139.3088431"><ele>101.31013742124547</ele><time>2024-01-27T04:56:31Z</time></trkpt><trkpt lat="35.8886981" lon="139.3088573"><ele>104.73769159580287</ele><time>2024-01-27T04:56:45Z</time></trkpt><trkpt lat="35.8885125" lon="139.3088646"><ele>104.73779919023109</ele><time>2024-01-27T04:56:58Z</time></trkpt><trkpt lat="35.8883475" lon="139.3089929"><ele>104.20438940346658</ele><time>2024-01-27T04:57:10Z</time></trkpt><trkpt lat="35.8882651" lon="139.3091957"><ele>101.4434731149099</ele><time>2024-01-27T04:57:20Z</time></trkpt><trkpt lat="35.8880911" lon="139.309272"><ele>101.44322192262719</ele><time>2024-01-27T04:57:38Z</time></trkpt><trkpt lat="35.8879047" lon="139.3092898"><ele>101.47638025668125</ele><time>2024-01-27T04:57:53Z</time></trkpt><trkpt lat="35.8877416" lon="139.3093951"><ele>100.34294015434334</ele><time>2024-01-27T04:58:01Z</time></trkpt><trkpt lat="35.8875584" lon="139.3094435"><ele>100.00951682081131</ele><time>2024-01-27T04:58:18Z</time></trkpt><trkpt lat="35.887376" lon="139.309379"><ele>99.47614602943334</ele><time>2024-01-27T04:58:30Z</time></trkpt><trkpt lat="35.8871951" lon="139.3094194"><ele>99.47615451809891</ele><time>2024-01-27T04:58:42Z</time></trkpt><trkpt lat="35.8870036" lon="139.3094505"><ele>96.94283948112354</ele><time>2024-01-27T04:58:53Z</time></trkpt><trkpt lat="35.8868104" lon="139.3094143"><ele>95.94948414222415</ele><time>2024-01-27T04:59:06Z</time></trkpt><trkpt lat="35.8866225" lon="139.3094133"><ele>93.24951202951566</ele><time>2024-01-27T04:59:13Z</time></trkpt><trkpt lat="35.8864424" lon="139.3094231"><ele>93.21622027815461</ele><time>2024-01-27T04:59:27Z</time></trkpt><trkpt lat="35.886266" lon="139.3093601"><ele>90.70963848810406</ele><time>2024-01-27T04:59:41Z</time></trkpt><trkpt lat="35.8860817" lon="139.3093376"><ele>89.37638029616711</ele><time>2024-01-27T04:59:52Z</time></trkpt><trkpt lat="35.8859125" lon="139.3092195"><ele>88.27654479461796</ele><time>2024-01-27T05:01:15Z</time></trkpt><trkpt lat="35.8858097" lon="139.3090211"><ele>88.31012822773141</ele><time>2024-01-27T05:01:24Z</time></trkpt><trkpt lat="35.885871" lon="139.3087985"><ele>88.37716497085604</ele><time>2024-01-27T05:01:35Z</time></trkpt><trkpt lat="35.8858139" lon="139.3085824"><ele>88.4109271114513</ele><time>2024-01-27T05:01:49Z</time></trkpt><trkpt lat="35.8857214" lon="139.3083678"><ele>88.44469985423957</ele><time>2024-01-27T05:02:08Z</time></trkpt><trkpt lat="35.8857845" lon="139.3081362"><ele>88.94514821208448</ele><time>2024-01-27T05:02:16Z</time></trkpt><trkpt lat="35.8857313" lon="139.3079186"><ele>89.4789329020037</ele><time>2024-01-27T05:02:27Z</time></trkpt><trkpt lat="35.8856342" lon="139.3077296"><ele>90.01270084503051</ele><time>2024-01-27T05:02:42Z</time></trkpt><trkpt lat="35.8855696" lon="139.307522"><ele>90.04645903196365</ele><time>2024-01-27T05:02:56Z</time></trkpt><trkpt lat="35.8855914" lon="139.307302"><ele>90.04687986833783</ele><time>2024-01-27T05:03:07Z</time></trkpt><trkpt lat="35.8854294" lon="139.3071997"><ele>90.84724397732451</ele><time>2024-01-27T05:03:15Z</time></trkpt><trkpt lat="35.8852491" lon="139.3072762"><ele>91.64742325867401</ele><time>2024-01-27T05:03:24Z</time></trkpt><trkpt lat="35.8850724" lon="139.3073455"><ele>92.4474182849749</ele><time>2024-01-27T05:03:34Z</time></trkpt><trkpt lat="35.8848978" lon="139.3074006"><ele>92.880644496818</ele><time>2024-01-27T05:03:47Z</time></trkpt><trkpt lat="35.8847102" lon="139.3074331"><ele>93.28056514746497</ele><time>2024-01-27T05:03:58Z</time></trkpt><trkpt lat="35.8845278" lon="139.3073784"><ele>93.28057052799632</ele><time>2024-01-27T05:04:10Z</time></trkpt><trkpt lat="35.8843141" lon="139.3073398"><ele>91.73229099107436</ele><time>2024-01-27T05:04:22Z</time></trkpt><trkpt lat="35.884126" lon="139.3073467"><ele>92.974973162931</ele><time>2024-01-27T05:04:38Z</time></trkpt><trkpt lat="35.8839416" lon="139.3073645"><ele>93.22101945449629</ele><time>2024-01-27T05:04:51Z</time></trkpt><trkpt lat="35.8838312" lon="139.3071785"><ele>97.13617165961523</ele><time>2024-01-27T05:05:07Z</time></trkpt><trkpt lat="35.8837406" lon="139.3069806"><ele>98.29384840874847</ele><time>2024-01-27T05:05:20Z</time></trkpt><trkpt lat="35.883765" lon="139.3067536"><ele>101.04826314046487</ele><time>2024-01-27T05:05:31Z</time></trkpt><trkpt lat="35.8836931" lon="139.3065429"><ele>100.94869908242997</ele><time>2024-01-27T05:05:54Z</time></trkpt><trkpt lat="35.8835413" lon="139.3063778"><ele>100.84911630889754</ele><time>2024-01-27T05:06:07Z</time></trkpt><trkpt lat="35.8834796" lon="139.3061236"><ele>100.5495597095916</ele><time>2024-01-27T05:06:20Z</time></trkpt><trkpt lat="35.8833624" lon="139.305935"><ele>100.54998885061134</ele><time>2024-01-27T05:06:29Z</time></trkpt><trkpt lat="35.8832793" lon="139.3061318"><ele>100.85019952789789</ele><time>2024-01-27T05:06:43Z</time></trkpt><trkpt lat="35.8831732" lon="139.3059446"><ele>101.15043000822284</ele><time>2024-01-27T05:06:48Z</time></trkpt><trkpt lat="35.8831672" lon="139.3057198"><ele>101.45068206153492</ele><time>2024-01-27T05:07:01Z</time></trkpt><trkpt lat="35.8831011" lon="139.3055106"><ele>101.68454863928399</ele><time>2024-01-27T05:07:16Z</time></trkpt><trkpt lat="35.88311" lon="139.3052852"><ele>101.65170372604116</ele><time>2024-01-27T05:07:33Z</time></trkpt><trkpt lat="35.8829985" lon="139.3051037"><ele>101.61889624057568</ele><time>2024-01-27T05:07:44Z</time></trkpt><trkpt lat="35.882892" lon="139.3049191"><ele>102.38609462970813</ele><time>2024-01-27T05:07:56Z</time></trkpt><trkpt lat="35.88271" lon="139.3048788"><ele>103.38662089743805</ele><time>2024-01-27T05:08:09Z</time></trkpt><trkpt lat="35.8826128" lon="139.3046865"><ele>104.92047400977964</ele><time>2024-01-27T05:08:21Z</time></trkpt><trkpt lat="35.8824377" lon="139.3046075"><ele>106.55430430433984</ele><time>2024-01-27T05:08:34Z</time></trkpt><trkpt lat="35.8822746" lon="139.3044761"><ele>108.08817594896543</ele><time>2024-01-27T05:08:48Z</time></trkpt><trkpt lat="35.8821101" lon="139.3043698"><ele>109.08870069439028</ele><time>2024-01-27T05:08:59Z</time></trkpt><trkpt lat="35.8819113" lon="139.3043885"><ele>111.6845115458476</ele><time>2024-01-27T05:09:10Z</time></trkpt><trkpt lat="35.8817823" lon="139.3042244"><ele>112.15165395137234</ele><time>2024-01-27T05:09:24Z</time></trkpt></trkseg></trk></gpx>