<?xml version='1.0' encoding='UTF-8'?><gpx creator="YAMAP - https://yamap.com" xsi:schemaLocation="http://www.topografix.com/GPX/1/1 http://www.topografix.com/GPX/1/1/gpx.xsd" version="1.1" xmlns="http://www.topografix.com/GPX/1/1" xmlns:xsi="http://www.w3.org/2001/XMLSchema-instance"><metadata><bounds maxlat="35.8758542" maxlon="139.3284011" minlat="35.8364811" minlon="139.1591457"/></metadata><trk><name>飯能新緑ツーデーマーチ2日目 30km</name><number>1</number><trkseg><trkpt lat="35.8745988" lon="139.1762038"><ele>307.8590025808645</ele><time>2024-05-25T22:29:49Z</time></trkpt><trkpt lat="35.8746973" lon="139.1759843"><ele>314.8417973951268</ele><time>2024-05-25T22:30:28Z</time></trkpt><trkpt lat="35.874803" lon="139.1757458"><ele>317.34319277523724</ele><time>2024-05-25T22:30:40Z</time></trkpt><trkpt lat="35.8749106" lon="139.1755381"><ele>322.43875142335213</ele><time>2024-05-25T22:30:52Z</time></trkpt><trkpt lat="35.8750262" lon="139.1753356"><ele>322.3285664751183</ele><time>2024-05-25T22:31:06Z</time></trkpt><trkpt lat="35.8751568" lon="139.1751005"><ele>321.4223064124507</ele><time>2024-05-25T22:31:21Z</time></trkpt><trkpt lat="35.8752554" lon="139.1748366"><ele>319.89130628939375</ele><time>2024-05-25T22:31:36Z</time></trkpt><trkpt lat="35.8753231" lon="139.1745763"><ele>319.0069559502865</ele><time>2024-05-25T22:31:45Z</time></trkpt><trkpt lat="35.8753484" lon="139.1743161"><ele>319.1023706835239</ele><time>2024-05-25T22:32:06Z</time></trkpt><trkpt lat="35.875325" lon="139.1740724"><ele>320.295253625389</ele><time>2024-05-25T22:32:21Z</time></trkpt><trkpt lat="35.8753118" lon="139.1738417"><ele>321.08998675671495</ele><time>2024-05-25T22:32:36Z</time></trkpt><trkpt lat="35.8752714" lon="139.1735711"><ele>322.4365239600739</ele><time>2024-05-25T22:32:51Z</time></trkpt><trkpt lat="35.8751726" lon="139.1733626"><ele>320.85768082609667</ele><time>2024-05-25T22:33:08Z</time></trkpt><trkpt lat="35.8751047" lon="139.173148"><ele>319.1860630848363</ele><time>2024-05-25T22:33:20Z</time></trkpt><trkpt lat="35.8750042" lon="139.1729232"><ele>318.43293325298697</ele><time>2024-05-25T22:33:37Z</time></trkpt><trkpt lat="35.8748382" lon="139.1727705"><ele>318.1194133008753</ele><time>2024-05-25T22:33:49Z</time></trkpt><trkpt lat="35.8747191" lon="139.1725425"><ele>319.77434892792456</ele><time>2024-05-25T22:34:04Z</time></trkpt><trkpt lat="35.8747431" lon="139.1723131"><ele>318.64816719189747</ele><time>2024-05-25T22:34:19Z</time></trkpt><trkpt lat="35.8747111" lon="139.1720683"><ele>320.41542237727606</ele><time>2024-05-25T22:34:36Z</time></trkpt><trkpt lat="35.8747389" lon="139.1718385"><ele>321.0530599540487</ele><time>2024-05-25T22:34:48Z</time></trkpt><trkpt lat="35.8747869" lon="139.1716226"><ele>323.2070989086237</ele><time>2024-05-25T22:34:59Z</time></trkpt><trkpt lat="35.8748629" lon="139.1714156"><ele>323.0468546069903</ele><time>2024-05-25T22:35:11Z</time></trkpt><trkpt lat="35.8749854" lon="139.1711528"><ele>322.45315871317086</ele><time>2024-05-25T22:35:25Z</time></trkpt><trkpt lat="35.8750932" lon="139.1709284"><ele>321.26252863519784</ele><time>2024-05-25T22:35:39Z</time></trkpt><trkpt lat="35.8752142" lon="139.1707348"><ele>321.0618038583034</ele><time>2024-05-25T22:35:54Z</time></trkpt><trkpt lat="35.8753502" lon="139.1705806"><ele>321.7357187970368</ele><time>2024-05-25T22:36:06Z</time></trkpt><trkpt lat="35.8754852" lon="139.1703715"><ele>322.58264537604737</ele><time>2024-05-25T22:36:17Z</time></trkpt><trkpt lat="35.8756191" lon="139.1701914"><ele>322.7199528650267</ele><time>2024-05-25T22:36:30Z</time></trkpt><trkpt lat="35.8757427" lon="139.16997"><ele>321.4440616660468</ele><time>2024-05-25T22:36:46Z</time></trkpt><trkpt lat="35.875807" lon="139.1697317"><ele>319.5208336588585</ele><time>2024-05-25T22:36:58Z</time></trkpt><trkpt lat="35.87585" lon="139.1694815"><ele>317.80663935904676</ele><time>2024-05-25T22:37:13Z</time></trkpt><trkpt lat="35.8758542" lon="139.1692565"><ele>316.7547070923102</ele><time>2024-05-25T22:37:22Z</time></trkpt><trkpt lat="35.8758408" lon="139.1690252"><ele>316.2277108312924</ele><time>2024-05-25T22:37:40Z</time></trkpt><trkpt lat="35.8758296" lon="139.1687449"><ele>317.40760657054483</ele><time>2024-05-25T22:37:52Z</time></trkpt><trkpt lat="35.875834" lon="139.1684932"><ele>317.07933733736587</ele><time>2024-05-25T22:38:06Z</time></trkpt><trkpt lat="35.875716" lon="139.1683028"><ele>317.70245395512785</ele><time>2024-05-25T22:38:18Z</time></trkpt><trkpt lat="35.8756479" lon="139.1680779"><ele>316.4369630172993</ele><time>2024-05-25T22:38:29Z</time></trkpt><trkpt lat="35.8755338" lon="139.1678933"><ele>316.71244165873446</ele><time>2024-05-25T22:38:42Z</time></trkpt><trkpt lat="35.8753841" lon="139.1677386"><ele>318.0527928172889</ele><time>2024-05-25T22:38:53Z</time></trkpt><trkpt lat="35.8753197" lon="139.1674742"><ele>320.25308513132137</ele><time>2024-05-25T22:39:10Z</time></trkpt><trkpt lat="35.8751652" lon="139.1673017"><ele>322.2865943628753</ele><time>2024-05-25T22:39:20Z</time></trkpt><trkpt lat="35.8751697" lon="139.1670443"><ele>322.2872356900328</ele><time>2024-05-25T22:39:34Z</time></trkpt><trkpt lat="35.8751737" lon="139.1668205"><ele>324.7658667593375</ele><time>2024-05-25T22:39:46Z</time></trkpt><trkpt lat="35.8752182" lon="139.166586"><ele>326.07775081607406</ele><time>2024-05-25T22:40:01Z</time></trkpt><trkpt lat="35.8752978" lon="139.166356"><ele>325.7200694723774</ele><time>2024-05-25T22:40:16Z</time></trkpt><trkpt lat="35.8753366" lon="139.1661019"><ele>321.8084140348007</ele><time>2024-05-25T22:40:30Z</time></trkpt><trkpt lat="35.8753686" lon="139.1658187"><ele>319.43909731395297</ele><time>2024-05-25T22:40:45Z</time></trkpt><trkpt lat="35.8753464" lon="139.1655987"><ele>320.9556487234865</ele><time>2024-05-25T22:40:53Z</time></trkpt><trkpt lat="35.8753566" lon="139.1653184"><ele>323.2360853846338</ele><time>2024-05-25T22:41:07Z</time></trkpt><trkpt lat="35.8753958" lon="139.1651021"><ele>324.51631449182065</ele><time>2024-05-25T22:41:16Z</time></trkpt><trkpt lat="35.875472" lon="139.1648489"><ele>323.02138845590616</ele><time>2024-05-25T22:41:35Z</time></trkpt><trkpt lat="35.8754857" lon="139.1646234"><ele>322.43332978773054</ele><time>2024-05-25T22:41:43Z</time></trkpt><trkpt lat="35.8754813" lon="139.1643458"><ele>322.23917899070443</ele><time>2024-05-25T22:41:56Z</time></trkpt><trkpt lat="35.8754203" lon="139.1640891"><ele>323.1675026986281</ele><time>2024-05-25T22:42:09Z</time></trkpt><trkpt lat="35.8754296" lon="139.1638291"><ele>323.6798550474803</ele><time>2024-05-25T22:42:24Z</time></trkpt><trkpt lat="35.8753558" lon="139.1636076"><ele>324.117521081665</ele><time>2024-05-25T22:42:38Z</time></trkpt><trkpt lat="35.8752812" lon="139.1633655"><ele>322.99440673847516</ele><time>2024-05-25T22:42:49Z</time></trkpt><trkpt lat="35.875211" lon="139.1631257"><ele>321.564236976423</ele><time>2024-05-25T22:43:04Z</time></trkpt><trkpt lat="35.8752014" lon="139.1628549"><ele>320.71915364815453</ele><time>2024-05-25T22:43:24Z</time></trkpt><trkpt lat="35.8750761" lon="139.1626406"><ele>319.6258115692604</ele><time>2024-05-25T22:43:35Z</time></trkpt><trkpt lat="35.8749982" lon="139.1624287"><ele>320.15945934754285</ele><time>2024-05-25T22:43:46Z</time></trkpt><trkpt lat="35.8749558" lon="139.1621558"><ele>320.0730754130707</ele><time>2024-05-25T22:44:01Z</time></trkpt><trkpt lat="35.8750018" lon="139.1619285"><ele>320.20776635991655</ele><time>2024-05-25T22:44:12Z</time></trkpt><trkpt lat="35.8750583" lon="139.1616553"><ele>318.2160715833375</ele><time>2024-05-25T22:44:26Z</time></trkpt><trkpt lat="35.875141" lon="139.1614205"><ele>314.8639617220833</ele><time>2024-05-25T22:44:40Z</time></trkpt><trkpt lat="35.8752285" lon="139.1612234"><ele>312.8103440720367</ele><time>2024-05-25T22:44:52Z</time></trkpt><trkpt lat="35.8753138" lon="139.1610205"><ele>311.13907641745743</ele><time>2024-05-25T22:45:04Z</time></trkpt><trkpt lat="35.8754287" lon="139.1607981"><ele>310.33573968982324</ele><time>2024-05-25T22:45:19Z</time></trkpt><trkpt lat="35.8755072" lon="139.1605881"><ele>309.93433746234535</ele><time>2024-05-25T22:45:34Z</time></trkpt><trkpt lat="35.8755341" lon="139.1603339"><ele>310.92913696473516</ele><time>2024-05-25T22:45:46Z</time></trkpt><trkpt lat="35.8754399" lon="139.1600984"><ele>313.2281354231052</ele><time>2024-05-25T22:45:58Z</time></trkpt><trkpt lat="35.8752974" lon="139.1599458"><ele>314.36018195901266</ele><time>2024-05-25T22:46:10Z</time></trkpt><trkpt lat="35.8751568" lon="139.1597334"><ele>314.5246568087445</ele><time>2024-05-25T22:46:22Z</time></trkpt><trkpt lat="35.8750236" lon="139.1595259"><ele>312.6324886145005</ele><time>2024-05-25T22:46:37Z</time></trkpt><trkpt lat="35.8748706" lon="139.1593533"><ele>311.0650123792104</ele><time>2024-05-25T22:46:49Z</time></trkpt><trkpt lat="35.8747462" lon="139.1591457"><ele>310.0174512300868</ele><time>2024-05-25T22:47:01Z</time></trkpt><trkpt lat="35.8745186" lon="139.1592885"><ele>310.6911038972168</ele><time>2024-05-25T22:47:19Z</time></trkpt><trkpt lat="35.8743934" lon="139.1594742"><ele>312.0836045773064</ele><time>2024-05-25T22:47:30Z</time></trkpt><trkpt lat="35.8743583" lon="139.1597145"><ele>313.62697211519566</ele><time>2024-05-25T22:47:42Z</time></trkpt><trkpt lat="35.8744659" lon="139.1599207"><ele>316.16902340046727</ele><time>2024-05-25T22:47:51Z</time></trkpt><trkpt lat="35.874492" lon="139.1601447"><ele>316.8472860586745</ele><time>2024-05-25T22:48:03Z</time></trkpt><trkpt lat="35.8746428" lon="139.1603037"><ele>317.72655722644623</ele><time>2024-05-25T22:48:15Z</time></trkpt><trkpt lat="35.8747082" lon="139.1605279"><ele>317.3381755554254</ele><time>2024-05-25T22:48:27Z</time></trkpt><trkpt lat="35.8745597" lon="139.1606724"><ele>318.4525099037744</ele><time>2024-05-25T22:48:39Z</time></trkpt><trkpt lat="35.8744698" lon="139.160873"><ele>319.8504673462125</ele><time>2024-05-25T22:48:48Z</time></trkpt><trkpt lat="35.8743296" lon="139.1610297"><ele>321.0230456572917</ele><time>2024-05-25T22:49:00Z</time></trkpt><trkpt lat="35.8742004" lon="139.1612079"><ele>321.786684652843</ele><time>2024-05-25T22:49:12Z</time></trkpt><trkpt lat="35.8739901" lon="139.16118"><ele>321.3084782086001</ele><time>2024-05-25T22:49:24Z</time></trkpt><trkpt lat="35.8737669" lon="139.1610521"><ele>323.3123250317962</ele><time>2024-05-25T22:49:36Z</time></trkpt><trkpt lat="35.8735885" lon="139.1611452"><ele>325.2054016483117</ele><time>2024-05-25T22:49:48Z</time></trkpt><trkpt lat="35.8736765" lon="139.1613784"><ele>327.0322484293196</ele><time>2024-05-25T22:50:00Z</time></trkpt><trkpt lat="35.8738378" lon="139.1616371"><ele>326.38264993930284</ele><time>2024-05-25T22:50:14Z</time></trkpt><trkpt lat="35.8738556" lon="139.1618826"><ele>326.06024472924116</ele><time>2024-05-25T22:50:25Z</time></trkpt><trkpt lat="35.8738881" lon="139.16214"><ele>324.6404477649456</ele><time>2024-05-25T22:50:39Z</time></trkpt><trkpt lat="35.8739432" lon="139.1623877"><ele>323.3363372770955</ele><time>2024-05-25T22:50:54Z</time></trkpt><trkpt lat="35.8740022" lon="139.1626003"><ele>322.9608810987083</ele><time>2024-05-25T22:51:05Z</time></trkpt><trkpt lat="35.8740731" lon="139.1628287"><ele>322.54415099927667</ele><time>2024-05-25T22:51:17Z</time></trkpt><trkpt lat="35.8742142" lon="139.1630362"><ele>321.6847235033113</ele><time>2024-05-25T22:51:29Z</time></trkpt><trkpt lat="35.8742831" lon="139.1632472"><ele>318.94403859670155</ele><time>2024-05-25T22:51:41Z</time></trkpt><trkpt lat="35.8743989" lon="139.1634258"><ele>318.4758238249763</ele><time>2024-05-25T22:51:52Z</time></trkpt><trkpt lat="35.8743994" lon="139.1637005"><ele>317.80420594401886</ele><time>2024-05-25T22:52:08Z</time></trkpt><trkpt lat="35.8743165" lon="139.1639316"><ele>318.787012070093</ele><time>2024-05-25T22:52:19Z</time></trkpt><trkpt lat="35.8742603" lon="139.1641942"><ele>317.1736645565432</ele><time>2024-05-25T22:52:34Z</time></trkpt><trkpt lat="35.8742766" lon="139.1644205"><ele>317.01550191124994</ele><time>2024-05-25T22:52:45Z</time></trkpt><trkpt lat="35.8742579" lon="139.1646678"><ele>317.2838618563452</ele><time>2024-05-25T22:52:56Z</time></trkpt><trkpt lat="35.8743145" lon="139.1648848"><ele>318.35375525237527</ele><time>2024-05-25T22:53:08Z</time></trkpt><trkpt lat="35.8743098" lon="139.1651338"><ele>319.6738267132605</ele><time>2024-05-25T22:53:22Z</time></trkpt><trkpt lat="35.8742615" lon="139.1653815"><ele>320.38226231559395</ele><time>2024-05-25T22:53:34Z</time></trkpt><trkpt lat="35.8742495" lon="139.1656052"><ele>320.7750079101413</ele><time>2024-05-25T22:53:46Z</time></trkpt><trkpt lat="35.8741193" lon="139.1658109"><ele>321.0937811639265</ele><time>2024-05-25T22:54:00Z</time></trkpt><trkpt lat="35.8741543" lon="139.1660327"><ele>321.38924640256306</ele><time>2024-05-25T22:54:08Z</time></trkpt><trkpt lat="35.8741041" lon="139.166307"><ele>322.57322241508405</ele><time>2024-05-25T22:54:22Z</time></trkpt><trkpt lat="35.8740511" lon="139.166558"><ele>322.16889837571733</ele><time>2024-05-25T22:54:36Z</time></trkpt><trkpt lat="35.8740098" lon="139.166806"><ele>321.9609273013852</ele><time>2024-05-25T22:54:48Z</time></trkpt><trkpt lat="35.8739222" lon="139.167043"><ele>320.79609425662176</ele><time>2024-05-25T22:55:01Z</time></trkpt><trkpt lat="35.8739896" lon="139.167348"><ele>321.7852926194158</ele><time>2024-05-25T22:55:16Z</time></trkpt><trkpt lat="35.8739757" lon="139.1675724"><ele>322.1450329737376</ele><time>2024-05-25T22:55:27Z</time></trkpt><trkpt lat="35.8740744" lon="139.1677809"><ele>320.84939819490455</ele><time>2024-05-25T22:55:43Z</time></trkpt><trkpt lat="35.8740847" lon="139.1680658"><ele>318.956028815274</ele><time>2024-05-25T22:55:54Z</time></trkpt><trkpt lat="35.8740489" lon="139.1683063"><ele>316.2259275530194</ele><time>2024-05-25T22:56:05Z</time></trkpt><trkpt lat="35.874043" lon="139.1685321"><ele>315.5798947219934</ele><time>2024-05-25T22:56:17Z</time></trkpt><trkpt lat="35.8740544" lon="139.1687908"><ele>315.1491455130547</ele><time>2024-05-25T22:56:29Z</time></trkpt><trkpt lat="35.8741012" lon="139.1690623"><ele>316.8717574808158</ele><time>2024-05-25T22:56:41Z</time></trkpt><trkpt lat="35.8740756" lon="139.1692918"><ele>318.8992224583729</ele><time>2024-05-25T22:56:53Z</time></trkpt><trkpt lat="35.873902" lon="139.1694269"><ele>320.00602911055523</ele><time>2024-05-25T22:57:07Z</time></trkpt><trkpt lat="35.8737358" lon="139.1696031"><ele>320.3316628036915</ele><time>2024-05-25T22:57:19Z</time></trkpt><trkpt lat="35.8736429" lon="139.1697957"><ele>321.87159366809664</ele><time>2024-05-25T22:57:33Z</time></trkpt><trkpt lat="35.8734468" lon="139.1699549"><ele>323.3097120441286</ele><time>2024-05-25T22:57:45Z</time></trkpt><trkpt lat="35.8732463" lon="139.1699259"><ele>324.1551288910783</ele><time>2024-05-25T22:57:56Z</time></trkpt><trkpt lat="35.8730895" lon="139.1700985"><ele>321.7736061311567</ele><time>2024-05-25T22:58:08Z</time></trkpt><trkpt lat="35.8730992" lon="139.1703664"><ele>322.3663523790286</ele><time>2024-05-25T22:58:17Z</time></trkpt><trkpt lat="35.872939" lon="139.1704849"><ele>321.11149396383445</ele><time>2024-05-25T22:58:28Z</time></trkpt><trkpt lat="35.8727771" lon="139.170587"><ele>322.48662325399897</ele><time>2024-05-25T22:58:40Z</time></trkpt><trkpt lat="35.8726034" lon="139.17066"><ele>320.9512413952061</ele><time>2024-05-25T22:58:52Z</time></trkpt><trkpt lat="35.8724902" lon="139.1708538"><ele>319.66427327060495</ele><time>2024-05-25T22:59:09Z</time></trkpt><trkpt lat="35.8724683" lon="139.1710783"><ele>318.88106925450217</ele><time>2024-05-25T22:59:18Z</time></trkpt><trkpt lat="35.8723598" lon="139.1712904"><ele>319.05024139604365</ele><time>2024-05-25T22:59:30Z</time></trkpt><trkpt lat="35.8723844" lon="139.1715916"><ele>320.2299435099016</ele><time>2024-05-25T22:59:44Z</time></trkpt><trkpt lat="35.872459" lon="139.1718256"><ele>321.37879818333937</ele><time>2024-05-25T22:59:56Z</time></trkpt><trkpt lat="35.8725843" lon="139.1720435"><ele>322.06116991514904</ele><time>2024-05-25T23:00:07Z</time></trkpt><trkpt lat="35.8726872" lon="139.1722467"><ele>323.45453698614705</ele><time>2024-05-25T23:00:19Z</time></trkpt><trkpt lat="35.87276" lon="139.1724581"><ele>323.55004750534954</ele><time>2024-05-25T23:00:30Z</time></trkpt><trkpt lat="35.8727873" lon="139.1726944"><ele>324.2042853460941</ele><time>2024-05-25T23:00:41Z</time></trkpt><trkpt lat="35.8728" lon="139.1729349"><ele>324.35780221722274</ele><time>2024-05-25T23:00:56Z</time></trkpt><trkpt lat="35.8727051" lon="139.1731818"><ele>323.47771581037546</ele><time>2024-05-25T23:01:14Z</time></trkpt><trkpt lat="35.8724734" lon="139.173163"><ele>319.9973216116271</ele><time>2024-05-25T23:01:26Z</time></trkpt><trkpt lat="35.8723288" lon="139.1729897"><ele>315.8496853185648</ele><time>2024-05-25T23:01:34Z</time></trkpt><trkpt lat="35.8721261" lon="139.1729407"><ele>310.8645760854368</ele><time>2024-05-25T23:01:48Z</time></trkpt><trkpt lat="35.8719305" lon="139.1728688"><ele>308.6714233668691</ele><time>2024-05-25T23:02:00Z</time></trkpt><trkpt lat="35.8717311" lon="139.1727252"><ele>310.20014565791774</ele><time>2024-05-25T23:02:11Z</time></trkpt><trkpt lat="35.8715356" lon="139.1727576"><ele>314.4412372292437</ele><time>2024-05-25T23:02:22Z</time></trkpt><trkpt lat="35.87138" lon="139.1726441"><ele>319.080780646818</ele><time>2024-05-25T23:02:33Z</time></trkpt><trkpt lat="35.8712518" lon="139.1724655"><ele>321.0640257356859</ele><time>2024-05-25T23:02:47Z</time></trkpt><trkpt lat="35.8710357" lon="139.1724746"><ele>321.7677483804548</ele><time>2024-05-25T23:02:59Z</time></trkpt><trkpt lat="35.8708836" lon="139.1722819"><ele>319.6648708174012</ele><time>2024-05-25T23:03:15Z</time></trkpt><trkpt lat="35.8707204" lon="139.1721511"><ele>318.1751094311854</ele><time>2024-05-25T23:03:26Z</time></trkpt><trkpt lat="35.8705104" lon="139.1721948"><ele>318.00638674554136</ele><time>2024-05-25T23:03:35Z</time></trkpt><trkpt lat="35.8703155" lon="139.172213"><ele>319.25060489975584</ele><time>2024-05-25T23:03:47Z</time></trkpt><trkpt lat="35.8701326" lon="139.172205"><ele>320.6107257185827</ele><time>2024-05-25T23:03:58Z</time></trkpt><trkpt lat="35.8698995" lon="139.172235"><ele>319.43216626234454</ele><time>2024-05-25T23:04:17Z</time></trkpt><trkpt lat="35.8699324" lon="139.172508"><ele>318.428593312195</ele><time>2024-05-25T23:04:25Z</time></trkpt><trkpt lat="35.8699367" lon="139.1727308"><ele>316.2822612019786</ele><time>2024-05-25T23:04:33Z</time></trkpt><trkpt lat="35.8701439" lon="139.1727936"><ele>317.0990651482459</ele><time>2024-05-25T23:04:45Z</time></trkpt><trkpt lat="35.8703349" lon="139.1728291"><ele>317.63703809159387</ele><time>2024-05-25T23:04:56Z</time></trkpt><trkpt lat="35.8705265" lon="139.1729964"><ele>319.66069002155274</ele><time>2024-05-25T23:05:11Z</time></trkpt><trkpt lat="35.870726" lon="139.1730567"><ele>320.1042754271951</ele><time>2024-05-25T23:05:23Z</time></trkpt><trkpt lat="35.8708709" lon="139.173263"><ele>320.33871710089085</ele><time>2024-05-25T23:05:36Z</time></trkpt><trkpt lat="35.8709383" lon="139.1734927"><ele>318.821733302823</ele><time>2024-05-25T23:05:48Z</time></trkpt><trkpt lat="35.871106" lon="139.1736886"><ele>318.11554620359266</ele><time>2024-05-25T23:06:02Z</time></trkpt><trkpt lat="35.8712058" lon="139.1739056"><ele>318.0919867053045</ele><time>2024-05-25T23:06:14Z</time></trkpt><trkpt lat="35.8713875" lon="139.1740731"><ele>319.1818260133151</ele><time>2024-05-25T23:06:25Z</time></trkpt><trkpt lat="35.8713706" lon="139.1743332"><ele>320.8186122814439</ele><time>2024-05-25T23:06:34Z</time></trkpt><trkpt lat="35.8714294" lon="139.1745661"><ele>323.7281666289224</ele><time>2024-05-25T23:06:48Z</time></trkpt><trkpt lat="35.8716104" lon="139.174557"><ele>324.8899362865224</ele><time>2024-05-25T23:06:56Z</time></trkpt><trkpt lat="35.871805" lon="139.1745539"><ele>323.93743433511855</ele><time>2024-05-25T23:07:08Z</time></trkpt><trkpt lat="35.8719964" lon="139.1745563"><ele>321.22197715333544</ele><time>2024-05-25T23:07:19Z</time></trkpt><trkpt lat="35.8721804" lon="139.1746142"><ele>319.08006753838623</ele><time>2024-05-25T23:07:33Z</time></trkpt><trkpt lat="35.8722344" lon="139.1748429"><ele>320.29572816583874</ele><time>2024-05-25T23:07:45Z</time></trkpt><trkpt lat="35.872185" lon="139.175085"><ele>320.16717524169974</ele><time>2024-05-25T23:07:56Z</time></trkpt><trkpt lat="35.8721175" lon="139.1753049"><ele>321.5892501234795</ele><time>2024-05-25T23:08:07Z</time></trkpt><trkpt lat="35.8721849" lon="139.1755253"><ele>321.062980908733</ele><time>2024-05-25T23:08:19Z</time></trkpt><trkpt lat="35.8723572" lon="139.1756419"><ele>321.55019322734773</ele><time>2024-05-25T23:08:28Z</time></trkpt><trkpt lat="35.8723684" lon="139.1758986"><ele>320.21763957149636</ele><time>2024-05-25T23:08:40Z</time></trkpt><trkpt lat="35.8722551" lon="139.1760854"><ele>319.9433985019051</ele><time>2024-05-25T23:08:48Z</time></trkpt><trkpt lat="35.8720668" lon="139.1761356"><ele>318.03647200366146</ele><time>2024-05-25T23:08:59Z</time></trkpt><trkpt lat="35.8719055" lon="139.1762556"><ele>317.2053825587552</ele><time>2024-05-25T23:09:10Z</time></trkpt><trkpt lat="35.8717026" lon="139.176395"><ele>315.5470458883201</ele><time>2024-05-25T23:09:28Z</time></trkpt><trkpt lat="35.8717063" lon="139.1766633"><ele>316.71634838547214</ele><time>2024-05-25T23:09:43Z</time></trkpt><trkpt lat="35.8719255" lon="139.176842"><ele>317.72197323960717</ele><time>2024-05-25T23:09:54Z</time></trkpt><trkpt lat="35.8721042" lon="139.1769187"><ele>317.8683756651122</ele><time>2024-05-25T23:10:14Z</time></trkpt><trkpt lat="35.8722965" lon="139.1770108"><ele>317.44933715739666</ele><time>2024-05-25T23:10:26Z</time></trkpt><trkpt lat="35.8724629" lon="139.1771299"><ele>317.25143875084143</ele><time>2024-05-25T23:10:37Z</time></trkpt><trkpt lat="35.8726628" lon="139.1772741"><ele>317.70011042590176</ele><time>2024-05-25T23:10:51Z</time></trkpt><trkpt lat="35.8728626" lon="139.1774294"><ele>318.08809705468786</ele><time>2024-05-25T23:11:05Z</time></trkpt><trkpt lat="35.8730236" lon="139.17758"><ele>317.688123539879</ele><time>2024-05-25T23:11:19Z</time></trkpt><trkpt lat="35.8732048" lon="139.1777754"><ele>316.8787515880706</ele><time>2024-05-25T23:11:34Z</time></trkpt><trkpt lat="35.8733707" lon="139.1779432"><ele>316.12137371581105</ele><time>2024-05-25T23:11:45Z</time></trkpt><trkpt lat="35.8735179" lon="139.1781158"><ele>316.30007273049904</ele><time>2024-05-25T23:12:00Z</time></trkpt><trkpt lat="35.8733952" lon="139.1782811"><ele>316.3049283374244</ele><time>2024-05-25T23:12:11Z</time></trkpt><trkpt lat="35.8732131" lon="139.1784369"><ele>317.18665864298856</ele><time>2024-05-25T23:12:23Z</time></trkpt><trkpt lat="35.8728956" lon="139.1786947"><ele>316.7366090456781</ele><time>2024-05-25T23:12:35Z</time></trkpt><trkpt lat="35.8727572" lon="139.1789022"><ele>315.95984383836503</ele><time>2024-05-25T23:12:50Z</time></trkpt><trkpt lat="35.8726003" lon="139.1790705"><ele>313.12743415048493</ele><time>2024-05-25T23:13:01Z</time></trkpt><trkpt lat="35.8724127" lon="139.1792355"><ele>310.49873381557256</ele><time>2024-05-25T23:13:11Z</time></trkpt><trkpt lat="35.8721826" lon="139.1794512"><ele>308.7293889011924</ele><time>2024-05-25T23:13:20Z</time></trkpt><trkpt lat="35.8720835" lon="139.1796548"><ele>305.4930067839392</ele><time>2024-05-25T23:13:35Z</time></trkpt><trkpt lat="35.8719591" lon="139.1798303"><ele>302.6051519226361</ele><time>2024-05-25T23:13:44Z</time></trkpt><trkpt lat="35.8718817" lon="139.1800917"><ele>297.4335283475686</ele><time>2024-05-25T23:13:59Z</time></trkpt><trkpt lat="35.8719" lon="139.1803579"><ele>294.42067106713944</ele><time>2024-05-25T23:14:14Z</time></trkpt><trkpt lat="35.872014" lon="139.1805429"><ele>278.8879188083094</ele><time>2024-05-25T23:14:29Z</time></trkpt><trkpt lat="35.8721564" lon="139.1806879"><ele>277.53196595157397</ele><time>2024-05-25T23:14:41Z</time></trkpt><trkpt lat="35.872294" lon="139.180854"><ele>263.3927764361899</ele><time>2024-05-25T23:14:53Z</time></trkpt><trkpt lat="35.8724383" lon="139.181057"><ele>262.25853264966577</ele><time>2024-05-25T23:15:08Z</time></trkpt><trkpt lat="35.8725847" lon="139.1812402"><ele>249.53792143375654</ele><time>2024-05-25T23:15:19Z</time></trkpt><trkpt lat="35.8727485" lon="139.1814445"><ele>250.6702679891057</ele><time>2024-05-25T23:15:32Z</time></trkpt><trkpt lat="35.8728998" lon="139.1816231"><ele>251.8026262453017</ele><time>2024-05-25T23:15:44Z</time></trkpt><trkpt lat="35.8729968" lon="139.1818693"><ele>252.76832917716706</ele><time>2024-05-25T23:15:54Z</time></trkpt><trkpt lat="35.8730629" lon="139.1820947"><ele>251.8007831063494</ele><time>2024-05-25T23:16:06Z</time></trkpt><trkpt lat="35.8731704" lon="139.1823066"><ele>250.83326433155153</ele><time>2024-05-25T23:16:18Z</time></trkpt><trkpt lat="35.8732054" lon="139.1825488"><ele>251.19915594815495</ele><time>2024-05-25T23:16:30Z</time></trkpt><trkpt lat="35.8733627" lon="139.1827343"><ele>252.1649876816332</ele><time>2024-05-25T23:16:39Z</time></trkpt><trkpt lat="35.8734445" lon="139.1830048"><ele>253.13080581007944</ele><time>2024-05-25T23:16:48Z</time></trkpt><trkpt lat="35.8733904" lon="139.1832715"><ele>251.43004373678323</ele><time>2024-05-25T23:17:00Z</time></trkpt><trkpt lat="35.8731934" lon="139.1833239"><ele>250.42979163504754</ele><time>2024-05-25T23:17:11Z</time></trkpt><trkpt lat="35.873033" lon="139.1834583"><ele>249.06325876315324</ele><time>2024-05-25T23:17:23Z</time></trkpt><trkpt lat="35.8728243" lon="139.1835751"><ele>249.4303481749637</ele><time>2024-05-25T23:17:39Z</time></trkpt><trkpt lat="35.8725695" lon="139.1834759"><ele>249.26429614121722</ele><time>2024-05-25T23:17:50Z</time></trkpt><trkpt lat="35.8724319" lon="139.1833293"><ele>249.4651019835679</ele><time>2024-05-25T23:18:02Z</time></trkpt><trkpt lat="35.8723193" lon="139.1835495"><ele>249.1990504701653</ele><time>2024-05-25T23:18:10Z</time></trkpt><trkpt lat="35.872119" lon="139.1835477"><ele>249.13285204925046</ele><time>2024-05-25T23:18:24Z</time></trkpt><trkpt lat="35.8720719" lon="139.1833256"><ele>248.96661041492658</ele><time>2024-05-25T23:18:34Z</time></trkpt><trkpt lat="35.8720161" lon="139.1835535"><ele>242.93362703731609</ele><time>2024-05-25T23:19:01Z</time></trkpt><trkpt lat="35.8719917" lon="139.1837733"><ele>236.80027019090974</ele><time>2024-05-25T23:19:13Z</time></trkpt><trkpt lat="35.8720153" lon="139.1840853"><ele>230.76641325382104</ele><time>2024-05-25T23:19:22Z</time></trkpt><trkpt lat="35.8719731" lon="139.184334"><ele>230.26585933378053</ele><time>2024-05-25T23:19:31Z</time></trkpt><trkpt lat="35.8719136" lon="139.1845767"><ele>229.8319888902951</ele><time>2024-05-25T23:19:43Z</time></trkpt><trkpt lat="35.871826" lon="139.1847939"><ele>226.65502476722858</ele><time>2024-05-25T23:19:57Z</time></trkpt><trkpt lat="35.8716508" lon="139.1849249"><ele>226.35494361438023</ele><time>2024-05-25T23:20:05Z</time></trkpt><trkpt lat="35.8714542" lon="139.1850214"><ele>226.08846973502224</ele><time>2024-05-25T23:20:22Z</time></trkpt><trkpt lat="35.8712541" lon="139.1850216"><ele>228.5655906883059</ele><time>2024-05-25T23:20:31Z</time></trkpt><trkpt lat="35.8710496" lon="139.1850335"><ele>226.6995353873872</ele><time>2024-05-25T23:20:43Z</time></trkpt><trkpt lat="35.8708144" lon="139.1850005"><ele>224.8336256221544</ele><time>2024-05-25T23:20:58Z</time></trkpt><trkpt lat="35.8705965" lon="139.1850695"><ele>222.96768260739066</ele><time>2024-05-25T23:21:13Z</time></trkpt><trkpt lat="35.8704217" lon="139.1849823"><ele>222.9684515294691</ele><time>2024-05-25T23:21:25Z</time></trkpt><trkpt lat="35.8702435" lon="139.1851899"><ele>223.61343547366036</ele><time>2024-05-25T23:21:40Z</time></trkpt><trkpt lat="35.8700354" lon="139.1852435"><ele>223.5638802331649</ele><time>2024-05-25T23:21:49Z</time></trkpt><trkpt lat="35.8698266" lon="139.1852573"><ele>223.86435195288604</ele><time>2024-05-25T23:22:07Z</time></trkpt><trkpt lat="35.8696469" lon="139.1853067"><ele>221.67061537882003</ele><time>2024-05-25T23:22:16Z</time></trkpt><trkpt lat="35.8694467" lon="139.1853653"><ele>221.02496099605347</ele><time>2024-05-25T23:22:27Z</time></trkpt><trkpt lat="35.8692682" lon="139.1854207"><ele>219.89245238659586</ele><time>2024-05-25T23:22:35Z</time></trkpt><trkpt lat="35.8690839" lon="139.1855167"><ele>221.70947627465637</ele><time>2024-05-25T23:22:53Z</time></trkpt><trkpt lat="35.86888" lon="139.1855832"><ele>222.63960593503336</ele><time>2024-05-25T23:23:12Z</time></trkpt><trkpt lat="35.8687269" lon="139.1857094"><ele>223.67303265722953</ele><time>2024-05-25T23:23:21Z</time></trkpt><trkpt lat="35.868537" lon="139.1857905"><ele>223.60677607161242</ele><time>2024-05-25T23:23:33Z</time></trkpt><trkpt lat="35.8683337" lon="139.1858763"><ele>223.57383806205166</ele><time>2024-05-25T23:23:44Z</time></trkpt><trkpt lat="35.868128" lon="139.1859915"><ele>223.4076374434682</ele><time>2024-05-25T23:24:01Z</time></trkpt><trkpt lat="35.8679609" lon="139.1861297"><ele>223.24136396649143</ele><time>2024-05-25T23:24:13Z</time></trkpt><trkpt lat="35.8677342" lon="139.1861454"><ele>223.1418437308532</ele><time>2024-05-25T23:24:31Z</time></trkpt><trkpt lat="35.8675595" lon="139.1862304"><ele>223.07563642854268</ele><time>2024-05-25T23:24:43Z</time></trkpt><trkpt lat="35.8673701" lon="139.1862349"><ele>223.0095618459155</ele><time>2024-05-25T23:24:57Z</time></trkpt><trkpt lat="35.867188" lon="139.1863512"><ele>224.04335027009924</ele><time>2024-05-25T23:25:18Z</time></trkpt><trkpt lat="35.8672064" lon="139.1866215"><ele>225.21010765169038</ele><time>2024-05-25T23:25:27Z</time></trkpt><trkpt lat="35.8671951" lon="139.1868901"><ele>226.67469465344143</ele><time>2024-05-25T23:25:38Z</time></trkpt><trkpt lat="35.8669759" lon="139.186842"><ele>225.1688549275614</ele><time>2024-05-25T23:25:47Z</time></trkpt><trkpt lat="35.8667468" lon="139.1868871"><ele>226.8025090808147</ele><time>2024-05-25T23:26:00Z</time></trkpt><trkpt lat="35.8665444" lon="139.187061"><ele>225.471559745596</ele><time>2024-05-25T23:26:11Z</time></trkpt><trkpt lat="35.8663702" lon="139.1871261"><ele>225.97775018356705</ele><time>2024-05-25T23:27:13Z</time></trkpt><trkpt lat="35.8661784" lon="139.1871768"><ele>223.54489293463234</ele><time>2024-05-25T23:27:36Z</time></trkpt><trkpt lat="35.866051" lon="139.1869923"><ele>223.778908014962</ele><time>2024-05-25T23:27:48Z</time></trkpt><trkpt lat="35.8658699" lon="139.1868436"><ele>223.21311775908285</ele><time>2024-05-25T23:28:02Z</time></trkpt><trkpt lat="35.8656576" lon="139.1868669"><ele>222.4473739835092</ele><time>2024-05-25T23:28:13Z</time></trkpt><trkpt lat="35.865457" lon="139.1868136"><ele>221.68161744567223</ele><time>2024-05-25T23:28:25Z</time></trkpt><trkpt lat="35.8652622" lon="139.1867698"><ele>221.68245587517572</ele><time>2024-05-25T23:28:39Z</time></trkpt><trkpt lat="35.865098" lon="139.1868983"><ele>221.21648261821645</ele><time>2024-05-25T23:28:48Z</time></trkpt><trkpt lat="35.8649163" lon="139.186902"><ele>220.7504388592673</ele><time>2024-05-25T23:29:02Z</time></trkpt><trkpt lat="35.8646953" lon="139.1869394"><ele>220.28436271717433</ele><time>2024-05-25T23:29:16Z</time></trkpt><trkpt lat="35.8645037" lon="139.1868335"><ele>220.28517667289438</ele><time>2024-05-25T23:29:28Z</time></trkpt><trkpt lat="35.8642971" lon="139.1868017"><ele>220.25271599249177</ele><time>2024-05-25T23:29:42Z</time></trkpt><trkpt lat="35.8641106" lon="139.1868998"><ele>220.28682237802454</ele><time>2024-05-25T23:29:53Z</time></trkpt><trkpt lat="35.8639189" lon="139.1869429"><ele>220.55414527881388</ele><time>2024-05-25T23:30:04Z</time></trkpt><trkpt lat="35.8637335" lon="139.1869283"><ele>220.85476241848653</ele><time>2024-05-25T23:30:18Z</time></trkpt><trkpt lat="35.8635482" lon="139.1869507"><ele>221.08877893873606</ele><time>2024-05-25T23:30:38Z</time></trkpt><trkpt lat="35.8633211" lon="139.186902"><ele>221.42291130225883</ele><time>2024-05-25T23:30:49Z</time></trkpt><trkpt lat="35.8631147" lon="139.1869555"><ele>220.39034655139264</ele><time>2024-05-25T23:31:03Z</time></trkpt><trkpt lat="35.8629567" lon="139.1870621"><ele>219.35767843118376</ele><time>2024-05-25T23:31:12Z</time></trkpt><trkpt lat="35.8628155" lon="139.1872024"><ele>217.99141341044856</ele><time>2024-05-25T23:31:26Z</time></trkpt><trkpt lat="35.8626494" lon="139.1872949"><ele>218.15840044480686</ele><time>2024-05-25T23:31:34Z</time></trkpt><trkpt lat="35.8624473" lon="139.1873398"><ele>218.15882741791472</ele><time>2024-05-25T23:31:43Z</time></trkpt><trkpt lat="35.8622421" lon="139.1874839"><ele>218.15933327932498</ele><time>2024-05-25T23:31:52Z</time></trkpt><trkpt lat="35.8620593" lon="139.1875171"><ele>217.9932420321401</ele><time>2024-05-25T23:32:06Z</time></trkpt><trkpt lat="35.8618831" lon="139.1875711"><ele>217.99377687545575</ele><time>2024-05-25T23:32:19Z</time></trkpt><trkpt lat="35.8617393" lon="139.1874236"><ele>217.7944679157678</ele><time>2024-05-25T23:32:34Z</time></trkpt><trkpt lat="35.8615674" lon="139.1876496"><ele>217.59498836043744</ele><time>2024-05-25T23:32:40Z</time></trkpt><trkpt lat="35.8614034" lon="139.1877622"><ele>217.39544556523887</ele><time>2024-05-25T23:32:49Z</time></trkpt><trkpt lat="35.8612299" lon="139.1878368"><ele>217.42909777947315</ele><time>2024-05-25T23:32:58Z</time></trkpt><trkpt lat="35.8610264" lon="139.1879732"><ele>217.4295278847832</ele><time>2024-05-25T23:33:13Z</time></trkpt><trkpt lat="35.8608257" lon="139.1880554"><ele>217.13003172546487</ele><time>2024-05-25T23:33:24Z</time></trkpt><trkpt lat="35.8606428" lon="139.1880758"><ele>216.7972562682364</ele><time>2024-05-25T23:33:37Z</time></trkpt><trkpt lat="35.8604688" lon="139.1881789"><ele>216.49780543684096</ele><time>2024-05-25T23:33:46Z</time></trkpt><trkpt lat="35.8603606" lon="139.1884191"><ele>216.49810570139434</ele><time>2024-05-25T23:33:57Z</time></trkpt><trkpt lat="35.8604697" lon="139.1886551"><ele>216.49785675572844</ele><time>2024-05-25T23:34:09Z</time></trkpt><trkpt lat="35.860615" lon="139.1888454"><ele>216.49712796079402</ele><time>2024-05-25T23:34:18Z</time></trkpt><trkpt lat="35.8604481" lon="139.1890907"><ele>216.49647020641655</ele><time>2024-05-25T23:34:33Z</time></trkpt><trkpt lat="35.8602938" lon="139.1892082"><ele>216.39625018788578</ele><time>2024-05-25T23:34:42Z</time></trkpt><trkpt lat="35.8601404" lon="139.1894201"><ele>216.16306391313432</ele><time>2024-05-25T23:34:57Z</time></trkpt><trkpt lat="35.8600141" lon="139.18965"><ele>215.92983813282504</ele><time>2024-05-25T23:35:12Z</time></trkpt><trkpt lat="35.8598828" lon="139.1898567"><ele>215.7965063348843</ele><time>2024-05-25T23:35:25Z</time></trkpt><trkpt lat="35.8596644" lon="139.1900217"><ele>215.79662718156183</ele><time>2024-05-25T23:35:39Z</time></trkpt><trkpt lat="35.8595545" lon="139.1902089"><ele>216.7967617053114</ele><time>2024-05-25T23:35:51Z</time></trkpt><trkpt lat="35.8594375" lon="139.1904115"><ele>217.79688123219702</ele><time>2024-05-25T23:36:04Z</time></trkpt><trkpt lat="35.8593347" lon="139.1906165"><ele>218.7968201849003</ele><time>2024-05-25T23:36:16Z</time></trkpt><trkpt lat="35.859196" lon="139.1907919"><ele>218.73013486560012</ele><time>2024-05-25T23:36:28Z</time></trkpt><trkpt lat="35.8591103" lon="139.1909945"><ele>218.66340944848267</ele><time>2024-05-25T23:36:40Z</time></trkpt><trkpt lat="35.8589862" lon="139.1912199"><ele>218.5966947228661</ele><time>2024-05-25T23:36:52Z</time></trkpt><trkpt lat="35.8588917" lon="139.1914668"><ele>218.59653601244204</ele><time>2024-05-25T23:37:04Z</time></trkpt><trkpt lat="35.8587435" lon="139.1916228"><ele>218.5298244671723</ele><time>2024-05-25T23:37:16Z</time></trkpt><trkpt lat="35.8586208" lon="139.1918134"><ele>218.46313939613734</ele><time>2024-05-25T23:37:24Z</time></trkpt><trkpt lat="35.8584571" lon="139.1920139"><ele>217.66325341080855</ele><time>2024-05-25T23:37:36Z</time></trkpt><trkpt lat="35.858302" lon="139.1921696"><ele>216.93004722936953</ele><time>2024-05-25T23:37:48Z</time></trkpt><trkpt lat="35.8581279" lon="139.1922574"><ele>216.09698429955324</ele><time>2024-05-25T23:37:59Z</time></trkpt><trkpt lat="35.8579569" lon="139.1923735"><ele>216.19732856035205</ele><time>2024-05-25T23:38:10Z</time></trkpt><trkpt lat="35.8577778" lon="139.1924829"><ele>216.29774117332673</ele><time>2024-05-25T23:38:22Z</time></trkpt><trkpt lat="35.8575979" lon="139.1925668"><ele>216.66483714551472</ele><time>2024-05-25T23:38:31Z</time></trkpt><trkpt lat="35.857413" lon="139.1925035"><ele>216.83209467978756</ele><time>2024-05-25T23:38:46Z</time></trkpt><trkpt lat="35.8572132" lon="139.1926055"><ele>216.99938473006696</ele><time>2024-05-25T23:38:58Z</time></trkpt><trkpt lat="35.8570848" lon="139.1928238"><ele>216.99983292218178</ele><time>2024-05-25T23:39:07Z</time></trkpt><trkpt lat="35.8568681" lon="139.1929047"><ele>217.0002046320744</ele><time>2024-05-25T23:39:19Z</time></trkpt><trkpt lat="35.8566789" lon="139.1930029"><ele>217.26723861599612</ele><time>2024-05-25T23:39:27Z</time></trkpt><trkpt lat="35.856501" lon="139.1931251"><ele>217.53441408470243</ele><time>2024-05-25T23:39:37Z</time></trkpt><trkpt lat="35.8563245" lon="139.1932047"><ele>217.80153912323317</ele><time>2024-05-25T23:39:52Z</time></trkpt><trkpt lat="35.8561373" lon="139.193259"><ele>217.80202450547782</ele><time>2024-05-25T23:40:07Z</time></trkpt><trkpt lat="35.855986" lon="139.1934571"><ele>216.53574135086293</ele><time>2024-05-25T23:40:16Z</time></trkpt><trkpt lat="35.8558047" lon="139.1935235"><ele>215.26947506463276</ele><time>2024-05-25T23:40:31Z</time></trkpt><trkpt lat="35.8557954" lon="139.1937454"><ele>216.00146126746594</ele><time>2024-05-25T23:40:37Z</time></trkpt><trkpt lat="35.8556805" lon="139.1939786"><ele>215.30143160278934</ele><time>2024-05-25T23:40:49Z</time></trkpt><trkpt lat="35.8556029" lon="139.1941952"><ele>213.83447936426194</ele><time>2024-05-25T23:41:01Z</time></trkpt><trkpt lat="35.8554643" lon="139.1943806"><ele>210.3691058176545</ele><time>2024-05-25T23:41:15Z</time></trkpt><trkpt lat="35.8554125" lon="139.1946095"><ele>210.81606442383145</ele><time>2024-05-25T23:41:24Z</time></trkpt><trkpt lat="35.8552798" lon="139.1948422"><ele>210.81595218848975</ele><time>2024-05-25T23:41:38Z</time></trkpt><trkpt lat="35.8552064" lon="139.195072"><ele>211.58238804965814</ele><time>2024-05-25T23:41:48Z</time></trkpt><trkpt lat="35.8550647" lon="139.1952945"><ele>211.13514823195726</ele><time>2024-05-25T23:42:00Z</time></trkpt><trkpt lat="35.8549625" lon="139.1954919"><ele>211.13502634214706</ele><time>2024-05-25T23:42:10Z</time></trkpt><trkpt lat="35.8548218" lon="139.195673"><ele>210.2683614990987</ele><time>2024-05-25T23:42:24Z</time></trkpt><trkpt lat="35.8547643" lon="139.1959444"><ele>209.46821473479562</ele><time>2024-05-25T23:42:38Z</time></trkpt><trkpt lat="35.8547468" lon="139.1961882"><ele>209.23459253292242</ele><time>2024-05-25T23:42:50Z</time></trkpt><trkpt lat="35.8547409" lon="139.1964193"><ele>209.1340883880582</ele><time>2024-05-25T23:43:02Z</time></trkpt><trkpt lat="35.8546248" lon="139.1966091"><ele>208.9337296683382</ele><time>2024-05-25T23:43:16Z</time></trkpt><trkpt lat="35.8546139" lon="139.1968531"><ele>208.93335928095448</ele><time>2024-05-25T23:43:25Z</time></trkpt><trkpt lat="35.8545681" lon="139.1970815"><ele>208.8997118855449</ele><time>2024-05-25T23:43:37Z</time></trkpt><trkpt lat="35.8544787" lon="139.197334"><ele>208.89930960757317</ele><time>2024-05-25T23:43:52Z</time></trkpt><trkpt lat="35.8544161" lon="139.1975455"><ele>209.09899688222853</ele><time>2024-05-25T23:44:04Z</time></trkpt><trkpt lat="35.8543323" lon="139.1977642"><ele>209.0654083673908</ele><time>2024-05-25T23:44:16Z</time></trkpt><trkpt lat="35.854178" lon="139.197959"><ele>209.03194983525222</ele><time>2024-05-25T23:44:33Z</time></trkpt><trkpt lat="35.8541381" lon="139.1981778"><ele>209.59846240417235</ele><time>2024-05-25T23:44:42Z</time></trkpt><trkpt lat="35.8540721" lon="139.1984331"><ele>209.63158705379087</ele><time>2024-05-25T23:44:56Z</time></trkpt><trkpt lat="35.8540113" lon="139.1986683"><ele>208.9887423012909</ele><time>2024-05-25T23:45:10Z</time></trkpt><trkpt lat="35.8538976" lon="139.1989125"><ele>208.18124256297702</ele><time>2024-05-25T23:45:24Z</time></trkpt><trkpt lat="35.8537776" lon="139.199081"><ele>208.01442613036042</ele><time>2024-05-25T23:45:35Z</time></trkpt><trkpt lat="35.8535784" lon="139.1990413"><ele>209.49425058963433</ele><time>2024-05-25T23:45:49Z</time></trkpt><trkpt lat="35.8534293" lon="139.1988166"><ele>209.36880396260588</ele><time>2024-05-25T23:46:00Z</time></trkpt><trkpt lat="35.8532992" lon="139.1986265"><ele>209.36978588981893</ele><time>2024-05-25T23:46:08Z</time></trkpt><trkpt lat="35.8531168" lon="139.1985386"><ele>208.26702574491824</ele><time>2024-05-25T23:46:23Z</time></trkpt><trkpt lat="35.8529353" lon="139.1986133"><ele>208.33448906402722</ele><time>2024-05-25T23:46:35Z</time></trkpt><trkpt lat="35.8527621" lon="139.1986785"><ele>208.40179997861483</ele><time>2024-05-25T23:46:49Z</time></trkpt><trkpt lat="35.8525517" lon="139.1987061"><ele>208.60238920804645</ele><time>2024-05-25T23:47:03Z</time></trkpt><trkpt lat="35.8523681" lon="139.1987779"><ele>208.50298042623322</ele><time>2024-05-25T23:47:13Z</time></trkpt><trkpt lat="35.852153" lon="139.1988374"><ele>208.17029759399622</ele><time>2024-05-25T23:47:26Z</time></trkpt><trkpt lat="35.8519844" lon="139.1989545"><ele>207.93748948807183</ele><time>2024-05-25T23:47:38Z</time></trkpt><trkpt lat="35.8517511" lon="139.1990174"><ele>207.8047532497843</ele><time>2024-05-25T23:48:32Z</time></trkpt><trkpt lat="35.8515941" lon="139.1991912"><ele>207.90518199880515</ele><time>2024-05-25T23:48:46Z</time></trkpt><trkpt lat="35.8514927" lon="139.1994004"><ele>207.8054477865926</ele><time>2024-05-25T23:48:55Z</time></trkpt><trkpt lat="35.8513545" lon="139.1996166"><ele>207.70546716411192</ele><time>2024-05-25T23:49:10Z</time></trkpt><trkpt lat="35.8512113" lon="139.1998562"><ele>207.1054153534025</ele><time>2024-05-25T23:49:27Z</time></trkpt><trkpt lat="35.8511334" lon="139.2001391"><ele>206.60525012717662</ele><time>2024-05-25T23:49:39Z</time></trkpt><trkpt lat="35.8510558" lon="139.2004193"><ele>206.1049058275216</ele><time>2024-05-25T23:49:51Z</time></trkpt><trkpt lat="35.8509721" lon="139.2006553"><ele>206.1044462396071</ele><time>2024-05-25T23:50:00Z</time></trkpt><trkpt lat="35.850966" lon="139.2008888"><ele>206.07058261150738</ele><time>2024-05-25T23:50:16Z</time></trkpt><trkpt lat="35.8508045" lon="139.2010637"><ele>206.03692900170628</ele><time>2024-05-25T23:50:24Z</time></trkpt><trkpt lat="35.8508726" lon="139.2013278"><ele>206.03638934863906</ele><time>2024-05-25T23:50:29Z</time></trkpt><trkpt lat="35.8509121" lon="139.2015892"><ele>205.70243074134336</ele><time>2024-05-25T23:50:47Z</time></trkpt><trkpt lat="35.8508918" lon="139.2018295"><ele>205.36822771212942</ele><time>2024-05-25T23:50:58Z</time></trkpt><trkpt lat="35.8509904" lon="139.2020702"><ele>204.86734336484872</ele><time>2024-05-25T23:51:10Z</time></trkpt><trkpt lat="35.850989" lon="139.2023218"><ele>204.73318946222835</ele><time>2024-05-25T23:51:22Z</time></trkpt><trkpt lat="35.8510755" lon="139.202562"><ele>204.59890139423646</ele><time>2024-05-25T23:51:34Z</time></trkpt><trkpt lat="35.8511406" lon="139.2028394"><ele>204.59795142081978</ele><time>2024-05-25T23:51:46Z</time></trkpt><trkpt lat="35.8512033" lon="139.2030625"><ele>204.59694962626506</ele><time>2024-05-25T23:51:59Z</time></trkpt><trkpt lat="35.8512867" lon="139.2032617"><ele>204.59599320750416</ele><time>2024-05-25T23:52:11Z</time></trkpt><trkpt lat="35.8514486" lon="139.203376"><ele>204.46174632045756</ele><time>2024-05-25T23:52:22Z</time></trkpt><trkpt lat="35.8516247" lon="139.2035077"><ele>204.8972322737899</ele><time>2024-05-25T23:52:31Z</time></trkpt><trkpt lat="35.8518203" lon="139.2036545"><ele>204.82951294813049</ele><time>2024-05-25T23:52:44Z</time></trkpt><trkpt lat="35.8520325" lon="139.2038132"><ele>204.7283530885387</ele><time>2024-05-25T23:52:58Z</time></trkpt><trkpt lat="35.8522332" lon="139.2038447"><ele>203.29081083386419</ele><time>2024-05-25T23:53:10Z</time></trkpt><trkpt lat="35.8524275" lon="139.2039435"><ele>203.123104037458</ele><time>2024-05-25T23:53:22Z</time></trkpt><trkpt lat="35.8526228" lon="139.2040253"><ele>202.35549365594372</ele><time>2024-05-25T23:53:37Z</time></trkpt><trkpt lat="35.8528162" lon="139.2040999"><ele>202.3545186055686</ele><time>2024-05-25T23:53:47Z</time></trkpt><trkpt lat="35.8530648" lon="139.2041043"><ele>201.65356669437242</ele><time>2024-05-25T23:54:00Z</time></trkpt><trkpt lat="35.8532526" lon="139.204121"><ele>201.71935567577478</ele><time>2024-05-25T23:54:11Z</time></trkpt><trkpt lat="35.8534819" lon="139.2040994"><ele>201.785193731072</ele><time>2024-05-25T23:54:25Z</time></trkpt><trkpt lat="35.8536797" lon="139.2039668"><ele>201.0845647839193</ele><time>2024-05-25T23:54:37Z</time></trkpt><trkpt lat="35.8538852" lon="139.20386"><ele>200.3840327772622</ele><time>2024-05-25T23:54:51Z</time></trkpt><trkpt lat="35.8541176" lon="139.2037943"><ele>199.68353870365763</ele><time>2024-05-25T23:55:04Z</time></trkpt><trkpt lat="35.8543224" lon="139.2037331"><ele>199.58296196479887</ele><time>2024-05-25T23:55:16Z</time></trkpt><trkpt lat="35.8545115" lon="139.2037203"><ele>199.48231452518039</ele><time>2024-05-25T23:55:28Z</time></trkpt><trkpt lat="35.8546897" lon="139.2037684"><ele>199.38162511884548</ele><time>2024-05-25T23:55:37Z</time></trkpt><trkpt lat="35.8548671" lon="139.2038345"><ele>199.38084887514833</ele><time>2024-05-25T23:55:46Z</time></trkpt><trkpt lat="35.8550611" lon="139.2039437"><ele>199.37995022788925</ele><time>2024-05-25T23:55:58Z</time></trkpt><trkpt lat="35.8552495" lon="139.2040387"><ele>199.47899581225533</ele><time>2024-05-25T23:56:09Z</time></trkpt><trkpt lat="35.8554567" lon="139.2041642"><ele>198.2779455564278</ele><time>2024-05-25T23:56:23Z</time></trkpt><trkpt lat="35.8555977" lon="139.2043437"><ele>197.0768955336268</ele><time>2024-05-25T23:56:36Z</time></trkpt><trkpt lat="35.8557673" lon="139.2045146"><ele>195.77579698829535</ele><time>2024-05-25T23:56:48Z</time></trkpt><trkpt lat="35.8559162" lon="139.2047136"><ele>195.67470458510567</ele><time>2024-05-25T23:57:01Z</time></trkpt><trkpt lat="35.8559512" lon="139.2049569"><ele>195.57368433146237</ele><time>2024-05-25T23:57:12Z</time></trkpt><trkpt lat="35.8560903" lon="139.2051124"><ele>195.40605209303723</ele><time>2024-05-25T23:57:22Z</time></trkpt><trkpt lat="35.8562882" lon="139.2052453"><ele>195.4050897946478</ele><time>2024-05-25T23:57:34Z</time></trkpt><trkpt lat="35.8564062" lon="139.205426"><ele>195.40408521284817</ele><time>2024-05-25T23:57:43Z</time></trkpt><trkpt lat="35.8566127" lon="139.2055447"><ele>195.40303347586232</ele><time>2024-05-25T23:57:57Z</time></trkpt><trkpt lat="35.8566889" lon="139.2057506"><ele>195.33539854307892</ele><time>2024-05-25T23:58:06Z</time></trkpt><trkpt lat="35.8568283" lon="139.2058952"><ele>195.26777237981094</ele><time>2024-05-25T23:58:18Z</time></trkpt><trkpt lat="35.8569274" lon="139.2060957"><ele>195.133536944497</ele><time>2024-05-25T23:58:30Z</time></trkpt><trkpt lat="35.8571038" lon="139.2062762"><ele>194.99920352766358</ele><time>2024-05-25T23:58:42Z</time></trkpt><trkpt lat="35.8572553" lon="139.2064875"><ele>194.93145977615123</ele><time>2024-05-25T23:58:56Z</time></trkpt><trkpt lat="35.8573423" lon="139.2066881"><ele>194.9970632758551</ele><time>2024-05-25T23:59:07Z</time></trkpt><trkpt lat="35.8574978" lon="139.2068922"><ele>195.06267183151738</ele><time>2024-05-25T23:59:19Z</time></trkpt><trkpt lat="35.8576465" lon="139.2070554"><ele>197.7204881489506</ele><time>2024-05-25T23:59:31Z</time></trkpt><trkpt lat="35.8577713" lon="139.2072949"><ele>196.2498461548737</ele><time>2024-05-25T23:59:49Z</time></trkpt><trkpt lat="35.857849" lon="139.2076229"><ele>196.44792689664573</ele><time>2024-05-26T00:00:01Z</time></trkpt><trkpt lat="35.8578238" lon="139.2079019"><ele>193.516097047564</ele><time>2024-05-26T00:00:09Z</time></trkpt><trkpt lat="35.857608" lon="139.2079982"><ele>195.0429433723464</ele><time>2024-05-26T00:00:21Z</time></trkpt><trkpt lat="35.8573849" lon="139.2081429"><ele>193.8438325420268</ele><time>2024-05-26T00:00:33Z</time></trkpt><trkpt lat="35.8572067" lon="139.208196"><ele>193.11630763639448</ele><time>2024-05-26T00:00:42Z</time></trkpt><trkpt lat="35.856993" lon="139.208248"><ele>192.0590680251565</ele><time>2024-05-26T00:00:54Z</time></trkpt><trkpt lat="35.8567879" lon="139.208332"><ele>192.05961185335903</ele><time>2024-05-26T00:01:05Z</time></trkpt><trkpt lat="35.8565687" lon="139.2083724"><ele>192.06021650966102</ele><time>2024-05-26T00:01:21Z</time></trkpt><trkpt lat="35.8563621" lon="139.208399"><ele>192.06083592471668</ele><time>2024-05-26T00:01:32Z</time></trkpt><trkpt lat="35.8561852" lon="139.2084899"><ele>191.09474946261938</ele><time>2024-05-26T00:01:43Z</time></trkpt><trkpt lat="35.8560016" lon="139.2085602"><ele>190.1285913050474</ele><time>2024-05-26T00:01:55Z</time></trkpt><trkpt lat="35.8558609" lon="139.208727"><ele>189.69555080040308</ele><time>2024-05-26T00:02:07Z</time></trkpt><trkpt lat="35.8557873" lon="139.2089704"><ele>190.12890426085733</ele><time>2024-05-26T00:02:18Z</time></trkpt><trkpt lat="35.8556971" lon="139.2092411"><ele>190.5619544917024</ele><time>2024-05-26T00:02:33Z</time></trkpt><trkpt lat="35.8556418" lon="139.2094776"><ele>190.52817549824144</ele><time>2024-05-26T00:02:45Z</time></trkpt><trkpt lat="35.8557451" lon="139.2097136"><ele>190.62752256505283</ele><time>2024-05-26T00:02:56Z</time></trkpt><trkpt lat="35.8559315" lon="139.209891"><ele>189.1266264843483</ele><time>2024-05-26T00:03:11Z</time></trkpt><trkpt lat="35.8560975" lon="139.2100288"><ele>187.55888957058656</ele><time>2024-05-26T00:03:23Z</time></trkpt><trkpt lat="35.8562912" lon="139.2101792"><ele>188.15779905790032</ele><time>2024-05-26T00:03:35Z</time></trkpt><trkpt lat="35.8564239" lon="139.2103664"><ele>190.95676680492883</ele><time>2024-05-26T00:03:45Z</time></trkpt><trkpt lat="35.8566198" lon="139.2104742"><ele>193.75572854776354</ele><time>2024-05-26T00:03:59Z</time></trkpt><trkpt lat="35.8567595" lon="139.2106807"><ele>194.35470108959854</ele><time>2024-05-26T00:04:10Z</time></trkpt><trkpt lat="35.8569195" lon="139.2108254"><ele>193.45368251086856</ele><time>2024-05-26T00:04:22Z</time></trkpt><trkpt lat="35.8570836" lon="139.210991"><ele>192.55264871808606</ele><time>2024-05-26T00:04:35Z</time></trkpt><trkpt lat="35.8572396" lon="139.2111709"><ele>191.65162201551138</ele><time>2024-05-26T00:04:48Z</time></trkpt><trkpt lat="35.8573703" lon="139.2113516"><ele>191.51726018143142</ele><time>2024-05-26T00:05:00Z</time></trkpt><trkpt lat="35.8575295" lon="139.2114982"><ele>191.38292325528082</ele><time>2024-05-26T00:05:14Z</time></trkpt><trkpt lat="35.8576938" lon="139.2116534"><ele>191.2486009550383</ele><time>2024-05-26T00:05:26Z</time></trkpt><trkpt lat="35.8578797" lon="139.2117505"><ele>191.24762910121783</ele><time>2024-05-26T00:05:37Z</time></trkpt><trkpt lat="35.8580773" lon="139.2118592"><ele>191.24664848720064</ele><time>2024-05-26T00:05:49Z</time></trkpt><trkpt lat="35.858285" lon="139.2119806"><ele>191.2456494704776</ele><time>2024-05-26T00:06:03Z</time></trkpt><trkpt lat="35.8584491" lon="139.2120884"><ele>191.2446671910441</ele><time>2024-05-26T00:06:18Z</time></trkpt><trkpt lat="35.8586099" lon="139.2122511"><ele>191.24367936135909</ele><time>2024-05-26T00:06:27Z</time></trkpt><trkpt lat="35.8587557" lon="139.2124473"><ele>191.24269637249748</ele><time>2024-05-26T00:06:41Z</time></trkpt><trkpt lat="35.8588231" lon="139.2126927"><ele>191.241700863407</ele><time>2024-05-26T00:06:54Z</time></trkpt><trkpt lat="35.8589535" lon="139.2128734"><ele>191.24072566006123</ele><time>2024-05-26T00:07:03Z</time></trkpt><trkpt lat="35.8590306" lon="139.2131049"><ele>191.23979943537213</ele><time>2024-05-26T00:07:18Z</time></trkpt><trkpt lat="35.8590801" lon="139.2133468"><ele>191.2388982190978</ele><time>2024-05-26T00:07:30Z</time></trkpt><trkpt lat="35.8590784" lon="139.2136344"><ele>191.238053307405</ele><time>2024-05-26T00:07:42Z</time></trkpt><trkpt lat="35.8590629" lon="139.2138753"><ele>191.23730775765355</ele><time>2024-05-26T00:07:54Z</time></trkpt><trkpt lat="35.8590064" lon="139.214116"><ele>191.2366862270143</ele><time>2024-05-26T00:08:06Z</time></trkpt><trkpt lat="35.8588931" lon="139.2143256"><ele>189.98042087641969</ele><time>2024-05-26T00:08:18Z</time></trkpt><trkpt lat="35.8587656" lon="139.2145108"><ele>189.3468481885515</ele><time>2024-05-26T00:08:29Z</time></trkpt><trkpt lat="35.8586333" lon="139.2147473"><ele>187.67229404056312</ele><time>2024-05-26T00:08:41Z</time></trkpt><trkpt lat="35.8585433" lon="139.2149613"><ele>187.56129112841737</ele><time>2024-05-26T00:08:54Z</time></trkpt><trkpt lat="35.8584279" lon="139.2151614"><ele>186.82774646527562</ele><time>2024-05-26T00:09:06Z</time></trkpt><trkpt lat="35.8584077" lon="139.2153997"><ele>188.6567280533101</ele><time>2024-05-26T00:09:15Z</time></trkpt><trkpt lat="35.8584026" lon="139.215635"><ele>188.8619551149743</ele><time>2024-05-26T00:09:27Z</time></trkpt><trkpt lat="35.8584708" lon="139.2158639"><ele>187.79458599418126</ele><time>2024-05-26T00:09:38Z</time></trkpt><trkpt lat="35.8585077" lon="139.2161773"><ele>186.37216303061658</ele><time>2024-05-26T00:09:57Z</time></trkpt><trkpt lat="35.8585478" lon="139.2164129"><ele>185.09891959149047</ele><time>2024-05-26T00:10:05Z</time></trkpt><trkpt lat="35.8586737" lon="139.2166566"><ele>185.09795706738404</ele><time>2024-05-26T00:10:15Z</time></trkpt><trkpt lat="35.8588866" lon="139.2166993"><ele>185.09704553316476</ele><time>2024-05-26T00:10:32Z</time></trkpt><trkpt lat="35.8590664" lon="139.2167368"><ele>186.29616103690134</ele><time>2024-05-26T00:10:51Z</time></trkpt><trkpt lat="35.8592379" lon="139.216858"><ele>187.69534087031275</ele><time>2024-05-26T00:11:51Z</time></trkpt><trkpt lat="35.8594208" lon="139.2169367"><ele>188.56118689594095</ele><time>2024-05-26T00:12:05Z</time></trkpt><trkpt lat="35.8596132" lon="139.2170613"><ele>190.92693961203713</ele><time>2024-05-26T00:12:19Z</time></trkpt><trkpt lat="35.8598042" lon="139.2170974"><ele>192.35940959709578</ele><time>2024-05-26T00:12:30Z</time></trkpt><trkpt lat="35.860022" lon="139.2172664"><ele>193.2250981839251</ele><time>2024-05-26T00:12:44Z</time></trkpt><trkpt lat="35.860169" lon="139.2174007"><ele>192.39082829858157</ele><time>2024-05-26T00:12:56Z</time></trkpt><trkpt lat="35.8603052" lon="139.217582"><ele>192.28982645906171</ele><time>2024-05-26T00:13:10Z</time></trkpt><trkpt lat="35.8604392" lon="139.2177353"><ele>192.1222639682451</ele><time>2024-05-26T00:13:23Z</time></trkpt><trkpt lat="35.8603144" lon="139.2179232"><ele>192.02162472581406</ele><time>2024-05-26T00:13:35Z</time></trkpt><trkpt lat="35.8604161" lon="139.2181853"><ele>193.31609840690396</ele><time>2024-05-26T00:13:41Z</time></trkpt><trkpt lat="35.8603795" lon="139.2184317"><ele>190.28219827507897</ele><time>2024-05-26T00:13:54Z</time></trkpt><trkpt lat="35.8603543" lon="139.2186587"><ele>189.2791513993844</ele><time>2024-05-26T00:14:06Z</time></trkpt><trkpt lat="35.8603939" lon="139.2188977"><ele>184.5167145841798</ele><time>2024-05-26T00:14:19Z</time></trkpt><trkpt lat="35.8604356" lon="139.2192061"><ele>183.98261425592827</ele><time>2024-05-26T00:14:33Z</time></trkpt><trkpt lat="35.860556" lon="139.2194177"><ele>181.4173706613221</ele><time>2024-05-26T00:14:53Z</time></trkpt><trkpt lat="35.8606123" lon="139.2196622"><ele>181.1831030277518</ele><time>2024-05-26T00:15:07Z</time></trkpt><trkpt lat="35.8607667" lon="139.2198104"><ele>181.0488576426744</ele><time>2024-05-26T00:15:17Z</time></trkpt><trkpt lat="35.8610249" lon="139.2198492"><ele>181.01461314556335</ele><time>2024-05-26T00:15:22Z</time></trkpt><trkpt lat="35.8611691" lon="139.2200433"><ele>181.013653648918</ele><time>2024-05-26T00:15:34Z</time></trkpt><trkpt lat="35.8612534" lon="139.2202725"><ele>180.71270183243337</ele><time>2024-05-26T00:15:47Z</time></trkpt><trkpt lat="35.8613233" lon="139.2205279"><ele>180.31176285411922</ele><time>2024-05-26T00:16:02Z</time></trkpt><trkpt lat="35.8614807" lon="139.2206511"><ele>179.91087440023512</ele><time>2024-05-26T00:16:17Z</time></trkpt><trkpt lat="35.8615627" lon="139.2203953"><ele>179.477089183</ele><time>2024-05-26T00:16:23Z</time></trkpt><trkpt lat="35.8617737" lon="139.2203793"><ele>179.87672602212433</ele><time>2024-05-26T00:16:38Z</time></trkpt><trkpt lat="35.861996" lon="139.2204445"><ele>179.3430092304355</ele><time>2024-05-26T00:16:50Z</time></trkpt><trkpt lat="35.8622028" lon="139.2204539"><ele>179.142250523081</ele><time>2024-05-26T00:17:02Z</time></trkpt><trkpt lat="35.8624122" lon="139.2205067"><ele>179.30810110239085</ele><time>2024-05-26T00:17:19Z</time></trkpt><trkpt lat="35.8625158" lon="139.2207591"><ele>180.17391844682106</ele><time>2024-05-26T00:17:31Z</time></trkpt><trkpt lat="35.8625872" lon="139.2210237"><ele>180.73965532902682</ele><time>2024-05-26T00:17:43Z</time></trkpt><trkpt lat="35.8626445" lon="139.2212843"><ele>180.33871088449192</ele><time>2024-05-26T00:17:54Z</time></trkpt><trkpt lat="35.8627494" lon="139.2214989"><ele>180.17113207194583</ele><time>2024-05-26T00:18:05Z</time></trkpt><trkpt lat="35.8628083" lon="139.2217107"><ele>180.1702813191969</ele><time>2024-05-26T00:18:17Z</time></trkpt><trkpt lat="35.8629185" lon="139.2219167"><ele>180.0360858710127</ele><time>2024-05-26T00:18:29Z</time></trkpt><trkpt lat="35.862974" lon="139.2221306"><ele>179.56861242094774</ele><time>2024-05-26T00:18:38Z</time></trkpt><trkpt lat="35.8631661" lon="139.2221683"><ele>179.2678208590695</ele><time>2024-05-26T00:18:54Z</time></trkpt><trkpt lat="35.8633191" lon="139.2223362"><ele>178.93368224836323</ele><time>2024-05-26T00:19:03Z</time></trkpt><trkpt lat="35.8634809" lon="139.2224415"><ele>178.89952825039504</ele><time>2024-05-26T00:19:16Z</time></trkpt><trkpt lat="35.863699" lon="139.2225938"><ele>179.69857442444496</ele><time>2024-05-26T00:19:32Z</time></trkpt><trkpt lat="35.8639374" lon="139.2227274"><ele>180.53089516787168</ele><time>2024-05-26T00:19:47Z</time></trkpt><trkpt lat="35.8640476" lon="139.2229136"><ele>181.39653221158332</ele><time>2024-05-26T00:19:58Z</time></trkpt><trkpt lat="35.8642372" lon="139.2229939"><ele>181.39560088437452</ele><time>2024-05-26T00:20:08Z</time></trkpt><trkpt lat="35.8643926" lon="139.2231468"><ele>181.39474354714102</ele><time>2024-05-26T00:20:22Z</time></trkpt><trkpt lat="35.8642837" lon="139.2233452"><ele>181.3941121723714</ele><time>2024-05-26T00:20:34Z</time></trkpt><trkpt lat="35.8641115" lon="139.2234953"><ele>181.55036434220725</ele><time>2024-05-26T00:20:48Z</time></trkpt><trkpt lat="35.8639275" lon="139.2235609"><ele>180.71716880485667</ele><time>2024-05-26T00:20:59Z</time></trkpt><trkpt lat="35.8637473" lon="139.2235997"><ele>179.05085516116196</ele><time>2024-05-26T00:21:08Z</time></trkpt><trkpt lat="35.863594" lon="139.2237735"><ele>177.46128157468198</ele><time>2024-05-26T00:21:22Z</time></trkpt><trkpt lat="35.8633942" lon="139.2237566"><ele>176.7283489382439</ele><time>2024-05-26T00:21:37Z</time></trkpt><trkpt lat="35.8632944" lon="139.2239525"><ele>176.82852455514617</ele><time>2024-05-26T00:21:45Z</time></trkpt><trkpt lat="35.8631533" lon="139.2241168"><ele>176.59535594574444</ele><time>2024-05-26T00:21:54Z</time></trkpt><trkpt lat="35.8629984" lon="139.2242401"><ele>176.4953512575628</ele><time>2024-05-26T00:22:05Z</time></trkpt><trkpt lat="35.8628665" lon="139.2243961"><ele>176.42875034469625</ele><time>2024-05-26T00:22:22Z</time></trkpt><trkpt lat="35.8630092" lon="139.2246131"><ele>176.46180075713687</ele><time>2024-05-26T00:22:31Z</time></trkpt><trkpt lat="35.8631167" lon="139.2248145"><ele>176.52783797084012</ele><time>2024-05-26T00:22:40Z</time></trkpt><trkpt lat="35.8631501" lon="139.2250392"><ele>176.39363124316628</ele><time>2024-05-26T00:22:53Z</time></trkpt><trkpt lat="35.8631277" lon="139.2253171"><ele>176.226172520731</ele><time>2024-05-26T00:23:14Z</time></trkpt><trkpt lat="35.863158" lon="139.2255501"><ele>176.02540022125427</ele><time>2024-05-26T00:23:26Z</time></trkpt><trkpt lat="35.8630986" lon="139.2258081"><ele>175.9913328966435</ele><time>2024-05-26T00:23:39Z</time></trkpt><trkpt lat="35.863054" lon="139.2260596"><ele>175.99065135124488</ele><time>2024-05-26T00:23:54Z</time></trkpt><trkpt lat="35.8631421" lon="139.2263347"><ele>175.9898656618161</ele><time>2024-05-26T00:24:06Z</time></trkpt><trkpt lat="35.8631195" lon="139.2265544"><ele>175.9890801596448</ele><time>2024-05-26T00:24:16Z</time></trkpt><trkpt lat="35.8630423" lon="139.2268303"><ele>175.521639416667</ele><time>2024-05-26T00:24:27Z</time></trkpt><trkpt lat="35.8630474" lon="139.2270921"><ele>174.9542989878211</ele><time>2024-05-26T00:24:38Z</time></trkpt><trkpt lat="35.8628249" lon="139.22716"><ele>174.18732263772822</ele><time>2024-05-26T00:25:00Z</time></trkpt><trkpt lat="35.8626379" lon="139.2271502"><ele>173.55408561754655</ele><time>2024-05-26T00:25:09Z</time></trkpt><trkpt lat="35.8624402" lon="139.2271579"><ele>173.0213235242962</ele><time>2024-05-26T00:25:20Z</time></trkpt><trkpt lat="35.8622489" lon="139.2271252"><ele>172.6886335315845</ele><time>2024-05-26T00:25:34Z</time></trkpt><trkpt lat="35.8620388" lon="139.2270611"><ele>172.68935695243127</ele><time>2024-05-26T00:25:46Z</time></trkpt><trkpt lat="35.8617871" lon="139.2271153"><ele>172.89009171036102</ele><time>2024-05-26T00:26:05Z</time></trkpt><trkpt lat="35.8615725" lon="139.22703"><ele>173.19090613253766</ele><time>2024-05-26T00:26:17Z</time></trkpt><trkpt lat="35.8613856" lon="139.2270935"><ele>173.49156518068784</ele><time>2024-05-26T00:26:28Z</time></trkpt><trkpt lat="35.8611903" lon="139.2270652"><ele>173.5922473484759</ele><time>2024-05-26T00:26:40Z</time></trkpt><trkpt lat="35.8609678" lon="139.2269443"><ele>173.8263058886663</ele><time>2024-05-26T00:26:56Z</time></trkpt><trkpt lat="35.8607819" lon="139.2271009"><ele>176.1872868314807</ele><time>2024-05-26T00:27:08Z</time></trkpt><trkpt lat="35.8606091" lon="139.227174"><ele>178.49135671617339</ele><time>2024-05-26T00:27:20Z</time></trkpt><trkpt lat="35.860381" lon="139.2271815"><ele>178.791729904784</ele><time>2024-05-26T00:27:35Z</time></trkpt><trkpt lat="35.8601868" lon="139.2271747"><ele>176.9652605374329</ele><time>2024-05-26T00:27:46Z</time></trkpt><trkpt lat="35.8600074" lon="139.2270891"><ele>175.29574553820575</ele><time>2024-05-26T00:27:58Z</time></trkpt><trkpt lat="35.8598121" lon="139.2269672"><ele>175.76323626237453</ele><time>2024-05-26T00:28:12Z</time></trkpt><trkpt lat="35.8596458" lon="139.2271287"><ele>176.36376388131688</ele><time>2024-05-26T00:28:20Z</time></trkpt><trkpt lat="35.859464" lon="139.2271564"><ele>175.96426885720393</ele><time>2024-05-26T00:28:32Z</time></trkpt><trkpt lat="35.8592977" lon="139.2273987"><ele>175.09769786676796</ele><time>2024-05-26T00:28:49Z</time></trkpt><trkpt lat="35.8593838" lon="139.2276677"><ele>174.0975098331809</ele><time>2024-05-26T00:29:00Z</time></trkpt><trkpt lat="35.8592879" lon="139.227905"><ele>174.09692322362494</ele><time>2024-05-26T00:29:14Z</time></trkpt><trkpt lat="35.8591037" lon="139.2280059"><ele>174.09650102443666</ele><time>2024-05-26T00:29:26Z</time></trkpt><trkpt lat="35.8590121" lon="139.2282448"><ele>174.72962821217143</ele><time>2024-05-26T00:29:40Z</time></trkpt><trkpt lat="35.85884" lon="139.2283762"><ele>175.26294358215998</ele><time>2024-05-26T00:29:52Z</time></trkpt><trkpt lat="35.8589167" lon="139.2286341"><ele>175.895823088321</ele><time>2024-05-26T00:30:01Z</time></trkpt><trkpt lat="35.8588563" lon="139.2289157"><ele>175.82862851744588</ele><time>2024-05-26T00:30:12Z</time></trkpt><trkpt lat="35.8587069" lon="139.2291525"><ele>175.72797060851232</ele><time>2024-05-26T00:30:31Z</time></trkpt><trkpt lat="35.8587171" lon="139.2294388"><ele>175.66068350890382</ele><time>2024-05-26T00:30:46Z</time></trkpt><trkpt lat="35.858864" lon="139.2296198"><ele>173.92661592822353</ele><time>2024-05-26T00:30:57Z</time></trkpt><trkpt lat="35.8590133" lon="139.2297739"><ele>172.2256505141872</ele><time>2024-05-26T00:31:09Z</time></trkpt><trkpt lat="35.8589285" lon="139.2300201"><ele>170.49149602955836</ele><time>2024-05-26T00:31:23Z</time></trkpt><trkpt lat="35.859008" lon="139.2302636"><ele>169.39067923418145</ele><time>2024-05-26T00:31:34Z</time></trkpt><trkpt lat="35.8591491" lon="139.2304117"><ele>168.28987749486137</ele><time>2024-05-26T00:31:40Z</time></trkpt><trkpt lat="35.8592275" lon="139.2306961"><ele>167.1888654382912</ele><time>2024-05-26T00:31:55Z</time></trkpt><trkpt lat="35.8592004" lon="139.2309319"><ele>167.1879741659425</ele><time>2024-05-26T00:32:14Z</time></trkpt><trkpt lat="35.8592338" lon="139.2312006"><ele>166.95373905675982</ele><time>2024-05-26T00:32:29Z</time></trkpt><trkpt lat="35.8593434" lon="139.2314202"><ele>166.71953839571512</ele><time>2024-05-26T00:32:40Z</time></trkpt><trkpt lat="35.8593887" lon="139.2316634"><ele>166.48525449306217</ele><time>2024-05-26T00:32:51Z</time></trkpt><trkpt lat="35.859403" lon="139.2319241"><ele>166.4843312715274</ele><time>2024-05-26T00:33:03Z</time></trkpt><trkpt lat="35.8594888" lon="139.2321643"><ele>166.4834119085366</ele><time>2024-05-26T00:33:16Z</time></trkpt><trkpt lat="35.8595062" lon="139.2323865"><ele>166.4158778077571</ele><time>2024-05-26T00:33:25Z</time></trkpt><trkpt lat="35.8595993" lon="139.2327039"><ele>166.34820321079485</ele><time>2024-05-26T00:33:45Z</time></trkpt><trkpt lat="35.8597349" lon="139.2328722"><ele>166.38055213633697</ele><time>2024-05-26T00:33:57Z</time></trkpt><trkpt lat="35.8598037" lon="139.2330793"><ele>166.47952890986633</ele><time>2024-05-26T00:34:13Z</time></trkpt><trkpt lat="35.8599105" lon="139.2332647"><ele>166.14529345140767</ele><time>2024-05-26T00:34:25Z</time></trkpt><trkpt lat="35.859998" lon="139.2334606"><ele>166.14441323735207</ele><time>2024-05-26T00:34:39Z</time></trkpt><trkpt lat="35.8601392" lon="139.233686"><ele>165.71010475940687</ele><time>2024-05-26T00:34:53Z</time></trkpt><trkpt lat="35.860278" lon="139.2338742"><ele>166.14242913331248</ele><time>2024-05-26T00:35:07Z</time></trkpt><trkpt lat="35.8604484" lon="139.2339602"><ele>166.14144641514486</ele><time>2024-05-26T00:35:16Z</time></trkpt><trkpt lat="35.8605654" lon="139.234139"><ele>166.14053717553546</ele><time>2024-05-26T00:35:30Z</time></trkpt><trkpt lat="35.8607597" lon="139.2341783"><ele>166.13972376327524</ele><time>2024-05-26T00:35:42Z</time></trkpt><trkpt lat="35.8609729" lon="139.2342749"><ele>165.90551782141947</ele><time>2024-05-26T00:35:54Z</time></trkpt><trkpt lat="35.86118" lon="139.2343478"><ele>166.1046618044767</ele><time>2024-05-26T00:36:06Z</time></trkpt><trkpt lat="35.8613617" lon="139.2344005"><ele>165.87047090724903</ele><time>2024-05-26T00:36:22Z</time></trkpt><trkpt lat="35.8615896" lon="139.2344126"><ele>165.86968913371655</ele><time>2024-05-26T00:36:31Z</time></trkpt><trkpt lat="35.8617916" lon="139.2344442"><ele>165.70228853058987</ele><time>2024-05-26T00:36:43Z</time></trkpt><trkpt lat="35.8619331" lon="139.2345829"><ele>165.53484156338325</ele><time>2024-05-26T00:36:55Z</time></trkpt><trkpt lat="35.8620803" lon="139.2347604"><ele>165.36730886845876</ele><time>2024-05-26T00:37:07Z</time></trkpt><trkpt lat="35.8622283" lon="139.2349514"><ele>165.3663356732162</ele><time>2024-05-26T00:37:21Z</time></trkpt><trkpt lat="35.8623965" lon="139.235082"><ele>165.03201007373312</ele><time>2024-05-26T00:37:33Z</time></trkpt><trkpt lat="35.8625003" lon="139.235275"><ele>164.69771392935834</ele><time>2024-05-26T00:37:44Z</time></trkpt><trkpt lat="35.8626701" lon="139.2354517"><ele>164.3634102114389</ele><time>2024-05-26T00:38:13Z</time></trkpt><trkpt lat="35.8628291" lon="139.2356284"><ele>164.2957368460923</ele><time>2024-05-26T00:38:27Z</time></trkpt><trkpt lat="35.8629175" lon="139.2358349"><ele>164.22806592797767</ele><time>2024-05-26T00:38:36Z</time></trkpt><trkpt lat="35.8630674" lon="139.2360056"><ele>164.06042110792205</ele><time>2024-05-26T00:38:48Z</time></trkpt><trkpt lat="35.8631758" lon="139.2362185"><ele>163.95945760365103</ele><time>2024-05-26T00:39:02Z</time></trkpt><trkpt lat="35.8633279" lon="139.2364139"><ele>163.82510962013606</ele><time>2024-05-26T00:39:16Z</time></trkpt><trkpt lat="35.8635217" lon="139.2365235"><ele>163.79078010556663</ele><time>2024-05-26T00:39:29Z</time></trkpt><trkpt lat="35.8637385" lon="139.2365218"><ele>163.7898884800925</ele><time>2024-05-26T00:39:41Z</time></trkpt><trkpt lat="35.8636848" lon="139.2367583"><ele>163.8224980647332</ele><time>2024-05-26T00:39:49Z</time></trkpt><trkpt lat="35.8636025" lon="139.2369737"><ele>164.2886192056988</ele><time>2024-05-26T00:40:03Z</time></trkpt><trkpt lat="35.8636587" lon="139.2371865"><ele>164.22135692365399</ele><time>2024-05-26T00:40:17Z</time></trkpt><trkpt lat="35.8638746" lon="139.2372811"><ele>164.1539614096229</ele><time>2024-05-26T00:40:25Z</time></trkpt><trkpt lat="35.8640489" lon="139.2374585"><ele>164.15300577146493</ele><time>2024-05-26T00:40:40Z</time></trkpt><trkpt lat="35.8642366" lon="139.237475"><ele>164.3854474945019</ele><time>2024-05-26T00:40:48Z</time></trkpt><trkpt lat="35.8642694" lon="139.2377112"><ele>165.35127117342526</ele><time>2024-05-26T00:41:00Z</time></trkpt><trkpt lat="35.8643548" lon="139.2379146"><ele>165.81716024372466</ele><time>2024-05-26T00:41:14Z</time></trkpt><trkpt lat="35.8645084" lon="139.2380763"><ele>166.5496042746208</ele><time>2024-05-26T00:41:23Z</time></trkpt><trkpt lat="35.8645998" lon="139.2383286"><ele>166.68196567722597</ele><time>2024-05-26T00:41:38Z</time></trkpt><trkpt lat="35.864779" lon="139.2384896"><ele>167.51427611690477</ele><time>2024-05-26T00:41:55Z</time></trkpt><trkpt lat="35.8649739" lon="139.2385487"><ele>167.46798684899258</ele><time>2024-05-26T00:42:07Z</time></trkpt><trkpt lat="35.8652052" lon="139.2386212"><ele>168.1003972606556</ele><time>2024-05-26T00:42:21Z</time></trkpt><trkpt lat="35.8654033" lon="139.2385666"><ele>168.94478980413692</ele><time>2024-05-26T00:42:32Z</time></trkpt><trkpt lat="35.8655846" lon="139.2384919"><ele>170.05491686230275</ele><time>2024-05-26T00:42:49Z</time></trkpt><trkpt lat="35.8657788" lon="139.2384478"><ele>168.32117095703927</ele><time>2024-05-26T00:43:00Z</time></trkpt><trkpt lat="35.8659235" lon="139.2382573"><ele>165.70916948535015</ele><time>2024-05-26T00:43:14Z</time></trkpt><trkpt lat="35.8661071" lon="139.238237"><ele>163.34351925557291</ele><time>2024-05-26T00:43:29Z</time></trkpt><trkpt lat="35.8662892" lon="139.2381276"><ele>163.00998599882914</ele><time>2024-05-26T00:43:42Z</time></trkpt><trkpt lat="35.8664508" lon="139.2379284"><ele>163.0097771675448</ele><time>2024-05-26T00:43:53Z</time></trkpt><trkpt lat="35.8666552" lon="139.2378638"><ele>163.0095916971362</ele><time>2024-05-26T00:44:07Z</time></trkpt><trkpt lat="35.8668522" lon="139.2377595"><ele>163.00942131166195</ele><time>2024-05-26T00:44:18Z</time></trkpt><trkpt lat="35.8669977" lon="139.2376162"><ele>162.30923629209784</ele><time>2024-05-26T00:44:29Z</time></trkpt><trkpt lat="35.8671244" lon="139.2374416"><ele>161.875934262788</ele><time>2024-05-26T00:44:40Z</time></trkpt><trkpt lat="35.8672923" lon="139.237305"><ele>161.44269043231222</ele><time>2024-05-26T00:44:54Z</time></trkpt><trkpt lat="35.8674516" lon="139.2371185"><ele>164.7942675138433</ele><time>2024-05-26T00:45:13Z</time></trkpt><trkpt lat="35.8676036" lon="139.2369265"><ele>164.69438798151268</ele><time>2024-05-26T00:45:27Z</time></trkpt><trkpt lat="35.8677567" lon="139.236748"><ele>164.5945618391543</ele><time>2024-05-26T00:45:41Z</time></trkpt><trkpt lat="35.8679257" lon="139.2366491"><ele>160.90984497185633</ele><time>2024-05-26T00:45:52Z</time></trkpt><trkpt lat="35.8680368" lon="139.2364107"><ele>160.8099959943934</ele><time>2024-05-26T00:46:06Z</time></trkpt><trkpt lat="35.8680792" lon="139.2361037"><ele>160.67703328398613</ele><time>2024-05-26T00:46:18Z</time></trkpt><trkpt lat="35.8682503" lon="139.236193"><ele>160.51054883976838</ele><time>2024-05-26T00:46:26Z</time></trkpt><trkpt lat="35.8683916" lon="139.2360202"><ele>160.47730328708548</ele><time>2024-05-26T00:46:52Z</time></trkpt><trkpt lat="35.8685602" lon="139.2358716"><ele>160.3104594100108</ele><time>2024-05-26T00:47:03Z</time></trkpt><trkpt lat="35.8686973" lon="139.2356541"><ele>160.31061734973005</ele><time>2024-05-26T00:47:15Z</time></trkpt><trkpt lat="35.8688605" lon="139.2355079"><ele>160.31072877786417</ele><time>2024-05-26T00:47:27Z</time></trkpt><trkpt lat="35.8691477" lon="139.2352023"><ele>160.4775600823682</ele><time>2024-05-26T00:47:42Z</time></trkpt><trkpt lat="35.8693179" lon="139.2351074"><ele>160.54423838389175</ele><time>2024-05-26T00:48:00Z</time></trkpt><trkpt lat="35.8695084" lon="139.2349753"><ele>160.4442110834904</ele><time>2024-05-26T00:48:10Z</time></trkpt><trkpt lat="35.8696586" lon="139.2348494"><ele>160.34412112387926</ele><time>2024-05-26T00:48:22Z</time></trkpt><trkpt lat="35.8698423" lon="139.2347623"><ele>160.41068268055724</ele><time>2024-05-26T00:48:33Z</time></trkpt><trkpt lat="35.8700119" lon="139.2348382"><ele>160.47705583683452</ele><time>2024-05-26T00:48:40Z</time></trkpt><trkpt lat="35.8702441" lon="139.2349035"><ele>159.74316619967695</ele><time>2024-05-26T00:48:52Z</time></trkpt><trkpt lat="35.8703769" lon="139.2350992"><ele>159.34237000002884</ele><time>2024-05-26T00:49:03Z</time></trkpt><trkpt lat="35.8706731" lon="139.2353236"><ele>158.84132425629122</ele><time>2024-05-26T00:49:19Z</time></trkpt><trkpt lat="35.8707838" lon="139.2355383"><ele>159.1402403780846</ele><time>2024-05-26T00:49:37Z</time></trkpt><trkpt lat="35.8709207" lon="139.2357573"><ele>159.00579738968335</ele><time>2024-05-26T00:49:52Z</time></trkpt><trkpt lat="35.871042" lon="139.2359661"><ele>158.80485047295306</ele><time>2024-05-26T00:50:05Z</time></trkpt><trkpt lat="35.8711399" lon="139.2361781"><ele>158.77058498000693</ele><time>2024-05-26T00:50:16Z</time></trkpt><trkpt lat="35.8710611" lon="139.2364416"><ele>158.76979561047668</ele><time>2024-05-26T00:50:29Z</time></trkpt><trkpt lat="35.8710683" lon="139.2367288"><ele>158.3690280060642</ele><time>2024-05-26T00:50:41Z</time></trkpt><trkpt lat="35.8710882" lon="139.2370107"><ele>158.16825543400998</ele><time>2024-05-26T00:50:54Z</time></trkpt><trkpt lat="35.8711177" lon="139.2372865"><ele>157.96737911460454</ele><time>2024-05-26T00:51:09Z</time></trkpt><trkpt lat="35.8711069" lon="139.2375518"><ele>158.33320513968692</ele><time>2024-05-26T00:51:21Z</time></trkpt><trkpt lat="35.8710141" lon="139.2377683"><ele>158.2325301052811</ele><time>2024-05-26T00:51:36Z</time></trkpt><trkpt lat="35.8709498" lon="139.2379861"><ele>158.0319891507112</ele><time>2024-05-26T00:51:50Z</time></trkpt><trkpt lat="35.8708754" lon="139.2382455"><ele>157.83150651538082</ele><time>2024-05-26T00:51:59Z</time></trkpt><trkpt lat="35.8710906" lon="139.2383648"><ele>157.59752159433617</ele><time>2024-05-26T00:52:10Z</time></trkpt><trkpt lat="35.8709632" lon="139.2385487"><ele>157.59695947191506</ele><time>2024-05-26T00:52:17Z</time></trkpt><trkpt lat="35.8709477" lon="139.2387815"><ele>157.59637430279793</ele><time>2024-05-26T00:52:27Z</time></trkpt><trkpt lat="35.870892" lon="139.2390499"><ele>157.72920460289484</ele><time>2024-05-26T00:52:39Z</time></trkpt><trkpt lat="35.8707159" lon="139.2391227"><ele>157.7288466838395</ele><time>2024-05-26T00:52:44Z</time></trkpt><trkpt lat="35.8707232" lon="139.2393642"><ele>157.72846089968542</ele><time>2024-05-26T00:52:54Z</time></trkpt><trkpt lat="35.8708116" lon="139.2395579"><ele>157.49469691209484</ele><time>2024-05-26T00:53:03Z</time></trkpt><trkpt lat="35.8708221" lon="139.2398189"><ele>157.2605943417106</ele><time>2024-05-26T00:53:17Z</time></trkpt><trkpt lat="35.870734" lon="139.2400178"><ele>157.02661184948613</ele><time>2024-05-26T00:53:28Z</time></trkpt><trkpt lat="35.8706044" lon="139.2402402"><ele>156.95944127256746</ele><time>2024-05-26T00:53:39Z</time></trkpt><trkpt lat="35.8706296" lon="139.2404668"><ele>156.35896183893865</ele><time>2024-05-26T00:53:51Z</time></trkpt><trkpt lat="35.8706818" lon="139.2407279"><ele>155.72497114531575</ele><time>2024-05-26T00:53:59Z</time></trkpt><trkpt lat="35.8706037" lon="139.2409924"><ele>155.1909026052046</ele><time>2024-05-26T00:54:11Z</time></trkpt><trkpt lat="35.8705395" lon="139.2412044"><ele>155.19025111674716</ele><time>2024-05-26T00:54:17Z</time></trkpt><trkpt lat="35.8703301" lon="139.2411931"><ele>155.2234142263208</ele><time>2024-05-26T00:54:30Z</time></trkpt><trkpt lat="35.8701583" lon="139.2413161"><ele>155.22345596506923</ele><time>2024-05-26T00:54:41Z</time></trkpt><trkpt lat="35.870296" lon="139.2415328"><ele>155.22332943341365</ele><time>2024-05-26T00:54:49Z</time></trkpt><trkpt lat="35.8703801" lon="139.2417462"><ele>155.25607499854885</ele><time>2024-05-26T00:54:57Z</time></trkpt><trkpt lat="35.8703837" lon="139.2419785"><ele>155.15524013134566</ele><time>2024-05-26T00:55:06Z</time></trkpt><trkpt lat="35.8703715" lon="139.2422563"><ele>154.8211339379471</ele><time>2024-05-26T00:55:21Z</time></trkpt><trkpt lat="35.8703572" lon="139.2424968"><ele>154.4537499518393</ele><time>2024-05-26T00:55:33Z</time></trkpt><trkpt lat="35.8702702" lon="139.2427145"><ele>154.08644734816076</ele><time>2024-05-26T00:55:45Z</time></trkpt><trkpt lat="35.8701902" lon="139.2429321"><ele>153.9525898776622</ele><time>2024-05-26T00:55:57Z</time></trkpt><trkpt lat="35.8700358" lon="139.2430489"><ele>153.11896809546863</ele><time>2024-05-26T00:56:12Z</time></trkpt><trkpt lat="35.8699512" lon="139.2432756"><ele>152.41867093805527</ele><time>2024-05-26T00:56:17Z</time></trkpt><trkpt lat="35.8698608" lon="139.2434952"><ele>151.71837907410284</ele><time>2024-05-26T00:56:27Z</time></trkpt><trkpt lat="35.8697234" lon="139.2436745"><ele>151.71800787568012</ele><time>2024-05-26T00:56:41Z</time></trkpt><trkpt lat="35.8695732" lon="139.2438267"><ele>151.71776104425717</ele><time>2024-05-26T00:56:53Z</time></trkpt><trkpt lat="35.8694022" lon="139.2440261"><ele>151.7175964349863</ele><time>2024-05-26T00:57:01Z</time></trkpt><trkpt lat="35.8693877" lon="139.2442579"><ele>152.08394574655244</ele><time>2024-05-26T00:57:18Z</time></trkpt><trkpt lat="35.8694259" lon="139.2444973"><ele>152.08339646355805</ele><time>2024-05-26T00:57:30Z</time></trkpt><trkpt lat="35.8693352" lon="139.2447128"><ele>153.08276740167912</ele><time>2024-05-26T00:57:42Z</time></trkpt><trkpt lat="35.8692793" lon="139.2449554"><ele>153.7154959839547</ele><time>2024-05-26T00:57:54Z</time></trkpt><trkpt lat="35.8692129" lon="139.2451773"><ele>154.7149867035748</ele><time>2024-05-26T00:58:06Z</time></trkpt><trkpt lat="35.8691771" lon="139.2454114"><ele>154.71441555812865</ele><time>2024-05-26T00:58:17Z</time></trkpt><trkpt lat="35.8690624" lon="139.2455902"><ele>153.68061726576866</ele><time>2024-05-26T00:58:29Z</time></trkpt><trkpt lat="35.8690567" lon="139.2458323"><ele>152.64675136119067</ele><time>2024-05-26T00:58:40Z</time></trkpt><trkpt lat="35.8690184" lon="139.2461162"><ele>151.9795060189281</ele><time>2024-05-26T00:58:54Z</time></trkpt><trkpt lat="35.8689367" lon="139.2463453"><ele>152.3455197522316</ele><time>2024-05-26T00:59:05Z</time></trkpt><trkpt lat="35.8688144" lon="139.2466037"><ele>153.07826965999013</ele><time>2024-05-26T00:59:41Z</time></trkpt><trkpt lat="35.8688153" lon="139.2468604"><ele>153.44434731714236</ele><time>2024-05-26T00:59:47Z</time></trkpt><trkpt lat="35.8686152" lon="139.2468956"><ele>153.81070770243943</ele><time>2024-05-26T00:59:55Z</time></trkpt><trkpt lat="35.8686928" lon="139.2471457"><ele>153.876930438295</ele><time>2024-05-26T01:00:09Z</time></trkpt><trkpt lat="35.868673" lon="139.2474054"><ele>153.94316560482477</ele><time>2024-05-26T01:00:24Z</time></trkpt><trkpt lat="35.8686237" lon="139.2477016"><ele>152.74235735933652</ele><time>2024-05-26T01:00:38Z</time></trkpt><trkpt lat="35.8685958" lon="139.2479499"><ele>151.44162476964064</ele><time>2024-05-26T01:00:49Z</time></trkpt><trkpt lat="35.8685238" lon="139.248187"><ele>150.1742889839285</ele><time>2024-05-26T01:01:00Z</time></trkpt><trkpt lat="35.8684035" lon="139.248383"><ele>150.14043821161124</ele><time>2024-05-26T01:01:12Z</time></trkpt><trkpt lat="35.8683166" lon="139.2485991"><ele>150.10666824227874</ele><time>2024-05-26T01:01:30Z</time></trkpt><trkpt lat="35.8683454" lon="139.2488444"><ele>149.80614120985146</ele><time>2024-05-26T01:01:36Z</time></trkpt><trkpt lat="35.86826" lon="139.249094"><ele>149.47220331128997</ele><time>2024-05-26T01:01:48Z</time></trkpt><trkpt lat="35.8681466" lon="139.2493442"><ele>149.17158040001377</ele><time>2024-05-26T01:02:05Z</time></trkpt><trkpt lat="35.8681274" lon="139.2496079"><ele>149.07098148467557</ele><time>2024-05-26T01:02:17Z</time></trkpt><trkpt lat="35.8680794" lon="139.2498528"><ele>148.93702335977136</ele><time>2024-05-26T01:02:28Z</time></trkpt><trkpt lat="35.8680214" lon="139.2501073"><ele>148.7363803522088</ele><time>2024-05-26T01:02:44Z</time></trkpt><trkpt lat="35.8678771" lon="139.2502935"><ele>148.5026125097274</ele><time>2024-05-26T01:02:56Z</time></trkpt><trkpt lat="35.867858" lon="139.2505269"><ele>148.36889360098164</ele><time>2024-05-26T01:03:08Z</time></trkpt><trkpt lat="35.8678313" lon="139.2507466"><ele>148.36855032826057</ele><time>2024-05-26T01:03:17Z</time></trkpt><trkpt lat="35.8677248" lon="139.2509421"><ele>148.43484172019828</ele><time>2024-05-26T01:03:29Z</time></trkpt><trkpt lat="35.8675144" lon="139.2509379"><ele>148.50145079744274</ele><time>2024-05-26T01:03:37Z</time></trkpt><trkpt lat="35.8673061" lon="139.2508774"><ele>148.53506277580735</ele><time>2024-05-26T01:03:46Z</time></trkpt><trkpt lat="35.8671006" lon="139.2508982"><ele>148.5688783355861</ele><time>2024-05-26T01:03:57Z</time></trkpt><trkpt lat="35.8669729" lon="139.2510597"><ele>148.7025081372882</ele><time>2024-05-26T01:04:10Z</time></trkpt><trkpt lat="35.8669139" lon="139.2513211"><ele>148.7024517761129</ele><time>2024-05-26T01:04:27Z</time></trkpt><trkpt lat="35.8668183" lon="139.2515633"><ele>148.70214497495076</ele><time>2024-05-26T01:04:42Z</time></trkpt><trkpt lat="35.8667711" lon="139.2517798"><ele>148.53507005699478</ele><time>2024-05-26T01:04:54Z</time></trkpt><trkpt lat="35.8667143" lon="139.2519986"><ele>148.46802615028398</ele><time>2024-05-26T01:05:05Z</time></trkpt><trkpt lat="35.8666182" lon="139.2522134"><ele>148.3676797364988</ele><time>2024-05-26T01:05:16Z</time></trkpt><trkpt lat="35.8664961" lon="139.2524302"><ele>148.33408288814394</ele><time>2024-05-26T01:05:28Z</time></trkpt><trkpt lat="35.8663767" lon="139.2526002"><ele>148.20060217858415</ele><time>2024-05-26T01:05:44Z</time></trkpt><trkpt lat="35.8663593" lon="139.2528318"><ele>148.133709110306</ele><time>2024-05-26T01:05:57Z</time></trkpt><trkpt lat="35.8662599" lon="139.2530511"><ele>147.86679356895294</ele><time>2024-05-26T01:06:08Z</time></trkpt><trkpt lat="35.8661758" lon="139.2532826"><ele>147.66645541056275</ele><time>2024-05-26T01:06:23Z</time></trkpt><trkpt lat="35.8661737" lon="139.2535074"><ele>147.43277686328997</ele><time>2024-05-26T01:06:34Z</time></trkpt><trkpt lat="35.8659824" lon="139.2536034"><ele>147.43261282045617</ele><time>2024-05-26T01:06:51Z</time></trkpt><trkpt lat="35.8659132" lon="139.2538231"><ele>147.46577770931378</ele><time>2024-05-26T01:07:03Z</time></trkpt><trkpt lat="35.8657205" lon="139.2538878"><ele>147.49924782100183</ele><time>2024-05-26T01:07:24Z</time></trkpt><trkpt lat="35.8655" lon="139.2540095"><ele>147.4993884879352</ele><time>2024-05-26T01:07:35Z</time></trkpt><trkpt lat="35.8652837" lon="139.2541334"><ele>147.49974199623898</ele><time>2024-05-26T01:07:51Z</time></trkpt><trkpt lat="35.865181" lon="139.2543813"><ele>147.49986420737557</ele><time>2024-05-26T01:08:05Z</time></trkpt><trkpt lat="35.8651658" lon="139.2546133"><ele>147.4997035583385</ele><time>2024-05-26T01:08:17Z</time></trkpt><trkpt lat="35.8652577" lon="139.2548297"><ele>147.49917836526993</ele><time>2024-05-26T01:08:29Z</time></trkpt><trkpt lat="35.8651891" lon="139.2550628"><ele>147.49863198313741</ele><time>2024-05-26T01:08:38Z</time></trkpt><trkpt lat="35.8650655" lon="139.2552929"><ele>147.4981878950202</ele><time>2024-05-26T01:08:51Z</time></trkpt><trkpt lat="35.8649911" lon="139.2555198"><ele>147.49789034504911</ele><time>2024-05-26T01:09:02Z</time></trkpt><trkpt lat="35.8649938" lon="139.2558102"><ele>147.39747892909102</ele><time>2024-05-26T01:09:16Z</time></trkpt><trkpt lat="35.8649496" lon="139.2560812"><ele>145.76362472264188</ele><time>2024-05-26T01:09:34Z</time></trkpt><trkpt lat="35.8650252" lon="139.2563696"><ele>144.1295830388609</ele><time>2024-05-26T01:09:47Z</time></trkpt><trkpt lat="35.8651593" lon="139.2565321"><ele>142.49552277726926</ele><time>2024-05-26T01:09:58Z</time></trkpt><trkpt lat="35.8652976" lon="139.2566866"><ele>142.39472380540386</ele><time>2024-05-26T01:10:15Z</time></trkpt><trkpt lat="35.8654104" lon="139.2568821"><ele>142.12729950723283</ele><time>2024-05-26T01:10:29Z</time></trkpt><trkpt lat="35.8654883" lon="139.2571128"><ele>141.9598753431214</ele><time>2024-05-26T01:10:40Z</time></trkpt><trkpt lat="35.8656147" lon="139.2573278"><ele>141.72575057292377</ele><time>2024-05-26T01:10:57Z</time></trkpt><trkpt lat="35.8656449" lon="139.2575781"><ele>141.65832570283604</ele><time>2024-05-26T01:11:11Z</time></trkpt><trkpt lat="35.8658111" lon="139.2577322"><ele>141.19088401017373</ele><time>2024-05-26T01:11:22Z</time></trkpt><trkpt lat="35.8658543" lon="139.2580231"><ele>140.59012307491523</ele><time>2024-05-26T01:11:36Z</time></trkpt><trkpt lat="35.8659983" lon="139.2582307"><ele>139.95596486368504</ele><time>2024-05-26T01:11:48Z</time></trkpt><trkpt lat="35.8661554" lon="139.2583447"><ele>139.7218470968442</ele><time>2024-05-26T01:11:56Z</time></trkpt><trkpt lat="35.8663492" lon="139.258332"><ele>139.6878349138323</ele><time>2024-05-26T01:12:09Z</time></trkpt><trkpt lat="35.8664243" lon="139.2585456"><ele>141.05387509242905</ele><time>2024-05-26T01:12:21Z</time></trkpt><trkpt lat="35.8664932" lon="139.2587818"><ele>142.55323662458264</ele><time>2024-05-26T01:12:30Z</time></trkpt><trkpt lat="35.8665871" lon="139.2589965"><ele>144.0525120707191</ele><time>2024-05-26T01:12:48Z</time></trkpt><trkpt lat="35.8667966" lon="139.2590641"><ele>142.35182033778364</ele><time>2024-05-26T01:12:57Z</time></trkpt><trkpt lat="35.8669497" lon="139.2592534"><ele>141.81779423278093</ele><time>2024-05-26T01:13:06Z</time></trkpt><trkpt lat="35.8670509" lon="139.2594527"><ele>141.28380203831355</ele><time>2024-05-26T01:13:18Z</time></trkpt><trkpt lat="35.8671427" lon="139.259671"><ele>142.58312250559243</ele><time>2024-05-26T01:13:29Z</time></trkpt><trkpt lat="35.8672206" lon="139.2599203"><ele>142.5824469008667</ele><time>2024-05-26T01:13:44Z</time></trkpt><trkpt lat="35.8673178" lon="139.2601571"><ele>142.58174672324816</ele><time>2024-05-26T01:13:59Z</time></trkpt><trkpt lat="35.8673913" lon="139.2603979"><ele>142.58104201006716</ele><time>2024-05-26T01:14:11Z</time></trkpt><trkpt lat="35.8675218" lon="139.2605841"><ele>141.24702207489062</ele><time>2024-05-26T01:14:26Z</time></trkpt><trkpt lat="35.8677441" lon="139.2606168"><ele>140.9515921141353</ele><time>2024-05-26T01:14:39Z</time></trkpt><trkpt lat="35.8679482" lon="139.2606425"><ele>140.5467108194321</ele><time>2024-05-26T01:14:49Z</time></trkpt><trkpt lat="35.8680493" lon="139.2608688"><ele>141.11284723498596</ele><time>2024-05-26T01:14:59Z</time></trkpt><trkpt lat="35.8682013" lon="139.2610163"><ele>140.50710083588896</ele><time>2024-05-26T01:15:07Z</time></trkpt><trkpt lat="35.8683179" lon="139.2611855"><ele>137.7755573082567</ele><time>2024-05-26T01:15:17Z</time></trkpt><trkpt lat="35.8684934" lon="139.2614067"><ele>137.84156286450707</ele><time>2024-05-26T01:15:36Z</time></trkpt><trkpt lat="35.8686521" lon="139.2615842"><ele>138.9581727609178</ele><time>2024-05-26T01:15:54Z</time></trkpt><trkpt lat="35.8686788" lon="139.2618391"><ele>141.7909900875287</ele><time>2024-05-26T01:16:03Z</time></trkpt><trkpt lat="35.8688145" lon="139.262143"><ele>141.5581180749218</ele><time>2024-05-26T01:16:22Z</time></trkpt><trkpt lat="35.8689368" lon="139.2623978"><ele>140.24004759145927</ele><time>2024-05-26T01:16:37Z</time></trkpt><trkpt lat="35.8689885" lon="139.2626309"><ele>139.44104354546238</ele><time>2024-05-26T01:16:50Z</time></trkpt><trkpt lat="35.8690469" lon="139.2629009"><ele>139.30581744717267</ele><time>2024-05-26T01:17:04Z</time></trkpt><trkpt lat="35.8691527" lon="139.2630884"><ele>139.33851933345133</ele><time>2024-05-26T01:17:15Z</time></trkpt><trkpt lat="35.8692414" lon="139.2632985"><ele>139.53788519828504</ele><time>2024-05-26T01:17:26Z</time></trkpt><trkpt lat="35.8692364" lon="139.2635469"><ele>141.10396229332932</ele><time>2024-05-26T01:17:38Z</time></trkpt><trkpt lat="35.8691684" lon="139.2638218"><ele>141.13674766723398</ele><time>2024-05-26T01:17:52Z</time></trkpt><trkpt lat="35.8690842" lon="139.2640214"><ele>141.13630175279235</ele><time>2024-05-26T01:18:01Z</time></trkpt><trkpt lat="35.8690059" lon="139.2642264"><ele>139.7359337226736</ele><time>2024-05-26T01:18:10Z</time></trkpt><trkpt lat="35.8688795" lon="139.2644358"><ele>139.86896989873716</ele><time>2024-05-26T01:18:24Z</time></trkpt><trkpt lat="35.868796" lon="139.2646684"><ele>139.23531715142647</ele><time>2024-05-26T01:18:37Z</time></trkpt><trkpt lat="35.868647" lon="139.2648487"><ele>138.60171959689663</ele><time>2024-05-26T01:18:51Z</time></trkpt><trkpt lat="35.8685162" lon="139.2650624"><ele>138.06811511494053</ele><time>2024-05-26T01:19:02Z</time></trkpt><trkpt lat="35.8683738" lon="139.2652069"><ele>138.43460527401118</ele><time>2024-05-26T01:19:15Z</time></trkpt><trkpt lat="35.8681572" lon="139.2652643"><ele>138.80122179968316</ele><time>2024-05-26T01:19:27Z</time></trkpt><trkpt lat="35.8679853" lon="139.2651909"><ele>139.1680795199372</ele><time>2024-05-26T01:19:38Z</time></trkpt><trkpt lat="35.8677908" lon="139.2652438"><ele>139.20169976543036</ele><time>2024-05-26T01:19:50Z</time></trkpt><trkpt lat="35.8676048" lon="139.2653268"><ele>139.2352836744405</ele><time>2024-05-26T01:20:01Z</time></trkpt><trkpt lat="35.8674582" lon="139.2655233"><ele>139.16864819951408</ele><time>2024-05-26T01:20:12Z</time></trkpt><trkpt lat="35.8672508" lon="139.2655466"><ele>139.1687066029807</ele><time>2024-05-26T01:20:26Z</time></trkpt><trkpt lat="35.8673647" lon="139.2657604"><ele>138.16850484537176</ele><time>2024-05-26T01:20:38Z</time></trkpt><trkpt lat="35.8674216" lon="139.2659892"><ele>137.10150424040478</ele><time>2024-05-26T01:20:56Z</time></trkpt><trkpt lat="35.8675355" lon="139.2661772"><ele>133.02543961086636</ele><time>2024-05-26T01:21:08Z</time></trkpt><trkpt lat="35.8676171" lon="139.2663927"><ele>133.79149431080984</ele><time>2024-05-26T01:21:22Z</time></trkpt><trkpt lat="35.8676605" lon="139.2666508"><ele>133.79086735004412</ele><time>2024-05-26T01:21:36Z</time></trkpt><trkpt lat="35.8677983" lon="139.2668032"><ele>136.79902528154932</ele><time>2024-05-26T01:21:45Z</time></trkpt><trkpt lat="35.8679802" lon="139.2668818"><ele>135.96513429520675</ele><time>2024-05-26T01:21:56Z</time></trkpt><trkpt lat="35.8678371" lon="139.2670884"><ele>136.7980457068001</ele><time>2024-05-26T01:22:10Z</time></trkpt><trkpt lat="35.8676543" lon="139.2671108"><ele>137.63122020692074</ele><time>2024-05-26T01:22:22Z</time></trkpt><trkpt lat="35.8675005" lon="139.2672892"><ele>139.26448880388452</ele><time>2024-05-26T01:22:30Z</time></trkpt><trkpt lat="35.8673405" lon="139.2674284"><ele>140.29341460709142</ele><time>2024-05-26T01:22:41Z</time></trkpt><trkpt lat="35.8673125" lon="139.2676853"><ele>141.09314952537093</ele><time>2024-05-26T01:22:49Z</time></trkpt><trkpt lat="35.8672386" lon="139.2679213"><ele>141.54223285364364</ele><time>2024-05-26T01:23:03Z</time></trkpt><trkpt lat="35.8672261" lon="139.2682288"><ele>139.8412811633974</ele><time>2024-05-26T01:23:19Z</time></trkpt><trkpt lat="35.8671205" lon="139.2684422"><ele>139.84079911462393</ele><time>2024-05-26T01:23:30Z</time></trkpt><trkpt lat="35.867069" lon="139.2686576"><ele>139.22422146767016</ele><time>2024-05-26T01:23:42Z</time></trkpt><trkpt lat="35.8669927" lon="139.2688833"><ele>140.5286352258074</ele><time>2024-05-26T01:23:54Z</time></trkpt><trkpt lat="35.8668855" lon="139.2690849"><ele>139.29492554652066</ele><time>2024-05-26T01:24:09Z</time></trkpt><trkpt lat="35.8667733" lon="139.2693173"><ele>138.36122896154794</ele><time>2024-05-26T01:24:18Z</time></trkpt><trkpt lat="35.8666851" lon="139.2695346"><ele>137.42754301931544</ele><time>2024-05-26T01:24:30Z</time></trkpt><trkpt lat="35.8665745" lon="139.269734"><ele>137.66054926856654</ele><time>2024-05-26T01:24:41Z</time></trkpt><trkpt lat="35.8664373" lon="139.2698813"><ele>137.59366895737153</ele><time>2024-05-26T01:25:04Z</time></trkpt><trkpt lat="35.8662487" lon="139.2697274"><ele>137.5271715504885</ele><time>2024-05-26T01:25:19Z</time></trkpt><trkpt lat="35.8660807" lon="139.2698954"><ele>138.19407637998165</ele><time>2024-05-26T01:25:34Z</time></trkpt><trkpt lat="35.8659958" lon="139.2701414"><ele>137.6275323471268</ele><time>2024-05-26T01:25:46Z</time></trkpt><trkpt lat="35.8659081" lon="139.2703489"><ele>137.0606323678936</ele><time>2024-05-26T01:25:58Z</time></trkpt><trkpt lat="35.8658715" lon="139.2706379"><ele>135.66020690955736</ele><time>2024-05-26T01:26:07Z</time></trkpt><trkpt lat="35.8656833" lon="139.2706798"><ele>135.6600133980084</ele><time>2024-05-26T01:26:16Z</time></trkpt><trkpt lat="35.8655967" lon="139.2708785"><ele>135.85982144360764</ele><time>2024-05-26T01:26:31Z</time></trkpt><trkpt lat="35.8655404" lon="139.2711376"><ele>135.8596687013786</ele><time>2024-05-26T01:26:40Z</time></trkpt><trkpt lat="35.8654632" lon="139.2713906"><ele>135.85926878098567</ele><time>2024-05-26T01:26:55Z</time></trkpt><trkpt lat="35.8653765" lon="139.27166"><ele>135.65881485638832</ele><time>2024-05-26T01:27:06Z</time></trkpt><trkpt lat="35.8653325" lon="139.2719089"><ele>135.4916891978125</ele><time>2024-05-26T01:27:15Z</time></trkpt><trkpt lat="35.8653829" lon="139.2721476"><ele>135.49115011718104</ele><time>2024-05-26T01:27:24Z</time></trkpt><trkpt lat="35.8654724" lon="139.2723625"><ele>135.4429065930828</ele><time>2024-05-26T01:27:37Z</time></trkpt><trkpt lat="35.8655613" lon="139.2726005"><ele>136.14219838760513</ele><time>2024-05-26T01:27:52Z</time></trkpt><trkpt lat="35.8655026" lon="139.2728161"><ele>135.80825509583534</ele><time>2024-05-26T01:28:01Z</time></trkpt><trkpt lat="35.8656097" lon="139.2730191"><ele>135.5219327872044</ele><time>2024-05-26T01:28:10Z</time></trkpt><trkpt lat="35.8656687" lon="139.2732567"><ele>134.65467966746084</ele><time>2024-05-26T01:28:22Z</time></trkpt><trkpt lat="35.8657956" lon="139.2734856"><ele>136.52061574508534</ele><time>2024-05-26T01:28:34Z</time></trkpt><trkpt lat="35.8655895" lon="139.2736311"><ele>135.553479509654</ele><time>2024-05-26T01:28:52Z</time></trkpt><trkpt lat="35.8653782" lon="139.2736476"><ele>134.58670204781842</ele><time>2024-05-26T01:29:04Z</time></trkpt><trkpt lat="35.8651858" lon="139.2736087"><ele>131.92035660043072</ele><time>2024-05-26T01:29:13Z</time></trkpt><trkpt lat="35.864982" lon="139.2734847"><ele>130.95422388044105</ele><time>2024-05-26T01:29:25Z</time></trkpt><trkpt lat="35.8648642" lon="139.2732518"><ele>131.18822756756222</ele><time>2024-05-26T01:29:37Z</time></trkpt><trkpt lat="35.8646852" lon="139.2731548"><ele>131.25560295696573</ele><time>2024-05-26T01:29:49Z</time></trkpt><trkpt lat="35.8644952" lon="139.2730472"><ele>132.45628904915125</ele><time>2024-05-26T01:30:01Z</time></trkpt><trkpt lat="35.8643306" lon="139.273174"><ele>132.4567193646471</ele><time>2024-05-26T01:30:15Z</time></trkpt><trkpt lat="35.8643335" lon="139.2734316"><ele>132.4567403184657</ele><time>2024-05-26T01:30:30Z</time></trkpt><trkpt lat="35.8643946" lon="139.2736511"><ele>132.45632611173806</ele><time>2024-05-26T01:30:42Z</time></trkpt><trkpt lat="35.8643592" lon="139.2738973"><ele>132.4557265078187</ele><time>2024-05-26T01:30:55Z</time></trkpt><trkpt lat="35.8641522" lon="139.2738752"><ele>132.45549421635172</ele><time>2024-05-26T01:31:07Z</time></trkpt><trkpt lat="35.8640059" lon="139.2740252"><ele>132.45545845289857</ele><time>2024-05-26T01:31:15Z</time></trkpt><trkpt lat="35.8637721" lon="139.2741933"><ele>136.2222811275317</ele><time>2024-05-26T01:31:45Z</time></trkpt><trkpt lat="35.8635981" lon="139.2742609"><ele>139.98900797929673</ele><time>2024-05-26T01:31:54Z</time></trkpt><trkpt lat="35.8634393" lon="139.2741239"><ele>143.75597500976411</ele><time>2024-05-26T01:32:06Z</time></trkpt><trkpt lat="35.8632639" lon="139.2740205"><ele>145.2356063764017</ele><time>2024-05-26T01:32:20Z</time></trkpt><trkpt lat="35.8630727" lon="139.2739461"><ele>145.23621932348806</ele><time>2024-05-26T01:32:33Z</time></trkpt><trkpt lat="35.8628805" lon="139.2738003"><ele>146.10724559168327</ele><time>2024-05-26T01:32:47Z</time></trkpt><trkpt lat="35.8626762" lon="139.2737367"><ele>146.53915308663593</ele><time>2024-05-26T01:32:59Z</time></trkpt><trkpt lat="35.8624854" lon="139.2735877"><ele>148.84463812011788</ele><time>2024-05-26T01:33:11Z</time></trkpt><trkpt lat="35.8623163" lon="139.2734783"><ele>149.27544539232005</ele><time>2024-05-26T01:33:22Z</time></trkpt><trkpt lat="35.8621648" lon="139.2732977"><ele>148.4501504374708</ele><time>2024-05-26T01:33:35Z</time></trkpt><trkpt lat="35.8621295" lon="139.273075"><ele>146.31495634950713</ele><time>2024-05-26T01:33:46Z</time></trkpt><trkpt lat="35.8620496" lon="139.2728294"><ele>145.61514368607493</ele><time>2024-05-26T01:33:58Z</time></trkpt><trkpt lat="35.8618097" lon="139.2726945"><ele>145.26481832982753</ele><time>2024-05-26T01:34:10Z</time></trkpt><trkpt lat="35.8616408" lon="139.2725466"><ele>145.83001179501363</ele><time>2024-05-26T01:34:22Z</time></trkpt><trkpt lat="35.8615305" lon="139.2723057"><ele>146.29748212685806</ele><time>2024-05-26T01:34:40Z</time></trkpt><trkpt lat="35.8614601" lon="139.2720684"><ele>146.29825211966957</ele><time>2024-05-26T01:34:49Z</time></trkpt><trkpt lat="35.8613902" lon="139.2718217"><ele>146.2990373455441</ele><time>2024-05-26T01:35:00Z</time></trkpt><trkpt lat="35.8613032" lon="139.2716182"><ele>145.9664430166255</ele><time>2024-05-26T01:35:09Z</time></trkpt><trkpt lat="35.861163" lon="139.2714772"><ele>147.58590600895673</ele><time>2024-05-26T01:35:19Z</time></trkpt><trkpt lat="35.8609755" lon="139.2713366"><ele>149.69445999007135</ele><time>2024-05-26T01:35:30Z</time></trkpt><trkpt lat="35.8608222" lon="139.2712018"><ele>151.35783484831603</ele><time>2024-05-26T01:35:43Z</time></trkpt><trkpt lat="35.8607253" lon="139.2709793"><ele>150.0731498176004</ele><time>2024-05-26T01:35:57Z</time></trkpt><trkpt lat="35.8605879" lon="139.2707676"><ele>150.1660598661101</ele><time>2024-05-26T01:36:12Z</time></trkpt><trkpt lat="35.8604193" lon="139.2706474"><ele>150.37503383527144</ele><time>2024-05-26T01:36:23Z</time></trkpt><trkpt lat="35.8602653" lon="139.2705021"><ele>152.36010818047671</ele><time>2024-05-26T01:36:34Z</time></trkpt><trkpt lat="35.8600805" lon="139.2704692"><ele>152.36073135227068</ele><time>2024-05-26T01:36:46Z</time></trkpt><trkpt lat="35.8598989" lon="139.2703466"><ele>152.6904742072197</ele><time>2024-05-26T01:36:59Z</time></trkpt><trkpt lat="35.8597532" lon="139.2702059"><ele>152.5734313216669</ele><time>2024-05-26T01:37:08Z</time></trkpt><trkpt lat="35.8596224" lon="139.2699904"><ele>154.327225308899</ele><time>2024-05-26T01:37:22Z</time></trkpt><trkpt lat="35.8594909" lon="139.2698038"><ele>158.56132553674095</ele><time>2024-05-26T01:37:37Z</time></trkpt><trkpt lat="35.8592827" lon="139.2696589"><ele>162.79547736063566</ele><time>2024-05-26T01:37:51Z</time></trkpt><trkpt lat="35.8590921" lon="139.2695974"><ele>164.27649476980346</ele><time>2024-05-26T01:38:03Z</time></trkpt><trkpt lat="35.8588887" lon="139.2695598"><ele>163.44381810688762</ele><time>2024-05-26T01:38:17Z</time></trkpt><trkpt lat="35.8586803" lon="139.2695014"><ele>163.17773823608528</ele><time>2024-05-26T01:38:30Z</time></trkpt><trkpt lat="35.8584986" lon="139.269614"><ele>163.9114993886293</ele><time>2024-05-26T01:38:42Z</time></trkpt><trkpt lat="35.8583475" lon="139.2697395"><ele>164.4784115530563</ele><time>2024-05-26T01:38:53Z</time></trkpt><trkpt lat="35.8581401" lon="139.2698276"><ele>164.47852247464957</ele><time>2024-05-26T01:39:11Z</time></trkpt><trkpt lat="35.8579425" lon="139.2699224"><ele>164.47865925776384</ele><time>2024-05-26T01:39:25Z</time></trkpt><trkpt lat="35.8577726" lon="139.2700854"><ele>166.27877283154157</ele><time>2024-05-26T01:39:40Z</time></trkpt><trkpt lat="35.8575803" lon="139.2701817"><ele>168.07886640345373</ele><time>2024-05-26T01:39:54Z</time></trkpt><trkpt lat="35.8573616" lon="139.2702701"><ele>167.34564407864076</ele><time>2024-05-26T01:40:11Z</time></trkpt><trkpt lat="35.8571794" lon="139.2703226"><ele>167.3458652847842</ele><time>2024-05-26T01:40:23Z</time></trkpt><trkpt lat="35.8569833" lon="139.2702096"><ele>167.34627641465144</ele><time>2024-05-26T01:40:37Z</time></trkpt><trkpt lat="35.8568005" lon="139.270073"><ele>169.8801991782485</ele><time>2024-05-26T01:40:51Z</time></trkpt><trkpt lat="35.8566211" lon="139.2699839"><ele>169.8809128566679</ele><time>2024-05-26T01:41:06Z</time></trkpt><trkpt lat="35.8564621" lon="139.2698482"><ele>169.88162161699276</ele><time>2024-05-26T01:41:21Z</time></trkpt><trkpt lat="35.8565071" lon="139.2696055"><ele>169.88226057126806</ele><time>2024-05-26T01:41:38Z</time></trkpt><trkpt lat="35.856625" lon="139.2694044"><ele>169.8827825215975</ele><time>2024-05-26T01:41:50Z</time></trkpt><trkpt lat="35.8565275" lon="139.2692144"><ele>169.88330925360182</ele><time>2024-05-26T01:42:06Z</time></trkpt><trkpt lat="35.8563402" lon="139.2691172"><ele>169.8838765961721</ele><time>2024-05-26T01:42:23Z</time></trkpt><trkpt lat="35.8561383" lon="139.2690784"><ele>169.88453470731955</ele><time>2024-05-26T01:42:47Z</time></trkpt><trkpt lat="35.8559307" lon="139.2689599"><ele>169.8852114391968</ele><time>2024-05-26T01:43:05Z</time></trkpt><trkpt lat="35.8557526" lon="139.2689204"><ele>169.88582977411113</ele><time>2024-05-26T01:43:17Z</time></trkpt><trkpt lat="35.855615" lon="139.2687503"><ele>183.32608655208045</ele><time>2024-05-26T01:43:32Z</time></trkpt><trkpt lat="35.8554273" lon="139.2688314"><ele>197.31442495484353</ele><time>2024-05-26T01:43:50Z</time></trkpt><trkpt lat="35.855402" lon="139.2690875"><ele>197.31453302504906</ele><time>2024-05-26T01:44:10Z</time></trkpt><trkpt lat="35.8552151" lon="139.2691396"><ele>195.30405634444116</ele><time>2024-05-26T01:44:22Z</time></trkpt><trkpt lat="35.8550337" lon="139.2691607"><ele>181.31620201683214</ele><time>2024-05-26T01:44:36Z</time></trkpt><trkpt lat="35.8548733" lon="139.2689956"><ele>181.31668153432736</ele><time>2024-05-26T01:44:48Z</time></trkpt><trkpt lat="35.8546982" lon="139.2690854"><ele>169.8879686351423</ele><time>2024-05-26T01:45:00Z</time></trkpt><trkpt lat="35.8544844" lon="139.2690796"><ele>183.2198030484094</ele><time>2024-05-26T01:45:23Z</time></trkpt><trkpt lat="35.8542983" lon="139.2690582"><ele>197.0056250038834</ele><time>2024-05-26T01:45:34Z</time></trkpt><trkpt lat="35.8541262" lon="139.2689494"><ele>212.44246862746982</ele><time>2024-05-26T01:45:48Z</time></trkpt><trkpt lat="35.8539408" lon="139.2688285"><ele>213.95051597982703</ele><time>2024-05-26T01:46:03Z</time></trkpt><trkpt lat="35.8538256" lon="139.2686327"><ele>214.1130537541034</ele><time>2024-05-26T01:46:14Z</time></trkpt><trkpt lat="35.8536923" lon="139.2684617"><ele>210.998360397713</ele><time>2024-05-26T01:46:26Z</time></trkpt><trkpt lat="35.8535388" lon="139.2683107"><ele>210.01388170236507</ele><time>2024-05-26T01:46:38Z</time></trkpt><trkpt lat="35.8534159" lon="139.2680487"><ele>207.45818445254122</ele><time>2024-05-26T01:46:55Z</time></trkpt><trkpt lat="35.8534616" lon="139.2678177"><ele>206.3413949193961</ele><time>2024-05-26T01:47:07Z</time></trkpt><trkpt lat="35.853421" lon="139.2675218"><ele>203.4341513305222</ele><time>2024-05-26T01:47:16Z</time></trkpt><trkpt lat="35.853567" lon="139.267351"><ele>201.83240219031885</ele><time>2024-05-26T01:47:30Z</time></trkpt><trkpt lat="35.8537269" lon="139.2672033"><ele>200.66418079265463</ele><time>2024-05-26T01:47:41Z</time></trkpt><trkpt lat="35.8538504" lon="139.2670284"><ele>201.81782030790535</ele><time>2024-05-26T01:47:52Z</time></trkpt><trkpt lat="35.8540245" lon="139.2669112"><ele>201.567434655523</ele><time>2024-05-26T01:48:10Z</time></trkpt><trkpt lat="35.8541336" lon="139.2667248"><ele>199.5482834314646</ele><time>2024-05-26T01:48:22Z</time></trkpt><trkpt lat="35.8540891" lon="139.266464"><ele>195.57222951561948</ele><time>2024-05-26T01:48:34Z</time></trkpt><trkpt lat="35.854078" lon="139.2662082"><ele>193.7431775649081</ele><time>2024-05-26T01:48:46Z</time></trkpt><trkpt lat="35.8541695" lon="139.2659416"><ele>192.7160527654163</ele><time>2024-05-26T01:49:01Z</time></trkpt><trkpt lat="35.8541182" lon="139.2657248"><ele>192.05821608948028</ele><time>2024-05-26T01:49:15Z</time></trkpt><trkpt lat="35.85401" lon="139.2659674"><ele>191.5112954296106</ele><time>2024-05-26T01:49:27Z</time></trkpt><trkpt lat="35.8539839" lon="139.2661867"><ele>189.63667890200153</ele><time>2024-05-26T01:49:41Z</time></trkpt><trkpt lat="35.8539003" lon="139.2664136"><ele>185.48499773996434</ele><time>2024-05-26T01:49:56Z</time></trkpt><trkpt lat="35.8538505" lon="139.2666557"><ele>180.86205814253682</ele><time>2024-05-26T01:50:13Z</time></trkpt><trkpt lat="35.8536654" lon="139.2668253"><ele>179.99457779046068</ele><time>2024-05-26T01:50:20Z</time></trkpt><trkpt lat="35.853469" lon="139.2669804"><ele>182.33692709978604</ele><time>2024-05-26T01:50:33Z</time></trkpt><trkpt lat="35.8533557" lon="139.2672374"><ele>183.89482454318508</ele><time>2024-05-26T01:50:48Z</time></trkpt><trkpt lat="35.8532683" lon="139.2674316"><ele>183.7413376190203</ele><time>2024-05-26T01:51:02Z</time></trkpt><trkpt lat="35.8532177" lon="139.2676825"><ele>181.60750226185976</ele><time>2024-05-26T01:51:14Z</time></trkpt><trkpt lat="35.8531285" lon="139.2679273"><ele>181.56567892257294</ele><time>2024-05-26T01:51:28Z</time></trkpt><trkpt lat="35.8530871" lon="139.268187"><ele>180.7629332905851</ele><time>2024-05-26T01:51:40Z</time></trkpt><trkpt lat="35.8530836" lon="139.268417"><ele>179.85458011333625</ele><time>2024-05-26T01:51:51Z</time></trkpt><trkpt lat="35.8531536" lon="139.2686677"><ele>178.4425400230325</ele><time>2024-05-26T01:52:04Z</time></trkpt><trkpt lat="35.8530885" lon="139.2689249"><ele>177.02126271105485</ele><time>2024-05-26T01:52:19Z</time></trkpt><trkpt lat="35.8530904" lon="139.2691839"><ele>173.37074635049024</ele><time>2024-05-26T01:52:27Z</time></trkpt><trkpt lat="35.8530805" lon="139.2694599"><ele>170.8804830917335</ele><time>2024-05-26T01:52:42Z</time></trkpt><trkpt lat="35.8530464" lon="139.2697014"><ele>169.12238874791578</ele><time>2024-05-26T01:52:54Z</time></trkpt><trkpt lat="35.8529912" lon="139.2699614"><ele>170.1229004859505</ele><time>2024-05-26T01:53:11Z</time></trkpt><trkpt lat="35.8529314" lon="139.2702143"><ele>170.05411396417773</ele><time>2024-05-26T01:53:22Z</time></trkpt><trkpt lat="35.8528608" lon="139.2704667"><ele>170.71713390653488</ele><time>2024-05-26T01:53:34Z</time></trkpt><trkpt lat="35.8527083" lon="139.2706403"><ele>171.63740624006599</ele><time>2024-05-26T01:53:44Z</time></trkpt><trkpt lat="35.8525645" lon="139.270789"><ele>172.40154700951322</ele><time>2024-05-26T01:53:56Z</time></trkpt><trkpt lat="35.8524385" lon="139.2709522"><ele>172.0981236455027</ele><time>2024-05-26T01:54:07Z</time></trkpt><trkpt lat="35.8522684" lon="139.2711705"><ele>171.80490140150656</ele><time>2024-05-26T01:54:22Z</time></trkpt><trkpt lat="35.8521269" lon="139.2713928"><ele>171.45551319590948</ele><time>2024-05-26T01:54:35Z</time></trkpt><trkpt lat="35.8519917" lon="139.2715518"><ele>170.31153727202752</ele><time>2024-05-26T01:54:47Z</time></trkpt><trkpt lat="35.8519175" lon="139.2717649"><ele>168.35123183769971</ele><time>2024-05-26T01:54:59Z</time></trkpt><trkpt lat="35.8518112" lon="139.271962"><ele>166.4826189579659</ele><time>2024-05-26T01:55:12Z</time></trkpt><trkpt lat="35.8516553" lon="139.2721923"><ele>165.78641462947294</ele><time>2024-05-26T01:55:26Z</time></trkpt><trkpt lat="35.8515598" lon="139.2724392"><ele>165.78601184247503</ele><time>2024-05-26T01:55:38Z</time></trkpt><trkpt lat="35.8514647" lon="139.2726493"><ele>165.7855866548104</ele><time>2024-05-26T01:55:50Z</time></trkpt><trkpt lat="35.8513798" lon="139.2728564"><ele>165.78513229121444</ele><time>2024-05-26T01:56:01Z</time></trkpt><trkpt lat="35.8512456" lon="139.2730113"><ele>165.78479289093187</ele><time>2024-05-26T01:56:14Z</time></trkpt><trkpt lat="35.8511453" lon="139.2731968"><ele>165.78447954984196</ele><time>2024-05-26T01:56:23Z</time></trkpt><trkpt lat="35.8509461" lon="139.2733146"><ele>165.7843309589459</ele><time>2024-05-26T01:56:38Z</time></trkpt><trkpt lat="35.8507458" lon="139.2735024"><ele>165.7841936262307</ele><time>2024-05-26T01:56:54Z</time></trkpt><trkpt lat="35.8506105" lon="139.2736688"><ele>165.78409715406292</ele><time>2024-05-26T01:57:06Z</time></trkpt><trkpt lat="35.8504727" lon="139.2738599"><ele>165.78388423441925</ele><time>2024-05-26T01:57:18Z</time></trkpt><trkpt lat="35.8502996" lon="139.2739728"><ele>165.78372438754255</ele><time>2024-05-26T01:57:27Z</time></trkpt><trkpt lat="35.8502299" lon="139.2741825"><ele>162.9471105574806</ele><time>2024-05-26T01:57:38Z</time></trkpt><trkpt lat="35.8500671" lon="139.2743236"><ele>160.62887189409037</ele><time>2024-05-26T01:57:56Z</time></trkpt><trkpt lat="35.8499337" lon="139.2745271"><ele>158.18391414840335</ele><time>2024-05-26T01:58:08Z</time></trkpt><trkpt lat="35.8498293" lon="139.2747099"><ele>159.29006489887257</ele><time>2024-05-26T01:58:17Z</time></trkpt><trkpt lat="35.849698" lon="139.2748772"><ele>157.5747031527038</ele><time>2024-05-26T01:58:30Z</time></trkpt><trkpt lat="35.8495666" lon="139.2750629"><ele>155.98609361608717</ele><time>2024-05-26T01:58:41Z</time></trkpt><trkpt lat="35.8494575" lon="139.2752953"><ele>153.68297267583063</ele><time>2024-05-26T01:58:56Z</time></trkpt><trkpt lat="35.8493864" lon="139.2755098"><ele>153.74977365117087</ele><time>2024-05-26T01:59:08Z</time></trkpt><trkpt lat="35.8493451" lon="139.2757526"><ele>153.08317594587572</ele><time>2024-05-26T01:59:20Z</time></trkpt><trkpt lat="35.8492241" lon="139.2759327"><ele>152.41660926622885</ele><time>2024-05-26T01:59:31Z</time></trkpt><trkpt lat="35.8491" lon="139.2761484"><ele>151.68344592337758</ele><time>2024-05-26T01:59:46Z</time></trkpt><trkpt lat="35.848959" lon="139.2763652"><ele>151.68375634567744</ele><time>2024-05-26T02:00:00Z</time></trkpt><trkpt lat="35.8488487" lon="139.2765513"><ele>151.5341693580867</ele><time>2024-05-26T02:00:12Z</time></trkpt><trkpt lat="35.8487171" lon="139.276756"><ele>150.56779931774796</ele><time>2024-05-26T02:00:27Z</time></trkpt><trkpt lat="35.8487062" lon="139.2769787"><ele>149.50125276399137</ele><time>2024-05-26T02:00:32Z</time></trkpt><trkpt lat="35.848519" lon="139.2771272"><ele>148.5846961947574</ele><time>2024-05-26T02:00:47Z</time></trkpt><trkpt lat="35.8483404" lon="139.2770698"><ele>148.5850846290951</ele><time>2024-05-26T02:01:01Z</time></trkpt><trkpt lat="35.8482927" lon="139.2773209"><ele>148.58550889419078</ele><time>2024-05-26T02:01:07Z</time></trkpt><trkpt lat="35.8482158" lon="139.2775665"><ele>148.58574727505157</ele><time>2024-05-26T02:01:18Z</time></trkpt><trkpt lat="35.8480415" lon="139.2776891"><ele>148.48591371964326</ele><time>2024-05-26T02:01:32Z</time></trkpt><trkpt lat="35.8479047" lon="139.2778756"><ele>148.48621482562012</ele><time>2024-05-26T02:01:46Z</time></trkpt><trkpt lat="35.8477091" lon="139.2779997"><ele>148.48671449970576</ele><time>2024-05-26T02:01:57Z</time></trkpt><trkpt lat="35.8475249" lon="139.2781276"><ele>148.48722124078895</ele><time>2024-05-26T02:02:08Z</time></trkpt><trkpt lat="35.8473163" lon="139.2781043"><ele>148.48790120191347</ele><time>2024-05-26T02:02:23Z</time></trkpt><trkpt lat="35.8471033" lon="139.2780209"><ele>148.48868506133343</ele><time>2024-05-26T02:02:38Z</time></trkpt><trkpt lat="35.8469132" lon="139.2779635"><ele>148.48955077683885</ele><time>2024-05-26T02:02:51Z</time></trkpt><trkpt lat="35.8467285" lon="139.2780229"><ele>148.4903520046839</ele><time>2024-05-26T02:03:03Z</time></trkpt><trkpt lat="35.8465202" lon="139.2780095"><ele>146.291117247209</ele><time>2024-05-26T02:03:18Z</time></trkpt><trkpt lat="35.8463305" lon="139.2780985"><ele>144.09182026370723</ele><time>2024-05-26T02:03:30Z</time></trkpt><trkpt lat="35.8461628" lon="139.2782148"><ele>141.89247487084967</ele><time>2024-05-26T02:03:41Z</time></trkpt><trkpt lat="35.8460131" lon="139.2783732"><ele>142.8559003993745</ele><time>2024-05-26T02:03:56Z</time></trkpt><trkpt lat="35.8458341" lon="139.2785108"><ele>142.95636736284106</ele><time>2024-05-26T02:04:10Z</time></trkpt><trkpt lat="35.8456246" lon="139.2786108"><ele>143.0568921231703</ele><time>2024-05-26T02:04:24Z</time></trkpt><trkpt lat="35.8454532" lon="139.2787203"><ele>142.19454183440516</ele><time>2024-05-26T02:04:38Z</time></trkpt><trkpt lat="35.8452536" lon="139.2787107"><ele>142.1285360322116</ele><time>2024-05-26T02:04:49Z</time></trkpt><trkpt lat="35.8450796" lon="139.2788181"><ele>142.06247842889692</ele><time>2024-05-26T02:05:00Z</time></trkpt><trkpt lat="35.8448721" lon="139.2788958"><ele>141.99647941823022</ele><time>2024-05-26T02:05:11Z</time></trkpt><trkpt lat="35.844702" lon="139.2789827"><ele>141.9970617769151</ele><time>2024-05-26T02:05:26Z</time></trkpt><trkpt lat="35.8444829" lon="139.2790172"><ele>141.99773376833318</ele><time>2024-05-26T02:05:40Z</time></trkpt><trkpt lat="35.8442796" lon="139.2790621"><ele>141.99841387602672</ele><time>2024-05-26T02:05:53Z</time></trkpt><trkpt lat="35.8440845" lon="139.2790875"><ele>141.9991538243689</ele><time>2024-05-26T02:06:07Z</time></trkpt><trkpt lat="35.8438758" lon="139.2791873"><ele>140.29984491615394</ele><time>2024-05-26T02:06:22Z</time></trkpt><trkpt lat="35.8436887" lon="139.2791727"><ele>138.60054343355174</ele><time>2024-05-26T02:06:37Z</time></trkpt><trkpt lat="35.8434953" lon="139.2790706"><ele>136.80130221194437</ele><time>2024-05-26T02:06:56Z</time></trkpt><trkpt lat="35.8432379" lon="139.2790788"><ele>136.8021716289228</ele><time>2024-05-26T02:07:10Z</time></trkpt><trkpt lat="35.8431214" lon="139.2788868"><ele>136.76970765543538</ele><time>2024-05-26T02:07:32Z</time></trkpt><trkpt lat="35.8431144" lon="139.2786357"><ele>138.0037514635611</ele><time>2024-05-26T02:07:43Z</time></trkpt><trkpt lat="35.8430898" lon="139.2783979"><ele>139.13762383418526</ele><time>2024-05-26T02:07:55Z</time></trkpt><trkpt lat="35.8431716" lon="139.2781661"><ele>138.6379300196834</ele><time>2024-05-26T02:08:12Z</time></trkpt><trkpt lat="35.8430419" lon="139.2779681"><ele>136.53837336761418</ele><time>2024-05-26T02:08:29Z</time></trkpt><trkpt lat="35.8427927" lon="139.2778583"><ele>134.4390459483574</ele><time>2024-05-26T02:08:44Z</time></trkpt><trkpt lat="35.8426557" lon="139.278053"><ele>134.4397782471194</ele><time>2024-05-26T02:11:19Z</time></trkpt><trkpt lat="35.8425505" lon="139.2782478"><ele>134.4402729216813</ele><time>2024-05-26T02:11:28Z</time></trkpt><trkpt lat="35.8424884" lon="139.2784946"><ele>134.44033307632822</ele><time>2024-05-26T02:11:40Z</time></trkpt><trkpt lat="35.8424106" lon="139.2787301"><ele>132.90696079560018</ele><time>2024-05-26T02:11:55Z</time></trkpt><trkpt lat="35.8423303" lon="139.2789789"><ele>133.84018385978058</ele><time>2024-05-26T02:12:11Z</time></trkpt><trkpt lat="35.8422295" lon="139.2791846"><ele>134.77347572779496</ele><time>2024-05-26T02:12:24Z</time></trkpt><trkpt lat="35.8421318" lon="139.2794129"><ele>135.8734653894984</ele><time>2024-05-26T02:12:34Z</time></trkpt><trkpt lat="35.8420597" lon="139.2796601"><ele>134.94011189778823</ele><time>2024-05-26T02:12:45Z</time></trkpt><trkpt lat="35.8419794" lon="139.2798609"><ele>132.6400632187349</ele><time>2024-05-26T02:13:02Z</time></trkpt><trkpt lat="35.8417658" lon="139.2799068"><ele>131.30692162143853</ele><time>2024-05-26T02:13:20Z</time></trkpt><trkpt lat="35.8415787" lon="139.2797598"><ele>128.6074714226059</ele><time>2024-05-26T02:13:32Z</time></trkpt><trkpt lat="35.8414498" lon="139.2795822"><ele>127.34162607511557</ele><time>2024-05-26T02:13:44Z</time></trkpt><trkpt lat="35.8412342" lon="139.2796595"><ele>126.04243104021084</ele><time>2024-05-26T02:13:58Z</time></trkpt><trkpt lat="35.8410459" lon="139.2797308"><ele>125.84311701080837</ele><time>2024-05-26T02:14:09Z</time></trkpt><trkpt lat="35.8408601" lon="139.2797785"><ele>125.4437506659868</ele><time>2024-05-26T02:14:23Z</time></trkpt><trkpt lat="35.8407817" lon="139.2800301"><ele>124.91077708809337</ele><time>2024-05-26T02:14:31Z</time></trkpt><trkpt lat="35.8405727" lon="139.2799731"><ele>124.64456938070684</ele><time>2024-05-26T02:14:46Z</time></trkpt><trkpt lat="35.8403917" lon="139.2799619"><ele>124.51171987144973</ele><time>2024-05-26T02:14:57Z</time></trkpt><trkpt lat="35.8401865" lon="139.2798904"><ele>124.51254874643985</ele><time>2024-05-26T02:15:11Z</time></trkpt><trkpt lat="35.8400495" lon="139.279711"><ele>126.14669342847954</ele><time>2024-05-26T02:15:26Z</time></trkpt><trkpt lat="35.8398941" lon="139.2798765"><ele>127.81403595873219</ele><time>2024-05-26T02:15:37Z</time></trkpt><trkpt lat="35.8397824" lon="139.28007"><ele>129.48110144356403</ele><time>2024-05-26T02:15:46Z</time></trkpt><trkpt lat="35.8396625" lon="139.2802976"><ele>129.51456717557343</ele><time>2024-05-26T02:15:57Z</time></trkpt><trkpt lat="35.8396016" lon="139.2805173"><ele>129.44787214627226</ele><time>2024-05-26T02:16:13Z</time></trkpt><trkpt lat="35.8395096" lon="139.2807588"><ele>129.38111982585275</ele><time>2024-05-26T02:16:27Z</time></trkpt><trkpt lat="35.8393247" lon="139.2808944"><ele>127.64783359535083</ele><time>2024-05-26T02:16:44Z</time></trkpt><trkpt lat="35.8391141" lon="139.2809344"><ele>125.98151050522894</ele><time>2024-05-26T02:16:55Z</time></trkpt><trkpt lat="35.8389251" lon="139.2810097"><ele>124.14873970397927</ele><time>2024-05-26T02:17:06Z</time></trkpt><trkpt lat="35.8387509" lon="139.2809311"><ele>123.98275505278433</ele><time>2024-05-26T02:17:17Z</time></trkpt><trkpt lat="35.8385574" lon="139.2810013"><ele>124.35006461624157</ele><time>2024-05-26T02:17:28Z</time></trkpt><trkpt lat="35.8383851" lon="139.2810891"><ele>124.51734215137049</ele><time>2024-05-26T02:17:42Z</time></trkpt><trkpt lat="35.838162" lon="139.2810382"><ele>124.68466238903433</ele><time>2024-05-26T02:17:53Z</time></trkpt><trkpt lat="35.8379756" lon="139.2811054"><ele>124.31863884793722</ele><time>2024-05-26T02:18:02Z</time></trkpt><trkpt lat="35.8377337" lon="139.2811212"><ele>124.3194148192094</ele><time>2024-05-26T02:18:20Z</time></trkpt><trkpt lat="35.8377574" lon="139.2813419"><ele>124.3197095238919</ele><time>2024-05-26T02:18:32Z</time></trkpt><trkpt lat="35.8377522" lon="139.2815667"><ele>123.18634610665845</ele><time>2024-05-26T02:18:43Z</time></trkpt><trkpt lat="35.8377524" lon="139.281792"><ele>123.01921242321089</ele><time>2024-05-26T02:18:53Z</time></trkpt><trkpt lat="35.837774" lon="139.2820161"><ele>122.85207955411717</ele><time>2024-05-26T02:19:05Z</time></trkpt><trkpt lat="35.8377998" lon="139.2822633"><ele>123.81822622109621</ele><time>2024-05-26T02:19:20Z</time></trkpt><trkpt lat="35.8377754" lon="139.2825089"><ele>122.85105966041384</ele><time>2024-05-26T02:19:35Z</time></trkpt><trkpt lat="35.8378017" lon="139.282745"><ele>121.88388019203148</ele><time>2024-05-26T02:19:49Z</time></trkpt><trkpt lat="35.8378199" lon="139.2830518"><ele>120.8500053287653</ele><time>2024-05-26T02:20:03Z</time></trkpt><trkpt lat="35.8377631" lon="139.2833102"><ele>120.78282393830989</ele><time>2024-05-26T02:20:15Z</time></trkpt><trkpt lat="35.8378298" lon="139.2835594"><ele>122.01558562597099</ele><time>2024-05-26T02:20:32Z</time></trkpt><trkpt lat="35.8376185" lon="139.2836598"><ele>123.31541451280005</ele><time>2024-05-26T02:20:44Z</time></trkpt><trkpt lat="35.8377118" lon="139.2838774"><ele>124.61509597589627</ele><time>2024-05-26T02:20:52Z</time></trkpt><trkpt lat="35.8378083" lon="139.2840877"><ele>124.614771851164</ele><time>2024-05-26T02:21:04Z</time></trkpt><trkpt lat="35.837803" lon="139.2843204"><ele>124.61412250133685</ele><time>2024-05-26T02:21:15Z</time></trkpt><trkpt lat="35.8378713" lon="139.2845664"><ele>125.11348546124974</ele><time>2024-05-26T02:21:32Z</time></trkpt><trkpt lat="35.8378215" lon="139.2848092"><ele>125.61299403012431</ele><time>2024-05-26T02:21:42Z</time></trkpt><trkpt lat="35.8377262" lon="139.2850754"><ele>126.11258081882268</ele><time>2024-05-26T02:21:51Z</time></trkpt><trkpt lat="35.8378499" lon="139.2852442"><ele>126.2454943867114</ele><time>2024-05-26T02:22:09Z</time></trkpt><trkpt lat="35.8376638" lon="139.2852363"><ele>126.37872395365581</ele><time>2024-05-26T02:22:21Z</time></trkpt><trkpt lat="35.8376458" lon="139.2854788"><ele>126.57854737555813</ele><time>2024-05-26T02:22:33Z</time></trkpt><trkpt lat="35.8376385" lon="139.285767"><ele>126.64510001483755</ele><time>2024-05-26T02:22:48Z</time></trkpt><trkpt lat="35.8376318" lon="139.2860338"><ele>126.67793518044705</ele><time>2024-05-26T02:23:01Z</time></trkpt><trkpt lat="35.8377109" lon="139.2862527"><ele>126.34401668112714</ele><time>2024-05-26T02:23:12Z</time></trkpt><trkpt lat="35.837609" lon="139.2864781"><ele>125.81024004200776</ele><time>2024-05-26T02:23:24Z</time></trkpt><trkpt lat="35.8375458" lon="139.2867101"><ele>125.3098820961157</ele><time>2024-05-26T02:23:35Z</time></trkpt><trkpt lat="35.8375933" lon="139.2869274"><ele>125.30955980297638</ele><time>2024-05-26T02:23:50Z</time></trkpt><trkpt lat="35.837611" lon="139.2871707"><ele>124.07576408098903</ele><time>2024-05-26T02:24:01Z</time></trkpt><trkpt lat="35.8376532" lon="139.2873905"><ele>122.8418644439954</ele><time>2024-05-26T02:24:12Z</time></trkpt><trkpt lat="35.837744" lon="139.2876315"><ele>121.40790329891081</ele><time>2024-05-26T02:24:26Z</time></trkpt><trkpt lat="35.8378683" lon="139.2878859"><ele>122.74049313011464</ele><time>2024-05-26T02:24:40Z</time></trkpt><trkpt lat="35.837906" lon="139.2881045"><ele>124.07309076312941</ele><time>2024-05-26T02:24:51Z</time></trkpt><trkpt lat="35.8379532" lon="139.2883488"><ele>125.40573439062233</ele><time>2024-05-26T02:25:04Z</time></trkpt><trkpt lat="35.8380032" lon="139.2886006"><ele>123.90512597726054</ele><time>2024-05-26T02:25:18Z</time></trkpt><trkpt lat="35.8380705" lon="139.2888325"><ele>122.40448042752928</ele><time>2024-05-26T02:25:31Z</time></trkpt><trkpt lat="35.8380799" lon="139.2891292"><ele>120.90384071107327</ele><time>2024-05-26T02:25:44Z</time></trkpt><trkpt lat="35.8380587" lon="139.2893698"><ele>120.76994998793323</ele><time>2024-05-26T02:25:59Z</time></trkpt><trkpt lat="35.8380813" lon="139.2896366"><ele>120.63608256090004</ele><time>2024-05-26T02:26:16Z</time></trkpt><trkpt lat="35.8381404" lon="139.2898727"><ele>120.50220607399702</ele><time>2024-05-26T02:26:33Z</time></trkpt><trkpt lat="35.8381673" lon="139.2901433"><ele>124.05461350706132</ele><time>2024-05-26T02:26:44Z</time></trkpt><trkpt lat="35.838059" lon="139.2903886"><ele>124.38747731294588</ele><time>2024-05-26T02:26:56Z</time></trkpt><trkpt lat="35.8381516" lon="139.2906021"><ele>124.72032461938214</ele><time>2024-05-26T02:27:08Z</time></trkpt><trkpt lat="35.8382341" lon="139.2908285"><ele>121.90012779661498</ele><time>2024-05-26T02:27:22Z</time></trkpt><trkpt lat="35.8382562" lon="139.291074"><ele>121.93282236155909</ele><time>2024-05-26T02:27:36Z</time></trkpt><trkpt lat="35.838364" lon="139.2913137"><ele>121.96548852190087</ele><time>2024-05-26T02:27:51Z</time></trkpt><trkpt lat="35.8384031" lon="139.2915485"><ele>121.59819394350808</ele><time>2024-05-26T02:28:01Z</time></trkpt><trkpt lat="35.8382258" lon="139.2917217"><ele>121.66446803160706</ele><time>2024-05-26T02:28:19Z</time></trkpt><trkpt lat="35.8380251" lon="139.2917222"><ele>123.74557044570668</ele><time>2024-05-26T02:28:30Z</time></trkpt><trkpt lat="35.8378382" lon="139.2916874"><ele>123.04601204567332</ele><time>2024-05-26T02:28:43Z</time></trkpt><trkpt lat="35.8376684" lon="139.2917735"><ele>122.27983554975397</ele><time>2024-05-26T02:28:57Z</time></trkpt><trkpt lat="35.8376073" lon="139.2920208"><ele>119.43230952456378</ele><time>2024-05-26T02:29:18Z</time></trkpt><trkpt lat="35.8374318" lon="139.2921779"><ele>118.23235832258995</ele><time>2024-05-26T02:29:32Z</time></trkpt><trkpt lat="35.8373741" lon="139.2923963"><ele>117.03221190673389</ele><time>2024-05-26T02:29:41Z</time></trkpt><trkpt lat="35.8373028" lon="139.2926278"><ele>115.8654177589397</ele><time>2024-05-26T02:29:52Z</time></trkpt><trkpt lat="35.837251" lon="139.2928501"><ele>115.83179470998412</ele><time>2024-05-26T02:30:03Z</time></trkpt><trkpt lat="35.8372178" lon="139.2931051"><ele>116.53146018219478</ele><time>2024-05-26T02:30:16Z</time></trkpt><trkpt lat="35.8371386" lon="139.2933287"><ele>117.26447104872678</ele><time>2024-05-26T02:30:34Z</time></trkpt><trkpt lat="35.8371128" lon="139.2935855"><ele>117.19743045022723</ele><time>2024-05-26T02:30:49Z</time></trkpt><trkpt lat="35.836999" lon="139.2937803"><ele>115.9304978944809</ele><time>2024-05-26T02:31:04Z</time></trkpt><trkpt lat="35.8368884" lon="139.2939562"><ele>114.66362261983511</ele><time>2024-05-26T02:31:18Z</time></trkpt><trkpt lat="35.8368086" lon="139.2941953"><ele>114.5634707495214</ele><time>2024-05-26T02:31:32Z</time></trkpt><trkpt lat="35.836703" lon="139.2944437"><ele>114.92993591741246</ele><time>2024-05-26T02:31:46Z</time></trkpt><trkpt lat="35.8365252" lon="139.2947387"><ele>115.29637225930624</ele><time>2024-05-26T02:31:57Z</time></trkpt><trkpt lat="35.8364811" lon="139.2949951"><ele>115.19610276155294</ele><time>2024-05-26T02:32:16Z</time></trkpt><trkpt lat="35.8364863" lon="139.2952386"><ele>115.0957393305983</ele><time>2024-05-26T02:32:28Z</time></trkpt><trkpt lat="35.8366733" lon="139.2952461"><ele>115.9619310267587</ele><time>2024-05-26T02:32:54Z</time></trkpt><trkpt lat="35.8368568" lon="139.2951941"><ele>116.92814174486688</ele><time>2024-05-26T02:33:08Z</time></trkpt><trkpt lat="35.8370553" lon="139.2951416"><ele>118.02772698562937</ele><time>2024-05-26T02:33:26Z</time></trkpt><trkpt lat="35.837232" lon="139.2953125"><ele>118.02721406318913</ele><time>2024-05-26T02:33:44Z</time></trkpt><trkpt lat="35.8373854" lon="139.295501"><ele>117.05989960459225</ele><time>2024-05-26T02:34:04Z</time></trkpt><trkpt lat="35.8375629" lon="139.2956444"><ele>116.92580613866635</ele><time>2024-05-26T02:34:20Z</time></trkpt><trkpt lat="35.8377293" lon="139.2957616"><ele>116.92509281938585</ele><time>2024-05-26T02:34:38Z</time></trkpt><trkpt lat="35.8379373" lon="139.2958412"><ele>117.89107543479001</ele><time>2024-05-26T02:34:55Z</time></trkpt><trkpt lat="35.838132" lon="139.2959053"><ele>117.89043484715741</ele><time>2024-05-26T02:35:10Z</time></trkpt><trkpt lat="35.8383189" lon="139.2960035"><ele>117.88979281155844</ele><time>2024-05-26T02:35:28Z</time></trkpt><trkpt lat="35.8385012" lon="139.2960889"><ele>117.88917064880427</ele><time>2024-05-26T02:35:46Z</time></trkpt><trkpt lat="35.8387012" lon="139.2961546"><ele>117.88854546116575</ele><time>2024-05-26T02:36:02Z</time></trkpt><trkpt lat="35.8388657" lon="139.2962664"><ele>117.88793262673842</ele><time>2024-05-26T02:36:16Z</time></trkpt><trkpt lat="35.8390296" lon="139.2963706"><ele>117.88732543933527</ele><time>2024-05-26T02:36:30Z</time></trkpt><trkpt lat="35.8392238" lon="139.2963064"><ele>124.71280514277487</ele><time>2024-05-26T02:36:50Z</time></trkpt><trkpt lat="35.8394204" lon="139.2962763"><ele>124.71234981307948</ele><time>2024-05-26T02:37:05Z</time></trkpt><trkpt lat="35.8396197" lon="139.2962846"><ele>130.56594023624987</ele><time>2024-05-26T02:37:23Z</time></trkpt><trkpt lat="35.8398055" lon="139.2962333"><ele>129.53113094806366</ele><time>2024-05-26T02:37:40Z</time></trkpt><trkpt lat="35.8400206" lon="139.2962222"><ele>135.34550701796664</ele><time>2024-05-26T02:37:56Z</time></trkpt><trkpt lat="35.8402189" lon="139.2963002"><ele>129.49099869368513</ele><time>2024-05-26T02:38:10Z</time></trkpt><trkpt lat="35.8404045" lon="139.2962694"><ele>130.99281109650744</ele><time>2024-05-26T02:38:25Z</time></trkpt><trkpt lat="35.8406071" lon="139.2962593"><ele>125.17748422706029</ele><time>2024-05-26T02:38:41Z</time></trkpt><trkpt lat="35.8407947" lon="139.2963062"><ele>134.80806762312434</ele><time>2024-05-26T02:38:59Z</time></trkpt><trkpt lat="35.8409839" lon="139.2963386"><ele>137.23480481771415</ele><time>2024-05-26T02:39:11Z</time></trkpt><trkpt lat="35.8411573" lon="139.2964541"><ele>148.60480285058074</ele><time>2024-05-26T02:39:29Z</time></trkpt><trkpt lat="35.8413376" lon="139.2965239"><ele>150.0463185574228</ele><time>2024-05-26T02:39:46Z</time></trkpt><trkpt lat="35.841573" lon="139.2965436"><ele>153.32561514790783</ele><time>2024-05-26T02:40:11Z</time></trkpt><trkpt lat="35.841776" lon="139.296496"><ele>155.25836234579688</ele><time>2024-05-26T02:40:26Z</time></trkpt><trkpt lat="35.841966" lon="139.296498"><ele>158.09519298385712</ele><time>2024-05-26T02:40:41Z</time></trkpt><trkpt lat="35.842155" lon="139.2965155"><ele>158.57384691276891</ele><time>2024-05-26T02:40:58Z</time></trkpt><trkpt lat="35.8423406" lon="139.2964859"><ele>160.2438901659893</ele><time>2024-05-26T02:41:14Z</time></trkpt><trkpt lat="35.8425403" lon="139.2965213"><ele>160.32447099962715</ele><time>2024-05-26T02:41:34Z</time></trkpt><trkpt lat="35.842728" lon="139.2965168"><ele>160.6660918693094</ele><time>2024-05-26T02:41:45Z</time></trkpt><trkpt lat="35.8429177" lon="139.2965655"><ele>161.4669373825499</ele><time>2024-05-26T02:41:59Z</time></trkpt><trkpt lat="35.8431076" lon="139.2965417"><ele>162.25526938540312</ele><time>2024-05-26T02:42:23Z</time></trkpt><trkpt lat="35.8433246" lon="139.2965029"><ele>167.31900637749254</ele><time>2024-05-26T02:42:44Z</time></trkpt><trkpt lat="35.8435698" lon="139.296371"><ele>170.2598046522982</ele><time>2024-05-26T02:42:53Z</time></trkpt><trkpt lat="35.8437362" lon="139.29652"><ele>175.90333374916767</ele><time>2024-05-26T02:43:14Z</time></trkpt><trkpt lat="35.8439467" lon="139.2965322"><ele>175.54342415959627</ele><time>2024-05-26T02:43:29Z</time></trkpt><trkpt lat="35.8441587" lon="139.2965596"><ele>175.91704320139593</ele><time>2024-05-26T02:43:47Z</time></trkpt><trkpt lat="35.8443425" lon="139.2966091"><ele>175.99720188264064</ele><time>2024-05-26T02:44:03Z</time></trkpt><trkpt lat="35.8445394" lon="139.2965387"><ele>176.74417994889777</ele><time>2024-05-26T02:44:14Z</time></trkpt><trkpt lat="35.8447309" lon="139.296492"><ele>179.25267940927128</ele><time>2024-05-26T02:44:23Z</time></trkpt><trkpt lat="35.844934" lon="139.2965342"><ele>180.347226791632</ele><time>2024-05-26T02:44:45Z</time></trkpt><trkpt lat="35.845129" lon="139.2964911"><ele>182.67225067718198</ele><time>2024-05-26T02:44:57Z</time></trkpt><trkpt lat="35.845344" lon="139.2965262"><ele>181.33840903492148</ele><time>2024-05-26T02:45:15Z</time></trkpt><trkpt lat="35.8455601" lon="139.2965199"><ele>181.33791298265248</ele><time>2024-05-26T02:45:30Z</time></trkpt><trkpt lat="35.8457554" lon="139.2966348"><ele>179.97067705651443</ele><time>2024-05-26T02:45:57Z</time></trkpt><trkpt lat="35.845821" lon="139.2968568"><ele>179.970148011252</ele><time>2024-05-26T02:46:09Z</time></trkpt><trkpt lat="35.845591" lon="139.2968989"><ele>178.60328460214282</ele><time>2024-05-26T02:46:12Z</time></trkpt><trkpt lat="35.8456612" lon="139.297131"><ele>178.43647179183168</ele><time>2024-05-26T02:46:27Z</time></trkpt><trkpt lat="35.8456385" lon="139.297379"><ele>177.9030478688745</ele><time>2024-05-26T02:46:39Z</time></trkpt><trkpt lat="35.8456202" lon="139.2976119"><ele>177.7360390044329</ele><time>2024-05-26T02:46:54Z</time></trkpt><trkpt lat="35.8456349" lon="139.2978372"><ele>177.46907627147274</ele><time>2024-05-26T02:47:09Z</time></trkpt><trkpt lat="35.8455909" lon="139.2980664"><ele>177.50214059571067</ele><time>2024-05-26T02:47:24Z</time></trkpt><trkpt lat="35.8455824" lon="139.2983151"><ele>177.2351867430335</ele><time>2024-05-26T02:47:45Z</time></trkpt><trkpt lat="35.8456055" lon="139.2985414"><ele>178.33489491164468</ele><time>2024-05-26T02:48:00Z</time></trkpt><trkpt lat="35.8455673" lon="139.2987619"><ele>178.33460063863092</ele><time>2024-05-26T02:48:18Z</time></trkpt><trkpt lat="35.8455813" lon="139.299015"><ele>178.0676249356941</ele><time>2024-05-26T02:48:30Z</time></trkpt><trkpt lat="35.8455897" lon="139.2992545"><ele>176.700653443888</ele><time>2024-05-26T02:48:41Z</time></trkpt><trkpt lat="35.8455615" lon="139.2994947"><ele>176.4003256069325</ele><time>2024-05-26T02:48:53Z</time></trkpt><trkpt lat="35.8454797" lon="139.2997319"><ele>176.33340598727696</ele><time>2024-05-26T02:49:13Z</time></trkpt><trkpt lat="35.8455732" lon="139.2999568"><ele>176.2331018212609</ele><time>2024-05-26T02:49:25Z</time></trkpt><trkpt lat="35.845586" lon="139.3002109"><ele>176.1660608923322</ele><time>2024-05-26T02:49:39Z</time></trkpt><trkpt lat="35.8455632" lon="139.3004418"><ele>176.09894072503877</ele><time>2024-05-26T02:49:54Z</time></trkpt><trkpt lat="35.8455668" lon="139.3007584"><ele>175.89845277932076</ele><time>2024-05-26T02:50:11Z</time></trkpt><trkpt lat="35.845652" lon="139.3009581"><ele>175.4646072476404</ele><time>2024-05-26T02:50:26Z</time></trkpt><trkpt lat="35.8457093" lon="139.3011854"><ele>175.03070681742778</ele><time>2024-05-26T02:50:37Z</time></trkpt><trkpt lat="35.8456553" lon="139.3014246"><ele>174.76356211182443</ele><time>2024-05-26T02:50:51Z</time></trkpt><trkpt lat="35.8457363" lon="139.301647"><ele>174.72974335693323</ele><time>2024-05-26T02:51:07Z</time></trkpt><trkpt lat="35.8459553" lon="139.3016281"><ele>174.76262747385522</ele><time>2024-05-26T02:51:23Z</time></trkpt><trkpt lat="35.8461177" lon="139.3014596"><ele>175.395611648863</ele><time>2024-05-26T02:51:34Z</time></trkpt><trkpt lat="35.8462916" lon="139.3013066"><ele>176.06209354624818</ele><time>2024-05-26T02:51:51Z</time></trkpt><trkpt lat="35.8464667" lon="139.3012285"><ele>177.72864418351722</ele><time>2024-05-26T02:52:07Z</time></trkpt><trkpt lat="35.8465402" lon="139.3010025"><ele>178.96196049947514</ele><time>2024-05-26T02:52:22Z</time></trkpt><trkpt lat="35.846737" lon="139.3010315"><ele>182.0618158573019</ele><time>2024-05-26T02:52:31Z</time></trkpt><trkpt lat="35.846845" lon="139.3008377"><ele>183.69512221121377</ele><time>2024-05-26T02:52:44Z</time></trkpt><trkpt lat="35.8469035" lon="139.3005851"><ele>185.56179383402468</ele><time>2024-05-26T02:52:59Z</time></trkpt><trkpt lat="35.8470864" lon="139.3004874"><ele>186.0952168174937</ele><time>2024-05-26T02:53:14Z</time></trkpt><trkpt lat="35.8472023" lon="139.3006951"><ele>187.02838646973723</ele><time>2024-05-26T02:53:23Z</time></trkpt><trkpt lat="35.8473926" lon="139.3006405"><ele>188.2613363268969</ele><time>2024-05-26T02:53:35Z</time></trkpt><trkpt lat="35.8475267" lon="139.3007886"><ele>188.96083587782428</ele><time>2024-05-26T02:53:47Z</time></trkpt><trkpt lat="35.847672" lon="139.3009317"><ele>189.89368696422602</ele><time>2024-05-26T02:54:23Z</time></trkpt><trkpt lat="35.8475739" lon="139.3011294"><ele>190.12658225122934</ele><time>2024-05-26T02:54:44Z</time></trkpt><trkpt lat="35.8474387" lon="139.3012938"><ele>185.29299343724293</ele><time>2024-05-26T02:55:14Z</time></trkpt><trkpt lat="35.8473933" lon="139.3015301"><ele>180.2261496305464</ele><time>2024-05-26T02:56:42Z</time></trkpt><trkpt lat="35.8474113" lon="139.3017534"><ele>175.15920711332328</ele><time>2024-05-26T02:56:54Z</time></trkpt><trkpt lat="35.8473411" lon="139.3019813"><ele>175.15884420892158</ele><time>2024-05-26T02:57:09Z</time></trkpt><trkpt lat="35.8472424" lon="139.3022019"><ele>175.2251953483241</ele><time>2024-05-26T02:57:26Z</time></trkpt><trkpt lat="35.8471575" lon="139.3024048"><ele>175.35829904559435</ele><time>2024-05-26T02:57:56Z</time></trkpt><trkpt lat="35.8471086" lon="139.3026639"><ele>176.8580369819688</ele><time>2024-05-26T02:58:27Z</time></trkpt><trkpt lat="35.8470416" lon="139.3029182"><ele>176.7910657911582</ele><time>2024-05-26T02:58:38Z</time></trkpt><trkpt lat="35.8472513" lon="139.3028671"><ele>177.49070969276463</ele><time>2024-05-26T02:58:52Z</time></trkpt><trkpt lat="35.8474695" lon="139.3027483"><ele>176.12372793576685</ele><time>2024-05-26T02:58:58Z</time></trkpt><trkpt lat="35.8476923" lon="139.3026748"><ele>176.3234090687572</ele><time>2024-05-26T02:59:16Z</time></trkpt><trkpt lat="35.8478825" lon="139.3025969"><ele>176.02312155437525</ele><time>2024-05-26T02:59:31Z</time></trkpt><trkpt lat="35.8480732" lon="139.302569"><ele>176.48946970318116</ele><time>2024-05-26T02:59:46Z</time></trkpt><trkpt lat="35.848293" lon="139.302534"><ele>176.88913035355822</ele><time>2024-05-26T03:00:04Z</time></trkpt><trkpt lat="35.8484595" lon="139.3026561"><ele>177.18868050548824</ele><time>2024-05-26T03:00:16Z</time></trkpt><trkpt lat="35.8486462" lon="139.3027949"><ele>177.42145694243504</ele><time>2024-05-26T03:00:28Z</time></trkpt><trkpt lat="35.8488376" lon="139.3029219"><ele>177.62081530388346</ele><time>2024-05-26T03:00:42Z</time></trkpt><trkpt lat="35.8490137" lon="139.3030155"><ele>177.6201873391266</ele><time>2024-05-26T03:00:58Z</time></trkpt><trkpt lat="35.8491605" lon="139.3031719"><ele>177.81957326888153</ele><time>2024-05-26T03:01:13Z</time></trkpt><trkpt lat="35.8492717" lon="139.303378"><ele>178.01897117929403</ele><time>2024-05-26T03:01:24Z</time></trkpt><trkpt lat="35.8493824" lon="139.3036136"><ele>177.78499085667363</ele><time>2024-05-26T03:01:42Z</time></trkpt><trkpt lat="35.8495163" lon="139.3038691"><ele>176.61762153755868</ele><time>2024-05-26T03:01:57Z</time></trkpt><trkpt lat="35.8495632" lon="139.3041189"><ele>175.250268276078</ele><time>2024-05-26T03:02:11Z</time></trkpt><trkpt lat="35.8496578" lon="139.3043404"><ele>174.2496037678877</ele><time>2024-05-26T03:02:28Z</time></trkpt><trkpt lat="35.8498217" lon="139.3045083"><ele>173.51564041983906</ele><time>2024-05-26T03:02:42Z</time></trkpt><trkpt lat="35.8499054" lon="139.3047321"><ele>172.7816663978147</ele><time>2024-05-26T03:02:56Z</time></trkpt><trkpt lat="35.8500193" lon="139.3049201"><ele>172.08101918777564</ele><time>2024-05-26T03:03:10Z</time></trkpt><trkpt lat="35.8500744" lon="139.3051796"><ele>170.71370152945372</ele><time>2024-05-26T03:03:24Z</time></trkpt><trkpt lat="35.8501908" lon="139.3053563"><ele>169.47966020101788</ele><time>2024-05-26T03:03:36Z</time></trkpt><trkpt lat="35.850289" lon="139.3055456"><ele>168.21225333112662</ele><time>2024-05-26T03:03:47Z</time></trkpt><trkpt lat="35.8502745" lon="139.305807"><ele>167.2782668832257</ele><time>2024-05-26T03:03:58Z</time></trkpt><trkpt lat="35.8502385" lon="139.3060351"><ele>165.67777254018702</ele><time>2024-05-26T03:04:09Z</time></trkpt><trkpt lat="35.8502575" lon="139.3062832"><ele>164.04400995561977</ele><time>2024-05-26T03:04:21Z</time></trkpt><trkpt lat="35.8504502" lon="139.3061997"><ele>163.2768727653351</ele><time>2024-05-26T03:04:30Z</time></trkpt><trkpt lat="35.8506497" lon="139.3062285"><ele>163.30957239414536</ele><time>2024-05-26T03:04:44Z</time></trkpt><trkpt lat="35.8506996" lon="139.3064906"><ele>162.44222194940528</ele><time>2024-05-26T03:04:58Z</time></trkpt><trkpt lat="35.8506548" lon="139.306707"><ele>162.04164662587075</ele><time>2024-05-26T03:05:09Z</time></trkpt><trkpt lat="35.8506111" lon="139.3069296"><ele>160.6079158297084</ele><time>2024-05-26T03:05:21Z</time></trkpt><trkpt lat="35.850555" lon="139.3071804"><ele>160.14099305384858</ele><time>2024-05-26T03:05:35Z</time></trkpt><trkpt lat="35.8505085" lon="139.3074309"><ele>159.14071460012767</ele><time>2024-05-26T03:05:49Z</time></trkpt><trkpt lat="35.8504944" lon="139.3076699"><ele>158.64038858831537</ele><time>2024-05-26T03:06:06Z</time></trkpt><trkpt lat="35.8504236" lon="139.307941"><ele>157.97340016544774</ele><time>2024-05-26T03:06:21Z</time></trkpt><trkpt lat="35.8504487" lon="139.3081818"><ele>158.0063265251505</ele><time>2024-05-26T03:06:38Z</time></trkpt><trkpt lat="35.8503595" lon="139.3084059"><ele>157.8393567258266</ele><time>2024-05-26T03:06:53Z</time></trkpt><trkpt lat="35.8503091" lon="139.308619"><ele>157.90573035111825</ele><time>2024-05-26T03:07:04Z</time></trkpt><trkpt lat="35.8503304" lon="139.3088775"><ele>157.33876588457608</ele><time>2024-05-26T03:07:18Z</time></trkpt><trkpt lat="35.8502193" lon="139.3090519"><ele>157.43852530536992</ele><time>2024-05-26T03:07:30Z</time></trkpt><trkpt lat="35.8500737" lon="139.3092332"><ele>157.50508413078964</ele><time>2024-05-26T03:07:44Z</time></trkpt><trkpt lat="35.8499458" lon="139.3094191"><ele>157.50517865134375</ele><time>2024-05-26T03:08:01Z</time></trkpt><trkpt lat="35.8499832" lon="139.3096661"><ele>160.15779349912708</ele><time>2024-05-26T03:08:17Z</time></trkpt><trkpt lat="35.8499019" lon="139.3099132"><ele>162.67114655302132</ele><time>2024-05-26T03:08:31Z</time></trkpt><trkpt lat="35.8497434" lon="139.3100516"><ele>164.47907540497084</ele><time>2024-05-26T03:08:44Z</time></trkpt><trkpt lat="35.8496212" lon="139.3102467"><ele>162.1248910152904</ele><time>2024-05-26T03:09:00Z</time></trkpt><trkpt lat="35.8495508" lon="139.3105193"><ele>158.11114189602222</ele><time>2024-05-26T03:09:18Z</time></trkpt><trkpt lat="35.849533" lon="139.3107865"><ele>154.80264898939078</ele><time>2024-05-26T03:09:32Z</time></trkpt><trkpt lat="35.8495983" lon="139.3110358"><ele>153.0368469039386</ele><time>2024-05-26T03:09:47Z</time></trkpt><trkpt lat="35.8497777" lon="139.3109374"><ele>153.0364076571539</ele><time>2024-05-26T03:10:17Z</time></trkpt><trkpt lat="35.8497995" lon="139.3107138"><ele>152.7385788821385</ele><time>2024-05-26T03:10:34Z</time></trkpt><trkpt lat="35.8498774" lon="139.3104918"><ele>152.7387158153269</ele><time>2024-05-26T03:10:51Z</time></trkpt><trkpt lat="35.8500946" lon="139.3105445"><ele>152.73868633799808</ele><time>2024-05-26T03:11:10Z</time></trkpt><trkpt lat="35.8502322" lon="139.3107288"><ele>153.0359217033094</ele><time>2024-05-26T03:11:22Z</time></trkpt><trkpt lat="35.8503362" lon="139.3109098"><ele>153.03516089673948</ele><time>2024-05-26T03:11:34Z</time></trkpt><trkpt lat="35.8504328" lon="139.3111298"><ele>153.03438462839492</ele><time>2024-05-26T03:11:48Z</time></trkpt><trkpt lat="35.8506054" lon="139.3112857"><ele>151.919384728589</ele><time>2024-05-26T03:12:05Z</time></trkpt><trkpt lat="35.8508049" lon="139.3112312"><ele>135.41862395570365</ele><time>2024-05-26T03:12:27Z</time></trkpt><trkpt lat="35.8510299" lon="139.3111623"><ele>118.91789455494825</ele><time>2024-05-26T03:12:39Z</time></trkpt><trkpt lat="35.8512026" lon="139.3110319"><ele>103.53154758538894</ele><time>2024-05-26T03:12:57Z</time></trkpt><trkpt lat="35.8513555" lon="139.3108865"><ele>103.53111000355075</ele><time>2024-05-26T03:13:08Z</time></trkpt><trkpt lat="35.8514777" lon="139.3107115"><ele>103.53085966200034</ele><time>2024-05-26T03:13:20Z</time></trkpt><trkpt lat="35.8513569" lon="139.310517"><ele>114.93610376172194</ele><time>2024-05-26T03:13:41Z</time></trkpt><trkpt lat="35.851249" lon="139.3103167"><ele>126.80409540460361</ele><time>2024-05-26T03:13:59Z</time></trkpt><trkpt lat="35.8510551" lon="139.3101849"><ele>126.80493038177383</ele><time>2024-05-26T03:14:13Z</time></trkpt><trkpt lat="35.8508969" lon="139.3100784"><ele>115.40065092384548</ele><time>2024-05-26T03:14:25Z</time></trkpt><trkpt lat="35.8506998" lon="139.3099747"><ele>103.53401687853734</ele><time>2024-05-26T03:14:42Z</time></trkpt><trkpt lat="35.8506834" lon="139.3096706"><ele>113.21776635702174</ele><time>2024-05-26T03:15:06Z</time></trkpt><trkpt lat="35.8508883" lon="139.3094883"><ele>122.20304776346086</ele><time>2024-05-26T03:15:22Z</time></trkpt><trkpt lat="35.8510562" lon="139.3095824"><ele>122.2028663469065</ele><time>2024-05-26T03:15:34Z</time></trkpt><trkpt lat="35.8511461" lon="139.3097806"><ele>120.72864775368282</ele><time>2024-05-26T03:15:49Z</time></trkpt><trkpt lat="35.8513127" lon="139.3099183"><ele>119.70776558913376</ele><time>2024-05-26T03:16:06Z</time></trkpt><trkpt lat="35.8515145" lon="139.3100379"><ele>127.74582373022729</ele><time>2024-05-26T03:16:24Z</time></trkpt><trkpt lat="35.8517074" lon="139.3100958"><ele>121.00223604864372</ele><time>2024-05-26T03:16:35Z</time></trkpt><trkpt lat="35.8518897" lon="139.3102086"><ele>114.50323472992172</ele><time>2024-05-26T03:16:49Z</time></trkpt><trkpt lat="35.8520395" lon="139.310336"><ele>107.9301956777988</ele><time>2024-05-26T03:17:01Z</time></trkpt><trkpt lat="35.8521985" lon="139.310514"><ele>107.92934927952297</ele><time>2024-05-26T03:17:15Z</time></trkpt><trkpt lat="35.8523758" lon="139.3104588"><ele>107.92861340328437</ele><time>2024-05-26T03:17:34Z</time></trkpt><trkpt lat="35.852547" lon="139.3102894"><ele>107.92803450122892</ele><time>2024-05-26T03:17:51Z</time></trkpt><trkpt lat="35.8527482" lon="139.3102104"><ele>107.92756255272091</ele><time>2024-05-26T03:18:02Z</time></trkpt><trkpt lat="35.8529264" lon="139.3101561"><ele>107.4604182576009</ele><time>2024-05-26T03:18:16Z</time></trkpt><trkpt lat="35.8531282" lon="139.3100841"><ele>108.02651201746774</ele><time>2024-05-26T03:18:30Z</time></trkpt><trkpt lat="35.8533104" lon="139.3099475"><ele>107.3259945356899</ele><time>2024-05-26T03:18:41Z</time></trkpt><trkpt lat="35.8534423" lon="139.3097562"><ele>107.0922837472473</ele><time>2024-05-26T03:18:58Z</time></trkpt><trkpt lat="35.8535318" lon="139.3095384"><ele>105.82545882719087</ele><time>2024-05-26T03:19:10Z</time></trkpt><trkpt lat="35.853629" lon="139.3093131"><ele>105.69212417329733</ele><time>2024-05-26T03:19:21Z</time></trkpt><trkpt lat="35.8538004" lon="139.3091569"><ele>106.95871801238003</ele><time>2024-05-26T03:19:36Z</time></trkpt><trkpt lat="35.8539639" lon="139.3090266"><ele>108.22516850509726</ele><time>2024-05-26T03:19:51Z</time></trkpt><trkpt lat="35.854169" lon="139.3089686"><ele>109.49138206890058</ele><time>2024-05-26T03:20:09Z</time></trkpt><trkpt lat="35.8543716" lon="139.3088118"><ele>109.12422507150491</ele><time>2024-05-26T03:20:29Z</time></trkpt><trkpt lat="35.8545122" lon="139.3089704"><ele>108.69025898058605</ele><time>2024-05-26T03:20:42Z</time></trkpt><trkpt lat="35.8546414" lon="139.3091423"><ele>107.88958615978687</ele><time>2024-05-26T03:20:53Z</time></trkpt><trkpt lat="35.8548259" lon="139.3090885"><ele>107.32220701268453</ele><time>2024-05-26T03:21:07Z</time></trkpt><trkpt lat="35.8550199" lon="139.3091334"><ele>106.75483070232524</ele><time>2024-05-26T03:21:21Z</time></trkpt><trkpt lat="35.8552177" lon="139.309207"><ele>106.7540953190673</ele><time>2024-05-26T03:21:37Z</time></trkpt><trkpt lat="35.8551208" lon="139.3094428"><ele>106.38686369991267</ele><time>2024-05-26T03:21:54Z</time></trkpt><trkpt lat="35.8550539" lon="139.3096703"><ele>106.15317821774143</ele><time>2024-05-26T03:22:06Z</time></trkpt><trkpt lat="35.8550933" lon="139.3098891"><ele>105.85293476594642</ele><time>2024-05-26T03:22:17Z</time></trkpt><trkpt lat="35.8548788" lon="139.3099192"><ele>105.91961987652792</ele><time>2024-05-26T03:22:26Z</time></trkpt><trkpt lat="35.8546692" lon="139.3098935"><ele>105.55328391200833</ele><time>2024-05-26T03:22:40Z</time></trkpt><trkpt lat="35.8545112" lon="139.3100159"><ele>104.92057277950511</ele><time>2024-05-26T03:22:55Z</time></trkpt><trkpt lat="35.854315" lon="139.3100941"><ele>104.18780975796396</ele><time>2024-05-26T03:23:08Z</time></trkpt><trkpt lat="35.8541417" lon="139.3102181"><ele>103.82158299684096</ele><time>2024-05-26T03:23:26Z</time></trkpt><trkpt lat="35.8540258" lon="139.3103896"><ele>103.72194302258697</ele><time>2024-05-26T03:23:38Z</time></trkpt><trkpt lat="35.8541167" lon="139.3106064"><ele>103.72187750283884</ele><time>2024-05-26T03:23:43Z</time></trkpt><trkpt lat="35.8540734" lon="139.3108362"><ele>103.4882606275027</ele><time>2024-05-26T03:24:03Z</time></trkpt><trkpt lat="35.8539664" lon="139.3110305"><ele>103.25461863397702</ele><time>2024-05-26T03:24:20Z</time></trkpt><trkpt lat="35.8538079" lon="139.3111435"><ele>103.12133582901947</ele><time>2024-05-26T03:24:35Z</time></trkpt><trkpt lat="35.8536347" lon="139.3112744"><ele>102.32159823476245</ele><time>2024-05-26T03:24:49Z</time></trkpt><trkpt lat="35.8535695" lon="139.3114922"><ele>101.78846321637668</ele><time>2024-05-26T03:24:58Z</time></trkpt><trkpt lat="35.8536523" lon="139.3117253"><ele>101.15496884229132</ele><time>2024-05-26T03:25:03Z</time></trkpt><trkpt lat="35.8536433" lon="139.31199"><ele>101.42119846901268</ele><time>2024-05-26T03:25:17Z</time></trkpt><trkpt lat="35.8538057" lon="139.3121873"><ele>101.42050478302524</ele><time>2024-05-26T03:25:25Z</time></trkpt><trkpt lat="35.853702" lon="139.3124229"><ele>103.02002544581178</ele><time>2024-05-26T03:25:36Z</time></trkpt><trkpt lat="35.8536577" lon="139.3126801"><ele>104.586261649363</ele><time>2024-05-26T03:25:50Z</time></trkpt><trkpt lat="35.8534977" lon="139.3128509"><ele>106.15289119321007</ele><time>2024-05-26T03:26:01Z</time></trkpt><trkpt lat="35.8534667" lon="139.3131155"><ele>106.31941804531242</ele><time>2024-05-26T03:26:13Z</time></trkpt><trkpt lat="35.8534493" lon="139.3133612"><ele>106.28591745822239</ele><time>2024-05-26T03:26:51Z</time></trkpt><trkpt lat="35.8536057" lon="139.3134869"><ele>106.38541190645401</ele><time>2024-05-26T03:27:00Z</time></trkpt><trkpt lat="35.8537412" lon="139.3136764"><ele>106.25142647159367</ele><time>2024-05-26T03:27:21Z</time></trkpt><trkpt lat="35.8538597" lon="139.3138922"><ele>106.35063500545748</ele><time>2024-05-26T03:27:39Z</time></trkpt><trkpt lat="35.854167" lon="139.3134841"><ele>106.31665061502235</ele><time>2024-05-26T03:27:57Z</time></trkpt><trkpt lat="35.8543177" lon="139.3133597"><ele>106.3161704282748</ele><time>2024-05-26T03:28:03Z</time></trkpt><trkpt lat="35.8545166" lon="139.3134255"><ele>106.31568628377788</ele><time>2024-05-26T03:28:20Z</time></trkpt><trkpt lat="35.854719" lon="139.313457"><ele>106.38172787215781</ele><time>2024-05-26T03:28:38Z</time></trkpt><trkpt lat="35.854928" lon="139.3133691"><ele>106.58101602312716</ele><time>2024-05-26T03:28:54Z</time></trkpt><trkpt lat="35.8550447" lon="139.3135587"><ele>106.7803280626026</ele><time>2024-05-26T03:29:06Z</time></trkpt><trkpt lat="35.8552124" lon="139.3136848"><ele>107.0462916614453</ele><time>2024-05-26T03:29:21Z</time></trkpt><trkpt lat="35.8551387" lon="139.3138903"><ele>107.31240737447315</ele><time>2024-05-26T03:29:36Z</time></trkpt><trkpt lat="35.8550656" lon="139.3141191"><ele>107.54538991525159</ele><time>2024-05-26T03:29:54Z</time></trkpt><trkpt lat="35.8550139" lon="139.314381"><ele>107.67854596680606</ele><time>2024-05-26T03:30:10Z</time></trkpt><trkpt lat="35.8549163" lon="139.3146085"><ele>107.71171956191716</ele><time>2024-05-26T03:30:24Z</time></trkpt><trkpt lat="35.8547584" lon="139.3150264"><ele>107.77820859411081</ele><time>2024-05-26T03:30:38Z</time></trkpt><trkpt lat="35.8546809" lon="139.3152552"><ele>107.91141557938572</ele><time>2024-05-26T03:30:55Z</time></trkpt><trkpt lat="35.8544934" lon="139.3152865"><ele>108.01150267423766</ele><time>2024-05-26T03:31:06Z</time></trkpt><trkpt lat="35.8543822" lon="139.3155113"><ele>108.21164825641496</ele><time>2024-05-26T03:31:20Z</time></trkpt><trkpt lat="35.8544044" lon="139.3157487"><ele>108.3450036669056</ele><time>2024-05-26T03:31:31Z</time></trkpt><trkpt lat="35.8543935" lon="139.31598"><ele>108.54470583415025</ele><time>2024-05-26T03:31:43Z</time></trkpt><trkpt lat="35.8543221" lon="139.316189"><ele>108.71104100376476</ele><time>2024-05-26T03:32:00Z</time></trkpt><trkpt lat="35.8542367" lon="139.3163972"><ele>108.74418309973673</ele><time>2024-05-26T03:32:28Z</time></trkpt><trkpt lat="35.8541977" lon="139.3166359"><ele>108.74401642790156</ele><time>2024-05-26T03:32:52Z</time></trkpt><trkpt lat="35.8541071" lon="139.3168614"><ele>108.71052505679984</ele><time>2024-05-26T03:33:13Z</time></trkpt><trkpt lat="35.8540222" lon="139.3170833"><ele>108.74368942936503</ele><time>2024-05-26T03:33:34Z</time></trkpt><trkpt lat="35.8538513" lon="139.3171784"><ele>108.7104246861777</ele><time>2024-05-26T03:34:13Z</time></trkpt><trkpt lat="35.8537068" lon="139.3173244"><ele>108.61059512982115</ele><time>2024-05-26T03:34:22Z</time></trkpt><trkpt lat="35.853625" lon="139.3175917"><ele>108.31073649942151</ele><time>2024-05-26T03:34:37Z</time></trkpt><trkpt lat="35.8535484" lon="139.3178092"><ele>108.04402874755641</ele><time>2024-05-26T03:34:48Z</time></trkpt><trkpt lat="35.8534744" lon="139.3180296"><ele>107.74386649535428</ele><time>2024-05-26T03:35:03Z</time></trkpt><trkpt lat="35.8533237" lon="139.3181904"><ele>107.61050948533766</ele><time>2024-05-26T03:35:19Z</time></trkpt><trkpt lat="35.853337" lon="139.3184277"><ele>107.51037057632827</ele><time>2024-05-26T03:35:28Z</time></trkpt><trkpt lat="35.853311" lon="139.3186751"><ele>107.37682625783965</ele><time>2024-05-26T03:35:43Z</time></trkpt><trkpt lat="35.8532157" lon="139.3188776"><ele>107.20986435047513</ele><time>2024-05-26T03:36:03Z</time></trkpt><trkpt lat="35.8531524" lon="139.3190852"><ele>106.94300281960818</ele><time>2024-05-26T03:36:15Z</time></trkpt><trkpt lat="35.8530365" lon="139.3192596"><ele>106.77628368395824</ele><time>2024-05-26T03:36:29Z</time></trkpt><trkpt lat="35.8529504" lon="139.3194598"><ele>106.54288387053538</ele><time>2024-05-26T03:36:41Z</time></trkpt><trkpt lat="35.8528242" lon="139.3196805"><ele>106.3428837369646</ele><time>2024-05-26T03:36:55Z</time></trkpt><trkpt lat="35.8527975" lon="139.3199821"><ele>106.14270812972933</ele><time>2024-05-26T03:37:15Z</time></trkpt><trkpt lat="35.8526185" lon="139.3201372"><ele>106.0759903046815</ele><time>2024-05-26T03:37:30Z</time></trkpt><trkpt lat="35.8525159" lon="139.3203319"><ele>106.07592670674875</ele><time>2024-05-26T03:37:41Z</time></trkpt><trkpt lat="35.8524269" lon="139.320558"><ele>105.94263855783349</ele><time>2024-05-26T03:37:56Z</time></trkpt><trkpt lat="35.8525404" lon="139.320797"><ele>105.87565408169804</ele><time>2024-05-26T03:38:43Z</time></trkpt><trkpt lat="35.8526949" lon="139.3209142"><ele>105.77510542315785</ele><time>2024-05-26T03:38:56Z</time></trkpt><trkpt lat="35.8528792" lon="139.3210568"><ele>105.84098718134634</ele><time>2024-05-26T03:39:10Z</time></trkpt><trkpt lat="35.8530628" lon="139.3210061"><ele>105.90696629698901</ele><time>2024-05-26T03:39:25Z</time></trkpt><trkpt lat="35.8532196" lon="139.3211662"><ele>106.07291922109336</ele><time>2024-05-26T03:39:50Z</time></trkpt><trkpt lat="35.8531932" lon="139.3213908"><ele>106.03904669402039</ele><time>2024-05-26T03:40:56Z</time></trkpt><trkpt lat="35.8532406" lon="139.321636"><ele>105.9718112243108</ele><time>2024-05-26T03:41:08Z</time></trkpt><trkpt lat="35.8531956" lon="139.3218602"><ele>105.60474949811618</ele><time>2024-05-26T03:41:26Z</time></trkpt><trkpt lat="35.853095" lon="139.322056"><ele>105.40444997462951</ele><time>2024-05-26T03:41:41Z</time></trkpt><trkpt lat="35.8530437" lon="139.3223107"><ele>105.20424883851972</ele><time>2024-05-26T03:41:56Z</time></trkpt><trkpt lat="35.8529882" lon="139.3225673"><ele>105.20404026319653</ele><time>2024-05-26T03:42:11Z</time></trkpt><trkpt lat="35.8529424" lon="139.3227833"><ele>105.00376369442309</ele><time>2024-05-26T03:42:23Z</time></trkpt><trkpt lat="35.8528727" lon="139.3230061"><ele>104.83685510050333</ele><time>2024-05-26T03:42:38Z</time></trkpt><trkpt lat="35.8528094" lon="139.3232455"><ele>104.60329846215386</ele><time>2024-05-26T03:42:58Z</time></trkpt><trkpt lat="35.8527462" lon="139.3234775"><ele>104.569746305752</ele><time>2024-05-26T03:43:09Z</time></trkpt><trkpt lat="35.8526313" lon="139.3236781"><ele>104.40292218865316</ele><time>2024-05-26T03:43:23Z</time></trkpt><trkpt lat="35.852629" lon="139.3239066"><ele>104.3027060448948</ele><time>2024-05-26T03:43:38Z</time></trkpt><trkpt lat="35.8526385" lon="139.3241294"><ele>104.20241946925807</ele><time>2024-05-26T03:43:50Z</time></trkpt><trkpt lat="35.8525734" lon="139.3243773"><ele>104.16872230145863</ele><time>2024-05-26T03:44:08Z</time></trkpt><trkpt lat="35.8525368" lon="139.3246156"><ele>104.13505418382972</ele><time>2024-05-26T03:44:26Z</time></trkpt><trkpt lat="35.8524607" lon="139.3248288"><ele>104.03481377551742</ele><time>2024-05-26T03:44:41Z</time></trkpt><trkpt lat="35.8524045" lon="139.3250706"><ele>103.93460672681512</ele><time>2024-05-26T03:45:05Z</time></trkpt><trkpt lat="35.8523275" lon="139.3253038"><ele>103.86792724925671</ele><time>2024-05-26T03:45:20Z</time></trkpt><trkpt lat="35.8523791" lon="139.3255185"><ele>104.00124912883462</ele><time>2024-05-26T03:45:37Z</time></trkpt><trkpt lat="35.8525829" lon="139.3255165"><ele>104.13440730409236</ele><time>2024-05-26T03:45:49Z</time></trkpt><trkpt lat="35.8524353" lon="139.3256591"><ele>104.23430070671901</ele><time>2024-05-26T03:45:56Z</time></trkpt><trkpt lat="35.8526192" lon="139.3256589"><ele>104.10072560634637</ele><time>2024-05-26T03:46:16Z</time></trkpt><trkpt lat="35.8526835" lon="139.3258705"><ele>106.06729900346079</ele><time>2024-05-26T03:46:41Z</time></trkpt><trkpt lat="35.8527129" lon="139.3261138"><ele>108.2336889433791</ele><time>2024-05-26T03:46:55Z</time></trkpt><trkpt lat="35.8525186" lon="139.3262211"><ele>108.16713386194385</ele><time>2024-05-26T03:47:12Z</time></trkpt><trkpt lat="35.852412" lon="139.3264205"><ele>107.26742732627952</ele><time>2024-05-26T03:47:21Z</time></trkpt><trkpt lat="35.852375" lon="139.326681"><ele>106.1677937812616</ele><time>2024-05-26T03:47:36Z</time></trkpt><trkpt lat="35.8526363" lon="139.3265466"><ele>106.1676786165876</ele><time>2024-05-26T03:47:50Z</time></trkpt><trkpt lat="35.8527398" lon="139.3267295"><ele>107.30067598356045</ele><time>2024-05-26T03:48:02Z</time></trkpt><trkpt lat="35.8527619" lon="139.3269721"><ele>105.86694495219797</ele><time>2024-05-26T03:48:10Z</time></trkpt><trkpt lat="35.8528321" lon="139.327238"><ele>105.66675738892324</ele><time>2024-05-26T03:48:21Z</time></trkpt><trkpt lat="35.8528357" lon="139.3275175"><ele>104.10000639761518</ele><time>2024-05-26T03:48:35Z</time></trkpt><trkpt lat="35.8528336" lon="139.3277503"><ele>104.99994486516825</ele><time>2024-05-26T03:48:47Z</time></trkpt><trkpt lat="35.8528238" lon="139.3280155"><ele>104.89996683629869</ele><time>2024-05-26T03:49:05Z</time></trkpt><trkpt lat="35.8528115" lon="139.3282574"><ele>103.800004904326</ele><time>2024-05-26T03:49:17Z</time></trkpt><trkpt lat="35.8529976" lon="139.3283644"><ele>102.79984275427223</ele><time>2024-05-26T03:49:35Z</time></trkpt><trkpt lat="35.8532805" lon="139.3283435"><ele>103.16603474268784</ele><time>2024-05-26T03:49:44Z</time></trkpt><trkpt lat="35.8534862" lon="139.3283753"><ele>103.49865685169402</ele><time>2024-05-26T03:50:11Z</time></trkpt><trkpt lat="35.8536899" lon="139.3284011"><ele>103.76459293767395</ele><time>2024-05-26T03:50:26Z</time></trkpt><trkpt lat="35.8538624" lon="139.328244"><ele>103.83064274713804</ele><time>2024-05-26T03:50:40Z</time></trkpt><trkpt lat="35.8540257" lon="139.3281336"><ele>103.930071907142</ele><time>2024-05-26T03:50:57Z</time></trkpt><trkpt lat="35.8542388" lon="139.3281054"><ele>104.09615697544605</ele><time>2024-05-26T03:51:09Z</time></trkpt><trkpt lat="35.8544413" lon="139.3281876"><ele>104.32887789272208</ele><time>2024-05-26T03:51:27Z</time></trkpt><trkpt lat="35.8546266" lon="139.3281675"><ele>104.56157633886846</ele><time>2024-05-26T03:51:39Z</time></trkpt><trkpt lat="35.8548333" lon="139.3281869"><ele>104.79428151197105</ele><time>2024-05-26T03:51:54Z</time></trkpt><trkpt lat="35.855039" lon="139.3281949"><ele>104.76031529283394</ele><time>2024-05-26T03:52:11Z</time></trkpt><trkpt lat="35.8551634" lon="139.3280323"><ele>105.02641737426332</ele><time>2024-05-26T03:52:56Z</time></trkpt><trkpt lat="35.8551551" lon="139.3277765"><ele>105.32607818529645</ele><time>2024-05-26T03:53:10Z</time></trkpt><trkpt lat="35.8551593" lon="139.3275364"><ele>105.82595520748748</ele><time>2024-05-26T03:53:22Z</time></trkpt><trkpt lat="35.8553141" lon="139.3273676"><ele>107.45913281461326</ele><time>2024-05-26T03:53:36Z</time></trkpt><trkpt lat="35.855527" lon="139.3273299"><ele>109.42541606138958</ele><time>2024-05-26T03:53:51Z</time></trkpt><trkpt lat="35.8557068" lon="139.3273726"><ele>109.42484389706351</ele><time>2024-05-26T03:54:18Z</time></trkpt><trkpt lat="35.8557728" lon="139.3271354"><ele>108.75769995978175</ele><time>2024-05-26T03:54:48Z</time></trkpt></trkseg></trk></gpx>