<?xml version='1.0' encoding='UTF-8'?><gpx creator="YAMAP - https://yamap.com" xsi:schemaLocation="http://www.topografix.com/GPX/1/1 http://www.topografix.com/GPX/1/1/gpx.xsd" version="1.1" xmlns="http://www.topografix.com/GPX/1/1" xmlns:xsi="http://www.w3.org/2001/XMLSchema-instance"><metadata><bounds maxlat="35.4840353" maxlon="138.7963335" minlat="35.3596649" minlon="138.7269697"/></metadata><trk><name>富士山</name><number>1</number><trkseg><trkpt lat="35.4837667" lon="138.7957717"><ele>806.8100000000001</ele><time>2024-08-09T23:52:33Z</time></trkpt><trkpt lat="35.4839365" lon="138.7955186"><ele>806.58</ele><time>2024-08-09T23:52:54Z</time></trkpt><trkpt lat="35.483937" lon="138.7957521"><ele>806.4066666666668</ele><time>2024-08-09T23:53:26Z</time></trkpt><trkpt lat="35.4840353" lon="138.7959765"><ele>805.6700000000001</ele><time>2024-08-09T23:53:42Z</time></trkpt><trkpt lat="35.4837075" lon="138.7961793"><ele>805.2000000000002</ele><time>2024-08-09T23:53:51Z</time></trkpt><trkpt lat="35.4835504" lon="138.7963335"><ele>804.5733333333334</ele><time>2024-08-09T23:53:57Z</time></trkpt><trkpt lat="35.4833844" lon="138.7962235"><ele>804.7000000000002</ele><time>2024-08-09T23:54:18Z</time></trkpt><trkpt lat="35.4831879" lon="138.7961712"><ele>804.9566666666666</ele><time>2024-08-09T23:54:34Z</time></trkpt><trkpt lat="35.4829871" lon="138.7960919"><ele>805.8533333333334</ele><time>2024-08-09T23:54:49Z</time></trkpt><trkpt lat="35.4828298" lon="138.7959647"><ele>806.7599999999999</ele><time>2024-08-09T23:55:00Z</time></trkpt><trkpt lat="35.4826556" lon="138.7958531"><ele>807.8566666666667</ele><time>2024-08-09T23:55:12Z</time></trkpt><trkpt lat="35.482469" lon="138.7957353"><ele>809.0100000000001</ele><time>2024-08-09T23:55:27Z</time></trkpt><trkpt lat="35.4822925" lon="138.7956094"><ele>810.1166666666667</ele><time>2024-08-09T23:55:42Z</time></trkpt><trkpt lat="35.4820878" lon="138.7954925"><ele>811.1433333333333</ele><time>2024-08-09T23:56:00Z</time></trkpt><trkpt lat="35.4819028" lon="138.7954194"><ele>812.0566666666667</ele><time>2024-08-09T23:56:15Z</time></trkpt><trkpt lat="35.4817251" lon="138.7953548"><ele>812.9500000000002</ele><time>2024-08-09T23:56:27Z</time></trkpt><trkpt lat="35.4815703" lon="138.795209"><ele>813.8533333333334</ele><time>2024-08-09T23:56:41Z</time></trkpt><trkpt lat="35.4813917" lon="138.7950984"><ele>814.6633333333333</ele><time>2024-08-09T23:56:56Z</time></trkpt><trkpt lat="35.48126" lon="138.7952937"><ele>815.3333333333334</ele><time>2024-08-09T23:57:16Z</time></trkpt><trkpt lat="35.4811147" lon="138.7954797"><ele>815.6533333333333</ele><time>2024-08-09T23:57:31Z</time></trkpt><trkpt lat="35.4810128" lon="138.7956717"><ele>815.7566666666667</ele><time>2024-08-09T23:57:45Z</time></trkpt><trkpt lat="35.4808906" lon="138.7958539"><ele>815.9166666666666</ele><time>2024-08-09T23:58:00Z</time></trkpt><trkpt lat="35.4807671" lon="138.7960305"><ele>816.1866666666666</ele><time>2024-08-09T23:58:15Z</time></trkpt><trkpt lat="35.4805691" lon="138.796061"><ele>816.6933333333333</ele><time>2024-08-09T23:58:33Z</time></trkpt><trkpt lat="35.4804115" lon="138.7959377"><ele>817.3333333333334</ele><time>2024-08-09T23:58:41Z</time></trkpt><trkpt lat="35.4802367" lon="138.7958246"><ele>818.1533333333333</ele><time>2024-08-09T23:58:53Z</time></trkpt><trkpt lat="35.4800691" lon="138.7956581"><ele>818.8866666666667</ele><time>2024-08-09T23:59:08Z</time></trkpt><trkpt lat="35.4798938" lon="138.795517"><ele>819.4399999999999</ele><time>2024-08-09T23:59:23Z</time></trkpt><trkpt lat="35.4797106" lon="138.7953688"><ele>819.96</ele><time>2024-08-09T23:59:37Z</time></trkpt><trkpt lat="35.4795418" lon="138.7952276"><ele>820.7366666666667</ele><time>2024-08-09T23:59:52Z</time></trkpt><trkpt lat="35.4793696" lon="138.7950674"><ele>821.7066666666666</ele><time>2024-08-10T00:00:07Z</time></trkpt><trkpt lat="35.4791843" lon="138.7949577"><ele>822.87</ele><time>2024-08-10T00:00:22Z</time></trkpt><trkpt lat="35.479023" lon="138.7948586"><ele>823.89</ele><time>2024-08-10T00:00:33Z</time></trkpt><trkpt lat="35.4788504" lon="138.7947729"><ele>824.9133333333334</ele><time>2024-08-10T00:00:48Z</time></trkpt><trkpt lat="35.4786874" lon="138.7946613"><ele>825.87</ele><time>2024-08-10T00:01:00Z</time></trkpt><trkpt lat="35.4785362" lon="138.7945374"><ele>826.7133333333335</ele><time>2024-08-10T00:01:21Z</time></trkpt><trkpt lat="35.4783952" lon="138.7943485"><ele>827.4966666666668</ele><time>2024-08-10T00:01:33Z</time></trkpt><trkpt lat="35.4782698" lon="138.7941492"><ele>828.3966666666666</ele><time>2024-08-10T00:01:48Z</time></trkpt><trkpt lat="35.4780941" lon="138.7940663"><ele>829.4499999999999</ele><time>2024-08-10T00:02:03Z</time></trkpt><trkpt lat="35.4779253" lon="138.7939072"><ele>830.68</ele><time>2024-08-10T00:02:18Z</time></trkpt><trkpt lat="35.4777349" lon="138.7938472"><ele>831.6833333333334</ele><time>2024-08-10T00:02:33Z</time></trkpt><trkpt lat="35.4775477" lon="138.793752"><ele>832.8066666666667</ele><time>2024-08-10T00:02:48Z</time></trkpt><trkpt lat="35.4773802" lon="138.7936571"><ele>833.83</ele><time>2024-08-10T00:03:00Z</time></trkpt><trkpt lat="35.4771944" lon="138.7935229"><ele>835.0066666666668</ele><time>2024-08-10T00:03:15Z</time></trkpt><trkpt lat="35.4770341" lon="138.7933528"><ele>836.0333333333333</ele><time>2024-08-10T00:03:33Z</time></trkpt><trkpt lat="35.4768729" lon="138.7932528"><ele>837.1966666666667</ele><time>2024-08-10T00:03:45Z</time></trkpt><trkpt lat="35.4766867" lon="138.7931386"><ele>838.2133333333335</ele><time>2024-08-10T00:04:00Z</time></trkpt><trkpt lat="35.4764885" lon="138.793016"><ele>839.1033333333334</ele><time>2024-08-10T00:04:18Z</time></trkpt><trkpt lat="35.476321" lon="138.7928868"><ele>839.9866666666667</ele><time>2024-08-10T00:04:33Z</time></trkpt><trkpt lat="35.4761739" lon="138.7927369"><ele>840.8966666666666</ele><time>2024-08-10T00:04:51Z</time></trkpt><trkpt lat="35.4760195" lon="138.7925933"><ele>841.9966666666666</ele><time>2024-08-10T00:05:03Z</time></trkpt><trkpt lat="35.4758349" lon="138.7924412"><ele>843.0933333333332</ele><time>2024-08-10T00:05:18Z</time></trkpt><trkpt lat="35.4756559" lon="138.7923145"><ele>844.2133333333333</ele><time>2024-08-10T00:05:33Z</time></trkpt><trkpt lat="35.4755207" lon="138.7921671"><ele>845.2933333333334</ele><time>2024-08-10T00:05:44Z</time></trkpt><trkpt lat="35.4753537" lon="138.7920806"><ele>846.2066666666666</ele><time>2024-08-10T00:05:56Z</time></trkpt><trkpt lat="35.4751668" lon="138.7919587"><ele>847.0833333333334</ele><time>2024-08-10T00:06:11Z</time></trkpt><trkpt lat="35.4749628" lon="138.7919426"><ele>847.88</ele><time>2024-08-10T00:07:49Z</time></trkpt><trkpt lat="35.4748016" lon="138.7920964"><ele>848.1966666666667</ele><time>2024-08-10T00:08:00Z</time></trkpt><trkpt lat="35.4747009" lon="138.7922831"><ele>848.13</ele><time>2024-08-10T00:08:15Z</time></trkpt><trkpt lat="35.4745543" lon="138.7924656"><ele>848.0</ele><time>2024-08-10T00:08:30Z</time></trkpt><trkpt lat="35.4744515" lon="138.7927002"><ele>848.11</ele><time>2024-08-10T00:08:45Z</time></trkpt><trkpt lat="35.4743272" lon="138.7929044"><ele>848.4766666666666</ele><time>2024-08-10T00:09:00Z</time></trkpt><trkpt lat="35.4742054" lon="138.7930993"><ele>848.8933333333334</ele><time>2024-08-10T00:09:11Z</time></trkpt><trkpt lat="35.474107" lon="138.7933068"><ele>849.17</ele><time>2024-08-10T00:09:26Z</time></trkpt><trkpt lat="35.4739705" lon="138.7935066"><ele>849.3033333333333</ele><time>2024-08-10T00:09:42Z</time></trkpt><trkpt lat="35.4738427" lon="138.7937134"><ele>849.2566666666667</ele><time>2024-08-10T00:09:56Z</time></trkpt><trkpt lat="35.473719" lon="138.79394"><ele>849.3100000000001</ele><time>2024-08-10T00:10:11Z</time></trkpt><trkpt lat="35.4735858" lon="138.7941002"><ele>849.37</ele><time>2024-08-10T00:10:26Z</time></trkpt><trkpt lat="35.4734654" lon="138.7942868"><ele>849.3433333333334</ele><time>2024-08-10T00:10:41Z</time></trkpt><trkpt lat="35.4733498" lon="138.7944949"><ele>849.32</ele><time>2024-08-10T00:10:55Z</time></trkpt><trkpt lat="35.473188" lon="138.7946569"><ele>849.3600000000001</ele><time>2024-08-10T00:11:11Z</time></trkpt><trkpt lat="35.4730124" lon="138.7945402"><ele>849.8600000000001</ele><time>2024-08-10T00:11:29Z</time></trkpt><trkpt lat="35.4728843" lon="138.7947306"><ele>850.4366666666668</ele><time>2024-08-10T00:11:44Z</time></trkpt><trkpt lat="35.472691" lon="138.7947059"><ele>851.2533333333334</ele><time>2024-08-10T00:11:59Z</time></trkpt><trkpt lat="35.4725649" lon="138.7945098"><ele>851.93</ele><time>2024-08-10T00:12:26Z</time></trkpt><trkpt lat="35.4724071" lon="138.7943493"><ele>852.9866666666667</ele><time>2024-08-10T00:12:38Z</time></trkpt><trkpt lat="35.472292" lon="138.7941775"><ele>853.9666666666667</ele><time>2024-08-10T00:12:53Z</time></trkpt><trkpt lat="35.4721702" lon="138.7939706"><ele>855.2266666666668</ele><time>2024-08-10T00:13:13Z</time></trkpt><trkpt lat="35.4720177" lon="138.793848"><ele>856.3333333333334</ele><time>2024-08-10T00:13:27Z</time></trkpt><trkpt lat="35.4718518" lon="138.7936976"><ele>857.65</ele><time>2024-08-10T00:13:42Z</time></trkpt><trkpt lat="35.471701" lon="138.7935183"><ele>858.7766666666666</ele><time>2024-08-10T00:13:57Z</time></trkpt><trkpt lat="35.4715984" lon="138.7933308"><ele>859.9466666666667</ele><time>2024-08-10T00:14:12Z</time></trkpt><trkpt lat="35.4714791" lon="138.7931359"><ele>860.9900000000001</ele><time>2024-08-10T00:14:31Z</time></trkpt><trkpt lat="35.4716007" lon="138.7929356"><ele>861.6366666666667</ele><time>2024-08-10T00:14:59Z</time></trkpt><trkpt lat="35.4715896" lon="138.7926888"><ele>862.0799999999999</ele><time>2024-08-10T00:15:26Z</time></trkpt><trkpt lat="35.4714187" lon="138.7925513"><ele>862.5566666666667</ele><time>2024-08-10T00:15:41Z</time></trkpt><trkpt lat="35.4711866" lon="138.7925303"><ele>863.3766666666667</ele><time>2024-08-10T00:15:56Z</time></trkpt><trkpt lat="35.4710225" lon="138.7924367"><ele>864.3333333333334</ele><time>2024-08-10T00:16:08Z</time></trkpt><trkpt lat="35.4708561" lon="138.7922815"><ele>865.29</ele><time>2024-08-10T00:16:29Z</time></trkpt><trkpt lat="35.4707984" lon="138.7920217"><ele>866.16</ele><time>2024-08-10T00:16:46Z</time></trkpt><trkpt lat="35.4706455" lon="138.791897"><ele>867.0633333333334</ele><time>2024-08-10T00:17:04Z</time></trkpt><trkpt lat="35.4704863" lon="138.7917426"><ele>867.85</ele><time>2024-08-10T00:17:19Z</time></trkpt><trkpt lat="35.4703898" lon="138.7915503"><ele>868.6233333333334</ele><time>2024-08-10T00:17:34Z</time></trkpt><trkpt lat="35.4702337" lon="138.7914208"><ele>869.6133333333333</ele><time>2024-08-10T00:17:50Z</time></trkpt><trkpt lat="35.4700813" lon="138.7912405"><ele>870.7033333333334</ele><time>2024-08-10T00:18:12Z</time></trkpt><trkpt lat="35.4699788" lon="138.7910041"><ele>871.9233333333333</ele><time>2024-08-10T00:18:30Z</time></trkpt><trkpt lat="35.4698573" lon="138.7908145"><ele>873.0166666666668</ele><time>2024-08-10T00:18:45Z</time></trkpt><trkpt lat="35.4697565" lon="138.7906117"><ele>874.16</ele><time>2024-08-10T00:18:57Z</time></trkpt><trkpt lat="35.4696519" lon="138.7903836"><ele>875.2066666666666</ele><time>2024-08-10T00:19:12Z</time></trkpt><trkpt lat="35.4695414" lon="138.7901638"><ele>876.29</ele><time>2024-08-10T00:19:30Z</time></trkpt><trkpt lat="35.4694194" lon="138.7899622"><ele>877.1933333333333</ele><time>2024-08-10T00:19:45Z</time></trkpt><trkpt lat="35.4692884" lon="138.7897856"><ele>878.19</ele><time>2024-08-10T00:20:00Z</time></trkpt><trkpt lat="35.4692235" lon="138.7895784"><ele>879.5533333333333</ele><time>2024-08-10T00:20:21Z</time></trkpt><trkpt lat="35.4690726" lon="138.7894188"><ele>881.4833333333335</ele><time>2024-08-10T00:20:45Z</time></trkpt><trkpt lat="35.4689541" lon="138.7892468"><ele>883.4200000000001</ele><time>2024-08-10T00:21:00Z</time></trkpt><trkpt lat="35.4689147" lon="138.7890176"><ele>884.64</ele><time>2024-08-10T00:21:38Z</time></trkpt><trkpt lat="35.4687293" lon="138.7890481"><ele>885.2199999999999</ele><time>2024-08-10T00:23:12Z</time></trkpt><trkpt lat="35.4685435" lon="138.7889142"><ele>885.7599999999999</ele><time>2024-08-10T00:23:29Z</time></trkpt><trkpt lat="35.4683918" lon="138.7887622"><ele>886.46</ele><time>2024-08-10T00:23:47Z</time></trkpt><trkpt lat="35.4682263" lon="138.7886312"><ele>887.2166666666667</ele><time>2024-08-10T00:24:04Z</time></trkpt><trkpt lat="35.4680816" lon="138.7884622"><ele>887.9266666666667</ele><time>2024-08-10T00:24:24Z</time></trkpt><trkpt lat="35.4679229" lon="138.7883062"><ele>888.9233333333333</ele><time>2024-08-10T00:24:43Z</time></trkpt><trkpt lat="35.4677646" lon="138.7881666"><ele>890.0433333333334</ele><time>2024-08-10T00:25:00Z</time></trkpt><trkpt lat="35.4675847" lon="138.7880395"><ele>891.46</ele><time>2024-08-10T00:25:20Z</time></trkpt><trkpt lat="35.4674521" lon="138.7878787"><ele>892.6733333333333</ele><time>2024-08-10T00:25:37Z</time></trkpt><trkpt lat="35.4673158" lon="138.787732"><ele>893.84</ele><time>2024-08-10T00:25:51Z</time></trkpt><trkpt lat="35.4671506" lon="138.7876056"><ele>894.9499999999999</ele><time>2024-08-10T00:26:11Z</time></trkpt><trkpt lat="35.466992" lon="138.7874308"><ele>896.1733333333333</ele><time>2024-08-10T00:26:30Z</time></trkpt><trkpt lat="35.466838" lon="138.7873061"><ele>897.4066666666668</ele><time>2024-08-10T00:26:44Z</time></trkpt><trkpt lat="35.4666984" lon="138.7871644"><ele>898.5566666666667</ele><time>2024-08-10T00:27:01Z</time></trkpt><trkpt lat="35.4665343" lon="138.7870289"><ele>899.89</ele><time>2024-08-10T00:27:18Z</time></trkpt><trkpt lat="35.4663876" lon="138.7868981"><ele>901.2566666666667</ele><time>2024-08-10T00:27:35Z</time></trkpt><trkpt lat="35.4662358" lon="138.7867499"><ele>902.5633333333334</ele><time>2024-08-10T00:27:56Z</time></trkpt><trkpt lat="35.466084" lon="138.7865814"><ele>903.6</ele><time>2024-08-10T00:28:16Z</time></trkpt><trkpt lat="35.4659396" lon="138.7864335"><ele>904.5166666666668</ele><time>2024-08-10T00:28:33Z</time></trkpt><trkpt lat="35.4657634" lon="138.7862951"><ele>905.3866666666667</ele><time>2024-08-10T00:28:53Z</time></trkpt><trkpt lat="35.465607" lon="138.7861673"><ele>906.07</ele><time>2024-08-10T00:29:10Z</time></trkpt><trkpt lat="35.4654678" lon="138.7860195"><ele>906.8333333333334</ele><time>2024-08-10T00:29:27Z</time></trkpt><trkpt lat="35.4653206" lon="138.7858848"><ele>907.6033333333334</ele><time>2024-08-10T00:29:44Z</time></trkpt><trkpt lat="35.465163" lon="138.785737"><ele>908.6433333333334</ele><time>2024-08-10T00:30:02Z</time></trkpt><trkpt lat="35.464998" lon="138.7855746"><ele>909.9133333333334</ele><time>2024-08-10T00:30:22Z</time></trkpt><trkpt lat="35.4648219" lon="138.7854253"><ele>911.2666666666668</ele><time>2024-08-10T00:30:39Z</time></trkpt><trkpt lat="35.4646694" lon="138.7852705"><ele>912.6</ele><time>2024-08-10T00:30:56Z</time></trkpt><trkpt lat="35.4645225" lon="138.7851238"><ele>913.8000000000001</ele><time>2024-08-10T00:31:13Z</time></trkpt><trkpt lat="35.4643514" lon="138.7849741"><ele>915.08</ele><time>2024-08-10T00:31:32Z</time></trkpt><trkpt lat="35.4641984" lon="138.784849"><ele>916.39</ele><time>2024-08-10T00:31:46Z</time></trkpt><trkpt lat="35.4640586" lon="138.7847023"><ele>917.7066666666666</ele><time>2024-08-10T00:32:04Z</time></trkpt><trkpt lat="35.463896" lon="138.7845885"><ele>918.87</ele><time>2024-08-10T00:32:21Z</time></trkpt><trkpt lat="35.4637467" lon="138.7844289"><ele>919.9633333333335</ele><time>2024-08-10T00:32:38Z</time></trkpt><trkpt lat="35.4635877" lon="138.7842712"><ele>921.08</ele><time>2024-08-10T00:32:58Z</time></trkpt><trkpt lat="35.4634405" lon="138.7841221"><ele>922.12</ele><time>2024-08-10T00:33:15Z</time></trkpt><trkpt lat="35.4632741" lon="138.7839689"><ele>923.12</ele><time>2024-08-10T00:33:35Z</time></trkpt><trkpt lat="35.4631162" lon="138.7838405"><ele>924.1166666666667</ele><time>2024-08-10T00:33:53Z</time></trkpt><trkpt lat="35.4629582" lon="138.7836865"><ele>925.1166666666667</ele><time>2024-08-10T00:34:12Z</time></trkpt><trkpt lat="35.4628139" lon="138.7835209"><ele>926.1533333333333</ele><time>2024-08-10T00:34:33Z</time></trkpt><trkpt lat="35.4626331" lon="138.7833858"><ele>927.1</ele><time>2024-08-10T00:34:53Z</time></trkpt><trkpt lat="35.4624718" lon="138.7832095"><ele>928.2566666666667</ele><time>2024-08-10T00:35:07Z</time></trkpt><trkpt lat="35.4623151" lon="138.7830835"><ele>929.3966666666666</ele><time>2024-08-10T00:35:25Z</time></trkpt><trkpt lat="35.4621312" lon="138.7829756"><ele>930.7533333333334</ele><time>2024-08-10T00:35:44Z</time></trkpt><trkpt lat="35.4619705" lon="138.7828691"><ele>931.9766666666668</ele><time>2024-08-10T00:36:01Z</time></trkpt><trkpt lat="35.4617876" lon="138.7827722"><ele>933.2433333333333</ele><time>2024-08-10T00:36:21Z</time></trkpt><trkpt lat="35.4616246" lon="138.7826745"><ele>934.2433333333335</ele><time>2024-08-10T00:36:35Z</time></trkpt><trkpt lat="35.4614305" lon="138.7825764"><ele>935.31</ele><time>2024-08-10T00:36:52Z</time></trkpt><trkpt lat="35.4612305" lon="138.7825085"><ele>936.3233333333334</ele><time>2024-08-10T00:37:08Z</time></trkpt><trkpt lat="35.4610403" lon="138.7824347"><ele>937.5066666666667</ele><time>2024-08-10T00:37:25Z</time></trkpt><trkpt lat="35.4608343" lon="138.7823389"><ele>938.7633333333333</ele><time>2024-08-10T00:37:45Z</time></trkpt><trkpt lat="35.460674" lon="138.7822211"><ele>940.0133333333333</ele><time>2024-08-10T00:38:02Z</time></trkpt><trkpt lat="35.46049" lon="138.7821556"><ele>941.2366666666667</ele><time>2024-08-10T00:38:22Z</time></trkpt><trkpt lat="35.4603233" lon="138.7820509"><ele>942.2333333333335</ele><time>2024-08-10T00:38:36Z</time></trkpt><trkpt lat="35.4601415" lon="138.7819803"><ele>943.2966666666667</ele><time>2024-08-10T00:38:53Z</time></trkpt><trkpt lat="35.4599546" lon="138.7819161"><ele>944.3466666666667</ele><time>2024-08-10T00:39:11Z</time></trkpt><trkpt lat="35.4597842" lon="138.7818137"><ele>945.44</ele><time>2024-08-10T00:39:28Z</time></trkpt><trkpt lat="35.4595992" lon="138.7817599"><ele>946.57</ele><time>2024-08-10T00:39:45Z</time></trkpt><trkpt lat="35.4594127" lon="138.7816618"><ele>947.5633333333334</ele><time>2024-08-10T00:40:02Z</time></trkpt><trkpt lat="35.4592133" lon="138.7816026"><ele>948.6866666666668</ele><time>2024-08-10T00:40:20Z</time></trkpt><trkpt lat="35.4590392" lon="138.7815195"><ele>950.0200000000001</ele><time>2024-08-10T00:40:34Z</time></trkpt><trkpt lat="35.4588492" lon="138.7814194"><ele>951.64</ele><time>2024-08-10T00:40:51Z</time></trkpt><trkpt lat="35.4586733" lon="138.7812972"><ele>953.2733333333332</ele><time>2024-08-10T00:41:07Z</time></trkpt><trkpt lat="35.4584889" lon="138.7812414"><ele>954.7866666666667</ele><time>2024-08-10T00:41:22Z</time></trkpt><trkpt lat="35.4582891" lon="138.781167"><ele>956.2066666666666</ele><time>2024-08-10T00:41:43Z</time></trkpt><trkpt lat="35.4581211" lon="138.7810739"><ele>957.4200000000001</ele><time>2024-08-10T00:42:00Z</time></trkpt><trkpt lat="35.457961" lon="138.7809719"><ele>958.2600000000001</ele><time>2024-08-10T00:42:14Z</time></trkpt><trkpt lat="35.4577902" lon="138.7808585"><ele>958.8433333333334</ele><time>2024-08-10T00:42:28Z</time></trkpt><trkpt lat="35.4576016" lon="138.7807693"><ele>959.5866666666667</ele><time>2024-08-10T00:42:48Z</time></trkpt><trkpt lat="35.457413" lon="138.7806591"><ele>960.7866666666667</ele><time>2024-08-10T00:43:08Z</time></trkpt><trkpt lat="35.4572254" lon="138.7805471"><ele>962.2833333333333</ele><time>2024-08-10T00:43:27Z</time></trkpt><trkpt lat="35.4570524" lon="138.7804245"><ele>963.7766666666666</ele><time>2024-08-10T00:43:44Z</time></trkpt><trkpt lat="35.4568683" lon="138.780319"><ele>965.3133333333334</ele><time>2024-08-10T00:44:04Z</time></trkpt><trkpt lat="35.4566762" lon="138.7802302"><ele>966.5833333333334</ele><time>2024-08-10T00:44:24Z</time></trkpt><trkpt lat="35.4565034" lon="138.7800992"><ele>967.7133333333335</ele><time>2024-08-10T00:44:44Z</time></trkpt><trkpt lat="35.4563416" lon="138.7799978"><ele>968.3666666666668</ele><time>2024-08-10T00:45:01Z</time></trkpt><trkpt lat="35.4561513" lon="138.779901"><ele>969.2333333333335</ele><time>2024-08-10T00:45:18Z</time></trkpt><trkpt lat="35.4559793" lon="138.7797845"><ele>970.3366666666667</ele><time>2024-08-10T00:45:35Z</time></trkpt><trkpt lat="35.4558206" lon="138.7796643"><ele>971.5666666666667</ele><time>2024-08-10T00:45:53Z</time></trkpt><trkpt lat="35.4556397" lon="138.7795617"><ele>972.6566666666668</ele><time>2024-08-10T00:46:10Z</time></trkpt><trkpt lat="35.4554465" lon="138.7794582"><ele>973.7766666666666</ele><time>2024-08-10T00:46:30Z</time></trkpt><trkpt lat="35.4552699" lon="138.7793463"><ele>975.0566666666667</ele><time>2024-08-10T00:46:47Z</time></trkpt><trkpt lat="35.4550922" lon="138.7792756"><ele>976.4166666666666</ele><time>2024-08-10T00:47:04Z</time></trkpt><trkpt lat="35.454918" lon="138.7791825"><ele>977.8800000000001</ele><time>2024-08-10T00:47:21Z</time></trkpt><trkpt lat="35.4547414" lon="138.7790569"><ele>979.2833333333334</ele><time>2024-08-10T00:47:37Z</time></trkpt><trkpt lat="35.4545814" lon="138.7789315"><ele>980.9566666666666</ele><time>2024-08-10T00:47:55Z</time></trkpt><trkpt lat="35.4544041" lon="138.7788774"><ele>982.2800000000001</ele><time>2024-08-10T00:48:12Z</time></trkpt><trkpt lat="35.4542272" lon="138.7787746"><ele>983.9699999999999</ele><time>2024-08-10T00:48:29Z</time></trkpt><trkpt lat="35.4540534" lon="138.7786781"><ele>985.3566666666667</ele><time>2024-08-10T00:48:43Z</time></trkpt><trkpt lat="35.453865" lon="138.7785909"><ele>986.8066666666667</ele><time>2024-08-10T00:49:02Z</time></trkpt><trkpt lat="35.4537034" lon="138.7784792"><ele>987.7533333333334</ele><time>2024-08-10T00:49:16Z</time></trkpt><trkpt lat="35.4535298" lon="138.7783793"><ele>988.8433333333334</ele><time>2024-08-10T00:49:33Z</time></trkpt><trkpt lat="35.4533639" lon="138.7782878"><ele>990.04</ele><time>2024-08-10T00:49:50Z</time></trkpt><trkpt lat="35.4531941" lon="138.7781896"><ele>991.4033333333333</ele><time>2024-08-10T00:50:05Z</time></trkpt><trkpt lat="35.4530377" lon="138.778059"><ele>992.8800000000001</ele><time>2024-08-10T00:50:22Z</time></trkpt><trkpt lat="35.452862" lon="138.7780003"><ele>994.3366666666667</ele><time>2024-08-10T00:50:39Z</time></trkpt><trkpt lat="35.4526808" lon="138.7778972"><ele>995.9533333333333</ele><time>2024-08-10T00:50:56Z</time></trkpt><trkpt lat="35.4525134" lon="138.7777837"><ele>997.3566666666666</ele><time>2024-08-10T00:51:13Z</time></trkpt><trkpt lat="35.4523219" lon="138.7776873"><ele>998.85</ele><time>2024-08-10T00:51:33Z</time></trkpt><trkpt lat="35.4521332" lon="138.7775778"><ele>1000.2366666666667</ele><time>2024-08-10T00:51:53Z</time></trkpt><trkpt lat="35.4519422" lon="138.7774672"><ele>1001.52</ele><time>2024-08-10T00:52:10Z</time></trkpt><trkpt lat="35.4517463" lon="138.7773548"><ele>1002.7766666666666</ele><time>2024-08-10T00:52:27Z</time></trkpt><trkpt lat="35.4515521" lon="138.777248"><ele>1004.0633333333334</ele><time>2024-08-10T00:52:46Z</time></trkpt><trkpt lat="35.4513624" lon="138.7771713"><ele>1005.5233333333332</ele><time>2024-08-10T00:53:03Z</time></trkpt><trkpt lat="35.4511811" lon="138.7770538"><ele>1006.65</ele><time>2024-08-10T00:53:19Z</time></trkpt><trkpt lat="35.451001" lon="138.7769526"><ele>1007.6966666666667</ele><time>2024-08-10T00:53:36Z</time></trkpt><trkpt lat="35.4508221" lon="138.7768734"><ele>1008.6433333333333</ele><time>2024-08-10T00:53:53Z</time></trkpt><trkpt lat="35.4506566" lon="138.7767798"><ele>1010.06</ele><time>2024-08-10T00:54:10Z</time></trkpt><trkpt lat="35.4504903" lon="138.7766856"><ele>1011.4733333333334</ele><time>2024-08-10T00:54:27Z</time></trkpt><trkpt lat="35.4503061" lon="138.7766005"><ele>1013.1366666666668</ele><time>2024-08-10T00:54:44Z</time></trkpt><trkpt lat="35.4501245" lon="138.7764875"><ele>1014.6266666666667</ele><time>2024-08-10T00:55:01Z</time></trkpt><trkpt lat="35.4499505" lon="138.776396"><ele>1016.3033333333333</ele><time>2024-08-10T00:55:18Z</time></trkpt><trkpt lat="35.4497798" lon="138.7763008"><ele>1017.7533333333334</ele><time>2024-08-10T00:55:35Z</time></trkpt><trkpt lat="35.449593" lon="138.776203"><ele>1019.4033333333333</ele><time>2024-08-10T00:55:52Z</time></trkpt><trkpt lat="35.4494324" lon="138.7760748"><ele>1020.82</ele><time>2024-08-10T00:56:09Z</time></trkpt><trkpt lat="35.4492975" lon="138.7759127"><ele>1022.2800000000001</ele><time>2024-08-10T00:56:29Z</time></trkpt><trkpt lat="35.4491162" lon="138.7759385"><ele>1023.6333333333336</ele><time>2024-08-10T00:56:49Z</time></trkpt><trkpt lat="35.4489329" lon="138.7757892"><ele>1024.9866666666667</ele><time>2024-08-10T00:56:57Z</time></trkpt><trkpt lat="35.4487519" lon="138.7756944"><ele>1026.4333333333334</ele><time>2024-08-10T00:57:14Z</time></trkpt><trkpt lat="35.4485867" lon="138.7755848"><ele>1027.74</ele><time>2024-08-10T00:57:31Z</time></trkpt><trkpt lat="35.4484168" lon="138.7754685"><ele>1029.37</ele><time>2024-08-10T00:57:48Z</time></trkpt><trkpt lat="35.4482326" lon="138.775349"><ele>1030.94</ele><time>2024-08-10T00:58:09Z</time></trkpt><trkpt lat="35.4480595" lon="138.7752254"><ele>1032.9266666666667</ele><time>2024-08-10T00:58:26Z</time></trkpt><trkpt lat="35.4478681" lon="138.7751449"><ele>1034.9066666666665</ele><time>2024-08-10T00:58:46Z</time></trkpt><trkpt lat="35.4477143" lon="138.7750156"><ele>1036.8066666666666</ele><time>2024-08-10T00:59:03Z</time></trkpt><trkpt lat="35.4475245" lon="138.7749344"><ele>1038.6133333333332</ele><time>2024-08-10T00:59:21Z</time></trkpt><trkpt lat="35.4473457" lon="138.7748154"><ele>1040.2166666666665</ele><time>2024-08-10T00:59:38Z</time></trkpt><trkpt lat="35.447177" lon="138.7747181"><ele>1041.8466666666668</ele><time>2024-08-10T00:59:55Z</time></trkpt><trkpt lat="35.4469817" lon="138.7746078"><ele>1043.38</ele><time>2024-08-10T01:00:12Z</time></trkpt><trkpt lat="35.4467962" lon="138.7744816"><ele>1045.08</ele><time>2024-08-10T01:00:32Z</time></trkpt><trkpt lat="35.4466372" lon="138.7743629"><ele>1046.78</ele><time>2024-08-10T01:00:46Z</time></trkpt><trkpt lat="35.4464569" lon="138.7743037"><ele>1048.4766666666667</ele><time>2024-08-10T01:01:06Z</time></trkpt><trkpt lat="35.446287" lon="138.7742005"><ele>1049.88</ele><time>2024-08-10T01:01:23Z</time></trkpt><trkpt lat="35.4461096" lon="138.7741123"><ele>1051.3566666666668</ele><time>2024-08-10T01:01:41Z</time></trkpt><trkpt lat="35.4459207" lon="138.7740091"><ele>1052.5633333333333</ele><time>2024-08-10T01:02:01Z</time></trkpt><trkpt lat="35.445728" lon="138.7739197"><ele>1053.9933333333336</ele><time>2024-08-10T01:02:18Z</time></trkpt><trkpt lat="35.4455745" lon="138.7738003"><ele>1055.2233333333334</ele><time>2024-08-10T01:02:35Z</time></trkpt><trkpt lat="35.4454002" lon="138.7737088"><ele>1056.6166666666668</ele><time>2024-08-10T01:02:53Z</time></trkpt><trkpt lat="35.4452409" lon="138.7735743"><ele>1057.75</ele><time>2024-08-10T01:03:10Z</time></trkpt><trkpt lat="35.4450889" lon="138.773434"><ele>1059.2333333333333</ele><time>2024-08-10T01:03:27Z</time></trkpt><trkpt lat="35.4449183" lon="138.7733409"><ele>1061.1466666666668</ele><time>2024-08-10T01:03:41Z</time></trkpt><trkpt lat="35.4447451" lon="138.77322"><ele>1063.4033333333334</ele><time>2024-08-10T01:03:58Z</time></trkpt><trkpt lat="35.4445873" lon="138.7730756"><ele>1065.716666666667</ele><time>2024-08-10T01:04:15Z</time></trkpt><trkpt lat="35.4444284" lon="138.7729439"><ele>1067.0766666666666</ele><time>2024-08-10T01:04:32Z</time></trkpt><trkpt lat="35.4442905" lon="138.772801"><ele>1068.1533333333334</ele><time>2024-08-10T01:04:49Z</time></trkpt><trkpt lat="35.4441357" lon="138.7726568"><ele>1069.4866666666667</ele><time>2024-08-10T01:05:06Z</time></trkpt><trkpt lat="35.4439799" lon="138.7725361"><ele>1071.4966666666667</ele><time>2024-08-10T01:05:23Z</time></trkpt><trkpt lat="35.4438157" lon="138.7723842"><ele>1073.8</ele><time>2024-08-10T01:05:40Z</time></trkpt><trkpt lat="35.4436667" lon="138.7722363"><ele>1075.5433333333333</ele><time>2024-08-10T01:05:57Z</time></trkpt><trkpt lat="35.443506" lon="138.772086"><ele>1077.0366666666666</ele><time>2024-08-10T01:06:14Z</time></trkpt><trkpt lat="35.4433501" lon="138.7719444"><ele>1078.1833333333334</ele><time>2024-08-10T01:06:31Z</time></trkpt><trkpt lat="35.4431805" lon="138.7718052"><ele>1079.4133333333332</ele><time>2024-08-10T01:06:48Z</time></trkpt><trkpt lat="35.4430196" lon="138.7716762"><ele>1080.5733333333335</ele><time>2024-08-10T01:07:04Z</time></trkpt><trkpt lat="35.4428654" lon="138.7715283"><ele>1081.8500000000001</ele><time>2024-08-10T01:07:21Z</time></trkpt><trkpt lat="35.442703" lon="138.7714035"><ele>1083.0733333333335</ele><time>2024-08-10T01:07:39Z</time></trkpt><trkpt lat="35.4425446" lon="138.7712692"><ele>1084.6233333333332</ele><time>2024-08-10T01:07:56Z</time></trkpt><trkpt lat="35.4423904" lon="138.7711168"><ele>1086.0133333333333</ele><time>2024-08-10T01:08:13Z</time></trkpt><trkpt lat="35.4422328" lon="138.771002"><ele>1087.2333333333333</ele><time>2024-08-10T01:08:30Z</time></trkpt><trkpt lat="35.4420749" lon="138.7708658"><ele>1088.2033333333331</ele><time>2024-08-10T01:08:48Z</time></trkpt><trkpt lat="35.4419034" lon="138.7707288"><ele>1089.5033333333333</ele><time>2024-08-10T01:09:08Z</time></trkpt><trkpt lat="35.4417534" lon="138.7705551"><ele>1091.0966666666666</ele><time>2024-08-10T01:09:27Z</time></trkpt><trkpt lat="35.4416491" lon="138.770355"><ele>1092.8633333333335</ele><time>2024-08-10T01:09:44Z</time></trkpt><trkpt lat="35.4415346" lon="138.7701833"><ele>1094.2900000000002</ele><time>2024-08-10T01:09:58Z</time></trkpt><trkpt lat="35.4414713" lon="138.7699442"><ele>1095.4433333333334</ele><time>2024-08-10T01:10:16Z</time></trkpt><trkpt lat="35.4413501" lon="138.7697603"><ele>1096.3366666666668</ele><time>2024-08-10T01:10:44Z</time></trkpt><trkpt lat="35.4411675" lon="138.7696629"><ele>1097.283333333333</ele><time>2024-08-10T01:11:02Z</time></trkpt><trkpt lat="35.4410335" lon="138.7694495"><ele>1098.0566666666666</ele><time>2024-08-10T01:11:33Z</time></trkpt><trkpt lat="35.4409556" lon="138.7692434"><ele>1099.2233333333334</ele><time>2024-08-10T01:11:51Z</time></trkpt><trkpt lat="35.4408723" lon="138.7690192"><ele>1101.0733333333335</ele><time>2024-08-10T01:12:05Z</time></trkpt><trkpt lat="35.4407468" lon="138.7688301"><ele>1103.62</ele><time>2024-08-10T01:12:19Z</time></trkpt><trkpt lat="35.4406163" lon="138.7686564"><ele>1106.26</ele><time>2024-08-10T01:12:36Z</time></trkpt><trkpt lat="35.4405354" lon="138.7684552"><ele>1107.87</ele><time>2024-08-10T01:12:51Z</time></trkpt><trkpt lat="35.4404297" lon="138.768252"><ele>1108.8666666666668</ele><time>2024-08-10T01:13:07Z</time></trkpt><trkpt lat="35.4403067" lon="138.7680682"><ele>1109.2133333333334</ele><time>2024-08-10T01:13:24Z</time></trkpt><trkpt lat="35.4401962" lon="138.7678674"><ele>1110.07</ele><time>2024-08-10T01:13:41Z</time></trkpt><trkpt lat="35.4400858" lon="138.7676843"><ele>1111.17</ele><time>2024-08-10T01:13:58Z</time></trkpt><trkpt lat="35.4399441" lon="138.7675043"><ele>1112.4333333333334</ele><time>2024-08-10T01:14:18Z</time></trkpt><trkpt lat="35.4397885" lon="138.767361"><ele>1113.55</ele><time>2024-08-10T01:14:35Z</time></trkpt><trkpt lat="35.4396363" lon="138.7672036"><ele>1114.7733333333333</ele><time>2024-08-10T01:14:52Z</time></trkpt><trkpt lat="35.4394621" lon="138.7671331"><ele>1116.0733333333335</ele><time>2024-08-10T01:15:09Z</time></trkpt><trkpt lat="35.4392889" lon="138.767054"><ele>1117.3033333333335</ele><time>2024-08-10T01:15:27Z</time></trkpt><trkpt lat="35.4391212" lon="138.7669472"><ele>1118.68</ele><time>2024-08-10T01:15:44Z</time></trkpt><trkpt lat="35.4389406" lon="138.7668178"><ele>1120.0066666666664</ele><time>2024-08-10T01:16:01Z</time></trkpt><trkpt lat="35.4387502" lon="138.7666988"><ele>1121.6000000000001</ele><time>2024-08-10T01:16:21Z</time></trkpt><trkpt lat="35.4385657" lon="138.7666138"><ele>1123.0466666666669</ele><time>2024-08-10T01:16:41Z</time></trkpt><trkpt lat="35.4383679" lon="138.766576"><ele>1124.5233333333333</ele><time>2024-08-10T01:16:58Z</time></trkpt><trkpt lat="35.4381963" lon="138.7665071"><ele>1126.0333333333333</ele><time>2024-08-10T01:17:13Z</time></trkpt><trkpt lat="35.4380219" lon="138.7664261"><ele>1127.41</ele><time>2024-08-10T01:17:31Z</time></trkpt><trkpt lat="35.4378141" lon="138.766396"><ele>1129.0266666666666</ele><time>2024-08-10T01:17:51Z</time></trkpt><trkpt lat="35.4376314" lon="138.766347"><ele>1130.6266666666668</ele><time>2024-08-10T01:18:08Z</time></trkpt><trkpt lat="35.4374322" lon="138.7663312"><ele>1132.38</ele><time>2024-08-10T01:18:26Z</time></trkpt><trkpt lat="35.4372267" lon="138.766269"><ele>1134.0366666666666</ele><time>2024-08-10T01:18:43Z</time></trkpt><trkpt lat="35.4370464" lon="138.7662429"><ele>1135.6033333333332</ele><time>2024-08-10T01:19:01Z</time></trkpt><trkpt lat="35.4368608" lon="138.7661818"><ele>1137.11</ele><time>2024-08-10T01:19:16Z</time></trkpt><trkpt lat="35.4366699" lon="138.7661356"><ele>1138.7166666666667</ele><time>2024-08-10T01:19:36Z</time></trkpt><trkpt lat="35.4364984" lon="138.7660563"><ele>1140.5233333333333</ele><time>2024-08-10T01:19:53Z</time></trkpt><trkpt lat="35.4363144" lon="138.7659748"><ele>1142.7633333333333</ele><time>2024-08-10T01:20:11Z</time></trkpt><trkpt lat="35.4361148" lon="138.7659038"><ele>1144.9066666666668</ele><time>2024-08-10T01:20:31Z</time></trkpt><trkpt lat="35.4359356" lon="138.7658342"><ele>1146.8033333333335</ele><time>2024-08-10T01:20:48Z</time></trkpt><trkpt lat="35.4357376" lon="138.7657932"><ele>1148.2933333333333</ele><time>2024-08-10T01:21:10Z</time></trkpt><trkpt lat="35.4355347" lon="138.7657201"><ele>1149.8400000000001</ele><time>2024-08-10T01:21:27Z</time></trkpt><trkpt lat="35.4353561" lon="138.7656199"><ele>1151.59</ele><time>2024-08-10T01:21:45Z</time></trkpt><trkpt lat="35.4351631" lon="138.7655196"><ele>1153.22</ele><time>2024-08-10T01:22:05Z</time></trkpt><trkpt lat="35.4349726" lon="138.7654231"><ele>1154.9333333333334</ele><time>2024-08-10T01:22:22Z</time></trkpt><trkpt lat="35.4347781" lon="138.7653783"><ele>1156.6166666666668</ele><time>2024-08-10T01:22:39Z</time></trkpt><trkpt lat="35.4345989" lon="138.7653249"><ele>1158.3533333333335</ele><time>2024-08-10T01:22:57Z</time></trkpt><trkpt lat="35.4344191" lon="138.7652313"><ele>1160.2266666666667</ele><time>2024-08-10T01:23:15Z</time></trkpt><trkpt lat="35.4342411" lon="138.7651509"><ele>1162.3666666666668</ele><time>2024-08-10T01:23:33Z</time></trkpt><trkpt lat="35.4340566" lon="138.7650729"><ele>1165.0900000000001</ele><time>2024-08-10T01:23:50Z</time></trkpt><trkpt lat="35.4338854" lon="138.7649734"><ele>1167.78</ele><time>2024-08-10T01:24:08Z</time></trkpt><trkpt lat="35.4336851" lon="138.7648797"><ele>1169.7300000000002</ele><time>2024-08-10T01:25:32Z</time></trkpt><trkpt lat="35.4335105" lon="138.7647961"><ele>1171.3266666666668</ele><time>2024-08-10T01:25:50Z</time></trkpt><trkpt lat="35.433323" lon="138.7646794"><ele>1172.8766666666668</ele><time>2024-08-10T01:26:11Z</time></trkpt><trkpt lat="35.4331304" lon="138.7645852"><ele>1174.8133333333333</ele><time>2024-08-10T01:26:31Z</time></trkpt><trkpt lat="35.4329593" lon="138.7645045"><ele>1176.8833333333332</ele><time>2024-08-10T01:26:49Z</time></trkpt><trkpt lat="35.4327731" lon="138.7644094"><ele>1178.6499999999999</ele><time>2024-08-10T01:27:32Z</time></trkpt><trkpt lat="35.4326065" lon="138.7642822"><ele>1180.8466666666666</ele><time>2024-08-10T01:27:50Z</time></trkpt><trkpt lat="35.4324332" lon="138.7641329"><ele>1182.89</ele><time>2024-08-10T01:28:08Z</time></trkpt><trkpt lat="35.4323104" lon="138.7639694"><ele>1185.1833333333334</ele><time>2024-08-10T01:28:26Z</time></trkpt><trkpt lat="35.4321448" lon="138.7638307"><ele>1187.2233333333334</ele><time>2024-08-10T01:28:47Z</time></trkpt><trkpt lat="35.4319722" lon="138.7637008"><ele>1189.4399999999998</ele><time>2024-08-10T01:29:08Z</time></trkpt><trkpt lat="35.4318242" lon="138.7635444"><ele>1191.6433333333332</ele><time>2024-08-10T01:29:29Z</time></trkpt><trkpt lat="35.4316438" lon="138.7634341"><ele>1193.8833333333332</ele><time>2024-08-10T01:29:50Z</time></trkpt><trkpt lat="35.4314503" lon="138.7633772"><ele>1195.7533333333333</ele><time>2024-08-10T01:30:11Z</time></trkpt><trkpt lat="35.4312805" lon="138.7632958"><ele>1197.7133333333334</ele><time>2024-08-10T01:30:29Z</time></trkpt><trkpt lat="35.4311282" lon="138.7631307"><ele>1199.5633333333335</ele><time>2024-08-10T01:30:47Z</time></trkpt><trkpt lat="35.4309848" lon="138.762982"><ele>1201.5233333333333</ele><time>2024-08-10T01:31:08Z</time></trkpt><trkpt lat="35.4308033" lon="138.7628758"><ele>1203.4366666666667</ele><time>2024-08-10T01:31:29Z</time></trkpt><trkpt lat="35.4306216" lon="138.7627811"><ele>1205.2966666666669</ele><time>2024-08-10T01:31:53Z</time></trkpt><trkpt lat="35.4304356" lon="138.7626933"><ele>1207.3700000000001</ele><time>2024-08-10T01:32:14Z</time></trkpt><trkpt lat="35.4302582" lon="138.7625656"><ele>1209.1966666666667</ele><time>2024-08-10T01:32:35Z</time></trkpt><trkpt lat="35.4300564" lon="138.7625263"><ele>1211.01</ele><time>2024-08-10T01:32:56Z</time></trkpt><trkpt lat="35.4298761" lon="138.7625502"><ele>1212.4333333333332</ele><time>2024-08-10T01:33:17Z</time></trkpt><trkpt lat="35.4296953" lon="138.7625056"><ele>1213.6966666666667</ele><time>2024-08-10T01:33:38Z</time></trkpt><trkpt lat="35.429516" lon="138.762381"><ele>1215.18</ele><time>2024-08-10T01:33:55Z</time></trkpt><trkpt lat="35.4293531" lon="138.7622719"><ele>1216.6733333333334</ele><time>2024-08-10T01:34:14Z</time></trkpt><trkpt lat="35.4291614" lon="138.7621993"><ele>1218.43</ele><time>2024-08-10T01:34:32Z</time></trkpt><trkpt lat="35.428988" lon="138.7621182"><ele>1220.07</ele><time>2024-08-10T01:34:50Z</time></trkpt><trkpt lat="35.428806" lon="138.7620431"><ele>1221.8233333333335</ele><time>2024-08-10T01:35:12Z</time></trkpt><trkpt lat="35.4286044" lon="138.7620183"><ele>1223.6699999999998</ele><time>2024-08-10T01:35:33Z</time></trkpt><trkpt lat="35.4284126" lon="138.7619648"><ele>1225.6633333333332</ele><time>2024-08-10T01:35:54Z</time></trkpt><trkpt lat="35.4282413" lon="138.761856"><ele>1227.5466666666669</ele><time>2024-08-10T01:36:09Z</time></trkpt><trkpt lat="35.4280616" lon="138.7617772"><ele>1229.53</ele><time>2024-08-10T01:36:27Z</time></trkpt><trkpt lat="35.4278552" lon="138.761747"><ele>1231.7166666666667</ele><time>2024-08-10T01:36:51Z</time></trkpt><trkpt lat="35.4276485" lon="138.7617461"><ele>1234.52</ele><time>2024-08-10T01:37:12Z</time></trkpt><trkpt lat="35.4274756" lon="138.76166"><ele>1237.0533333333333</ele><time>2024-08-10T01:37:30Z</time></trkpt><trkpt lat="35.4272985" lon="138.761607"><ele>1239.4866666666667</ele><time>2024-08-10T01:37:48Z</time></trkpt><trkpt lat="35.4271131" lon="138.7615277"><ele>1241.45</ele><time>2024-08-10T01:38:09Z</time></trkpt><trkpt lat="35.4269309" lon="138.7614648"><ele>1243.9066666666665</ele><time>2024-08-10T01:38:30Z</time></trkpt><trkpt lat="35.4267316" lon="138.7614056"><ele>1246.2866666666666</ele><time>2024-08-10T01:38:48Z</time></trkpt><trkpt lat="35.4265155" lon="138.7614079"><ele>1248.8100000000002</ele><time>2024-08-10T01:39:12Z</time></trkpt><trkpt lat="35.4262964" lon="138.7614323"><ele>1251.1266666666668</ele><time>2024-08-10T01:39:33Z</time></trkpt><trkpt lat="35.4261184" lon="138.7613782"><ele>1253.3333333333333</ele><time>2024-08-10T01:39:51Z</time></trkpt><trkpt lat="35.425946" lon="138.7613108"><ele>1255.28</ele><time>2024-08-10T01:40:15Z</time></trkpt><trkpt lat="35.4257457" lon="138.7612903"><ele>1257.27</ele><time>2024-08-10T01:40:44Z</time></trkpt><trkpt lat="35.4255578" lon="138.7612232"><ele>1259.3700000000001</ele><time>2024-08-10T01:41:11Z</time></trkpt><trkpt lat="35.4253826" lon="138.7611626"><ele>1261.5866666666666</ele><time>2024-08-10T01:41:32Z</time></trkpt><trkpt lat="35.4252168" lon="138.7610652"><ele>1263.8866666666665</ele><time>2024-08-10T01:41:44Z</time></trkpt><trkpt lat="35.4250533" lon="138.760951"><ele>1265.9466666666665</ele><time>2024-08-10T01:42:02Z</time></trkpt><trkpt lat="35.4248529" lon="138.7609161"><ele>1268.29</ele><time>2024-08-10T01:42:23Z</time></trkpt><trkpt lat="35.4246473" lon="138.7608679"><ele>1270.6299999999999</ele><time>2024-08-10T01:42:44Z</time></trkpt><trkpt lat="35.4244618" lon="138.7608263"><ele>1272.9433333333334</ele><time>2024-08-10T01:43:05Z</time></trkpt><trkpt lat="35.4242557" lon="138.7608098"><ele>1275.3466666666666</ele><time>2024-08-10T01:43:26Z</time></trkpt><trkpt lat="35.4240428" lon="138.7608276"><ele>1278.0133333333333</ele><time>2024-08-10T01:43:47Z</time></trkpt><trkpt lat="35.4238557" lon="138.7608461"><ele>1280.57</ele><time>2024-08-10T01:44:05Z</time></trkpt><trkpt lat="35.4236706" lon="138.7608471"><ele>1282.8333333333333</ele><time>2024-08-10T01:44:26Z</time></trkpt><trkpt lat="35.4234716" lon="138.7608167"><ele>1284.5500000000002</ele><time>2024-08-10T01:44:46Z</time></trkpt><trkpt lat="35.4232793" lon="138.7608597"><ele>1286.6566666666668</ele><time>2024-08-10T01:45:08Z</time></trkpt><trkpt lat="35.4231269" lon="138.7610245"><ele>1288.3566666666668</ele><time>2024-08-10T01:45:29Z</time></trkpt><trkpt lat="35.4229263" lon="138.7610549"><ele>1289.9733333333334</ele><time>2024-08-10T01:46:11Z</time></trkpt><trkpt lat="35.4227575" lon="138.7611361"><ele>1291.006666666667</ele><time>2024-08-10T01:46:35Z</time></trkpt><trkpt lat="35.4225821" lon="138.7610568"><ele>1292.4333333333334</ele><time>2024-08-10T01:46:52Z</time></trkpt><trkpt lat="35.4223932" lon="138.7609774"><ele>1294.3066666666666</ele><time>2024-08-10T01:47:16Z</time></trkpt><trkpt lat="35.4221987" lon="138.7609293"><ele>1296.9766666666667</ele><time>2024-08-10T01:47:28Z</time></trkpt><trkpt lat="35.4219958" lon="138.7609228"><ele>1300.0466666666669</ele><time>2024-08-10T01:47:46Z</time></trkpt><trkpt lat="35.421805" lon="138.7608433"><ele>1302.7366666666667</ele><time>2024-08-10T01:48:03Z</time></trkpt><trkpt lat="35.4216171" lon="138.7608137"><ele>1305.2366666666667</ele><time>2024-08-10T01:48:21Z</time></trkpt><trkpt lat="35.4214151" lon="138.7608303"><ele>1307.1166666666666</ele><time>2024-08-10T01:48:42Z</time></trkpt><trkpt lat="35.4212035" lon="138.7607999"><ele>1308.6333333333334</ele><time>2024-08-10T01:49:00Z</time></trkpt><trkpt lat="35.421022" lon="138.760703"><ele>1309.67</ele><time>2024-08-10T01:49:21Z</time></trkpt><trkpt lat="35.4208494" lon="138.7606164"><ele>1310.69</ele><time>2024-08-10T01:49:40Z</time></trkpt><trkpt lat="35.4207053" lon="138.7604775"><ele>1312.4966666666667</ele><time>2024-08-10T01:49:58Z</time></trkpt><trkpt lat="35.4205628" lon="138.7602959"><ele>1315.1833333333334</ele><time>2024-08-10T01:50:19Z</time></trkpt><trkpt lat="35.420453" lon="138.7600932"><ele>1318.6499999999999</ele><time>2024-08-10T01:50:40Z</time></trkpt><trkpt lat="35.4203117" lon="138.7599169"><ele>1322.2300000000002</ele><time>2024-08-10T01:51:01Z</time></trkpt><trkpt lat="35.4201857" lon="138.7597496"><ele>1324.9033333333334</ele><time>2024-08-10T01:51:19Z</time></trkpt><trkpt lat="35.4200458" lon="138.7595876"><ele>1327.0366666666669</ele><time>2024-08-10T01:51:40Z</time></trkpt><trkpt lat="35.4198719" lon="138.7595098"><ele>1328.9733333333334</ele><time>2024-08-10T01:52:04Z</time></trkpt><trkpt lat="35.4196863" lon="138.7594039"><ele>1331.5166666666667</ele><time>2024-08-10T01:52:25Z</time></trkpt><trkpt lat="35.4195325" lon="138.75927"><ele>1334.1333333333332</ele><time>2024-08-10T01:52:46Z</time></trkpt><trkpt lat="35.4193677" lon="138.7591635"><ele>1336.493333333333</ele><time>2024-08-10T01:53:10Z</time></trkpt><trkpt lat="35.4191744" lon="138.7590933"><ele>1339.0233333333333</ele><time>2024-08-10T01:53:28Z</time></trkpt><trkpt lat="35.4189844" lon="138.7590629"><ele>1342.2533333333333</ele><time>2024-08-10T01:53:52Z</time></trkpt><trkpt lat="35.4187909" lon="138.7591083"><ele>1345.69</ele><time>2024-08-10T01:54:13Z</time></trkpt><trkpt lat="35.4186262" lon="138.7590028"><ele>1348.9466666666667</ele><time>2024-08-10T01:54:34Z</time></trkpt><trkpt lat="35.4184319" lon="138.7590367"><ele>1351.8266666666666</ele><time>2024-08-10T01:54:58Z</time></trkpt><trkpt lat="35.4182412" lon="138.7590504"><ele>1354.4933333333336</ele><time>2024-08-10T01:55:19Z</time></trkpt><trkpt lat="35.4181076" lon="138.759209"><ele>1356.63</ele><time>2024-08-10T01:55:40Z</time></trkpt><trkpt lat="35.4179173" lon="138.7592937"><ele>1358.7033333333334</ele><time>2024-08-10T01:56:00Z</time></trkpt><trkpt lat="35.4177171" lon="138.7593389"><ele>1360.7466666666667</ele><time>2024-08-10T01:56:21Z</time></trkpt><trkpt lat="35.4175243" lon="138.7593563"><ele>1362.8033333333333</ele><time>2024-08-10T01:56:38Z</time></trkpt><trkpt lat="35.4173315" lon="138.759367"><ele>1365.12</ele><time>2024-08-10T01:56:57Z</time></trkpt><trkpt lat="35.4171436" lon="138.759374"><ele>1367.79</ele><time>2024-08-10T01:57:21Z</time></trkpt><trkpt lat="35.4169565" lon="138.7593516"><ele>1370.716666666667</ele><time>2024-08-10T01:57:42Z</time></trkpt><trkpt lat="35.4167723" lon="138.7592493"><ele>1374.0433333333333</ele><time>2024-08-10T01:58:03Z</time></trkpt><trkpt lat="35.4166275" lon="138.7590775"><ele>1377.8266666666668</ele><time>2024-08-10T01:58:21Z</time></trkpt><trkpt lat="35.4165924" lon="138.7588401"><ele>1381.7700000000002</ele><time>2024-08-10T01:58:42Z</time></trkpt><trkpt lat="35.4163923" lon="138.7588577"><ele>1385.0600000000002</ele><time>2024-08-10T01:59:06Z</time></trkpt><trkpt lat="35.4162125" lon="138.7589055"><ele>1387.176666666667</ele><time>2024-08-10T01:59:27Z</time></trkpt><trkpt lat="35.4160706" lon="138.7587544"><ele>1389.0333333333335</ele><time>2024-08-10T01:59:42Z</time></trkpt><trkpt lat="35.4160339" lon="138.7585221"><ele>1390.7733333333335</ele><time>2024-08-10T01:59:59Z</time></trkpt><trkpt lat="35.4160688" lon="138.7582999"><ele>1392.746666666667</ele><time>2024-08-10T02:00:24Z</time></trkpt><trkpt lat="35.4158996" lon="138.7581858"><ele>1395.1933333333334</ele><time>2024-08-10T02:00:42Z</time></trkpt><trkpt lat="35.4157221" lon="138.7583357"><ele>1397.17</ele><time>2024-08-10T02:01:09Z</time></trkpt><trkpt lat="35.415545" lon="138.7584806"><ele>1399.8100000000002</ele><time>2024-08-10T02:01:27Z</time></trkpt><trkpt lat="35.4153419" lon="138.7585556"><ele>1402.1899999999998</ele><time>2024-08-10T02:01:48Z</time></trkpt><trkpt lat="35.4151961" lon="138.7586933"><ele>1404.6433333333334</ele><time>2024-08-10T02:02:06Z</time></trkpt><trkpt lat="35.4150022" lon="138.7587827"><ele>1406.7333333333333</ele><time>2024-08-10T02:02:27Z</time></trkpt><trkpt lat="35.4148019" lon="138.7588172"><ele>1408.6333333333334</ele><time>2024-08-10T02:02:51Z</time></trkpt><trkpt lat="35.4146178" lon="138.7588069"><ele>1411.2366666666667</ele><time>2024-08-10T02:03:10Z</time></trkpt><trkpt lat="35.4144252" lon="138.7588347"><ele>1414.0900000000001</ele><time>2024-08-10T02:03:32Z</time></trkpt><trkpt lat="35.4142291" lon="138.7588471"><ele>1417.3466666666666</ele><time>2024-08-10T02:03:52Z</time></trkpt><trkpt lat="35.4140492" lon="138.7587332"><ele>1420.6899999999998</ele><time>2024-08-10T02:04:14Z</time></trkpt><trkpt lat="35.4138768" lon="138.7586194"><ele>1424.46</ele><time>2024-08-10T02:04:41Z</time></trkpt><trkpt lat="35.4136812" lon="138.7586478"><ele>1427.7866666666669</ele><time>2024-08-10T02:05:07Z</time></trkpt><trkpt lat="35.4134958" lon="138.7586322"><ele>1430.8466666666666</ele><time>2024-08-10T02:05:50Z</time></trkpt><trkpt lat="35.4135143" lon="138.7588792"><ele>1432.1533333333334</ele><time>2024-08-10T02:06:26Z</time></trkpt><trkpt lat="35.4133364" lon="138.7589914"><ele>1433.8133333333335</ele><time>2024-08-10T02:06:44Z</time></trkpt><trkpt lat="35.4131408" lon="138.7589258"><ele>1435.4733333333334</ele><time>2024-08-10T02:06:59Z</time></trkpt><trkpt lat="35.4130647" lon="138.7587254"><ele>1438.29</ele><time>2024-08-10T02:07:38Z</time></trkpt><trkpt lat="35.4128592" lon="138.7587508"><ele>1441.55</ele><time>2024-08-10T02:28:40Z</time></trkpt><trkpt lat="35.4126629" lon="138.7587745"><ele>1445.0166666666667</ele><time>2024-08-10T02:29:01Z</time></trkpt><trkpt lat="35.4124669" lon="138.7587597"><ele>1448.9666666666665</ele><time>2024-08-10T02:29:28Z</time></trkpt><trkpt lat="35.4122753" lon="138.7587519"><ele>1453.0966666666666</ele><time>2024-08-10T02:30:37Z</time></trkpt><trkpt lat="35.4121246" lon="138.7588826"><ele>1457.0533333333333</ele><time>2024-08-10T02:31:01Z</time></trkpt><trkpt lat="35.4119393" lon="138.7588562"><ele>1460.4899999999998</ele><time>2024-08-10T02:31:19Z</time></trkpt><trkpt lat="35.4117561" lon="138.7587944"><ele>1463.8233333333335</ele><time>2024-08-10T02:31:43Z</time></trkpt><trkpt lat="35.4115693" lon="138.7587524"><ele>1467.26</ele><time>2024-08-10T02:32:04Z</time></trkpt><trkpt lat="35.4113836" lon="138.7587362"><ele>1470.5566666666666</ele><time>2024-08-10T02:32:34Z</time></trkpt><trkpt lat="35.4111898" lon="138.7586941"><ele>1473.6366666666665</ele><time>2024-08-10T02:32:58Z</time></trkpt><trkpt lat="35.4110052" lon="138.7586743"><ele>1476.74</ele><time>2024-08-10T02:33:40Z</time></trkpt><trkpt lat="35.4108249" lon="138.7586091"><ele>1480.1366666666665</ele><time>2024-08-10T02:34:13Z</time></trkpt><trkpt lat="35.4106431" lon="138.758611"><ele>1483.6500000000003</ele><time>2024-08-10T02:34:37Z</time></trkpt><trkpt lat="35.4104048" lon="138.7586083"><ele>1487.5433333333333</ele><time>2024-08-10T02:35:18Z</time></trkpt><trkpt lat="35.4102057" lon="138.758549"><ele>1492.28</ele><time>2024-08-10T02:35:51Z</time></trkpt><trkpt lat="35.4100164" lon="138.7584901"><ele>1497.5866666666668</ele><time>2024-08-10T02:36:18Z</time></trkpt><trkpt lat="35.4098272" lon="138.7584633"><ele>1503.216666666667</ele><time>2024-08-10T02:36:51Z</time></trkpt><trkpt lat="35.4096255" lon="138.7584477"><ele>1507.9399999999998</ele><time>2024-08-10T02:37:21Z</time></trkpt><trkpt lat="35.4094479" lon="138.75852"><ele>1511.9266666666665</ele><time>2024-08-10T02:37:54Z</time></trkpt><trkpt lat="35.4092275" lon="138.7585182"><ele>1515.1133333333335</ele><time>2024-08-10T02:38:30Z</time></trkpt><trkpt lat="35.4090561" lon="138.7583955"><ele>1519.2033333333336</ele><time>2024-08-10T02:39:02Z</time></trkpt><trkpt lat="35.4090625" lon="138.7581601"><ele>1523.1633333333332</ele><time>2024-08-10T02:40:30Z</time></trkpt><trkpt lat="35.4088964" lon="138.7580619"><ele>1527.92</ele><time>2024-08-10T02:40:48Z</time></trkpt><trkpt lat="35.4087167" lon="138.7580908"><ele>1531.3266666666668</ele><time>2024-08-10T02:41:08Z</time></trkpt><trkpt lat="35.4085378" lon="138.7579955"><ele>1535.2233333333334</ele><time>2024-08-10T02:41:33Z</time></trkpt><trkpt lat="35.4083491" lon="138.7579974"><ele>1538.39</ele><time>2024-08-10T02:42:06Z</time></trkpt><trkpt lat="35.4081762" lon="138.7579161"><ele>1541.4333333333332</ele><time>2024-08-10T02:42:33Z</time></trkpt><trkpt lat="35.4080115" lon="138.7578047"><ele>1542.9633333333331</ele><time>2024-08-10T02:42:59Z</time></trkpt><trkpt lat="35.4078241" lon="138.7577916"><ele>1545.1000000000001</ele><time>2024-08-10T02:43:39Z</time></trkpt><trkpt lat="35.4076418" lon="138.7577463"><ele>1548.5233333333333</ele><time>2024-08-10T02:44:06Z</time></trkpt><trkpt lat="35.4074761" lon="138.7576109"><ele>1553.1499999999999</ele><time>2024-08-10T02:44:36Z</time></trkpt><trkpt lat="35.4072924" lon="138.7575816"><ele>1557.4599999999998</ele><time>2024-08-10T02:45:03Z</time></trkpt><trkpt lat="35.4070964" lon="138.7575376"><ele>1561.8933333333334</ele><time>2024-08-10T02:45:27Z</time></trkpt><trkpt lat="35.4069354" lon="138.7574165"><ele>1566.0266666666666</ele><time>2024-08-10T02:46:00Z</time></trkpt><trkpt lat="35.4067551" lon="138.7574147"><ele>1569.7633333333335</ele><time>2024-08-10T02:46:36Z</time></trkpt><trkpt lat="35.4065635" lon="138.757375"><ele>1572.45</ele><time>2024-08-10T02:47:01Z</time></trkpt><trkpt lat="35.4063826" lon="138.7574126"><ele>1576.2066666666667</ele><time>2024-08-10T02:47:29Z</time></trkpt><trkpt lat="35.406179" lon="138.7574094"><ele>1580.4766666666667</ele><time>2024-08-10T02:48:05Z</time></trkpt><trkpt lat="35.4059987" lon="138.7574152"><ele>1585.4633333333331</ele><time>2024-08-10T02:48:35Z</time></trkpt><trkpt lat="35.4058239" lon="138.7573507"><ele>1589.5033333333333</ele><time>2024-08-10T02:49:02Z</time></trkpt><trkpt lat="35.4056542" lon="138.7572408"><ele>1592.8666666666668</ele><time>2024-08-10T02:50:44Z</time></trkpt><trkpt lat="35.405454" lon="138.7571971"><ele>1595.8</ele><time>2024-08-10T02:51:17Z</time></trkpt><trkpt lat="35.4052528" lon="138.7571697"><ele>1599.3966666666668</ele><time>2024-08-10T02:51:41Z</time></trkpt><trkpt lat="35.405072" lon="138.7571826"><ele>1603.8766666666668</ele><time>2024-08-10T02:52:11Z</time></trkpt><trkpt lat="35.4048886" lon="138.7572087"><ele>1608.28</ele><time>2024-08-10T02:52:40Z</time></trkpt><trkpt lat="35.4047075" lon="138.7572577"><ele>1612.9066666666668</ele><time>2024-08-10T02:53:14Z</time></trkpt><trkpt lat="35.4045499" lon="138.7571368"><ele>1615.6666666666667</ele><time>2024-08-10T02:53:41Z</time></trkpt><trkpt lat="35.4043493" lon="138.7571338"><ele>1619.83</ele><time>2024-08-10T02:54:08Z</time></trkpt><trkpt lat="35.4041602" lon="138.7570316"><ele>1623.9333333333334</ele><time>2024-08-10T02:54:41Z</time></trkpt><trkpt lat="35.4039731" lon="138.7570363"><ele>1629.1266666666668</ele><time>2024-08-10T02:55:14Z</time></trkpt><trkpt lat="35.4037831" lon="138.7569832"><ele>1633.4633333333334</ele><time>2024-08-10T02:55:44Z</time></trkpt><trkpt lat="35.4035953" lon="138.7569775"><ele>1637.2666666666667</ele><time>2024-08-10T02:56:37Z</time></trkpt><trkpt lat="35.4033848" lon="138.7570363"><ele>1642.25</ele><time>2024-08-10T02:57:08Z</time></trkpt><trkpt lat="35.4032273" lon="138.7569286"><ele>1646.8733333333332</ele><time>2024-08-10T02:57:32Z</time></trkpt><trkpt lat="35.4030765" lon="138.7567882"><ele>1650.573333333333</ele><time>2024-08-10T02:58:04Z</time></trkpt><trkpt lat="35.4028719" lon="138.7567756"><ele>1653.8400000000001</ele><time>2024-08-10T02:58:35Z</time></trkpt><trkpt lat="35.4026695" lon="138.7567402"><ele>1658.3499999999997</ele><time>2024-08-10T02:59:08Z</time></trkpt><trkpt lat="35.4024803" lon="138.7566618"><ele>1664.1333333333332</ele><time>2024-08-10T02:59:52Z</time></trkpt><trkpt lat="35.4022909" lon="138.7566563"><ele>1669.2333333333336</ele><time>2024-08-10T03:00:38Z</time></trkpt><trkpt lat="35.4021058" lon="138.7566287"><ele>1673.28</ele><time>2024-08-10T03:01:04Z</time></trkpt><trkpt lat="35.4019219" lon="138.7566063"><ele>1677.8166666666668</ele><time>2024-08-10T03:01:59Z</time></trkpt><trkpt lat="35.4017456" lon="138.756658"><ele>1683.1000000000001</ele><time>2024-08-10T03:02:44Z</time></trkpt><trkpt lat="35.4015854" lon="138.7565371"><ele>1688.3566666666666</ele><time>2024-08-10T03:03:20Z</time></trkpt><trkpt lat="35.4014357" lon="138.7563682"><ele>1692.8000000000002</ele><time>2024-08-10T03:03:56Z</time></trkpt><trkpt lat="35.4012938" lon="138.7562079"><ele>1697.16</ele><time>2024-08-10T03:04:20Z</time></trkpt><trkpt lat="35.4011162" lon="138.7561144"><ele>1700.9800000000002</ele><time>2024-08-10T03:04:52Z</time></trkpt><trkpt lat="35.4008722" lon="138.7559927"><ele>1705.6033333333335</ele><time>2024-08-10T03:05:35Z</time></trkpt><trkpt lat="35.4006968" lon="138.755889"><ele>1709.7166666666665</ele><time>2024-08-10T03:06:08Z</time></trkpt><trkpt lat="35.4005203" lon="138.7558215"><ele>1714.2900000000002</ele><time>2024-08-10T03:06:35Z</time></trkpt><trkpt lat="35.40046" lon="138.7556094"><ele>1715.8833333333332</ele><time>2024-08-10T03:07:11Z</time></trkpt><trkpt lat="35.4003483" lon="138.7553966"><ele>1716.176666666667</ele><time>2024-08-10T03:08:08Z</time></trkpt><trkpt lat="35.4001579" lon="138.755288"><ele>1716.33</ele><time>2024-08-10T03:10:17Z</time></trkpt><trkpt lat="35.4000044" lon="138.7551524"><ele>1718.0833333333333</ele><time>2024-08-10T03:10:40Z</time></trkpt><trkpt lat="35.3999669" lon="138.7548767"><ele>1721.5666666666666</ele><time>2024-08-10T03:11:23Z</time></trkpt><trkpt lat="35.4000511" lon="138.7546582"><ele>1726.4800000000002</ele><time>2024-08-10T03:11:41Z</time></trkpt><trkpt lat="35.4002071" lon="138.7545229"><ele>1731.13</ele><time>2024-08-10T03:12:02Z</time></trkpt><trkpt lat="35.4002649" lon="138.754287"><ele>1734.0633333333335</ele><time>2024-08-10T03:12:29Z</time></trkpt><trkpt lat="35.4000385" lon="138.7543456"><ele>1736.9000000000003</ele><time>2024-08-10T03:13:23Z</time></trkpt><trkpt lat="35.3998485" lon="138.7542377"><ele>1741.0500000000002</ele><time>2024-08-10T03:14:14Z</time></trkpt><trkpt lat="35.3996487" lon="138.7542108"><ele>1747.1733333333334</ele><time>2024-08-10T03:15:08Z</time></trkpt><trkpt lat="35.3994529" lon="138.7541609"><ele>1752.5233333333333</ele><time>2024-08-10T03:16:05Z</time></trkpt><trkpt lat="35.399265" lon="138.7539569"><ele>1758.3400000000001</ele><time>2024-08-10T03:17:05Z</time></trkpt><trkpt lat="35.3991105" lon="138.7538319"><ele>1764.2033333333336</ele><time>2024-08-10T03:17:37Z</time></trkpt><trkpt lat="35.3989601" lon="138.7539896"><ele>1770.1633333333332</ele><time>2024-08-10T03:19:00Z</time></trkpt><trkpt lat="35.3988666" lon="138.7537853"><ele>1775.7933333333333</ele><time>2024-08-10T03:20:09Z</time></trkpt><trkpt lat="35.3987752" lon="138.753583"><ele>1781.4466666666667</ele><time>2024-08-10T03:20:39Z</time></trkpt><trkpt lat="35.3986352" lon="138.7537332"><ele>1788.0633333333335</ele><time>2024-08-10T03:21:15Z</time></trkpt><trkpt lat="35.398542" lon="138.7535446"><ele>1793.47</ele><time>2024-08-10T03:21:45Z</time></trkpt><trkpt lat="35.3984157" lon="138.7533651"><ele>1798.8500000000001</ele><time>2024-08-10T03:22:42Z</time></trkpt><trkpt lat="35.39824" lon="138.7534327"><ele>1803.9866666666667</ele><time>2024-08-10T03:24:21Z</time></trkpt><trkpt lat="35.3981722" lon="138.75371"><ele>1808.8833333333332</ele><time>2024-08-10T03:25:12Z</time></trkpt><trkpt lat="35.3979866" lon="138.7536676"><ele>1813.88</ele><time>2024-08-10T03:25:52Z</time></trkpt><trkpt lat="35.3978941" lon="138.753475"><ele>1817.4833333333336</ele><time>2024-08-10T03:26:37Z</time></trkpt><trkpt lat="35.3976741" lon="138.7534842"><ele>1823.7300000000002</ele><time>2024-08-10T03:27:43Z</time></trkpt><trkpt lat="35.3974597" lon="138.7536629"><ele>1829.8233333333335</ele><time>2024-08-10T03:28:54Z</time></trkpt><trkpt lat="35.3973329" lon="138.753487"><ele>1836.7266666666667</ele><time>2024-08-10T03:30:46Z</time></trkpt><trkpt lat="35.3973508" lon="138.7532389"><ele>1840.6533333333334</ele><time>2024-08-10T03:31:34Z</time></trkpt><trkpt lat="35.3973418" lon="138.7529966"><ele>1843.1266666666668</ele><time>2024-08-10T03:32:01Z</time></trkpt><trkpt lat="35.3973304" lon="138.7527533"><ele>1844.3166666666668</ele><time>2024-08-10T03:36:37Z</time></trkpt><trkpt lat="35.397239" lon="138.7525392"><ele>1845.8966666666668</ele><time>2024-08-10T03:37:00Z</time></trkpt><trkpt lat="35.3972056" lon="138.7523181"><ele>1847.6500000000003</ele><time>2024-08-10T03:37:28Z</time></trkpt><trkpt lat="35.3970014" lon="138.7523507"><ele>1852.0700000000004</ele><time>2024-08-10T03:38:43Z</time></trkpt><trkpt lat="35.3969172" lon="138.7521337"><ele>1857.6933333333334</ele><time>2024-08-10T03:39:49Z</time></trkpt><trkpt lat="35.3968621" lon="138.7518467"><ele>1864.6833333333334</ele><time>2024-08-10T03:40:30Z</time></trkpt><trkpt lat="35.396783" lon="138.7516408"><ele>1869.1433333333334</ele><time>2024-08-10T03:41:04Z</time></trkpt><trkpt lat="35.3966252" lon="138.7514929"><ele>1873.6533333333334</ele><time>2024-08-10T03:41:43Z</time></trkpt><trkpt lat="35.3964338" lon="138.7513232"><ele>1877.4133333333332</ele><time>2024-08-10T03:42:19Z</time></trkpt><trkpt lat="35.3963867" lon="138.7516209"><ele>1883.3366666666668</ele><time>2024-08-10T03:45:20Z</time></trkpt><trkpt lat="35.3963291" lon="138.7518343"><ele>1887.75</ele><time>2024-08-10T03:46:05Z</time></trkpt><trkpt lat="35.3961796" lon="138.7519681"><ele>1892.9499999999998</ele><time>2024-08-10T03:46:41Z</time></trkpt><trkpt lat="35.3959844" lon="138.7521636"><ele>1896.1333333333334</ele><time>2024-08-10T03:47:32Z</time></trkpt><trkpt lat="35.395738" lon="138.7523111"><ele>1901.22</ele><time>2024-08-10T03:48:29Z</time></trkpt><trkpt lat="35.3954893" lon="138.7524253"><ele>1905.9066666666668</ele><time>2024-08-10T03:49:29Z</time></trkpt><trkpt lat="35.3953732" lon="138.7522487"><ele>1913.1566666666668</ele><time>2024-08-10T03:51:10Z</time></trkpt><trkpt lat="35.395287" lon="138.7520516"><ele>1920.0733333333335</ele><time>2024-08-10T03:52:05Z</time></trkpt><trkpt lat="35.3951723" lon="138.7522342"><ele>1926.05</ele><time>2024-08-10T03:52:56Z</time></trkpt><trkpt lat="35.3950982" lon="138.7520161"><ele>1930.5966666666666</ele><time>2024-08-10T03:53:59Z</time></trkpt><trkpt lat="35.3951021" lon="138.7517928"><ele>1934.4400000000003</ele><time>2024-08-10T03:54:38Z</time></trkpt><trkpt lat="35.3950178" lon="138.7515946"><ele>1938.7833333333335</ele><time>2024-08-10T03:55:26Z</time></trkpt><trkpt lat="35.3948336" lon="138.7516634"><ele>1942.8433333333335</ele><time>2024-08-10T03:58:14Z</time></trkpt><trkpt lat="35.3946584" lon="138.7517596"><ele>1946.5100000000002</ele><time>2024-08-10T03:59:35Z</time></trkpt><trkpt lat="35.3944455" lon="138.7518075"><ele>1950.8966666666668</ele><time>2024-08-10T04:00:29Z</time></trkpt><trkpt lat="35.3942406" lon="138.7517449"><ele>1956.0833333333333</ele><time>2024-08-10T04:01:17Z</time></trkpt><trkpt lat="35.3942868" lon="138.7514144"><ele>1962.7233333333334</ele><time>2024-08-10T04:02:20Z</time></trkpt><trkpt lat="35.3942819" lon="138.7511883"><ele>1968.75</ele><time>2024-08-10T04:02:47Z</time></trkpt><trkpt lat="35.3942186" lon="138.7509479"><ele>1973.4666666666665</ele><time>2024-08-10T04:04:44Z</time></trkpt><trkpt lat="35.3940883" lon="138.7507882"><ele>1977.1066666666666</ele><time>2024-08-10T04:06:40Z</time></trkpt><trkpt lat="35.3940154" lon="138.7510182"><ele>1980.6233333333332</ele><time>2024-08-10T04:07:26Z</time></trkpt><trkpt lat="35.3938917" lon="138.7511814"><ele>1983.32</ele><time>2024-08-10T04:08:23Z</time></trkpt><trkpt lat="35.3937639" lon="138.750972"><ele>1987.6899999999998</ele><time>2024-08-10T04:09:46Z</time></trkpt><trkpt lat="35.3936712" lon="138.7507133"><ele>1992.7533333333333</ele><time>2024-08-10T04:10:55Z</time></trkpt><trkpt lat="35.3935638" lon="138.7504879"><ele>1999.25</ele><time>2024-08-10T04:11:43Z</time></trkpt><trkpt lat="35.3934874" lon="138.7507246"><ele>2003.9466666666667</ele><time>2024-08-10T04:13:07Z</time></trkpt><trkpt lat="35.3933351" lon="138.750605"><ele>2008.88</ele><time>2024-08-10T04:14:06Z</time></trkpt><trkpt lat="35.3931915" lon="138.7504717"><ele>2014.2466666666667</ele><time>2024-08-10T04:15:33Z</time></trkpt><trkpt lat="35.3929429" lon="138.7504342"><ele>2022.4966666666667</ele><time>2024-08-10T04:17:42Z</time></trkpt><trkpt lat="35.3927527" lon="138.7504661"><ele>2031.5866666666668</ele><time>2024-08-10T04:19:24Z</time></trkpt><trkpt lat="35.3927415" lon="138.7502311"><ele>2039.28</ele><time>2024-08-10T04:21:02Z</time></trkpt><trkpt lat="35.3925781" lon="138.7501253"><ele>2045.6166666666668</ele><time>2024-08-10T04:22:26Z</time></trkpt><trkpt lat="35.3923747" lon="138.7501794"><ele>2052.1299999999997</ele><time>2024-08-10T04:24:47Z</time></trkpt><trkpt lat="35.3921924" lon="138.7500876"><ele>2059.8266666666664</ele><time>2024-08-10T04:26:30Z</time></trkpt><trkpt lat="35.3921047" lon="138.7503037"><ele>2064.91</ele><time>2024-08-10T04:26:55Z</time></trkpt><trkpt lat="35.3918371" lon="138.750305"><ele>2069.9</ele><time>2024-08-10T04:28:25Z</time></trkpt><trkpt lat="35.3916581" lon="138.7502496"><ele>2074.6366666666668</ele><time>2024-08-10T04:29:35Z</time></trkpt><trkpt lat="35.3915998" lon="138.7504689"><ele>2081.35</ele><time>2024-08-10T04:31:13Z</time></trkpt><trkpt lat="35.3913604" lon="138.750439"><ele>2089.2599999999998</ele><time>2024-08-10T04:33:35Z</time></trkpt><trkpt lat="35.3912351" lon="138.7502654"><ele>2097.2966666666666</ele><time>2024-08-10T04:34:40Z</time></trkpt><trkpt lat="35.3911609" lon="138.7500055"><ele>2103.9733333333334</ele><time>2024-08-10T04:35:23Z</time></trkpt><trkpt lat="35.3912626" lon="138.749806"><ele>2106.966666666667</ele><time>2024-08-10T04:36:17Z</time></trkpt><trkpt lat="35.3913776" lon="138.7496241"><ele>2108.14</ele><time>2024-08-10T04:36:51Z</time></trkpt><trkpt lat="35.3911806" lon="138.7496008"><ele>2111.5266666666666</ele><time>2024-08-10T04:42:44Z</time></trkpt><trkpt lat="35.3909435" lon="138.7496638"><ele>2117.5266666666666</ele><time>2024-08-10T04:43:37Z</time></trkpt><trkpt lat="35.3907941" lon="138.7495134"><ele>2127.4066666666668</ele><time>2024-08-10T04:45:14Z</time></trkpt><trkpt lat="35.3906001" lon="138.7495622"><ele>2135.4266666666667</ele><time>2024-08-10T04:47:05Z</time></trkpt><trkpt lat="35.3905349" lon="138.7497751"><ele>2140.3766666666666</ele><time>2024-08-10T04:48:08Z</time></trkpt><trkpt lat="35.3904186" lon="138.7496032"><ele>2144.41</ele><time>2024-08-10T04:49:26Z</time></trkpt><trkpt lat="35.3904996" lon="138.7493776"><ele>2147.9166666666665</ele><time>2024-08-10T04:50:14Z</time></trkpt><trkpt lat="35.3903273" lon="138.749554"><ele>2152.11</ele><time>2024-08-10T04:53:47Z</time></trkpt><trkpt lat="35.3901174" lon="138.749499"><ele>2156.183333333334</ele><time>2024-08-10T04:54:54Z</time></trkpt><trkpt lat="35.3901692" lon="138.7492694"><ele>2160.6733333333336</ele><time>2024-08-10T04:55:23Z</time></trkpt><trkpt lat="35.3901691" lon="138.7490383"><ele>2165.5066666666667</ele><time>2024-08-10T04:56:36Z</time></trkpt><trkpt lat="35.3902269" lon="138.7488122"><ele>2167.9366666666665</ele><time>2024-08-10T04:57:36Z</time></trkpt><trkpt lat="35.3903075" lon="138.7485986"><ele>2170.4700000000003</ele><time>2024-08-10T04:58:00Z</time></trkpt><trkpt lat="35.3900849" lon="138.7486099"><ele>2173.5533333333337</ele><time>2024-08-10T04:59:48Z</time></trkpt><trkpt lat="35.3901441" lon="138.7483751"><ele>2177.58</ele><time>2024-08-10T05:01:00Z</time></trkpt><trkpt lat="35.3900831" lon="138.7481601"><ele>2181.3366666666666</ele><time>2024-08-10T05:01:24Z</time></trkpt><trkpt lat="35.3898958" lon="138.7481605"><ele>2184.5733333333333</ele><time>2024-08-10T05:02:39Z</time></trkpt><trkpt lat="35.3898096" lon="138.7483567"><ele>2186.8233333333333</ele><time>2024-08-10T05:02:56Z</time></trkpt><trkpt lat="35.3896999" lon="138.7485471"><ele>2188.0499999999997</ele><time>2024-08-10T05:03:50Z</time></trkpt><trkpt lat="35.3896547" lon="138.7487945"><ele>2188.353333333333</ele><time>2024-08-10T05:04:10Z</time></trkpt><trkpt lat="35.3894585" lon="138.748952"><ele>2191.2633333333333</ele><time>2024-08-10T05:05:14Z</time></trkpt><trkpt lat="35.3893701" lon="138.7487443"><ele>2195.5733333333333</ele><time>2024-08-10T05:05:43Z</time></trkpt><trkpt lat="35.3894222" lon="138.7485212"><ele>2199.08</ele><time>2024-08-10T05:06:05Z</time></trkpt><trkpt lat="35.3895317" lon="138.7483405"><ele>2199.8233333333337</ele><time>2024-08-10T05:06:28Z</time></trkpt><trkpt lat="35.3895458" lon="138.748121"><ele>2200.3366666666666</ele><time>2024-08-10T05:06:56Z</time></trkpt><trkpt lat="35.3893555" lon="138.7481064"><ele>2203.733333333333</ele><time>2024-08-10T05:08:29Z</time></trkpt><trkpt lat="35.3892637" lon="138.7483093"><ele>2207.023333333333</ele><time>2024-08-10T05:09:01Z</time></trkpt><trkpt lat="35.389121" lon="138.7481585"><ele>2211.436666666667</ele><time>2024-08-10T05:10:20Z</time></trkpt><trkpt lat="35.3890642" lon="138.7478986"><ele>2215.0233333333335</ele><time>2024-08-10T05:11:06Z</time></trkpt><trkpt lat="35.3888978" lon="138.7480092"><ele>2220.8133333333335</ele><time>2024-08-10T05:12:42Z</time></trkpt><trkpt lat="35.3887103" lon="138.7479539"><ele>2226.67</ele><time>2024-08-10T05:14:06Z</time></trkpt><trkpt lat="35.388889" lon="138.7479171"><ele>2229.146666666667</ele><time>2024-08-10T05:15:54Z</time></trkpt><trkpt lat="35.3889294" lon="138.7476898"><ele>2228.4900000000002</ele><time>2024-08-10T05:16:15Z</time></trkpt><trkpt lat="35.3888998" lon="138.7474703"><ele>2226.7133333333336</ele><time>2024-08-10T05:16:39Z</time></trkpt><trkpt lat="35.3887708" lon="138.7472867"><ele>2227.41</ele><time>2024-08-10T05:26:23Z</time></trkpt><trkpt lat="35.3886611" lon="138.747082"><ele>2228.786666666667</ele><time>2024-08-10T05:26:41Z</time></trkpt><trkpt lat="35.3886126" lon="138.746866"><ele>2229.4866666666667</ele><time>2024-08-10T05:26:59Z</time></trkpt><trkpt lat="35.3885997" lon="138.7466442"><ele>2229.9900000000002</ele><time>2024-08-10T05:27:20Z</time></trkpt><trkpt lat="35.3885724" lon="138.7464214"><ele>2231.4900000000002</ele><time>2024-08-10T05:27:38Z</time></trkpt><trkpt lat="35.3885009" lon="138.7462007"><ele>2232.9333333333334</ele><time>2024-08-10T05:27:53Z</time></trkpt><trkpt lat="35.3884606" lon="138.7459818"><ele>2234.9300000000003</ele><time>2024-08-10T05:28:08Z</time></trkpt><trkpt lat="35.3885122" lon="138.7457465"><ele>2235.906666666667</ele><time>2024-08-10T05:28:23Z</time></trkpt><trkpt lat="35.3886013" lon="138.7455429"><ele>2237.1233333333334</ele><time>2024-08-10T05:28:42Z</time></trkpt><trkpt lat="35.3886352" lon="138.7452985"><ele>2237.4900000000002</ele><time>2024-08-10T05:29:00Z</time></trkpt><trkpt lat="35.3887215" lon="138.7450659"><ele>2237.4700000000003</ele><time>2024-08-10T05:29:18Z</time></trkpt><trkpt lat="35.3887705" lon="138.7448353"><ele>2238.81</ele><time>2024-08-10T05:29:36Z</time></trkpt><trkpt lat="35.3888049" lon="138.7446052"><ele>2241.693333333333</ele><time>2024-08-10T05:29:54Z</time></trkpt><trkpt lat="35.3888193" lon="138.7443562"><ele>2245.8733333333334</ele><time>2024-08-10T05:30:15Z</time></trkpt><trkpt lat="35.3888226" lon="138.7441269"><ele>2250.4500000000003</ele><time>2024-08-10T05:30:36Z</time></trkpt><trkpt lat="35.3888706" lon="138.7438975"><ele>2254.3500000000004</ele><time>2024-08-10T05:30:54Z</time></trkpt><trkpt lat="35.3889875" lon="138.743686"><ele>2256.64</ele><time>2024-08-10T05:31:12Z</time></trkpt><trkpt lat="35.3891263" lon="138.7434992"><ele>2256.8766666666666</ele><time>2024-08-10T05:31:30Z</time></trkpt><trkpt lat="35.3892329" lon="138.7432755"><ele>2256.51</ele><time>2024-08-10T05:31:51Z</time></trkpt><trkpt lat="35.3893373" lon="138.7430723"><ele>2257.483333333333</ele><time>2024-08-10T05:32:24Z</time></trkpt><trkpt lat="35.3894687" lon="138.7428639"><ele>2259.3700000000003</ele><time>2024-08-10T05:32:45Z</time></trkpt><trkpt lat="35.3895855" lon="138.7426848"><ele>2261.3700000000003</ele><time>2024-08-10T05:33:03Z</time></trkpt><trkpt lat="35.389708" lon="138.7425192"><ele>2264.6</ele><time>2024-08-10T05:33:23Z</time></trkpt><trkpt lat="35.3898796" lon="138.7424049"><ele>2266.3033333333333</ele><time>2024-08-10T05:33:41Z</time></trkpt><trkpt lat="35.3900282" lon="138.74224"><ele>2266.9266666666667</ele><time>2024-08-10T05:33:59Z</time></trkpt><trkpt lat="35.3901513" lon="138.7420514"><ele>2264.9533333333334</ele><time>2024-08-10T05:34:17Z</time></trkpt><trkpt lat="35.3902106" lon="138.7418313"><ele>2265.8433333333337</ele><time>2024-08-10T05:34:38Z</time></trkpt><trkpt lat="35.3902968" lon="138.7416371"><ele>2269.3799999999997</ele><time>2024-08-10T05:34:56Z</time></trkpt><trkpt lat="35.3903337" lon="138.7414066"><ele>2273.846666666667</ele><time>2024-08-10T05:35:17Z</time></trkpt><trkpt lat="35.3904303" lon="138.7411817"><ele>2276.2900000000004</ele><time>2024-08-10T05:35:41Z</time></trkpt><trkpt lat="35.3904385" lon="138.7409347"><ele>2279.116666666667</ele><time>2024-08-10T05:35:59Z</time></trkpt><trkpt lat="35.3903645" lon="138.7407069"><ele>2283.1233333333334</ele><time>2024-08-10T05:36:31Z</time></trkpt><trkpt lat="35.3903672" lon="138.7404643"><ele>2287.3033333333337</ele><time>2024-08-10T05:36:50Z</time></trkpt><trkpt lat="35.3904536" lon="138.7402379"><ele>2288.3500000000004</ele><time>2024-08-10T05:37:11Z</time></trkpt><trkpt lat="35.390552" lon="138.7400218"><ele>2287.9599999999996</ele><time>2024-08-10T05:37:38Z</time></trkpt><trkpt lat="35.3905909" lon="138.7397854"><ele>2288.853333333333</ele><time>2024-08-10T05:37:59Z</time></trkpt><trkpt lat="35.3906514" lon="138.7395591"><ele>2291.5333333333333</ele><time>2024-08-10T05:38:19Z</time></trkpt><trkpt lat="35.3907246" lon="138.7393458"><ele>2294.46</ele><time>2024-08-10T05:39:08Z</time></trkpt><trkpt lat="35.3907722" lon="138.7391148"><ele>2295.8433333333332</ele><time>2024-08-10T05:39:25Z</time></trkpt><trkpt lat="35.39086" lon="138.7389208"><ele>2296.3733333333334</ele><time>2024-08-10T05:39:44Z</time></trkpt><trkpt lat="35.3909318" lon="138.738712"><ele>2296.8033333333337</ele><time>2024-08-10T05:40:02Z</time></trkpt><trkpt lat="35.3910116" lon="138.7385033"><ele>2298.7900000000004</ele><time>2024-08-10T05:40:19Z</time></trkpt><trkpt lat="35.3910967" lon="138.7382823"><ele>2301.0933333333337</ele><time>2024-08-10T05:40:40Z</time></trkpt><trkpt lat="35.3911582" lon="138.7380528"><ele>2303.83</ele><time>2024-08-10T05:41:02Z</time></trkpt><trkpt lat="35.3912139" lon="138.7378346"><ele>2305.8933333333334</ele><time>2024-08-10T05:41:17Z</time></trkpt><trkpt lat="35.391281" lon="138.7375881"><ele>2307.2500000000005</ele><time>2024-08-10T05:41:35Z</time></trkpt><trkpt lat="35.3913594" lon="138.7373682"><ele>2307.49</ele><time>2024-08-10T05:41:53Z</time></trkpt><trkpt lat="35.3914175" lon="138.737154"><ele>2308.01</ele><time>2024-08-10T05:42:08Z</time></trkpt><trkpt lat="35.3914718" lon="138.7369263"><ele>2308.6566666666663</ele><time>2024-08-10T05:42:23Z</time></trkpt><trkpt lat="35.3915502" lon="138.7366909"><ele>2309.61</ele><time>2024-08-10T05:42:41Z</time></trkpt><trkpt lat="35.3916373" lon="138.7364577"><ele>2309.233333333333</ele><time>2024-08-10T05:42:59Z</time></trkpt><trkpt lat="35.3917418" lon="138.736222"><ele>2308.19</ele><time>2024-08-10T05:43:17Z</time></trkpt><trkpt lat="35.3918464" lon="138.7360192"><ele>2307.8366666666666</ele><time>2024-08-10T05:43:35Z</time></trkpt><trkpt lat="35.39196" lon="138.7358208"><ele>2306.706666666667</ele><time>2024-08-10T05:43:50Z</time></trkpt><trkpt lat="35.3920806" lon="138.7356537"><ele>2306.1233333333334</ele><time>2024-08-10T05:44:05Z</time></trkpt><trkpt lat="35.39219" lon="138.7354591"><ele>2305.766666666667</ele><time>2024-08-10T05:44:23Z</time></trkpt><trkpt lat="35.3922911" lon="138.7352654"><ele>2305.8933333333334</ele><time>2024-08-10T05:44:38Z</time></trkpt><trkpt lat="35.3924007" lon="138.735088"><ele>2306.2066666666665</ele><time>2024-08-10T05:44:53Z</time></trkpt><trkpt lat="35.3924372" lon="138.7348532"><ele>2305.7000000000003</ele><time>2024-08-10T05:45:11Z</time></trkpt><trkpt lat="35.3925122" lon="138.7346204"><ele>2305.6566666666663</ele><time>2024-08-10T05:45:29Z</time></trkpt><trkpt lat="35.39265" lon="138.7344328"><ele>2305.806666666667</ele><time>2024-08-10T05:45:47Z</time></trkpt><trkpt lat="35.3928101" lon="138.7342838"><ele>2306.3633333333332</ele><time>2024-08-10T05:46:01Z</time></trkpt><trkpt lat="35.392987" lon="138.7341849"><ele>2305.9600000000005</ele><time>2024-08-10T05:46:17Z</time></trkpt><trkpt lat="35.3931204" lon="138.734034"><ele>2305.4266666666667</ele><time>2024-08-10T05:46:32Z</time></trkpt><trkpt lat="35.3932682" lon="138.733883"><ele>2305.06</ele><time>2024-08-10T05:46:50Z</time></trkpt><trkpt lat="35.393412" lon="138.7337473"><ele>2305.44</ele><time>2024-08-10T05:47:14Z</time></trkpt><trkpt lat="35.3935925" lon="138.7337126"><ele>2305.9666666666667</ele><time>2024-08-10T05:47:53Z</time></trkpt><trkpt lat="35.3937731" lon="138.7336584"><ele>2305.6466666666665</ele><time>2024-08-10T05:48:47Z</time></trkpt><trkpt lat="35.3939152" lon="138.7335189"><ele>2305.3133333333335</ele><time>2024-08-10T05:49:17Z</time></trkpt><trkpt lat="35.3935975" lon="138.7336049"><ele>2308.4</ele><time>2024-08-10T18:44:25Z</time></trkpt><trkpt lat="35.3934317" lon="138.7336947"><ele>2308.12</ele><time>2024-08-10T18:45:00Z</time></trkpt><trkpt lat="35.3932372" lon="138.7338256"><ele>2307.693333333333</ele><time>2024-08-10T18:45:18Z</time></trkpt><trkpt lat="35.3930862" lon="138.7340302"><ele>2306.943333333333</ele><time>2024-08-10T18:45:33Z</time></trkpt><trkpt lat="35.3929546" lon="138.7341829"><ele>2306.3033333333333</ele><time>2024-08-10T18:45:48Z</time></trkpt><trkpt lat="35.3927783" lon="138.7343069"><ele>2306.31</ele><time>2024-08-10T18:46:06Z</time></trkpt><trkpt lat="35.3926149" lon="138.7344338"><ele>2306.92</ele><time>2024-08-10T18:46:21Z</time></trkpt><trkpt lat="35.3924847" lon="138.7346222"><ele>2306.9133333333334</ele><time>2024-08-10T18:46:36Z</time></trkpt><trkpt lat="35.3924354" lon="138.7348506"><ele>2306.3566666666666</ele><time>2024-08-10T18:46:51Z</time></trkpt><trkpt lat="35.3923777" lon="138.7350711"><ele>2305.6566666666668</ele><time>2024-08-10T18:47:03Z</time></trkpt><trkpt lat="35.3922555" lon="138.7352866"><ele>2306.0666666666666</ele><time>2024-08-10T18:47:21Z</time></trkpt><trkpt lat="35.3921597" lon="138.7354969"><ele>2306.5733333333333</ele><time>2024-08-10T18:49:30Z</time></trkpt><trkpt lat="35.3920396" lon="138.7357149"><ele>2306.3866666666668</ele><time>2024-08-10T18:49:42Z</time></trkpt><trkpt lat="35.3919028" lon="138.7359197"><ele>2306.1200000000003</ele><time>2024-08-10T18:50:48Z</time></trkpt><trkpt lat="35.3918046" lon="138.736123"><ele>2306.19</ele><time>2024-08-10T18:51:12Z</time></trkpt><trkpt lat="35.3916886" lon="138.7363269"><ele>2307.016666666667</ele><time>2024-08-10T18:51:27Z</time></trkpt><trkpt lat="35.3915972" lon="138.7365439"><ele>2307.5333333333333</ele><time>2024-08-10T18:51:42Z</time></trkpt><trkpt lat="35.3915407" lon="138.7368096"><ele>2307.9266666666667</ele><time>2024-08-10T18:52:00Z</time></trkpt><trkpt lat="35.3914769" lon="138.7370303"><ele>2308.1866666666665</ele><time>2024-08-10T18:52:15Z</time></trkpt><trkpt lat="35.3914183" lon="138.7372481"><ele>2308.0733333333333</ele><time>2024-08-10T18:52:30Z</time></trkpt><trkpt lat="35.3913632" lon="138.7374914"><ele>2306.7000000000003</ele><time>2024-08-10T18:52:45Z</time></trkpt><trkpt lat="35.3912668" lon="138.7377182"><ele>2306.1966666666667</ele><time>2024-08-10T18:53:00Z</time></trkpt><trkpt lat="35.3911991" lon="138.7379697"><ele>2305.7999999999997</ele><time>2024-08-10T18:53:18Z</time></trkpt><trkpt lat="35.3911199" lon="138.7382237"><ele>2306.133333333333</ele><time>2024-08-10T18:53:33Z</time></trkpt><trkpt lat="35.3910295" lon="138.738484"><ele>2304.5833333333335</ele><time>2024-08-10T18:53:47Z</time></trkpt><trkpt lat="35.3909507" lon="138.7387071"><ele>2300.8766666666666</ele><time>2024-08-10T18:54:02Z</time></trkpt><trkpt lat="35.3908589" lon="138.7389544"><ele>2298.183333333333</ele><time>2024-08-10T18:54:18Z</time></trkpt><trkpt lat="35.3907948" lon="138.7391954"><ele>2295.806666666667</ele><time>2024-08-10T18:54:33Z</time></trkpt><trkpt lat="35.3907435" lon="138.73943"><ele>2294.7233333333334</ele><time>2024-08-10T18:54:48Z</time></trkpt><trkpt lat="35.390663" lon="138.7396736"><ele>2292.98</ele><time>2024-08-10T18:55:03Z</time></trkpt><trkpt lat="35.3905864" lon="138.7399171"><ele>2290.7033333333334</ele><time>2024-08-10T18:55:18Z</time></trkpt><trkpt lat="35.3905148" lon="138.7401689"><ele>2289.133333333333</ele><time>2024-08-10T18:55:33Z</time></trkpt><trkpt lat="35.39043" lon="138.7403653"><ele>2287.7166666666667</ele><time>2024-08-10T18:55:48Z</time></trkpt><trkpt lat="35.3903956" lon="138.7406021"><ele>2286.9300000000003</ele><time>2024-08-10T18:56:03Z</time></trkpt><trkpt lat="35.3904314" lon="138.7408232"><ele>2286.2733333333335</ele><time>2024-08-10T18:56:18Z</time></trkpt><trkpt lat="35.390462" lon="138.7410611"><ele>2284.08</ele><time>2024-08-10T18:56:33Z</time></trkpt><trkpt lat="35.390345" lon="138.7412376"><ele>2281.013333333334</ele><time>2024-08-10T18:56:48Z</time></trkpt><trkpt lat="35.3903481" lon="138.7414583"><ele>2277.7966666666666</ele><time>2024-08-10T18:57:03Z</time></trkpt><trkpt lat="35.3902444" lon="138.7416632"><ele>2276.066666666667</ele><time>2024-08-10T18:58:12Z</time></trkpt><trkpt lat="35.3901192" lon="138.7418285"><ele>2274.066666666667</ele><time>2024-08-10T18:58:26Z</time></trkpt><trkpt lat="35.3899686" lon="138.7419693"><ele>2273.36</ele><time>2024-08-10T18:58:50Z</time></trkpt><trkpt lat="35.3898161" lon="138.7421106"><ele>2278.26</ele><time>2024-08-10T18:59:15Z</time></trkpt><trkpt lat="35.3896134" lon="138.7421566"><ele>2284.7966666666666</ele><time>2024-08-10T18:59:42Z</time></trkpt><trkpt lat="35.3894289" lon="138.742208"><ele>2291.476666666667</ele><time>2024-08-10T18:59:57Z</time></trkpt><trkpt lat="35.3892272" lon="138.7422726"><ele>2293.4500000000003</ele><time>2024-08-10T19:00:18Z</time></trkpt><trkpt lat="35.3890411" lon="138.7423467"><ele>2296.286666666667</ele><time>2024-08-10T19:00:39Z</time></trkpt><trkpt lat="35.3888912" lon="138.7424967"><ele>2297.353333333333</ele><time>2024-08-10T19:00:57Z</time></trkpt><trkpt lat="35.3886986" lon="138.7425919"><ele>2298.7033333333334</ele><time>2024-08-10T19:01:18Z</time></trkpt><trkpt lat="35.3885355" lon="138.7427011"><ele>2300.78</ele><time>2024-08-10T19:01:36Z</time></trkpt><trkpt lat="35.3884" lon="138.7428643"><ele>2305.233333333333</ele><time>2024-08-10T19:01:59Z</time></trkpt><trkpt lat="35.3882573" lon="138.743016"><ele>2309.023333333333</ele><time>2024-08-10T19:02:27Z</time></trkpt><trkpt lat="35.388096" lon="138.7431325"><ele>2312.1566666666663</ele><time>2024-08-10T19:02:54Z</time></trkpt><trkpt lat="35.3879248" lon="138.743243"><ele>2315.7233333333334</ele><time>2024-08-10T19:03:27Z</time></trkpt><trkpt lat="35.3877902" lon="138.7433956"><ele>2319.8566666666666</ele><time>2024-08-10T19:03:48Z</time></trkpt><trkpt lat="35.3876389" lon="138.7435277"><ele>2324.1266666666666</ele><time>2024-08-10T19:04:21Z</time></trkpt><trkpt lat="35.3875114" lon="138.7437048"><ele>2326.0733333333333</ele><time>2024-08-10T19:04:57Z</time></trkpt><trkpt lat="35.3873412" lon="138.7438326"><ele>2328.9133333333334</ele><time>2024-08-10T19:05:27Z</time></trkpt><trkpt lat="35.3871636" lon="138.743953"><ele>2331.066666666667</ele><time>2024-08-10T19:06:00Z</time></trkpt><trkpt lat="35.387001" lon="138.7440882"><ele>2335.2933333333335</ele><time>2024-08-10T19:06:30Z</time></trkpt><trkpt lat="35.3868494" lon="138.7442169"><ele>2337.5833333333335</ele><time>2024-08-10T19:06:57Z</time></trkpt><trkpt lat="35.3867154" lon="138.7443877"><ele>2341.0766666666664</ele><time>2024-08-10T19:07:24Z</time></trkpt><trkpt lat="35.3865861" lon="138.744553"><ele>2343.9333333333334</ele><time>2024-08-10T19:07:54Z</time></trkpt><trkpt lat="35.3864368" lon="138.7446776"><ele>2348.3933333333334</ele><time>2024-08-10T19:08:21Z</time></trkpt><trkpt lat="35.3862895" lon="138.7448045"><ele>2352.156666666667</ele><time>2024-08-10T19:08:45Z</time></trkpt><trkpt lat="35.3861221" lon="138.7449196"><ele>2355.443333333333</ele><time>2024-08-10T19:09:12Z</time></trkpt><trkpt lat="35.3860422" lon="138.7451201"><ele>2356.6733333333336</ele><time>2024-08-10T19:09:36Z</time></trkpt><trkpt lat="35.3860387" lon="138.7453533"><ele>2359.03</ele><time>2024-08-10T19:10:11Z</time></trkpt><trkpt lat="35.3859359" lon="138.7455371"><ele>2362.876666666667</ele><time>2024-08-10T19:10:48Z</time></trkpt><trkpt lat="35.3858684" lon="138.74575"><ele>2368.27</ele><time>2024-08-10T19:11:30Z</time></trkpt><trkpt lat="35.3857486" lon="138.7459454"><ele>2373.1766666666667</ele><time>2024-08-10T19:12:00Z</time></trkpt><trkpt lat="35.3856465" lon="138.7461509"><ele>2375.8366666666666</ele><time>2024-08-10T19:12:23Z</time></trkpt><trkpt lat="35.3857054" lon="138.7463733"><ele>2377.026666666667</ele><time>2024-08-10T19:12:45Z</time></trkpt><trkpt lat="35.3856403" lon="138.7465847"><ele>2378.646666666667</ele><time>2024-08-10T19:13:12Z</time></trkpt><trkpt lat="35.3855628" lon="138.7467963"><ele>2381.52</ele><time>2024-08-10T19:13:36Z</time></trkpt><trkpt lat="35.3854702" lon="138.7469867"><ele>2386.47</ele><time>2024-08-10T19:14:03Z</time></trkpt><trkpt lat="35.3853681" lon="138.7471748"><ele>2389.2166666666667</ele><time>2024-08-10T19:14:27Z</time></trkpt><trkpt lat="35.3853164" lon="138.7473934"><ele>2390.8266666666664</ele><time>2024-08-10T19:14:57Z</time></trkpt><trkpt lat="35.3852491" lon="138.7476089"><ele>2391.7966666666666</ele><time>2024-08-10T19:15:21Z</time></trkpt><trkpt lat="35.3850743" lon="138.7475382"><ele>2394.48</ele><time>2024-08-10T19:16:30Z</time></trkpt><trkpt lat="35.3850025" lon="138.7473237"><ele>2398.0933333333337</ele><time>2024-08-10T19:17:06Z</time></trkpt><trkpt lat="35.3849256" lon="138.7471245"><ele>2401.5266666666666</ele><time>2024-08-10T19:17:46Z</time></trkpt><trkpt lat="35.3848151" lon="138.7469465"><ele>2407.1933333333336</ele><time>2024-08-10T19:18:29Z</time></trkpt><trkpt lat="35.3846691" lon="138.7470771"><ele>2415.193333333333</ele><time>2024-08-10T19:19:06Z</time></trkpt><trkpt lat="35.384589" lon="138.7468671"><ele>2424.65</ele><time>2024-08-10T19:19:59Z</time></trkpt><trkpt lat="35.3844813" lon="138.7470706"><ele>2431.94</ele><time>2024-08-10T19:20:42Z</time></trkpt><trkpt lat="35.3843568" lon="138.7472406"><ele>2436.523333333333</ele><time>2024-08-10T19:21:06Z</time></trkpt><trkpt lat="35.3841577" lon="138.7472095"><ele>2440.01</ele><time>2024-08-10T19:21:45Z</time></trkpt><trkpt lat="35.3839675" lon="138.7472042"><ele>2443.6933333333336</ele><time>2024-08-10T19:22:22Z</time></trkpt><trkpt lat="35.3837789" lon="138.7472415"><ele>2448.2633333333333</ele><time>2024-08-10T19:23:00Z</time></trkpt><trkpt lat="35.3835879" lon="138.7472571"><ele>2452.7100000000005</ele><time>2024-08-10T19:23:33Z</time></trkpt><trkpt lat="35.3834067" lon="138.7472569"><ele>2456.1266666666666</ele><time>2024-08-10T19:24:06Z</time></trkpt><trkpt lat="35.3832116" lon="138.7472632"><ele>2459.4166666666665</ele><time>2024-08-10T19:24:41Z</time></trkpt><trkpt lat="35.3830133" lon="138.7472869"><ele>2462.81</ele><time>2024-08-10T19:25:17Z</time></trkpt><trkpt lat="35.3830938" lon="138.747078"><ele>2467.153333333333</ele><time>2024-08-10T19:25:54Z</time></trkpt><trkpt lat="35.3831644" lon="138.7468596"><ele>2471.2566666666667</ele><time>2024-08-10T19:26:30Z</time></trkpt><trkpt lat="35.3829863" lon="138.7468141"><ele>2475.883333333333</ele><time>2024-08-10T19:27:06Z</time></trkpt><trkpt lat="35.3828099" lon="138.7468645"><ele>2480.5166666666664</ele><time>2024-08-10T19:27:43Z</time></trkpt><trkpt lat="35.3827495" lon="138.7466403"><ele>2487.83</ele><time>2024-08-10T19:28:48Z</time></trkpt><trkpt lat="35.3825756" lon="138.7465533"><ele>2495.8233333333333</ele><time>2024-08-10T19:30:00Z</time></trkpt><trkpt lat="35.3824156" lon="138.7467014"><ele>2503.0666666666666</ele><time>2024-08-10T19:30:48Z</time></trkpt><trkpt lat="35.3822557" lon="138.7468417"><ele>2509.126666666667</ele><time>2024-08-10T19:31:21Z</time></trkpt><trkpt lat="35.3820775" lon="138.746887"><ele>2514.2066666666665</ele><time>2024-08-10T19:32:00Z</time></trkpt><trkpt lat="35.3818979" lon="138.7469131"><ele>2520.52</ele><time>2024-08-10T19:32:40Z</time></trkpt><trkpt lat="35.3819598" lon="138.7467039"><ele>2524.766666666667</ele><time>2024-08-10T19:33:14Z</time></trkpt><trkpt lat="35.3817762" lon="138.7466716"><ele>2529.81</ele><time>2024-08-10T19:34:08Z</time></trkpt><trkpt lat="35.3817128" lon="138.7464581"><ele>2535.0800000000004</ele><time>2024-08-10T19:35:28Z</time></trkpt><trkpt lat="35.3815482" lon="138.7463412"><ele>2543.5366666666664</ele><time>2024-08-10T19:36:50Z</time></trkpt><trkpt lat="35.3813678" lon="138.7463873"><ele>2551.2166666666667</ele><time>2024-08-10T19:37:34Z</time></trkpt><trkpt lat="35.3814054" lon="138.7461569"><ele>2558.67</ele><time>2024-08-10T19:38:17Z</time></trkpt><trkpt lat="35.3814404" lon="138.7459241"><ele>2563.0499999999997</ele><time>2024-08-10T19:39:04Z</time></trkpt><trkpt lat="35.3812542" lon="138.7459412"><ele>2568.9966666666664</ele><time>2024-08-10T19:39:56Z</time></trkpt><trkpt lat="35.3810856" lon="138.7460234"><ele>2573.786666666667</ele><time>2024-08-10T19:40:38Z</time></trkpt><trkpt lat="35.3810627" lon="138.7457893"><ele>2581.023333333333</ele><time>2024-08-10T19:41:53Z</time></trkpt><trkpt lat="35.3811298" lon="138.7455723"><ele>2585.6966666666667</ele><time>2024-08-10T19:42:30Z</time></trkpt><trkpt lat="35.3809404" lon="138.7455119"><ele>2591.8033333333333</ele><time>2024-08-10T19:43:16Z</time></trkpt><trkpt lat="35.380767" lon="138.7455778"><ele>2596.7000000000003</ele><time>2024-08-10T19:44:07Z</time></trkpt><trkpt lat="35.3807036" lon="138.7453672"><ele>2604.13</ele><time>2024-08-10T19:46:21Z</time></trkpt><trkpt lat="35.3805964" lon="138.7451874"><ele>2611.2133333333336</ele><time>2024-08-10T19:47:24Z</time></trkpt><trkpt lat="35.3804079" lon="138.7451918"><ele>2617.3866666666668</ele><time>2024-08-10T19:48:09Z</time></trkpt><trkpt lat="35.3802237" lon="138.7452678"><ele>2622.44</ele><time>2024-08-10T19:48:45Z</time></trkpt><trkpt lat="35.38023" lon="138.7450456"><ele>2627.056666666667</ele><time>2024-08-10T19:50:12Z</time></trkpt><trkpt lat="35.3800359" lon="138.7451177"><ele>2632.16</ele><time>2024-08-10T19:51:00Z</time></trkpt><trkpt lat="35.3799333" lon="138.7449316"><ele>2639.64</ele><time>2024-08-10T19:52:09Z</time></trkpt><trkpt lat="35.379754" lon="138.744959"><ele>2647.313333333333</ele><time>2024-08-10T19:53:03Z</time></trkpt><trkpt lat="35.3798446" lon="138.7447603"><ele>2654.6600000000003</ele><time>2024-08-10T19:53:45Z</time></trkpt><trkpt lat="35.379682" lon="138.7446527"><ele>2660.633333333333</ele><time>2024-08-10T19:54:48Z</time></trkpt><trkpt lat="35.3796213" lon="138.7444332"><ele>2667.4600000000005</ele><time>2024-08-10T19:56:14Z</time></trkpt><trkpt lat="35.3794557" lon="138.7443194"><ele>2676.1833333333334</ele><time>2024-08-10T19:57:23Z</time></trkpt><trkpt lat="35.3792763" lon="138.7442936"><ele>2683.3766666666666</ele><time>2024-08-10T19:58:17Z</time></trkpt><trkpt lat="35.3790847" lon="138.7443756"><ele>2689.096666666667</ele><time>2024-08-10T19:59:23Z</time></trkpt><trkpt lat="35.3789661" lon="138.7445513"><ele>2692.5133333333333</ele><time>2024-08-10T20:00:35Z</time></trkpt><trkpt lat="35.3788029" lon="138.74466"><ele>2695.523333333333</ele><time>2024-08-10T20:09:49Z</time></trkpt><trkpt lat="35.3786387" lon="138.7445446"><ele>2700.38</ele><time>2024-08-10T20:12:43Z</time></trkpt><trkpt lat="35.3787366" lon="138.7443411"><ele>2706.693333333333</ele><time>2024-08-10T20:13:37Z</time></trkpt><trkpt lat="35.3787783" lon="138.7441028"><ele>2711.8733333333334</ele><time>2024-08-10T20:14:25Z</time></trkpt><trkpt lat="35.3786486" lon="138.7439455"><ele>2717.236666666667</ele><time>2024-08-10T20:15:22Z</time></trkpt><trkpt lat="35.3784578" lon="138.7439755"><ele>2724.943333333333</ele><time>2024-08-10T20:16:55Z</time></trkpt><trkpt lat="35.3783781" lon="138.7437668"><ele>2735.64</ele><time>2024-08-10T20:19:46Z</time></trkpt><trkpt lat="35.3782955" lon="138.7435659"><ele>2746.056666666667</ele><time>2024-08-10T20:20:52Z</time></trkpt><trkpt lat="35.3781044" lon="138.7436093"><ele>2755.316666666667</ele><time>2024-08-10T20:22:04Z</time></trkpt><trkpt lat="35.3779714" lon="138.743768"><ele>2762.543333333333</ele><time>2024-08-10T20:23:03Z</time></trkpt><trkpt lat="35.3777904" lon="138.7437813"><ele>2769.0733333333337</ele><time>2024-08-10T20:24:04Z</time></trkpt><trkpt lat="35.3776189" lon="138.7437118"><ele>2776.3266666666664</ele><time>2024-08-10T20:25:40Z</time></trkpt><trkpt lat="35.3777255" lon="138.7435198"><ele>2782.6566666666663</ele><time>2024-08-10T20:26:16Z</time></trkpt><trkpt lat="35.3775509" lon="138.7434455"><ele>2791.8866666666668</ele><time>2024-08-10T20:27:34Z</time></trkpt><trkpt lat="35.3773486" lon="138.7434633"><ele>2800.6000000000004</ele><time>2024-08-10T20:30:35Z</time></trkpt><trkpt lat="35.3774397" lon="138.7432363"><ele>2809.7533333333336</ele><time>2024-08-10T20:32:20Z</time></trkpt><trkpt lat="35.3774236" lon="138.7430166"><ele>2815.2966666666666</ele><time>2024-08-10T20:33:08Z</time></trkpt><trkpt lat="35.3772414" lon="138.7429852"><ele>2820.1966666666667</ele><time>2024-08-10T20:34:47Z</time></trkpt><trkpt lat="35.3770632" lon="138.7430283"><ele>2829.8366666666666</ele><time>2024-08-10T20:36:17Z</time></trkpt><trkpt lat="35.3769553" lon="138.7428432"><ele>2839.7400000000002</ele><time>2024-08-10T20:38:05Z</time></trkpt><trkpt lat="35.3767438" lon="138.7428215"><ele>2851.293333333333</ele><time>2024-08-10T20:40:22Z</time></trkpt><trkpt lat="35.37657" lon="138.742893"><ele>2860.943333333333</ele><time>2024-08-10T20:40:47Z</time></trkpt><trkpt lat="35.3763735" lon="138.7428011"><ele>2872.786666666667</ele><time>2024-08-10T20:43:08Z</time></trkpt><trkpt lat="35.3761579" lon="138.742791"><ele>2884.9133333333334</ele><time>2024-08-10T20:45:24Z</time></trkpt><trkpt lat="35.3759604" lon="138.7428781"><ele>2896.976666666667</ele><time>2024-08-10T20:47:03Z</time></trkpt><trkpt lat="35.3758081" lon="138.7430407"><ele>2905.6433333333334</ele><time>2024-08-10T20:47:27Z</time></trkpt><trkpt lat="35.3756084" lon="138.7429718"><ele>2914.6800000000003</ele><time>2024-08-10T20:52:41Z</time></trkpt><trkpt lat="35.3754214" lon="138.7429195"><ele>2922.0</ele><time>2024-08-10T20:54:26Z</time></trkpt><trkpt lat="35.3752244" lon="138.7429624"><ele>2931.7433333333333</ele><time>2024-08-10T20:56:11Z</time></trkpt><trkpt lat="35.3751334" lon="138.7427544"><ele>2939.78</ele><time>2024-08-10T20:58:26Z</time></trkpt><trkpt lat="35.374991" lon="138.7425001"><ele>2950.01</ele><time>2024-08-10T21:01:11Z</time></trkpt><trkpt lat="35.3748106" lon="138.742463"><ele>2961.513333333334</ele><time>2024-08-10T21:03:38Z</time></trkpt><trkpt lat="35.3746294" lon="138.7424283"><ele>2972.876666666667</ele><time>2024-08-10T21:04:41Z</time></trkpt><trkpt lat="35.374503" lon="138.7422656"><ele>2983.1066666666666</ele><time>2024-08-10T21:05:59Z</time></trkpt><trkpt lat="35.3744614" lon="138.742048"><ele>2992.39</ele><time>2024-08-10T21:07:56Z</time></trkpt><trkpt lat="35.3743172" lon="138.7418795"><ele>3001.8733333333334</ele><time>2024-08-10T21:10:42Z</time></trkpt><trkpt lat="35.3742222" lon="138.7416536"><ele>3012.346666666667</ele><time>2024-08-10T21:12:12Z</time></trkpt><trkpt lat="35.37421" lon="138.74143"><ele>3021.766666666667</ele><time>2024-08-10T21:13:42Z</time></trkpt><trkpt lat="35.3740343" lon="138.7415198"><ele>3030.2833333333333</ele><time>2024-08-10T21:14:48Z</time></trkpt><trkpt lat="35.3738554" lon="138.7415682"><ele>3036.6966666666667</ele><time>2024-08-10T21:15:15Z</time></trkpt><trkpt lat="35.3738307" lon="138.7413398"><ele>3044.226666666667</ele><time>2024-08-10T21:24:05Z</time></trkpt><trkpt lat="35.3737311" lon="138.7411535"><ele>3051.8133333333335</ele><time>2024-08-10T21:26:23Z</time></trkpt><trkpt lat="35.3735672" lon="138.7410224"><ele>3061.98</ele><time>2024-08-10T21:28:39Z</time></trkpt><trkpt lat="35.3733848" lon="138.7410962"><ele>3070.2433333333333</ele><time>2024-08-10T21:29:30Z</time></trkpt><trkpt lat="35.3732068" lon="138.7411418"><ele>3077.986666666666</ele><time>2024-08-10T21:30:54Z</time></trkpt><trkpt lat="35.3730516" lon="138.741027"><ele>3084.4833333333336</ele><time>2024-08-10T21:32:33Z</time></trkpt><trkpt lat="35.3728939" lon="138.7409056"><ele>3093.023333333333</ele><time>2024-08-10T21:34:27Z</time></trkpt><trkpt lat="35.3729351" lon="138.7406891"><ele>3101.1966666666667</ele><time>2024-08-10T21:35:15Z</time></trkpt><trkpt lat="35.3729513" lon="138.7404646"><ele>3109.4266666666667</ele><time>2024-08-10T21:36:09Z</time></trkpt><trkpt lat="35.3728931" lon="138.740184"><ele>3115.6766666666667</ele><time>2024-08-10T21:37:36Z</time></trkpt><trkpt lat="35.3727021" lon="138.7402536"><ele>3123.163333333334</ele><time>2024-08-10T21:39:02Z</time></trkpt><trkpt lat="35.3725318" lon="138.7403323"><ele>3130.986666666667</ele><time>2024-08-10T21:40:10Z</time></trkpt><trkpt lat="35.3724841" lon="138.7401035"><ele>3138.796666666667</ele><time>2024-08-10T21:42:03Z</time></trkpt><trkpt lat="35.372316" lon="138.7400191"><ele>3147.84</ele><time>2024-08-10T21:43:31Z</time></trkpt><trkpt lat="35.3721663" lon="138.7398821"><ele>3157.5433333333335</ele><time>2024-08-10T21:45:28Z</time></trkpt><trkpt lat="35.3719853" lon="138.739827"><ele>3168.2466666666674</ele><time>2024-08-10T21:47:13Z</time></trkpt><trkpt lat="35.3718062" lon="138.7398524"><ele>3178.98</ele><time>2024-08-10T21:48:55Z</time></trkpt><trkpt lat="35.3716319" lon="138.7399513"><ele>3187.6000000000004</ele><time>2024-08-10T21:50:07Z</time></trkpt><trkpt lat="35.3716361" lon="138.7397216"><ele>3195.5633333333335</ele><time>2024-08-10T21:51:49Z</time></trkpt><trkpt lat="35.3717091" lon="138.7395079"><ele>3198.663333333334</ele><time>2024-08-10T21:52:46Z</time></trkpt><trkpt lat="35.3716536" lon="138.7392932"><ele>3202.2133333333336</ele><time>2024-08-10T21:53:55Z</time></trkpt><trkpt lat="35.371589" lon="138.7390828"><ele>3206.0766666666673</ele><time>2024-08-10T21:54:37Z</time></trkpt><trkpt lat="35.3714043" lon="138.7390906"><ele>3214.9233333333336</ele><time>2024-08-10T21:56:31Z</time></trkpt><trkpt lat="35.3713262" lon="138.7388715"><ele>3223.7666666666664</ele><time>2024-08-10T21:57:49Z</time></trkpt><trkpt lat="35.3712755" lon="138.7386508"><ele>3231.236666666667</ele><time>2024-08-10T21:58:49Z</time></trkpt><trkpt lat="35.3711656" lon="138.738829"><ele>3236.3766666666666</ele><time>2024-08-10T21:59:49Z</time></trkpt><trkpt lat="35.3710856" lon="138.7390579"><ele>3240.22</ele><time>2024-08-10T22:00:36Z</time></trkpt><trkpt lat="35.3710449" lon="138.7392849"><ele>3244.153333333333</ele><time>2024-08-10T22:06:16Z</time></trkpt><trkpt lat="35.3708604" lon="138.7392443"><ele>3248.8366666666666</ele><time>2024-08-10T22:07:13Z</time></trkpt><trkpt lat="35.370682" lon="138.7392958"><ele>3256.9733333333334</ele><time>2024-08-10T22:08:43Z</time></trkpt><trkpt lat="35.3706654" lon="138.7390755"><ele>3264.986666666667</ele><time>2024-08-10T22:09:49Z</time></trkpt><trkpt lat="35.3704894" lon="138.7391265"><ele>3274.536666666667</ele><time>2024-08-10T22:11:16Z</time></trkpt><trkpt lat="35.3703245" lon="138.7390281"><ele>3282.9900000000002</ele><time>2024-08-10T22:12:39Z</time></trkpt><trkpt lat="35.370167" lon="138.73915"><ele>3291.6233333333334</ele><time>2024-08-10T22:13:40Z</time></trkpt><trkpt lat="35.3700423" lon="138.7389888"><ele>3300.0333333333333</ele><time>2024-08-10T22:15:01Z</time></trkpt><trkpt lat="35.3700361" lon="138.7387677"><ele>3306.773333333333</ele><time>2024-08-10T22:15:52Z</time></trkpt><trkpt lat="35.3698552" lon="138.7387585"><ele>3316.39</ele><time>2024-08-10T22:17:47Z</time></trkpt><trkpt lat="35.3697059" lon="138.7386138"><ele>3324.596666666667</ele><time>2024-08-10T22:19:11Z</time></trkpt><trkpt lat="35.3695167" lon="138.7386156"><ele>3335.28</ele><time>2024-08-10T22:21:12Z</time></trkpt><trkpt lat="35.3693713" lon="138.738801"><ele>3345.5833333333335</ele><time>2024-08-10T22:22:06Z</time></trkpt><trkpt lat="35.3693285" lon="138.739021"><ele>3352.1966666666667</ele><time>2024-08-10T22:22:42Z</time></trkpt><trkpt lat="35.3692114" lon="138.7391892"><ele>3357.1200000000003</ele><time>2024-08-10T22:24:00Z</time></trkpt><trkpt lat="35.3692218" lon="138.7389304"><ele>3360.406666666667</ele><time>2024-08-10T22:26:30Z</time></trkpt><trkpt lat="35.3690951" lon="138.7391102"><ele>3365.2900000000004</ele><time>2024-08-10T22:28:06Z</time></trkpt><trkpt lat="35.3692371" lon="138.7389166"><ele>3367.206666666667</ele><time>2024-08-10T22:28:42Z</time></trkpt><trkpt lat="35.3690398" lon="138.7389506"><ele>3369.5800000000004</ele><time>2024-08-10T22:31:47Z</time></trkpt><trkpt lat="35.3688962" lon="138.7387843"><ele>3374.42</ele><time>2024-08-10T22:33:32Z</time></trkpt><trkpt lat="35.3688461" lon="138.7385653"><ele>3382.28</ele><time>2024-08-10T22:34:26Z</time></trkpt><trkpt lat="35.3687008" lon="138.7384086"><ele>3391.3133333333335</ele><time>2024-08-10T22:36:05Z</time></trkpt><trkpt lat="35.368712" lon="138.7381876"><ele>3399.6800000000003</ele><time>2024-08-10T22:37:14Z</time></trkpt><trkpt lat="35.3685311" lon="138.738159"><ele>3408.3333333333335</ele><time>2024-08-10T22:38:17Z</time></trkpt><trkpt lat="35.3683705" lon="138.7380455"><ele>3414.9600000000005</ele><time>2024-08-10T22:39:11Z</time></trkpt><trkpt lat="35.3682174" lon="138.7379211"><ele>3422.286666666667</ele><time>2024-08-10T22:40:01Z</time></trkpt><trkpt lat="35.3683805" lon="138.7378015"><ele>3428.3833333333337</ele><time>2024-08-10T22:40:53Z</time></trkpt><trkpt lat="35.3682549" lon="138.7376365"><ele>3436.1</ele><time>2024-08-10T22:42:29Z</time></trkpt><trkpt lat="35.3683755" lon="138.7374628"><ele>3441.663333333334</ele><time>2024-08-10T22:43:44Z</time></trkpt><trkpt lat="35.3681963" lon="138.7374365"><ele>3447.3866666666668</ele><time>2024-08-10T22:45:02Z</time></trkpt><trkpt lat="35.3680154" lon="138.7374469"><ele>3450.773333333333</ele><time>2024-08-10T22:46:20Z</time></trkpt><trkpt lat="35.3678293" lon="138.7373604"><ele>3454.5633333333335</ele><time>2024-08-10T22:47:27Z</time></trkpt><trkpt lat="35.3679101" lon="138.7371561"><ele>3459.346666666667</ele><time>2024-08-10T22:48:59Z</time></trkpt><trkpt lat="35.3678905" lon="138.7369306"><ele>3467.72</ele><time>2024-08-10T22:52:02Z</time></trkpt><trkpt lat="35.3677734" lon="138.7367553"><ele>3476.976666666667</ele><time>2024-08-10T22:53:59Z</time></trkpt><trkpt lat="35.3676606" lon="138.7365218"><ele>3488.1800000000003</ele><time>2024-08-10T22:55:53Z</time></trkpt><trkpt lat="35.3675312" lon="138.7363667"><ele>3498.466666666667</ele><time>2024-08-10T22:56:56Z</time></trkpt><trkpt lat="35.3675202" lon="138.7361275"><ele>3508.1733333333336</ele><time>2024-08-10T22:58:44Z</time></trkpt><trkpt lat="35.367317" lon="138.736038"><ele>3517.7000000000003</ele><time>2024-08-10T23:00:08Z</time></trkpt><trkpt lat="35.3673012" lon="138.7358113"><ele>3525.4366666666665</ele><time>2024-08-10T23:01:11Z</time></trkpt><trkpt lat="35.367125" lon="138.7357529"><ele>3534.123333333333</ele><time>2024-08-10T23:02:26Z</time></trkpt><trkpt lat="35.3672219" lon="138.735561"><ele>3539.406666666667</ele><time>2024-08-10T23:03:14Z</time></trkpt><trkpt lat="35.367104" lon="138.735359"><ele>3546.6866666666665</ele><time>2024-08-10T23:05:05Z</time></trkpt><trkpt lat="35.366923" lon="138.7353168"><ele>3554.2100000000005</ele><time>2024-08-10T23:06:11Z</time></trkpt><trkpt lat="35.3670519" lon="138.7351554"><ele>3561.396666666667</ele><time>2024-08-10T23:06:53Z</time></trkpt><trkpt lat="35.3668584" lon="138.7351297"><ele>3567.3500000000004</ele><time>2024-08-10T23:12:44Z</time></trkpt><trkpt lat="35.3668094" lon="138.7349129"><ele>3574.26</ele><time>2024-08-10T23:14:27Z</time></trkpt><trkpt lat="35.3666294" lon="138.7348715"><ele>3583.0633333333335</ele><time>2024-08-10T23:15:42Z</time></trkpt><trkpt lat="35.3667059" lon="138.7346679"><ele>3591.3566666666666</ele><time>2024-08-10T23:16:54Z</time></trkpt><trkpt lat="35.3665216" lon="138.7346689"><ele>3597.56</ele><time>2024-08-10T23:21:43Z</time></trkpt><trkpt lat="35.3665555" lon="138.7344449"><ele>3605.353333333334</ele><time>2024-08-10T23:23:16Z</time></trkpt><trkpt lat="35.366366" lon="138.734277"><ele>3615.9166666666665</ele><time>2024-08-10T23:25:10Z</time></trkpt><trkpt lat="35.3663918" lon="138.7340534"><ele>3627.6733333333336</ele><time>2024-08-10T23:27:24Z</time></trkpt><trkpt lat="35.3662814" lon="138.7338787"><ele>3639.9900000000002</ele><time>2024-08-10T23:30:42Z</time></trkpt><trkpt lat="35.3661221" lon="138.7337637"><ele>3650.16</ele><time>2024-08-10T23:32:03Z</time></trkpt><trkpt lat="35.3659829" lon="138.7335682"><ele>3661.4266666666667</ele><time>2024-08-10T23:36:17Z</time></trkpt><trkpt lat="35.3658254" lon="138.7334543"><ele>3672.69</ele><time>2024-08-10T23:37:59Z</time></trkpt><trkpt lat="35.365641" lon="138.7334417"><ele>3683.1800000000003</ele><time>2024-08-10T23:39:39Z</time></trkpt><trkpt lat="35.365697" lon="138.7332213"><ele>3692.766666666667</ele><time>2024-08-10T23:41:15Z</time></trkpt><trkpt lat="35.3658094" lon="138.7330296"><ele>3701.3833333333337</ele><time>2024-08-10T23:43:09Z</time></trkpt><trkpt lat="35.3656344" lon="138.7329682"><ele>3708.683333333333</ele><time>2024-08-10T23:44:57Z</time></trkpt><trkpt lat="35.3657798" lon="138.7328273"><ele>3713.6966666666667</ele><time>2024-08-10T23:45:45Z</time></trkpt><trkpt lat="35.365975" lon="138.7327724"><ele>3714.956666666667</ele><time>2024-08-10T23:46:27Z</time></trkpt><trkpt lat="35.3660815" lon="138.7325706"><ele>3716.3700000000003</ele><time>2024-08-10T23:47:06Z</time></trkpt><trkpt lat="35.3660813" lon="138.7323346"><ele>3717.9366666666665</ele><time>2024-08-10T23:47:54Z</time></trkpt><trkpt lat="35.3661298" lon="138.7321016"><ele>3719.486666666666</ele><time>2024-08-10T23:48:18Z</time></trkpt><trkpt lat="35.3662157" lon="138.731872"><ele>3720.0166666666664</ele><time>2024-08-10T23:49:09Z</time></trkpt><trkpt lat="35.3662623" lon="138.7316538"><ele>3718.2133333333336</ele><time>2024-08-10T23:49:30Z</time></trkpt><trkpt lat="35.3663377" lon="138.7314454"><ele>3715.41</ele><time>2024-08-10T23:50:24Z</time></trkpt><trkpt lat="35.3663471" lon="138.7312043"><ele>3711.346666666667</ele><time>2024-08-10T23:51:12Z</time></trkpt><trkpt lat="35.3662543" lon="138.7309775"><ele>3708.73</ele><time>2024-08-10T23:51:42Z</time></trkpt><trkpt lat="35.366119" lon="138.7307967"><ele>3707.0833333333335</ele><time>2024-08-10T23:52:05Z</time></trkpt><trkpt lat="35.366009" lon="138.7306215"><ele>3705.51</ele><time>2024-08-10T23:52:30Z</time></trkpt><trkpt lat="35.3659183" lon="138.730407"><ele>3703.5800000000004</ele><time>2024-08-10T23:53:06Z</time></trkpt><trkpt lat="35.3658321" lon="138.730195"><ele>3702.2033333333334</ele><time>2024-08-10T23:53:36Z</time></trkpt><trkpt lat="35.3657428" lon="138.7299939"><ele>3700.5166666666664</ele><time>2024-08-10T23:53:59Z</time></trkpt><trkpt lat="35.3656674" lon="138.7297939"><ele>3698.8033333333333</ele><time>2024-08-10T23:54:26Z</time></trkpt><trkpt lat="35.3655859" lon="138.7295786"><ele>3697.06</ele><time>2024-08-10T23:54:54Z</time></trkpt><trkpt lat="35.3654899" lon="138.7293888"><ele>3696.8033333333333</ele><time>2024-08-10T23:55:15Z</time></trkpt><trkpt lat="35.3653296" lon="138.7292634"><ele>3695.3333333333335</ele><time>2024-08-10T23:55:39Z</time></trkpt><trkpt lat="35.3651532" lon="138.7291617"><ele>3692.0466666666666</ele><time>2024-08-10T23:56:09Z</time></trkpt><trkpt lat="35.3649662" lon="138.7290849"><ele>3689.2533333333336</ele><time>2024-08-10T23:56:36Z</time></trkpt><trkpt lat="35.3647968" lon="138.7289807"><ele>3687.4666666666667</ele><time>2024-08-10T23:57:00Z</time></trkpt><trkpt lat="35.3647927" lon="138.7287468"><ele>3686.896666666667</ele><time>2024-08-10T23:57:27Z</time></trkpt><trkpt lat="35.3648077" lon="138.7284833"><ele>3688.7333333333336</ele><time>2024-08-10T23:58:30Z</time></trkpt><trkpt lat="35.3648953" lon="138.7282872"><ele>3691.7966666666666</ele><time>2024-08-11T00:08:03Z</time></trkpt><trkpt lat="35.3649912" lon="138.7280977"><ele>3695.67</ele><time>2024-08-11T00:08:54Z</time></trkpt><trkpt lat="35.3649315" lon="138.7278857"><ele>3700.1966666666667</ele><time>2024-08-11T00:11:06Z</time></trkpt><trkpt lat="35.364849" lon="138.727657"><ele>3707.346666666667</ele><time>2024-08-11T00:12:54Z</time></trkpt><trkpt lat="35.3647888" lon="138.7274462"><ele>3715.9733333333334</ele><time>2024-08-11T00:14:00Z</time></trkpt><trkpt lat="35.3647094" lon="138.7272434"><ele>3721.376666666667</ele><time>2024-08-11T00:15:09Z</time></trkpt><trkpt lat="35.3645373" lon="138.7271753"><ele>3723.3566666666666</ele><time>2024-08-11T00:16:09Z</time></trkpt><trkpt lat="35.3643454" lon="138.7270856"><ele>3724.023333333333</ele><time>2024-08-11T00:16:30Z</time></trkpt><trkpt lat="35.3641743" lon="138.7270068"><ele>3726.2566666666667</ele><time>2024-08-11T00:18:06Z</time></trkpt><trkpt lat="35.3639938" lon="138.7269697"><ele>3731.4900000000002</ele><time>2024-08-11T00:19:30Z</time></trkpt><trkpt lat="35.3637973" lon="138.7269976"><ele>3736.5800000000004</ele><time>2024-08-11T00:20:03Z</time></trkpt><trkpt lat="35.3636074" lon="138.7269992"><ele>3739.22</ele><time>2024-08-11T00:20:33Z</time></trkpt><trkpt lat="35.3634121" lon="138.726978"><ele>3737.31</ele><time>2024-08-11T00:21:06Z</time></trkpt><trkpt lat="35.3632172" lon="138.7270028"><ele>3734.7000000000003</ele><time>2024-08-11T00:21:33Z</time></trkpt><trkpt lat="35.36306" lon="138.7271309"><ele>3732.933333333333</ele><time>2024-08-11T00:21:57Z</time></trkpt><trkpt lat="35.362938" lon="138.7273071"><ele>3731.8133333333335</ele><time>2024-08-11T00:22:24Z</time></trkpt><trkpt lat="35.362774" lon="138.7274025"><ele>3730.1766666666667</ele><time>2024-08-11T00:22:51Z</time></trkpt><trkpt lat="35.36258" lon="138.727396"><ele>3728.66</ele><time>2024-08-11T00:23:15Z</time></trkpt><trkpt lat="35.3624087" lon="138.7272992"><ele>3728.2899999999995</ele><time>2024-08-11T00:23:39Z</time></trkpt><trkpt lat="35.3622342" lon="138.72723"><ele>3729.4233333333336</ele><time>2024-08-11T00:24:08Z</time></trkpt><trkpt lat="35.3620551" lon="138.7271682"><ele>3732.07</ele><time>2024-08-11T00:24:39Z</time></trkpt><trkpt lat="35.3618739" lon="138.7271639"><ele>3735.513333333334</ele><time>2024-08-11T00:27:54Z</time></trkpt><trkpt lat="35.3616818" lon="138.7271905"><ele>3739.213333333333</ele><time>2024-08-11T00:28:38Z</time></trkpt><trkpt lat="35.3614919" lon="138.7271771"><ele>3741.876666666667</ele><time>2024-08-11T00:29:44Z</time></trkpt><trkpt lat="35.3612994" lon="138.7271959"><ele>3745.9500000000003</ele><time>2024-08-11T00:30:38Z</time></trkpt><trkpt lat="35.361122" lon="138.7272675"><ele>3750.9633333333336</ele><time>2024-08-11T00:31:23Z</time></trkpt><trkpt lat="35.3609599" lon="138.7273786"><ele>3755.28</ele><time>2024-08-11T00:32:26Z</time></trkpt><trkpt lat="35.3607939" lon="138.727473"><ele>3758.5499999999997</ele><time>2024-08-11T00:33:38Z</time></trkpt><trkpt lat="35.3606147" lon="138.7275426"><ele>3760.513333333334</ele><time>2024-08-11T00:34:14Z</time></trkpt><trkpt lat="35.3606478" lon="138.7273231"><ele>3765.64</ele><time>2024-08-11T00:38:44Z</time></trkpt><trkpt lat="35.3605148" lon="138.7275076"><ele>3769.02</ele><time>2024-08-11T00:40:29Z</time></trkpt><trkpt lat="35.3603624" lon="138.7276435"><ele>3768.99</ele><time>2024-08-11T00:41:35Z</time></trkpt><trkpt lat="35.3602488" lon="138.7278328"><ele>3762.8233333333337</ele><time>2024-08-11T00:42:26Z</time></trkpt><trkpt lat="35.3601023" lon="138.7279745"><ele>3753.7033333333334</ele><time>2024-08-11T00:44:05Z</time></trkpt><trkpt lat="35.3600271" lon="138.7281828"><ele>3743.5066666666667</ele><time>2024-08-11T00:45:11Z</time></trkpt><trkpt lat="35.3598691" lon="138.7283324"><ele>3734.876666666667</ele><time>2024-08-11T00:45:44Z</time></trkpt><trkpt lat="35.3598133" lon="138.7285504"><ele>3728.463333333333</ele><time>2024-08-11T00:46:20Z</time></trkpt><trkpt lat="35.3597937" lon="138.7287911"><ele>3725.1200000000003</ele><time>2024-08-11T00:46:38Z</time></trkpt><trkpt lat="35.3597621" lon="138.7290415"><ele>3723.42</ele><time>2024-08-11T00:46:59Z</time></trkpt><trkpt lat="35.3598491" lon="138.7292924"><ele>3722.58</ele><time>2024-08-11T00:47:20Z</time></trkpt><trkpt lat="35.3598689" lon="138.7295157"><ele>3721.8366666666666</ele><time>2024-08-11T00:47:41Z</time></trkpt><trkpt lat="35.3598365" lon="138.729744"><ele>3720.9</ele><time>2024-08-11T00:47:59Z</time></trkpt><trkpt lat="35.3598173" lon="138.7299762"><ele>3718.7433333333333</ele><time>2024-08-11T00:48:17Z</time></trkpt><trkpt lat="35.359813" lon="138.7302274"><ele>3716.7666666666664</ele><time>2024-08-11T00:48:38Z</time></trkpt><trkpt lat="35.3597581" lon="138.7304628"><ele>3714.9966666666664</ele><time>2024-08-11T00:48:59Z</time></trkpt><trkpt lat="35.35975" lon="138.7307153"><ele>3714.11</ele><time>2024-08-11T00:49:20Z</time></trkpt><trkpt lat="35.3596778" lon="138.7309392"><ele>3713.2000000000003</ele><time>2024-08-11T00:49:41Z</time></trkpt><trkpt lat="35.3596649" lon="138.7311719"><ele>3712.3933333333334</ele><time>2024-08-11T00:50:02Z</time></trkpt><trkpt lat="35.3596928" lon="138.731426"><ele>3712.0633333333335</ele><time>2024-08-11T00:51:50Z</time></trkpt><trkpt lat="35.3598072" lon="138.7315966"><ele>3712.2766666666666</ele><time>2024-08-11T00:52:47Z</time></trkpt><trkpt lat="35.3599628" lon="138.731715"><ele>3711.64</ele><time>2024-08-11T00:53:08Z</time></trkpt><trkpt lat="35.3600862" lon="138.7318945"><ele>3710.436666666667</ele><time>2024-08-11T00:53:35Z</time></trkpt><trkpt lat="35.3599273" lon="138.7320437"><ele>3712.126666666667</ele><time>2024-08-11T00:55:05Z</time></trkpt><trkpt lat="35.3599033" lon="138.7322679"><ele>3715.2599999999998</ele><time>2024-08-11T00:55:47Z</time></trkpt><trkpt lat="35.3600075" lon="138.7324607"><ele>3719.5033333333336</ele><time>2024-08-11T00:56:14Z</time></trkpt><trkpt lat="35.3601358" lon="138.7326357"><ele>3720.8233333333333</ele><time>2024-08-11T00:56:38Z</time></trkpt><trkpt lat="35.3602642" lon="138.7328132"><ele>3721.773333333333</ele><time>2024-08-11T00:57:02Z</time></trkpt><trkpt lat="35.3603916" lon="138.7329806"><ele>3722.866666666667</ele><time>2024-08-11T00:57:26Z</time></trkpt><trkpt lat="35.3604728" lon="138.7331922"><ele>3724.1966666666667</ele><time>2024-08-11T00:57:52Z</time></trkpt><trkpt lat="35.3605189" lon="138.733421"><ele>3725.1333333333337</ele><time>2024-08-11T00:58:17Z</time></trkpt><trkpt lat="35.3606227" lon="138.7336316"><ele>3725.59</ele><time>2024-08-11T00:58:41Z</time></trkpt><trkpt lat="35.360773" lon="138.7337796"><ele>3725.6433333333334</ele><time>2024-08-11T00:59:11Z</time></trkpt><trkpt lat="35.3609354" lon="138.7338812"><ele>3725.5933333333337</ele><time>2024-08-11T00:59:41Z</time></trkpt><trkpt lat="35.3611293" lon="138.7339074"><ele>3723.8233333333337</ele><time>2024-08-11T01:00:11Z</time></trkpt><trkpt lat="35.3613031" lon="138.7339824"><ele>3720.3933333333334</ele><time>2024-08-11T01:00:37Z</time></trkpt><trkpt lat="35.3614927" lon="138.7339299"><ele>3716.6133333333332</ele><time>2024-08-11T01:01:05Z</time></trkpt><trkpt lat="35.361676" lon="138.7339503"><ele>3713.5699999999997</ele><time>2024-08-11T01:01:32Z</time></trkpt><trkpt lat="35.3618484" lon="138.7340248"><ele>3713.1299999999997</ele><time>2024-08-11T01:01:59Z</time></trkpt><trkpt lat="35.3620373" lon="138.734086"><ele>3715.933333333333</ele><time>2024-08-11T01:04:23Z</time></trkpt><trkpt lat="35.362218" lon="138.7341301"><ele>3720.543333333333</ele><time>2024-08-11T01:06:54Z</time></trkpt><trkpt lat="35.3623862" lon="138.7342478"><ele>3724.4300000000003</ele><time>2024-08-11T01:07:27Z</time></trkpt><trkpt lat="35.3625594" lon="138.7343436"><ele>3725.8333333333335</ele><time>2024-08-11T01:08:15Z</time></trkpt><trkpt lat="35.3627421" lon="138.7344021"><ele>3727.5433333333335</ele><time>2024-08-11T01:08:39Z</time></trkpt><trkpt lat="35.3629321" lon="138.7343156"><ele>3730.723333333334</ele><time>2024-08-11T01:09:15Z</time></trkpt><trkpt lat="35.3631243" lon="138.7343121"><ele>3732.3799999999997</ele><time>2024-08-11T01:09:47Z</time></trkpt><trkpt lat="35.3633247" lon="138.7343026"><ele>3731.4166666666665</ele><time>2024-08-11T01:10:15Z</time></trkpt><trkpt lat="35.3635016" lon="138.7342334"><ele>3729.17</ele><time>2024-08-11T01:10:39Z</time></trkpt><trkpt lat="35.36369" lon="138.7341853"><ele>3726.56</ele><time>2024-08-11T01:11:09Z</time></trkpt><trkpt lat="35.3638697" lon="138.7340788"><ele>3725.5933333333337</ele><time>2024-08-11T01:11:35Z</time></trkpt><trkpt lat="35.3640461" lon="138.7340068"><ele>3725.146666666667</ele><time>2024-08-11T01:12:06Z</time></trkpt><trkpt lat="35.3642356" lon="138.734007"><ele>3725.1966666666667</ele><time>2024-08-11T01:13:03Z</time></trkpt><trkpt lat="35.3644136" lon="138.7338799"><ele>3724.9900000000002</ele><time>2024-08-11T01:13:33Z</time></trkpt><trkpt lat="35.3645046" lon="138.7336653"><ele>3722.9466666666667</ele><time>2024-08-11T01:14:00Z</time></trkpt><trkpt lat="35.3646603" lon="138.7335172"><ele>3720.73</ele><time>2024-08-11T01:14:24Z</time></trkpt><trkpt lat="35.3648338" lon="138.7333655"><ele>3717.5433333333335</ele><time>2024-08-11T01:14:44Z</time></trkpt><trkpt lat="35.365036" lon="138.7333466"><ele>3714.7833333333333</ele><time>2024-08-11T01:15:12Z</time></trkpt><trkpt lat="35.3652051" lon="138.7332448"><ele>3713.0433333333335</ele><time>2024-08-11T01:16:12Z</time></trkpt><trkpt lat="35.3650266" lon="138.7333452"><ele>3712.463333333333</ele><time>2024-08-11T01:24:06Z</time></trkpt><trkpt lat="35.3649175" lon="138.7335324"><ele>3712.0433333333335</ele><time>2024-08-11T01:24:25Z</time></trkpt><trkpt lat="35.3648579" lon="138.7337582"><ele>3710.15</ele><time>2024-08-11T01:24:43Z</time></trkpt><trkpt lat="35.3647402" lon="138.7339494"><ele>3707.566666666667</ele><time>2024-08-11T01:25:01Z</time></trkpt><trkpt lat="35.3646906" lon="138.7341645"><ele>3703.2299999999996</ele><time>2024-08-11T01:25:19Z</time></trkpt><trkpt lat="35.3645866" lon="138.7343847"><ele>3699.48</ele><time>2024-08-11T01:25:40Z</time></trkpt><trkpt lat="35.3644502" lon="138.7345386"><ele>3695.2533333333336</ele><time>2024-08-11T01:26:01Z</time></trkpt><trkpt lat="35.364291" lon="138.7346603"><ele>3693.0533333333333</ele><time>2024-08-11T01:26:22Z</time></trkpt><trkpt lat="35.3641415" lon="138.734804"><ele>3689.59</ele><time>2024-08-11T01:26:43Z</time></trkpt><trkpt lat="35.364011" lon="138.7349671"><ele>3684.023333333333</ele><time>2024-08-11T01:27:01Z</time></trkpt><trkpt lat="35.3638698" lon="138.7351601"><ele>3676.3366666666666</ele><time>2024-08-11T01:27:30Z</time></trkpt><trkpt lat="35.3637294" lon="138.7353379"><ele>3669.806666666667</ele><time>2024-08-11T01:27:52Z</time></trkpt><trkpt lat="35.3639194" lon="138.7353654"><ele>3663.883333333333</ele><time>2024-08-11T01:28:22Z</time></trkpt><trkpt lat="35.3640993" lon="138.7354019"><ele>3658.866666666667</ele><time>2024-08-11T01:28:43Z</time></trkpt><trkpt lat="35.3642822" lon="138.7354467"><ele>3651.6299999999997</ele><time>2024-08-11T01:29:07Z</time></trkpt><trkpt lat="35.3644625" lon="138.7355024"><ele>3645.726666666667</ele><time>2024-08-11T01:29:34Z</time></trkpt><trkpt lat="35.3646465" lon="138.7355606"><ele>3638.103333333334</ele><time>2024-08-11T01:30:06Z</time></trkpt><trkpt lat="35.3648272" lon="138.735626"><ele>3631.2833333333333</ele><time>2024-08-11T01:30:39Z</time></trkpt><trkpt lat="35.3650167" lon="138.735678"><ele>3623.6</ele><time>2024-08-11T01:31:06Z</time></trkpt><trkpt lat="35.3652235" lon="138.7356968"><ele>3615.4833333333336</ele><time>2024-08-11T01:31:37Z</time></trkpt><trkpt lat="35.3654114" lon="138.7356475"><ele>3608.4900000000002</ele><time>2024-08-11T01:32:17Z</time></trkpt><trkpt lat="35.3655889" lon="138.7355629"><ele>3602.74</ele><time>2024-08-11T01:32:39Z</time></trkpt><trkpt lat="35.3655067" lon="138.7357637"><ele>3598.9266666666667</ele><time>2024-08-11T01:33:04Z</time></trkpt><trkpt lat="35.3654202" lon="138.7359986"><ele>3593.6</ele><time>2024-08-11T01:34:03Z</time></trkpt><trkpt lat="35.3652895" lon="138.7361976"><ele>3588.35</ele><time>2024-08-11T01:34:26Z</time></trkpt><trkpt lat="35.3651215" lon="138.7363475"><ele>3583.943333333333</ele><time>2024-08-11T01:34:52Z</time></trkpt><trkpt lat="35.364975" lon="138.7365174"><ele>3582.0833333333335</ele><time>2024-08-11T01:35:16Z</time></trkpt><trkpt lat="35.3648001" lon="138.7366376"><ele>3580.6800000000003</ele><time>2024-08-11T01:35:46Z</time></trkpt><trkpt lat="35.3646483" lon="138.7367688"><ele>3577.6299999999997</ele><time>2024-08-11T01:36:04Z</time></trkpt><trkpt lat="35.3648308" lon="138.7368634"><ele>3572.3199999999997</ele><time>2024-08-11T01:36:43Z</time></trkpt><trkpt lat="35.3650136" lon="138.736918"><ele>3563.7466666666664</ele><time>2024-08-11T01:37:10Z</time></trkpt><trkpt lat="35.3652005" lon="138.7369808"><ele>3555.8300000000004</ele><time>2024-08-11T01:37:35Z</time></trkpt><trkpt lat="35.365384" lon="138.7370096"><ele>3548.56</ele><time>2024-08-11T01:38:43Z</time></trkpt><trkpt lat="35.3655825" lon="138.7369859"><ele>3542.5500000000006</ele><time>2024-08-11T01:39:14Z</time></trkpt><trkpt lat="35.3657748" lon="138.7369756"><ele>3536.9033333333336</ele><time>2024-08-11T01:39:48Z</time></trkpt><trkpt lat="35.3659544" lon="138.7369494"><ele>3531.683333333333</ele><time>2024-08-11T01:40:11Z</time></trkpt><trkpt lat="35.3661509" lon="138.7368733"><ele>3527.116666666667</ele><time>2024-08-11T01:40:36Z</time></trkpt><trkpt lat="35.3663399" lon="138.7368241"><ele>3521.15</ele><time>2024-08-11T01:41:00Z</time></trkpt><trkpt lat="35.3663142" lon="138.7370613"><ele>3514.633333333333</ele><time>2024-08-11T01:42:12Z</time></trkpt><trkpt lat="35.3662268" lon="138.7372547"><ele>3508.123333333333</ele><time>2024-08-11T01:42:38Z</time></trkpt><trkpt lat="35.3661227" lon="138.7374511"><ele>3502.8133333333335</ele><time>2024-08-11T01:43:01Z</time></trkpt><trkpt lat="35.3660239" lon="138.737677"><ele>3497.4366666666665</ele><time>2024-08-11T01:43:20Z</time></trkpt><trkpt lat="35.3659221" lon="138.7378644"><ele>3491.98</ele><time>2024-08-11T01:43:35Z</time></trkpt><trkpt lat="35.3658191" lon="138.7380812"><ele>3486.2999999999997</ele><time>2024-08-11T01:43:55Z</time></trkpt><trkpt lat="35.3657079" lon="138.7382548"><ele>3481.9133333333334</ele><time>2024-08-11T01:44:13Z</time></trkpt><trkpt lat="35.3658955" lon="138.7382195"><ele>3476.6</ele><time>2024-08-11T01:44:32Z</time></trkpt><trkpt lat="35.3660739" lon="138.73816"><ele>3472.7000000000003</ele><time>2024-08-11T01:44:57Z</time></trkpt><trkpt lat="35.3662589" lon="138.7381754"><ele>3467.763333333334</ele><time>2024-08-11T01:45:27Z</time></trkpt><trkpt lat="35.3664532" lon="138.7381721"><ele>3463.2233333333334</ele><time>2024-08-11T01:45:56Z</time></trkpt><trkpt lat="35.3666423" lon="138.73816"><ele>3457.876666666667</ele><time>2024-08-11T01:46:24Z</time></trkpt><trkpt lat="35.3668316" lon="138.7381676"><ele>3452.4233333333336</ele><time>2024-08-11T01:46:50Z</time></trkpt><trkpt lat="35.367018" lon="138.7381798"><ele>3446.61</ele><time>2024-08-11T01:47:11Z</time></trkpt><trkpt lat="35.3672053" lon="138.7381821"><ele>3440.4933333333333</ele><time>2024-08-11T01:47:35Z</time></trkpt><trkpt lat="35.3674078" lon="138.7381934"><ele>3433.1800000000003</ele><time>2024-08-11T01:48:09Z</time></trkpt><trkpt lat="35.3675944" lon="138.7381539"><ele>3426.683333333334</ele><time>2024-08-11T01:48:33Z</time></trkpt><trkpt lat="35.3677772" lon="138.7382161"><ele>3419.3866666666668</ele><time>2024-08-11T01:49:00Z</time></trkpt><trkpt lat="35.3679403" lon="138.7383473"><ele>3413.7033333333334</ele><time>2024-08-11T01:49:29Z</time></trkpt><trkpt lat="35.3680747" lon="138.738517"><ele>3406.5066666666667</ele><time>2024-08-11T01:49:58Z</time></trkpt><trkpt lat="35.3681999" lon="138.7386889"><ele>3398.8033333333333</ele><time>2024-08-11T01:50:31Z</time></trkpt><trkpt lat="35.3683379" lon="138.7388379"><ele>3390.373333333333</ele><time>2024-08-11T01:51:18Z</time></trkpt><trkpt lat="35.3684616" lon="138.7390089"><ele>3382.5266666666666</ele><time>2024-08-11T01:51:50Z</time></trkpt><trkpt lat="35.3686048" lon="138.7391448"><ele>3374.6299999999997</ele><time>2024-08-11T01:52:30Z</time></trkpt><trkpt lat="35.3687652" lon="138.7392762"><ele>3367.69</ele><time>2024-08-11T01:53:00Z</time></trkpt><trkpt lat="35.3687334" lon="138.7394929"><ele>3359.273333333333</ele><time>2024-08-11T01:54:09Z</time></trkpt><trkpt lat="35.3685771" lon="138.7396231"><ele>3352.3366666666666</ele><time>2024-08-11T01:54:42Z</time></trkpt><trkpt lat="35.3686632" lon="138.7398252"><ele>3342.5833333333335</ele><time>2024-08-11T01:55:12Z</time></trkpt><trkpt lat="35.368831" lon="138.7399396"><ele>3335.41</ele><time>2024-08-11T01:55:41Z</time></trkpt><trkpt lat="35.3689962" lon="138.7400528"><ele>3328.1366666666668</ele><time>2024-08-11T01:56:12Z</time></trkpt><trkpt lat="35.3691394" lon="138.740193"><ele>3322.59</ele><time>2024-08-11T01:56:48Z</time></trkpt><trkpt lat="35.3690274" lon="138.7403808"><ele>3316.1866666666665</ele><time>2024-08-11T01:59:45Z</time></trkpt><trkpt lat="35.368862" lon="138.7404945"><ele>3309.8233333333333</ele><time>2024-08-11T02:00:39Z</time></trkpt><trkpt lat="35.3688415" lon="138.7407243"><ele>3302.123333333333</ele><time>2024-08-11T02:01:18Z</time></trkpt><trkpt lat="35.3689815" lon="138.7408828"><ele>3293.5499999999997</ele><time>2024-08-11T02:02:05Z</time></trkpt><trkpt lat="35.3691354" lon="138.7410325"><ele>3283.59</ele><time>2024-08-11T02:02:42Z</time></trkpt><trkpt lat="35.3693015" lon="138.7411396"><ele>3275.9300000000003</ele><time>2024-08-11T02:03:15Z</time></trkpt><trkpt lat="35.3694672" lon="138.7412382"><ele>3269.0333333333333</ele><time>2024-08-11T02:03:39Z</time></trkpt><trkpt lat="35.3696564" lon="138.7412148"><ele>3264.4066666666663</ele><time>2024-08-11T02:06:40Z</time></trkpt><trkpt lat="35.3698381" lon="138.7411041"><ele>3261.236666666666</ele><time>2024-08-11T02:07:04Z</time></trkpt><trkpt lat="35.3700374" lon="138.7411144"><ele>3258.72</ele><time>2024-08-11T02:07:27Z</time></trkpt><trkpt lat="35.3702311" lon="138.7410608"><ele>3255.806666666667</ele><time>2024-08-11T02:07:49Z</time></trkpt><trkpt lat="35.3704327" lon="138.7410665"><ele>3251.183333333334</ele><time>2024-08-11T02:08:13Z</time></trkpt><trkpt lat="35.3706022" lon="138.7409671"><ele>3246.1066666666666</ele><time>2024-08-11T02:08:37Z</time></trkpt><trkpt lat="35.3706122" lon="138.7411984"><ele>3238.763333333334</ele><time>2024-08-11T02:09:37Z</time></trkpt><trkpt lat="35.3704873" lon="138.7413885"><ele>3232.8799999999997</ele><time>2024-08-11T02:10:00Z</time></trkpt><trkpt lat="35.3703772" lon="138.7416183"><ele>3225.4933333333333</ele><time>2024-08-11T02:10:22Z</time></trkpt><trkpt lat="35.3705581" lon="138.7416513"><ele>3220.013333333334</ele><time>2024-08-11T02:11:07Z</time></trkpt><trkpt lat="35.3707649" lon="138.741618"><ele>3212.4966666666664</ele><time>2024-08-11T02:11:28Z</time></trkpt><trkpt lat="35.3709407" lon="138.7415154"><ele>3208.7033333333334</ele><time>2024-08-11T02:11:52Z</time></trkpt><trkpt lat="35.3709243" lon="138.7417617"><ele>3203.0833333333335</ele><time>2024-08-11T02:12:22Z</time></trkpt><trkpt lat="35.3707854" lon="138.7419412"><ele>3197.866666666667</ele><time>2024-08-11T02:13:04Z</time></trkpt><trkpt lat="35.3706927" lon="138.7421311"><ele>3191.6966666666667</ele><time>2024-08-11T02:13:28Z</time></trkpt><trkpt lat="35.3705645" lon="138.7422916"><ele>3187.7033333333334</ele><time>2024-08-11T02:13:51Z</time></trkpt><trkpt lat="35.3707498" lon="138.7423779"><ele>3181.5400000000004</ele><time>2024-08-11T02:14:41Z</time></trkpt><trkpt lat="35.3709322" lon="138.7423493"><ele>3174.42</ele><time>2024-08-11T02:15:03Z</time></trkpt><trkpt lat="35.3711238" lon="138.7422953"><ele>3167.6733333333336</ele><time>2024-08-11T02:15:25Z</time></trkpt><trkpt lat="35.3710416" lon="138.7425293"><ele>3162.4300000000003</ele><time>2024-08-11T02:16:09Z</time></trkpt><trkpt lat="35.3709041" lon="138.7427082"><ele>3157.81</ele><time>2024-08-11T02:16:56Z</time></trkpt><trkpt lat="35.370777" lon="138.7429044"><ele>3152.5399999999995</ele><time>2024-08-11T02:17:14Z</time></trkpt><trkpt lat="35.3706386" lon="138.7430667"><ele>3149.2933333333335</ele><time>2024-08-11T02:17:35Z</time></trkpt><trkpt lat="35.3708401" lon="138.7430673"><ele>3145.183333333333</ele><time>2024-08-11T02:18:05Z</time></trkpt><trkpt lat="35.3710207" lon="138.7429861"><ele>3141.023333333333</ele><time>2024-08-11T02:18:23Z</time></trkpt><trkpt lat="35.3712036" lon="138.7429367"><ele>3136.0500000000006</ele><time>2024-08-11T02:18:40Z</time></trkpt><trkpt lat="35.3713836" lon="138.7428871"><ele>3132.51</ele><time>2024-08-11T02:18:59Z</time></trkpt><trkpt lat="35.3715896" lon="138.7428742"><ele>3128.0066666666667</ele><time>2024-08-11T02:19:19Z</time></trkpt><trkpt lat="35.3717484" lon="138.7427588"><ele>3124.09</ele><time>2024-08-11T02:19:37Z</time></trkpt><trkpt lat="35.3716739" lon="138.7429647"><ele>3119.853333333334</ele><time>2024-08-11T02:21:08Z</time></trkpt><trkpt lat="35.3715092" lon="138.7431147"><ele>3116.9900000000002</ele><time>2024-08-11T02:21:29Z</time></trkpt><trkpt lat="35.3713862" lon="138.743302"><ele>3113.1366666666668</ele><time>2024-08-11T02:21:50Z</time></trkpt><trkpt lat="35.3712703" lon="138.7434982"><ele>3109.140000000001</ele><time>2024-08-11T02:22:23Z</time></trkpt><trkpt lat="35.371451" lon="138.7435052"><ele>3104.156666666667</ele><time>2024-08-11T02:22:45Z</time></trkpt><trkpt lat="35.3716482" lon="138.7434638"><ele>3099.3266666666664</ele><time>2024-08-11T02:23:05Z</time></trkpt><trkpt lat="35.3718279" lon="138.7434136"><ele>3095.943333333333</ele><time>2024-08-11T02:23:24Z</time></trkpt><trkpt lat="35.372036" lon="138.7433785"><ele>3092.5499999999997</ele><time>2024-08-11T02:23:45Z</time></trkpt><trkpt lat="35.3722137" lon="138.7433031"><ele>3088.94</ele><time>2024-08-11T02:24:03Z</time></trkpt><trkpt lat="35.3721352" lon="138.7435261"><ele>3082.94</ele><time>2024-08-11T02:24:51Z</time></trkpt><trkpt lat="35.3720163" lon="138.743732"><ele>3077.623333333333</ele><time>2024-08-11T02:25:11Z</time></trkpt><trkpt lat="35.3719214" lon="138.7439472"><ele>3070.2166666666667</ele><time>2024-08-11T02:25:56Z</time></trkpt><trkpt lat="35.371806" lon="138.7441221"><ele>3063.8233333333337</ele><time>2024-08-11T02:26:14Z</time></trkpt><trkpt lat="35.3717197" lon="138.7443495"><ele>3057.0333333333333</ele><time>2024-08-11T02:26:39Z</time></trkpt><trkpt lat="35.3719101" lon="138.7443618"><ele>3051.92</ele><time>2024-08-11T02:27:15Z</time></trkpt><trkpt lat="35.3720902" lon="138.7444068"><ele>3045.1966666666667</ele><time>2024-08-11T02:27:42Z</time></trkpt><trkpt lat="35.372274" lon="138.7444405"><ele>3037.9</ele><time>2024-08-11T02:28:02Z</time></trkpt><trkpt lat="35.3724665" lon="138.7444881"><ele>3030.096666666667</ele><time>2024-08-11T02:28:29Z</time></trkpt><trkpt lat="35.3726439" lon="138.7445612"><ele>3022.36</ele><time>2024-08-11T02:28:50Z</time></trkpt><trkpt lat="35.3728414" lon="138.7445885"><ele>3015.0433333333335</ele><time>2024-08-11T02:29:30Z</time></trkpt><trkpt lat="35.372741" lon="138.7448106"><ele>3008.3033333333333</ele><time>2024-08-11T02:30:12Z</time></trkpt><trkpt lat="35.372639" lon="138.745054"><ele>3000.943333333333</ele><time>2024-08-11T02:30:29Z</time></trkpt><trkpt lat="35.3725074" lon="138.7452497"><ele>2993.8466666666664</ele><time>2024-08-11T02:30:45Z</time></trkpt><trkpt lat="35.3727107" lon="138.745202"><ele>2988.5733333333333</ele><time>2024-08-11T02:31:06Z</time></trkpt><trkpt lat="35.3729024" lon="138.7452122"><ele>2984.7466666666664</ele><time>2024-08-11T02:31:27Z</time></trkpt><trkpt lat="35.3730947" lon="138.745205"><ele>2980.26</ele><time>2024-08-11T02:31:45Z</time></trkpt><trkpt lat="35.3732884" lon="138.7452062"><ele>2974.97</ele><time>2024-08-11T02:32:12Z</time></trkpt><trkpt lat="35.3734687" lon="138.7452534"><ele>2968.2900000000004</ele><time>2024-08-11T02:32:42Z</time></trkpt><trkpt lat="35.3736409" lon="138.7453269"><ele>2960.9300000000003</ele><time>2024-08-11T02:33:03Z</time></trkpt><trkpt lat="35.3738342" lon="138.7453216"><ele>2953.5533333333333</ele><time>2024-08-11T02:33:21Z</time></trkpt><trkpt lat="35.3738049" lon="138.7455536"><ele>2946.86</ele><time>2024-08-11T02:34:03Z</time></trkpt><trkpt lat="35.3736657" lon="138.7457569"><ele>2939.6633333333334</ele><time>2024-08-11T02:34:18Z</time></trkpt><trkpt lat="35.3738453" lon="138.74584"><ele>2931.5266666666666</ele><time>2024-08-11T02:34:54Z</time></trkpt><trkpt lat="35.3740316" lon="138.7458724"><ele>2924.6200000000003</ele><time>2024-08-11T02:35:12Z</time></trkpt><trkpt lat="35.3739714" lon="138.7460807"><ele>2917.603333333334</ele><time>2024-08-11T02:35:54Z</time></trkpt><trkpt lat="35.373852" lon="138.7462615"><ele>2911.35</ele><time>2024-08-11T02:36:21Z</time></trkpt><trkpt lat="35.3740514" lon="138.7462646"><ele>2904.9600000000005</ele><time>2024-08-11T02:36:39Z</time></trkpt><trkpt lat="35.3742314" lon="138.7462934"><ele>2900.5733333333337</ele><time>2024-08-11T02:37:00Z</time></trkpt><trkpt lat="35.3744139" lon="138.7462529"><ele>2895.8266666666664</ele><time>2024-08-11T02:37:16Z</time></trkpt><trkpt lat="35.374279" lon="138.7464345"><ele>2891.39</ele><time>2024-08-11T02:37:34Z</time></trkpt><trkpt lat="35.374169" lon="138.7466409"><ele>2885.7666666666664</ele><time>2024-08-11T02:37:52Z</time></trkpt><trkpt lat="35.3740622" lon="138.7468275"><ele>2880.843333333333</ele><time>2024-08-11T02:38:04Z</time></trkpt><trkpt lat="35.3742621" lon="138.746815"><ele>2875.3933333333334</ele><time>2024-08-11T02:38:22Z</time></trkpt><trkpt lat="35.3744526" lon="138.7468197"><ele>2870.78</ele><time>2024-08-11T02:38:43Z</time></trkpt><trkpt lat="35.3746411" lon="138.7468063"><ele>2864.9966666666674</ele><time>2024-08-11T02:39:00Z</time></trkpt><trkpt lat="35.3745777" lon="138.7470434"><ele>2858.8633333333332</ele><time>2024-08-11T02:39:55Z</time></trkpt><trkpt lat="35.3744524" lon="138.7472264"><ele>2853.2833333333333</ele><time>2024-08-11T02:40:16Z</time></trkpt><trkpt lat="35.3746194" lon="138.7473141"><ele>2846.9799999999996</ele><time>2024-08-11T02:40:46Z</time></trkpt><trkpt lat="35.3748137" lon="138.7473063"><ele>2840.4466666666667</ele><time>2024-08-11T02:41:10Z</time></trkpt><trkpt lat="35.3748413" lon="138.7475242"><ele>2832.69</ele><time>2024-08-11T02:41:46Z</time></trkpt><trkpt lat="35.3747071" lon="138.7476908"><ele>2826.3800000000006</ele><time>2024-08-11T02:42:13Z</time></trkpt><trkpt lat="35.3748358" lon="138.7478502"><ele>2819.646666666667</ele><time>2024-08-11T02:42:57Z</time></trkpt><trkpt lat="35.3750291" lon="138.7477909"><ele>2814.3733333333334</ele><time>2024-08-11T02:43:18Z</time></trkpt><trkpt lat="35.3749438" lon="138.748011"><ele>2808.5633333333335</ele><time>2024-08-11T02:43:42Z</time></trkpt><trkpt lat="35.3748188" lon="138.748192"><ele>2804.236666666667</ele><time>2024-08-11T02:43:57Z</time></trkpt><trkpt lat="35.3749909" lon="138.7482712"><ele>2797.6299999999997</ele><time>2024-08-11T02:44:21Z</time></trkpt><trkpt lat="35.3751986" lon="138.74826"><ele>2791.08</ele><time>2024-08-11T02:44:42Z</time></trkpt><trkpt lat="35.3751278" lon="138.7485014"><ele>2783.19</ele><time>2024-08-11T02:45:11Z</time></trkpt><trkpt lat="35.3749939" lon="138.7487181"><ele>2777.4966666666664</ele><time>2024-08-11T02:45:29Z</time></trkpt><trkpt lat="35.3751729" lon="138.7488193"><ele>2771.5033333333336</ele><time>2024-08-11T02:45:52Z</time></trkpt><trkpt lat="35.3753779" lon="138.7488413"><ele>2764.846666666667</ele><time>2024-08-11T02:46:13Z</time></trkpt><trkpt lat="35.3754026" lon="138.749061"><ele>2757.0633333333335</ele><time>2024-08-11T02:46:46Z</time></trkpt><trkpt lat="35.3752819" lon="138.7492519"><ele>2749.686666666667</ele><time>2024-08-11T02:47:01Z</time></trkpt><trkpt lat="35.3754629" lon="138.7493109"><ele>2742.413333333334</ele><time>2024-08-11T02:47:26Z</time></trkpt><trkpt lat="35.3756622" lon="138.7493236"><ele>2735.096666666667</ele><time>2024-08-11T02:47:57Z</time></trkpt><trkpt lat="35.3758431" lon="138.7493601"><ele>2727.376666666667</ele><time>2024-08-11T02:48:15Z</time></trkpt><trkpt lat="35.3756841" lon="138.7495146"><ele>2721.9866666666667</ele><time>2024-08-11T02:48:32Z</time></trkpt><trkpt lat="35.3755918" lon="138.7497093"><ele>2717.1299999999997</ele><time>2024-08-11T02:48:47Z</time></trkpt><trkpt lat="35.3757506" lon="138.7498173"><ele>2712.2400000000002</ele><time>2024-08-11T02:49:33Z</time></trkpt><trkpt lat="35.375935" lon="138.7498373"><ele>2706.4866666666667</ele><time>2024-08-11T02:49:50Z</time></trkpt><trkpt lat="35.3758977" lon="138.7500624"><ele>2699.6666666666665</ele><time>2024-08-11T02:50:35Z</time></trkpt><trkpt lat="35.37581" lon="138.750269"><ele>2694.27</ele><time>2024-08-11T02:50:56Z</time></trkpt><trkpt lat="35.3759951" lon="138.7502747"><ele>2688.28</ele><time>2024-08-11T02:51:16Z</time></trkpt><trkpt lat="35.3762112" lon="138.7502708"><ele>2683.4</ele><time>2024-08-11T02:51:37Z</time></trkpt><trkpt lat="35.3761339" lon="138.7504845"><ele>2675.9366666666665</ele><time>2024-08-11T02:52:13Z</time></trkpt><trkpt lat="35.3760051" lon="138.7506897"><ele>2669.193333333333</ele><time>2024-08-11T02:52:34Z</time></trkpt><trkpt lat="35.3761712" lon="138.7507893"><ele>2661.7900000000004</ele><time>2024-08-11T02:53:10Z</time></trkpt><trkpt lat="35.376361" lon="138.7507869"><ele>2656.5266666666666</ele><time>2024-08-11T02:53:31Z</time></trkpt><trkpt lat="35.3765572" lon="138.7508122"><ele>2649.476666666667</ele><time>2024-08-11T02:53:55Z</time></trkpt><trkpt lat="35.3764055" lon="138.7509408"><ele>2644.68</ele><time>2024-08-11T02:54:33Z</time></trkpt><trkpt lat="35.3762961" lon="138.7511408"><ele>2640.193333333333</ele><time>2024-08-11T02:55:01Z</time></trkpt><trkpt lat="35.3761883" lon="138.751325"><ele>2635.9666666666667</ele><time>2024-08-11T02:55:22Z</time></trkpt><trkpt lat="35.3763682" lon="138.7513864"><ele>2630.603333333334</ele><time>2024-08-11T02:55:52Z</time></trkpt><trkpt lat="35.3765776" lon="138.75138"><ele>2624.646666666667</ele><time>2024-08-11T02:56:13Z</time></trkpt><trkpt lat="35.3765796" lon="138.7516145"><ele>2617.56</ele><time>2024-08-11T02:56:55Z</time></trkpt><trkpt lat="35.3764763" lon="138.7518205"><ele>2609.793333333333</ele><time>2024-08-11T02:57:13Z</time></trkpt><trkpt lat="35.376399" lon="138.7520324"><ele>2600.7099999999996</ele><time>2024-08-11T02:57:28Z</time></trkpt><trkpt lat="35.376606" lon="138.7519762"><ele>2594.6633333333334</ele><time>2024-08-11T02:57:46Z</time></trkpt><trkpt lat="35.3768017" lon="138.7519869"><ele>2589.5400000000004</ele><time>2024-08-11T02:58:03Z</time></trkpt><trkpt lat="35.3769846" lon="138.7520337"><ele>2584.436666666667</ele><time>2024-08-11T02:58:24Z</time></trkpt><trkpt lat="35.377162" lon="138.7519873"><ele>2579.6433333333334</ele><time>2024-08-11T02:58:41Z</time></trkpt><trkpt lat="35.377351" lon="138.7520052"><ele>2572.69</ele><time>2024-08-11T02:58:55Z</time></trkpt><trkpt lat="35.3775526" lon="138.7519585"><ele>2567.773333333333</ele><time>2024-08-11T02:59:16Z</time></trkpt><trkpt lat="35.3777379" lon="138.7518454"><ele>2560.85</ele><time>2024-08-11T02:59:35Z</time></trkpt><trkpt lat="35.3778657" lon="138.751662"><ele>2555.2233333333334</ele><time>2024-08-11T02:59:53Z</time></trkpt><trkpt lat="35.3779683" lon="138.7514616"><ele>2551.8266666666664</ele><time>2024-08-11T03:00:32Z</time></trkpt><trkpt lat="35.3781874" lon="138.7514164"><ele>2546.896666666667</ele><time>2024-08-11T03:00:52Z</time></trkpt><trkpt lat="35.3783151" lon="138.7512392"><ele>2542.81</ele><time>2024-08-11T03:01:07Z</time></trkpt><trkpt lat="35.3784496" lon="138.751086"><ele>2536.5200000000004</ele><time>2024-08-11T03:01:28Z</time></trkpt><trkpt lat="35.3785807" lon="138.7509149"><ele>2533.34</ele><time>2024-08-11T03:01:47Z</time></trkpt><trkpt lat="35.3787376" lon="138.7507758"><ele>2529.99</ele><time>2024-08-11T03:02:02Z</time></trkpt><trkpt lat="35.3789004" lon="138.7506173"><ele>2526.536666666667</ele><time>2024-08-11T03:02:20Z</time></trkpt><trkpt lat="35.3790484" lon="138.7504508"><ele>2522.133333333333</ele><time>2024-08-11T03:02:35Z</time></trkpt><trkpt lat="35.3791297" lon="138.7502479"><ele>2519.2533333333336</ele><time>2024-08-11T03:02:49Z</time></trkpt><trkpt lat="35.37923" lon="138.7500073"><ele>2518.77</ele><time>2024-08-11T03:03:02Z</time></trkpt><trkpt lat="35.379306" lon="138.7498014"><ele>2520.806666666667</ele><time>2024-08-11T03:03:13Z</time></trkpt><trkpt lat="35.379398" lon="138.7500419"><ele>2517.8933333333334</ele><time>2024-08-11T03:03:19Z</time></trkpt><trkpt lat="35.3793826" lon="138.7502912"><ele>2512.6633333333334</ele><time>2024-08-11T03:05:58Z</time></trkpt><trkpt lat="35.3795712" lon="138.7502551"><ele>2505.0066666666667</ele><time>2024-08-11T03:06:22Z</time></trkpt><trkpt lat="35.379742" lon="138.7501843"><ele>2499.9133333333334</ele><time>2024-08-11T03:06:43Z</time></trkpt><trkpt lat="35.3799255" lon="138.750177"><ele>2492.2166666666667</ele><time>2024-08-11T03:07:09Z</time></trkpt><trkpt lat="35.3801078" lon="138.7501115"><ele>2483.7400000000002</ele><time>2024-08-11T03:07:33Z</time></trkpt><trkpt lat="35.3802998" lon="138.7500725"><ele>2474.933333333333</ele><time>2024-08-11T03:08:12Z</time></trkpt><trkpt lat="35.3804694" lon="138.7499631"><ele>2467.4433333333336</ele><time>2024-08-11T03:08:30Z</time></trkpt><trkpt lat="35.3806158" lon="138.7498022"><ele>2462.266666666667</ele><time>2024-08-11T03:08:49Z</time></trkpt><trkpt lat="35.3808098" lon="138.7497047"><ele>2458.6133333333332</ele><time>2024-08-11T03:14:30Z</time></trkpt><trkpt lat="35.3809616" lon="138.7495822"><ele>2458.1</ele><time>2024-08-11T03:14:48Z</time></trkpt><trkpt lat="35.3810993" lon="138.7494382"><ele>2457.7133333333336</ele><time>2024-08-11T03:15:18Z</time></trkpt><trkpt lat="35.3812786" lon="138.7492971"><ele>2458.2400000000002</ele><time>2024-08-11T03:15:35Z</time></trkpt><trkpt lat="35.3812244" lon="138.749522"><ele>2455.9333333333334</ele><time>2024-08-11T03:15:54Z</time></trkpt><trkpt lat="35.3813937" lon="138.7494324"><ele>2453.5533333333337</ele><time>2024-08-11T03:16:09Z</time></trkpt><trkpt lat="35.3815668" lon="138.749328"><ele>2450.263333333334</ele><time>2024-08-11T03:16:24Z</time></trkpt><trkpt lat="35.3817264" lon="138.7491586"><ele>2448.436666666667</ele><time>2024-08-11T03:16:42Z</time></trkpt><trkpt lat="35.381899" lon="138.7490364"><ele>2447.0066666666667</ele><time>2024-08-11T03:16:57Z</time></trkpt><trkpt lat="35.382092" lon="138.7489982"><ele>2446.5766666666673</ele><time>2024-08-11T03:17:12Z</time></trkpt><trkpt lat="35.3822699" lon="138.7489222"><ele>2445.4900000000002</ele><time>2024-08-11T03:17:27Z</time></trkpt><trkpt lat="35.3824703" lon="138.7488069"><ele>2445.516666666667</ele><time>2024-08-11T03:17:45Z</time></trkpt><trkpt lat="35.3826311" lon="138.7486691"><ele>2443.9466666666667</ele><time>2024-08-11T03:18:00Z</time></trkpt><trkpt lat="35.3827901" lon="138.7484897"><ele>2443.346666666667</ele><time>2024-08-11T03:18:15Z</time></trkpt><trkpt lat="35.3829424" lon="138.7483314"><ele>2442.103333333334</ele><time>2024-08-11T03:18:33Z</time></trkpt><trkpt lat="35.3830638" lon="138.7481471"><ele>2442.59</ele><time>2024-08-11T03:18:48Z</time></trkpt><trkpt lat="35.3831889" lon="138.7479638"><ele>2444.5533333333333</ele><time>2024-08-11T03:19:03Z</time></trkpt><trkpt lat="35.3833633" lon="138.7478436"><ele>2445.65</ele><time>2024-08-11T03:19:18Z</time></trkpt><trkpt lat="35.383544" lon="138.7477024"><ele>2446.48</ele><time>2024-08-11T03:19:36Z</time></trkpt><trkpt lat="35.3837183" lon="138.7475779"><ele>2446.0499999999997</ele><time>2024-08-11T03:19:50Z</time></trkpt><trkpt lat="35.3839055" lon="138.7474951"><ele>2445.403333333333</ele><time>2024-08-11T03:20:06Z</time></trkpt><trkpt lat="35.3840844" lon="138.7473975"><ele>2443.796666666667</ele><time>2024-08-11T03:20:21Z</time></trkpt><trkpt lat="35.3842602" lon="138.747275"><ele>2442.22</ele><time>2024-08-11T03:20:36Z</time></trkpt><trkpt lat="35.3844368" lon="138.7471374"><ele>2439.5533333333337</ele><time>2024-08-11T03:20:57Z</time></trkpt><trkpt lat="35.3845358" lon="138.7469266"><ele>2438.07</ele><time>2024-08-11T03:21:14Z</time></trkpt><trkpt lat="35.3845869" lon="138.7471467"><ele>2433.89</ele><time>2024-08-11T03:21:57Z</time></trkpt><trkpt lat="35.3847368" lon="138.7470063"><ele>2429.133333333333</ele><time>2024-08-11T03:22:12Z</time></trkpt><trkpt lat="35.3849238" lon="138.7470556"><ele>2418.5333333333333</ele><time>2024-08-11T03:22:38Z</time></trkpt><trkpt lat="35.3849736" lon="138.7472721"><ele>2410.3733333333334</ele><time>2024-08-11T03:22:57Z</time></trkpt><trkpt lat="35.3850833" lon="138.7474744"><ele>2402.686666666667</ele><time>2024-08-11T03:23:18Z</time></trkpt><trkpt lat="35.3852459" lon="138.7476157"><ele>2399.03</ele><time>2024-08-11T03:23:39Z</time></trkpt><trkpt lat="35.3853208" lon="138.7473806"><ele>2394.48</ele><time>2024-08-11T03:24:39Z</time></trkpt><trkpt lat="35.385388" lon="138.7471387"><ele>2391.7966666666666</ele><time>2024-08-11T03:24:57Z</time></trkpt><trkpt lat="35.3855183" lon="138.7469267"><ele>2390.2166666666667</ele><time>2024-08-11T03:25:15Z</time></trkpt><trkpt lat="35.3856458" lon="138.7466901"><ele>2387.3766666666666</ele><time>2024-08-11T03:25:33Z</time></trkpt><trkpt lat="35.3857073" lon="138.7464579"><ele>2383.023333333333</ele><time>2024-08-11T03:25:54Z</time></trkpt><trkpt lat="35.3857438" lon="138.7462362"><ele>2377.89</ele><time>2024-08-11T03:26:12Z</time></trkpt><trkpt lat="35.3858377" lon="138.7460305"><ele>2373.2233333333334</ele><time>2024-08-11T03:26:27Z</time></trkpt><trkpt lat="35.3858254" lon="138.7458055"><ele>2372.933333333333</ele><time>2024-08-11T03:26:42Z</time></trkpt><trkpt lat="35.3859911" lon="138.7456759"><ele>2369.97</ele><time>2024-08-11T03:27:06Z</time></trkpt><trkpt lat="35.3860458" lon="138.7454386"><ele>2366.443333333333</ele><time>2024-08-11T03:27:33Z</time></trkpt><trkpt lat="35.3861067" lon="138.74523"><ele>2359.6800000000003</ele><time>2024-08-11T03:27:57Z</time></trkpt><trkpt lat="35.386096" lon="138.7450097"><ele>2357.1433333333334</ele><time>2024-08-11T03:28:12Z</time></trkpt><trkpt lat="35.3862363" lon="138.7448584"><ele>2357.226666666667</ele><time>2024-08-11T03:28:30Z</time></trkpt><trkpt lat="35.3863994" lon="138.7447227"><ele>2355.543333333333</ele><time>2024-08-11T03:28:45Z</time></trkpt><trkpt lat="35.3865666" lon="138.7445669"><ele>2352.3766666666666</ele><time>2024-08-11T03:29:03Z</time></trkpt><trkpt lat="35.3867052" lon="138.7443692"><ele>2347.8766666666666</ele><time>2024-08-11T03:29:21Z</time></trkpt><trkpt lat="35.3868503" lon="138.7442041"><ele>2343.933333333333</ele><time>2024-08-11T03:29:36Z</time></trkpt><trkpt lat="35.3870046" lon="138.7440324"><ele>2341.0766666666664</ele><time>2024-08-11T03:29:54Z</time></trkpt><trkpt lat="35.3871758" lon="138.7439277"><ele>2338.27</ele><time>2024-08-11T03:30:09Z</time></trkpt><trkpt lat="35.38734" lon="138.7437959"><ele>2335.98</ele><time>2024-08-11T03:30:24Z</time></trkpt><trkpt lat="35.3875165" lon="138.7437176"><ele>2331.7533333333336</ele><time>2024-08-11T03:30:42Z</time></trkpt><trkpt lat="35.3876504" lon="138.7435687"><ele>2328.9133333333334</ele><time>2024-08-11T03:30:57Z</time></trkpt><trkpt lat="35.3878238" lon="138.7433924"><ele>2325.016666666667</ele><time>2024-08-11T03:31:21Z</time></trkpt><trkpt lat="35.3879974" lon="138.743273"><ele>2321.266666666667</ele><time>2024-08-11T03:31:38Z</time></trkpt><trkpt lat="35.3881751" lon="138.7431858"><ele>2315.056666666667</ele><time>2024-08-11T03:31:59Z</time></trkpt><trkpt lat="35.3883256" lon="138.743037"><ele>2310.9733333333334</ele><time>2024-08-11T03:32:15Z</time></trkpt><trkpt lat="35.3884717" lon="138.7428686"><ele>2307.7000000000003</ele><time>2024-08-11T03:32:30Z</time></trkpt><trkpt lat="35.3886229" lon="138.7426855"><ele>2305.0333333333333</ele><time>2024-08-11T03:32:48Z</time></trkpt><trkpt lat="35.3887909" lon="138.7425271"><ele>2301.6766666666667</ele><time>2024-08-11T03:33:03Z</time></trkpt><trkpt lat="35.3889842" lon="138.742456"><ele>2298.5466666666666</ele><time>2024-08-11T03:33:18Z</time></trkpt><trkpt lat="35.3891569" lon="138.7423438"><ele>2296.6966666666667</ele><time>2024-08-11T03:33:33Z</time></trkpt><trkpt lat="35.3893801" lon="138.7422583"><ele>2294.49</ele><time>2024-08-11T03:33:54Z</time></trkpt><trkpt lat="35.3895615" lon="138.7422674"><ele>2291.3633333333332</ele><time>2024-08-11T03:34:06Z</time></trkpt><trkpt lat="35.3897444" lon="138.7422242"><ele>2287.813333333333</ele><time>2024-08-11T03:34:24Z</time></trkpt><trkpt lat="35.3899136" lon="138.7420772"><ele>2282.28</ele><time>2024-08-11T03:34:42Z</time></trkpt><trkpt lat="35.3900662" lon="138.7419572"><ele>2276.7400000000002</ele><time>2024-08-11T03:34:56Z</time></trkpt><trkpt lat="35.3902255" lon="138.7417456"><ele>2272.9833333333336</ele><time>2024-08-11T03:35:11Z</time></trkpt><trkpt lat="35.3903543" lon="138.7415673"><ele>2272.8566666666666</ele><time>2024-08-11T03:35:26Z</time></trkpt><trkpt lat="35.3904015" lon="138.7413318"><ele>2274.2733333333335</ele><time>2024-08-11T03:35:45Z</time></trkpt><trkpt lat="35.3904653" lon="138.7411118"><ele>2275.1266666666666</ele><time>2024-08-11T03:36:03Z</time></trkpt><trkpt lat="35.3904545" lon="138.7408824"><ele>2277.633333333333</ele><time>2024-08-11T03:36:27Z</time></trkpt><trkpt lat="35.3903909" lon="138.7406471"><ele>2281.513333333334</ele><time>2024-08-11T03:37:17Z</time></trkpt><trkpt lat="35.3903919" lon="138.7404204"><ele>2285.1366666666668</ele><time>2024-08-11T03:37:44Z</time></trkpt><trkpt lat="35.390479" lon="138.7402166"><ele>2286.72</ele><time>2024-08-11T03:38:05Z</time></trkpt><trkpt lat="35.390547" lon="138.7400112"><ele>2287.013333333333</ele><time>2024-08-11T03:38:26Z</time></trkpt><trkpt lat="35.3906017" lon="138.7397681"><ele>2288.853333333333</ele><time>2024-08-11T03:38:49Z</time></trkpt><trkpt lat="35.3906721" lon="138.7395324"><ele>2291.03</ele><time>2024-08-11T03:39:11Z</time></trkpt><trkpt lat="35.3907332" lon="138.7393173"><ele>2293.0533333333337</ele><time>2024-08-11T03:39:31Z</time></trkpt><trkpt lat="35.39079" lon="138.7391072"><ele>2294.436666666667</ele><time>2024-08-11T03:39:50Z</time></trkpt><trkpt lat="35.3908766" lon="138.7388835"><ele>2294.726666666667</ele><time>2024-08-11T03:40:11Z</time></trkpt><trkpt lat="35.390957" lon="138.7386612"><ele>2296.0499999999997</ele><time>2024-08-11T03:40:32Z</time></trkpt><trkpt lat="35.3910219" lon="138.7384521"><ele>2298.036666666667</ele><time>2024-08-11T03:40:50Z</time></trkpt><trkpt lat="35.3910839" lon="138.7382208"><ele>2301.4733333333334</ele><time>2024-08-11T03:41:11Z</time></trkpt><trkpt lat="35.3911642" lon="138.7380228"><ele>2304.22</ele><time>2024-08-11T03:41:29Z</time></trkpt><trkpt lat="35.3912372" lon="138.7378115"><ele>2305.4066666666663</ele><time>2024-08-11T03:41:47Z</time></trkpt><trkpt lat="35.3913054" lon="138.7375827"><ele>2305.58</ele><time>2024-08-11T03:42:05Z</time></trkpt><trkpt lat="35.391362" lon="138.7373461"><ele>2305.8199999999997</ele><time>2024-08-11T03:42:23Z</time></trkpt><trkpt lat="35.3914324" lon="138.7371305"><ele>2306.2466666666664</ele><time>2024-08-11T03:42:41Z</time></trkpt><trkpt lat="35.3915186" lon="138.7368798"><ele>2306.8933333333334</ele><time>2024-08-11T03:42:59Z</time></trkpt><trkpt lat="35.3915826" lon="138.736635"><ele>2307.186666666667</ele><time>2024-08-11T03:43:17Z</time></trkpt><trkpt lat="35.3916275" lon="138.7364152"><ele>2307.78</ele><time>2024-08-11T03:43:32Z</time></trkpt><trkpt lat="35.39174" lon="138.7362165"><ele>2307.53</ele><time>2024-08-11T03:43:47Z</time></trkpt><trkpt lat="35.3918402" lon="138.7360184"><ele>2307.8366666666666</ele><time>2024-08-11T03:44:02Z</time></trkpt><trkpt lat="35.3919591" lon="138.7358185"><ele>2306.706666666667</ele><time>2024-08-11T03:44:17Z</time></trkpt><trkpt lat="35.3920636" lon="138.735632"><ele>2306.1233333333334</ele><time>2024-08-11T03:44:32Z</time></trkpt><trkpt lat="35.3922054" lon="138.7354339"><ele>2305.566666666667</ele><time>2024-08-11T03:44:50Z</time></trkpt><trkpt lat="35.3923179" lon="138.735261"><ele>2305.693333333333</ele><time>2024-08-11T03:45:05Z</time></trkpt><trkpt lat="35.392409" lon="138.7350481"><ele>2305.27</ele><time>2024-08-11T03:45:20Z</time></trkpt><trkpt lat="35.3924466" lon="138.7348011"><ele>2305.096666666667</ele><time>2024-08-11T03:45:38Z</time></trkpt><trkpt lat="35.3925524" lon="138.734601"><ele>2304.63</ele><time>2024-08-11T03:45:53Z</time></trkpt><trkpt lat="35.3926765" lon="138.734426"><ele>2305.516666666667</ele><time>2024-08-11T03:46:11Z</time></trkpt><trkpt lat="35.392866" lon="138.7343294"><ele>2304.9733333333334</ele><time>2024-08-11T03:46:29Z</time></trkpt><trkpt lat="35.3930301" lon="138.7341697"><ele>2304.9933333333333</ele><time>2024-08-11T03:46:50Z</time></trkpt><trkpt lat="35.3931783" lon="138.7339876"><ele>2304.0099999999998</ele><time>2024-08-11T03:47:05Z</time></trkpt><trkpt lat="35.3933587" lon="138.733852"><ele>2304.2666666666664</ele><time>2024-08-11T03:47:23Z</time></trkpt><trkpt lat="35.3935242" lon="138.7337172"><ele>2305.046666666667</ele><time>2024-08-11T03:47:47Z</time></trkpt></trkseg></trk></gpx>