<?xml version='1.0' encoding='UTF-8'?><gpx creator="YAMAP - https://yamap.com" xsi:schemaLocation="http://www.topografix.com/GPX/1/1 http://www.topografix.com/GPX/1/1/gpx.xsd" version="1.1" xmlns="http://www.topografix.com/GPX/1/1" xmlns:xsi="http://www.w3.org/2001/XMLSchema-instance"><metadata><bounds maxlat="36.0056877" maxlon="139.2883128" minlat="35.925631" minlon="139.1937547"/></metadata><trk><name>柏木尾根から飯盛峠、ブナ峠、弓立山</name><number>1</number><trkseg><trkpt lat="35.9266313" lon="139.2020009"><ele>237.88</ele><time>2024-12-13T23:28:03Z</time></trkpt><trkpt lat="35.9265032" lon="139.2017926"><ele>234.87</ele><time>2024-12-13T23:28:54Z</time></trkpt><trkpt lat="35.9263282" lon="139.2017071"><ele>233.26999999999998</ele><time>2024-12-13T23:29:11Z</time></trkpt><trkpt lat="35.9261351" lon="139.2016998"><ele>231.09</ele><time>2024-12-13T23:29:28Z</time></trkpt><trkpt lat="35.9259459" lon="139.2016868"><ele>231.52666666666664</ele><time>2024-12-13T23:29:42Z</time></trkpt><trkpt lat="35.9257649" lon="139.2016337"><ele>231.32666666666668</ele><time>2024-12-13T23:29:54Z</time></trkpt><trkpt lat="35.925631" lon="139.201469"><ele>228.92333333333332</ele><time>2024-12-13T23:30:06Z</time></trkpt><trkpt lat="35.9258096" lon="139.2013441"><ele>225.91666666666666</ele><time>2024-12-13T23:30:23Z</time></trkpt><trkpt lat="35.9260025" lon="139.2013948"><ele>225.50333333333333</ele><time>2024-12-13T23:30:34Z</time></trkpt><trkpt lat="35.9262254" lon="139.201435"><ele>227.18999999999997</ele><time>2024-12-13T23:30:49Z</time></trkpt><trkpt lat="35.9264275" lon="139.2014462"><ele>229.65666666666667</ele><time>2024-12-13T23:31:06Z</time></trkpt><trkpt lat="35.9266363" lon="139.2015201"><ele>230.39666666666668</ele><time>2024-12-13T23:31:18Z</time></trkpt><trkpt lat="35.9268166" lon="139.2015786"><ele>231.29</ele><time>2024-12-13T23:31:32Z</time></trkpt><trkpt lat="35.9270061" lon="139.2016018"><ele>230.89333333333335</ele><time>2024-12-13T23:31:47Z</time></trkpt><trkpt lat="35.9271774" lon="139.2016819"><ele>230.52333333333334</ele><time>2024-12-13T23:32:02Z</time></trkpt><trkpt lat="35.9273887" lon="139.201734"><ele>230.13666666666668</ele><time>2024-12-13T23:32:14Z</time></trkpt><trkpt lat="35.9275799" lon="139.2017283"><ele>230.80333333333337</ele><time>2024-12-13T23:32:28Z</time></trkpt><trkpt lat="35.927783" lon="139.2017743"><ele>231.5666666666667</ele><time>2024-12-13T23:32:43Z</time></trkpt><trkpt lat="35.9279661" lon="139.2018063"><ele>232.09</ele><time>2024-12-13T23:32:55Z</time></trkpt><trkpt lat="35.92815" lon="139.2018691"><ele>231.61333333333332</ele><time>2024-12-13T23:33:11Z</time></trkpt><trkpt lat="35.9283452" lon="139.2018595"><ele>231.63666666666668</ele><time>2024-12-13T23:33:23Z</time></trkpt><trkpt lat="35.9285228" lon="139.2019057"><ele>231.49</ele><time>2024-12-13T23:33:41Z</time></trkpt><trkpt lat="35.9287083" lon="139.2019231"><ele>231.79666666666665</ele><time>2024-12-13T23:33:54Z</time></trkpt><trkpt lat="35.9289052" lon="139.2018882"><ele>231.96666666666667</ele><time>2024-12-13T23:34:06Z</time></trkpt><trkpt lat="35.9291097" lon="139.2019013"><ele>232.32000000000002</ele><time>2024-12-13T23:34:24Z</time></trkpt><trkpt lat="35.929321" lon="139.2019051"><ele>233.49333333333334</ele><time>2024-12-13T23:34:40Z</time></trkpt><trkpt lat="35.9295192" lon="139.2019319"><ele>235.09</ele><time>2024-12-13T23:34:58Z</time></trkpt><trkpt lat="35.9297033" lon="139.2019754"><ele>237.64333333333335</ele><time>2024-12-13T23:35:13Z</time></trkpt><trkpt lat="35.9299062" lon="139.2020668"><ele>239.83333333333334</ele><time>2024-12-13T23:35:28Z</time></trkpt><trkpt lat="35.9300926" lon="139.202137"><ele>241.26</ele><time>2024-12-13T23:35:43Z</time></trkpt><trkpt lat="35.9302711" lon="139.2021941"><ele>241.36333333333334</ele><time>2024-12-13T23:35:58Z</time></trkpt><trkpt lat="35.9304315" lon="139.2023229"><ele>242.33</ele><time>2024-12-13T23:36:13Z</time></trkpt><trkpt lat="35.930496" lon="139.2025493"><ele>243.77333333333334</ele><time>2024-12-13T23:36:28Z</time></trkpt><trkpt lat="35.9305044" lon="139.202772"><ele>245.25</ele><time>2024-12-13T23:36:43Z</time></trkpt><trkpt lat="35.9305082" lon="139.2030056"><ele>245.53666666666666</ele><time>2024-12-13T23:36:55Z</time></trkpt><trkpt lat="35.9305503" lon="139.2032705"><ele>245.29999999999998</ele><time>2024-12-13T23:37:13Z</time></trkpt><trkpt lat="35.930734" lon="139.2033344"><ele>244.59666666666666</ele><time>2024-12-13T23:37:31Z</time></trkpt><trkpt lat="35.9309164" lon="139.2032796"><ele>244.65666666666667</ele><time>2024-12-13T23:37:46Z</time></trkpt><trkpt lat="35.9311151" lon="139.2032546"><ele>244.34</ele><time>2024-12-13T23:38:01Z</time></trkpt><trkpt lat="35.9313131" lon="139.2031938"><ele>244.82000000000002</ele><time>2024-12-13T23:38:16Z</time></trkpt><trkpt lat="35.9315006" lon="139.2030694"><ele>244.54333333333338</ele><time>2024-12-13T23:38:31Z</time></trkpt><trkpt lat="35.9316866" lon="139.202975"><ele>244.85333333333332</ele><time>2024-12-13T23:38:46Z</time></trkpt><trkpt lat="35.9318607" lon="139.2028356"><ele>245.66333333333333</ele><time>2024-12-13T23:39:01Z</time></trkpt><trkpt lat="35.9320137" lon="139.2027148"><ele>245.92333333333332</ele><time>2024-12-13T23:39:13Z</time></trkpt><trkpt lat="35.9321738" lon="139.2025835"><ele>246.57000000000002</ele><time>2024-12-13T23:39:31Z</time></trkpt><trkpt lat="35.9323422" lon="139.2024608"><ele>246.37</ele><time>2024-12-13T23:39:46Z</time></trkpt><trkpt lat="35.9325235" lon="139.2023637"><ele>246.17999999999998</ele><time>2024-12-13T23:39:58Z</time></trkpt><trkpt lat="35.9326952" lon="139.2022747"><ele>245.64666666666668</ele><time>2024-12-13T23:40:13Z</time></trkpt><trkpt lat="35.9329069" lon="139.2022365"><ele>245.02333333333334</ele><time>2024-12-13T23:40:28Z</time></trkpt><trkpt lat="35.9331163" lon="139.2021731"><ele>244.83</ele><time>2024-12-13T23:40:49Z</time></trkpt><trkpt lat="35.9333227" lon="139.2020881"><ele>244.71</ele><time>2024-12-13T23:41:07Z</time></trkpt><trkpt lat="35.9335097" lon="139.2019501"><ele>244.84666666666666</ele><time>2024-12-13T23:41:28Z</time></trkpt><trkpt lat="35.9336716" lon="139.2017662"><ele>245.05333333333337</ele><time>2024-12-13T23:41:43Z</time></trkpt><trkpt lat="35.9338025" lon="139.2015813"><ele>245.9766666666667</ele><time>2024-12-13T23:41:58Z</time></trkpt><trkpt lat="35.9339193" lon="139.2014098"><ele>247.26999999999998</ele><time>2024-12-13T23:42:10Z</time></trkpt><trkpt lat="35.9339129" lon="139.2011773"><ele>248.35666666666665</ele><time>2024-12-13T23:42:21Z</time></trkpt><trkpt lat="35.9339253" lon="139.200947"><ele>248.54999999999998</ele><time>2024-12-13T23:42:36Z</time></trkpt><trkpt lat="35.9339782" lon="139.2007284"><ele>248.48333333333335</ele><time>2024-12-13T23:42:48Z</time></trkpt><trkpt lat="35.9340576" lon="139.2004509"><ele>248.45000000000002</ele><time>2024-12-13T23:43:25Z</time></trkpt><trkpt lat="35.9341684" lon="139.2002409"><ele>248.71</ele><time>2024-12-13T23:43:39Z</time></trkpt><trkpt lat="35.9342897" lon="139.2000695"><ele>248.6866666666667</ele><time>2024-12-13T23:43:51Z</time></trkpt><trkpt lat="35.9344429" lon="139.19994"><ele>248.78333333333333</ele><time>2024-12-13T23:44:06Z</time></trkpt><trkpt lat="35.9345998" lon="139.1998152"><ele>249.1833333333333</ele><time>2024-12-13T23:44:18Z</time></trkpt><trkpt lat="35.9347361" lon="139.199634"><ele>249.8166666666667</ele><time>2024-12-13T23:44:30Z</time></trkpt><trkpt lat="35.9348676" lon="139.1994365"><ele>250.52666666666667</ele><time>2024-12-13T23:44:44Z</time></trkpt><trkpt lat="35.9349837" lon="139.1992455"><ele>250.8033333333333</ele><time>2024-12-13T23:44:59Z</time></trkpt><trkpt lat="35.9351049" lon="139.1990735"><ele>251.28666666666666</ele><time>2024-12-13T23:45:11Z</time></trkpt><trkpt lat="35.9352368" lon="139.1988751"><ele>251.91666666666666</ele><time>2024-12-13T23:45:25Z</time></trkpt><trkpt lat="35.935347" lon="139.1986887"><ele>252.5</ele><time>2024-12-13T23:45:40Z</time></trkpt><trkpt lat="35.9354778" lon="139.1985345"><ele>253.0</ele><time>2024-12-13T23:45:52Z</time></trkpt><trkpt lat="35.9356147" lon="139.1983169"><ele>253.40333333333334</ele><time>2024-12-13T23:46:07Z</time></trkpt><trkpt lat="35.9357701" lon="139.1981126"><ele>254.40333333333334</ele><time>2024-12-13T23:46:22Z</time></trkpt><trkpt lat="35.9358877" lon="139.1979331"><ele>255.4</ele><time>2024-12-13T23:46:46Z</time></trkpt><trkpt lat="35.9360065" lon="139.1977429"><ele>256.82</ele><time>2024-12-13T23:46:58Z</time></trkpt><trkpt lat="35.9361264" lon="139.1975336"><ele>257.9766666666667</ele><time>2024-12-13T23:47:13Z</time></trkpt><trkpt lat="35.9361007" lon="139.1972872"><ele>258.18</ele><time>2024-12-13T23:47:25Z</time></trkpt><trkpt lat="35.9361046" lon="139.1970545"><ele>257.8733333333333</ele><time>2024-12-13T23:47:40Z</time></trkpt><trkpt lat="35.936032" lon="139.1968134"><ele>257.08666666666664</ele><time>2024-12-13T23:47:55Z</time></trkpt><trkpt lat="35.9359798" lon="139.196594"><ele>257.25666666666666</ele><time>2024-12-13T23:48:07Z</time></trkpt><trkpt lat="35.9359039" lon="139.1963804"><ele>257.3733333333334</ele><time>2024-12-13T23:48:19Z</time></trkpt><trkpt lat="35.9358069" lon="139.196169"><ele>257.73</ele><time>2024-12-13T23:48:31Z</time></trkpt><trkpt lat="35.9357423" lon="139.1959193"><ele>257.87333333333333</ele><time>2024-12-13T23:48:45Z</time></trkpt><trkpt lat="35.9356853" lon="139.1956884"><ele>258.06333333333333</ele><time>2024-12-13T23:49:00Z</time></trkpt><trkpt lat="35.9357022" lon="139.1954365"><ele>258.45666666666665</ele><time>2024-12-13T23:49:15Z</time></trkpt><trkpt lat="35.9356739" lon="139.1951983"><ele>259.02</ele><time>2024-12-13T23:49:29Z</time></trkpt><trkpt lat="35.9356799" lon="139.1949253"><ele>259.9733333333333</ele><time>2024-12-13T23:49:44Z</time></trkpt><trkpt lat="35.9357614" lon="139.1946982"><ele>260.63</ele><time>2024-12-13T23:49:58Z</time></trkpt><trkpt lat="35.935904" lon="139.1945394"><ele>261.69666666666666</ele><time>2024-12-13T23:50:13Z</time></trkpt><trkpt lat="35.9360881" lon="139.1944647"><ele>262.83</ele><time>2024-12-13T23:50:28Z</time></trkpt><trkpt lat="35.9362474" lon="139.1943419"><ele>263.84999999999997</ele><time>2024-12-13T23:50:46Z</time></trkpt><trkpt lat="35.9364418" lon="139.1942715"><ele>264.64000000000004</ele><time>2024-12-13T23:51:01Z</time></trkpt><trkpt lat="35.9366374" lon="139.1941975"><ele>265.08</ele><time>2024-12-13T23:51:16Z</time></trkpt><trkpt lat="35.936827" lon="139.1941001"><ele>265.69666666666666</ele><time>2024-12-13T23:51:31Z</time></trkpt><trkpt lat="35.9370087" lon="139.1940405"><ele>266.19666666666666</ele><time>2024-12-13T23:51:46Z</time></trkpt><trkpt lat="35.9371822" lon="139.1939605"><ele>266.65333333333336</ele><time>2024-12-13T23:51:58Z</time></trkpt><trkpt lat="35.9373959" lon="139.1938995"><ele>267.27000000000004</ele><time>2024-12-13T23:52:13Z</time></trkpt><trkpt lat="35.9375805" lon="139.1937823"><ele>267.71666666666664</ele><time>2024-12-13T23:52:28Z</time></trkpt><trkpt lat="35.9377689" lon="139.1937706"><ele>267.86</ele><time>2024-12-13T23:52:43Z</time></trkpt><trkpt lat="35.9379494" lon="139.1937547"><ele>267.86</ele><time>2024-12-13T23:52:58Z</time></trkpt><trkpt lat="35.9381501" lon="139.1937986"><ele>267.9766666666667</ele><time>2024-12-13T23:53:13Z</time></trkpt><trkpt lat="35.9383463" lon="139.1939454"><ele>268.52</ele><time>2024-12-13T23:53:28Z</time></trkpt><trkpt lat="35.9384973" lon="139.1941205"><ele>269.24666666666667</ele><time>2024-12-13T23:53:43Z</time></trkpt><trkpt lat="35.9386297" lon="139.1942774"><ele>270.05333333333334</ele><time>2024-12-13T23:53:55Z</time></trkpt><trkpt lat="35.9387778" lon="139.1944109"><ele>271.7566666666667</ele><time>2024-12-13T23:54:10Z</time></trkpt><trkpt lat="35.9389181" lon="139.1945504"><ele>273.3833333333334</ele><time>2024-12-13T23:54:25Z</time></trkpt><trkpt lat="35.9390433" lon="139.1947785"><ele>274.8333333333333</ele><time>2024-12-13T23:54:40Z</time></trkpt><trkpt lat="35.9392197" lon="139.1949242"><ele>275.2533333333334</ele><time>2024-12-13T23:54:58Z</time></trkpt><trkpt lat="35.9394388" lon="139.1949591"><ele>275.44</ele><time>2024-12-13T23:55:13Z</time></trkpt><trkpt lat="35.9396034" lon="139.1948405"><ele>275.59666666666664</ele><time>2024-12-13T23:55:25Z</time></trkpt><trkpt lat="35.9397811" lon="139.194676"><ele>275.3066666666667</ele><time>2024-12-13T23:55:40Z</time></trkpt><trkpt lat="35.9399337" lon="139.194543"><ele>274.69</ele><time>2024-12-13T23:55:52Z</time></trkpt><trkpt lat="35.9400907" lon="139.1943884"><ele>273.83666666666664</ele><time>2024-12-13T23:56:07Z</time></trkpt><trkpt lat="35.9402792" lon="139.194429"><ele>273.77666666666664</ele><time>2024-12-13T23:56:25Z</time></trkpt><trkpt lat="35.9404022" lon="139.1946448"><ele>274.4666666666667</ele><time>2024-12-13T23:56:52Z</time></trkpt><trkpt lat="35.9405738" lon="139.1947971"><ele>275.32</ele><time>2024-12-13T23:57:13Z</time></trkpt><trkpt lat="35.9407318" lon="139.1950021"><ele>276.06666666666666</ele><time>2024-12-13T23:57:28Z</time></trkpt><trkpt lat="35.9408739" lon="139.1951588"><ele>277.12333333333333</ele><time>2024-12-13T23:57:40Z</time></trkpt><trkpt lat="35.9410594" lon="139.1952653"><ele>277.91333333333336</ele><time>2024-12-13T23:57:55Z</time></trkpt><trkpt lat="35.9412472" lon="139.1954033"><ele>278.6666666666667</ele><time>2024-12-13T23:58:12Z</time></trkpt><trkpt lat="35.9414159" lon="139.195513"><ele>280.62</ele><time>2024-12-13T23:58:24Z</time></trkpt><trkpt lat="35.9416135" lon="139.1956405"><ele>282.3333333333333</ele><time>2024-12-13T23:58:39Z</time></trkpt><trkpt lat="35.9417539" lon="139.1958338"><ele>284.52000000000004</ele><time>2024-12-13T23:58:54Z</time></trkpt><trkpt lat="35.9418522" lon="139.1960477"><ele>285.34</ele><time>2024-12-13T23:59:09Z</time></trkpt><trkpt lat="35.9419956" lon="139.1962313"><ele>286.32666666666665</ele><time>2024-12-13T23:59:26Z</time></trkpt><trkpt lat="35.9421796" lon="139.1962763"><ele>287.8666666666667</ele><time>2024-12-13T23:59:41Z</time></trkpt><trkpt lat="35.9423729" lon="139.1963102"><ele>288.9866666666667</ele><time>2024-12-13T23:59:56Z</time></trkpt><trkpt lat="35.9425591" lon="139.196252"><ele>289.57666666666665</ele><time>2024-12-14T00:00:08Z</time></trkpt><trkpt lat="35.9427861" lon="139.1962204"><ele>288.89000000000004</ele><time>2024-12-14T00:00:34Z</time></trkpt><trkpt lat="35.9429951" lon="139.19625"><ele>289.06333333333333</ele><time>2024-12-14T00:00:52Z</time></trkpt><trkpt lat="35.9431441" lon="139.1964436"><ele>291.02666666666664</ele><time>2024-12-14T00:01:07Z</time></trkpt><trkpt lat="35.9431647" lon="139.196664"><ele>294.01</ele><time>2024-12-14T00:01:22Z</time></trkpt><trkpt lat="35.9432461" lon="139.1968949"><ele>297.18</ele><time>2024-12-14T00:01:37Z</time></trkpt><trkpt lat="35.9433547" lon="139.197081"><ele>300.11333333333334</ele><time>2024-12-14T00:01:49Z</time></trkpt><trkpt lat="35.9435345" lon="139.1971488"><ele>303.14000000000004</ele><time>2024-12-14T00:02:01Z</time></trkpt><trkpt lat="35.9437157" lon="139.1971578"><ele>304.90333333333336</ele><time>2024-12-14T00:02:13Z</time></trkpt><trkpt lat="35.9439013" lon="139.1971115"><ele>305.68</ele><time>2024-12-14T00:02:25Z</time></trkpt><trkpt lat="35.9440905" lon="139.1971253"><ele>305.7966666666666</ele><time>2024-12-14T00:02:37Z</time></trkpt><trkpt lat="35.9442695" lon="139.1971737"><ele>305.52</ele><time>2024-12-14T00:03:01Z</time></trkpt><trkpt lat="35.9444574" lon="139.1972509"><ele>305.78000000000003</ele><time>2024-12-14T00:03:13Z</time></trkpt><trkpt lat="35.9446247" lon="139.1973792"><ele>306.33</ele><time>2024-12-14T00:03:30Z</time></trkpt><trkpt lat="35.9447672" lon="139.1975152"><ele>307.2866666666667</ele><time>2024-12-14T00:03:45Z</time></trkpt><trkpt lat="35.9449552" lon="139.1976834"><ele>307.5266666666667</ele><time>2024-12-14T00:03:59Z</time></trkpt><trkpt lat="35.9450411" lon="139.1979263"><ele>308.86333333333334</ele><time>2024-12-14T00:04:14Z</time></trkpt><trkpt lat="35.9451775" lon="139.1980959"><ele>310.49333333333334</ele><time>2024-12-14T00:04:26Z</time></trkpt><trkpt lat="35.9453515" lon="139.1981756"><ele>311.84666666666664</ele><time>2024-12-14T00:04:40Z</time></trkpt><trkpt lat="35.9455307" lon="139.1981996"><ele>309.53666666666663</ele><time>2024-12-14T00:04:52Z</time></trkpt><trkpt lat="35.9457324" lon="139.198172"><ele>306.93333333333334</ele><time>2024-12-14T00:05:09Z</time></trkpt><trkpt lat="35.945928" lon="139.1980988"><ele>305.8666666666666</ele><time>2024-12-14T00:05:21Z</time></trkpt><trkpt lat="35.946105" lon="139.1979356"><ele>306.99</ele><time>2024-12-14T00:05:36Z</time></trkpt><trkpt lat="35.9462327" lon="139.1977579"><ele>308.34</ele><time>2024-12-14T00:05:51Z</time></trkpt><trkpt lat="35.9464008" lon="139.1975853"><ele>310.19</ele><time>2024-12-14T00:06:09Z</time></trkpt><trkpt lat="35.94653" lon="139.1974139"><ele>311.4666666666667</ele><time>2024-12-14T00:06:21Z</time></trkpt><trkpt lat="35.9466873" lon="139.1972262"><ele>313.26666666666665</ele><time>2024-12-14T00:06:36Z</time></trkpt><trkpt lat="35.9468603" lon="139.1971003"><ele>314.25666666666666</ele><time>2024-12-14T00:06:51Z</time></trkpt><trkpt lat="35.9470489" lon="139.1971182"><ele>316.99</ele><time>2024-12-14T00:07:36Z</time></trkpt><trkpt lat="35.9472107" lon="139.1969785"><ele>320.8566666666666</ele><time>2024-12-14T00:08:27Z</time></trkpt><trkpt lat="35.9473938" lon="139.1969679"><ele>328.44666666666666</ele><time>2024-12-14T00:08:50Z</time></trkpt><trkpt lat="35.9471943" lon="139.1969813"><ele>330.2266666666667</ele><time>2024-12-14T00:10:12Z</time></trkpt><trkpt lat="35.9473899" lon="139.1969641"><ele>334.41333333333336</ele><time>2024-12-14T00:11:04Z</time></trkpt><trkpt lat="35.947529" lon="139.196814"><ele>334.1566666666667</ele><time>2024-12-14T00:12:24Z</time></trkpt><trkpt lat="35.9477154" lon="139.1968869"><ele>342.2366666666667</ele><time>2024-12-14T00:12:58Z</time></trkpt><trkpt lat="35.9479037" lon="139.1969202"><ele>349.9533333333334</ele><time>2024-12-14T00:13:37Z</time></trkpt><trkpt lat="35.9480726" lon="139.1970121"><ele>361.69666666666666</ele><time>2024-12-14T00:14:19Z</time></trkpt><trkpt lat="35.9482001" lon="139.1971987"><ele>372.6266666666666</ele><time>2024-12-14T00:15:04Z</time></trkpt><trkpt lat="35.9482983" lon="139.1974053"><ele>383.70666666666665</ele><time>2024-12-14T00:16:07Z</time></trkpt><trkpt lat="35.9481638" lon="139.197621"><ele>390.3333333333333</ele><time>2024-12-14T00:16:46Z</time></trkpt><trkpt lat="35.9483235" lon="139.1977431"><ele>395.56333333333333</ele><time>2024-12-14T00:17:37Z</time></trkpt><trkpt lat="35.9485108" lon="139.1976849"><ele>399.78000000000003</ele><time>2024-12-14T00:18:07Z</time></trkpt><trkpt lat="35.9485987" lon="139.1978829"><ele>406.23</ele><time>2024-12-14T00:19:01Z</time></trkpt><trkpt lat="35.9486881" lon="139.198094"><ele>411.69000000000005</ele><time>2024-12-14T00:19:31Z</time></trkpt><trkpt lat="35.9488661" lon="139.1980216"><ele>417.3933333333334</ele><time>2024-12-14T00:20:07Z</time></trkpt><trkpt lat="35.949041" lon="139.1979553"><ele>423.8733333333333</ele><time>2024-12-14T00:20:34Z</time></trkpt><trkpt lat="35.9492285" lon="139.1980708"><ele>429.9533333333334</ele><time>2024-12-14T00:21:19Z</time></trkpt><trkpt lat="35.949422" lon="139.1981944"><ele>434.58666666666664</ele><time>2024-12-14T00:22:01Z</time></trkpt><trkpt lat="35.9496259" lon="139.1982065"><ele>438.7166666666667</ele><time>2024-12-14T00:22:37Z</time></trkpt><trkpt lat="35.9498021" lon="139.1982995"><ele>443.7</ele><time>2024-12-14T00:23:00Z</time></trkpt><trkpt lat="35.9499567" lon="139.1984192"><ele>448.06</ele><time>2024-12-14T00:23:20Z</time></trkpt><trkpt lat="35.9500952" lon="139.1985966"><ele>452.6766666666667</ele><time>2024-12-14T00:23:48Z</time></trkpt><trkpt lat="35.9501871" lon="139.1987897"><ele>455.69000000000005</ele><time>2024-12-14T00:24:12Z</time></trkpt><trkpt lat="35.9503765" lon="139.1988791"><ele>459.41</ele><time>2024-12-14T00:24:35Z</time></trkpt><trkpt lat="35.9505426" lon="139.1990432"><ele>461.1366666666667</ele><time>2024-12-14T00:24:54Z</time></trkpt><trkpt lat="35.9507032" lon="139.1991774"><ele>463.7</ele><time>2024-12-14T00:25:09Z</time></trkpt><trkpt lat="35.9508447" lon="139.1993167"><ele>465.75333333333333</ele><time>2024-12-14T00:25:24Z</time></trkpt><trkpt lat="35.9509242" lon="139.1995197"><ele>469.33666666666664</ele><time>2024-12-14T00:25:46Z</time></trkpt><trkpt lat="35.9509588" lon="139.1997542"><ele>473.93</ele><time>2024-12-14T00:26:09Z</time></trkpt><trkpt lat="35.9511371" lon="139.1998176"><ele>477.95</ele><time>2024-12-14T00:26:44Z</time></trkpt><trkpt lat="35.9513021" lon="139.1999115"><ele>481.3766666666667</ele><time>2024-12-14T00:27:05Z</time></trkpt><trkpt lat="35.95146" lon="139.2000342"><ele>483.72333333333336</ele><time>2024-12-14T00:27:26Z</time></trkpt><trkpt lat="35.9516245" lon="139.2001287"><ele>487.7966666666666</ele><time>2024-12-14T00:27:54Z</time></trkpt><trkpt lat="35.9516504" lon="139.2003616"><ele>490.4666666666667</ele><time>2024-12-14T00:28:18Z</time></trkpt><trkpt lat="35.9517793" lon="139.2005226"><ele>494.62999999999994</ele><time>2024-12-14T00:28:40Z</time></trkpt><trkpt lat="35.9518383" lon="139.2007715"><ele>497.03666666666663</ele><time>2024-12-14T00:29:16Z</time></trkpt><trkpt lat="35.9518348" lon="139.2010119"><ele>499.8533333333333</ele><time>2024-12-14T00:29:40Z</time></trkpt><trkpt lat="35.9519283" lon="139.2012289"><ele>502.7366666666667</ele><time>2024-12-14T00:30:01Z</time></trkpt><trkpt lat="35.9520603" lon="139.2014068"><ele>505.7966666666667</ele><time>2024-12-14T00:30:25Z</time></trkpt><trkpt lat="35.9522272" lon="139.2014945"><ele>508.34</ele><time>2024-12-14T00:30:45Z</time></trkpt><trkpt lat="35.9524161" lon="139.2015655"><ele>510.95</ele><time>2024-12-14T00:31:16Z</time></trkpt><trkpt lat="35.952579" lon="139.2017066"><ele>515.8000000000001</ele><time>2024-12-14T00:31:52Z</time></trkpt><trkpt lat="35.9526646" lon="139.2019071"><ele>524.8000000000001</ele><time>2024-12-14T00:32:28Z</time></trkpt><trkpt lat="35.9526787" lon="139.202135"><ele>531.9766666666666</ele><time>2024-12-14T00:33:04Z</time></trkpt><trkpt lat="35.9527256" lon="139.2023534"><ele>538.43</ele><time>2024-12-14T00:33:28Z</time></trkpt><trkpt lat="35.9526806" lon="139.2025749"><ele>541.0466666666666</ele><time>2024-12-14T00:34:19Z</time></trkpt><trkpt lat="35.95262" lon="139.2027907"><ele>545.3766666666667</ele><time>2024-12-14T00:34:46Z</time></trkpt><trkpt lat="35.9527505" lon="139.2029558"><ele>548.0500000000001</ele><time>2024-12-14T00:35:34Z</time></trkpt><trkpt lat="35.9530402" lon="139.202996"><ele>555.0533333333333</ele><time>2024-12-14T00:36:44Z</time></trkpt><trkpt lat="35.9531403" lon="139.2031946"><ele>559.5633333333334</ele><time>2024-12-14T00:37:06Z</time></trkpt><trkpt lat="35.9533158" lon="139.2032604"><ele>562.4233333333333</ele><time>2024-12-14T00:37:24Z</time></trkpt><trkpt lat="35.9534889" lon="139.2031914"><ele>563.0833333333334</ele><time>2024-12-14T00:37:45Z</time></trkpt><trkpt lat="35.9536778" lon="139.2031445"><ele>565.6733333333333</ele><time>2024-12-14T00:38:06Z</time></trkpt><trkpt lat="35.9538633" lon="139.2031125"><ele>571.6833333333333</ele><time>2024-12-14T00:38:45Z</time></trkpt><trkpt lat="35.9539513" lon="139.2033123"><ele>577.2966666666667</ele><time>2024-12-14T00:39:32Z</time></trkpt><trkpt lat="35.9539659" lon="139.2035573"><ele>582.4533333333334</ele><time>2024-12-14T00:40:06Z</time></trkpt><trkpt lat="35.9539785" lon="139.2037828"><ele>587.0200000000001</ele><time>2024-12-14T00:40:42Z</time></trkpt><trkpt lat="35.9541566" lon="139.2038836"><ele>592.5600000000001</ele><time>2024-12-14T00:41:21Z</time></trkpt><trkpt lat="35.9543151" lon="139.2040027"><ele>599.9766666666666</ele><time>2024-12-14T00:42:09Z</time></trkpt><trkpt lat="35.954446" lon="139.2038099"><ele>606.96</ele><time>2024-12-14T00:42:36Z</time></trkpt><trkpt lat="35.9543582" lon="139.2040184"><ele>611.1433333333333</ele><time>2024-12-14T00:43:18Z</time></trkpt><trkpt lat="35.9544238" lon="139.204244"><ele>615.0933333333334</ele><time>2024-12-14T00:43:50Z</time></trkpt><trkpt lat="35.9544284" lon="139.2044767"><ele>619.2866666666667</ele><time>2024-12-14T00:44:24Z</time></trkpt><trkpt lat="35.9545562" lon="139.2046716"><ele>626.0733333333334</ele><time>2024-12-14T00:44:45Z</time></trkpt><trkpt lat="35.954622" lon="139.20489"><ele>630.9333333333334</ele><time>2024-12-14T00:45:25Z</time></trkpt><trkpt lat="35.9546167" lon="139.2051236"><ele>635.0433333333334</ele><time>2024-12-14T00:45:52Z</time></trkpt><trkpt lat="35.954712" lon="139.2053149"><ele>638.1700000000001</ele><time>2024-12-14T00:46:37Z</time></trkpt><trkpt lat="35.9549321" lon="139.2053019"><ele>641.5600000000001</ele><time>2024-12-14T00:47:34Z</time></trkpt><trkpt lat="35.9550041" lon="139.2050755"><ele>646.4166666666666</ele><time>2024-12-14T00:48:01Z</time></trkpt><trkpt lat="35.9551722" lon="139.2049935"><ele>652.9533333333333</ele><time>2024-12-14T00:48:34Z</time></trkpt><trkpt lat="35.9553469" lon="139.2049146"><ele>660.3233333333333</ele><time>2024-12-14T00:49:18Z</time></trkpt><trkpt lat="35.9555375" lon="139.2049324"><ele>666.4200000000001</ele><time>2024-12-14T00:49:42Z</time></trkpt><trkpt lat="35.9557059" lon="139.2050501"><ele>670.5866666666667</ele><time>2024-12-14T00:50:06Z</time></trkpt><trkpt lat="35.9558531" lon="139.2052078"><ele>674.2766666666666</ele><time>2024-12-14T00:50:33Z</time></trkpt><trkpt lat="35.9560284" lon="139.2052967"><ele>677.0066666666667</ele><time>2024-12-14T00:50:54Z</time></trkpt><trkpt lat="35.9562217" lon="139.2053002"><ele>680.4266666666666</ele><time>2024-12-14T00:51:16Z</time></trkpt><trkpt lat="35.9564145" lon="139.205324"><ele>683.3233333333334</ele><time>2024-12-14T00:51:34Z</time></trkpt><trkpt lat="35.9565741" lon="139.2054433"><ele>687.33</ele><time>2024-12-14T00:51:52Z</time></trkpt><trkpt lat="35.9567881" lon="139.2054412"><ele>690.19</ele><time>2024-12-14T00:52:16Z</time></trkpt><trkpt lat="35.9569532" lon="139.2055605"><ele>694.89</ele><time>2024-12-14T00:52:46Z</time></trkpt><trkpt lat="35.9571251" lon="139.2054612"><ele>699.16</ele><time>2024-12-14T00:53:30Z</time></trkpt><trkpt lat="35.9571704" lon="139.2056969"><ele>704.3566666666667</ele><time>2024-12-14T00:53:57Z</time></trkpt><trkpt lat="35.9572227" lon="139.2059093"><ele>708.5466666666667</ele><time>2024-12-14T00:54:24Z</time></trkpt><trkpt lat="35.9572075" lon="139.2061541"><ele>713.7599999999999</ele><time>2024-12-14T00:54:54Z</time></trkpt><trkpt lat="35.9572026" lon="139.2063784"><ele>718.59</ele><time>2024-12-14T00:55:12Z</time></trkpt><trkpt lat="35.9572007" lon="139.2066184"><ele>723.68</ele><time>2024-12-14T00:55:36Z</time></trkpt><trkpt lat="35.9572839" lon="139.2068214"><ele>728.09</ele><time>2024-12-14T00:55:59Z</time></trkpt><trkpt lat="35.9574188" lon="139.206986"><ele>731.4833333333335</ele><time>2024-12-14T00:56:24Z</time></trkpt><trkpt lat="35.957517" lon="139.2071907"><ele>734.57</ele><time>2024-12-14T00:56:46Z</time></trkpt><trkpt lat="35.9573814" lon="139.2073815"><ele>737.5266666666666</ele><time>2024-12-14T00:57:22Z</time></trkpt><trkpt lat="35.957519" lon="139.2075263"><ele>742.5300000000001</ele><time>2024-12-14T00:58:05Z</time></trkpt><trkpt lat="35.9576721" lon="139.2076667"><ele>747.0533333333334</ele><time>2024-12-14T00:58:53Z</time></trkpt><trkpt lat="35.9578584" lon="139.2077247"><ele>751.4833333333332</ele><time>2024-12-14T00:59:16Z</time></trkpt><trkpt lat="35.9580378" lon="139.2078489"><ele>755.0733333333333</ele><time>2024-12-14T00:59:37Z</time></trkpt><trkpt lat="35.9581373" lon="139.2080654"><ele>759.08</ele><time>2024-12-14T00:59:58Z</time></trkpt><trkpt lat="35.9581487" lon="139.208298"><ele>763.9566666666666</ele><time>2024-12-14T01:00:22Z</time></trkpt><trkpt lat="35.9581629" lon="139.2085405"><ele>769.0300000000001</ele><time>2024-12-14T01:01:09Z</time></trkpt><trkpt lat="35.9583368" lon="139.208628"><ele>774.6566666666668</ele><time>2024-12-14T01:01:36Z</time></trkpt><trkpt lat="35.9584424" lon="139.20881"><ele>779.6033333333334</ele><time>2024-12-14T01:02:07Z</time></trkpt><trkpt lat="35.958613" lon="139.2087244"><ele>784.0866666666667</ele><time>2024-12-14T01:03:13Z</time></trkpt><trkpt lat="35.9588024" lon="139.2087564"><ele>787.7266666666668</ele><time>2024-12-14T01:03:28Z</time></trkpt><trkpt lat="35.9589926" lon="139.2087567"><ele>790.82</ele><time>2024-12-14T01:03:43Z</time></trkpt><trkpt lat="35.9591959" lon="139.2086839"><ele>792.0566666666667</ele><time>2024-12-14T01:03:58Z</time></trkpt><trkpt lat="35.9593759" lon="139.2085626"><ele>791.7866666666667</ele><time>2024-12-14T01:04:10Z</time></trkpt><trkpt lat="35.959547" lon="139.2084011"><ele>790.15</ele><time>2024-12-14T01:04:24Z</time></trkpt><trkpt lat="35.959675" lon="139.2082276"><ele>787.7533333333334</ele><time>2024-12-14T01:04:39Z</time></trkpt><trkpt lat="35.9598304" lon="139.208035"><ele>784.46</ele><time>2024-12-14T01:04:54Z</time></trkpt><trkpt lat="35.959955" lon="139.2078593"><ele>781.4066666666668</ele><time>2024-12-14T01:05:06Z</time></trkpt><trkpt lat="35.9601084" lon="139.2076795"><ele>778.7833333333334</ele><time>2024-12-14T01:05:18Z</time></trkpt><trkpt lat="35.9601943" lon="139.2074617"><ele>775.3833333333333</ele><time>2024-12-14T01:05:33Z</time></trkpt><trkpt lat="35.9603231" lon="139.2072333"><ele>773.3833333333333</ele><time>2024-12-14T01:05:51Z</time></trkpt><trkpt lat="35.9603187" lon="139.2070078"><ele>772.2866666666667</ele><time>2024-12-14T01:06:18Z</time></trkpt><trkpt lat="35.9604293" lon="139.2068226"><ele>773.0566666666667</ele><time>2024-12-14T01:06:45Z</time></trkpt><trkpt lat="35.9605406" lon="139.2066469"><ele>771.8299999999999</ele><time>2024-12-14T01:07:03Z</time></trkpt><trkpt lat="35.9606828" lon="139.2064863"><ele>769.1700000000001</ele><time>2024-12-14T01:07:24Z</time></trkpt><trkpt lat="35.9607508" lon="139.2062373"><ele>765.4699999999999</ele><time>2024-12-14T01:07:39Z</time></trkpt><trkpt lat="35.9608866" lon="139.2060244"><ele>759.9766666666668</ele><time>2024-12-14T01:08:02Z</time></trkpt><trkpt lat="35.9609557" lon="139.2057933"><ele>755.1033333333334</ele><time>2024-12-14T01:08:17Z</time></trkpt><trkpt lat="35.9610427" lon="139.2055845"><ele>750.2199999999999</ele><time>2024-12-14T01:08:41Z</time></trkpt><trkpt lat="35.9612853" lon="139.2054728"><ele>747.2233333333334</ele><time>2024-12-14T01:08:54Z</time></trkpt><trkpt lat="35.9614341" lon="139.2052723"><ele>744.8166666666666</ele><time>2024-12-14T01:09:08Z</time></trkpt><trkpt lat="35.9615829" lon="139.2050765"><ele>742.9533333333333</ele><time>2024-12-14T01:09:26Z</time></trkpt><trkpt lat="35.9617105" lon="139.2048825"><ele>740.9533333333334</ele><time>2024-12-14T01:09:38Z</time></trkpt><trkpt lat="35.9617972" lon="139.2046796"><ele>738.02</ele><time>2024-12-14T01:09:52Z</time></trkpt><trkpt lat="35.9618515" lon="139.2044444"><ele>735.8000000000001</ele><time>2024-12-14T01:10:07Z</time></trkpt><trkpt lat="35.9619452" lon="139.2042477"><ele>736.08</ele><time>2024-12-14T01:10:20Z</time></trkpt><trkpt lat="35.962059" lon="139.2040573"><ele>739.48</ele><time>2024-12-14T01:10:35Z</time></trkpt><trkpt lat="35.9622273" lon="139.2038991"><ele>744.12</ele><time>2024-12-14T01:10:53Z</time></trkpt><trkpt lat="35.9623803" lon="139.2037683"><ele>746.7766666666666</ele><time>2024-12-14T01:11:05Z</time></trkpt><trkpt lat="35.9624382" lon="139.2035354"><ele>749.7800000000001</ele><time>2024-12-14T01:11:23Z</time></trkpt><trkpt lat="35.9625679" lon="139.2033592"><ele>751.1500000000001</ele><time>2024-12-14T01:11:41Z</time></trkpt><trkpt lat="35.9627563" lon="139.2031898"><ele>751.4366666666666</ele><time>2024-12-14T01:12:08Z</time></trkpt><trkpt lat="35.9628716" lon="139.203001"><ele>746.75</ele><time>2024-12-14T01:12:22Z</time></trkpt><trkpt lat="35.9628466" lon="139.202761"><ele>745.7933333333334</ele><time>2024-12-14T01:12:36Z</time></trkpt><trkpt lat="35.9628847" lon="139.202529"><ele>747.8766666666667</ele><time>2024-12-14T01:12:53Z</time></trkpt><trkpt lat="35.963028" lon="139.2023668"><ele>754.8166666666666</ele><time>2024-12-14T01:13:14Z</time></trkpt><trkpt lat="35.9632307" lon="139.2022829"><ele>758.5766666666667</ele><time>2024-12-14T01:13:32Z</time></trkpt><trkpt lat="35.9634289" lon="139.2021762"><ele>763.2599999999999</ele><time>2024-12-14T01:13:48Z</time></trkpt><trkpt lat="35.9636243" lon="139.2021303"><ele>767.0300000000001</ele><time>2024-12-14T01:14:03Z</time></trkpt><trkpt lat="35.963802" lon="139.2020132"><ele>770.0866666666667</ele><time>2024-12-14T01:14:19Z</time></trkpt><trkpt lat="35.9640014" lon="139.2020137"><ele>770.68</ele><time>2024-12-14T01:15:10Z</time></trkpt><trkpt lat="35.9641884" lon="139.2020488"><ele>772.7433333333333</ele><time>2024-12-14T01:15:25Z</time></trkpt><trkpt lat="35.964389" lon="139.2021601"><ele>775.87</ele><time>2024-12-14T01:15:43Z</time></trkpt><trkpt lat="35.9645463" lon="139.2023198"><ele>779.0233333333334</ele><time>2024-12-14T01:16:01Z</time></trkpt><trkpt lat="35.9646683" lon="139.2024852"><ele>778.3966666666666</ele><time>2024-12-14T01:16:16Z</time></trkpt><trkpt lat="35.9648558" lon="139.2026221"><ele>777.18</ele><time>2024-12-14T01:16:37Z</time></trkpt><trkpt lat="35.9650027" lon="139.2027636"><ele>776.2166666666667</ele><time>2024-12-14T01:16:52Z</time></trkpt><trkpt lat="35.9651291" lon="139.2029314"><ele>775.7733333333334</ele><time>2024-12-14T01:17:07Z</time></trkpt><trkpt lat="35.9652597" lon="139.2030998"><ele>774.2200000000001</ele><time>2024-12-14T01:17:22Z</time></trkpt><trkpt lat="35.9654271" lon="139.2031877"><ele>772.0066666666668</ele><time>2024-12-14T01:17:37Z</time></trkpt><trkpt lat="35.9656304" lon="139.2032053"><ele>770.5033333333334</ele><time>2024-12-14T01:17:55Z</time></trkpt><trkpt lat="35.9658281" lon="139.2031605"><ele>769.18</ele><time>2024-12-14T01:18:10Z</time></trkpt><trkpt lat="35.9660388" lon="139.2031442"><ele>768.0666666666667</ele><time>2024-12-14T01:18:25Z</time></trkpt><trkpt lat="35.9662339" lon="139.2032576"><ele>766.3800000000001</ele><time>2024-12-14T01:18:43Z</time></trkpt><trkpt lat="35.9664011" lon="139.2033873"><ele>764.0966666666667</ele><time>2024-12-14T01:18:57Z</time></trkpt><trkpt lat="35.9665926" lon="139.2035007"><ele>761.5300000000001</ele><time>2024-12-14T01:19:15Z</time></trkpt><trkpt lat="35.9668155" lon="139.2035523"><ele>759.2433333333333</ele><time>2024-12-14T01:19:31Z</time></trkpt><trkpt lat="35.9670102" lon="139.2035318"><ele>757.43</ele><time>2024-12-14T01:19:46Z</time></trkpt><trkpt lat="35.9672115" lon="139.2035315"><ele>755.0300000000001</ele><time>2024-12-14T01:20:01Z</time></trkpt><trkpt lat="35.9673991" lon="139.2035436"><ele>752.0933333333332</ele><time>2024-12-14T01:20:16Z</time></trkpt><trkpt lat="35.9675887" lon="139.2036014"><ele>749.5133333333333</ele><time>2024-12-14T01:20:31Z</time></trkpt><trkpt lat="35.9677654" lon="139.2036632"><ele>748.0500000000001</ele><time>2024-12-14T01:20:43Z</time></trkpt><trkpt lat="35.9679724" lon="139.2037962"><ele>748.5233333333334</ele><time>2024-12-14T01:21:22Z</time></trkpt><trkpt lat="35.9680948" lon="139.2040125"><ele>749.1566666666668</ele><time>2024-12-14T01:21:43Z</time></trkpt><trkpt lat="35.9682424" lon="139.2041976"><ele>749.6866666666666</ele><time>2024-12-14T01:22:01Z</time></trkpt><trkpt lat="35.9683854" lon="139.2043847"><ele>748.7433333333333</ele><time>2024-12-14T01:22:19Z</time></trkpt><trkpt lat="35.9685099" lon="139.204573"><ele>748.5500000000001</ele><time>2024-12-14T01:22:34Z</time></trkpt><trkpt lat="35.968562" lon="139.2047998"><ele>748.7633333333333</ele><time>2024-12-14T01:22:49Z</time></trkpt><trkpt lat="35.9686494" lon="139.205048"><ele>749.6133333333333</ele><time>2024-12-14T01:23:07Z</time></trkpt><trkpt lat="35.9686905" lon="139.2052799"><ele>748.66</ele><time>2024-12-14T01:23:22Z</time></trkpt><trkpt lat="35.9687426" lon="139.2055116"><ele>748.39</ele><time>2024-12-14T01:23:37Z</time></trkpt><trkpt lat="35.9687284" lon="139.2057675"><ele>747.8166666666666</ele><time>2024-12-14T01:23:55Z</time></trkpt><trkpt lat="35.9687985" lon="139.206022"><ele>749.3533333333334</ele><time>2024-12-14T01:24:13Z</time></trkpt><trkpt lat="35.9689359" lon="139.2061999"><ele>750.8966666666666</ele><time>2024-12-14T01:24:28Z</time></trkpt><trkpt lat="35.9691314" lon="139.2063407"><ele>754.4266666666666</ele><time>2024-12-14T01:25:01Z</time></trkpt><trkpt lat="35.9691132" lon="139.2065654"><ele>753.7466666666666</ele><time>2024-12-14T01:25:22Z</time></trkpt><trkpt lat="35.9691448" lon="139.2068122"><ele>752.2199999999999</ele><time>2024-12-14T01:25:58Z</time></trkpt><trkpt lat="35.9692362" lon="139.2070183"><ele>747.0866666666666</ele><time>2024-12-14T01:26:31Z</time></trkpt><trkpt lat="35.9693541" lon="139.207193"><ele>744.46</ele><time>2024-12-14T01:26:58Z</time></trkpt><trkpt lat="35.9694269" lon="139.2074095"><ele>740.23</ele><time>2024-12-14T01:27:07Z</time></trkpt><trkpt lat="35.9695326" lon="139.2076412"><ele>736.9166666666666</ele><time>2024-12-14T01:27:22Z</time></trkpt><trkpt lat="35.9696501" lon="139.2078507"><ele>732.1366666666668</ele><time>2024-12-14T01:27:37Z</time></trkpt><trkpt lat="35.9698406" lon="139.2078816"><ele>727.68</ele><time>2024-12-14T01:27:54Z</time></trkpt><trkpt lat="35.9700206" lon="139.2079094"><ele>724.7766666666666</ele><time>2024-12-14T01:28:12Z</time></trkpt><trkpt lat="35.9700973" lon="139.2081409"><ele>722.1700000000001</ele><time>2024-12-14T01:28:30Z</time></trkpt><trkpt lat="35.970266" lon="139.2082624"><ele>721.8266666666667</ele><time>2024-12-14T01:28:45Z</time></trkpt><trkpt lat="35.9704216" lon="139.2084518"><ele>716.1666666666666</ele><time>2024-12-14T01:28:59Z</time></trkpt><trkpt lat="35.9705747" lon="139.2086085"><ele>711.3066666666667</ele><time>2024-12-14T01:29:14Z</time></trkpt><trkpt lat="35.9707548" lon="139.2086896"><ele>704.8166666666666</ele><time>2024-12-14T01:29:26Z</time></trkpt><trkpt lat="35.9709465" lon="139.2087797"><ele>702.5266666666666</ele><time>2024-12-14T01:29:40Z</time></trkpt><trkpt lat="35.9711489" lon="139.2088506"><ele>700.59</ele><time>2024-12-14T01:29:58Z</time></trkpt><trkpt lat="35.9713247" lon="139.2089751"><ele>696.4766666666666</ele><time>2024-12-14T01:30:13Z</time></trkpt><trkpt lat="35.9715002" lon="139.2090331"><ele>692.4200000000001</ele><time>2024-12-14T01:30:25Z</time></trkpt><trkpt lat="35.9716769" lon="139.2090808"><ele>688.0600000000001</ele><time>2024-12-14T01:30:39Z</time></trkpt><trkpt lat="35.9718275" lon="139.2092107"><ele>685.1833333333334</ele><time>2024-12-14T01:30:50Z</time></trkpt><trkpt lat="35.9720226" lon="139.2093275"><ele>680.65</ele><time>2024-12-14T01:31:08Z</time></trkpt><trkpt lat="35.972198" lon="139.2094187"><ele>676.34</ele><time>2024-12-14T01:31:22Z</time></trkpt><trkpt lat="35.9723741" lon="139.2094689"><ele>672.8566666666667</ele><time>2024-12-14T01:31:34Z</time></trkpt><trkpt lat="35.9725201" lon="139.2096609"><ele>668.8633333333333</ele><time>2024-12-14T01:31:55Z</time></trkpt><trkpt lat="35.9727015" lon="139.2097444"><ele>665.4333333333334</ele><time>2024-12-14T01:32:16Z</time></trkpt><trkpt lat="35.9728881" lon="139.209862"><ele>661.8333333333334</ele><time>2024-12-14T01:32:42Z</time></trkpt><trkpt lat="35.973063" lon="139.2099959"><ele>659.39</ele><time>2024-12-14T01:33:04Z</time></trkpt><trkpt lat="35.9732289" lon="139.2101203"><ele>657.1566666666668</ele><time>2024-12-14T01:33:22Z</time></trkpt><trkpt lat="35.9734192" lon="139.2101688"><ele>655.2366666666667</ele><time>2024-12-14T01:33:43Z</time></trkpt><trkpt lat="35.973562" lon="139.2103079"><ele>654.7033333333334</ele><time>2024-12-14T01:34:16Z</time></trkpt><trkpt lat="35.9736218" lon="139.2105234"><ele>652.9733333333334</ele><time>2024-12-14T01:34:29Z</time></trkpt><trkpt lat="35.9737164" lon="139.2107608"><ele>651.6466666666666</ele><time>2024-12-14T01:34:59Z</time></trkpt><trkpt lat="35.9738566" lon="139.2109127"><ele>650.7366666666667</ele><time>2024-12-14T01:35:14Z</time></trkpt><trkpt lat="35.9739666" lon="139.2111136"><ele>650.93</ele><time>2024-12-14T01:35:32Z</time></trkpt><trkpt lat="35.9740661" lon="139.2113135"><ele>651.3066666666667</ele><time>2024-12-14T01:35:47Z</time></trkpt><trkpt lat="35.9741365" lon="139.2115543"><ele>649.7166666666667</ele><time>2024-12-14T01:36:12Z</time></trkpt><trkpt lat="35.9741097" lon="139.2117796"><ele>646.4866666666667</ele><time>2024-12-14T01:36:39Z</time></trkpt><trkpt lat="35.9741872" lon="139.2120124"><ele>641.8366666666667</ele><time>2024-12-14T01:37:00Z</time></trkpt><trkpt lat="35.9742519" lon="139.2122533"><ele>636.5666666666667</ele><time>2024-12-14T01:37:21Z</time></trkpt><trkpt lat="35.9743764" lon="139.2124156"><ele>632.2866666666666</ele><time>2024-12-14T01:37:39Z</time></trkpt><trkpt lat="35.9744665" lon="139.2126225"><ele>626.7366666666667</ele><time>2024-12-14T01:39:38Z</time></trkpt><trkpt lat="35.9746646" lon="139.2127239"><ele>621.21</ele><time>2024-12-14T01:40:20Z</time></trkpt><trkpt lat="35.9748515" lon="139.2126346"><ele>615.63</ele><time>2024-12-14T01:40:32Z</time></trkpt><trkpt lat="35.9749967" lon="139.212461"><ele>612.6433333333334</ele><time>2024-12-14T01:40:50Z</time></trkpt><trkpt lat="35.9751755" lon="139.2125281"><ele>607.5200000000001</ele><time>2024-12-14T01:41:05Z</time></trkpt><trkpt lat="35.9753549" lon="139.2124161"><ele>602.7766666666666</ele><time>2024-12-14T01:41:38Z</time></trkpt><trkpt lat="35.9754907" lon="139.2122651"><ele>597.5233333333334</ele><time>2024-12-14T01:41:50Z</time></trkpt><trkpt lat="35.9756361" lon="139.2121115"><ele>596.37</ele><time>2024-12-14T01:42:05Z</time></trkpt><trkpt lat="35.9758272" lon="139.2120494"><ele>594.5366666666667</ele><time>2024-12-14T01:42:26Z</time></trkpt><trkpt lat="35.9760323" lon="139.2119667"><ele>593.25</ele><time>2024-12-14T01:42:44Z</time></trkpt><trkpt lat="35.9762302" lon="139.2119738"><ele>589.0</ele><time>2024-12-14T01:43:02Z</time></trkpt><trkpt lat="35.9764208" lon="139.2119608"><ele>587.3233333333334</ele><time>2024-12-14T01:43:20Z</time></trkpt><trkpt lat="35.9766114" lon="139.2119222"><ele>584.42</ele><time>2024-12-14T01:43:38Z</time></trkpt><trkpt lat="35.9768082" lon="139.2119349"><ele>582.1466666666666</ele><time>2024-12-14T01:44:05Z</time></trkpt><trkpt lat="35.9767065" lon="139.212122"><ele>578.8633333333332</ele><time>2024-12-14T01:44:29Z</time></trkpt><trkpt lat="35.9766601" lon="139.2123491"><ele>575.37</ele><time>2024-12-14T01:44:53Z</time></trkpt><trkpt lat="35.9765912" lon="139.2125715"><ele>572.3866666666667</ele><time>2024-12-14T01:45:09Z</time></trkpt><trkpt lat="35.9767552" lon="139.2127335"><ele>569.1533333333333</ele><time>2024-12-14T01:45:33Z</time></trkpt><trkpt lat="35.9769281" lon="139.2128083"><ele>565.9833333333333</ele><time>2024-12-14T01:45:48Z</time></trkpt><trkpt lat="35.9771237" lon="139.2128802"><ele>563.0766666666667</ele><time>2024-12-14T01:46:06Z</time></trkpt><trkpt lat="35.9773024" lon="139.2129446"><ele>559.1566666666666</ele><time>2024-12-14T01:46:21Z</time></trkpt><trkpt lat="35.977501" lon="139.2130054"><ele>555.0766666666667</ele><time>2024-12-14T01:46:36Z</time></trkpt><trkpt lat="35.9776873" lon="139.2129242"><ele>551.8433333333334</ele><time>2024-12-14T01:46:51Z</time></trkpt><trkpt lat="35.9778285" lon="139.2127595"><ele>549.54</ele><time>2024-12-14T01:47:30Z</time></trkpt><trkpt lat="35.9780122" lon="139.212798"><ele>546.8533333333334</ele><time>2024-12-14T01:47:51Z</time></trkpt><trkpt lat="35.9781843" lon="139.2129587"><ele>543.5300000000001</ele><time>2024-12-14T01:48:09Z</time></trkpt><trkpt lat="35.9783673" lon="139.2130712"><ele>539.1166666666667</ele><time>2024-12-14T01:48:27Z</time></trkpt><trkpt lat="35.9785479" lon="139.2132146"><ele>535.22</ele><time>2024-12-14T01:48:44Z</time></trkpt><trkpt lat="35.9786766" lon="139.2133845"><ele>531.6066666666667</ele><time>2024-12-14T01:48:59Z</time></trkpt><trkpt lat="35.9788132" lon="139.2135632"><ele>527.93</ele><time>2024-12-14T01:49:20Z</time></trkpt><trkpt lat="35.9789744" lon="139.213714"><ele>524.1133333333333</ele><time>2024-12-14T01:49:38Z</time></trkpt><trkpt lat="35.9790843" lon="139.2139077"><ele>520.5133333333333</ele><time>2024-12-14T01:50:02Z</time></trkpt><trkpt lat="35.9791831" lon="139.2141019"><ele>517.2866666666667</ele><time>2024-12-14T01:50:12Z</time></trkpt><trkpt lat="35.9793255" lon="139.2142594"><ele>514.5666666666667</ele><time>2024-12-14T01:50:27Z</time></trkpt><trkpt lat="35.9794947" lon="139.2144255"><ele>511.76666666666665</ele><time>2024-12-14T01:50:49Z</time></trkpt><trkpt lat="35.9795206" lon="139.2146655"><ele>506.10999999999996</ele><time>2024-12-14T01:51:22Z</time></trkpt><trkpt lat="35.9796156" lon="139.2148687"><ele>500.6433333333334</ele><time>2024-12-14T01:51:40Z</time></trkpt><trkpt lat="35.9797597" lon="139.2150068"><ele>495.4200000000001</ele><time>2024-12-14T01:51:55Z</time></trkpt><trkpt lat="35.9799025" lon="139.215182"><ele>493.1333333333334</ele><time>2024-12-14T01:52:10Z</time></trkpt><trkpt lat="35.980045" lon="139.215337"><ele>490.45666666666665</ele><time>2024-12-14T01:52:28Z</time></trkpt><trkpt lat="35.9802194" lon="139.2154968"><ele>487.2966666666666</ele><time>2024-12-14T01:52:46Z</time></trkpt><trkpt lat="35.9803984" lon="139.2156418"><ele>485.56</ele><time>2024-12-14T01:53:01Z</time></trkpt><trkpt lat="35.980543" lon="139.2157781"><ele>483.53333333333336</ele><time>2024-12-14T01:53:15Z</time></trkpt><trkpt lat="35.9806526" lon="139.2159878"><ele>481.58666666666664</ele><time>2024-12-14T01:53:31Z</time></trkpt><trkpt lat="35.9807779" lon="139.216188"><ele>476.44000000000005</ele><time>2024-12-14T01:53:49Z</time></trkpt><trkpt lat="35.9808823" lon="139.2163754"><ele>471.99666666666667</ele><time>2024-12-14T01:54:03Z</time></trkpt><trkpt lat="35.9810521" lon="139.2165412"><ele>467.4466666666667</ele><time>2024-12-14T01:54:52Z</time></trkpt><trkpt lat="35.9811105" lon="139.2167919"><ele>463.1466666666667</ele><time>2024-12-14T01:56:05Z</time></trkpt><trkpt lat="35.9811404" lon="139.2170142"><ele>458.1866666666667</ele><time>2024-12-14T01:57:14Z</time></trkpt><trkpt lat="35.9812846" lon="139.2171589"><ele>454.78333333333336</ele><time>2024-12-14T01:59:14Z</time></trkpt><trkpt lat="35.981416" lon="139.217331"><ele>455.62000000000006</ele><time>2024-12-14T01:59:59Z</time></trkpt><trkpt lat="35.9814458" lon="139.2175529"><ele>456.72333333333336</ele><time>2024-12-14T02:00:11Z</time></trkpt><trkpt lat="35.9815517" lon="139.2177362"><ele>457.16333333333336</ele><time>2024-12-14T02:00:27Z</time></trkpt><trkpt lat="35.981682" lon="139.2179024"><ele>454.25</ele><time>2024-12-14T02:00:48Z</time></trkpt><trkpt lat="35.9818022" lon="139.2180749"><ele>451.05333333333334</ele><time>2024-12-14T02:01:03Z</time></trkpt><trkpt lat="35.981952" lon="139.2182513"><ele>448.1000000000001</ele><time>2024-12-14T02:01:18Z</time></trkpt><trkpt lat="35.9820681" lon="139.2184524"><ele>446.2666666666667</ele><time>2024-12-14T02:01:33Z</time></trkpt><trkpt lat="35.982227" lon="139.2186005"><ele>444.06</ele><time>2024-12-14T02:01:48Z</time></trkpt><trkpt lat="35.9823914" lon="139.2187114"><ele>441.90333333333336</ele><time>2024-12-14T02:02:04Z</time></trkpt><trkpt lat="35.9825102" lon="139.2188829"><ele>439.3633333333334</ele><time>2024-12-14T02:02:22Z</time></trkpt><trkpt lat="35.9824765" lon="139.2191549"><ele>436.74</ele><time>2024-12-14T02:02:37Z</time></trkpt><trkpt lat="35.9824315" lon="139.2194008"><ele>431.9166666666667</ele><time>2024-12-14T02:02:51Z</time></trkpt><trkpt lat="35.9824709" lon="139.2196507"><ele>428.58666666666676</ele><time>2024-12-14T02:03:07Z</time></trkpt><trkpt lat="35.9824266" lon="139.2198749"><ele>426.17333333333335</ele><time>2024-12-14T02:03:30Z</time></trkpt><trkpt lat="35.9823826" lon="139.2201122"><ele>425.8166666666666</ele><time>2024-12-14T02:04:01Z</time></trkpt><trkpt lat="35.9823478" lon="139.2203406"><ele>424.1566666666666</ele><time>2024-12-14T02:04:16Z</time></trkpt><trkpt lat="35.9823698" lon="139.2205749"><ele>422.98333333333335</ele><time>2024-12-14T02:05:15Z</time></trkpt><trkpt lat="35.9823878" lon="139.2207979"><ele>422.0566666666667</ele><time>2024-12-14T02:05:33Z</time></trkpt><trkpt lat="35.9824382" lon="139.2210218"><ele>420.5466666666666</ele><time>2024-12-14T02:05:48Z</time></trkpt><trkpt lat="35.9823795" lon="139.2212683"><ele>418.3633333333334</ele><time>2024-12-14T02:06:09Z</time></trkpt><trkpt lat="35.9822208" lon="139.2214186"><ele>413.52333333333337</ele><time>2024-12-14T02:07:09Z</time></trkpt><trkpt lat="35.9820175" lon="139.2214579"><ele>407.0566666666667</ele><time>2024-12-14T02:07:27Z</time></trkpt><trkpt lat="35.9818535" lon="139.2213511"><ele>400.23</ele><time>2024-12-14T02:07:45Z</time></trkpt><trkpt lat="35.9816676" lon="139.221341"><ele>393.29333333333335</ele><time>2024-12-14T02:08:09Z</time></trkpt><trkpt lat="35.9815518" lon="139.221168"><ele>388.81333333333333</ele><time>2024-12-14T02:08:29Z</time></trkpt><trkpt lat="35.981503" lon="139.2214043"><ele>384.46</ele><time>2024-12-14T02:09:02Z</time></trkpt><trkpt lat="35.9814992" lon="139.2216367"><ele>381.81333333333333</ele><time>2024-12-14T02:09:14Z</time></trkpt><trkpt lat="35.9815512" lon="139.2218762"><ele>379.1366666666667</ele><time>2024-12-14T02:09:26Z</time></trkpt><trkpt lat="35.9815977" lon="139.2221043"><ele>376.66333333333336</ele><time>2024-12-14T02:09:40Z</time></trkpt><trkpt lat="35.9817102" lon="139.2222962"><ele>375.0733333333333</ele><time>2024-12-14T02:09:51Z</time></trkpt><trkpt lat="35.9818557" lon="139.2224725"><ele>374.00666666666666</ele><time>2024-12-14T02:10:06Z</time></trkpt><trkpt lat="35.982055" lon="139.2224552"><ele>375.82666666666665</ele><time>2024-12-14T02:10:22Z</time></trkpt><trkpt lat="35.9822779" lon="139.2224374"><ele>380.53333333333336</ele><time>2024-12-14T02:10:40Z</time></trkpt><trkpt lat="35.9824195" lon="139.2225868"><ele>384.2933333333333</ele><time>2024-12-14T02:10:54Z</time></trkpt><trkpt lat="35.9822969" lon="139.2227674"><ele>384.6366666666667</ele><time>2024-12-14T02:11:09Z</time></trkpt><trkpt lat="35.9821548" lon="139.2229445"><ele>382.2966666666667</ele><time>2024-12-14T02:11:27Z</time></trkpt><trkpt lat="35.9820474" lon="139.2231315"><ele>383.75</ele><time>2024-12-14T02:11:39Z</time></trkpt><trkpt lat="35.9819679" lon="139.2233379"><ele>386.1366666666667</ele><time>2024-12-14T02:11:55Z</time></trkpt><trkpt lat="35.9820344" lon="139.2235496"><ele>388.26</ele><time>2024-12-14T02:12:07Z</time></trkpt><trkpt lat="35.9822218" lon="139.2236117"><ele>386.69000000000005</ele><time>2024-12-14T02:12:21Z</time></trkpt><trkpt lat="35.9824139" lon="139.2237122"><ele>385.25</ele><time>2024-12-14T02:12:39Z</time></trkpt><trkpt lat="35.9824537" lon="139.2239579"><ele>385.02</ele><time>2024-12-14T02:12:54Z</time></trkpt><trkpt lat="35.9825249" lon="139.224192"><ele>385.7266666666667</ele><time>2024-12-14T02:13:10Z</time></trkpt><trkpt lat="35.9825663" lon="139.2244329"><ele>386.07</ele><time>2024-12-14T02:13:25Z</time></trkpt><trkpt lat="35.982676" lon="139.2246179"><ele>386.17333333333335</ele><time>2024-12-14T02:13:36Z</time></trkpt><trkpt lat="35.9828815" lon="139.224683"><ele>385.5466666666667</ele><time>2024-12-14T02:13:52Z</time></trkpt><trkpt lat="35.9830537" lon="139.224594"><ele>385.6033333333334</ele><time>2024-12-14T02:14:09Z</time></trkpt><trkpt lat="35.9832278" lon="139.2244812"><ele>384.53000000000003</ele><time>2024-12-14T02:14:21Z</time></trkpt><trkpt lat="35.9834003" lon="139.2245532"><ele>381.84999999999997</ele><time>2024-12-14T02:14:36Z</time></trkpt><trkpt lat="35.9835833" lon="139.2245905"><ele>376.4533333333334</ele><time>2024-12-14T02:14:48Z</time></trkpt><trkpt lat="35.9837924" lon="139.2245034"><ele>373.2533333333334</ele><time>2024-12-14T02:15:05Z</time></trkpt><trkpt lat="35.9840044" lon="139.2245737"><ele>371.52333333333337</ele><time>2024-12-14T02:15:17Z</time></trkpt><trkpt lat="35.9842012" lon="139.2246841"><ele>371.5166666666667</ele><time>2024-12-14T02:15:34Z</time></trkpt><trkpt lat="35.9843585" lon="139.2248405"><ele>369.52</ele><time>2024-12-14T02:15:49Z</time></trkpt><trkpt lat="35.9843712" lon="139.22507"><ele>368.3066666666667</ele><time>2024-12-14T02:16:05Z</time></trkpt><trkpt lat="35.9843766" lon="139.2253175"><ele>368.85999999999996</ele><time>2024-12-14T02:16:19Z</time></trkpt><trkpt lat="35.984412" lon="139.2255365"><ele>371.87000000000006</ele><time>2024-12-14T02:16:35Z</time></trkpt><trkpt lat="35.9843353" lon="139.2257503"><ele>374.2966666666666</ele><time>2024-12-14T02:17:02Z</time></trkpt><trkpt lat="35.9842369" lon="139.2259372"><ele>374.68</ele><time>2024-12-14T02:17:14Z</time></trkpt><trkpt lat="35.9841579" lon="139.2261663"><ele>373.5033333333334</ele><time>2024-12-14T02:17:32Z</time></trkpt><trkpt lat="35.9840755" lon="139.2264083"><ele>373.02000000000004</ele><time>2024-12-14T02:17:47Z</time></trkpt><trkpt lat="35.9840113" lon="139.2266581"><ele>373.79333333333335</ele><time>2024-12-14T02:18:02Z</time></trkpt><trkpt lat="35.9841272" lon="139.2268594"><ele>374.74666666666667</ele><time>2024-12-14T02:18:13Z</time></trkpt><trkpt lat="35.9842931" lon="139.2269934"><ele>373.23</ele><time>2024-12-14T02:18:28Z</time></trkpt><trkpt lat="35.9841168" lon="139.2268618"><ele>374.23999999999995</ele><time>2024-12-14T02:18:51Z</time></trkpt><trkpt lat="35.9842755" lon="139.2269868"><ele>373.74333333333334</ele><time>2024-12-14T02:19:55Z</time></trkpt><trkpt lat="35.9842354" lon="139.227226"><ele>370.96333333333337</ele><time>2024-12-14T02:20:36Z</time></trkpt><trkpt lat="35.984314" lon="139.2274342"><ele>364.41333333333336</ele><time>2024-12-14T02:21:13Z</time></trkpt><trkpt lat="35.9843839" lon="139.2276871"><ele>358.1266666666667</ele><time>2024-12-14T02:21:28Z</time></trkpt><trkpt lat="35.9843787" lon="139.2279266"><ele>355.63000000000005</ele><time>2024-12-14T02:21:46Z</time></trkpt><trkpt lat="35.9842853" lon="139.2281328"><ele>353.6933333333334</ele><time>2024-12-14T02:22:01Z</time></trkpt><trkpt lat="35.9843271" lon="139.2283728"><ele>351.4766666666667</ele><time>2024-12-14T02:22:31Z</time></trkpt><trkpt lat="35.9845026" lon="139.2284655"><ele>349.26</ele><time>2024-12-14T02:22:43Z</time></trkpt><trkpt lat="35.9846647" lon="139.2283228"><ele>348.23999999999995</ele><time>2024-12-14T02:22:57Z</time></trkpt><trkpt lat="35.984761" lon="139.2281171"><ele>346.9666666666667</ele><time>2024-12-14T02:23:11Z</time></trkpt><trkpt lat="35.984956" lon="139.2280201"><ele>344.90000000000003</ele><time>2024-12-14T02:23:32Z</time></trkpt><trkpt lat="35.9851121" lon="139.227812"><ele>342.95</ele><time>2024-12-14T02:23:51Z</time></trkpt><trkpt lat="35.9852582" lon="139.2276702"><ele>341.7666666666667</ele><time>2024-12-14T02:24:03Z</time></trkpt><trkpt lat="35.9853684" lon="139.227488"><ele>343.07</ele><time>2024-12-14T02:24:18Z</time></trkpt><trkpt lat="35.985553" lon="139.2273702"><ele>343.88000000000005</ele><time>2024-12-14T02:24:33Z</time></trkpt><trkpt lat="35.9857182" lon="139.2272263"><ele>343.96</ele><time>2024-12-14T02:24:48Z</time></trkpt><trkpt lat="35.9858202" lon="139.2270215"><ele>343.65333333333336</ele><time>2024-12-14T02:25:03Z</time></trkpt><trkpt lat="35.9859758" lon="139.2268838"><ele>342.90333333333336</ele><time>2024-12-14T02:25:18Z</time></trkpt><trkpt lat="35.9861657" lon="139.2268807"><ele>342.41</ele><time>2024-12-14T02:25:34Z</time></trkpt><trkpt lat="35.986256" lon="139.2270751"><ele>339.90333333333336</ele><time>2024-12-14T02:25:49Z</time></trkpt><trkpt lat="35.9864141" lon="139.2272209"><ele>337.99333333333334</ele><time>2024-12-14T02:26:10Z</time></trkpt><trkpt lat="35.986537" lon="139.2274095"><ele>335.4333333333334</ele><time>2024-12-14T02:26:25Z</time></trkpt><trkpt lat="35.9865943" lon="139.2276258"><ele>332.7366666666667</ele><time>2024-12-14T02:26:36Z</time></trkpt><trkpt lat="35.9866924" lon="139.2278386"><ele>329.70666666666665</ele><time>2024-12-14T02:26:48Z</time></trkpt><trkpt lat="35.9868013" lon="139.2280269"><ele>326.86</ele><time>2024-12-14T02:27:02Z</time></trkpt><trkpt lat="35.9868737" lon="139.2282322"><ele>325.12666666666667</ele><time>2024-12-14T02:27:14Z</time></trkpt><trkpt lat="35.9868563" lon="139.2284979"><ele>322.62666666666667</ele><time>2024-12-14T02:27:31Z</time></trkpt><trkpt lat="35.9868537" lon="139.2287301"><ele>320.22333333333336</ele><time>2024-12-14T02:27:46Z</time></trkpt><trkpt lat="35.9868407" lon="139.2289657"><ele>317.27</ele><time>2024-12-14T02:28:01Z</time></trkpt><trkpt lat="35.9868711" lon="139.2291874"><ele>314.4166666666667</ele><time>2024-12-14T02:28:37Z</time></trkpt><trkpt lat="35.9870367" lon="139.2292946"><ele>312.10999999999996</ele><time>2024-12-14T02:28:55Z</time></trkpt><trkpt lat="35.9872267" lon="139.2293932"><ele>308.7333333333333</ele><time>2024-12-14T02:29:13Z</time></trkpt><trkpt lat="35.9873533" lon="139.2295834"><ele>304.3</ele><time>2024-12-14T02:29:31Z</time></trkpt><trkpt lat="35.9874925" lon="139.2297589"><ele>298.79333333333335</ele><time>2024-12-14T02:29:46Z</time></trkpt><trkpt lat="35.9876225" lon="139.2299564"><ele>294.41333333333336</ele><time>2024-12-14T02:29:57Z</time></trkpt><trkpt lat="35.9877884" lon="139.2301349"><ele>291.1366666666667</ele><time>2024-12-14T02:30:12Z</time></trkpt><trkpt lat="35.987895" lon="139.2303577"><ele>286.47333333333336</ele><time>2024-12-14T02:30:35Z</time></trkpt><trkpt lat="35.9878448" lon="139.2305795"><ele>279.81333333333333</ele><time>2024-12-14T02:30:59Z</time></trkpt><trkpt lat="35.9878386" lon="139.2308012"><ele>270.6466666666667</ele><time>2024-12-14T02:31:28Z</time></trkpt><trkpt lat="35.9879327" lon="139.2310184"><ele>262.93333333333334</ele><time>2024-12-14T02:31:47Z</time></trkpt><trkpt lat="35.9878761" lon="139.2312724"><ele>256.1033333333333</ele><time>2024-12-14T02:32:57Z</time></trkpt><trkpt lat="35.9878543" lon="139.2315253"><ele>250.04999999999998</ele><time>2024-12-14T02:33:15Z</time></trkpt><trkpt lat="35.9879738" lon="139.2317316"><ele>243.53666666666666</ele><time>2024-12-14T02:33:33Z</time></trkpt><trkpt lat="35.9881717" lon="139.2317802"><ele>240.13666666666668</ele><time>2024-12-14T02:33:51Z</time></trkpt><trkpt lat="35.9883243" lon="139.2319033"><ele>235.9766666666667</ele><time>2024-12-14T02:34:08Z</time></trkpt><trkpt lat="35.9884461" lon="139.2321028"><ele>231.64000000000001</ele><time>2024-12-14T02:34:25Z</time></trkpt><trkpt lat="35.9885531" lon="139.2323232"><ele>224.7266666666667</ele><time>2024-12-14T02:34:47Z</time></trkpt><trkpt lat="35.9886761" lon="139.2325098"><ele>219.13</ele><time>2024-12-14T02:35:01Z</time></trkpt><trkpt lat="35.9887288" lon="139.2322793"><ele>214.41</ele><time>2024-12-14T02:35:49Z</time></trkpt><trkpt lat="35.9887892" lon="139.2320686"><ele>209.88333333333333</ele><time>2024-12-14T02:36:01Z</time></trkpt><trkpt lat="35.9888802" lon="139.2318756"><ele>207.71333333333334</ele><time>2024-12-14T02:36:19Z</time></trkpt><trkpt lat="35.9889195" lon="139.2321125"><ele>205.42999999999998</ele><time>2024-12-14T02:36:37Z</time></trkpt><trkpt lat="35.9889731" lon="139.2323631"><ele>203.41666666666666</ele><time>2024-12-14T02:36:52Z</time></trkpt><trkpt lat="35.9889894" lon="139.232616"><ele>200.60333333333332</ele><time>2024-12-14T02:37:09Z</time></trkpt><trkpt lat="35.9889965" lon="139.2329038"><ele>198.58666666666667</ele><time>2024-12-14T02:38:06Z</time></trkpt><trkpt lat="35.9889375" lon="139.2331471"><ele>195.82000000000002</ele><time>2024-12-14T02:38:18Z</time></trkpt><trkpt lat="35.988923" lon="139.2333808"><ele>192.14333333333332</ele><time>2024-12-14T02:38:32Z</time></trkpt><trkpt lat="35.9888996" lon="139.2336233"><ele>188.22</ele><time>2024-12-14T02:38:50Z</time></trkpt><trkpt lat="35.988935" lon="139.2338422"><ele>185.42</ele><time>2024-12-14T02:39:05Z</time></trkpt><trkpt lat="35.9890799" lon="139.2340092"><ele>183.81333333333336</ele><time>2024-12-14T02:39:24Z</time></trkpt><trkpt lat="35.9892473" lon="139.2342012"><ele>181.88333333333335</ele><time>2024-12-14T02:39:41Z</time></trkpt><trkpt lat="35.9893191" lon="139.2344512"><ele>180.49333333333334</ele><time>2024-12-14T02:39:59Z</time></trkpt><trkpt lat="35.9893264" lon="139.2346937"><ele>178.83333333333334</ele><time>2024-12-14T02:40:11Z</time></trkpt><trkpt lat="35.9894045" lon="139.2348985"><ele>178.84333333333333</ele><time>2024-12-14T02:40:25Z</time></trkpt><trkpt lat="35.9894936" lon="139.2351056"><ele>178.85666666666665</ele><time>2024-12-14T02:40:40Z</time></trkpt><trkpt lat="35.9895962" lon="139.2353159"><ele>177.56333333333336</ele><time>2024-12-14T02:40:55Z</time></trkpt><trkpt lat="35.9896821" lon="139.2355339"><ele>174.09666666666666</ele><time>2024-12-14T02:41:09Z</time></trkpt><trkpt lat="35.9897451" lon="139.2357605"><ele>169.82</ele><time>2024-12-14T02:41:23Z</time></trkpt><trkpt lat="35.9898134" lon="139.2360166"><ele>166.34</ele><time>2024-12-14T02:41:38Z</time></trkpt><trkpt lat="35.9900022" lon="139.2360621"><ele>164.35000000000002</ele><time>2024-12-14T02:41:53Z</time></trkpt><trkpt lat="35.9902251" lon="139.2360215"><ele>163.45333333333335</ele><time>2024-12-14T02:42:08Z</time></trkpt><trkpt lat="35.9904238" lon="139.2359559"><ele>163.84333333333336</ele><time>2024-12-14T02:42:22Z</time></trkpt><trkpt lat="35.9905949" lon="139.2358298"><ele>164.16666666666669</ele><time>2024-12-14T02:42:37Z</time></trkpt><trkpt lat="35.9907869" lon="139.2357044"><ele>164.17999999999998</ele><time>2024-12-14T02:42:52Z</time></trkpt><trkpt lat="35.9909722" lon="139.2355882"><ele>163.78</ele><time>2024-12-14T02:43:07Z</time></trkpt><trkpt lat="35.9911473" lon="139.2354861"><ele>163.69666666666666</ele><time>2024-12-14T02:43:21Z</time></trkpt><trkpt lat="35.9913577" lon="139.2354043"><ele>163.69</ele><time>2024-12-14T02:43:39Z</time></trkpt><trkpt lat="35.9915511" lon="139.235325"><ele>163.99</ele><time>2024-12-14T02:43:51Z</time></trkpt><trkpt lat="35.9917391" lon="139.2352401"><ele>163.82333333333332</ele><time>2024-12-14T02:44:05Z</time></trkpt><trkpt lat="35.9919295" lon="139.2352538"><ele>162.5566666666667</ele><time>2024-12-14T02:44:20Z</time></trkpt><trkpt lat="35.9921091" lon="139.2353261"><ele>159.54666666666665</ele><time>2024-12-14T02:44:35Z</time></trkpt><trkpt lat="35.9922686" lon="139.2354388"><ele>155.3466666666667</ele><time>2024-12-14T02:44:47Z</time></trkpt><trkpt lat="35.9924246" lon="139.2355656"><ele>152.57000000000002</ele><time>2024-12-14T02:45:01Z</time></trkpt><trkpt lat="35.9926369" lon="139.2356297"><ele>152.03</ele><time>2024-12-14T02:45:16Z</time></trkpt><trkpt lat="35.9928473" lon="139.2356939"><ele>153.12666666666667</ele><time>2024-12-14T02:45:36Z</time></trkpt><trkpt lat="35.9930441" lon="139.2357536"><ele>153.97</ele><time>2024-12-14T02:45:51Z</time></trkpt><trkpt lat="35.9932286" lon="139.2358149"><ele>153.48</ele><time>2024-12-14T02:46:02Z</time></trkpt><trkpt lat="35.9934153" lon="139.2358869"><ele>152.85333333333332</ele><time>2024-12-14T02:46:17Z</time></trkpt><trkpt lat="35.9935954" lon="139.2359195"><ele>152.34333333333333</ele><time>2024-12-14T02:46:28Z</time></trkpt><trkpt lat="35.9937891" lon="139.2359593"><ele>152.4</ele><time>2024-12-14T02:46:43Z</time></trkpt><trkpt lat="35.9939986" lon="139.2360415"><ele>152.62</ele><time>2024-12-14T02:46:58Z</time></trkpt><trkpt lat="35.994204" lon="139.2361054"><ele>152.86666666666667</ele><time>2024-12-14T02:47:12Z</time></trkpt><trkpt lat="35.9943835" lon="139.2361536"><ele>153.04999999999998</ele><time>2024-12-14T02:47:27Z</time></trkpt><trkpt lat="35.9946046" lon="139.2362112"><ele>153.29</ele><time>2024-12-14T02:47:42Z</time></trkpt><trkpt lat="35.9948026" lon="139.236259"><ele>153.36666666666667</ele><time>2024-12-14T02:47:56Z</time></trkpt><trkpt lat="35.9949832" lon="139.2363033"><ele>153.47</ele><time>2024-12-14T02:48:07Z</time></trkpt><trkpt lat="35.9951886" lon="139.2362962"><ele>153.07333333333332</ele><time>2024-12-14T02:48:22Z</time></trkpt><trkpt lat="35.9953882" lon="139.236349"><ele>152.91666666666666</ele><time>2024-12-14T02:48:36Z</time></trkpt><trkpt lat="35.9955823" lon="139.2363741"><ele>152.98</ele><time>2024-12-14T02:48:48Z</time></trkpt><trkpt lat="35.9958058" lon="139.2363967"><ele>150.1339063124621</ele><time>2024-12-14T02:49:05Z</time></trkpt><trkpt lat="35.9960142" lon="139.2364219"><ele>147.14120666647895</ele><time>2024-12-14T02:49:19Z</time></trkpt><trkpt lat="35.9962494" lon="139.2364193"><ele>144.02192876664262</ele><time>2024-12-14T02:49:34Z</time></trkpt><trkpt lat="35.9964284" lon="139.2364665"><ele>144.02211360327922</ele><time>2024-12-14T02:49:48Z</time></trkpt><trkpt lat="35.996619" lon="139.2365413"><ele>144.02225996729936</ele><time>2024-12-14T02:49:59Z</time></trkpt><trkpt lat="35.9968268" lon="139.2366426"><ele>144.02232941341987</ele><time>2024-12-14T02:50:17Z</time></trkpt><trkpt lat="35.9969871" lon="139.2367788"><ele>141.98899621714335</ele><time>2024-12-14T02:50:28Z</time></trkpt><trkpt lat="35.9971709" lon="139.2368925"><ele>141.55563939437062</ele><time>2024-12-14T02:50:43Z</time></trkpt><trkpt lat="35.9973464" lon="139.2370264"><ele>141.122249494032</ele><time>2024-12-14T02:50:57Z</time></trkpt><trkpt lat="35.9975607" lon="139.2371102"><ele>142.7222513801105</ele><time>2024-12-14T02:51:12Z</time></trkpt><trkpt lat="35.9977509" lon="139.2371066"><ele>142.7223269042328</ele><time>2024-12-14T02:51:26Z</time></trkpt><trkpt lat="35.9979635" lon="139.2370891"><ele>142.75584373741944</ele><time>2024-12-14T02:51:41Z</time></trkpt><trkpt lat="35.9981566" lon="139.2370407"><ele>143.85610866097014</ele><time>2024-12-14T02:51:56Z</time></trkpt><trkpt lat="35.9983382" lon="139.236943"><ele>142.6897634776147</ele><time>2024-12-14T02:52:07Z</time></trkpt><trkpt lat="35.9984821" lon="139.2367883"><ele>142.72348368098736</ele><time>2024-12-14T02:52:18Z</time></trkpt><trkpt lat="35.9986588" lon="139.2367033"><ele>140.19055088302332</ele><time>2024-12-14T02:52:33Z</time></trkpt><trkpt lat="35.9988688" lon="139.2367444"><ele>140.12420877570088</ele><time>2024-12-14T02:52:47Z</time></trkpt><trkpt lat="35.9990403" lon="139.2369132"><ele>138.82433560319706</ele><time>2024-12-14T02:53:01Z</time></trkpt><trkpt lat="35.9991635" lon="139.2370762"><ele>139.02428242296483</ele><time>2024-12-14T02:53:13Z</time></trkpt><trkpt lat="35.9993153" lon="139.2372237"><ele>139.02413682019235</ele><time>2024-12-14T02:53:27Z</time></trkpt><trkpt lat="35.9994396" lon="139.2373946"><ele>139.02397226295656</ele><time>2024-12-14T02:53:38Z</time></trkpt><trkpt lat="35.9996166" lon="139.2375792"><ele>139.09047890265887</ele><time>2024-12-14T02:53:56Z</time></trkpt><trkpt lat="35.9997623" lon="139.237756"><ele>139.15696409072973</ele><time>2024-12-14T02:54:10Z</time></trkpt><trkpt lat="35.9999815" lon="139.2377191"><ele>138.79028409689863</ele><time>2024-12-14T02:54:25Z</time></trkpt><trkpt lat="36.0001876" lon="139.2376948"><ele>138.5904791211168</ele><time>2024-12-14T02:54:40Z</time></trkpt><trkpt lat="36.000407" lon="139.2376759"><ele>138.39090096744712</ele><time>2024-12-14T02:54:52Z</time></trkpt><trkpt lat="36.0006014" lon="139.2376225"><ele>138.45805673446847</ele><time>2024-12-14T02:55:06Z</time></trkpt><trkpt lat="36.000805" lon="139.2375836"><ele>138.4585605047457</ele><time>2024-12-14T02:55:21Z</time></trkpt><trkpt lat="36.0009825" lon="139.237535"><ele>138.45905390089112</ele><time>2024-12-14T02:55:35Z</time></trkpt><trkpt lat="36.0012123" lon="139.2374828"><ele>138.62623765098525</ele><time>2024-12-14T02:55:49Z</time></trkpt><trkpt lat="36.0014056" lon="139.2374422"><ele>138.62674837270185</ele><time>2024-12-14T02:56:14Z</time></trkpt><trkpt lat="36.0015857" lon="139.237414"><ele>138.6605829520428</ele><time>2024-12-14T02:56:23Z</time></trkpt><trkpt lat="36.001791" lon="139.2374394"><ele>138.32768182531626</ele><time>2024-12-14T02:56:59Z</time></trkpt><trkpt lat="36.0020055" lon="139.2373579"><ele>137.22815377032282</ele><time>2024-12-14T02:57:11Z</time></trkpt><trkpt lat="36.0022147" lon="139.237285"><ele>136.095338990055</ele><time>2024-12-14T02:57:25Z</time></trkpt><trkpt lat="36.0023958" lon="139.2371613"><ele>135.32927083987218</ele><time>2024-12-14T02:57:40Z</time></trkpt><trkpt lat="36.00259" lon="139.2370553"><ele>135.3298712602299</ele><time>2024-12-14T02:57:55Z</time></trkpt><trkpt lat="36.0027745" lon="139.2369511"><ele>136.06381122177243</ele><time>2024-12-14T02:58:09Z</time></trkpt><trkpt lat="36.0028943" lon="139.2371607"><ele>136.9641632986596</ele><time>2024-12-14T02:58:27Z</time></trkpt><trkpt lat="36.0030611" lon="139.2372549"><ele>137.79769854940022</ele><time>2024-12-14T02:58:56Z</time></trkpt><trkpt lat="36.0032114" lon="139.23744"><ele>138.43102492569489</ele><time>2024-12-14T02:59:17Z</time></trkpt><trkpt lat="36.0033948" lon="139.2375642"><ele>137.93111916310778</ele><time>2024-12-14T02:59:32Z</time></trkpt><trkpt lat="36.0035032" lon="139.2377486"><ele>137.46445155256146</ele><time>2024-12-14T02:59:53Z</time></trkpt><trkpt lat="36.0036308" lon="139.2379163"><ele>136.46444438718933</ele><time>2024-12-14T03:00:53Z</time></trkpt><trkpt lat="36.003466" lon="139.2380433"><ele>136.43085645719322</ele><time>2024-12-14T03:09:27Z</time></trkpt><trkpt lat="36.0034522" lon="139.2382802"><ele>136.4304852252465</ele><time>2024-12-14T03:09:42Z</time></trkpt><trkpt lat="36.0034814" lon="139.2385266"><ele>135.69666306918137</ele><time>2024-12-14T03:09:57Z</time></trkpt><trkpt lat="36.0035894" lon="139.2387462"><ele>134.96297416985917</ele><time>2024-12-14T03:10:15Z</time></trkpt><trkpt lat="36.0037445" lon="139.238936"><ele>134.16276866009866</ele><time>2024-12-14T03:10:30Z</time></trkpt><trkpt lat="36.0039147" lon="139.2390927"><ele>134.2293833387875</ele><time>2024-12-14T03:10:42Z</time></trkpt><trkpt lat="36.0040715" lon="139.2392357"><ele>134.16275013897973</ele><time>2024-12-14T03:10:59Z</time></trkpt><trkpt lat="36.0042445" lon="139.2394072"><ele>134.16280756526075</ele><time>2024-12-14T03:11:14Z</time></trkpt><trkpt lat="36.0044152" lon="139.2395164"><ele>134.02956457752154</ele><time>2024-12-14T03:11:29Z</time></trkpt><trkpt lat="36.004575" lon="139.2396315"><ele>132.96300241132903</ele><time>2024-12-14T03:11:44Z</time></trkpt><trkpt lat="36.0047452" lon="139.2397484"><ele>133.0298095135498</ele><time>2024-12-14T03:11:56Z</time></trkpt><trkpt lat="36.0049177" lon="139.2398825"><ele>131.96326652299425</ele><time>2024-12-14T03:12:11Z</time></trkpt><trkpt lat="36.0049273" lon="139.2401058"><ele>131.96322050346996</ele><time>2024-12-14T03:12:26Z</time></trkpt><trkpt lat="36.0049204" lon="139.2403568"><ele>129.86296423877363</ele><time>2024-12-14T03:12:40Z</time></trkpt><trkpt lat="36.004927" lon="139.2406129"><ele>128.89585047780184</ele><time>2024-12-14T03:12:54Z</time></trkpt><trkpt lat="36.0049295" lon="139.2408358"><ele>128.89539656442852</ele><time>2024-12-14T03:13:06Z</time></trkpt><trkpt lat="36.0049517" lon="139.2410961"><ele>128.86162230991306</ele><time>2024-12-14T03:13:20Z</time></trkpt><trkpt lat="36.0050318" lon="139.2413401"><ele>128.86124378805465</ele><time>2024-12-14T03:13:35Z</time></trkpt><trkpt lat="36.0051391" lon="139.2415425"><ele>127.9276242277417</ele><time>2024-12-14T03:13:49Z</time></trkpt><trkpt lat="36.0052173" lon="139.2417719"><ele>127.96072919874068</ele><time>2024-12-14T03:14:03Z</time></trkpt><trkpt lat="36.0052649" lon="139.2420192"><ele>127.46047389498267</ele><time>2024-12-14T03:14:17Z</time></trkpt><trkpt lat="36.0052517" lon="139.2422497"><ele>126.9267793145803</ele><time>2024-12-14T03:14:29Z</time></trkpt><trkpt lat="36.0052239" lon="139.2424854"><ele>126.42633990656259</ele><time>2024-12-14T03:14:43Z</time></trkpt><trkpt lat="36.0051813" lon="139.2427163"><ele>126.42584553166864</ele><time>2024-12-14T03:14:54Z</time></trkpt><trkpt lat="36.0051685" lon="139.2429514"><ele>126.42534844328831</ele><time>2024-12-14T03:15:09Z</time></trkpt><trkpt lat="36.0051271" lon="139.2432009"><ele>126.25816601638589</ele><time>2024-12-14T03:15:20Z</time></trkpt><trkpt lat="36.005085" lon="139.2434626"><ele>126.25763116820228</ele><time>2024-12-14T03:15:34Z</time></trkpt><trkpt lat="36.0050431" lon="139.2437035"><ele>126.25707132623484</ele><time>2024-12-14T03:15:49Z</time></trkpt><trkpt lat="36.0050403" lon="139.2439624"><ele>126.42320018325113</ele><time>2024-12-14T03:16:03Z</time></trkpt><trkpt lat="36.0050277" lon="139.2441989"><ele>126.42269940611514</ele><time>2024-12-14T03:16:17Z</time></trkpt><trkpt lat="36.0050235" lon="139.2444495"><ele>126.42221999231406</ele><time>2024-12-14T03:16:31Z</time></trkpt><trkpt lat="36.0050347" lon="139.2446958"><ele>126.4217586772606</ele><time>2024-12-14T03:16:42Z</time></trkpt><trkpt lat="36.0050335" lon="139.2449697"><ele>129.32128135894405</ele><time>2024-12-14T03:16:57Z</time></trkpt><trkpt lat="36.0050137" lon="139.2452098"><ele>128.18746880531367</ele><time>2024-12-14T03:17:11Z</time></trkpt><trkpt lat="36.0049263" lon="139.2454112"><ele>126.42027516253582</ele><time>2024-12-14T03:17:22Z</time></trkpt><trkpt lat="36.0047871" lon="139.2455661"><ele>122.15305372853929</ele><time>2024-12-14T03:17:33Z</time></trkpt><trkpt lat="36.0048697" lon="139.2457678"><ele>121.9525972965913</ele><time>2024-12-14T03:17:49Z</time></trkpt><trkpt lat="36.0050263" lon="139.2459473"><ele>122.68566913018283</ele><time>2024-12-14T03:18:04Z</time></trkpt><trkpt lat="36.0051661" lon="139.2461348"><ele>126.95226247316539</ele><time>2024-12-14T03:18:15Z</time></trkpt><trkpt lat="36.005197" lon="139.2463717"><ele>126.95212844991931</ele><time>2024-12-14T03:18:32Z</time></trkpt><trkpt lat="36.0050286" lon="139.2465632"><ele>126.1850835654955</ele><time>2024-12-14T03:18:46Z</time></trkpt><trkpt lat="36.0049199" lon="139.2467671"><ele>122.25117219733879</ele><time>2024-12-14T03:19:00Z</time></trkpt><trkpt lat="36.0047911" lon="139.2469662"><ele>121.81716521340815</ele><time>2024-12-14T03:19:14Z</time></trkpt><trkpt lat="36.0047072" lon="139.2472262"><ele>121.84984222723392</ele><time>2024-12-14T03:19:29Z</time></trkpt><trkpt lat="36.0046252" lon="139.2474562"><ele>121.11585960536264</ele><time>2024-12-14T03:19:43Z</time></trkpt><trkpt lat="36.0045256" lon="139.247673"><ele>121.11521935930239</ele><time>2024-12-14T03:19:54Z</time></trkpt><trkpt lat="36.0044253" lon="139.2479183"><ele>121.11457539656203</ele><time>2024-12-14T03:20:08Z</time></trkpt><trkpt lat="36.0043396" lon="139.2481473"><ele>121.11392868872339</ele><time>2024-12-14T03:20:22Z</time></trkpt><trkpt lat="36.0042935" lon="139.2483752"><ele>121.11331461548632</ele><time>2024-12-14T03:20:33Z</time></trkpt><trkpt lat="36.0042438" lon="139.248624"><ele>121.11273584055597</ele><time>2024-12-14T03:20:48Z</time></trkpt><trkpt lat="36.0042329" lon="139.248876"><ele>121.11219856807888</ele><time>2024-12-14T03:21:02Z</time></trkpt><trkpt lat="36.0042237" lon="139.2491104"><ele>121.11168481761426</ele><time>2024-12-14T03:21:16Z</time></trkpt><trkpt lat="36.0042202" lon="139.2493467"><ele>119.94454694751884</ele><time>2024-12-14T03:21:27Z</time></trkpt><trkpt lat="36.0041889" lon="139.2495668"><ele>118.77741356501498</ele><time>2024-12-14T03:21:39Z</time></trkpt><trkpt lat="36.0041889" lon="139.2497898"><ele>117.61029423840444</ele><time>2024-12-14T03:21:53Z</time></trkpt><trkpt lat="36.0041535" lon="139.2500368"><ele>117.6098179214779</ele><time>2024-12-14T03:22:04Z</time></trkpt><trkpt lat="36.0041485" lon="139.2502851"><ele>117.67605905067971</ele><time>2024-12-14T03:22:15Z</time></trkpt><trkpt lat="36.004224" lon="139.2505334"><ele>117.77572689240195</ele><time>2024-12-14T03:22:29Z</time></trkpt><trkpt lat="36.0043206" lon="139.2507242"><ele>118.77556056419951</ele><time>2024-12-14T03:22:40Z</time></trkpt><trkpt lat="36.0044281" lon="139.2509246"><ele>118.70883535985149</ele><time>2024-12-14T03:22:51Z</time></trkpt><trkpt lat="36.0045373" lon="139.2511584"><ele>119.60880748769092</ele><time>2024-12-14T03:23:06Z</time></trkpt><trkpt lat="36.004643" lon="139.2513649"><ele>118.442114984817</ele><time>2024-12-14T03:23:20Z</time></trkpt><trkpt lat="36.004755" lon="139.2515877"><ele>118.27541721985703</ele><time>2024-12-14T03:23:34Z</time></trkpt><trkpt lat="36.0048826" lon="139.2518033"><ele>117.10874221129042</ele><time>2024-12-14T03:23:48Z</time></trkpt><trkpt lat="36.004986" lon="139.2519882"><ele>117.10874204314791</ele><time>2024-12-14T03:23:59Z</time></trkpt><trkpt lat="36.0050857" lon="139.2522101"><ele>117.10873360223759</ele><time>2024-12-14T03:24:13Z</time></trkpt><trkpt lat="36.0052171" lon="139.2524582"><ele>117.10871528355221</ele><time>2024-12-14T03:24:29Z</time></trkpt><trkpt lat="36.005308" lon="139.2526554"><ele>117.10868285026852</ele><time>2024-12-14T03:24:43Z</time></trkpt><trkpt lat="36.0054125" lon="139.2528911"><ele>117.1086491499999</ele><time>2024-12-14T03:24:54Z</time></trkpt><trkpt lat="36.0055019" lon="139.2530967"><ele>117.1086016002616</ele><time>2024-12-14T03:25:06Z</time></trkpt><trkpt lat="36.0056029" lon="139.2533241"><ele>117.10854992552389</ele><time>2024-12-14T03:25:23Z</time></trkpt><trkpt lat="36.0056454" lon="139.2535805"><ele>117.10844198193543</ele><time>2024-12-14T03:25:40Z</time></trkpt><trkpt lat="36.0056659" lon="139.2538562"><ele>117.10825142481694</ele><time>2024-12-14T03:25:54Z</time></trkpt><trkpt lat="36.0056877" lon="139.2540774"><ele>117.108002049157</ele><time>2024-12-14T03:26:09Z</time></trkpt><trkpt lat="36.0056477" lon="139.2543195"><ele>114.04102549019613</ele><time>2024-12-14T03:26:20Z</time></trkpt><trkpt lat="36.0056091" lon="139.2545477"><ele>110.34068910210819</ele><time>2024-12-14T03:26:31Z</time></trkpt><trkpt lat="36.0055583" lon="139.2548169"><ele>105.90694205951381</ele><time>2024-12-14T03:26:45Z</time></trkpt><trkpt lat="36.0055152" lon="139.2550984"><ele>105.67317770836077</ele><time>2024-12-14T03:27:00Z</time></trkpt><trkpt lat="36.0054862" lon="139.2553394"><ele>105.87274855751207</ele><time>2024-12-14T03:27:14Z</time></trkpt><trkpt lat="36.0054992" lon="139.2556033"><ele>109.10571020127826</ele><time>2024-12-14T03:27:28Z</time></trkpt><trkpt lat="36.0054603" lon="139.2558204"><ele>111.2053686081584</ele><time>2024-12-14T03:27:39Z</time></trkpt><trkpt lat="36.0054672" lon="139.2560753"><ele>113.50504953130648</ele><time>2024-12-14T03:27:53Z</time></trkpt><trkpt lat="36.0054651" lon="139.2563348"><ele>113.50471520813151</ele><time>2024-12-14T03:28:08Z</time></trkpt><trkpt lat="36.0054264" lon="139.2565613"><ele>113.50437688428339</ele><time>2024-12-14T03:28:20Z</time></trkpt><trkpt lat="36.0053058" lon="139.2567495"><ele>113.5039646461263</ele><time>2024-12-14T03:28:34Z</time></trkpt><trkpt lat="36.0051693" lon="139.2569065"><ele>113.50348774542333</ele><time>2024-12-14T03:28:46Z</time></trkpt><trkpt lat="36.0050246" lon="139.2570856"><ele>113.50294538253718</ele><time>2024-12-14T03:29:01Z</time></trkpt><trkpt lat="36.0049132" lon="139.2573136"><ele>113.5023927439625</ele><time>2024-12-14T03:29:13Z</time></trkpt><trkpt lat="36.004962" lon="139.2575555"><ele>113.50195229350652</ele><time>2024-12-14T03:29:30Z</time></trkpt><trkpt lat="36.0049782" lon="139.2578153"><ele>113.50160649941942</ele><time>2024-12-14T03:29:44Z</time></trkpt><trkpt lat="36.0049711" lon="139.2580676"><ele>113.50133405795377</ele><time>2024-12-14T03:29:59Z</time></trkpt><trkpt lat="36.0049505" lon="139.2582942"><ele>113.50101227462301</ele><time>2024-12-14T03:30:11Z</time></trkpt><trkpt lat="36.0049193" lon="139.2585158"><ele>113.50066832081012</ele><time>2024-12-14T03:30:25Z</time></trkpt><trkpt lat="36.0048415" lon="139.2587337"><ele>113.50028147508532</ele><time>2024-12-14T03:30:37Z</time></trkpt><trkpt lat="36.0047059" lon="139.2589132"><ele>112.16648762142613</ele><time>2024-12-14T03:30:51Z</time></trkpt><trkpt lat="36.0045591" lon="139.2590511"><ele>110.832634919368</ele><time>2024-12-14T03:31:03Z</time></trkpt><trkpt lat="36.004403" lon="139.2592372"><ele>109.4987313251837</ele><time>2024-12-14T03:31:17Z</time></trkpt><trkpt lat="36.0043005" lon="139.259428"><ele>109.33151569175595</ele><time>2024-12-14T03:31:28Z</time></trkpt><trkpt lat="36.0041613" lon="139.2596522"><ele>109.16426858073561</ele><time>2024-12-14T03:31:43Z</time></trkpt><trkpt lat="36.0040555" lon="139.259855"><ele>109.19705140278678</ele><time>2024-12-14T03:31:57Z</time></trkpt><trkpt lat="36.0039748" lon="139.2600625"><ele>109.3631805391097</ele><time>2024-12-14T03:32:08Z</time></trkpt><trkpt lat="36.0038908" lon="139.2602595"><ele>109.5293656776388</ele><time>2024-12-14T03:32:19Z</time></trkpt><trkpt lat="36.0038349" lon="139.2604937"><ele>109.49558065563501</ele><time>2024-12-14T03:32:34Z</time></trkpt><trkpt lat="36.0037448" lon="139.2607023"><ele>108.7284494583563</ele><time>2024-12-14T03:32:48Z</time></trkpt><trkpt lat="36.0037011" lon="139.2609798"><ele>107.96131622974008</ele><time>2024-12-14T03:33:00Z</time></trkpt><trkpt lat="36.0036351" lon="139.2612375"><ele>107.19416404595415</ele><time>2024-12-14T03:33:14Z</time></trkpt><trkpt lat="36.0035744" lon="139.2614795"><ele>107.19368882096842</ele><time>2024-12-14T03:33:28Z</time></trkpt><trkpt lat="36.0035052" lon="139.261711"><ele>107.19321184099543</ele><time>2024-12-14T03:33:39Z</time></trkpt><trkpt lat="36.0034812" lon="139.2619449"><ele>107.19277941378927</ele><time>2024-12-14T03:33:50Z</time></trkpt><trkpt lat="36.0035422" lon="139.2622103"><ele>107.19243757914846</ele><time>2024-12-14T03:34:08Z</time></trkpt><trkpt lat="36.0035644" lon="139.2624342"><ele>107.32550608659783</ele><time>2024-12-14T03:34:25Z</time></trkpt><trkpt lat="36.0035208" lon="139.2626539"><ele>108.3252330551068</ele><time>2024-12-14T03:34:46Z</time></trkpt><trkpt lat="36.0034872" lon="139.2629065"><ele>109.3248868290441</ele><time>2024-12-14T03:34:57Z</time></trkpt><trkpt lat="36.0034858" lon="139.2631561"><ele>110.19117848359004</ele><time>2024-12-14T03:35:11Z</time></trkpt><trkpt lat="36.0035742" lon="139.2634137"><ele>110.1908954437393</ele><time>2024-12-14T03:35:29Z</time></trkpt><trkpt lat="36.0036864" lon="139.2635941"><ele>110.19076585808098</ele><time>2024-12-14T03:35:40Z</time></trkpt><trkpt lat="36.0035194" lon="139.2636782"><ele>109.32390001612752</ele><time>2024-12-14T03:38:34Z</time></trkpt><trkpt lat="36.003305" lon="139.2635967"><ele>112.75692950277971</ele><time>2024-12-14T03:39:37Z</time></trkpt><trkpt lat="36.003118" lon="139.2635666"><ele>116.18979867359803</ele><time>2024-12-14T03:40:12Z</time></trkpt><trkpt lat="36.0029175" lon="139.2634841"><ele>120.48938062725513</ele><time>2024-12-14T03:40:37Z</time></trkpt><trkpt lat="36.0027447" lon="139.2633702"><ele>120.48900905620665</ele><time>2024-12-14T03:40:55Z</time></trkpt><trkpt lat="36.0026212" lon="139.2632053"><ele>115.28874786965103</ele><time>2024-12-14T03:41:13Z</time></trkpt><trkpt lat="36.0024455" lon="139.2631216"><ele>110.85517630328961</ele><time>2024-12-14T03:41:34Z</time></trkpt><trkpt lat="36.0023183" lon="139.2629522"><ele>113.88833250346549</ele><time>2024-12-14T03:41:57Z</time></trkpt><trkpt lat="36.0022775" lon="139.2627075"><ele>122.12159548632373</ele><time>2024-12-14T03:42:19Z</time></trkpt><trkpt lat="36.0021728" lon="139.2624996"><ele>121.75497188745904</ele><time>2024-12-14T03:42:49Z</time></trkpt><trkpt lat="36.0021277" lon="139.2622675"><ele>114.28844895862859</ele><time>2024-12-14T03:43:19Z</time></trkpt><trkpt lat="36.0020285" lon="139.2620453"><ele>106.0552003934971</ele><time>2024-12-14T03:44:04Z</time></trkpt><trkpt lat="36.0019259" lon="139.2618425"><ele>105.65528536225456</ele><time>2024-12-14T03:44:28Z</time></trkpt><trkpt lat="36.0018962" lon="139.2615993"><ele>106.42205514788601</ele><time>2024-12-14T03:44:49Z</time></trkpt><trkpt lat="36.0018001" lon="139.2614075"><ele>106.42214707786428</ele><time>2024-12-14T03:45:13Z</time></trkpt><trkpt lat="36.0016593" lon="139.2612572"><ele>106.42218490761535</ele><time>2024-12-14T03:45:37Z</time></trkpt><trkpt lat="36.0015471" lon="139.2610674"><ele>104.88879618882298</ele><time>2024-12-14T03:45:55Z</time></trkpt><trkpt lat="36.0014098" lon="139.2609051"><ele>104.88869650753928</ele><time>2024-12-14T03:46:16Z</time></trkpt><trkpt lat="36.0012517" lon="139.2607849"><ele>104.88856996220152</ele><time>2024-12-14T03:46:43Z</time></trkpt><trkpt lat="36.001103" lon="139.2606525"><ele>104.88838860462602</ele><time>2024-12-14T03:47:04Z</time></trkpt><trkpt lat="36.0009982" lon="139.2604568"><ele>104.88824959379785</ele><time>2024-12-14T03:47:31Z</time></trkpt><trkpt lat="36.0009151" lon="139.2602388"><ele>104.8882164961865</ele><time>2024-12-14T03:47:58Z</time></trkpt><trkpt lat="36.0008854" lon="139.2600027"><ele>104.8883279328157</ele><time>2024-12-14T03:48:29Z</time></trkpt><trkpt lat="36.0009391" lon="139.2597766"><ele>104.88858312766313</ele><time>2024-12-14T03:48:50Z</time></trkpt><trkpt lat="36.0009674" lon="139.2595396"><ele>143.5222683726843</ele><time>2024-12-14T03:49:17Z</time></trkpt><trkpt lat="36.0010705" lon="139.2593414"><ele>183.02271158302267</ele><time>2024-12-14T03:49:44Z</time></trkpt><trkpt lat="36.0009314" lon="139.259194"><ele>223.3896290725169</ele><time>2024-12-14T03:50:17Z</time></trkpt><trkpt lat="36.000796" lon="139.2590185"><ele>227.68972237439996</ele><time>2024-12-14T03:51:08Z</time></trkpt><trkpt lat="36.0006705" lon="139.2588494"><ele>232.72295034368867</ele><time>2024-12-14T03:51:26Z</time></trkpt><trkpt lat="36.0005903" lon="139.2586333"><ele>239.1895909631564</ele><time>2024-12-14T03:51:56Z</time></trkpt><trkpt lat="36.0005072" lon="139.2584289"><ele>244.8229543507363</ele><time>2024-12-14T03:52:20Z</time></trkpt><trkpt lat="36.0004466" lon="139.2582044"><ele>250.4230624732203</ele><time>2024-12-14T03:52:46Z</time></trkpt><trkpt lat="36.0003968" lon="139.2579885"><ele>255.2231956126432</ele><time>2024-12-14T03:53:11Z</time></trkpt><trkpt lat="36.0002696" lon="139.2578089"><ele>259.92328260466877</ele><time>2024-12-14T03:53:38Z</time></trkpt><trkpt lat="36.0001856" lon="139.2576126"><ele>264.4900052580064</ele><time>2024-12-14T03:54:08Z</time></trkpt><trkpt lat="36.000062" lon="139.2574365"><ele>268.8566511614342</ele><time>2024-12-14T03:55:04Z</time></trkpt><trkpt lat="35.9998657" lon="139.2573548"><ele>274.7232573681496</ele><time>2024-12-14T03:55:58Z</time></trkpt><trkpt lat="35.9996842" lon="139.2573731"><ele>280.15643553823134</ele><time>2024-12-14T03:56:25Z</time></trkpt><trkpt lat="35.999618" lon="139.2571615"><ele>285.1897054967153</ele><time>2024-12-14T03:56:49Z</time></trkpt><trkpt lat="35.9995213" lon="139.2569365"><ele>289.05643722045596</ele><time>2024-12-14T03:57:16Z</time></trkpt><trkpt lat="35.9994847" lon="139.2566934"><ele>293.39000642016646</ele><time>2024-12-14T03:57:37Z</time></trkpt><trkpt lat="35.9993895" lon="139.2564707"><ele>297.1902370742542</ele><time>2024-12-14T03:57:55Z</time></trkpt><trkpt lat="35.9993001" lon="139.2562766"><ele>298.9237899164088</ele><time>2024-12-14T03:58:10Z</time></trkpt><trkpt lat="35.9992097" lon="139.2560601"><ele>299.59064489708436</ele><time>2024-12-14T03:58:27Z</time></trkpt><trkpt lat="35.9990926" lon="139.2558571"><ele>300.3241500123277</ele><time>2024-12-14T03:58:48Z</time></trkpt><trkpt lat="35.9989203" lon="139.2557731"><ele>302.3242423558624</ele><time>2024-12-14T03:59:10Z</time></trkpt><trkpt lat="35.9987556" lon="139.2556641"><ele>306.657592863649</ele><time>2024-12-14T04:00:20Z</time></trkpt><trkpt lat="35.9985797" lon="139.2555601"><ele>312.5575442731118</ele><time>2024-12-14T04:00:44Z</time></trkpt><trkpt lat="35.9984071" lon="139.2554684"><ele>318.62416594398996</ele><time>2024-12-14T04:01:12Z</time></trkpt><trkpt lat="35.9982321" lon="139.2553817"><ele>323.25744066204845</ele><time>2024-12-14T04:01:36Z</time></trkpt><trkpt lat="35.9980505" lon="139.255314"><ele>326.5573636737718</ele><time>2024-12-14T04:02:11Z</time></trkpt><trkpt lat="35.9978834" lon="139.255225"><ele>330.1906209385743</ele><time>2024-12-14T04:02:42Z</time></trkpt><trkpt lat="35.9977036" lon="139.2551866"><ele>334.85718794534324</ele><time>2024-12-14T04:03:27Z</time></trkpt><trkpt lat="35.9975387" lon="139.2550916"><ele>340.4904402022675</ele><time>2024-12-14T04:04:03Z</time></trkpt><trkpt lat="35.9974199" lon="139.2549123"><ele>346.0570844791544</ele><time>2024-12-14T04:04:42Z</time></trkpt><trkpt lat="35.9972816" lon="139.2547533"><ele>353.19046554949387</ele><time>2024-12-14T04:05:51Z</time></trkpt><trkpt lat="35.997102" lon="139.2546726"><ele>358.39050174007525</ele><time>2024-12-14T04:06:24Z</time></trkpt><trkpt lat="35.9969092" lon="139.254647"><ele>363.95710810759937</ele><time>2024-12-14T04:06:48Z</time></trkpt><trkpt lat="35.9967197" lon="139.2546202"><ele>365.656969204115</ele><time>2024-12-14T04:07:18Z</time></trkpt><trkpt lat="35.9965155" lon="139.2546007"><ele>372.95679359483074</ele><time>2024-12-14T04:08:09Z</time></trkpt><trkpt lat="35.9963304" lon="139.2545911"><ele>381.2232800956272</ele><time>2024-12-14T04:08:36Z</time></trkpt><trkpt lat="35.9961271" lon="139.2546414"><ele>388.3230596079523</ele><time>2024-12-14T04:08:54Z</time></trkpt><trkpt lat="35.9959462" lon="139.2546885"><ele>389.7561500896732</ele><time>2024-12-14T04:09:09Z</time></trkpt><trkpt lat="35.9957536" lon="139.2547466"><ele>396.1962299912744</ele><time>2024-12-14T04:09:30Z</time></trkpt><trkpt lat="35.9955627" lon="139.2547456"><ele>404.62640531688476</ele><time>2024-12-14T04:09:54Z</time></trkpt><trkpt lat="35.9953712" lon="139.2547244"><ele>414.52</ele><time>2024-12-14T04:10:24Z</time></trkpt><trkpt lat="35.9951869" lon="139.2547332"><ele>418.27333333333337</ele><time>2024-12-14T04:10:51Z</time></trkpt><trkpt lat="35.9950176" lon="139.2548437"><ele>421.39000000000004</ele><time>2024-12-14T04:28:08Z</time></trkpt><trkpt lat="35.9948352" lon="139.2548201"><ele>423.06333333333333</ele><time>2024-12-14T04:28:23Z</time></trkpt><trkpt lat="35.9946333" lon="139.2548264"><ele>422.3533333333333</ele><time>2024-12-14T04:28:56Z</time></trkpt><trkpt lat="35.9944437" lon="139.2548751"><ele>421.11666666666673</ele><time>2024-12-14T04:29:14Z</time></trkpt><trkpt lat="35.9942488" lon="139.2549848"><ele>420.2866666666667</ele><time>2024-12-14T04:29:44Z</time></trkpt><trkpt lat="35.9941347" lon="139.2551705"><ele>420.3</ele><time>2024-12-14T04:29:59Z</time></trkpt><trkpt lat="35.9942579" lon="139.2549772"><ele>420.6933333333333</ele><time>2024-12-14T04:32:41Z</time></trkpt><trkpt lat="35.9944347" lon="139.2549073"><ele>421.0133333333333</ele><time>2024-12-14T04:32:56Z</time></trkpt><trkpt lat="35.9946347" lon="139.2548427"><ele>421.0</ele><time>2024-12-14T04:34:23Z</time></trkpt><trkpt lat="35.9948201" lon="139.2548058"><ele>421.4966666666667</ele><time>2024-12-14T04:34:44Z</time></trkpt><trkpt lat="35.9950303" lon="139.2548652"><ele>422.35666666666674</ele><time>2024-12-14T04:35:11Z</time></trkpt><trkpt lat="35.995209" lon="139.2548016"><ele>423.0133333333333</ele><time>2024-12-14T04:35:26Z</time></trkpt><trkpt lat="35.9953842" lon="139.254733"><ele>421.34</ele><time>2024-12-14T04:51:44Z</time></trkpt><trkpt lat="35.9955651" lon="139.2547651"><ele>418.22</ele><time>2024-12-14T04:52:04Z</time></trkpt><trkpt lat="35.995768" lon="139.2547122"><ele>413.8733333333333</ele><time>2024-12-14T04:52:32Z</time></trkpt><trkpt lat="35.9959642" lon="139.254651"><ele>311.67976740481095</ele><time>2024-12-14T04:52:50Z</time></trkpt><trkpt lat="35.9961397" lon="139.2545998"><ele>210.5829541172628</ele><time>2024-12-14T04:53:05Z</time></trkpt><trkpt lat="35.9963386" lon="139.2545902"><ele>110.98954929775125</ele><time>2024-12-14T04:53:23Z</time></trkpt><trkpt lat="35.9965277" lon="139.2547105"><ele>110.9897223963635</ele><time>2024-12-14T04:54:08Z</time></trkpt><trkpt lat="35.996732" lon="139.2546783"><ele>110.98989698344447</ele><time>2024-12-14T04:54:41Z</time></trkpt><trkpt lat="35.9969395" lon="139.254714"><ele>110.99005388631592</ele><time>2024-12-14T04:54:59Z</time></trkpt><trkpt lat="35.99712" lon="139.2547527"><ele>110.99024529818166</ele><time>2024-12-14T04:55:17Z</time></trkpt><trkpt lat="35.9973182" lon="139.2548007"><ele>110.9903978200493</ele><time>2024-12-14T04:55:46Z</time></trkpt><trkpt lat="35.9974288" lon="139.2549789"><ele>196.09044567772085</ele><time>2024-12-14T04:56:09Z</time></trkpt><trkpt lat="35.9975932" lon="139.2551426"><ele>279.6237641431691</ele><time>2024-12-14T04:56:31Z</time></trkpt><trkpt lat="35.9977774" lon="139.2552146"><ele>360.7904001958312</ele><time>2024-12-14T04:57:11Z</time></trkpt><trkpt lat="35.9979876" lon="139.2553263"><ele>354.95710751534915</ele><time>2024-12-14T04:57:55Z</time></trkpt><trkpt lat="35.99821" lon="139.2554098"><ele>346.62387242324456</ele><time>2024-12-14T04:58:29Z</time></trkpt><trkpt lat="35.9983875" lon="139.2554982"><ele>339.92396099681923</ele><time>2024-12-14T04:58:59Z</time></trkpt><trkpt lat="35.9985478" lon="139.2556104"><ele>337.1906984276302</ele><time>2024-12-14T04:59:53Z</time></trkpt><trkpt lat="35.9987351" lon="139.2557252"><ele>333.65740929690884</ele><time>2024-12-14T05:00:17Z</time></trkpt><trkpt lat="35.9989137" lon="139.2558172"><ele>328.157452471085</ele><time>2024-12-14T05:00:38Z</time></trkpt><trkpt lat="35.9990773" lon="139.2559252"><ele>318.6908322967193</ele><time>2024-12-14T05:00:53Z</time></trkpt><trkpt lat="35.9992125" lon="139.2561129"><ele>311.82416062007786</ele><time>2024-12-14T05:01:11Z</time></trkpt><trkpt lat="35.9993297" lon="139.2563357"><ele>305.6240745046794</ele><time>2024-12-14T05:01:29Z</time></trkpt><trkpt lat="35.999423" lon="139.2565313"><ele>300.55725702614643</ele><time>2024-12-14T05:01:41Z</time></trkpt><trkpt lat="35.999507" lon="139.2567747"><ele>296.65706285542825</ele><time>2024-12-14T05:01:56Z</time></trkpt><trkpt lat="35.9995688" lon="139.2569882"><ele>293.4235198863913</ele><time>2024-12-14T05:02:11Z</time></trkpt><trkpt lat="35.999652" lon="139.2572017"><ele>290.2899653919845</ele><time>2024-12-14T05:02:26Z</time></trkpt><trkpt lat="35.9997304" lon="139.2574049"><ele>287.3564272992685</ele><time>2024-12-14T05:02:41Z</time></trkpt><trkpt lat="35.9999183" lon="139.257373"><ele>286.4897126447524</ele><time>2024-12-14T05:03:05Z</time></trkpt><trkpt lat="36.0000521" lon="139.2575454"><ele>285.5230581383578</ele><time>2024-12-14T05:03:32Z</time></trkpt><trkpt lat="36.000148" lon="139.2577342"><ele>284.4231258936125</ele><time>2024-12-14T05:03:55Z</time></trkpt><trkpt lat="36.0002708" lon="139.2579271"><ele>280.689789972704</ele><time>2024-12-14T05:04:17Z</time></trkpt><trkpt lat="36.0003656" lon="139.2581238"><ele>274.9231151786016</ele><time>2024-12-14T05:04:35Z</time></trkpt><trkpt lat="36.0004225" lon="139.2583781"><ele>268.2230467431018</ele><time>2024-12-14T05:04:52Z</time></trkpt><trkpt lat="36.0005161" lon="139.2586293"><ele>260.75626258246575</ele><time>2024-12-14T05:05:13Z</time></trkpt><trkpt lat="36.0006208" lon="139.2588157"><ele>254.42282507824802</ele><time>2024-12-14T05:05:31Z</time></trkpt><trkpt lat="36.00075" lon="139.259019"><ele>247.95613645587744</ele><time>2024-12-14T05:05:53Z</time></trkpt><trkpt lat="36.0008806" lon="139.2592138"><ele>242.12283732347294</ele><time>2024-12-14T05:06:14Z</time></trkpt><trkpt lat="36.0010399" lon="139.2593448"><ele>235.85627480965266</ele><time>2024-12-14T05:06:41Z</time></trkpt><trkpt lat="36.0009141" lon="139.2595131"><ele>229.98952080676634</ele><time>2024-12-14T05:07:01Z</time></trkpt><trkpt lat="36.0008708" lon="139.2597568"><ele>224.48927015685342</ele><time>2024-12-14T05:07:22Z</time></trkpt><trkpt lat="36.0008735" lon="139.259983"><ele>219.05551606767912</ele><time>2024-12-14T05:07:37Z</time></trkpt><trkpt lat="36.0008645" lon="139.260212"><ele>213.45516324179894</ele><time>2024-12-14T05:07:51Z</time></trkpt><trkpt lat="36.000914" lon="139.2604466"><ele>207.7882237610427</ele><time>2024-12-14T05:08:06Z</time></trkpt><trkpt lat="36.0010338" lon="139.2606168"><ele>203.15473895021384</ele><time>2024-12-14T05:08:27Z</time></trkpt><trkpt lat="36.0012108" lon="139.2607589"><ele>198.78811279258355</ele><time>2024-12-14T05:08:46Z</time></trkpt><trkpt lat="36.0013532" lon="139.2609025"><ele>193.72160424872922</ele><time>2024-12-14T05:09:05Z</time></trkpt><trkpt lat="36.0014659" lon="139.2610905"><ele>188.6550827120526</ele><time>2024-12-14T05:09:23Z</time></trkpt><trkpt lat="36.0015624" lon="139.2613161"><ele>183.3217919161666</ele><time>2024-12-14T05:09:40Z</time></trkpt><trkpt lat="36.0016529" lon="139.2615405"><ele>179.45508988615197</ele><time>2024-12-14T05:09:56Z</time></trkpt><trkpt lat="36.0017638" lon="139.261744"><ele>175.88838026746427</ele><time>2024-12-14T05:10:11Z</time></trkpt><trkpt lat="36.0018227" lon="139.2619664"><ele>173.02164161755218</ele><time>2024-12-14T05:10:29Z</time></trkpt><trkpt lat="36.0019337" lon="139.2621471"><ele>171.62160661751236</ele><time>2024-12-14T05:10:55Z</time></trkpt><trkpt lat="36.0021058" lon="139.2622989"><ele>169.5549793361912</ele><time>2024-12-14T05:11:22Z</time></trkpt><trkpt lat="36.0021833" lon="139.2625225"><ele>165.32170099228497</ele><time>2024-12-14T05:11:42Z</time></trkpt><trkpt lat="36.0022406" lon="139.2627783"><ele>151.38834766557324</ele><time>2024-12-14T05:12:03Z</time></trkpt><trkpt lat="36.0023228" lon="139.2629918"><ele>143.92155771355036</ele><time>2024-12-14T05:12:18Z</time></trkpt><trkpt lat="36.0025039" lon="139.2631304"><ele>134.6882276350346</ele><time>2024-12-14T05:12:35Z</time></trkpt><trkpt lat="36.0026518" lon="139.2632773"><ele>131.6550227311404</ele><time>2024-12-14T05:12:50Z</time></trkpt><trkpt lat="36.0028065" lon="139.2633997"><ele>123.52192111007537</ele><time>2024-12-14T05:13:02Z</time></trkpt><trkpt lat="36.0029756" lon="139.2635096"><ele>123.9221489294002</ele><time>2024-12-14T05:13:17Z</time></trkpt><trkpt lat="36.0031495" lon="139.2635827"><ele>123.92243334922215</ele><time>2024-12-14T05:13:38Z</time></trkpt><trkpt lat="36.0033323" lon="139.2636452"><ele>123.92276791489088</ele><time>2024-12-14T05:13:56Z</time></trkpt><trkpt lat="36.0035316" lon="139.2637329"><ele>120.48980976789282</ele><time>2024-12-14T05:14:23Z</time></trkpt><trkpt lat="36.0037191" lon="139.2636874"><ele>120.49024279589166</ele><time>2024-12-14T05:15:14Z</time></trkpt><trkpt lat="36.0039189" lon="139.2638113"><ele>120.49066408108077</ele><time>2024-12-14T05:15:29Z</time></trkpt><trkpt lat="36.0040997" lon="139.2639161"><ele>120.49106297859787</ele><time>2024-12-14T05:15:44Z</time></trkpt><trkpt lat="36.0043087" lon="139.2638634"><ele>115.32481132765406</ele><time>2024-12-14T05:15:59Z</time></trkpt><trkpt lat="36.004471" lon="139.2637558"><ele>110.12529400552789</ele><time>2024-12-14T05:16:11Z</time></trkpt><trkpt lat="36.004664" lon="139.2637415"><ele>102.1925085471036</ele><time>2024-12-14T05:16:29Z</time></trkpt><trkpt lat="36.0048515" lon="139.2637599"><ele>99.42634627331923</ele><time>2024-12-14T05:16:47Z</time></trkpt><trkpt lat="36.0050323" lon="139.2638477"><ele>96.69344985041396</ele><time>2024-12-14T05:17:05Z</time></trkpt><trkpt lat="36.0052085" lon="139.2639182"><ele>96.69383287313197</ele><time>2024-12-14T05:17:19Z</time></trkpt><trkpt lat="36.0052383" lon="139.2641431"><ele>67.72732544987367</ele><time>2024-12-14T05:17:32Z</time></trkpt><trkpt lat="36.0052137" lon="139.2643957"><ele>38.72724315860582</ele><time>2024-12-14T05:17:47Z</time></trkpt><trkpt lat="36.0051771" lon="139.2646318"><ele>40.693578367969025</ele><time>2024-12-14T05:18:01Z</time></trkpt><trkpt lat="36.0051875" lon="139.2648999"><ele>72.52655102266236</ele><time>2024-12-14T05:18:17Z</time></trkpt><trkpt lat="36.0051759" lon="139.2651267"><ele>104.39287823051303</ele><time>2024-12-14T05:18:31Z</time></trkpt><trkpt lat="36.0051599" lon="139.2653507"><ele>103.35923216210801</ele><time>2024-12-14T05:18:46Z</time></trkpt><trkpt lat="36.0051504" lon="139.2655959"><ele>101.82557679878242</ele><time>2024-12-14T05:18:58Z</time></trkpt><trkpt lat="36.0051332" lon="139.2658443"><ele>98.35857004768064</ele><time>2024-12-14T05:19:12Z</time></trkpt><trkpt lat="36.0051245" lon="139.2661192"><ele>99.52488227376598</ele><time>2024-12-14T05:19:27Z</time></trkpt><trkpt lat="36.0051013" lon="139.266385"><ele>100.29117500499974</ele><time>2024-12-14T05:19:41Z</time></trkpt><trkpt lat="36.0050918" lon="139.2666075"><ele>102.99082252469196</ele><time>2024-12-14T05:19:53Z</time></trkpt><trkpt lat="36.0050739" lon="139.2668306"><ele>104.02380911408257</ele><time>2024-12-14T05:20:05Z</time></trkpt><trkpt lat="36.0050448" lon="139.2670577"><ele>103.25680884220856</ele><time>2024-12-14T05:20:20Z</time></trkpt><trkpt lat="36.0050053" lon="139.2673156"><ele>102.9897676660817</ele><time>2024-12-14T05:20:35Z</time></trkpt><trkpt lat="36.0050099" lon="139.2675491"><ele>101.18941102972263</ele><time>2024-12-14T05:20:46Z</time></trkpt><trkpt lat="36.0049951" lon="139.2678003"><ele>102.38905126247128</ele><time>2024-12-14T05:21:01Z</time></trkpt><trkpt lat="36.0050199" lon="139.2680332"><ele>103.22209385031853</ele><time>2024-12-14T05:21:13Z</time></trkpt><trkpt lat="36.0050352" lon="139.2682622"><ele>103.72181431914369</ele><time>2024-12-14T05:21:28Z</time></trkpt><trkpt lat="36.0050536" lon="139.2684897"><ele>103.02157664967474</ele><time>2024-12-14T05:21:40Z</time></trkpt><trkpt lat="36.0050604" lon="139.2687243"><ele>102.38798335649192</ele><time>2024-12-14T05:21:55Z</time></trkpt><trkpt lat="36.0050894" lon="139.2689493"><ele>102.5877371300839</ele><time>2024-12-14T05:22:07Z</time></trkpt><trkpt lat="36.0051116" lon="139.2691986"><ele>102.7874851602586</ele><time>2024-12-14T05:22:21Z</time></trkpt><trkpt lat="36.0051356" lon="139.2694658"><ele>102.45390428303546</ele><time>2024-12-14T05:22:36Z</time></trkpt><trkpt lat="36.0051596" lon="139.2697307"><ele>102.42030547446137</ele><time>2024-12-14T05:22:54Z</time></trkpt><trkpt lat="36.005195" lon="139.26995"><ele>102.12006340753423</ele><time>2024-12-14T05:23:08Z</time></trkpt><trkpt lat="36.0051628" lon="139.2701721"><ele>102.18645995519084</ele><time>2024-12-14T05:23:20Z</time></trkpt><trkpt lat="36.005168" lon="139.2704013"><ele>102.05284805026798</ele><time>2024-12-14T05:23:35Z</time></trkpt><trkpt lat="36.0051917" lon="139.2706444"><ele>102.15255336012443</ele><time>2024-12-14T05:23:51Z</time></trkpt><trkpt lat="36.0051973" lon="139.2708835"><ele>102.08561294849989</ele><time>2024-12-14T05:24:07Z</time></trkpt><trkpt lat="36.0051674" lon="139.2711513"><ele>101.05196577265019</ele><time>2024-12-14T05:24:25Z</time></trkpt><trkpt lat="36.0051212" lon="139.2714439"><ele>100.05156623023034</ele><time>2024-12-14T05:24:40Z</time></trkpt><trkpt lat="36.0050364" lon="139.2716401"><ele>97.18444097837039</ele><time>2024-12-14T05:24:52Z</time></trkpt><trkpt lat="36.0050017" lon="139.2718838"><ele>95.18398488478347</ele><time>2024-12-14T05:25:07Z</time></trkpt><trkpt lat="36.0049355" lon="139.2720924"><ele>93.18354606705428</ele><time>2024-12-14T05:25:19Z</time></trkpt><trkpt lat="36.0048519" lon="139.2723388"><ele>93.64975114777236</ele><time>2024-12-14T05:25:36Z</time></trkpt><trkpt lat="36.004754" lon="139.272572"><ele>94.54923826245931</ele><time>2024-12-14T05:26:25Z</time></trkpt><trkpt lat="36.0046674" lon="139.2728062"><ele>94.81536441910585</ele><time>2024-12-14T05:26:36Z</time></trkpt><trkpt lat="36.0045683" lon="139.2730162"><ele>94.61482682427486</ele><time>2024-12-14T05:26:51Z</time></trkpt><trkpt lat="36.0044602" lon="139.2732406"><ele>94.01427899836919</ele><time>2024-12-14T05:27:05Z</time></trkpt><trkpt lat="36.0044208" lon="139.2735008"><ele>94.11375864276273</ele><time>2024-12-14T05:27:20Z</time></trkpt><trkpt lat="36.0043658" lon="139.2737165"><ele>94.31327579148608</ele><time>2024-12-14T05:27:31Z</time></trkpt><trkpt lat="36.0042989" lon="139.2739463"><ele>94.6128331033896</ele><time>2024-12-14T05:27:46Z</time></trkpt><trkpt lat="36.0042286" lon="139.2741571"><ele>94.84571761505164</ele><time>2024-12-14T05:27:57Z</time></trkpt><trkpt lat="36.0041574" lon="139.2743887"><ele>94.2452418355794</ele><time>2024-12-14T05:28:12Z</time></trkpt><trkpt lat="36.0041008" lon="139.274645"><ele>93.2780947781218</ele><time>2024-12-14T05:28:27Z</time></trkpt><trkpt lat="36.004014" lon="139.2748952"><ele>92.54424768571734</ele><time>2024-12-14T05:28:41Z</time></trkpt><trkpt lat="36.0039369" lon="139.2751068"><ele>92.17710474846517</ele><time>2024-12-14T05:28:56Z</time></trkpt><trkpt lat="36.0038621" lon="139.2753435"><ele>92.41001079494653</ele><time>2024-12-14T05:29:11Z</time></trkpt><trkpt lat="36.0038166" lon="139.2755927"><ele>92.40968699400817</ele><time>2024-12-14T05:29:26Z</time></trkpt><trkpt lat="36.0037543" lon="139.2758436"><ele>92.77606109438415</ele><time>2024-12-14T05:29:41Z</time></trkpt><trkpt lat="36.0036549" lon="139.2760823"><ele>92.40908589078087</ele><time>2024-12-14T05:29:56Z</time></trkpt><trkpt lat="36.0035836" lon="139.2763334"><ele>91.9087511347778</ele><time>2024-12-14T05:30:10Z</time></trkpt><trkpt lat="36.0035221" lon="139.2765474"><ele>91.24175707224288</ele><time>2024-12-14T05:30:22Z</time></trkpt><trkpt lat="36.0034262" lon="139.2767606"><ele>90.9414345802195</ele><time>2024-12-14T05:30:38Z</time></trkpt><trkpt lat="36.0033746" lon="139.2770197"><ele>90.84113601347742</ele><time>2024-12-14T05:30:53Z</time></trkpt><trkpt lat="36.0033432" lon="139.2772549"><ele>90.77419155133316</ele><time>2024-12-14T05:31:08Z</time></trkpt><trkpt lat="36.0032912" lon="139.2774758"><ele>90.70728557030402</ele><time>2024-12-14T05:31:23Z</time></trkpt><trkpt lat="36.0033332" lon="139.2777086"><ele>90.37380028021676</ele><time>2024-12-14T05:31:35Z</time></trkpt><trkpt lat="36.0033559" lon="139.2779561"><ele>90.04036139078842</ele><time>2024-12-14T05:31:50Z</time></trkpt><trkpt lat="36.0033364" lon="139.2781936"><ele>89.57361757442102</ele><time>2024-12-14T05:32:05Z</time></trkpt><trkpt lat="36.0033269" lon="139.2784513"><ele>89.07348817939344</ele><time>2024-12-14T05:32:19Z</time></trkpt><trkpt lat="36.0032601" lon="139.2786903"><ele>88.83994818448014</ele><time>2024-12-14T05:32:34Z</time></trkpt><trkpt lat="36.0032044" lon="139.2789418"><ele>88.10637385570112</ele><time>2024-12-14T05:32:49Z</time></trkpt><trkpt lat="36.0031401" lon="139.2791933"><ele>87.60608441579514</ele><time>2024-12-14T05:33:04Z</time></trkpt><trkpt lat="36.0031121" lon="139.2794447"><ele>86.839160048019</ele><time>2024-12-14T05:33:19Z</time></trkpt><trkpt lat="36.0030645" lon="139.2796911"><ele>86.83891172802207</ele><time>2024-12-14T05:33:33Z</time></trkpt><trkpt lat="36.0030171" lon="139.2799118"><ele>86.90534945859015</ele><time>2024-12-14T05:33:50Z</time></trkpt><trkpt lat="36.002964" lon="139.2801303"><ele>84.40510298930828</ele><time>2024-12-14T05:34:06Z</time></trkpt><trkpt lat="36.0029366" lon="139.2803537"><ele>82.83820973951352</ele><time>2024-12-14T05:34:18Z</time></trkpt><trkpt lat="36.0028692" lon="139.2805707"><ele>82.6379684329414</ele><time>2024-12-14T05:34:33Z</time></trkpt><trkpt lat="36.0028003" lon="139.2807774"><ele>85.13771951817293</ele><time>2024-12-14T05:34:45Z</time></trkpt><trkpt lat="36.0027628" lon="139.2810114"><ele>85.13745818384272</ele><time>2024-12-14T05:35:00Z</time></trkpt><trkpt lat="36.0027071" lon="139.2812547"><ele>83.7038688286147</ele><time>2024-12-14T05:35:14Z</time></trkpt><trkpt lat="36.0026805" lon="139.2814958"><ele>82.27031131485857</ele><time>2024-12-14T05:35:29Z</time></trkpt><trkpt lat="36.0026812" lon="139.2817364"><ele>82.20345259801805</ele><time>2024-12-14T05:35:40Z</time></trkpt><trkpt lat="36.0026718" lon="139.2820052"><ele>82.13663049633453</ele><time>2024-12-14T05:35:55Z</time></trkpt><trkpt lat="36.0026661" lon="139.2822691"><ele>82.06982305590428</ele><time>2024-12-14T05:36:10Z</time></trkpt><trkpt lat="36.0026266" lon="139.2825063"><ele>81.40298261742525</ele><time>2024-12-14T05:36:25Z</time></trkpt><trkpt lat="36.002609" lon="139.2827837"><ele>81.26946654547388</ele><time>2024-12-14T05:36:39Z</time></trkpt><trkpt lat="36.0026196" lon="139.283011"><ele>81.13597074165465</ele><time>2024-12-14T05:36:54Z</time></trkpt><trkpt lat="36.0026033" lon="139.2832731"><ele>81.73582608172718</ele><time>2024-12-14T05:37:09Z</time></trkpt><trkpt lat="36.0026242" lon="139.2835222"><ele>81.20238572857083</ele><time>2024-12-14T05:37:23Z</time></trkpt><trkpt lat="36.00267" lon="139.2837372"><ele>80.66897787594684</ele><time>2024-12-14T05:37:42Z</time></trkpt><trkpt lat="36.002563" lon="139.2839529"><ele>80.20216465999941</ele><time>2024-12-14T05:38:06Z</time></trkpt><trkpt lat="36.0024923" lon="139.2841615"><ele>80.33527976226252</ele><time>2024-12-14T05:38:33Z</time></trkpt><trkpt lat="36.0024796" lon="139.2844203"><ele>81.03500278692793</ele><time>2024-12-14T05:38:48Z</time></trkpt><trkpt lat="36.0024318" lon="139.284656"><ele>81.70144136041095</ele><time>2024-12-14T05:39:02Z</time></trkpt><trkpt lat="36.0024394" lon="139.2849032"><ele>81.93460718218931</ele><time>2024-12-14T05:39:20Z</time></trkpt><trkpt lat="36.0024881" lon="139.285134"><ele>81.56783207709906</ele><time>2024-12-14T05:39:32Z</time></trkpt><trkpt lat="36.0025652" lon="139.285398"><ele>81.10115893565538</ele><time>2024-12-14T05:39:46Z</time></trkpt><trkpt lat="36.0026166" lon="139.2856166"><ele>81.06786228261863</ele><time>2024-12-14T05:39:58Z</time></trkpt><trkpt lat="36.0026816" lon="139.2858728"><ele>80.56790795080029</ele><time>2024-12-14T05:40:16Z</time></trkpt><trkpt lat="36.0027597" lon="139.2861254"><ele>79.70128971376609</ele><time>2024-12-14T05:40:30Z</time></trkpt><trkpt lat="36.0028264" lon="139.28637"><ele>78.83467994792699</ele><time>2024-12-14T05:40:45Z</time></trkpt><trkpt lat="36.0029106" lon="139.2865673"><ele>78.46809585024185</ele><time>2024-12-14T05:40:57Z</time></trkpt><trkpt lat="36.0030283" lon="139.2867598"><ele>78.43488834681659</ele><time>2024-12-14T05:41:12Z</time></trkpt><trkpt lat="36.0031471" lon="139.2869748"><ele>78.4017297279192</ele><time>2024-12-14T05:41:27Z</time></trkpt><trkpt lat="36.003274" lon="139.2871579"><ele>78.23527552685518</ele><time>2024-12-14T05:41:41Z</time></trkpt><trkpt lat="36.0034015" lon="139.2873353"><ele>77.60216440428486</ele><time>2024-12-14T05:41:53Z</time></trkpt><trkpt lat="36.0035394" lon="139.2875119"><ele>76.9690753125318</ele><time>2024-12-14T05:42:08Z</time></trkpt><trkpt lat="36.0036358" lon="139.2877139"><ele>76.5692913595591</ele><time>2024-12-14T05:42:23Z</time></trkpt><trkpt lat="36.0037385" lon="139.2879035"><ele>76.56948267782718</ele><time>2024-12-14T05:42:35Z</time></trkpt><trkpt lat="36.0037358" lon="139.2881395"><ele>76.53621126784911</ele><time>2024-12-14T05:42:49Z</time></trkpt><trkpt lat="36.0036032" lon="139.2883128"><ele>76.70274969478908</ele><time>2024-12-14T05:43:04Z</time></trkpt></trkseg></trk></gpx>