<?xml version='1.0' encoding='UTF-8'?><gpx creator="YAMAP - https://yamap.com" xsi:schemaLocation="http://www.topografix.com/GPX/1/1 http://www.topografix.com/GPX/1/1/gpx.xsd" version="1.1" xmlns="http://www.topografix.com/GPX/1/1" xmlns:xsi="http://www.w3.org/2001/XMLSchema-instance"><metadata><bounds maxlat="35.6531608" maxlon="139.2705761" minlat="35.6221277" minlon="139.1665137"/></metadata><trk><name>往復！高尾・陣馬縦走路</name><number>1</number><trkseg><trkpt lat="35.6321541" lon="139.2705761"><ele>188.75</ele><time>2024-03-23T21:37:34Z</time></trkpt><trkpt lat="35.6321953" lon="139.2703293"><ele>188.19</ele><time>2024-03-23T21:37:42Z</time></trkpt><trkpt lat="35.6319443" lon="139.2701597"><ele>188.16666666666666</ele><time>2024-03-23T21:37:50Z</time></trkpt><trkpt lat="35.6319103" lon="139.2698823"><ele>188.38</ele><time>2024-03-23T21:38:08Z</time></trkpt><trkpt lat="35.6317821" lon="139.2696993"><ele>189.17</ele><time>2024-03-23T21:38:23Z</time></trkpt><trkpt lat="35.6316198" lon="139.2695598"><ele>189.86666666666667</ele><time>2024-03-23T21:38:35Z</time></trkpt><trkpt lat="35.6314815" lon="139.269352"><ele>190.38000000000002</ele><time>2024-03-23T21:38:50Z</time></trkpt><trkpt lat="35.6314559" lon="139.2691058"><ele>191.38</ele><time>2024-03-23T21:39:02Z</time></trkpt><trkpt lat="35.6314524" lon="139.2688838"><ele>192.77666666666667</ele><time>2024-03-23T21:39:14Z</time></trkpt><trkpt lat="35.6313576" lon="139.2686634"><ele>194.51</ele><time>2024-03-23T21:39:32Z</time></trkpt><trkpt lat="35.631402" lon="139.2684423"><ele>196.2833333333333</ele><time>2024-03-23T21:39:44Z</time></trkpt><trkpt lat="35.6313518" lon="139.2682152"><ele>197.90666666666667</ele><time>2024-03-23T21:39:59Z</time></trkpt><trkpt lat="35.6313048" lon="139.2679682"><ele>199.03</ele><time>2024-03-23T21:40:14Z</time></trkpt><trkpt lat="35.6313542" lon="139.267725"><ele>199.51666666666665</ele><time>2024-03-23T21:40:29Z</time></trkpt><trkpt lat="35.631432" lon="139.2675086"><ele>199.91666666666666</ele><time>2024-03-23T21:40:53Z</time></trkpt><trkpt lat="35.631211" lon="139.2672604"><ele>200.91</ele><time>2024-03-23T21:41:02Z</time></trkpt><trkpt lat="35.6311293" lon="139.267059"><ele>202.45000000000002</ele><time>2024-03-23T21:41:11Z</time></trkpt><trkpt lat="35.6310016" lon="139.2668879"><ele>204.42</ele><time>2024-03-23T21:41:22Z</time></trkpt><trkpt lat="35.6310757" lon="139.2666585"><ele>206.36666666666665</ele><time>2024-03-23T21:41:40Z</time></trkpt><trkpt lat="35.6309283" lon="139.2665177"><ele>207.43999999999997</ele><time>2024-03-23T21:41:46Z</time></trkpt><trkpt lat="35.6307793" lon="139.2663371"><ele>208.13333333333333</ele><time>2024-03-23T21:41:58Z</time></trkpt><trkpt lat="35.6307702" lon="139.2661165"><ele>208.46000000000004</ele><time>2024-03-23T21:42:10Z</time></trkpt><trkpt lat="35.6307298" lon="139.2658596"><ele>209.76999999999998</ele><time>2024-03-23T21:42:25Z</time></trkpt><trkpt lat="35.6306611" lon="139.2656502"><ele>211.12666666666667</ele><time>2024-03-23T21:42:36Z</time></trkpt><trkpt lat="35.6306174" lon="139.2653827"><ele>212.50666666666666</ele><time>2024-03-23T21:42:51Z</time></trkpt><trkpt lat="35.6305788" lon="139.2651265"><ele>213.21333333333337</ele><time>2024-03-23T21:43:08Z</time></trkpt><trkpt lat="35.6307346" lon="139.2649821"><ele>214.74333333333334</ele><time>2024-03-23T21:43:26Z</time></trkpt><trkpt lat="35.6309225" lon="139.2650253"><ele>216.70000000000002</ele><time>2024-03-23T21:43:40Z</time></trkpt><trkpt lat="35.6308629" lon="139.2647726"><ele>218.54999999999998</ele><time>2024-03-23T21:43:43Z</time></trkpt><trkpt lat="35.6307707" lon="139.2645368"><ele>218.32333333333335</ele><time>2024-03-23T21:43:46Z</time></trkpt><trkpt lat="35.6307333" lon="139.2642888"><ele>217.89999999999998</ele><time>2024-03-23T21:43:55Z</time></trkpt><trkpt lat="35.6307689" lon="139.2640412"><ele>217.83666666666667</ele><time>2024-03-23T21:44:07Z</time></trkpt><trkpt lat="35.6308016" lon="139.2638177"><ele>218.58333333333334</ele><time>2024-03-23T21:44:23Z</time></trkpt><trkpt lat="35.6307656" lon="139.2635959"><ele>219.13333333333335</ele><time>2024-03-23T21:44:35Z</time></trkpt><trkpt lat="35.6307497" lon="139.2633545"><ele>220.07666666666668</ele><time>2024-03-23T21:44:49Z</time></trkpt><trkpt lat="35.6307025" lon="139.2630939"><ele>225.12</ele><time>2024-03-23T21:45:04Z</time></trkpt><trkpt lat="35.6307298" lon="139.2628338"><ele>227.64000000000001</ele><time>2024-03-23T21:45:19Z</time></trkpt><trkpt lat="35.6307527" lon="139.2626125"><ele>229.23666666666668</ele><time>2024-03-23T21:45:34Z</time></trkpt><trkpt lat="35.6307894" lon="139.2623625"><ele>226.92333333333332</ele><time>2024-03-23T21:45:49Z</time></trkpt><trkpt lat="35.6306697" lon="139.262167"><ele>227.29999999999998</ele><time>2024-03-23T21:46:23Z</time></trkpt><trkpt lat="35.6306098" lon="139.2619257"><ele>228.45333333333335</ele><time>2024-03-23T21:46:38Z</time></trkpt><trkpt lat="35.6306194" lon="139.2617007"><ele>231.91666666666666</ele><time>2024-03-23T21:46:56Z</time></trkpt><trkpt lat="35.6306468" lon="139.2619555"><ele>232.49333333333334</ele><time>2024-03-23T21:47:17Z</time></trkpt><trkpt lat="35.6303286" lon="139.2616841"><ele>234.56000000000003</ele><time>2024-03-23T21:47:20Z</time></trkpt><trkpt lat="35.6301625" lon="139.2614405"><ele>240.04</ele><time>2024-03-23T21:47:26Z</time></trkpt><trkpt lat="35.6300966" lon="139.2612206"><ele>245.45333333333335</ele><time>2024-03-23T21:47:38Z</time></trkpt><trkpt lat="35.6300409" lon="139.2609858"><ele>247.37666666666667</ele><time>2024-03-23T21:47:53Z</time></trkpt><trkpt lat="35.6298705" lon="139.2608962"><ele>242.63333333333333</ele><time>2024-03-23T21:48:08Z</time></trkpt><trkpt lat="35.6296731" lon="139.2609871"><ele>241.33</ele><time>2024-03-23T21:48:23Z</time></trkpt><trkpt lat="35.6294698" lon="139.2609438"><ele>243.10333333333332</ele><time>2024-03-23T21:48:44Z</time></trkpt><trkpt lat="35.6293348" lon="139.2607579"><ele>255.51333333333332</ele><time>2024-03-23T21:49:05Z</time></trkpt><trkpt lat="35.6291437" lon="139.2612641"><ele>257.0733333333333</ele><time>2024-03-23T21:49:17Z</time></trkpt><trkpt lat="35.6289576" lon="139.2612739"><ele>257.88666666666666</ele><time>2024-03-23T21:49:34Z</time></trkpt><trkpt lat="35.6287542" lon="139.2613061"><ele>249.83333333333334</ele><time>2024-03-23T21:49:49Z</time></trkpt><trkpt lat="35.6285789" lon="139.2612401"><ele>252.98000000000002</ele><time>2024-03-23T21:50:10Z</time></trkpt><trkpt lat="35.6284823" lon="139.2609944"><ele>255.96333333333337</ele><time>2024-03-23T21:50:29Z</time></trkpt><trkpt lat="35.6285669" lon="139.2607777"><ele>263.06</ele><time>2024-03-23T21:50:50Z</time></trkpt><trkpt lat="35.6287352" lon="139.2608995"><ele>270.19</ele><time>2024-03-23T21:51:07Z</time></trkpt><trkpt lat="35.6283933" lon="139.2605012"><ele>272.6133333333333</ele><time>2024-03-23T21:51:13Z</time></trkpt><trkpt lat="35.6284698" lon="139.2602558"><ele>270.34999999999997</ele><time>2024-03-23T21:51:27Z</time></trkpt><trkpt lat="35.6285526" lon="139.2600163"><ele>267.49333333333334</ele><time>2024-03-23T21:51:47Z</time></trkpt><trkpt lat="35.6287039" lon="139.2598881"><ele>269.76000000000005</ele><time>2024-03-23T21:52:13Z</time></trkpt><trkpt lat="35.6288626" lon="139.2597705"><ele>274.6766666666667</ele><time>2024-03-23T21:52:31Z</time></trkpt><trkpt lat="35.6289441" lon="139.2600167"><ele>283.3833333333334</ele><time>2024-03-23T21:52:49Z</time></trkpt><trkpt lat="35.6288767" lon="139.2594146"><ele>282.2366666666667</ele><time>2024-03-23T21:52:52Z</time></trkpt><trkpt lat="35.6288464" lon="139.2591564"><ele>281.64000000000004</ele><time>2024-03-23T21:53:04Z</time></trkpt><trkpt lat="35.6288232" lon="139.2588869"><ele>280.2566666666667</ele><time>2024-03-23T21:53:19Z</time></trkpt><trkpt lat="35.6286855" lon="139.2586846"><ele>291.29</ele><time>2024-03-23T21:53:37Z</time></trkpt><trkpt lat="35.6287763" lon="139.258479"><ele>294.63</ele><time>2024-03-23T21:53:58Z</time></trkpt><trkpt lat="35.628791" lon="139.2582223"><ele>297.38666666666666</ele><time>2024-03-23T21:54:19Z</time></trkpt><trkpt lat="35.6286839" lon="139.2580415"><ele>296.6333333333333</ele><time>2024-03-23T21:54:30Z</time></trkpt><trkpt lat="35.6284853" lon="139.2578868"><ele>298.75666666666666</ele><time>2024-03-23T21:54:47Z</time></trkpt><trkpt lat="35.628631" lon="139.2577339"><ele>302.55</ele><time>2024-03-23T21:55:10Z</time></trkpt><trkpt lat="35.6283304" lon="139.2577725"><ele>304.59</ele><time>2024-03-23T21:55:25Z</time></trkpt><trkpt lat="35.6282144" lon="139.2575675"><ele>310.60999999999996</ele><time>2024-03-23T21:55:40Z</time></trkpt><trkpt lat="35.6283391" lon="139.2574009"><ele>308.7966666666666</ele><time>2024-03-23T21:55:56Z</time></trkpt><trkpt lat="35.6283355" lon="139.2571419"><ele>308.3833333333333</ele><time>2024-03-23T21:56:14Z</time></trkpt><trkpt lat="35.6282417" lon="139.2569095"><ele>306.43666666666667</ele><time>2024-03-23T21:56:32Z</time></trkpt><trkpt lat="35.6281059" lon="139.2567019"><ele>307.7633333333333</ele><time>2024-03-23T21:56:47Z</time></trkpt><trkpt lat="35.6280407" lon="139.2564618"><ele>308.77000000000004</ele><time>2024-03-23T21:57:05Z</time></trkpt><trkpt lat="35.6278094" lon="139.2568415"><ele>314.5933333333333</ele><time>2024-03-23T21:57:17Z</time></trkpt><trkpt lat="35.6276027" lon="139.2568797"><ele>323.54</ele><time>2024-03-23T21:57:32Z</time></trkpt><trkpt lat="35.627405" lon="139.2568763"><ele>334.1766666666667</ele><time>2024-03-23T21:57:50Z</time></trkpt><trkpt lat="35.6272745" lon="139.2567155"><ele>334.06666666666666</ele><time>2024-03-23T21:58:05Z</time></trkpt><trkpt lat="35.6271007" lon="139.2566331"><ele>330.1933333333333</ele><time>2024-03-23T21:58:17Z</time></trkpt><trkpt lat="35.6269724" lon="139.2564428"><ele>324.33666666666664</ele><time>2024-03-23T21:58:35Z</time></trkpt><trkpt lat="35.626739" lon="139.2561715"><ele>326.03333333333336</ele><time>2024-03-23T21:59:17Z</time></trkpt><trkpt lat="35.6267669" lon="139.2559204"><ele>326.7033333333333</ele><time>2024-03-23T21:59:29Z</time></trkpt><trkpt lat="35.6267595" lon="139.2556882"><ele>330.5366666666667</ele><time>2024-03-23T21:59:44Z</time></trkpt><trkpt lat="35.6268245" lon="139.2554539"><ele>329.9433333333333</ele><time>2024-03-23T21:59:56Z</time></trkpt><trkpt lat="35.6267077" lon="139.255223"><ele>331.8533333333333</ele><time>2024-03-23T22:00:08Z</time></trkpt><trkpt lat="35.6265629" lon="139.2550257"><ele>331.9066666666667</ele><time>2024-03-23T22:00:23Z</time></trkpt><trkpt lat="35.6264475" lon="139.2548087"><ele>335.56</ele><time>2024-03-23T22:00:41Z</time></trkpt><trkpt lat="35.6263873" lon="139.2545668"><ele>337.08666666666664</ele><time>2024-03-23T22:00:59Z</time></trkpt><trkpt lat="35.6263331" lon="139.2543354"><ele>338.9833333333333</ele><time>2024-03-23T22:01:14Z</time></trkpt><trkpt lat="35.6260062" lon="139.2543119"><ele>341.24333333333334</ele><time>2024-03-23T22:01:44Z</time></trkpt><trkpt lat="35.6258481" lon="139.2541938"><ele>343.51000000000005</ele><time>2024-03-23T22:01:58Z</time></trkpt><trkpt lat="35.6256804" lon="139.2540502"><ele>346.24333333333334</ele><time>2024-03-23T22:02:10Z</time></trkpt><trkpt lat="35.6255786" lon="139.2538493"><ele>346.3766666666667</ele><time>2024-03-23T22:02:22Z</time></trkpt><trkpt lat="35.6254759" lon="139.2536397"><ele>350.0833333333333</ele><time>2024-03-23T22:02:37Z</time></trkpt><trkpt lat="35.6254553" lon="139.2534187"><ele>351.7366666666667</ele><time>2024-03-23T22:02:52Z</time></trkpt><trkpt lat="35.6253246" lon="139.2532419"><ele>355.17</ele><time>2024-03-23T22:03:09Z</time></trkpt><trkpt lat="35.6251858" lon="139.2530959"><ele>357.32</ele><time>2024-03-23T22:03:26Z</time></trkpt><trkpt lat="35.6250392" lon="139.2529185"><ele>359.74</ele><time>2024-03-23T22:03:44Z</time></trkpt><trkpt lat="35.6248921" lon="139.2527618"><ele>360.3633333333334</ele><time>2024-03-23T22:03:59Z</time></trkpt><trkpt lat="35.6247863" lon="139.2525732"><ele>360.1266666666667</ele><time>2024-03-23T22:04:17Z</time></trkpt><trkpt lat="35.6247025" lon="139.2523412"><ele>367.71000000000004</ele><time>2024-03-23T22:04:38Z</time></trkpt><trkpt lat="35.6245229" lon="139.2522757"><ele>376.84</ele><time>2024-03-23T22:04:50Z</time></trkpt><trkpt lat="35.6243147" lon="139.2526695"><ele>382.1766666666667</ele><time>2024-03-23T22:05:02Z</time></trkpt><trkpt lat="35.6241767" lon="139.2525273"><ele>377.97333333333336</ele><time>2024-03-23T22:05:20Z</time></trkpt><trkpt lat="35.624034" lon="139.2523363"><ele>372.2866666666667</ele><time>2024-03-23T22:05:38Z</time></trkpt><trkpt lat="35.6238865" lon="139.2521912"><ele>370.18666666666667</ele><time>2024-03-23T22:05:52Z</time></trkpt><trkpt lat="35.623729" lon="139.2520541"><ele>371.86999999999995</ele><time>2024-03-23T22:06:04Z</time></trkpt><trkpt lat="35.6235547" lon="139.2519428"><ele>374.84666666666664</ele><time>2024-03-23T22:06:20Z</time></trkpt><trkpt lat="35.6233936" lon="139.2518382"><ele>377.98999999999995</ele><time>2024-03-23T22:06:35Z</time></trkpt><trkpt lat="35.6232523" lon="139.251654"><ele>381.31666666666666</ele><time>2024-03-23T22:06:55Z</time></trkpt><trkpt lat="35.6231958" lon="139.2514376"><ele>383.79999999999995</ele><time>2024-03-23T22:07:14Z</time></trkpt><trkpt lat="35.6231081" lon="139.2512163"><ele>386.68</ele><time>2024-03-23T22:07:32Z</time></trkpt><trkpt lat="35.623278" lon="139.251084"><ele>392.18333333333334</ele><time>2024-03-23T22:07:53Z</time></trkpt><trkpt lat="35.622991" lon="139.2511708"><ele>393.7266666666667</ele><time>2024-03-23T22:08:02Z</time></trkpt><trkpt lat="35.6228175" lon="139.251053"><ele>397.09666666666664</ele><time>2024-03-23T22:08:11Z</time></trkpt><trkpt lat="35.6226582" lon="139.2509221"><ele>396.0366666666667</ele><time>2024-03-23T22:08:29Z</time></trkpt><trkpt lat="35.6225534" lon="139.2507383"><ele>398.89000000000004</ele><time>2024-03-23T22:08:47Z</time></trkpt><trkpt lat="35.6224623" lon="139.2505071"><ele>399.64000000000004</ele><time>2024-03-23T22:09:02Z</time></trkpt><trkpt lat="35.6223307" lon="139.2503106"><ele>401.59</ele><time>2024-03-23T22:09:20Z</time></trkpt><trkpt lat="35.6221888" lon="139.2501308"><ele>404.8933333333334</ele><time>2024-03-23T22:09:41Z</time></trkpt><trkpt lat="35.6222589" lon="139.2498911"><ele>406.53</ele><time>2024-03-23T22:10:05Z</time></trkpt><trkpt lat="35.6223447" lon="139.2496701"><ele>407.5933333333333</ele><time>2024-03-23T22:10:26Z</time></trkpt><trkpt lat="35.6225039" lon="139.2494918"><ele>411.54333333333335</ele><time>2024-03-23T22:10:47Z</time></trkpt><trkpt lat="35.6226534" lon="139.2493309"><ele>420.02666666666664</ele><time>2024-03-23T22:11:11Z</time></trkpt><trkpt lat="35.6228583" lon="139.249258"><ele>433.3666666666666</ele><time>2024-03-23T22:11:32Z</time></trkpt><trkpt lat="35.6224396" lon="139.2489674"><ele>431.83666666666664</ele><time>2024-03-23T22:11:35Z</time></trkpt><trkpt lat="35.6224671" lon="139.2487298"><ele>428.68666666666667</ele><time>2024-03-23T22:11:47Z</time></trkpt><trkpt lat="35.6226921" lon="139.2487476"><ele>420.70666666666665</ele><time>2024-03-23T22:12:20Z</time></trkpt><trkpt lat="35.6228968" lon="139.2487305"><ele>426.8733333333334</ele><time>2024-03-23T22:12:38Z</time></trkpt><trkpt lat="35.6229122" lon="139.2484693"><ele>431.31333333333333</ele><time>2024-03-23T22:13:05Z</time></trkpt><trkpt lat="35.6228454" lon="139.2482578"><ele>438.34999999999997</ele><time>2024-03-23T22:13:20Z</time></trkpt><trkpt lat="35.6225239" lon="139.2483202"><ele>438.25</ele><time>2024-03-23T22:13:47Z</time></trkpt><trkpt lat="35.6224051" lon="139.2481533"><ele>436.6366666666666</ele><time>2024-03-23T22:14:02Z</time></trkpt><trkpt lat="35.6224512" lon="139.2479193"><ele>435.6133333333333</ele><time>2024-03-23T22:14:20Z</time></trkpt><trkpt lat="35.6224918" lon="139.2476927"><ele>440.73333333333335</ele><time>2024-03-23T22:14:41Z</time></trkpt><trkpt lat="35.6222989" lon="139.2473816"><ele>446.24666666666667</ele><time>2024-03-23T22:15:17Z</time></trkpt><trkpt lat="35.6223169" lon="139.2471217"><ele>449.49333333333334</ele><time>2024-03-23T22:15:32Z</time></trkpt><trkpt lat="35.6224958" lon="139.2470688"><ele>454.71333333333337</ele><time>2024-03-23T22:15:56Z</time></trkpt><trkpt lat="35.6226739" lon="139.247115"><ele>463.6166666666666</ele><time>2024-03-23T22:16:11Z</time></trkpt><trkpt lat="35.6226479" lon="139.2468818"><ele>470.8933333333334</ele><time>2024-03-23T22:16:23Z</time></trkpt><trkpt lat="35.6225763" lon="139.2466733"><ele>472.1033333333333</ele><time>2024-03-23T22:16:41Z</time></trkpt><trkpt lat="35.6223094" lon="139.246741"><ele>467.56666666666666</ele><time>2024-03-23T22:16:59Z</time></trkpt><trkpt lat="35.6221963" lon="139.2465455"><ele>464.38000000000005</ele><time>2024-03-23T22:17:14Z</time></trkpt><trkpt lat="35.6221626" lon="139.2463133"><ele>464.21333333333337</ele><time>2024-03-23T22:17:35Z</time></trkpt><trkpt lat="35.6221949" lon="139.2460722"><ele>469.56</ele><time>2024-03-23T22:17:50Z</time></trkpt><trkpt lat="35.6222835" lon="139.245873"><ele>472.5933333333333</ele><time>2024-03-23T22:18:05Z</time></trkpt><trkpt lat="35.6223428" lon="139.2456232"><ele>476.7866666666667</ele><time>2024-03-23T22:18:32Z</time></trkpt><trkpt lat="35.6223534" lon="139.2458449"><ele>477.41333333333336</ele><time>2024-03-23T22:19:14Z</time></trkpt><trkpt lat="35.6224584" lon="139.2452469"><ele>483.1333333333334</ele><time>2024-03-23T22:19:23Z</time></trkpt><trkpt lat="35.6226416" lon="139.2451513"><ele>486.43333333333334</ele><time>2024-03-23T22:19:38Z</time></trkpt><trkpt lat="35.6228227" lon="139.2450902"><ele>492.6333333333334</ele><time>2024-03-23T22:20:05Z</time></trkpt><trkpt lat="35.6227655" lon="139.2448593"><ele>498.25</ele><time>2024-03-23T22:20:56Z</time></trkpt><trkpt lat="35.6227259" lon="139.2451158"><ele>498.9166666666667</ele><time>2024-03-23T22:21:05Z</time></trkpt><trkpt lat="35.6226951" lon="139.2453936"><ele>499.27333333333337</ele><time>2024-03-23T22:21:14Z</time></trkpt><trkpt lat="35.6225691" lon="139.2455527"><ele>496.41</ele><time>2024-03-23T22:21:26Z</time></trkpt><trkpt lat="35.6223889" lon="139.2456389"><ele>492.00666666666666</ele><time>2024-03-23T22:21:41Z</time></trkpt><trkpt lat="35.6222968" lon="139.2458327"><ele>484.8533333333333</ele><time>2024-03-23T22:21:56Z</time></trkpt><trkpt lat="35.6221277" lon="139.2459547"><ele>481.5333333333333</ele><time>2024-03-23T22:22:14Z</time></trkpt><trkpt lat="35.6225699" lon="139.2461229"><ele>486.9533333333333</ele><time>2024-03-23T22:22:20Z</time></trkpt><trkpt lat="35.6227422" lon="139.2460269"><ele>496.94</ele><time>2024-03-23T22:22:56Z</time></trkpt><trkpt lat="35.6226138" lon="139.2462264"><ele>497.02666666666664</ele><time>2024-03-23T22:24:11Z</time></trkpt><trkpt lat="35.6227832" lon="139.2459036"><ele>501.6066666666666</ele><time>2024-03-23T22:24:14Z</time></trkpt><trkpt lat="35.6229169" lon="139.2457213"><ele>504.2733333333333</ele><time>2024-03-23T22:24:20Z</time></trkpt><trkpt lat="35.623062" lon="139.2455456"><ele>514.0266666666666</ele><time>2024-03-23T22:24:38Z</time></trkpt><trkpt lat="35.6231845" lon="139.2453717"><ele>518.0733333333334</ele><time>2024-03-23T22:25:12Z</time></trkpt><trkpt lat="35.6233691" lon="139.2453037"><ele>523.5033333333333</ele><time>2024-03-23T22:25:40Z</time></trkpt><trkpt lat="35.6235586" lon="139.245299"><ele>529.29</ele><time>2024-03-23T22:26:28Z</time></trkpt><trkpt lat="35.623699" lon="139.2449955"><ele>538.98</ele><time>2024-03-23T22:27:07Z</time></trkpt><trkpt lat="35.6238827" lon="139.2450064"><ele>546.8666666666667</ele><time>2024-03-23T22:27:49Z</time></trkpt><trkpt lat="35.6240591" lon="139.2450611"><ele>552.5266666666666</ele><time>2024-03-23T22:28:10Z</time></trkpt><trkpt lat="35.6239668" lon="139.2448223"><ele>554.85</ele><time>2024-03-23T22:28:13Z</time></trkpt><trkpt lat="35.6241252" lon="139.244677"><ele>557.4033333333333</ele><time>2024-03-23T22:28:25Z</time></trkpt><trkpt lat="35.6243132" lon="139.2446465"><ele>561.3733333333333</ele><time>2024-03-23T22:28:43Z</time></trkpt><trkpt lat="35.6244524" lon="139.2444912"><ele>565.1766666666667</ele><time>2024-03-23T22:29:06Z</time></trkpt><trkpt lat="35.6246503" lon="139.2445074"><ele>566.0933333333334</ele><time>2024-03-23T22:29:24Z</time></trkpt><trkpt lat="35.6248487" lon="139.244549"><ele>565.4933333333333</ele><time>2024-03-23T22:29:40Z</time></trkpt><trkpt lat="35.6249277" lon="139.2443419"><ele>567.0500000000001</ele><time>2024-03-23T22:29:55Z</time></trkpt><trkpt lat="35.6250959" lon="139.2442315"><ele>571.93</ele><time>2024-03-23T22:30:22Z</time></trkpt><trkpt lat="35.6252796" lon="139.2442824"><ele>576.1533333333333</ele><time>2024-03-23T22:30:40Z</time></trkpt><trkpt lat="35.6254336" lon="139.2444008"><ele>577.13</ele><time>2024-03-23T22:30:54Z</time></trkpt><trkpt lat="35.6256097" lon="139.2444601"><ele>577.8933333333333</ele><time>2024-03-23T22:31:16Z</time></trkpt><trkpt lat="35.6256048" lon="139.244225"><ele>582.1533333333333</ele><time>2024-03-23T22:31:34Z</time></trkpt><trkpt lat="35.625598" lon="139.2440032"><ele>585.9533333333334</ele><time>2024-03-23T22:31:49Z</time></trkpt><trkpt lat="35.6256087" lon="139.2437666"><ele>589.1033333333334</ele><time>2024-03-23T22:32:04Z</time></trkpt><trkpt lat="35.6252233" lon="139.2439296"><ele>589.7199999999999</ele><time>2024-03-23T22:32:10Z</time></trkpt><trkpt lat="35.6250805" lon="139.2437299"><ele>591.51</ele><time>2024-03-23T22:33:40Z</time></trkpt><trkpt lat="35.624972" lon="139.2435005"><ele>592.08</ele><time>2024-03-23T22:34:58Z</time></trkpt><trkpt lat="35.624846" lon="139.2433058"><ele>592.7133333333333</ele><time>2024-03-23T22:35:13Z</time></trkpt><trkpt lat="35.6247225" lon="139.2431406"><ele>592.16</ele><time>2024-03-23T22:35:28Z</time></trkpt><trkpt lat="35.6248681" lon="139.2429709"><ele>591.6466666666666</ele><time>2024-03-23T22:36:37Z</time></trkpt><trkpt lat="35.6247843" lon="139.2427508"><ele>589.7166666666667</ele><time>2024-03-23T22:36:46Z</time></trkpt><trkpt lat="35.6249301" lon="139.2425554"><ele>586.5066666666667</ele><time>2024-03-23T22:36:58Z</time></trkpt><trkpt lat="35.6251208" lon="139.2425587"><ele>583.11</ele><time>2024-03-23T22:37:10Z</time></trkpt><trkpt lat="35.6248489" lon="139.2425547"><ele>581.85</ele><time>2024-03-23T22:37:12Z</time></trkpt><trkpt lat="35.6247766" lon="139.242331"><ele>578.2466666666668</ele><time>2024-03-23T22:37:40Z</time></trkpt><trkpt lat="35.6248387" lon="139.2421209"><ele>573.4233333333333</ele><time>2024-03-23T22:38:07Z</time></trkpt><trkpt lat="35.6247452" lon="139.2419268"><ele>566.2766666666666</ele><time>2024-03-23T22:38:30Z</time></trkpt><trkpt lat="35.6246777" lon="139.2416946"><ele>560.5533333333333</ele><time>2024-03-23T22:38:50Z</time></trkpt><trkpt lat="35.6246255" lon="139.2414696"><ele>555.6466666666666</ele><time>2024-03-23T22:39:05Z</time></trkpt><trkpt lat="35.6247495" lon="139.2413027"><ele>553.8533333333334</ele><time>2024-03-23T22:39:23Z</time></trkpt><trkpt lat="35.6248171" lon="139.2410689"><ele>553.9933333333333</ele><time>2024-03-23T22:39:44Z</time></trkpt><trkpt lat="35.6248187" lon="139.2408299"><ele>554.6833333333333</ele><time>2024-03-23T22:40:15Z</time></trkpt><trkpt lat="35.6248366" lon="139.2405953"><ele>553.6733333333333</ele><time>2024-03-23T22:40:27Z</time></trkpt><trkpt lat="35.6247962" lon="139.2403257"><ele>552.4533333333333</ele><time>2024-03-23T22:40:39Z</time></trkpt><trkpt lat="35.6248403" lon="139.2400743"><ele>551.4866666666667</ele><time>2024-03-23T22:40:57Z</time></trkpt><trkpt lat="35.6250067" lon="139.2399502"><ele>551.24</ele><time>2024-03-23T22:41:12Z</time></trkpt><trkpt lat="35.6250617" lon="139.2397139"><ele>550.91</ele><time>2024-03-23T22:41:27Z</time></trkpt><trkpt lat="35.625017" lon="139.2394998"><ele>550.9266666666666</ele><time>2024-03-23T22:41:36Z</time></trkpt><trkpt lat="35.6248958" lon="139.2393362"><ele>549.8033333333333</ele><time>2024-03-23T22:41:45Z</time></trkpt><trkpt lat="35.6249473" lon="139.2390901"><ele>549.0833333333334</ele><time>2024-03-23T22:42:03Z</time></trkpt><trkpt lat="35.6251034" lon="139.2389703"><ele>546.98</ele><time>2024-03-23T22:42:30Z</time></trkpt><trkpt lat="35.625268" lon="139.2388479"><ele>544.1633333333334</ele><time>2024-03-23T22:42:42Z</time></trkpt><trkpt lat="35.6253911" lon="139.2386683"><ele>539.7033333333334</ele><time>2024-03-23T22:42:57Z</time></trkpt><trkpt lat="35.6254954" lon="139.2384826"><ele>534.4066666666666</ele><time>2024-03-23T22:43:12Z</time></trkpt><trkpt lat="35.6256813" lon="139.2383978"><ele>528.9766666666666</ele><time>2024-03-23T22:43:27Z</time></trkpt><trkpt lat="35.6257927" lon="139.2381731"><ele>522.18</ele><time>2024-03-23T22:43:48Z</time></trkpt><trkpt lat="35.625714" lon="139.2379621"><ele>516.83</ele><time>2024-03-23T22:44:03Z</time></trkpt><trkpt lat="35.6258094" lon="139.237765"><ele>512.08</ele><time>2024-03-23T22:44:33Z</time></trkpt><trkpt lat="35.6258609" lon="139.2375343"><ele>508.50666666666666</ele><time>2024-03-23T22:44:45Z</time></trkpt><trkpt lat="35.625868" lon="139.2372968"><ele>504.90000000000003</ele><time>2024-03-23T22:45:00Z</time></trkpt><trkpt lat="35.6258658" lon="139.237045"><ele>500.82666666666665</ele><time>2024-03-23T22:45:15Z</time></trkpt><trkpt lat="35.625844" lon="139.2368092"><ele>497.84999999999997</ele><time>2024-03-23T22:45:30Z</time></trkpt><trkpt lat="35.6257936" lon="139.2365317"><ele>494.9766666666667</ele><time>2024-03-23T22:45:45Z</time></trkpt><trkpt lat="35.6257784" lon="139.2362989"><ele>493.18333333333334</ele><time>2024-03-23T22:46:03Z</time></trkpt><trkpt lat="35.6257441" lon="139.236055"><ele>490.6966666666667</ele><time>2024-03-23T22:46:19Z</time></trkpt><trkpt lat="35.6258176" lon="139.2357842"><ele>487.7266666666667</ele><time>2024-03-23T22:46:35Z</time></trkpt><trkpt lat="35.6258817" lon="139.2355554"><ele>484.31333333333333</ele><time>2024-03-23T22:46:50Z</time></trkpt><trkpt lat="35.62592" lon="139.2353185"><ele>481.43666666666667</ele><time>2024-03-23T22:47:05Z</time></trkpt><trkpt lat="35.6259648" lon="139.235103"><ele>477.72</ele><time>2024-03-23T22:47:20Z</time></trkpt><trkpt lat="35.6260218" lon="139.2348568"><ele>474.7833333333333</ele><time>2024-03-23T22:47:35Z</time></trkpt><trkpt lat="35.6261202" lon="139.2346578"><ele>473.8933333333334</ele><time>2024-03-23T22:47:56Z</time></trkpt><trkpt lat="35.6261695" lon="139.2344405"><ele>476.6333333333334</ele><time>2024-03-23T22:48:11Z</time></trkpt><trkpt lat="35.6261822" lon="139.2342097"><ele>479.69000000000005</ele><time>2024-03-23T22:48:44Z</time></trkpt><trkpt lat="35.6262736" lon="139.2340155"><ele>484.68000000000006</ele><time>2024-03-23T22:49:08Z</time></trkpt><trkpt lat="35.6262396" lon="139.2337898"><ele>488.74</ele><time>2024-03-23T22:49:38Z</time></trkpt><trkpt lat="35.6262203" lon="139.2335689"><ele>494.8866666666667</ele><time>2024-03-23T22:50:02Z</time></trkpt><trkpt lat="35.6262244" lon="139.233323"><ele>499.32666666666665</ele><time>2024-03-23T22:50:23Z</time></trkpt><trkpt lat="35.6262014" lon="139.2330985"><ele>503.9433333333333</ele><time>2024-03-23T22:50:50Z</time></trkpt><trkpt lat="35.6261668" lon="139.2328602"><ele>507.3766666666667</ele><time>2024-03-23T22:51:20Z</time></trkpt><trkpt lat="35.6261241" lon="139.2326449"><ele>510.4533333333334</ele><time>2024-03-23T22:51:47Z</time></trkpt><trkpt lat="35.6261164" lon="139.2323967"><ele>514.9433333333334</ele><time>2024-03-23T22:52:17Z</time></trkpt><trkpt lat="35.6261187" lon="139.2321275"><ele>519.6333333333333</ele><time>2024-03-23T22:52:32Z</time></trkpt><trkpt lat="35.6262545" lon="139.2319422"><ele>522.4066666666666</ele><time>2024-03-23T22:52:50Z</time></trkpt><trkpt lat="35.6262538" lon="139.2316857"><ele>522.6633333333333</ele><time>2024-03-23T22:53:05Z</time></trkpt><trkpt lat="35.626308" lon="139.2314658"><ele>521.9166666666666</ele><time>2024-03-23T22:53:23Z</time></trkpt><trkpt lat="35.6263272" lon="139.2312436"><ele>523.6033333333334</ele><time>2024-03-23T22:53:38Z</time></trkpt><trkpt lat="35.626246" lon="139.2310078"><ele>527.0333333333334</ele><time>2024-03-23T22:54:08Z</time></trkpt><trkpt lat="35.6262573" lon="139.2307683"><ele>530.9333333333334</ele><time>2024-03-23T22:54:26Z</time></trkpt><trkpt lat="35.6262568" lon="139.2305434"><ele>534.1166666666667</ele><time>2024-03-23T22:54:44Z</time></trkpt><trkpt lat="35.6261962" lon="139.2303199"><ele>537.5500000000001</ele><time>2024-03-23T22:55:11Z</time></trkpt><trkpt lat="35.6262664" lon="139.2301038"><ele>541.2833333333333</ele><time>2024-03-23T22:55:32Z</time></trkpt><trkpt lat="35.6263304" lon="139.2298914"><ele>545.9066666666666</ele><time>2024-03-23T22:56:08Z</time></trkpt><trkpt lat="35.6263057" lon="139.2296456"><ele>549.55</ele><time>2024-03-23T22:56:32Z</time></trkpt><trkpt lat="35.6263683" lon="139.2294334"><ele>552.87</ele><time>2024-03-23T22:56:47Z</time></trkpt><trkpt lat="35.6264126" lon="139.2291666"><ele>555.41</ele><time>2024-03-23T22:57:05Z</time></trkpt><trkpt lat="35.6263964" lon="139.2289217"><ele>557.9333333333334</ele><time>2024-03-23T22:57:20Z</time></trkpt><trkpt lat="35.626357" lon="139.2286886"><ele>560.61</ele><time>2024-03-23T22:57:47Z</time></trkpt><trkpt lat="35.6264354" lon="139.2284701"><ele>563.5600000000001</ele><time>2024-03-23T22:58:07Z</time></trkpt><trkpt lat="35.6263681" lon="139.2282637"><ele>567.16</ele><time>2024-03-23T22:58:44Z</time></trkpt><trkpt lat="35.6263011" lon="139.2280385"><ele>571.6066666666667</ele><time>2024-03-23T22:59:32Z</time></trkpt><trkpt lat="35.6262049" lon="139.2278186"><ele>575.7233333333334</ele><time>2024-03-23T22:59:53Z</time></trkpt><trkpt lat="35.6263301" lon="139.2276566"><ele>578.39</ele><time>2024-03-23T23:00:08Z</time></trkpt><trkpt lat="35.6264259" lon="139.2274339"><ele>578.13</ele><time>2024-03-23T23:00:26Z</time></trkpt><trkpt lat="35.6264122" lon="139.2271737"><ele>575.4833333333335</ele><time>2024-03-23T23:00:44Z</time></trkpt><trkpt lat="35.6265033" lon="139.2269586"><ele>573.1500000000001</ele><time>2024-03-23T23:00:56Z</time></trkpt><trkpt lat="35.6264891" lon="139.2267204"><ele>574.2366666666667</ele><time>2024-03-23T23:01:29Z</time></trkpt><trkpt lat="35.6265555" lon="139.2264871"><ele>577.6266666666667</ele><time>2024-03-23T23:01:59Z</time></trkpt><trkpt lat="35.6266658" lon="139.226255"><ele>581.0566666666667</ele><time>2024-03-23T23:02:17Z</time></trkpt><trkpt lat="35.6268348" lon="139.2260908"><ele>583.1933333333333</ele><time>2024-03-23T23:02:37Z</time></trkpt><trkpt lat="35.627015" lon="139.2259877"><ele>585.1566666666666</ele><time>2024-03-23T23:02:59Z</time></trkpt><trkpt lat="35.6272076" lon="139.2259394"><ele>587.8866666666668</ele><time>2024-03-23T23:03:11Z</time></trkpt><trkpt lat="35.6273035" lon="139.2257078"><ele>590.39</ele><time>2024-03-23T23:03:29Z</time></trkpt><trkpt lat="35.6273201" lon="139.2254596"><ele>592.7233333333334</ele><time>2024-03-23T23:03:59Z</time></trkpt><trkpt lat="35.6272544" lon="139.2252517"><ele>594.0733333333333</ele><time>2024-03-23T23:04:29Z</time></trkpt><trkpt lat="35.6274037" lon="139.2250642"><ele>597.1933333333333</ele><time>2024-03-23T23:04:50Z</time></trkpt><trkpt lat="35.6275283" lon="139.2248929"><ele>601.6033333333334</ele><time>2024-03-23T23:05:11Z</time></trkpt><trkpt lat="35.6276097" lon="139.2246872"><ele>606.7900000000001</ele><time>2024-03-23T23:05:29Z</time></trkpt><trkpt lat="35.6277159" lon="139.2244784"><ele>609.9499999999999</ele><time>2024-03-23T23:05:47Z</time></trkpt><trkpt lat="35.6277174" lon="139.2242417"><ele>611.2366666666667</ele><time>2024-03-23T23:06:14Z</time></trkpt><trkpt lat="35.6278489" lon="139.2240582"><ele>612.3866666666667</ele><time>2024-03-23T23:06:29Z</time></trkpt><trkpt lat="35.6279242" lon="139.2238422"><ele>613.4433333333333</ele><time>2024-03-23T23:06:38Z</time></trkpt><trkpt lat="35.6280557" lon="139.2236569"><ele>615.2966666666666</ele><time>2024-03-23T23:06:59Z</time></trkpt><trkpt lat="35.6281484" lon="139.2234475"><ele>617.5866666666667</ele><time>2024-03-23T23:07:14Z</time></trkpt><trkpt lat="35.6281115" lon="139.2232115"><ele>620.0600000000001</ele><time>2024-03-23T23:07:38Z</time></trkpt><trkpt lat="35.6281585" lon="139.2229922"><ele>623.08</ele><time>2024-03-23T23:07:56Z</time></trkpt><trkpt lat="35.6282961" lon="139.2228254"><ele>625.22</ele><time>2024-03-23T23:08:14Z</time></trkpt><trkpt lat="35.6282943" lon="139.2225869"><ele>628.21</ele><time>2024-03-23T23:08:32Z</time></trkpt><trkpt lat="35.6284634" lon="139.2224356"><ele>631.5</ele><time>2024-03-23T23:08:59Z</time></trkpt><trkpt lat="35.6286363" lon="139.2223619"><ele>635.5166666666667</ele><time>2024-03-23T23:09:23Z</time></trkpt><trkpt lat="35.6288362" lon="139.2223341"><ele>639.6766666666666</ele><time>2024-03-23T23:09:38Z</time></trkpt><trkpt lat="35.6289617" lon="139.2221597"><ele>644.1366666666667</ele><time>2024-03-23T23:10:14Z</time></trkpt><trkpt lat="35.6290257" lon="139.2219176"><ele>647.91</ele><time>2024-03-23T23:10:47Z</time></trkpt><trkpt lat="35.6291359" lon="139.2217332"><ele>652.0233333333334</ele><time>2024-03-23T23:11:08Z</time></trkpt><trkpt lat="35.6293074" lon="139.22157"><ele>655.86</ele><time>2024-03-23T23:11:41Z</time></trkpt><trkpt lat="35.6294737" lon="139.221438"><ele>660.4766666666667</ele><time>2024-03-23T23:11:56Z</time></trkpt><trkpt lat="35.6296522" lon="139.2213953"><ele>664.8933333333334</ele><time>2024-03-23T23:12:17Z</time></trkpt><trkpt lat="35.6298356" lon="139.2213095"><ele>667.9566666666666</ele><time>2024-03-23T23:12:47Z</time></trkpt><trkpt lat="35.6299005" lon="139.2211016"><ele>669.8766666666667</ele><time>2024-03-23T23:13:41Z</time></trkpt><trkpt lat="35.6300671" lon="139.220952"><ele>670.1233333333333</ele><time>2024-03-23T23:14:44Z</time></trkpt><trkpt lat="35.6302485" lon="139.221085"><ele>670.0733333333334</ele><time>2024-03-23T23:15:08Z</time></trkpt><trkpt lat="35.6304936" lon="139.2209693"><ele>669.2666666666668</ele><time>2024-03-23T23:15:17Z</time></trkpt><trkpt lat="35.6306535" lon="139.2208416"><ele>667.6633333333333</ele><time>2024-03-23T23:15:41Z</time></trkpt><trkpt lat="35.6308453" lon="139.2206897"><ele>665.2333333333332</ele><time>2024-03-23T23:15:53Z</time></trkpt><trkpt lat="35.6309389" lon="139.2204863"><ele>663.1866666666666</ele><time>2024-03-23T23:16:11Z</time></trkpt><trkpt lat="35.6310154" lon="139.2202493"><ele>661.6733333333333</ele><time>2024-03-23T23:16:29Z</time></trkpt><trkpt lat="35.6311854" lon="139.2201545"><ele>660.45</ele><time>2024-03-23T23:16:44Z</time></trkpt><trkpt lat="35.6313379" lon="139.220017"><ele>657.02</ele><time>2024-03-23T23:16:59Z</time></trkpt><trkpt lat="35.6314071" lon="139.2197976"><ele>652.7833333333333</ele><time>2024-03-23T23:17:17Z</time></trkpt><trkpt lat="35.6316075" lon="139.2198595"><ele>645.8533333333334</ele><time>2024-03-23T23:17:41Z</time></trkpt><trkpt lat="35.6316686" lon="139.2196453"><ele>641.1666666666666</ele><time>2024-03-23T23:17:56Z</time></trkpt><trkpt lat="35.6318276" lon="139.2194888"><ele>636.0466666666666</ele><time>2024-03-23T23:18:14Z</time></trkpt><trkpt lat="35.6319711" lon="139.2193528"><ele>632.1633333333334</ele><time>2024-03-23T23:18:29Z</time></trkpt><trkpt lat="35.6321077" lon="139.2191833"><ele>626.0500000000001</ele><time>2024-03-23T23:18:53Z</time></trkpt><trkpt lat="35.6322985" lon="139.2190898"><ele>620.7300000000001</ele><time>2024-03-23T23:19:23Z</time></trkpt><trkpt lat="35.6324674" lon="139.2189212"><ele>616.6833333333334</ele><time>2024-03-23T23:19:44Z</time></trkpt><trkpt lat="35.6326321" lon="139.2188314"><ele>614.8766666666667</ele><time>2024-03-23T23:19:59Z</time></trkpt><trkpt lat="35.6328312" lon="139.2187976"><ele>613.5766666666667</ele><time>2024-03-23T23:20:14Z</time></trkpt><trkpt lat="35.6330154" lon="139.2187187"><ele>611.9933333333333</ele><time>2024-03-23T23:20:29Z</time></trkpt><trkpt lat="35.6332224" lon="139.2187047"><ele>610.7166666666667</ele><time>2024-03-23T23:20:44Z</time></trkpt><trkpt lat="35.6334198" lon="139.2185977"><ele>608.4166666666666</ele><time>2024-03-23T23:20:59Z</time></trkpt><trkpt lat="35.6335793" lon="139.2184407"><ele>604.5133333333334</ele><time>2024-03-23T23:21:14Z</time></trkpt><trkpt lat="35.6337578" lon="139.2183056"><ele>599.8366666666666</ele><time>2024-03-23T23:21:32Z</time></trkpt><trkpt lat="35.6338781" lon="139.2181188"><ele>595.5300000000001</ele><time>2024-03-23T23:21:47Z</time></trkpt><trkpt lat="35.6339398" lon="139.217884"><ele>592.5</ele><time>2024-03-23T23:22:02Z</time></trkpt><trkpt lat="35.6341204" lon="139.217764"><ele>589.3366666666667</ele><time>2024-03-23T23:22:23Z</time></trkpt><trkpt lat="35.6342446" lon="139.2175863"><ele>586.2833333333333</ele><time>2024-03-23T23:22:38Z</time></trkpt><trkpt lat="35.634389" lon="139.2174122"><ele>583.83</ele><time>2024-03-23T23:22:53Z</time></trkpt><trkpt lat="35.6344237" lon="139.2171592"><ele>581.1933333333334</ele><time>2024-03-23T23:23:08Z</time></trkpt><trkpt lat="35.6344936" lon="139.2169537"><ele>578.7066666666666</ele><time>2024-03-23T23:23:20Z</time></trkpt><trkpt lat="35.6346365" lon="139.2167953"><ele>576.34</ele><time>2024-03-23T23:23:35Z</time></trkpt><trkpt lat="35.6348622" lon="139.2167822"><ele>574.17</ele><time>2024-03-23T23:23:53Z</time></trkpt><trkpt lat="35.6350347" lon="139.2168634"><ele>571.7400000000001</ele><time>2024-03-23T23:24:22Z</time></trkpt><trkpt lat="35.6352136" lon="139.2168248"><ele>567.3633333333333</ele><time>2024-03-23T23:24:41Z</time></trkpt><trkpt lat="35.6354012" lon="139.2168667"><ele>561.57</ele><time>2024-03-23T23:24:53Z</time></trkpt><trkpt lat="35.6355913" lon="139.2169205"><ele>553.9899999999999</ele><time>2024-03-23T23:25:17Z</time></trkpt><trkpt lat="35.6356823" lon="139.2166828"><ele>549.1566666666666</ele><time>2024-03-23T23:25:47Z</time></trkpt><trkpt lat="35.6358631" lon="139.2166405"><ele>546.9066666666666</ele><time>2024-03-23T23:26:02Z</time></trkpt><trkpt lat="35.6360407" lon="139.2165888"><ele>548.62</ele><time>2024-03-23T23:26:14Z</time></trkpt><trkpt lat="35.6362168" lon="139.2164695"><ele>550.98</ele><time>2024-03-23T23:26:38Z</time></trkpt><trkpt lat="35.6363924" lon="139.2164133"><ele>555.4033333333333</ele><time>2024-03-23T23:27:20Z</time></trkpt><trkpt lat="35.6365369" lon="139.2162618"><ele>561.2366666666667</ele><time>2024-03-23T23:28:08Z</time></trkpt><trkpt lat="35.6367463" lon="139.216242"><ele>567.9266666666667</ele><time>2024-03-23T23:28:47Z</time></trkpt><trkpt lat="35.636882" lon="139.2160634"><ele>574.2033333333333</ele><time>2024-03-23T23:29:14Z</time></trkpt><trkpt lat="35.636913" lon="139.2157886"><ele>579.34</ele><time>2024-03-23T23:30:09Z</time></trkpt><trkpt lat="35.6370084" lon="139.2155641"><ele>584.17</ele><time>2024-03-23T23:30:39Z</time></trkpt><trkpt lat="35.6371773" lon="139.2154804"><ele>587.58</ele><time>2024-03-23T23:30:57Z</time></trkpt><trkpt lat="35.6373682" lon="139.2154805"><ele>591.2066666666667</ele><time>2024-03-23T23:31:24Z</time></trkpt><trkpt lat="35.6375507" lon="139.2154363"><ele>594.9766666666667</ele><time>2024-03-23T23:32:03Z</time></trkpt><trkpt lat="35.6377437" lon="139.2155019"><ele>599.5366666666667</ele><time>2024-03-23T23:32:21Z</time></trkpt><trkpt lat="35.6379568" lon="139.2154303"><ele>603.7133333333333</ele><time>2024-03-23T23:32:39Z</time></trkpt><trkpt lat="35.6381336" lon="139.215298"><ele>606.44</ele><time>2024-03-23T23:32:57Z</time></trkpt><trkpt lat="35.6383102" lon="139.2153998"><ele>609.65</ele><time>2024-03-23T23:33:24Z</time></trkpt><trkpt lat="35.6385073" lon="139.2153856"><ele>612.52</ele><time>2024-03-23T23:33:42Z</time></trkpt><trkpt lat="35.6387023" lon="139.2153727"><ele>618.0066666666667</ele><time>2024-03-23T23:34:24Z</time></trkpt><trkpt lat="35.638882" lon="139.2154319"><ele>624.9266666666666</ele><time>2024-03-23T23:35:09Z</time></trkpt><trkpt lat="35.6390929" lon="139.2154851"><ele>632.5</ele><time>2024-03-23T23:35:48Z</time></trkpt><trkpt lat="35.6393003" lon="139.2155269"><ele>638.1433333333333</ele><time>2024-03-23T23:36:09Z</time></trkpt><trkpt lat="35.639491" lon="139.2155243"><ele>641.1866666666666</ele><time>2024-03-23T23:37:03Z</time></trkpt><trkpt lat="35.6396797" lon="139.2154342"><ele>642.9333333333334</ele><time>2024-03-23T23:37:33Z</time></trkpt><trkpt lat="35.6398542" lon="139.2153658"><ele>643.88</ele><time>2024-03-23T23:37:48Z</time></trkpt><trkpt lat="35.6400784" lon="139.2153674"><ele>644.9699999999999</ele><time>2024-03-23T23:38:06Z</time></trkpt><trkpt lat="35.6402653" lon="139.2153282"><ele>645.8233333333333</ele><time>2024-03-23T23:38:18Z</time></trkpt><trkpt lat="35.6404797" lon="139.2153018"><ele>647.1999999999999</ele><time>2024-03-23T23:38:36Z</time></trkpt><trkpt lat="35.6406684" lon="139.2152069"><ele>648.6433333333333</ele><time>2024-03-23T23:38:54Z</time></trkpt><trkpt lat="35.6408583" lon="139.2151915"><ele>649.7133333333333</ele><time>2024-03-23T23:39:15Z</time></trkpt><trkpt lat="35.6410035" lon="139.2150497"><ele>653.4633333333334</ele><time>2024-03-23T23:39:33Z</time></trkpt><trkpt lat="35.6411247" lon="139.2148789"><ele>659.5033333333332</ele><time>2024-03-23T23:39:54Z</time></trkpt><trkpt lat="35.641266" lon="139.2147296"><ele>666.1866666666667</ele><time>2024-03-23T23:40:12Z</time></trkpt><trkpt lat="35.6414265" lon="139.2145855"><ele>669.1533333333333</ele><time>2024-03-23T23:40:33Z</time></trkpt><trkpt lat="35.641617" lon="139.2145944"><ele>668.0933333333334</ele><time>2024-03-23T23:40:45Z</time></trkpt><trkpt lat="35.6418094" lon="139.2146366"><ele>666.6</ele><time>2024-03-23T23:41:00Z</time></trkpt><trkpt lat="35.6420201" lon="139.2146896"><ele>664.1566666666668</ele><time>2024-03-23T23:41:15Z</time></trkpt><trkpt lat="35.6422116" lon="139.2148078"><ele>662.3166666666667</ele><time>2024-03-23T23:41:30Z</time></trkpt><trkpt lat="35.6424033" lon="139.2149171"><ele>658.6133333333333</ele><time>2024-03-23T23:41:44Z</time></trkpt><trkpt lat="35.6425318" lon="139.2150736"><ele>654.7066666666666</ele><time>2024-03-23T23:42:04Z</time></trkpt><trkpt lat="35.6427341" lon="139.2149902"><ele>651.2733333333334</ele><time>2024-03-23T23:42:21Z</time></trkpt><trkpt lat="35.6429256" lon="139.2149875"><ele>649.9366666666666</ele><time>2024-03-23T23:42:33Z</time></trkpt><trkpt lat="35.6431343" lon="139.214959"><ele>651.36</ele><time>2024-03-23T23:42:51Z</time></trkpt><trkpt lat="35.6433053" lon="139.2150291"><ele>654.6533333333333</ele><time>2024-03-23T23:43:24Z</time></trkpt><trkpt lat="35.6434899" lon="139.2150095"><ele>658.4200000000001</ele><time>2024-03-23T23:43:45Z</time></trkpt><trkpt lat="35.6436704" lon="139.2149251"><ele>662.7700000000001</ele><time>2024-03-23T23:44:00Z</time></trkpt><trkpt lat="35.6438654" lon="139.2149392"><ele>666.3433333333334</ele><time>2024-03-23T23:44:18Z</time></trkpt><trkpt lat="35.6440375" lon="139.2150152"><ele>669.6500000000001</ele><time>2024-03-23T23:44:36Z</time></trkpt><trkpt lat="35.6442165" lon="139.2149812"><ele>671.4666666666667</ele><time>2024-03-23T23:44:51Z</time></trkpt><trkpt lat="35.6443093" lon="139.2151956"><ele>672.7966666666667</ele><time>2024-03-23T23:45:09Z</time></trkpt><trkpt lat="35.6445011" lon="139.2153027"><ele>674.2266666666668</ele><time>2024-03-23T23:45:24Z</time></trkpt><trkpt lat="35.6446922" lon="139.2153767"><ele>676.5166666666668</ele><time>2024-03-23T23:45:39Z</time></trkpt><trkpt lat="35.6448627" lon="139.2154595"><ele>680.3966666666666</ele><time>2024-03-23T23:45:53Z</time></trkpt><trkpt lat="35.6449159" lon="139.2156718"><ele>687.0966666666667</ele><time>2024-03-23T23:46:24Z</time></trkpt><trkpt lat="35.6450876" lon="139.2157883"><ele>695.9699999999999</ele><time>2024-03-23T23:47:33Z</time></trkpt><trkpt lat="35.6452182" lon="139.215969"><ele>704.71</ele><time>2024-03-23T23:48:03Z</time></trkpt><trkpt lat="35.6454095" lon="139.215925"><ele>712.3633333333333</ele><time>2024-03-23T23:50:18Z</time></trkpt><trkpt lat="35.6456037" lon="139.2158754"><ele>717.63</ele><time>2024-03-23T23:50:57Z</time></trkpt><trkpt lat="35.6457762" lon="139.2159799"><ele>720.9733333333334</ele><time>2024-03-23T23:51:21Z</time></trkpt><trkpt lat="35.6459406" lon="139.2160806"><ele>721.4566666666666</ele><time>2024-03-23T23:52:00Z</time></trkpt><trkpt lat="35.6460804" lon="139.2159248"><ele>720.3333333333334</ele><time>2024-03-23T23:52:27Z</time></trkpt><trkpt lat="35.6461589" lon="139.2156895"><ele>719.9766666666668</ele><time>2024-03-23T23:52:42Z</time></trkpt><trkpt lat="35.6463563" lon="139.2155583"><ele>718.2266666666666</ele><time>2024-03-23T23:52:57Z</time></trkpt><trkpt lat="35.6464232" lon="139.2153272"><ele>715.3033333333333</ele><time>2024-03-23T23:53:15Z</time></trkpt><trkpt lat="35.6464543" lon="139.2150855"><ele>710.25</ele><time>2024-03-23T23:53:39Z</time></trkpt><trkpt lat="35.6466033" lon="139.2149365"><ele>705.1566666666668</ele><time>2024-03-23T23:53:57Z</time></trkpt><trkpt lat="35.6467567" lon="139.2147944"><ele>700.83</ele><time>2024-03-23T23:54:12Z</time></trkpt><trkpt lat="35.6469419" lon="139.2148337"><ele>697.8733333333333</ele><time>2024-03-23T23:54:27Z</time></trkpt><trkpt lat="35.6471298" lon="139.2148078"><ele>697.6533333333333</ele><time>2024-03-23T23:54:45Z</time></trkpt><trkpt lat="35.647297" lon="139.2146743"><ele>698.7033333333333</ele><time>2024-03-23T23:55:02Z</time></trkpt><trkpt lat="35.6472423" lon="139.2144563"><ele>698.11</ele><time>2024-03-23T23:55:17Z</time></trkpt><trkpt lat="35.6473284" lon="139.2142621"><ele>694.1333333333333</ele><time>2024-03-23T23:55:33Z</time></trkpt><trkpt lat="35.6474757" lon="139.2140626"><ele>688.2766666666666</ele><time>2024-03-23T23:55:57Z</time></trkpt><trkpt lat="35.6475742" lon="139.2138598"><ele>684.2633333333333</ele><time>2024-03-23T23:56:15Z</time></trkpt><trkpt lat="35.64778" lon="139.2138255"><ele>682.29</ele><time>2024-03-23T23:56:36Z</time></trkpt><trkpt lat="35.6479653" lon="139.2137091"><ele>681.3133333333334</ele><time>2024-03-23T23:56:51Z</time></trkpt><trkpt lat="35.6480948" lon="139.2135077"><ele>677.9200000000001</ele><time>2024-03-23T23:57:06Z</time></trkpt><trkpt lat="35.6480708" lon="139.2132705"><ele>675.2533333333334</ele><time>2024-03-23T23:57:24Z</time></trkpt><trkpt lat="35.64814" lon="139.2130305"><ele>673.0366666666667</ele><time>2024-03-23T23:57:42Z</time></trkpt><trkpt lat="35.6482659" lon="139.212817"><ele>672.63</ele><time>2024-03-23T23:57:57Z</time></trkpt><trkpt lat="35.6483855" lon="139.2126243"><ele>672.3233333333333</ele><time>2024-03-23T23:58:12Z</time></trkpt><trkpt lat="35.6485125" lon="139.2124294"><ele>672.2666666666668</ele><time>2024-03-23T23:58:27Z</time></trkpt><trkpt lat="35.6486238" lon="139.2122275"><ele>672.4499999999999</ele><time>2024-03-23T23:58:42Z</time></trkpt><trkpt lat="35.6486778" lon="139.212006"><ele>673.9966666666667</ele><time>2024-03-23T23:58:55Z</time></trkpt><trkpt lat="35.6488603" lon="139.2119681"><ele>677.0033333333334</ele><time>2024-03-23T23:59:22Z</time></trkpt><trkpt lat="35.6490462" lon="139.211818"><ele>679.8</ele><time>2024-03-23T23:59:58Z</time></trkpt><trkpt lat="35.6491505" lon="139.2116044"><ele>683.2166666666666</ele><time>2024-03-24T00:00:18Z</time></trkpt><trkpt lat="35.6492825" lon="139.211437"><ele>688.0133333333333</ele><time>2024-03-24T00:01:07Z</time></trkpt><trkpt lat="35.6494519" lon="139.211321"><ele>693.0066666666667</ele><time>2024-03-24T00:01:40Z</time></trkpt><trkpt lat="35.6494753" lon="139.2110889"><ele>696.1833333333334</ele><time>2024-03-24T00:01:58Z</time></trkpt><trkpt lat="35.6494672" lon="139.2108474"><ele>695.3800000000001</ele><time>2024-03-24T00:02:16Z</time></trkpt><trkpt lat="35.6494067" lon="139.2106363"><ele>694.1533333333333</ele><time>2024-03-24T00:02:31Z</time></trkpt><trkpt lat="35.6494483" lon="139.2104106"><ele>690.5066666666667</ele><time>2024-03-24T00:02:49Z</time></trkpt><trkpt lat="35.6494537" lon="139.2101829"><ele>687.3166666666666</ele><time>2024-03-24T00:03:07Z</time></trkpt><trkpt lat="35.6494156" lon="139.2099344"><ele>683.5166666666668</ele><time>2024-03-24T00:03:28Z</time></trkpt><trkpt lat="35.6494581" lon="139.2096993"><ele>681.9133333333334</ele><time>2024-03-24T00:03:46Z</time></trkpt><trkpt lat="35.6495906" lon="139.2095027"><ele>682.3133333333334</ele><time>2024-03-24T00:04:07Z</time></trkpt><trkpt lat="35.6497811" lon="139.2094708"><ele>685.4066666666668</ele><time>2024-03-24T00:04:32Z</time></trkpt><trkpt lat="35.6498503" lon="139.2092229"><ele>688.7199999999999</ele><time>2024-03-24T00:05:26Z</time></trkpt><trkpt lat="35.6498205" lon="139.2090024"><ele>691.3800000000001</ele><time>2024-03-24T00:05:41Z</time></trkpt><trkpt lat="35.6498493" lon="139.2087466"><ele>691.6700000000001</ele><time>2024-03-24T00:05:59Z</time></trkpt><trkpt lat="35.6498535" lon="139.2085081"><ele>691.5966666666667</ele><time>2024-03-24T00:06:14Z</time></trkpt><trkpt lat="35.6498312" lon="139.2082888"><ele>691.2966666666666</ele><time>2024-03-24T00:06:29Z</time></trkpt><trkpt lat="35.6498126" lon="139.2080662"><ele>691.1566666666666</ele><time>2024-03-24T00:06:41Z</time></trkpt><trkpt lat="35.6497126" lon="139.2078353"><ele>690.98</ele><time>2024-03-24T00:06:53Z</time></trkpt><trkpt lat="35.6497893" lon="139.2076308"><ele>690.0266666666666</ele><time>2024-03-24T00:07:08Z</time></trkpt><trkpt lat="35.6499368" lon="139.2074447"><ele>687.5799999999999</ele><time>2024-03-24T00:07:26Z</time></trkpt><trkpt lat="35.6500502" lon="139.2072335"><ele>683.3166666666666</ele><time>2024-03-24T00:07:41Z</time></trkpt><trkpt lat="35.650152" lon="139.2070047"><ele>677.2933333333334</ele><time>2024-03-24T00:07:56Z</time></trkpt><trkpt lat="35.6502224" lon="139.2067887"><ele>672.1066666666667</ele><time>2024-03-24T00:08:17Z</time></trkpt><trkpt lat="35.6503899" lon="139.2066906"><ele>667.7066666666667</ele><time>2024-03-24T00:08:31Z</time></trkpt><trkpt lat="35.6505893" lon="139.2066505"><ele>664.6766666666667</ele><time>2024-03-24T00:08:49Z</time></trkpt><trkpt lat="35.6507338" lon="139.2064974"><ele>663.27</ele><time>2024-03-24T00:09:04Z</time></trkpt><trkpt lat="35.6509124" lon="139.2063991"><ele>662.1800000000001</ele><time>2024-03-24T00:09:22Z</time></trkpt><trkpt lat="35.6510759" lon="139.2062524"><ele>661.3333333333334</ele><time>2024-03-24T00:09:38Z</time></trkpt><trkpt lat="35.6512564" lon="139.2061346"><ele>656.59</ele><time>2024-03-24T00:09:53Z</time></trkpt><trkpt lat="35.6513888" lon="139.2059388"><ele>653.6066666666667</ele><time>2024-03-24T00:10:11Z</time></trkpt><trkpt lat="35.6515373" lon="139.2057837"><ele>652.7033333333334</ele><time>2024-03-24T00:10:26Z</time></trkpt><trkpt lat="35.6516858" lon="139.2056283"><ele>655.6866666666667</ele><time>2024-03-24T00:10:44Z</time></trkpt><trkpt lat="35.6518419" lon="139.2055005"><ele>658.5266666666666</ele><time>2024-03-24T00:11:05Z</time></trkpt><trkpt lat="35.6519309" lon="139.2053056"><ele>657.6866666666668</ele><time>2024-03-24T00:11:23Z</time></trkpt><trkpt lat="35.6519675" lon="139.2050881"><ele>655.9200000000001</ele><time>2024-03-24T00:11:38Z</time></trkpt><trkpt lat="35.6518723" lon="139.2048601"><ele>653.6966666666667</ele><time>2024-03-24T00:11:56Z</time></trkpt><trkpt lat="35.6518059" lon="139.204617"><ele>652.8066666666667</ele><time>2024-03-24T00:12:11Z</time></trkpt><trkpt lat="35.6517958" lon="139.2043306"><ele>650.3433333333334</ele><time>2024-03-24T00:12:29Z</time></trkpt><trkpt lat="35.65173" lon="139.2040591"><ele>646.8766666666667</ele><time>2024-03-24T00:12:44Z</time></trkpt><trkpt lat="35.6518101" lon="139.2038394"><ele>643.9933333333333</ele><time>2024-03-24T00:13:02Z</time></trkpt><trkpt lat="35.6518861" lon="139.2035928"><ele>643.2533333333333</ele><time>2024-03-24T00:13:17Z</time></trkpt><trkpt lat="35.6520511" lon="139.2034495"><ele>644.2466666666667</ele><time>2024-03-24T00:13:29Z</time></trkpt><trkpt lat="35.6521654" lon="139.2032284"><ele>647.3866666666667</ele><time>2024-03-24T00:13:44Z</time></trkpt><trkpt lat="35.6523379" lon="139.2031116"><ele>651.9866666666667</ele><time>2024-03-24T00:14:02Z</time></trkpt><trkpt lat="35.652321" lon="139.2028667"><ele>655.38</ele><time>2024-03-24T00:14:17Z</time></trkpt><trkpt lat="35.6523984" lon="139.2026669"><ele>658.3433333333334</ele><time>2024-03-24T00:14:41Z</time></trkpt><trkpt lat="35.6525574" lon="139.2025262"><ele>662.4733333333334</ele><time>2024-03-24T00:15:11Z</time></trkpt><trkpt lat="35.6526554" lon="139.2023025"><ele>666.3133333333334</ele><time>2024-03-24T00:15:23Z</time></trkpt><trkpt lat="35.6526194" lon="139.2020825"><ele>667.4033333333333</ele><time>2024-03-24T00:15:35Z</time></trkpt><trkpt lat="35.6524854" lon="139.2019065"><ele>664.9466666666667</ele><time>2024-03-24T00:15:53Z</time></trkpt><trkpt lat="35.6526042" lon="139.2017139"><ele>663.2266666666667</ele><time>2024-03-24T00:16:11Z</time></trkpt><trkpt lat="35.6525598" lon="139.2014968"><ele>662.0933333333332</ele><time>2024-03-24T00:16:26Z</time></trkpt><trkpt lat="35.652574" lon="139.2012615"><ele>661.5966666666667</ele><time>2024-03-24T00:16:44Z</time></trkpt><trkpt lat="35.652636" lon="139.201019"><ele>659.5533333333333</ele><time>2024-03-24T00:17:02Z</time></trkpt><trkpt lat="35.6526341" lon="139.2007869"><ele>658.2266666666667</ele><time>2024-03-24T00:17:20Z</time></trkpt><trkpt lat="35.6526024" lon="139.2005381"><ele>658.02</ele><time>2024-03-24T00:17:38Z</time></trkpt><trkpt lat="35.652571" lon="139.2003164"><ele>658.7633333333333</ele><time>2024-03-24T00:17:53Z</time></trkpt><trkpt lat="35.6526423" lon="139.2000904"><ele>659.4933333333333</ele><time>2024-03-24T00:18:08Z</time></trkpt><trkpt lat="35.6527194" lon="139.1998544"><ele>662.0533333333334</ele><time>2024-03-24T00:18:26Z</time></trkpt><trkpt lat="35.6527193" lon="139.1995854"><ele>666.2033333333334</ele><time>2024-03-24T00:18:41Z</time></trkpt><trkpt lat="35.6526788" lon="139.1993579"><ele>670.34</ele><time>2024-03-24T00:18:59Z</time></trkpt><trkpt lat="35.6526742" lon="139.1991225"><ele>672.5666666666667</ele><time>2024-03-24T00:19:23Z</time></trkpt><trkpt lat="35.6527577" lon="139.1989206"><ele>675.28</ele><time>2024-03-24T00:19:44Z</time></trkpt><trkpt lat="35.6528085" lon="139.1986825"><ele>679.7966666666666</ele><time>2024-03-24T00:20:14Z</time></trkpt><trkpt lat="35.6527237" lon="139.1984865"><ele>684.1133333333333</ele><time>2024-03-24T00:20:31Z</time></trkpt><trkpt lat="35.6526742" lon="139.1982517"><ele>686.8133333333334</ele><time>2024-03-24T00:20:56Z</time></trkpt><trkpt lat="35.6526876" lon="139.1980275"><ele>688.9066666666668</ele><time>2024-03-24T00:21:11Z</time></trkpt><trkpt lat="35.6525909" lon="139.1978118"><ele>690.12</ele><time>2024-03-24T00:21:29Z</time></trkpt><trkpt lat="35.6524809" lon="139.1976111"><ele>690.5566666666667</ele><time>2024-03-24T00:21:53Z</time></trkpt><trkpt lat="35.6523626" lon="139.1974175"><ele>691.0166666666668</ele><time>2024-03-24T00:22:14Z</time></trkpt><trkpt lat="35.6522195" lon="139.1972831"><ele>692.0066666666667</ele><time>2024-03-24T00:22:35Z</time></trkpt><trkpt lat="35.6521811" lon="139.1970272"><ele>694.16</ele><time>2024-03-24T00:22:56Z</time></trkpt><trkpt lat="35.6520167" lon="139.1968739"><ele>694.02</ele><time>2024-03-24T00:23:14Z</time></trkpt><trkpt lat="35.6519269" lon="139.1966798"><ele>693.5066666666667</ele><time>2024-03-24T00:23:29Z</time></trkpt><trkpt lat="35.6518692" lon="139.1964589"><ele>692.75</ele><time>2024-03-24T00:23:50Z</time></trkpt><trkpt lat="35.6517027" lon="139.1963542"><ele>695.5166666666668</ele><time>2024-03-24T00:24:08Z</time></trkpt><trkpt lat="35.6515044" lon="139.1963071"><ele>698.8266666666667</ele><time>2024-03-24T00:24:26Z</time></trkpt><trkpt lat="35.6513712" lon="139.1960913"><ele>701.82</ele><time>2024-03-24T00:24:44Z</time></trkpt><trkpt lat="35.6513622" lon="139.1958313"><ele>701.6533333333333</ele><time>2024-03-24T00:24:59Z</time></trkpt><trkpt lat="35.651381" lon="139.1956092"><ele>699.0333333333334</ele><time>2024-03-24T00:25:14Z</time></trkpt><trkpt lat="35.6512676" lon="139.1953986"><ele>695.5666666666667</ele><time>2024-03-24T00:25:35Z</time></trkpt><trkpt lat="35.6512794" lon="139.1951734"><ele>692.9666666666667</ele><time>2024-03-24T00:25:50Z</time></trkpt><trkpt lat="35.6511716" lon="139.1949374"><ele>693.8233333333334</ele><time>2024-03-24T00:26:08Z</time></trkpt><trkpt lat="35.6511585" lon="139.1946749"><ele>696.8533333333335</ele><time>2024-03-24T00:26:23Z</time></trkpt><trkpt lat="35.6511424" lon="139.1944467"><ele>701.2966666666666</ele><time>2024-03-24T00:26:38Z</time></trkpt><trkpt lat="35.6510636" lon="139.1941998"><ele>705.2633333333333</ele><time>2024-03-24T00:26:53Z</time></trkpt><trkpt lat="35.6509033" lon="139.1940565"><ele>706.4433333333333</ele><time>2024-03-24T00:27:08Z</time></trkpt><trkpt lat="35.6507505" lon="139.1939166"><ele>705.7666666666665</ele><time>2024-03-24T00:27:26Z</time></trkpt><trkpt lat="35.650592" lon="139.1937527"><ele>702.1533333333333</ele><time>2024-03-24T00:27:44Z</time></trkpt><trkpt lat="35.6505409" lon="139.1935263"><ele>702.0600000000001</ele><time>2024-03-24T00:27:59Z</time></trkpt><trkpt lat="35.6504692" lon="139.1932861"><ele>702.7199999999999</ele><time>2024-03-24T00:28:14Z</time></trkpt><trkpt lat="35.6503635" lon="139.1930871"><ele>702.96</ele><time>2024-03-24T00:28:32Z</time></trkpt><trkpt lat="35.6502107" lon="139.192914"><ele>701.1233333333333</ele><time>2024-03-24T00:28:47Z</time></trkpt><trkpt lat="35.6500639" lon="139.192756"><ele>698.0733333333334</ele><time>2024-03-24T00:29:02Z</time></trkpt><trkpt lat="35.6499632" lon="139.1925704"><ele>697.6666666666666</ele><time>2024-03-24T00:29:17Z</time></trkpt><trkpt lat="35.6498123" lon="139.1923983"><ele>695.6300000000001</ele><time>2024-03-24T00:29:41Z</time></trkpt><trkpt lat="35.6496016" lon="139.1923488"><ele>694.32</ele><time>2024-03-24T00:30:02Z</time></trkpt><trkpt lat="35.6494005" lon="139.1923454"><ele>692.7400000000001</ele><time>2024-03-24T00:30:20Z</time></trkpt><trkpt lat="35.6492085" lon="139.1923811"><ele>692.82</ele><time>2024-03-24T00:30:35Z</time></trkpt><trkpt lat="35.6490227" lon="139.1923089"><ele>692.68</ele><time>2024-03-24T00:30:47Z</time></trkpt><trkpt lat="35.6488405" lon="139.192318"><ele>692.5933333333334</ele><time>2024-03-24T00:31:02Z</time></trkpt><trkpt lat="35.6486249" lon="139.1923873"><ele>692.8033333333333</ele><time>2024-03-24T00:31:17Z</time></trkpt><trkpt lat="35.6484754" lon="139.1922506"><ele>695.5433333333334</ele><time>2024-03-24T00:31:35Z</time></trkpt><trkpt lat="35.6482785" lon="139.1922343"><ele>699.9000000000001</ele><time>2024-03-24T00:32:42Z</time></trkpt><trkpt lat="35.6481325" lon="139.1920739"><ele>705.3766666666667</ele><time>2024-03-24T00:33:03Z</time></trkpt><trkpt lat="35.6479318" lon="139.1920409"><ele>709.62</ele><time>2024-03-24T00:33:24Z</time></trkpt><trkpt lat="35.6477301" lon="139.1919907"><ele>713.0133333333333</ele><time>2024-03-24T00:33:48Z</time></trkpt><trkpt lat="35.6475451" lon="139.1919503"><ele>715.7066666666666</ele><time>2024-03-24T00:34:09Z</time></trkpt><trkpt lat="35.6473707" lon="139.191862"><ele>718.12</ele><time>2024-03-24T00:34:24Z</time></trkpt><trkpt lat="35.6473236" lon="139.1916255"><ele>719.81</ele><time>2024-03-24T00:34:36Z</time></trkpt><trkpt lat="35.6472547" lon="139.1913791"><ele>720.8233333333334</ele><time>2024-03-24T00:34:51Z</time></trkpt><trkpt lat="35.6472258" lon="139.1911519"><ele>721.0499999999998</ele><time>2024-03-24T00:35:06Z</time></trkpt><trkpt lat="35.6471659" lon="139.1909174"><ele>720.1733333333333</ele><time>2024-03-24T00:35:24Z</time></trkpt><trkpt lat="35.6469902" lon="139.1907662"><ele>719.09</ele><time>2024-03-24T00:35:39Z</time></trkpt><trkpt lat="35.6469051" lon="139.1905374"><ele>718.7166666666667</ele><time>2024-03-24T00:35:54Z</time></trkpt><trkpt lat="35.646749" lon="139.1903861"><ele>719.3733333333333</ele><time>2024-03-24T00:36:12Z</time></trkpt><trkpt lat="35.6466941" lon="139.1901492"><ele>719.8233333333334</ele><time>2024-03-24T00:36:27Z</time></trkpt><trkpt lat="35.6466736" lon="139.1899032"><ele>718.2233333333334</ele><time>2024-03-24T00:36:42Z</time></trkpt><trkpt lat="35.6465867" lon="139.1896645"><ele>716.37</ele><time>2024-03-24T00:36:54Z</time></trkpt><trkpt lat="35.6465324" lon="139.1894366"><ele>714.8166666666666</ele><time>2024-03-24T00:37:09Z</time></trkpt><trkpt lat="35.6464843" lon="139.1891799"><ele>714.1700000000001</ele><time>2024-03-24T00:37:27Z</time></trkpt><trkpt lat="35.6465186" lon="139.18896"><ele>713.2966666666666</ele><time>2024-03-24T00:37:42Z</time></trkpt><trkpt lat="35.6465878" lon="139.1887009"><ele>712.1466666666666</ele><time>2024-03-24T00:38:00Z</time></trkpt><trkpt lat="35.6466087" lon="139.1884775"><ele>712.1533333333333</ele><time>2024-03-24T00:38:15Z</time></trkpt><trkpt lat="35.646663" lon="139.1882381"><ele>712.7133333333335</ele><time>2024-03-24T00:38:36Z</time></trkpt><trkpt lat="35.6466608" lon="139.1879774"><ele>713.2966666666666</ele><time>2024-03-24T00:38:51Z</time></trkpt><trkpt lat="35.6465103" lon="139.1877886"><ele>713.5066666666667</ele><time>2024-03-24T00:39:06Z</time></trkpt><trkpt lat="35.6464193" lon="139.1875616"><ele>712.91</ele><time>2024-03-24T00:39:24Z</time></trkpt><trkpt lat="35.6463127" lon="139.187355"><ele>712.8000000000001</ele><time>2024-03-24T00:39:39Z</time></trkpt><trkpt lat="35.6462339" lon="139.1871262"><ele>712.2833333333334</ele><time>2024-03-24T00:39:54Z</time></trkpt><trkpt lat="35.6462614" lon="139.1868998"><ele>712.8233333333334</ele><time>2024-03-24T00:40:09Z</time></trkpt><trkpt lat="35.6462609" lon="139.1866487"><ele>712.2233333333334</ele><time>2024-03-24T00:40:23Z</time></trkpt><trkpt lat="35.6461569" lon="139.1864303"><ele>711.8566666666667</ele><time>2024-03-24T00:40:39Z</time></trkpt><trkpt lat="35.6461005" lon="139.1861854"><ele>709.96</ele><time>2024-03-24T00:40:54Z</time></trkpt><trkpt lat="35.6459648" lon="139.1860057"><ele>710.1</ele><time>2024-03-24T00:41:12Z</time></trkpt><trkpt lat="35.645919" lon="139.1857588"><ele>712.5833333333334</ele><time>2024-03-24T00:41:40Z</time></trkpt><trkpt lat="35.6457827" lon="139.1855993"><ele>717.1666666666666</ele><time>2024-03-24T00:41:59Z</time></trkpt><trkpt lat="35.645672" lon="139.1854117"><ele>721.1866666666666</ele><time>2024-03-24T00:42:14Z</time></trkpt><trkpt lat="35.6455743" lon="139.1852078"><ele>723.4133333333333</ele><time>2024-03-24T00:42:32Z</time></trkpt><trkpt lat="35.6454747" lon="139.184996"><ele>726.1066666666667</ele><time>2024-03-24T00:42:57Z</time></trkpt><trkpt lat="35.645403" lon="139.1847594"><ele>728.5433333333334</ele><time>2024-03-24T00:43:24Z</time></trkpt><trkpt lat="35.6452783" lon="139.1845255"><ele>730.61</ele><time>2024-03-24T00:44:06Z</time></trkpt><trkpt lat="35.6451512" lon="139.1843222"><ele>731.5</ele><time>2024-03-24T00:44:18Z</time></trkpt><trkpt lat="35.64501" lon="139.1841458"><ele>732.2033333333334</ele><time>2024-03-24T00:44:33Z</time></trkpt><trkpt lat="35.6450592" lon="139.1838892"><ele>732.7933333333334</ele><time>2024-03-24T00:48:43Z</time></trkpt><trkpt lat="35.6451519" lon="139.1836431"><ele>733.3733333333333</ele><time>2024-03-24T00:48:58Z</time></trkpt><trkpt lat="35.6452846" lon="139.1834232"><ele>734.0433333333334</ele><time>2024-03-24T00:49:13Z</time></trkpt><trkpt lat="35.6454165" lon="139.1832077"><ele>734.09</ele><time>2024-03-24T00:49:31Z</time></trkpt><trkpt lat="35.6454771" lon="139.1829699"><ele>733.62</ele><time>2024-03-24T00:49:46Z</time></trkpt><trkpt lat="35.6454585" lon="139.1827181"><ele>734.1866666666666</ele><time>2024-03-24T00:50:04Z</time></trkpt><trkpt lat="35.6454552" lon="139.1824579"><ele>736.59</ele><time>2024-03-24T00:50:25Z</time></trkpt><trkpt lat="35.6454731" lon="139.1822045"><ele>739.9066666666666</ele><time>2024-03-24T00:50:46Z</time></trkpt><trkpt lat="35.6455434" lon="139.1819661"><ele>741.7133333333333</ele><time>2024-03-24T00:51:04Z</time></trkpt><trkpt lat="35.6456685" lon="139.1817523"><ele>741.2433333333333</ele><time>2024-03-24T00:51:19Z</time></trkpt><trkpt lat="35.6457281" lon="139.1815312"><ele>738.4666666666667</ele><time>2024-03-24T00:51:34Z</time></trkpt><trkpt lat="35.6457997" lon="139.1812901"><ele>733.3766666666667</ele><time>2024-03-24T00:51:55Z</time></trkpt><trkpt lat="35.6458168" lon="139.1810454"><ele>728.2166666666667</ele><time>2024-03-24T00:52:10Z</time></trkpt><trkpt lat="35.645737" lon="139.1808374"><ele>725.5066666666667</ele><time>2024-03-24T00:52:22Z</time></trkpt><trkpt lat="35.6456755" lon="139.1805798"><ele>724.5833333333334</ele><time>2024-03-24T00:52:40Z</time></trkpt><trkpt lat="35.6456494" lon="139.1803436"><ele>724.2066666666666</ele><time>2024-03-24T00:52:55Z</time></trkpt><trkpt lat="35.6456759" lon="139.1801216"><ele>722.6933333333333</ele><time>2024-03-24T00:53:05Z</time></trkpt><trkpt lat="35.6455954" lon="139.1798907"><ele>722.2733333333332</ele><time>2024-03-24T00:53:17Z</time></trkpt><trkpt lat="35.6456225" lon="139.179618"><ele>721.9699999999999</ele><time>2024-03-24T00:53:32Z</time></trkpt><trkpt lat="35.6455285" lon="139.1794236"><ele>722.5500000000001</ele><time>2024-03-24T00:53:44Z</time></trkpt><trkpt lat="35.6455457" lon="139.1791655"><ele>724.5666666666666</ele><time>2024-03-24T00:54:04Z</time></trkpt><trkpt lat="35.6455253" lon="139.1789263"><ele>727.5866666666667</ele><time>2024-03-24T00:54:20Z</time></trkpt><trkpt lat="35.6456574" lon="139.1787702"><ele>730.3166666666667</ele><time>2024-03-24T00:54:38Z</time></trkpt><trkpt lat="35.6457942" lon="139.1785959"><ele>731.7633333333333</ele><time>2024-03-24T00:54:56Z</time></trkpt><trkpt lat="35.6459478" lon="139.1784709"><ele>732.8033333333333</ele><time>2024-03-24T00:55:11Z</time></trkpt><trkpt lat="35.6461053" lon="139.1783134"><ele>733.6500000000001</ele><time>2024-03-24T00:55:23Z</time></trkpt><trkpt lat="35.6462715" lon="139.178223"><ele>734.1700000000001</ele><time>2024-03-24T00:55:38Z</time></trkpt><trkpt lat="35.6464077" lon="139.1780556"><ele>734.9433333333333</ele><time>2024-03-24T00:55:50Z</time></trkpt><trkpt lat="35.6465014" lon="139.1778455"><ele>736.5</ele><time>2024-03-24T00:56:05Z</time></trkpt><trkpt lat="35.6466804" lon="139.1778085"><ele>738.3466666666667</ele><time>2024-03-24T00:56:23Z</time></trkpt><trkpt lat="35.6467345" lon="139.1775879"><ele>741.6966666666667</ele><time>2024-03-24T00:56:59Z</time></trkpt><trkpt lat="35.6466946" lon="139.1773501"><ele>746.2733333333332</ele><time>2024-03-24T00:57:53Z</time></trkpt><trkpt lat="35.6468593" lon="139.1772179"><ele>751.9933333333333</ele><time>2024-03-24T00:58:32Z</time></trkpt><trkpt lat="35.6470425" lon="139.1771289"><ele>756.6066666666666</ele><time>2024-03-24T00:58:53Z</time></trkpt><trkpt lat="35.6472398" lon="139.1771517"><ele>759.6166666666667</ele><time>2024-03-24T00:59:08Z</time></trkpt><trkpt lat="35.6474038" lon="139.1770452"><ele>760.96</ele><time>2024-03-24T00:59:23Z</time></trkpt><trkpt lat="35.6475711" lon="139.1769057"><ele>760.9900000000001</ele><time>2024-03-24T00:59:35Z</time></trkpt><trkpt lat="35.6476944" lon="139.1767226"><ele>758.7966666666667</ele><time>2024-03-24T00:59:50Z</time></trkpt><trkpt lat="35.6477801" lon="139.176524"><ele>756.2400000000001</ele><time>2024-03-24T01:00:08Z</time></trkpt><trkpt lat="35.6477311" lon="139.1762964"><ele>752.0266666666666</ele><time>2024-03-24T01:00:26Z</time></trkpt><trkpt lat="35.6480008" lon="139.1763211"><ele>751.5033333333332</ele><time>2024-03-24T01:00:29Z</time></trkpt><trkpt lat="35.6481401" lon="139.1761364"><ele>751.35</ele><time>2024-03-24T01:00:47Z</time></trkpt><trkpt lat="35.6482018" lon="139.1758912"><ele>753.3433333333332</ele><time>2024-03-24T01:01:05Z</time></trkpt><trkpt lat="35.6484169" lon="139.1758733"><ele>753.21</ele><time>2024-03-24T01:01:20Z</time></trkpt><trkpt lat="35.6485746" lon="139.1757662"><ele>752.2366666666667</ele><time>2024-03-24T01:01:32Z</time></trkpt><trkpt lat="35.6487577" lon="139.1757651"><ele>750.9866666666667</ele><time>2024-03-24T01:01:47Z</time></trkpt><trkpt lat="35.6489552" lon="139.1757803"><ele>750.0666666666666</ele><time>2024-03-24T01:02:05Z</time></trkpt><trkpt lat="35.6491373" lon="139.1757129"><ele>749.8733333333333</ele><time>2024-03-24T01:02:23Z</time></trkpt><trkpt lat="35.6493325" lon="139.1757155"><ele>751.6300000000001</ele><time>2024-03-24T01:02:35Z</time></trkpt><trkpt lat="35.6494728" lon="139.1755281"><ele>753.9333333333333</ele><time>2024-03-24T01:02:50Z</time></trkpt><trkpt lat="35.6496229" lon="139.1753958"><ele>755.5600000000001</ele><time>2024-03-24T01:03:11Z</time></trkpt><trkpt lat="35.6497119" lon="139.175156"><ele>754.4033333333333</ele><time>2024-03-24T01:03:20Z</time></trkpt><trkpt lat="35.6499234" lon="139.1749963"><ele>751.7966666666667</ele><time>2024-03-24T01:03:44Z</time></trkpt><trkpt lat="35.6499975" lon="139.1747622"><ele>753.2000000000002</ele><time>2024-03-24T01:03:56Z</time></trkpt><trkpt lat="35.6500129" lon="139.1744998"><ele>757.16</ele><time>2024-03-24T01:04:14Z</time></trkpt><trkpt lat="35.649989" lon="139.1742669"><ele>762.3066666666667</ele><time>2024-03-24T01:04:32Z</time></trkpt><trkpt lat="35.650084" lon="139.1740609"><ele>764.8299999999999</ele><time>2024-03-24T01:04:50Z</time></trkpt><trkpt lat="35.6502389" lon="139.1738869"><ele>767.75</ele><time>2024-03-24T01:05:07Z</time></trkpt><trkpt lat="35.6503654" lon="139.173671"><ele>771.73</ele><time>2024-03-24T01:05:27Z</time></trkpt><trkpt lat="35.6504741" lon="139.1734745"><ele>776.4866666666667</ele><time>2024-03-24T01:05:45Z</time></trkpt><trkpt lat="35.6504846" lon="139.1732337"><ele>779.0133333333333</ele><time>2024-03-24T01:06:01Z</time></trkpt><trkpt lat="35.6504749" lon="139.1729865"><ele>779.0933333333334</ele><time>2024-03-24T01:06:19Z</time></trkpt><trkpt lat="35.6504139" lon="139.1727201"><ele>778.5566666666667</ele><time>2024-03-24T01:06:43Z</time></trkpt><trkpt lat="35.6503911" lon="139.1724806"><ele>779.2400000000001</ele><time>2024-03-24T01:06:58Z</time></trkpt><trkpt lat="35.6503832" lon="139.1722444"><ele>781.27</ele><time>2024-03-24T01:07:13Z</time></trkpt><trkpt lat="35.6503289" lon="139.1720093"><ele>783.6033333333335</ele><time>2024-03-24T01:07:28Z</time></trkpt><trkpt lat="35.6503496" lon="139.1717758"><ele>786.3233333333334</ele><time>2024-03-24T01:07:43Z</time></trkpt><trkpt lat="35.650472" lon="139.1715999"><ele>788.2333333333332</ele><time>2024-03-24T01:07:57Z</time></trkpt><trkpt lat="35.6505389" lon="139.1713465"><ele>789.1133333333333</ele><time>2024-03-24T01:08:12Z</time></trkpt><trkpt lat="35.6505569" lon="139.1710886"><ele>789.4</ele><time>2024-03-24T01:08:30Z</time></trkpt><trkpt lat="35.6506341" lon="139.1708685"><ele>790.3566666666667</ele><time>2024-03-24T01:08:45Z</time></trkpt><trkpt lat="35.6507422" lon="139.1706698"><ele>791.5466666666667</ele><time>2024-03-24T01:08:59Z</time></trkpt><trkpt lat="35.6509155" lon="139.1704698"><ele>792.0433333333334</ele><time>2024-03-24T01:09:17Z</time></trkpt><trkpt lat="35.6510017" lon="139.1702223"><ele>793.6999999999999</ele><time>2024-03-24T01:09:32Z</time></trkpt><trkpt lat="35.6510898" lon="139.170026"><ele>796.2866666666667</ele><time>2024-03-24T01:09:51Z</time></trkpt><trkpt lat="35.6512661" lon="139.169914"><ele>799.1466666666666</ele><time>2024-03-24T01:10:19Z</time></trkpt><trkpt lat="35.6514516" lon="139.1698435"><ele>800.9333333333334</ele><time>2024-03-24T01:10:40Z</time></trkpt><trkpt lat="35.651581" lon="139.1696692"><ele>801.3766666666667</ele><time>2024-03-24T01:10:58Z</time></trkpt><trkpt lat="35.6514849" lon="139.1694511"><ele>802.2266666666666</ele><time>2024-03-24T01:11:13Z</time></trkpt><trkpt lat="35.651379" lon="139.1692104"><ele>802.7999999999998</ele><time>2024-03-24T01:11:31Z</time></trkpt><trkpt lat="35.6512758" lon="139.1690081"><ele>804.7666666666668</ele><time>2024-03-24T01:11:46Z</time></trkpt><trkpt lat="35.6512566" lon="139.1687751"><ele>806.6</ele><time>2024-03-24T01:12:04Z</time></trkpt><trkpt lat="35.6512453" lon="139.1685296"><ele>809.2399999999999</ele><time>2024-03-24T01:12:22Z</time></trkpt><trkpt lat="35.6512711" lon="139.168305"><ele>811.1566666666668</ele><time>2024-03-24T01:12:43Z</time></trkpt><trkpt lat="35.6511524" lon="139.168102"><ele>814.6366666666667</ele><time>2024-03-24T01:13:04Z</time></trkpt><trkpt lat="35.6511123" lon="139.1678724"><ele>817.61</ele><time>2024-03-24T01:13:22Z</time></trkpt><trkpt lat="35.6510583" lon="139.1676105"><ele>820.4466666666667</ele><time>2024-03-24T01:13:52Z</time></trkpt><trkpt lat="35.6509954" lon="139.1673808"><ele>821.3266666666667</ele><time>2024-03-24T01:14:04Z</time></trkpt><trkpt lat="35.6509793" lon="139.1671356"><ele>823.33</ele><time>2024-03-24T01:14:19Z</time></trkpt><trkpt lat="35.6510309" lon="139.1668923"><ele>827.3066666666667</ele><time>2024-03-24T01:14:36Z</time></trkpt><trkpt lat="35.6511122" lon="139.1666818"><ele>832.2766666666666</ele><time>2024-03-24T01:14:52Z</time></trkpt><trkpt lat="35.6513111" lon="139.1666287"><ele>837.16</ele><time>2024-03-24T01:15:22Z</time></trkpt><trkpt lat="35.6515189" lon="139.1665946"><ele>840.9166666666666</ele><time>2024-03-24T01:15:37Z</time></trkpt><trkpt lat="35.6517012" lon="139.166737"><ele>841.7866666666665</ele><time>2024-03-24T01:15:51Z</time></trkpt><trkpt lat="35.6518438" lon="139.1665853"><ele>844.5966666666667</ele><time>2024-03-24T01:16:07Z</time></trkpt><trkpt lat="35.6520259" lon="139.1665595"><ele>847.3033333333333</ele><time>2024-03-24T01:16:34Z</time></trkpt><trkpt lat="35.6522358" lon="139.1666159"><ele>851.6</ele><time>2024-03-24T01:17:07Z</time></trkpt><trkpt lat="35.6520718" lon="139.1665137"><ele>852.85</ele><time>2024-03-24T01:30:25Z</time></trkpt><trkpt lat="35.6519476" lon="139.1666757"><ele>852.25</ele><time>2024-03-24T01:30:52Z</time></trkpt><trkpt lat="35.6517429" lon="139.1667223"><ele>849.6266666666667</ele><time>2024-03-24T01:31:07Z</time></trkpt><trkpt lat="35.651548" lon="139.1666671"><ele>846.0433333333334</ele><time>2024-03-24T01:31:19Z</time></trkpt><trkpt lat="35.6513804" lon="139.1665647"><ele>842.8633333333333</ele><time>2024-03-24T01:31:37Z</time></trkpt><trkpt lat="35.6512196" lon="139.1667121"><ele>840.85</ele><time>2024-03-24T01:31:46Z</time></trkpt><trkpt lat="35.6511416" lon="139.1669508"><ele>836.2199999999999</ele><time>2024-03-24T01:31:58Z</time></trkpt><trkpt lat="35.651008" lon="139.1671125"><ele>831.2600000000001</ele><time>2024-03-24T01:32:10Z</time></trkpt><trkpt lat="35.6508636" lon="139.1672612"><ele>827.9333333333334</ele><time>2024-03-24T01:33:34Z</time></trkpt><trkpt lat="35.6510275" lon="139.1673823"><ele>824.64</ele><time>2024-03-24T01:33:43Z</time></trkpt><trkpt lat="35.6510884" lon="139.1676326"><ele>822.9399999999999</ele><time>2024-03-24T01:33:58Z</time></trkpt><trkpt lat="35.6512316" lon="139.167844"><ele>817.39</ele><time>2024-03-24T01:34:16Z</time></trkpt><trkpt lat="35.6513381" lon="139.1680397"><ele>814.5166666666668</ele><time>2024-03-24T01:34:34Z</time></trkpt><trkpt lat="35.6514062" lon="139.168247"><ele>809.7466666666666</ele><time>2024-03-24T01:34:49Z</time></trkpt><trkpt lat="35.6513423" lon="139.1684957"><ele>808.7700000000001</ele><time>2024-03-24T01:35:03Z</time></trkpt><trkpt lat="35.6513025" lon="139.1687142"><ele>807.64</ele><time>2024-03-24T01:35:16Z</time></trkpt><trkpt lat="35.6514443" lon="139.1689285"><ele>805.3533333333335</ele><time>2024-03-24T01:35:31Z</time></trkpt><trkpt lat="35.6514953" lon="139.169167"><ele>803.0366666666667</ele><time>2024-03-24T01:35:45Z</time></trkpt><trkpt lat="35.6515348" lon="139.1694247"><ele>801.5</ele><time>2024-03-24T01:36:00Z</time></trkpt><trkpt lat="35.651582" lon="139.169642"><ele>801.8066666666667</ele><time>2024-03-24T01:36:19Z</time></trkpt><trkpt lat="35.6514065" lon="139.1698479"><ele>801.84</ele><time>2024-03-24T01:36:40Z</time></trkpt><trkpt lat="35.651235" lon="139.1700229"><ele>801.0033333333334</ele><time>2024-03-24T01:36:49Z</time></trkpt><trkpt lat="35.6510424" lon="139.1700895"><ele>799.7766666666666</ele><time>2024-03-24T01:37:04Z</time></trkpt><trkpt lat="35.6509985" lon="139.1703683"><ele>796.3733333333333</ele><time>2024-03-24T01:37:13Z</time></trkpt><trkpt lat="35.6510707" lon="139.170585"><ele>789.4</ele><time>2024-03-24T01:37:28Z</time></trkpt><trkpt lat="35.6509146" lon="139.1707099"><ele>783.6433333333334</ele><time>2024-03-24T01:37:37Z</time></trkpt><trkpt lat="35.6507325" lon="139.1707575"><ele>784.23</ele><time>2024-03-24T01:37:52Z</time></trkpt><trkpt lat="35.6506777" lon="139.1709777"><ele>786.4466666666667</ele><time>2024-03-24T01:38:00Z</time></trkpt><trkpt lat="35.6505259" lon="139.1711899"><ele>790.4333333333334</ele><time>2024-03-24T01:38:18Z</time></trkpt><trkpt lat="35.6505409" lon="139.1714673"><ele>788.1466666666666</ele><time>2024-03-24T01:38:27Z</time></trkpt><trkpt lat="35.6505175" lon="139.1717197"><ele>788.2466666666666</ele><time>2024-03-24T01:38:43Z</time></trkpt><trkpt lat="35.6503741" lon="139.1718586"><ele>787.1366666666667</ele><time>2024-03-24T01:38:52Z</time></trkpt><trkpt lat="35.6503141" lon="139.1721022"><ele>786.9399999999999</ele><time>2024-03-24T01:39:06Z</time></trkpt><trkpt lat="35.6504339" lon="139.1722864"><ele>785.4</ele><time>2024-03-24T01:39:18Z</time></trkpt><trkpt lat="35.6505149" lon="139.1725454"><ele>781.5400000000001</ele><time>2024-03-24T01:39:33Z</time></trkpt><trkpt lat="35.650533" lon="139.1728128"><ele>777.3833333333333</ele><time>2024-03-24T01:39:47Z</time></trkpt><trkpt lat="35.650547" lon="139.1730337"><ele>776.1600000000002</ele><time>2024-03-24T01:40:02Z</time></trkpt><trkpt lat="35.6505597" lon="139.1733011"><ele>777.35</ele><time>2024-03-24T01:40:17Z</time></trkpt><trkpt lat="35.6504495" lon="139.1735"><ele>778.7666666666668</ele><time>2024-03-24T01:40:29Z</time></trkpt><trkpt lat="35.6503097" lon="139.1737288"><ele>777.0533333333333</ele><time>2024-03-24T01:40:44Z</time></trkpt><trkpt lat="35.6502102" lon="139.1739216"><ele>774.1433333333333</ele><time>2024-03-24T01:40:55Z</time></trkpt><trkpt lat="35.6500671" lon="139.1741302"><ele>770.6933333333333</ele><time>2024-03-24T01:41:10Z</time></trkpt><trkpt lat="35.6500266" lon="139.174346"><ele>768.2833333333333</ele><time>2024-03-24T01:41:22Z</time></trkpt><trkpt lat="35.6501122" lon="139.1745686"><ele>765.6666666666666</ele><time>2024-03-24T01:41:37Z</time></trkpt><trkpt lat="35.6500573" lon="139.1748056"><ele>761.7933333333334</ele><time>2024-03-24T01:41:52Z</time></trkpt><trkpt lat="35.6499617" lon="139.1749962"><ele>756.54</ele><time>2024-03-24T01:42:09Z</time></trkpt><trkpt lat="35.6498151" lon="139.1751834"><ele>752.0733333333333</ele><time>2024-03-24T01:42:23Z</time></trkpt><trkpt lat="35.6496482" lon="139.1753053"><ele>750.8033333333333</ele><time>2024-03-24T01:42:34Z</time></trkpt><trkpt lat="35.6494979" lon="139.1754358"><ele>753.3666666666668</ele><time>2024-03-24T01:42:46Z</time></trkpt><trkpt lat="35.6493746" lon="139.1756241"><ele>755.11</ele><time>2024-03-24T01:42:57Z</time></trkpt><trkpt lat="35.6491977" lon="139.1757191"><ele>754.2733333333334</ele><time>2024-03-24T01:43:09Z</time></trkpt><trkpt lat="35.6490192" lon="139.1757795"><ele>752.1933333333333</ele><time>2024-03-24T01:43:20Z</time></trkpt><trkpt lat="35.6488223" lon="139.175837"><ele>750.9966666666666</ele><time>2024-03-24T01:43:41Z</time></trkpt><trkpt lat="35.6486238" lon="139.175879"><ele>751.9266666666666</ele><time>2024-03-24T01:43:55Z</time></trkpt><trkpt lat="35.6484365" lon="139.1758447"><ele>752.6666666666666</ele><time>2024-03-24T01:44:13Z</time></trkpt><trkpt lat="35.6482231" lon="139.1758611"><ele>752.9733333333334</ele><time>2024-03-24T01:44:34Z</time></trkpt><trkpt lat="35.6482709" lon="139.1760771"><ele>753.1166666666667</ele><time>2024-03-24T01:44:46Z</time></trkpt><trkpt lat="35.6480961" lon="139.1762908"><ele>752.57</ele><time>2024-03-24T01:45:04Z</time></trkpt><trkpt lat="35.6479258" lon="139.176437"><ele>752.5766666666667</ele><time>2024-03-24T01:45:19Z</time></trkpt><trkpt lat="35.6478327" lon="139.1766337"><ele>752.41</ele><time>2024-03-24T01:45:34Z</time></trkpt><trkpt lat="35.6476886" lon="139.1768446"><ele>753.8533333333335</ele><time>2024-03-24T01:45:53Z</time></trkpt><trkpt lat="35.647529" lon="139.177008"><ele>756.3033333333334</ele><time>2024-03-24T01:46:17Z</time></trkpt><trkpt lat="35.6473406" lon="139.1770431"><ele>759.3866666666667</ele><time>2024-03-24T01:46:32Z</time></trkpt><trkpt lat="35.6471634" lon="139.1771863"><ele>761.2233333333334</ele><time>2024-03-24T01:46:44Z</time></trkpt><trkpt lat="35.6469864" lon="139.17729"><ele>760.77</ele><time>2024-03-24T01:46:59Z</time></trkpt><trkpt lat="35.6468128" lon="139.1774048"><ele>757.4699999999999</ele><time>2024-03-24T01:47:14Z</time></trkpt><trkpt lat="35.6467317" lon="139.1776245"><ele>752.46</ele><time>2024-03-24T01:47:34Z</time></trkpt><trkpt lat="35.6466908" lon="139.1778908"><ele>744.9566666666666</ele><time>2024-03-24T01:48:01Z</time></trkpt><trkpt lat="35.6465091" lon="139.1780235"><ele>738.7266666666668</ele><time>2024-03-24T01:48:15Z</time></trkpt><trkpt lat="35.6463421" lon="139.1781506"><ele>735.0733333333334</ele><time>2024-03-24T01:48:33Z</time></trkpt><trkpt lat="35.6461939" lon="139.1783174"><ele>734.3233333333334</ele><time>2024-03-24T01:48:51Z</time></trkpt><trkpt lat="35.6460712" lon="139.1785081"><ele>733.5300000000001</ele><time>2024-03-24T01:49:06Z</time></trkpt><trkpt lat="35.6459029" lon="139.1786673"><ele>732.13</ele><time>2024-03-24T01:49:24Z</time></trkpt><trkpt lat="35.6457367" lon="139.1788142"><ele>730.9833333333332</ele><time>2024-03-24T01:49:39Z</time></trkpt><trkpt lat="35.6456213" lon="139.1789996"><ele>730.9366666666666</ele><time>2024-03-24T01:49:54Z</time></trkpt><trkpt lat="35.6456571" lon="139.1792248"><ele>727.4533333333334</ele><time>2024-03-24T01:50:05Z</time></trkpt><trkpt lat="35.6456896" lon="139.1794692"><ele>723.0533333333333</ele><time>2024-03-24T01:50:20Z</time></trkpt><trkpt lat="35.6456483" lon="139.1796907"><ele>720.0866666666667</ele><time>2024-03-24T01:50:32Z</time></trkpt><trkpt lat="35.6457005" lon="139.1799519"><ele>720.23</ele><time>2024-03-24T01:50:50Z</time></trkpt><trkpt lat="35.6457642" lon="139.1801633"><ele>720.7233333333334</ele><time>2024-03-24T01:51:02Z</time></trkpt><trkpt lat="35.6457024" lon="139.1804518"><ele>721.0766666666667</ele><time>2024-03-24T01:51:16Z</time></trkpt><trkpt lat="35.6457533" lon="139.1806943"><ele>722.0866666666667</ele><time>2024-03-24T01:51:31Z</time></trkpt><trkpt lat="35.6458359" lon="139.1809097"><ele>723.4133333333333</ele><time>2024-03-24T01:51:45Z</time></trkpt><trkpt lat="35.6458674" lon="139.1811494"><ele>722.4666666666667</ele><time>2024-03-24T01:52:01Z</time></trkpt><trkpt lat="35.6457806" lon="139.1813655"><ele>725.0033333333332</ele><time>2024-03-24T01:52:20Z</time></trkpt><trkpt lat="35.6458133" lon="139.1815972"><ele>728.4366666666666</ele><time>2024-03-24T01:52:50Z</time></trkpt><trkpt lat="35.6457475" lon="139.1818367"><ele>734.71</ele><time>2024-03-24T01:53:26Z</time></trkpt><trkpt lat="35.6456371" lon="139.1820252"><ele>737.6633333333333</ele><time>2024-03-24T01:53:41Z</time></trkpt><trkpt lat="35.6455447" lon="139.182256"><ele>740.0933333333334</ele><time>2024-03-24T01:53:53Z</time></trkpt><trkpt lat="35.6454812" lon="139.1825028"><ele>740.7233333333334</ele><time>2024-03-24T01:54:08Z</time></trkpt><trkpt lat="35.6454857" lon="139.182743"><ele>739.39</ele><time>2024-03-24T01:54:20Z</time></trkpt><trkpt lat="35.6454969" lon="139.1829977"><ele>736.59</ele><time>2024-03-24T01:54:38Z</time></trkpt><trkpt lat="35.6454082" lon="139.1832281"><ele>733.61</ele><time>2024-03-24T01:54:53Z</time></trkpt><trkpt lat="35.6453613" lon="139.1834588"><ele>732.23</ele><time>2024-03-24T01:55:11Z</time></trkpt><trkpt lat="35.6452673" lon="139.1836828"><ele>732.3033333333333</ele><time>2024-03-24T01:55:29Z</time></trkpt><trkpt lat="35.6451549" lon="139.1838841"><ele>733.04</ele><time>2024-03-24T01:55:46Z</time></trkpt><trkpt lat="35.6450563" lon="139.1840744"><ele>733.4433333333335</ele><time>2024-03-24T01:55:59Z</time></trkpt><trkpt lat="35.6451074" lon="139.1842862"><ele>733.2600000000001</ele><time>2024-03-24T01:56:17Z</time></trkpt><trkpt lat="35.6452501" lon="139.1844456"><ele>732.4499999999999</ele><time>2024-03-24T01:56:35Z</time></trkpt><trkpt lat="35.6453739" lon="139.1846314"><ele>731.4699999999999</ele><time>2024-03-24T01:56:53Z</time></trkpt><trkpt lat="35.6454862" lon="139.1848177"><ele>730.7733333333332</ele><time>2024-03-24T01:57:08Z</time></trkpt><trkpt lat="35.6456045" lon="139.1850211"><ele>729.44</ele><time>2024-03-24T01:57:23Z</time></trkpt><trkpt lat="35.6457285" lon="139.1852046"><ele>727.3266666666667</ele><time>2024-03-24T01:57:38Z</time></trkpt><trkpt lat="35.6458388" lon="139.1853872"><ele>724.9166666666666</ele><time>2024-03-24T01:57:49Z</time></trkpt><trkpt lat="35.6458888" lon="139.1856226"><ele>722.5233333333332</ele><time>2024-03-24T01:58:04Z</time></trkpt><trkpt lat="35.6459596" lon="139.1858537"><ele>718.8233333333334</ele><time>2024-03-24T01:58:19Z</time></trkpt><trkpt lat="35.646067" lon="139.1860397"><ele>713.9333333333334</ele><time>2024-03-24T01:58:32Z</time></trkpt><trkpt lat="35.646142" lon="139.1862711"><ele>709.5666666666666</ele><time>2024-03-24T01:58:50Z</time></trkpt><trkpt lat="35.6462687" lon="139.1865096"><ele>708.38</ele><time>2024-03-24T01:59:04Z</time></trkpt><trkpt lat="35.6463387" lon="139.186724"><ele>708.9</ele><time>2024-03-24T01:59:17Z</time></trkpt><trkpt lat="35.6463142" lon="139.1869564"><ele>710.04</ele><time>2024-03-24T01:59:32Z</time></trkpt><trkpt lat="35.6463229" lon="139.1871967"><ele>710.59</ele><time>2024-03-24T01:59:47Z</time></trkpt><trkpt lat="35.6463762" lon="139.1874193"><ele>711.0766666666667</ele><time>2024-03-24T02:00:02Z</time></trkpt><trkpt lat="35.646496" lon="139.1875965"><ele>711.4866666666667</ele><time>2024-03-24T02:00:16Z</time></trkpt><trkpt lat="35.6466101" lon="139.1877811"><ele>711.9833333333332</ele><time>2024-03-24T02:00:34Z</time></trkpt><trkpt lat="35.6467449" lon="139.1880085"><ele>712.2333333333332</ele><time>2024-03-24T02:00:46Z</time></trkpt><trkpt lat="35.6467384" lon="139.1882537"><ele>713.0166666666665</ele><time>2024-03-24T02:01:01Z</time></trkpt><trkpt lat="35.6466386" lon="139.1884781"><ele>712.87</ele><time>2024-03-24T02:01:16Z</time></trkpt><trkpt lat="35.6466268" lon="139.1887025"><ele>711.9966666666666</ele><time>2024-03-24T02:01:29Z</time></trkpt><trkpt lat="35.6465692" lon="139.1889289"><ele>710.5566666666667</ele><time>2024-03-24T02:01:59Z</time></trkpt><trkpt lat="35.6465151" lon="139.1891724"><ele>710.4266666666667</ele><time>2024-03-24T02:02:14Z</time></trkpt><trkpt lat="35.6465831" lon="139.1894007"><ele>711.1566666666668</ele><time>2024-03-24T02:02:29Z</time></trkpt><trkpt lat="35.6466825" lon="139.1896038"><ele>711.1833333333334</ele><time>2024-03-24T02:02:44Z</time></trkpt><trkpt lat="35.6467658" lon="139.1898491"><ele>710.5433333333334</ele><time>2024-03-24T02:02:59Z</time></trkpt><trkpt lat="35.6467702" lon="139.1900736"><ele>711.46</ele><time>2024-03-24T02:03:10Z</time></trkpt><trkpt lat="35.646815" lon="139.1903206"><ele>714.8433333333332</ele><time>2024-03-24T02:03:29Z</time></trkpt><trkpt lat="35.6470041" lon="139.1904165"><ele>717.3733333333333</ele><time>2024-03-24T02:03:50Z</time></trkpt><trkpt lat="35.6470842" lon="139.1906212"><ele>718.0566666666667</ele><time>2024-03-24T02:03:59Z</time></trkpt><trkpt lat="35.6471841" lon="139.1908229"><ele>716.3466666666667</ele><time>2024-03-24T02:04:13Z</time></trkpt><trkpt lat="35.6472725" lon="139.1910192"><ele>716.56</ele><time>2024-03-24T02:04:26Z</time></trkpt><trkpt lat="35.6473118" lon="139.1912435"><ele>718.1533333333333</ele><time>2024-03-24T02:04:44Z</time></trkpt><trkpt lat="35.6473759" lon="139.1914875"><ele>720.1833333333334</ele><time>2024-03-24T02:04:59Z</time></trkpt><trkpt lat="35.6474088" lon="139.1917099"><ele>720.8766666666667</ele><time>2024-03-24T02:05:11Z</time></trkpt><trkpt lat="35.6474975" lon="139.1919083"><ele>720.2666666666668</ele><time>2024-03-24T02:05:26Z</time></trkpt><trkpt lat="35.6476846" lon="139.191948"><ele>718.2933333333334</ele><time>2024-03-24T02:05:38Z</time></trkpt><trkpt lat="35.6478781" lon="139.1920524"><ele>716.2066666666668</ele><time>2024-03-24T02:05:56Z</time></trkpt><trkpt lat="35.6480914" lon="139.1920757"><ele>713.1</ele><time>2024-03-24T02:06:11Z</time></trkpt><trkpt lat="35.6482884" lon="139.1921706"><ele>710.1466666666666</ele><time>2024-03-24T02:06:26Z</time></trkpt><trkpt lat="35.6484789" lon="139.1922557"><ele>705.5633333333334</ele><time>2024-03-24T02:06:41Z</time></trkpt><trkpt lat="35.6486837" lon="139.1923228"><ele>699.6966666666667</ele><time>2024-03-24T02:07:02Z</time></trkpt><trkpt lat="35.6488638" lon="139.1924148"><ele>694.8000000000001</ele><time>2024-03-24T02:07:20Z</time></trkpt><trkpt lat="35.6490441" lon="139.1923541"><ele>692.5266666666666</ele><time>2024-03-24T02:07:37Z</time></trkpt><trkpt lat="35.6492399" lon="139.1923902"><ele>692.7066666666666</ele><time>2024-03-24T02:07:49Z</time></trkpt><trkpt lat="35.6493946" lon="139.1925092"><ele>692.98</ele><time>2024-03-24T02:08:11Z</time></trkpt><trkpt lat="35.649534" lon="139.1923689"><ele>692.6833333333334</ele><time>2024-03-24T02:08:23Z</time></trkpt><trkpt lat="35.6497513" lon="139.1923886"><ele>692.4566666666666</ele><time>2024-03-24T02:08:35Z</time></trkpt><trkpt lat="35.6499404" lon="139.1924844"><ele>693.8966666666666</ele><time>2024-03-24T02:08:50Z</time></trkpt><trkpt lat="35.6500517" lon="139.1926776"><ele>695.9866666666667</ele><time>2024-03-24T02:09:04Z</time></trkpt><trkpt lat="35.6501937" lon="139.1928274"><ele>698.9733333333334</ele><time>2024-03-24T02:09:19Z</time></trkpt><trkpt lat="35.650333" lon="139.1929784"><ele>700.9833333333332</ele><time>2024-03-24T02:09:31Z</time></trkpt><trkpt lat="35.650396" lon="139.1931893"><ele>701.9066666666668</ele><time>2024-03-24T02:09:43Z</time></trkpt><trkpt lat="35.6505552" lon="139.1933189"><ele>705.0766666666667</ele><time>2024-03-24T02:09:55Z</time></trkpt><trkpt lat="35.6506028" lon="139.1935365"><ele>707.4033333333333</ele><time>2024-03-24T02:10:10Z</time></trkpt><trkpt lat="35.6506869" lon="139.1937547"><ele>709.1133333333333</ele><time>2024-03-24T02:10:25Z</time></trkpt><trkpt lat="35.6508307" lon="139.1938988"><ele>708.04</ele><time>2024-03-24T02:10:46Z</time></trkpt><trkpt lat="35.6509283" lon="139.1941011"><ele>706.4033333333333</ele><time>2024-03-24T02:11:01Z</time></trkpt><trkpt lat="35.651048" lon="139.1943264"><ele>705.4499999999999</ele><time>2024-03-24T02:11:16Z</time></trkpt><trkpt lat="35.6511734" lon="139.1945043"><ele>705.84</ele><time>2024-03-24T02:11:31Z</time></trkpt><trkpt lat="35.6512003" lon="139.194751"><ele>705.1966666666667</ele><time>2024-03-24T02:11:46Z</time></trkpt><trkpt lat="35.6512153" lon="139.1949924"><ele>702.1433333333334</ele><time>2024-03-24T02:12:04Z</time></trkpt><trkpt lat="35.6513335" lon="139.1951598"><ele>696.3933333333334</ele><time>2024-03-24T02:12:15Z</time></trkpt><trkpt lat="35.6513667" lon="139.1954137"><ele>692.9033333333333</ele><time>2024-03-24T02:12:30Z</time></trkpt><trkpt lat="35.6514539" lon="139.195635"><ele>691.5066666666667</ele><time>2024-03-24T02:12:48Z</time></trkpt><trkpt lat="35.6514545" lon="139.1958677"><ele>693.6433333333334</ele><time>2024-03-24T02:13:12Z</time></trkpt><trkpt lat="35.65146" lon="139.1961216"><ele>696.91</ele><time>2024-03-24T02:13:31Z</time></trkpt><trkpt lat="35.6516189" lon="139.1962507"><ele>700.3366666666666</ele><time>2024-03-24T02:13:46Z</time></trkpt><trkpt lat="35.6517934" lon="139.1963373"><ele>699.1466666666666</ele><time>2024-03-24T02:14:01Z</time></trkpt><trkpt lat="35.65195" lon="139.1964981"><ele>695.2900000000001</ele><time>2024-03-24T02:14:16Z</time></trkpt><trkpt lat="35.6519714" lon="139.1967443"><ele>692.65</ele><time>2024-03-24T02:14:31Z</time></trkpt><trkpt lat="35.6521104" lon="139.1969269"><ele>692.2766666666666</ele><time>2024-03-24T02:14:49Z</time></trkpt><trkpt lat="35.6522643" lon="139.1970817"><ele>694.8733333333334</ele><time>2024-03-24T02:15:10Z</time></trkpt><trkpt lat="35.6524468" lon="139.197011"><ele>696.1700000000001</ele><time>2024-03-24T02:15:30Z</time></trkpt><trkpt lat="35.652591" lon="139.1972261"><ele>696.9766666666668</ele><time>2024-03-24T02:15:51Z</time></trkpt><trkpt lat="35.6526748" lon="139.1974237"><ele>695.85</ele><time>2024-03-24T02:16:03Z</time></trkpt><trkpt lat="35.6527338" lon="139.1976328"><ele>695.3966666666666</ele><time>2024-03-24T02:16:15Z</time></trkpt><trkpt lat="35.652931" lon="139.1977344"><ele>694.4566666666666</ele><time>2024-03-24T02:16:30Z</time></trkpt><trkpt lat="35.65313" lon="139.1977959"><ele>691.0266666666666</ele><time>2024-03-24T02:16:45Z</time></trkpt><trkpt lat="35.6531505" lon="139.1980609"><ele>687.9266666666666</ele><time>2024-03-24T02:17:00Z</time></trkpt><trkpt lat="35.6531505" lon="139.1983012"><ele>687.1266666666667</ele><time>2024-03-24T02:17:12Z</time></trkpt><trkpt lat="35.6531608" lon="139.1985326"><ele>688.83</ele><time>2024-03-24T02:17:27Z</time></trkpt><trkpt lat="35.6530575" lon="139.1987295"><ele>688.4166666666666</ele><time>2024-03-24T02:17:48Z</time></trkpt><trkpt lat="35.6529721" lon="139.1989386"><ele>684.3000000000001</ele><time>2024-03-24T02:18:09Z</time></trkpt><trkpt lat="35.6528854" lon="139.1991675"><ele>679.9933333333333</ele><time>2024-03-24T02:18:24Z</time></trkpt><trkpt lat="35.6528597" lon="139.1994089"><ele>676.4133333333333</ele><time>2024-03-24T02:18:42Z</time></trkpt><trkpt lat="35.6530903" lon="139.199476"><ele>673.7199999999999</ele><time>2024-03-24T02:18:57Z</time></trkpt><trkpt lat="35.6530606" lon="139.1997614"><ele>671.5633333333334</ele><time>2024-03-24T02:19:15Z</time></trkpt><trkpt lat="35.6528806" lon="139.1998471"><ele>669.8766666666667</ele><time>2024-03-24T02:19:30Z</time></trkpt><trkpt lat="35.6527469" lon="139.2000357"><ele>666.6466666666666</ele><time>2024-03-24T02:20:03Z</time></trkpt><trkpt lat="35.6526478" lon="139.2002514"><ele>661.4866666666667</ele><time>2024-03-24T02:20:27Z</time></trkpt><trkpt lat="35.6526104" lon="139.2004786"><ele>658.4466666666667</ele><time>2024-03-24T02:20:42Z</time></trkpt><trkpt lat="35.6527146" lon="139.2006918"><ele>655.8833333333333</ele><time>2024-03-24T02:20:54Z</time></trkpt><trkpt lat="35.6526863" lon="139.2009318"><ele>656.6166666666667</ele><time>2024-03-24T02:21:09Z</time></trkpt><trkpt lat="35.6526493" lon="139.2011941"><ele>655.63</ele><time>2024-03-24T02:21:24Z</time></trkpt><trkpt lat="35.6525953" lon="139.2014581"><ele>658.3666666666667</ele><time>2024-03-24T02:21:42Z</time></trkpt><trkpt lat="35.652665" lon="139.2016705"><ele>660.11</ele><time>2024-03-24T02:21:54Z</time></trkpt><trkpt lat="35.6527632" lon="139.2018618"><ele>663.29</ele><time>2024-03-24T02:22:09Z</time></trkpt><trkpt lat="35.6529597" lon="139.2018553"><ele>664.46</ele><time>2024-03-24T02:22:33Z</time></trkpt><trkpt lat="35.6531201" lon="139.2020161"><ele>666.5500000000001</ele><time>2024-03-24T02:22:51Z</time></trkpt><trkpt lat="35.6531577" lon="139.2022547"><ele>667.9133333333333</ele><time>2024-03-24T02:23:06Z</time></trkpt><trkpt lat="35.6530132" lon="139.2024289"><ele>669.66</ele><time>2024-03-24T02:23:21Z</time></trkpt><trkpt lat="35.6528406" lon="139.2025824"><ele>668.0066666666667</ele><time>2024-03-24T02:23:39Z</time></trkpt><trkpt lat="35.652757" lon="139.2027858"><ele>665.0866666666666</ele><time>2024-03-24T02:23:51Z</time></trkpt><trkpt lat="35.6526411" lon="139.2030005"><ele>662.3966666666666</ele><time>2024-03-24T02:24:06Z</time></trkpt><trkpt lat="35.6527087" lon="139.2032127"><ele>660.1566666666666</ele><time>2024-03-24T02:24:25Z</time></trkpt><trkpt lat="35.6526172" lon="139.2034033"><ele>658.7033333333334</ele><time>2024-03-24T02:24:40Z</time></trkpt><trkpt lat="35.6524407" lon="139.2034884"><ele>655.5066666666667</ele><time>2024-03-24T02:24:55Z</time></trkpt><trkpt lat="35.6522993" lon="139.2033265"><ele>655.2900000000001</ele><time>2024-03-24T02:25:10Z</time></trkpt><trkpt lat="35.6521318" lon="139.2035037"><ele>651.5233333333334</ele><time>2024-03-24T02:25:37Z</time></trkpt><trkpt lat="35.6519786" lon="139.2036444"><ele>647.7</ele><time>2024-03-24T02:25:49Z</time></trkpt><trkpt lat="35.6519612" lon="139.2039364"><ele>641.7833333333333</ele><time>2024-03-24T02:26:04Z</time></trkpt><trkpt lat="35.6518694" lon="139.2041533"><ele>640.1933333333333</ele><time>2024-03-24T02:26:30Z</time></trkpt><trkpt lat="35.6519157" lon="139.2043914"><ele>640.4333333333334</ele><time>2024-03-24T02:26:46Z</time></trkpt><trkpt lat="35.6518823" lon="139.2046448"><ele>642.6533333333333</ele><time>2024-03-24T02:27:14Z</time></trkpt><trkpt lat="35.6519568" lon="139.2048543"><ele>645.3966666666666</ele><time>2024-03-24T02:27:30Z</time></trkpt><trkpt lat="35.6520119" lon="139.2050763"><ele>647.36</ele><time>2024-03-24T02:27:51Z</time></trkpt><trkpt lat="35.6519192" lon="139.2052789"><ele>651.64</ele><time>2024-03-24T02:28:18Z</time></trkpt><trkpt lat="35.6519248" lon="139.2055358"><ele>653.7766666666666</ele><time>2024-03-24T02:28:36Z</time></trkpt><trkpt lat="35.6517672" lon="139.2056978"><ele>656.9933333333333</ele><time>2024-03-24T02:28:51Z</time></trkpt><trkpt lat="35.6516031" lon="139.2058279"><ele>654.6766666666666</ele><time>2024-03-24T02:29:09Z</time></trkpt><trkpt lat="35.6514504" lon="139.2059522"><ele>653.0533333333333</ele><time>2024-03-24T02:29:24Z</time></trkpt><trkpt lat="35.6512579" lon="139.2060132"><ele>651.9433333333333</ele><time>2024-03-24T02:29:39Z</time></trkpt><trkpt lat="35.651157" lon="139.2062068"><ele>653.7833333333333</ele><time>2024-03-24T02:30:00Z</time></trkpt><trkpt lat="35.6511366" lon="139.2064335"><ele>653.87</ele><time>2024-03-24T02:30:24Z</time></trkpt><trkpt lat="35.6509451" lon="139.2065511"><ele>656.4166666666666</ele><time>2024-03-24T02:30:48Z</time></trkpt><trkpt lat="35.6507341" lon="139.2065766"><ele>658.3766666666667</ele><time>2024-03-24T02:31:06Z</time></trkpt><trkpt lat="35.6505658" lon="139.2066628"><ele>661.8133333333334</ele><time>2024-03-24T02:31:16Z</time></trkpt><trkpt lat="35.65038" lon="139.2067095"><ele>662.95</ele><time>2024-03-24T02:31:43Z</time></trkpt><trkpt lat="35.6502836" lon="139.2069154"><ele>663.7933333333334</ele><time>2024-03-24T02:32:16Z</time></trkpt><trkpt lat="35.6502021" lon="139.2071152"><ele>665.79</ele><time>2024-03-24T02:32:37Z</time></trkpt><trkpt lat="35.6501207" lon="139.2073234"><ele>668.2733333333334</ele><time>2024-03-24T02:34:07Z</time></trkpt><trkpt lat="35.6499724" lon="139.2075214"><ele>674.5466666666666</ele><time>2024-03-24T02:34:22Z</time></trkpt><trkpt lat="35.649871" lon="139.2077435"><ele>681.0833333333334</ele><time>2024-03-24T02:34:37Z</time></trkpt><trkpt lat="35.6497867" lon="139.2079746"><ele>687.2400000000001</ele><time>2024-03-24T02:34:54Z</time></trkpt><trkpt lat="35.6498496" lon="139.2082133"><ele>689.2266666666666</ele><time>2024-03-24T02:35:10Z</time></trkpt><trkpt lat="35.6499055" lon="139.2084446"><ele>689.7233333333334</ele><time>2024-03-24T02:35:28Z</time></trkpt><trkpt lat="35.6499079" lon="139.2086926"><ele>689.2733333333334</ele><time>2024-03-24T02:35:43Z</time></trkpt><trkpt lat="35.6498966" lon="139.2089267"><ele>689.8100000000001</ele><time>2024-03-24T02:35:58Z</time></trkpt><trkpt lat="35.6499442" lon="139.2091723"><ele>690.23</ele><time>2024-03-24T02:36:13Z</time></trkpt><trkpt lat="35.6499016" lon="139.2094118"><ele>690.6500000000001</ele><time>2024-03-24T02:36:37Z</time></trkpt><trkpt lat="35.6497215" lon="139.2094781"><ele>689.9433333333333</ele><time>2024-03-24T02:36:55Z</time></trkpt><trkpt lat="35.6495798" lon="139.2096176"><ele>687.3333333333334</ele><time>2024-03-24T02:37:07Z</time></trkpt><trkpt lat="35.6494791" lon="139.20982"><ele>684.12</ele><time>2024-03-24T02:37:21Z</time></trkpt><trkpt lat="35.649504" lon="139.2100587"><ele>680.8133333333334</ele><time>2024-03-24T02:37:39Z</time></trkpt><trkpt lat="35.6494996" lon="139.2103168"><ele>680.7166666666667</ele><time>2024-03-24T02:37:57Z</time></trkpt><trkpt lat="35.6495407" lon="139.2105514"><ele>682.49</ele><time>2024-03-24T02:38:31Z</time></trkpt><trkpt lat="35.6494844" lon="139.210786"><ele>687.0666666666667</ele><time>2024-03-24T02:38:52Z</time></trkpt><trkpt lat="35.6495324" lon="139.2110296"><ele>690.8966666666666</ele><time>2024-03-24T02:39:16Z</time></trkpt><trkpt lat="35.6495699" lon="139.2112883"><ele>692.3666666666668</ele><time>2024-03-24T02:39:34Z</time></trkpt><trkpt lat="35.6493877" lon="139.2114481"><ele>692.7666666666668</ele><time>2024-03-24T02:39:55Z</time></trkpt><trkpt lat="35.6492328" lon="139.2112762"><ele>694.7233333333334</ele><time>2024-03-24T02:40:13Z</time></trkpt><trkpt lat="35.649092" lon="139.2115232"><ele>694.9366666666666</ele><time>2024-03-24T02:40:19Z</time></trkpt><trkpt lat="35.6491419" lon="139.2117611"><ele>690.0966666666667</ele><time>2024-03-24T02:40:28Z</time></trkpt><trkpt lat="35.6491627" lon="139.2119891"><ele>679.6066666666667</ele><time>2024-03-24T02:40:43Z</time></trkpt><trkpt lat="35.6489743" lon="139.2120539"><ele>675.1866666666666</ele><time>2024-03-24T02:41:07Z</time></trkpt><trkpt lat="35.6487711" lon="139.2121334"><ele>673.8833333333333</ele><time>2024-03-24T02:41:22Z</time></trkpt><trkpt lat="35.648626" lon="139.212286"><ele>675.43</ele><time>2024-03-24T02:41:37Z</time></trkpt><trkpt lat="35.6485596" lon="139.2125342"><ele>673.3333333333334</ele><time>2024-03-24T02:41:58Z</time></trkpt><trkpt lat="35.6484342" lon="139.2127097"><ele>671.89</ele><time>2024-03-24T02:42:28Z</time></trkpt><trkpt lat="35.6482906" lon="139.2129402"><ele>670.8633333333333</ele><time>2024-03-24T02:42:40Z</time></trkpt><trkpt lat="35.6480796" lon="139.2130099"><ele>671.3533333333334</ele><time>2024-03-24T02:42:52Z</time></trkpt><trkpt lat="35.6480725" lon="139.2132646"><ele>672.0166666666668</ele><time>2024-03-24T02:43:07Z</time></trkpt><trkpt lat="35.648153" lon="139.2134702"><ele>673.2666666666668</ele><time>2024-03-24T02:43:19Z</time></trkpt><trkpt lat="35.6480878" lon="139.2137016"><ele>674.5366666666667</ele><time>2024-03-24T02:43:46Z</time></trkpt><trkpt lat="35.6478922" lon="139.2137861"><ele>676.3433333333334</ele><time>2024-03-24T02:44:01Z</time></trkpt><trkpt lat="35.6477784" lon="139.2139752"><ele>676.8133333333334</ele><time>2024-03-24T02:44:19Z</time></trkpt><trkpt lat="35.6475847" lon="139.214014"><ele>678.42</ele><time>2024-03-24T02:44:34Z</time></trkpt><trkpt lat="35.6474333" lon="139.2141662"><ele>680.1433333333333</ele><time>2024-03-24T02:44:58Z</time></trkpt><trkpt lat="35.6474184" lon="139.2144078"><ele>683.2733333333334</ele><time>2024-03-24T02:45:55Z</time></trkpt><trkpt lat="35.6474299" lon="139.214663"><ele>686.5166666666668</ele><time>2024-03-24T02:46:28Z</time></trkpt><trkpt lat="35.6472425" lon="139.2148049"><ele>691.6166666666668</ele><time>2024-03-24T02:46:49Z</time></trkpt><trkpt lat="35.6470671" lon="139.2148651"><ele>696.5400000000001</ele><time>2024-03-24T02:47:01Z</time></trkpt><trkpt lat="35.6469071" lon="139.214744"><ele>698.8933333333333</ele><time>2024-03-24T02:47:13Z</time></trkpt><trkpt lat="35.6467226" lon="139.2148934"><ele>697.94</ele><time>2024-03-24T02:47:25Z</time></trkpt><trkpt lat="35.6465991" lon="139.2150687"><ele>698.3433333333332</ele><time>2024-03-24T02:47:40Z</time></trkpt><trkpt lat="35.6465646" lon="139.2152866"><ele>699.0266666666666</ele><time>2024-03-24T02:48:52Z</time></trkpt><trkpt lat="35.6464764" lon="139.2155164"><ele>704.34</ele><time>2024-03-24T02:49:40Z</time></trkpt><trkpt lat="35.6463397" lon="139.2156992"><ele>710.0566666666667</ele><time>2024-03-24T02:50:04Z</time></trkpt><trkpt lat="35.6461493" lon="139.2157928"><ele>716.4366666666666</ele><time>2024-03-24T02:50:25Z</time></trkpt><trkpt lat="35.6460232" lon="139.2160283"><ele>718.5066666666668</ele><time>2024-03-24T02:50:55Z</time></trkpt><trkpt lat="35.6458418" lon="139.216013"><ele>720.1500000000001</ele><time>2024-03-24T02:51:07Z</time></trkpt><trkpt lat="35.6456375" lon="139.2159321"><ele>720.7466666666666</ele><time>2024-03-24T03:05:35Z</time></trkpt><trkpt lat="35.645451" lon="139.2160084"><ele>721.14</ele><time>2024-03-24T03:05:53Z</time></trkpt><trkpt lat="35.6452661" lon="139.2159176"><ele>718.65</ele><time>2024-03-24T03:06:50Z</time></trkpt><trkpt lat="35.6451046" lon="139.2160233"><ele>714.2433333333333</ele><time>2024-03-24T03:07:17Z</time></trkpt><trkpt lat="35.64514" lon="139.2157957"><ele>710.5466666666666</ele><time>2024-03-24T03:07:32Z</time></trkpt><trkpt lat="35.6450173" lon="139.2156208"><ele>704.5600000000001</ele><time>2024-03-24T03:07:59Z</time></trkpt><trkpt lat="35.6450049" lon="139.2158489"><ele>702.33</ele><time>2024-03-24T03:08:07Z</time></trkpt><trkpt lat="35.6448229" lon="139.2158211"><ele>696.6333333333333</ele><time>2024-03-24T03:08:22Z</time></trkpt><trkpt lat="35.6447434" lon="139.2156194"><ele>693.3366666666667</ele><time>2024-03-24T03:08:37Z</time></trkpt><trkpt lat="35.6445813" lon="139.2154682"><ele>685.21</ele><time>2024-03-24T03:08:55Z</time></trkpt><trkpt lat="35.6443807" lon="139.2154578"><ele>678.7866666666666</ele><time>2024-03-24T03:09:04Z</time></trkpt><trkpt lat="35.6442904" lon="139.2152327"><ele>674.6966666666667</ele><time>2024-03-24T03:09:21Z</time></trkpt><trkpt lat="35.6441687" lon="139.2150309"><ele>673.07</ele><time>2024-03-24T03:09:40Z</time></trkpt><trkpt lat="35.6439588" lon="139.2150963"><ele>672.66</ele><time>2024-03-24T03:09:55Z</time></trkpt><trkpt lat="35.6437765" lon="139.2150308"><ele>670.9</ele><time>2024-03-24T03:10:06Z</time></trkpt><trkpt lat="35.643577" lon="139.2149887"><ele>667.7866666666667</ele><time>2024-03-24T03:10:24Z</time></trkpt><trkpt lat="35.6433663" lon="139.2150491"><ele>664.3233333333333</ele><time>2024-03-24T03:10:44Z</time></trkpt><trkpt lat="35.6431672" lon="139.2150337"><ele>660.0500000000001</ele><time>2024-03-24T03:11:05Z</time></trkpt><trkpt lat="35.6429674" lon="139.2150814"><ele>655.6133333333333</ele><time>2024-03-24T03:11:20Z</time></trkpt><trkpt lat="35.642785" lon="139.2150375"><ele>651.9533333333334</ele><time>2024-03-24T03:11:35Z</time></trkpt><trkpt lat="35.6425585" lon="139.2151664"><ele>648.4066666666666</ele><time>2024-03-24T03:11:50Z</time></trkpt><trkpt lat="35.6424838" lon="139.2149619"><ele>649.6700000000001</ele><time>2024-03-24T03:12:11Z</time></trkpt><trkpt lat="35.6422961" lon="139.2149021"><ele>652.7399999999999</ele><time>2024-03-24T03:12:38Z</time></trkpt><trkpt lat="35.6421207" lon="139.2148079"><ele>658.1133333333333</ele><time>2024-03-24T03:12:56Z</time></trkpt><trkpt lat="35.6419215" lon="139.214709"><ele>661.1999999999999</ele><time>2024-03-24T03:13:14Z</time></trkpt><trkpt lat="35.6417593" lon="139.2146104"><ele>662.7266666666666</ele><time>2024-03-24T03:13:32Z</time></trkpt><trkpt lat="35.6415486" lon="139.2146073"><ele>664.2966666666666</ele><time>2024-03-24T03:13:50Z</time></trkpt><trkpt lat="35.6413611" lon="139.2147416"><ele>666.8633333333333</ele><time>2024-03-24T03:14:05Z</time></trkpt><trkpt lat="35.6411798" lon="139.2148357"><ele>668.6</ele><time>2024-03-24T03:14:20Z</time></trkpt><trkpt lat="35.6410396" lon="139.2149955"><ele>666.2333333333333</ele><time>2024-03-24T03:14:38Z</time></trkpt><trkpt lat="35.6409127" lon="139.2151765"><ele>659.3166666666667</ele><time>2024-03-24T03:14:56Z</time></trkpt><trkpt lat="35.6407604" lon="139.2153121"><ele>652.3299999999999</ele><time>2024-03-24T03:15:14Z</time></trkpt><trkpt lat="35.640555" lon="139.2152626"><ele>648.61</ele><time>2024-03-24T03:15:29Z</time></trkpt><trkpt lat="35.6403811" lon="139.2153527"><ele>647.6999999999999</ele><time>2024-03-24T03:15:41Z</time></trkpt><trkpt lat="35.6401999" lon="139.2153276"><ele>647.32</ele><time>2024-03-24T03:15:56Z</time></trkpt><trkpt lat="35.640007" lon="139.2154231"><ele>646.4866666666667</ele><time>2024-03-24T03:16:14Z</time></trkpt><trkpt lat="35.6398116" lon="139.2154733"><ele>645.9133333333333</ele><time>2024-03-24T03:16:32Z</time></trkpt><trkpt lat="35.6396202" lon="139.215607"><ele>644.89</ele><time>2024-03-24T03:16:50Z</time></trkpt><trkpt lat="35.6393996" lon="139.2156304"><ele>643.9066666666668</ele><time>2024-03-24T03:17:01Z</time></trkpt><trkpt lat="35.6391923" lon="139.2155573"><ele>642.4933333333333</ele><time>2024-03-24T03:17:22Z</time></trkpt><trkpt lat="35.6390145" lon="139.2155116"><ele>641.23</ele><time>2024-03-24T03:17:34Z</time></trkpt><trkpt lat="35.6388198" lon="139.2154186"><ele>638.27</ele><time>2024-03-24T03:18:12Z</time></trkpt><trkpt lat="35.638624" lon="139.2154357"><ele>632.6333333333333</ele><time>2024-03-24T03:18:31Z</time></trkpt><trkpt lat="35.6384284" lon="139.215508"><ele>624.24</ele><time>2024-03-24T03:18:49Z</time></trkpt><trkpt lat="35.638237" lon="139.2155604"><ele>615.6133333333333</ele><time>2024-03-24T03:19:03Z</time></trkpt><trkpt lat="35.6380634" lon="139.2154837"><ele>610.98</ele><time>2024-03-24T03:19:15Z</time></trkpt><trkpt lat="35.6378465" lon="139.2154587"><ele>608.2766666666666</ele><time>2024-03-24T03:19:30Z</time></trkpt><trkpt lat="35.6376539" lon="139.2155199"><ele>606.5466666666667</ele><time>2024-03-24T03:19:49Z</time></trkpt><trkpt lat="35.6374675" lon="139.2155282"><ele>602.7900000000001</ele><time>2024-03-24T03:20:06Z</time></trkpt><trkpt lat="35.6373066" lon="139.2156471"><ele>598.5</ele><time>2024-03-24T03:20:25Z</time></trkpt><trkpt lat="35.6371103" lon="139.2156054"><ele>594.1866666666667</ele><time>2024-03-24T03:20:40Z</time></trkpt><trkpt lat="35.6369405" lon="139.2157403"><ele>590.1133333333333</ele><time>2024-03-24T03:20:57Z</time></trkpt><trkpt lat="35.6368293" lon="139.2159569"><ele>585.8333333333334</ele><time>2024-03-24T03:21:16Z</time></trkpt><trkpt lat="35.63692" lon="139.2161548"><ele>581.41</ele><time>2024-03-24T03:21:37Z</time></trkpt><trkpt lat="35.6367666" lon="139.216313"><ele>576.21</ele><time>2024-03-24T03:21:56Z</time></trkpt><trkpt lat="35.6366146" lon="139.216181"><ele>573.4166666666666</ele><time>2024-03-24T03:22:11Z</time></trkpt><trkpt lat="35.6365125" lon="139.2163772"><ele>569.86</ele><time>2024-03-24T03:22:32Z</time></trkpt><trkpt lat="35.6363437" lon="139.2165148"><ele>565.41</ele><time>2024-03-24T03:23:10Z</time></trkpt><trkpt lat="35.6361452" lon="139.2165639"><ele>558.7466666666667</ele><time>2024-03-24T03:23:51Z</time></trkpt><trkpt lat="35.6359759" lon="139.2166751"><ele>553.0600000000001</ele><time>2024-03-24T03:24:00Z</time></trkpt><trkpt lat="35.6357622" lon="139.2167123"><ele>548.6733333333333</ele><time>2024-03-24T03:24:14Z</time></trkpt><trkpt lat="35.6356276" lon="139.2168902"><ele>545.0433333333334</ele><time>2024-03-24T03:24:47Z</time></trkpt><trkpt lat="35.6354839" lon="139.2170424"><ele>544.75</ele><time>2024-03-24T03:25:19Z</time></trkpt><trkpt lat="35.6352933" lon="139.2169419"><ele>549.92</ele><time>2024-03-24T03:25:58Z</time></trkpt><trkpt lat="35.635107" lon="139.2169082"><ele>558.4266666666667</ele><time>2024-03-24T03:26:16Z</time></trkpt><trkpt lat="35.6349456" lon="139.2168061"><ele>566.0533333333334</ele><time>2024-03-24T03:26:58Z</time></trkpt><trkpt lat="35.6347562" lon="139.2167873"><ele>570.5033333333332</ele><time>2024-03-24T03:27:28Z</time></trkpt><trkpt lat="35.6345835" lon="139.2168728"><ele>573.1533333333333</ele><time>2024-03-24T03:27:47Z</time></trkpt><trkpt lat="35.6345319" lon="139.2171335"><ele>575.0666666666667</ele><time>2024-03-24T03:28:02Z</time></trkpt><trkpt lat="35.6345294" lon="139.2173965"><ele>576.4733333333334</ele><time>2024-03-24T03:28:17Z</time></trkpt><trkpt lat="35.6343774" lon="139.2175641"><ele>578.6066666666667</ele><time>2024-03-24T03:28:34Z</time></trkpt><trkpt lat="35.6341803" lon="139.2176121"><ele>580.9666666666667</ele><time>2024-03-24T03:28:52Z</time></trkpt><trkpt lat="35.6340864" lon="139.2178348"><ele>583.86</ele><time>2024-03-24T03:29:11Z</time></trkpt><trkpt lat="35.6339662" lon="139.2180055"><ele>587.1999999999999</ele><time>2024-03-24T03:29:32Z</time></trkpt><trkpt lat="35.6338395" lon="139.2181952"><ele>590.82</ele><time>2024-03-24T03:29:50Z</time></trkpt><trkpt lat="35.6337737" lon="139.2184128"><ele>595.7466666666667</ele><time>2024-03-24T03:30:11Z</time></trkpt><trkpt lat="35.6336154" lon="139.2185252"><ele>599.5733333333334</ele><time>2024-03-24T03:30:29Z</time></trkpt><trkpt lat="35.6334459" lon="139.2186573"><ele>603.33</ele><time>2024-03-24T03:30:47Z</time></trkpt><trkpt lat="35.6332544" lon="139.2187158"><ele>606.1866666666666</ele><time>2024-03-24T03:31:05Z</time></trkpt><trkpt lat="35.6330574" lon="139.2187466"><ele>608.3566666666667</ele><time>2024-03-24T03:31:26Z</time></trkpt><trkpt lat="35.6328733" lon="139.218769"><ele>610.6366666666668</ele><time>2024-03-24T03:31:44Z</time></trkpt><trkpt lat="35.6327392" lon="139.2189177"><ele>612.0366666666666</ele><time>2024-03-24T03:32:02Z</time></trkpt><trkpt lat="35.6325048" lon="139.2188693"><ele>613.6633333333333</ele><time>2024-03-24T03:32:23Z</time></trkpt><trkpt lat="35.6324144" lon="139.2190737"><ele>613.8933333333333</ele><time>2024-03-24T03:32:26Z</time></trkpt><trkpt lat="35.6322231" lon="139.2191121"><ele>614.5833333333334</ele><time>2024-03-24T03:32:47Z</time></trkpt><trkpt lat="35.6321294" lon="139.2193174"><ele>614.69</ele><time>2024-03-24T03:33:53Z</time></trkpt><trkpt lat="35.6319643" lon="139.2194283"><ele>619.0433333333334</ele><time>2024-03-24T03:34:20Z</time></trkpt><trkpt lat="35.6318402" lon="139.2195932"><ele>623.6933333333335</ele><time>2024-03-24T03:35:14Z</time></trkpt><trkpt lat="35.6317198" lon="139.2197731"><ele>630.0966666666667</ele><time>2024-03-24T03:35:44Z</time></trkpt><trkpt lat="35.631556" lon="139.219891"><ele>634.9300000000002</ele><time>2024-03-24T03:36:32Z</time></trkpt><trkpt lat="35.6314028" lon="139.2200456"><ele>641.0466666666667</ele><time>2024-03-24T03:37:14Z</time></trkpt><trkpt lat="35.6312689" lon="139.2201966"><ele>648.2966666666667</ele><time>2024-03-24T03:37:32Z</time></trkpt><trkpt lat="35.6311451" lon="139.2204004"><ele>654.5833333333334</ele><time>2024-03-24T03:38:11Z</time></trkpt><trkpt lat="35.6310669" lon="139.2206327"><ele>659.1433333333333</ele><time>2024-03-24T03:38:35Z</time></trkpt><trkpt lat="35.6309204" lon="139.220775"><ele>661.5333333333333</ele><time>2024-03-24T03:38:50Z</time></trkpt><trkpt lat="35.6307627" lon="139.2209211"><ele>662.9133333333334</ele><time>2024-03-24T03:39:08Z</time></trkpt><trkpt lat="35.6305358" lon="139.2210109"><ele>664.5833333333334</ele><time>2024-03-24T03:39:26Z</time></trkpt><trkpt lat="35.6303053" lon="139.2210918"><ele>666.7133333333334</ele><time>2024-03-24T03:39:38Z</time></trkpt><trkpt lat="35.6301144" lon="139.2210289"><ele>668.7066666666667</ele><time>2024-03-24T03:39:53Z</time></trkpt><trkpt lat="35.6300559" lon="139.2212706"><ele>669.7566666666667</ele><time>2024-03-24T03:40:38Z</time></trkpt><trkpt lat="35.6299617" lon="139.2214827"><ele>669.4166666666666</ele><time>2024-03-24T03:40:53Z</time></trkpt><trkpt lat="35.6298098" lon="139.22134"><ele>669.41</ele><time>2024-03-24T03:42:20Z</time></trkpt><trkpt lat="35.6296402" lon="139.2214428"><ele>668.07</ele><time>2024-03-24T03:43:02Z</time></trkpt><trkpt lat="35.6294964" lon="139.221579"><ele>665.8266666666667</ele><time>2024-03-24T03:43:29Z</time></trkpt><trkpt lat="35.6293104" lon="139.2216746"><ele>662.3033333333334</ele><time>2024-03-24T03:43:47Z</time></trkpt><trkpt lat="35.6292099" lon="139.2218681"><ele>658.9200000000001</ele><time>2024-03-24T03:43:59Z</time></trkpt><trkpt lat="35.6291433" lon="139.222168"><ele>655.4133333333334</ele><time>2024-03-24T03:44:23Z</time></trkpt><trkpt lat="35.6289671" lon="139.2222889"><ele>651.09</ele><time>2024-03-24T03:44:41Z</time></trkpt><trkpt lat="35.6288028" lon="139.2224247"><ele>646.4633333333334</ele><time>2024-03-24T03:44:56Z</time></trkpt><trkpt lat="35.6286252" lon="139.2225719"><ele>640.19</ele><time>2024-03-24T03:45:11Z</time></trkpt><trkpt lat="35.628471" lon="139.2224299"><ele>636.7066666666666</ele><time>2024-03-24T03:45:20Z</time></trkpt><trkpt lat="35.6283256" lon="139.222566"><ele>633.15</ele><time>2024-03-24T03:45:41Z</time></trkpt><trkpt lat="35.6283244" lon="139.2227924"><ele>631.5</ele><time>2024-03-24T03:45:56Z</time></trkpt><trkpt lat="35.6282701" lon="139.2230123"><ele>628.1866666666666</ele><time>2024-03-24T03:46:11Z</time></trkpt><trkpt lat="35.6282535" lon="139.22326"><ele>625.56</ele><time>2024-03-24T03:46:26Z</time></trkpt><trkpt lat="35.6282763" lon="139.2235048"><ele>623.2733333333334</ele><time>2024-03-24T03:46:50Z</time></trkpt><trkpt lat="35.628187" lon="139.2237184"><ele>620.67</ele><time>2024-03-24T03:47:02Z</time></trkpt><trkpt lat="35.6280237" lon="139.2238789"><ele>618.4599999999999</ele><time>2024-03-24T03:47:15Z</time></trkpt><trkpt lat="35.6278986" lon="139.2240711"><ele>616.6999999999999</ele><time>2024-03-24T03:47:31Z</time></trkpt><trkpt lat="35.6277424" lon="139.2242605"><ele>614.9666666666667</ele><time>2024-03-24T03:47:43Z</time></trkpt><trkpt lat="35.6277487" lon="139.2244855"><ele>613.5133333333333</ele><time>2024-03-24T03:48:07Z</time></trkpt><trkpt lat="35.627793" lon="139.2247805"><ele>611.9833333333333</ele><time>2024-03-24T03:48:16Z</time></trkpt><trkpt lat="35.6276167" lon="139.2249277"><ele>610.5833333333334</ele><time>2024-03-24T03:48:31Z</time></trkpt><trkpt lat="35.6275011" lon="139.2251314"><ele>607.1533333333333</ele><time>2024-03-24T03:48:45Z</time></trkpt><trkpt lat="35.6273455" lon="139.2252846"><ele>602.4866666666667</ele><time>2024-03-24T03:49:03Z</time></trkpt><trkpt lat="35.6272654" lon="139.2255131"><ele>596.9133333333334</ele><time>2024-03-24T03:49:12Z</time></trkpt><trkpt lat="35.6274629" lon="139.2255783"><ele>594.37</ele><time>2024-03-24T03:49:27Z</time></trkpt><trkpt lat="35.6273518" lon="139.2257568"><ele>593.1666666666666</ele><time>2024-03-24T03:49:45Z</time></trkpt><trkpt lat="35.6272505" lon="139.2259746"><ele>592.3233333333333</ele><time>2024-03-24T03:49:57Z</time></trkpt><trkpt lat="35.6270617" lon="139.2260683"><ele>589.7533333333333</ele><time>2024-03-24T03:50:12Z</time></trkpt><trkpt lat="35.626896" lon="139.2261854"><ele>587.1333333333333</ele><time>2024-03-24T03:50:24Z</time></trkpt><trkpt lat="35.6267419" lon="139.2263521"><ele>585.0633333333334</ele><time>2024-03-24T03:50:39Z</time></trkpt><trkpt lat="35.6265933" lon="139.2265452"><ele>583.3233333333334</ele><time>2024-03-24T03:50:50Z</time></trkpt><trkpt lat="35.6266092" lon="139.2267666"><ele>580.83</ele><time>2024-03-24T03:51:33Z</time></trkpt><trkpt lat="35.6266197" lon="139.2270048"><ele>577.07</ele><time>2024-03-24T03:51:48Z</time></trkpt><trkpt lat="35.6266019" lon="139.2272327"><ele>573.81</ele><time>2024-03-24T03:52:00Z</time></trkpt><trkpt lat="35.6265618" lon="139.2274564"><ele>572.6333333333333</ele><time>2024-03-24T03:52:27Z</time></trkpt><trkpt lat="35.6264155" lon="139.2276217"><ele>574.6833333333333</ele><time>2024-03-24T03:52:39Z</time></trkpt><trkpt lat="35.6263249" lon="139.2278167"><ele>577.5766666666667</ele><time>2024-03-24T03:52:57Z</time></trkpt><trkpt lat="35.6261446" lon="139.2279045"><ele>578.5166666666668</ele><time>2024-03-24T03:54:08Z</time></trkpt><trkpt lat="35.6263065" lon="139.2280172"><ele>578.6833333333333</ele><time>2024-03-24T03:54:35Z</time></trkpt><trkpt lat="35.6264674" lon="139.2278999"><ele>577.07</ele><time>2024-03-24T03:54:47Z</time></trkpt><trkpt lat="35.626424" lon="139.2281478"><ele>575.8733333333333</ele><time>2024-03-24T03:54:56Z</time></trkpt><trkpt lat="35.6265222" lon="139.2283336"><ele>572.8333333333334</ele><time>2024-03-24T03:55:11Z</time></trkpt><trkpt lat="35.6266052" lon="139.228537"><ele>568.8033333333333</ele><time>2024-03-24T03:55:26Z</time></trkpt><trkpt lat="35.626461" lon="139.2286797"><ele>565.7299999999999</ele><time>2024-03-24T03:55:41Z</time></trkpt><trkpt lat="35.6263549" lon="139.2288751"><ele>562.71</ele><time>2024-03-24T03:55:59Z</time></trkpt><trkpt lat="35.6265036" lon="139.229074"><ele>561.33</ele><time>2024-03-24T03:56:14Z</time></trkpt><trkpt lat="35.6264696" lon="139.2293249"><ele>558.7066666666666</ele><time>2024-03-24T03:56:29Z</time></trkpt><trkpt lat="35.6264196" lon="139.2295375"><ele>556.69</ele><time>2024-03-24T03:56:44Z</time></trkpt><trkpt lat="35.6263423" lon="139.22979"><ele>554.09</ele><time>2024-03-24T03:56:59Z</time></trkpt><trkpt lat="35.6264518" lon="139.2299857"><ele>551.47</ele><time>2024-03-24T03:57:14Z</time></trkpt><trkpt lat="35.6262765" lon="139.2301289"><ele>548.3333333333334</ele><time>2024-03-24T03:57:32Z</time></trkpt><trkpt lat="35.6262942" lon="139.2304005"><ele>544.37</ele><time>2024-03-24T03:57:47Z</time></trkpt><trkpt lat="35.6263407" lon="139.2306531"><ele>539.2366666666667</ele><time>2024-03-24T03:58:02Z</time></trkpt><trkpt lat="35.6264225" lon="139.2308619"><ele>533.6033333333334</ele><time>2024-03-24T03:58:17Z</time></trkpt><trkpt lat="35.6264257" lon="139.2311149"><ele>529.1733333333333</ele><time>2024-03-24T03:58:35Z</time></trkpt><trkpt lat="35.6263264" lon="139.2313196"><ele>526.6033333333334</ele><time>2024-03-24T03:58:53Z</time></trkpt><trkpt lat="35.6263127" lon="139.231559"><ele>524.57</ele><time>2024-03-24T03:59:08Z</time></trkpt><trkpt lat="35.6263432" lon="139.2317826"><ele>522.57</ele><time>2024-03-24T03:59:26Z</time></trkpt><trkpt lat="35.6263185" lon="139.2320167"><ele>521.3366666666667</ele><time>2024-03-24T03:59:47Z</time></trkpt><trkpt lat="35.6262565" lon="139.2322397"><ele>520.1999999999999</ele><time>2024-03-24T03:59:59Z</time></trkpt><trkpt lat="35.6262555" lon="139.2324606"><ele>518.8866666666667</ele><time>2024-03-24T04:00:11Z</time></trkpt><trkpt lat="35.6261546" lon="139.2327127"><ele>515.8433333333334</ele><time>2024-03-24T04:00:29Z</time></trkpt><trkpt lat="35.6262692" lon="139.2328865"><ele>511.90666666666675</ele><time>2024-03-24T04:00:44Z</time></trkpt><trkpt lat="35.6262936" lon="139.2331287"><ele>508.4166666666667</ele><time>2024-03-24T04:01:05Z</time></trkpt><trkpt lat="35.6262427" lon="139.2333914"><ele>505.26000000000005</ele><time>2024-03-24T04:01:26Z</time></trkpt><trkpt lat="35.6263056" lon="139.2336111"><ele>502.6366666666667</ele><time>2024-03-24T04:01:38Z</time></trkpt><trkpt lat="35.6263647" lon="139.2338377"><ele>498.6266666666667</ele><time>2024-03-24T04:01:53Z</time></trkpt><trkpt lat="35.626331" lon="139.2340934"><ele>494.33</ele><time>2024-03-24T04:02:11Z</time></trkpt><trkpt lat="35.626282" lon="139.2343155"><ele>489.4166666666667</ele><time>2024-03-24T04:02:26Z</time></trkpt><trkpt lat="35.6262888" lon="139.2345522"><ele>483.6466666666667</ele><time>2024-03-24T04:02:41Z</time></trkpt><trkpt lat="35.6261994" lon="139.2347825"><ele>477.55333333333334</ele><time>2024-03-24T04:02:56Z</time></trkpt><trkpt lat="35.626067" lon="139.2349369"><ele>473.41</ele><time>2024-03-24T04:03:11Z</time></trkpt><trkpt lat="35.6260354" lon="139.2351576"><ele>472.27</ele><time>2024-03-24T04:03:29Z</time></trkpt><trkpt lat="35.626059" lon="139.2353786"><ele>473.67</ele><time>2024-03-24T04:05:11Z</time></trkpt><trkpt lat="35.6259373" lon="139.2355694"><ele>477.0033333333334</ele><time>2024-03-24T04:05:37Z</time></trkpt><trkpt lat="35.6258895" lon="139.2358043"><ele>480.84666666666664</ele><time>2024-03-24T04:05:58Z</time></trkpt><trkpt lat="35.6259014" lon="139.2360465"><ele>485.12999999999994</ele><time>2024-03-24T04:06:40Z</time></trkpt><trkpt lat="35.6258607" lon="139.2362801"><ele>488.37999999999994</ele><time>2024-03-24T04:07:16Z</time></trkpt><trkpt lat="35.6258786" lon="139.2365003"><ele>491.0466666666666</ele><time>2024-03-24T04:07:37Z</time></trkpt><trkpt lat="35.6258539" lon="139.2367399"><ele>492.9633333333333</ele><time>2024-03-24T04:07:52Z</time></trkpt><trkpt lat="35.6258464" lon="139.2369782"><ele>494.44</ele><time>2024-03-24T04:08:07Z</time></trkpt><trkpt lat="35.625857" lon="139.237215"><ele>496.95</ele><time>2024-03-24T04:08:28Z</time></trkpt><trkpt lat="35.62585" lon="139.2374617"><ele>500.0733333333333</ele><time>2024-03-24T04:08:55Z</time></trkpt><trkpt lat="35.6258772" lon="139.2376973"><ele>503.60666666666674</ele><time>2024-03-24T04:10:16Z</time></trkpt><trkpt lat="35.6257588" lon="139.237884"><ele>507.1266666666667</ele><time>2024-03-24T04:10:31Z</time></trkpt><trkpt lat="35.6258213" lon="139.2380999"><ele>510.43</ele><time>2024-03-24T04:10:55Z</time></trkpt><trkpt lat="35.6257173" lon="139.238292"><ele>514.4000000000001</ele><time>2024-03-24T04:12:01Z</time></trkpt><trkpt lat="35.6256135" lon="139.238475"><ele>520.3266666666667</ele><time>2024-03-24T04:12:34Z</time></trkpt><trkpt lat="35.6255237" lon="139.2386676"><ele>525.9066666666666</ele><time>2024-03-24T04:13:31Z</time></trkpt><trkpt lat="35.625386" lon="139.2388278"><ele>531.2866666666667</ele><time>2024-03-24T04:14:16Z</time></trkpt><trkpt lat="35.6252109" lon="139.2389313"><ele>535.0766666666667</ele><time>2024-03-24T04:14:52Z</time></trkpt><trkpt lat="35.6250462" lon="139.2390294"><ele>540.74</ele><time>2024-03-24T04:15:28Z</time></trkpt><trkpt lat="35.6249912" lon="139.2392464"><ele>545.8933333333333</ele><time>2024-03-24T04:16:25Z</time></trkpt><trkpt lat="35.625014" lon="139.2394957"><ele>549.4766666666666</ele><time>2024-03-24T04:16:40Z</time></trkpt><trkpt lat="35.6250311" lon="139.2397545"><ele>550.48</ele><time>2024-03-24T04:16:55Z</time></trkpt><trkpt lat="35.624979" lon="139.2399837"><ele>551.2233333333334</ele><time>2024-03-24T04:17:13Z</time></trkpt><trkpt lat="35.6249426" lon="139.2402235"><ele>551.9633333333334</ele><time>2024-03-24T04:17:37Z</time></trkpt><trkpt lat="35.6249271" lon="139.2404642"><ele>552.7733333333333</ele><time>2024-03-24T04:17:52Z</time></trkpt><trkpt lat="35.6248597" lon="139.2406746"><ele>552.8100000000001</ele><time>2024-03-24T04:18:07Z</time></trkpt><trkpt lat="35.6248358" lon="139.2408962"><ele>553.1033333333334</ele><time>2024-03-24T04:18:25Z</time></trkpt><trkpt lat="35.6248383" lon="139.2411373"><ele>553.8433333333334</ele><time>2024-03-24T04:18:37Z</time></trkpt><trkpt lat="35.624758" lon="139.2413504"><ele>554.58</ele><time>2024-03-24T04:18:55Z</time></trkpt><trkpt lat="35.6247357" lon="139.2415932"><ele>553.87</ele><time>2024-03-24T04:19:13Z</time></trkpt><trkpt lat="35.6247738" lon="139.2418264"><ele>554.1133333333333</ele><time>2024-03-24T04:20:49Z</time></trkpt><trkpt lat="35.6248369" lon="139.2420381"><ele>557.0366666666666</ele><time>2024-03-24T04:22:13Z</time></trkpt><trkpt lat="35.6248984" lon="139.2422512"><ele>562.8033333333333</ele><time>2024-03-24T04:23:19Z</time></trkpt><trkpt lat="35.6249242" lon="139.2424822"><ele>571.1133333333333</ele><time>2024-03-24T04:24:04Z</time></trkpt><trkpt lat="35.6248304" lon="139.2427265"><ele>578.8666666666667</ele><time>2024-03-24T04:25:16Z</time></trkpt><trkpt lat="35.6247757" lon="139.2429906"><ele>586.1999999999999</ele><time>2024-03-24T04:25:31Z</time></trkpt><trkpt lat="35.6247061" lon="139.2432029"><ele>589.76</ele><time>2024-03-24T04:25:55Z</time></trkpt><trkpt lat="35.6248784" lon="139.2432836"><ele>592.1166666666667</ele><time>2024-03-24T04:26:43Z</time></trkpt><trkpt lat="35.6250206" lon="139.2434377"><ele>593.6766666666666</ele><time>2024-03-24T04:27:04Z</time></trkpt><trkpt lat="35.6251984" lon="139.2435762"><ele>595.7866666666667</ele><time>2024-03-24T04:27:22Z</time></trkpt><trkpt lat="35.6252717" lon="139.2437786"><ele>595.6333333333333</ele><time>2024-03-24T04:27:40Z</time></trkpt><trkpt lat="35.6253898" lon="139.2439833"><ele>594.02</ele><time>2024-03-24T04:27:55Z</time></trkpt><trkpt lat="35.6254537" lon="139.2442046"><ele>589.7333333333333</ele><time>2024-03-24T04:31:35Z</time></trkpt><trkpt lat="35.6256215" lon="139.2443041"><ele>587.3100000000001</ele><time>2024-03-24T04:31:49Z</time></trkpt><trkpt lat="35.6258009" lon="139.2443819"><ele>584.6966666666667</ele><time>2024-03-24T04:32:13Z</time></trkpt><trkpt lat="35.6258547" lon="139.2446208"><ele>583.6833333333334</ele><time>2024-03-24T04:32:32Z</time></trkpt><trkpt lat="35.6258575" lon="139.2448581"><ele>582.0666666666667</ele><time>2024-03-24T04:32:47Z</time></trkpt><trkpt lat="35.6259095" lon="139.2450807"><ele>580.5333333333333</ele><time>2024-03-24T04:32:59Z</time></trkpt><trkpt lat="35.625942" lon="139.2453218"><ele>579.87</ele><time>2024-03-24T04:33:13Z</time></trkpt><trkpt lat="35.625989" lon="139.2455385"><ele>579.6166666666667</ele><time>2024-03-24T04:33:27Z</time></trkpt><trkpt lat="35.6261311" lon="139.2456845"><ele>579.0266666666666</ele><time>2024-03-24T04:33:39Z</time></trkpt><trkpt lat="35.6262392" lon="139.245872"><ele>577.84</ele><time>2024-03-24T04:33:53Z</time></trkpt><trkpt lat="35.6263171" lon="139.2460976"><ele>575.13</ele><time>2024-03-24T04:34:14Z</time></trkpt><trkpt lat="35.6264816" lon="139.2462969"><ele>574.0033333333333</ele><time>2024-03-24T04:34:33Z</time></trkpt><trkpt lat="35.6264598" lon="139.2465808"><ele>572.6766666666666</ele><time>2024-03-24T04:34:45Z</time></trkpt><trkpt lat="35.6263736" lon="139.2468101"><ele>572.4466666666666</ele><time>2024-03-24T04:34:59Z</time></trkpt><trkpt lat="35.6262593" lon="139.2470227"><ele>570.1566666666666</ele><time>2024-03-24T04:35:19Z</time></trkpt><trkpt lat="35.6260811" lon="139.2471852"><ele>568.2933333333334</ele><time>2024-03-24T04:35:34Z</time></trkpt><trkpt lat="35.6260325" lon="139.247431"><ele>564.8033333333334</ele><time>2024-03-24T04:35:48Z</time></trkpt><trkpt lat="35.6260562" lon="139.2476647"><ele>561.37</ele><time>2024-03-24T04:36:00Z</time></trkpt><trkpt lat="35.6260226" lon="139.2479128"><ele>558.67</ele><time>2024-03-24T04:36:15Z</time></trkpt><trkpt lat="35.6261528" lon="139.2480776"><ele>556.1966666666667</ele><time>2024-03-24T04:36:32Z</time></trkpt><trkpt lat="35.6261513" lon="139.248324"><ele>555.7566666666667</ele><time>2024-03-24T04:36:50Z</time></trkpt><trkpt lat="35.6262847" lon="139.2484854"><ele>554.1433333333333</ele><time>2024-03-24T04:37:02Z</time></trkpt><trkpt lat="35.6262706" lon="139.2487389"><ele>553.8333333333334</ele><time>2024-03-24T04:37:18Z</time></trkpt><trkpt lat="35.6262344" lon="139.2489727"><ele>552.6566666666666</ele><time>2024-03-24T04:37:33Z</time></trkpt><trkpt lat="35.6264093" lon="139.2490622"><ele>551.91</ele><time>2024-03-24T04:37:45Z</time></trkpt><trkpt lat="35.6264453" lon="139.2492808"><ele>551.4033333333333</ele><time>2024-03-24T04:38:00Z</time></trkpt><trkpt lat="35.6263956" lon="139.249524"><ele>550.7433333333333</ele><time>2024-03-24T04:38:15Z</time></trkpt><trkpt lat="35.6264618" lon="139.2497402"><ele>544.95</ele><time>2024-03-24T04:38:27Z</time></trkpt><trkpt lat="35.6265596" lon="139.2499636"><ele>536.1566666666666</ele><time>2024-03-24T04:38:48Z</time></trkpt><trkpt lat="35.6263906" lon="139.2501012"><ele>525.5600000000001</ele><time>2024-03-24T04:39:48Z</time></trkpt><trkpt lat="35.6262905" lon="139.2503218"><ele>519.88</ele><time>2024-03-24T04:40:03Z</time></trkpt><trkpt lat="35.6261143" lon="139.2504244"><ele>519.64</ele><time>2024-03-24T04:40:21Z</time></trkpt><trkpt lat="35.6260212" lon="139.250625"><ele>521.1933333333333</ele><time>2024-03-24T04:40:42Z</time></trkpt><trkpt lat="35.6258309" lon="139.2505186"><ele>522.3166666666667</ele><time>2024-03-24T04:40:57Z</time></trkpt><trkpt lat="35.6256643" lon="139.2503923"><ele>520.3066666666667</ele><time>2024-03-24T04:41:30Z</time></trkpt><trkpt lat="35.6256945" lon="139.2506312"><ele>517.9100000000001</ele><time>2024-03-24T04:42:00Z</time></trkpt><trkpt lat="35.625862" lon="139.2508018"><ele>516.1166666666667</ele><time>2024-03-24T04:42:18Z</time></trkpt><trkpt lat="35.6261463" lon="139.2510009"><ele>514.4333333333334</ele><time>2024-03-24T04:42:44Z</time></trkpt><trkpt lat="35.6262563" lon="139.2508212"><ele>514.8533333333334</ele><time>2024-03-24T04:42:56Z</time></trkpt><trkpt lat="35.6262753" lon="139.2505674"><ele>515.41</ele><time>2024-03-24T04:43:11Z</time></trkpt><trkpt lat="35.6263825" lon="139.2503285"><ele>515.2066666666667</ele><time>2024-03-24T04:43:32Z</time></trkpt><trkpt lat="35.6265415" lon="139.2501799"><ele>513.1133333333333</ele><time>2024-03-24T04:43:44Z</time></trkpt><trkpt lat="35.6267293" lon="139.2501783"><ele>511.15000000000003</ele><time>2024-03-24T04:44:01Z</time></trkpt><trkpt lat="35.6269097" lon="139.2501494"><ele>512.0266666666666</ele><time>2024-03-24T04:44:11Z</time></trkpt><trkpt lat="35.6271366" lon="139.2501399"><ele>513.4266666666667</ele><time>2024-03-24T04:44:25Z</time></trkpt><trkpt lat="35.6273409" lon="139.2501297"><ele>514.79</ele><time>2024-03-24T04:44:40Z</time></trkpt><trkpt lat="35.6275077" lon="139.2502148"><ele>514.43</ele><time>2024-03-24T04:44:54Z</time></trkpt><trkpt lat="35.6276965" lon="139.2502829"><ele>514.0033333333334</ele><time>2024-03-24T04:45:13Z</time></trkpt><trkpt lat="35.6278864" lon="139.2503327"><ele>513.3100000000001</ele><time>2024-03-24T04:45:27Z</time></trkpt><trkpt lat="35.6280511" lon="139.2504368"><ele>513.4233333333333</ele><time>2024-03-24T04:45:35Z</time></trkpt><trkpt lat="35.6281011" lon="139.2506667"><ele>515.7033333333334</ele><time>2024-03-24T04:45:50Z</time></trkpt><trkpt lat="35.6282952" lon="139.2507394"><ele>517.1333333333333</ele><time>2024-03-24T04:46:01Z</time></trkpt><trkpt lat="35.6284763" lon="139.2507025"><ele>516.3366666666667</ele><time>2024-03-24T04:46:16Z</time></trkpt><trkpt lat="35.6286747" lon="139.2506832"><ele>510.51666666666665</ele><time>2024-03-24T04:46:30Z</time></trkpt><trkpt lat="35.6288326" lon="139.2508843"><ele>505.20666666666665</ele><time>2024-03-24T04:46:41Z</time></trkpt><trkpt lat="35.6289338" lon="139.2510854"><ele>499.93666666666667</ele><time>2024-03-24T04:46:55Z</time></trkpt><trkpt lat="35.6288199" lon="139.2513219"><ele>502.34</ele><time>2024-03-24T04:47:06Z</time></trkpt><trkpt lat="35.6288621" lon="139.251552"><ele>501.31666666666666</ele><time>2024-03-24T04:47:18Z</time></trkpt><trkpt lat="35.6290203" lon="139.251726"><ele>499.83</ele><time>2024-03-24T04:47:32Z</time></trkpt><trkpt lat="35.6290806" lon="139.251968"><ele>491.4533333333333</ele><time>2024-03-24T04:47:45Z</time></trkpt><trkpt lat="35.6292505" lon="139.252092"><ele>488.6233333333333</ele><time>2024-03-24T04:47:58Z</time></trkpt><trkpt lat="35.6293585" lon="139.2523361"><ele>487.6333333333334</ele><time>2024-03-24T04:48:14Z</time></trkpt><trkpt lat="35.6294659" lon="139.2525143"><ele>489.4866666666667</ele><time>2024-03-24T04:48:26Z</time></trkpt><trkpt lat="35.6296537" lon="139.2526453"><ele>490.4766666666667</ele><time>2024-03-24T04:48:34Z</time></trkpt><trkpt lat="35.6297483" lon="139.2528848"><ele>490.08666666666676</ele><time>2024-03-24T04:48:48Z</time></trkpt><trkpt lat="35.6298795" lon="139.2530828"><ele>487.6433333333334</ele><time>2024-03-24T04:49:05Z</time></trkpt><trkpt lat="35.6300368" lon="139.2532198"><ele>482.77000000000004</ele><time>2024-03-24T04:49:49Z</time></trkpt><trkpt lat="35.6300488" lon="139.2534805"><ele>478.3500000000001</ele><time>2024-03-24T04:50:01Z</time></trkpt><trkpt lat="35.6301192" lon="139.2537108"><ele>473.77666666666664</ele><time>2024-03-24T04:50:15Z</time></trkpt><trkpt lat="35.6301799" lon="139.2539275"><ele>469.1833333333334</ele><time>2024-03-24T04:50:24Z</time></trkpt><trkpt lat="35.6300701" lon="139.2541096"><ele>467.72333333333336</ele><time>2024-03-24T04:50:36Z</time></trkpt><trkpt lat="35.6301166" lon="139.254362"><ele>468.31333333333333</ele><time>2024-03-24T04:50:51Z</time></trkpt><trkpt lat="35.6302738" lon="139.2545421"><ele>470.23</ele><time>2024-03-24T04:51:10Z</time></trkpt><trkpt lat="35.6301932" lon="139.2547506"><ele>472.35666666666674</ele><time>2024-03-24T04:51:22Z</time></trkpt><trkpt lat="35.6302144" lon="139.2550015"><ele>475.25666666666666</ele><time>2024-03-24T04:51:36Z</time></trkpt><trkpt lat="35.6302972" lon="139.2552454"><ele>477.49</ele><time>2024-03-24T04:51:50Z</time></trkpt><trkpt lat="35.6303607" lon="139.2555032"><ele>477.96000000000004</ele><time>2024-03-24T04:52:03Z</time></trkpt><trkpt lat="35.6304821" lon="139.2557127"><ele>478.5466666666666</ele><time>2024-03-24T04:52:38Z</time></trkpt><trkpt lat="35.6303992" lon="139.2559308"><ele>479.3066666666667</ele><time>2024-03-24T04:53:06Z</time></trkpt><trkpt lat="35.6304098" lon="139.2561859"><ele>476.8300000000001</ele><time>2024-03-24T04:53:21Z</time></trkpt><trkpt lat="35.6302785" lon="139.2563389"><ele>468.67</ele><time>2024-03-24T04:54:03Z</time></trkpt><trkpt lat="35.6303837" lon="139.2565517"><ele>461.1233333333334</ele><time>2024-03-24T04:54:24Z</time></trkpt><trkpt lat="35.6302637" lon="139.2567371"><ele>453.73333333333335</ele><time>2024-03-24T04:54:36Z</time></trkpt><trkpt lat="35.6302247" lon="139.2569604"><ele>447.1966666666667</ele><time>2024-03-24T04:54:53Z</time></trkpt><trkpt lat="35.6301887" lon="139.2571848"><ele>437.69000000000005</ele><time>2024-03-24T04:55:14Z</time></trkpt><trkpt lat="35.6301407" lon="139.2574194"><ele>428.39000000000004</ele><time>2024-03-24T04:55:32Z</time></trkpt><trkpt lat="35.6299785" lon="139.257563"><ele>420.1666666666667</ele><time>2024-03-24T04:55:51Z</time></trkpt><trkpt lat="35.6298454" lon="139.2577142"><ele>412.8</ele><time>2024-03-24T04:56:12Z</time></trkpt><trkpt lat="35.6298643" lon="139.2574514"><ele>411.32</ele><time>2024-03-24T04:56:30Z</time></trkpt><trkpt lat="35.6297069" lon="139.2575674"><ele>408.13000000000005</ele><time>2024-03-24T04:56:48Z</time></trkpt><trkpt lat="35.6298223" lon="139.2577942"><ele>407.1333333333334</ele><time>2024-03-24T04:57:00Z</time></trkpt><trkpt lat="35.6296811" lon="139.2576497"><ele>402.1133333333334</ele><time>2024-03-24T04:57:15Z</time></trkpt><trkpt lat="35.6297911" lon="139.2578625"><ele>400.30333333333334</ele><time>2024-03-24T04:58:02Z</time></trkpt><trkpt lat="35.6296311" lon="139.2577417"><ele>396.9533333333333</ele><time>2024-03-24T04:58:18Z</time></trkpt><trkpt lat="35.6294818" lon="139.2575854"><ele>392.4533333333334</ele><time>2024-03-24T04:58:33Z</time></trkpt><trkpt lat="35.6295481" lon="139.2578426"><ele>386.82666666666665</ele><time>2024-03-24T04:58:57Z</time></trkpt><trkpt lat="35.6296871" lon="139.2580138"><ele>384.02333333333337</ele><time>2024-03-24T04:59:15Z</time></trkpt><trkpt lat="35.6298223" lon="139.2582145"><ele>381.6333333333334</ele><time>2024-03-24T04:59:36Z</time></trkpt><trkpt lat="35.6297871" lon="139.2584437"><ele>376.31</ele><time>2024-03-24T04:59:59Z</time></trkpt><trkpt lat="35.6298292" lon="139.2586667"><ele>365.35999999999996</ele><time>2024-03-24T05:00:21Z</time></trkpt><trkpt lat="35.6297521" lon="139.2589156"><ele>353.90333333333336</ele><time>2024-03-24T05:00:55Z</time></trkpt><trkpt lat="35.6297643" lon="139.2591401"><ele>344.8333333333333</ele><time>2024-03-24T05:01:46Z</time></trkpt><trkpt lat="35.6297655" lon="139.2593776"><ele>336.29</ele><time>2024-03-24T05:02:05Z</time></trkpt><trkpt lat="35.6296145" lon="139.2595088"><ele>329.1366666666667</ele><time>2024-03-24T05:02:25Z</time></trkpt><trkpt lat="35.6294258" lon="139.2594587"><ele>323.9066666666667</ele><time>2024-03-24T05:02:59Z</time></trkpt><trkpt lat="35.6293571" lon="139.2596819"><ele>321.37999999999994</ele><time>2024-03-24T05:03:14Z</time></trkpt><trkpt lat="35.6295523" lon="139.2596447"><ele>319.46</ele><time>2024-03-24T05:04:32Z</time></trkpt><trkpt lat="35.6297125" lon="139.2597538"><ele>316.1133333333333</ele><time>2024-03-24T05:04:44Z</time></trkpt><trkpt lat="35.6298514" lon="139.2598987"><ele>308.2966666666667</ele><time>2024-03-24T05:04:59Z</time></trkpt><trkpt lat="35.6300334" lon="139.2598975"><ele>297.4533333333333</ele><time>2024-03-24T05:05:16Z</time></trkpt><trkpt lat="35.6302209" lon="139.2597811"><ele>288.99</ele><time>2024-03-24T05:05:51Z</time></trkpt><trkpt lat="35.6304153" lon="139.2597562"><ele>284.53000000000003</ele><time>2024-03-24T05:06:03Z</time></trkpt><trkpt lat="35.6304743" lon="139.259976"><ele>278.5833333333333</ele><time>2024-03-24T05:06:38Z</time></trkpt><trkpt lat="35.6305268" lon="139.2602135"><ele>270.10999999999996</ele><time>2024-03-24T05:06:55Z</time></trkpt><trkpt lat="35.6306877" lon="139.2603347"><ele>264.29999999999995</ele><time>2024-03-24T05:07:16Z</time></trkpt><trkpt lat="35.6306436" lon="139.2605505"><ele>260.50666666666666</ele><time>2024-03-24T05:07:38Z</time></trkpt><trkpt lat="35.6304679" lon="139.2606235"><ele>258.02666666666664</ele><time>2024-03-24T05:07:50Z</time></trkpt><trkpt lat="35.6305717" lon="139.2608683"><ele>254.12666666666667</ele><time>2024-03-24T05:08:08Z</time></trkpt><trkpt lat="35.6305908" lon="139.2610976"><ele>252.86</ele><time>2024-03-24T05:08:23Z</time></trkpt><trkpt lat="35.6306188" lon="139.2613173"><ele>252.15</ele><time>2024-03-24T05:08:38Z</time></trkpt><trkpt lat="35.6305354" lon="139.2615233"><ele>248.35666666666668</ele><time>2024-03-24T05:08:57Z</time></trkpt><trkpt lat="35.6305239" lon="139.261773"><ele>241.54666666666665</ele><time>2024-03-24T05:09:08Z</time></trkpt><trkpt lat="35.6305897" lon="139.262012"><ele>234.15333333333334</ele><time>2024-03-24T05:09:23Z</time></trkpt><trkpt lat="35.6305999" lon="139.2622397"><ele>229.92999999999998</ele><time>2024-03-24T05:09:38Z</time></trkpt><trkpt lat="35.6307642" lon="139.2623663"><ele>228.04333333333332</ele><time>2024-03-24T05:09:56Z</time></trkpt><trkpt lat="35.6308185" lon="139.2625984"><ele>226.91666666666666</ele><time>2024-03-24T05:10:14Z</time></trkpt><trkpt lat="35.63086" lon="139.2628735"><ele>225.8066666666667</ele><time>2024-03-24T05:10:28Z</time></trkpt><trkpt lat="35.6308889" lon="139.2631437"><ele>224.14333333333335</ele><time>2024-03-24T05:10:46Z</time></trkpt><trkpt lat="35.6308603" lon="139.2633885"><ele>222.18666666666664</ele><time>2024-03-24T05:11:01Z</time></trkpt><trkpt lat="35.630803" lon="139.2636094"><ele>220.29666666666665</ele><time>2024-03-24T05:11:13Z</time></trkpt><trkpt lat="35.6306618" lon="139.2637944"><ele>221.20333333333335</ele><time>2024-03-24T05:11:28Z</time></trkpt><trkpt lat="35.6308315" lon="139.2639568"><ele>220.77999999999997</ele><time>2024-03-24T05:11:37Z</time></trkpt><trkpt lat="35.6308615" lon="139.2641841"><ele>220.32333333333335</ele><time>2024-03-24T05:11:49Z</time></trkpt><trkpt lat="35.6308636" lon="139.264416"><ele>218.14666666666668</ele><time>2024-03-24T05:12:00Z</time></trkpt><trkpt lat="35.6308219" lon="139.2646671"><ele>217.92999999999998</ele><time>2024-03-24T05:12:17Z</time></trkpt><trkpt lat="35.6307486" lon="139.2648892"><ele>217.68333333333337</ele><time>2024-03-24T05:12:29Z</time></trkpt><trkpt lat="35.6306963" lon="139.2651353"><ele>216.9333333333333</ele><time>2024-03-24T05:12:43Z</time></trkpt><trkpt lat="35.6307292" lon="139.2653815"><ele>216.11333333333332</ele><time>2024-03-24T05:12:58Z</time></trkpt><trkpt lat="35.6307812" lon="139.2656255"><ele>214.71666666666667</ele><time>2024-03-24T05:13:12Z</time></trkpt><trkpt lat="35.6308445" lon="139.2658628"><ele>213.64333333333335</ele><time>2024-03-24T05:13:27Z</time></trkpt><trkpt lat="35.6309112" lon="139.266116"><ele>211.76333333333332</ele><time>2024-03-24T05:13:45Z</time></trkpt><trkpt lat="35.6309022" lon="139.2663423"><ele>210.17999999999998</ele><time>2024-03-24T05:13:57Z</time></trkpt><trkpt lat="35.631021" lon="139.2665395"><ele>208.78333333333333</ele><time>2024-03-24T05:14:11Z</time></trkpt><trkpt lat="35.6310313" lon="139.2667809"><ele>207.98333333333335</ele><time>2024-03-24T05:14:26Z</time></trkpt><trkpt lat="35.6310229" lon="139.2670152"><ele>206.46666666666667</ele><time>2024-03-24T05:14:37Z</time></trkpt><trkpt lat="35.6311504" lon="139.2671756"><ele>204.29999999999998</ele><time>2024-03-24T05:14:52Z</time></trkpt><trkpt lat="35.6312581" lon="139.2674265"><ele>202.0666666666667</ele><time>2024-03-24T05:15:02Z</time></trkpt><trkpt lat="35.6312888" lon="139.2676647"><ele>200.72333333333336</ele><time>2024-03-24T05:15:16Z</time></trkpt><trkpt lat="35.6313357" lon="139.2679044"><ele>199.92666666666665</ele><time>2024-03-24T05:15:31Z</time></trkpt><trkpt lat="35.6313579" lon="139.2681331"><ele>199.53333333333333</ele><time>2024-03-24T05:15:45Z</time></trkpt><trkpt lat="35.6314014" lon="139.2683482"><ele>199.28333333333333</ele><time>2024-03-24T05:15:59Z</time></trkpt><trkpt lat="35.6313779" lon="139.268617"><ele>198.4</ele><time>2024-03-24T05:16:14Z</time></trkpt><trkpt lat="35.6314963" lon="139.2688218"><ele>197.18999999999997</ele><time>2024-03-24T05:16:27Z</time></trkpt><trkpt lat="35.6315462" lon="139.2690838"><ele>195.34666666666666</ele><time>2024-03-24T05:16:41Z</time></trkpt><trkpt lat="35.6317189" lon="139.269262"><ele>194.1533333333333</ele><time>2024-03-24T05:16:57Z</time></trkpt><trkpt lat="35.6317631" lon="139.2695073"><ele>192.59</ele><time>2024-03-24T05:17:08Z</time></trkpt><trkpt lat="35.6318696" lon="139.2697296"><ele>191.61333333333334</ele><time>2024-03-24T05:17:22Z</time></trkpt><trkpt lat="35.6320431" lon="139.2698686"><ele>190.52999999999997</ele><time>2024-03-24T05:17:36Z</time></trkpt><trkpt lat="35.6322033" lon="139.2699996"><ele>190.34333333333333</ele><time>2024-03-24T05:17:51Z</time></trkpt></trkseg></trk></gpx>