<?xml version='1.0' encoding='UTF-8'?><gpx creator="YAMAP - https://yamap.com" xsi:schemaLocation="http://www.topografix.com/GPX/1/1 http://www.topografix.com/GPX/1/1/gpx.xsd" version="1.1" xmlns="http://www.topografix.com/GPX/1/1" xmlns:xsi="http://www.w3.org/2001/XMLSchema-instance"><metadata><bounds maxlat="37.0607651" maxlon="139.3916366" minlat="36.8889852" minlon="139.195595"/></metadata><trk><name>尾瀬二泊三日</name><number>1</number><trkseg><trkpt lat="37.0284651" lon="139.3910927"><ele>930.19</ele><time>2024-09-07T21:09:32Z</time></trkpt><trkpt lat="37.0285497" lon="139.3908606"><ele>933.585</ele><time>2024-09-07T21:10:47Z</time></trkpt><trkpt lat="37.0284555" lon="139.3906126"><ele>934.6700000000001</ele><time>2024-09-07T21:11:02Z</time></trkpt><trkpt lat="37.0284156" lon="139.3903698"><ele>937.4433333333333</ele><time>2024-09-07T21:11:19Z</time></trkpt><trkpt lat="37.0283501" lon="139.390127"><ele>939.4399999999999</ele><time>2024-09-07T21:11:38Z</time></trkpt><trkpt lat="37.0283351" lon="139.3898943"><ele>942.1133333333333</ele><time>2024-09-07T21:11:53Z</time></trkpt><trkpt lat="37.0282547" lon="139.389653"><ele>945.3266666666667</ele><time>2024-09-07T21:12:14Z</time></trkpt><trkpt lat="37.0281259" lon="139.3894534"><ele>950.2433333333333</ele><time>2024-09-07T21:12:35Z</time></trkpt><trkpt lat="37.0281762" lon="139.3891953"><ele>954.7566666666667</ele><time>2024-09-07T21:13:14Z</time></trkpt><trkpt lat="37.0282564" lon="139.3889684"><ele>957.3766666666667</ele><time>2024-09-07T21:13:32Z</time></trkpt><trkpt lat="37.0283283" lon="139.3887186"><ele>957.6533333333333</ele><time>2024-09-07T21:13:50Z</time></trkpt><trkpt lat="37.0283729" lon="139.3884861"><ele>959.0533333333333</ele><time>2024-09-07T21:14:08Z</time></trkpt><trkpt lat="37.0283993" lon="139.3882541"><ele>961.5266666666666</ele><time>2024-09-07T21:14:26Z</time></trkpt><trkpt lat="37.0284465" lon="139.3880363"><ele>963.6366666666668</ele><time>2024-09-07T21:14:40Z</time></trkpt><trkpt lat="37.0284716" lon="139.3878084"><ele>964.65</ele><time>2024-09-07T21:14:58Z</time></trkpt><trkpt lat="37.0284553" lon="139.3875678"><ele>966.38</ele><time>2024-09-07T21:15:16Z</time></trkpt><trkpt lat="37.0284434" lon="139.3873345"><ele>967.9333333333334</ele><time>2024-09-07T21:15:31Z</time></trkpt><trkpt lat="37.0284429" lon="139.3870795"><ele>969.82</ele><time>2024-09-07T21:15:49Z</time></trkpt><trkpt lat="37.0285633" lon="139.3868852"><ele>972.4000000000001</ele><time>2024-09-07T21:16:20Z</time></trkpt><trkpt lat="37.0287622" lon="139.3868518"><ele>975.2199999999999</ele><time>2024-09-07T21:16:37Z</time></trkpt><trkpt lat="37.028943" lon="139.3868906"><ele>977.4900000000001</ele><time>2024-09-07T21:16:55Z</time></trkpt><trkpt lat="37.029098" lon="139.3867703"><ele>978.5033333333334</ele><time>2024-09-07T21:17:11Z</time></trkpt><trkpt lat="37.0292774" lon="139.386637"><ele>979.4766666666668</ele><time>2024-09-07T21:17:26Z</time></trkpt><trkpt lat="37.0294315" lon="139.3864885"><ele>981.7433333333333</ele><time>2024-09-07T21:17:41Z</time></trkpt><trkpt lat="37.0292673" lon="139.3863592"><ele>984.4866666666667</ele><time>2024-09-07T21:18:05Z</time></trkpt><trkpt lat="37.029086" lon="139.3862875"><ele>987.9033333333333</ele><time>2024-09-07T21:18:20Z</time></trkpt><trkpt lat="37.0288899" lon="139.386243"><ele>992.0033333333334</ele><time>2024-09-07T21:18:59Z</time></trkpt><trkpt lat="37.0287406" lon="139.3863791"><ele>993.1533333333333</ele><time>2024-09-07T21:19:31Z</time></trkpt><trkpt lat="37.0287741" lon="139.3861513"><ele>996.25</ele><time>2024-09-07T21:20:14Z</time></trkpt><trkpt lat="37.0288607" lon="139.3859499"><ele>999.2599999999999</ele><time>2024-09-07T21:20:50Z</time></trkpt><trkpt lat="37.0288405" lon="139.3857087"><ele>1006.9499999999999</ele><time>2024-09-07T21:21:17Z</time></trkpt><trkpt lat="37.028899" lon="139.3854853"><ele>1015.0433333333334</ele><time>2024-09-07T21:22:08Z</time></trkpt><trkpt lat="37.0289271" lon="139.3852365"><ele>1023.65</ele><time>2024-09-07T21:23:35Z</time></trkpt><trkpt lat="37.029024" lon="139.3850015"><ele>1032.7433333333336</ele><time>2024-09-07T21:25:05Z</time></trkpt><trkpt lat="37.0291931" lon="139.3849215"><ele>1041.8</ele><time>2024-09-07T21:25:38Z</time></trkpt><trkpt lat="37.0292984" lon="139.3847199"><ele>1051.05</ele><time>2024-09-07T21:26:20Z</time></trkpt><trkpt lat="37.0294037" lon="139.3845367"><ele>1057.8666666666668</ele><time>2024-09-07T21:26:44Z</time></trkpt><trkpt lat="37.0293643" lon="139.3843037"><ele>1061.3700000000001</ele><time>2024-09-07T21:27:01Z</time></trkpt><trkpt lat="37.0293375" lon="139.3840562"><ele>1060.8633333333335</ele><time>2024-09-07T21:27:23Z</time></trkpt><trkpt lat="37.0294123" lon="139.3838436"><ele>1060.2266666666667</ele><time>2024-09-07T21:27:44Z</time></trkpt><trkpt lat="37.0295251" lon="139.3836599"><ele>1062.0966666666666</ele><time>2024-09-07T21:28:04Z</time></trkpt><trkpt lat="37.0296136" lon="139.3834338"><ele>1065.2333333333333</ele><time>2024-09-07T21:28:27Z</time></trkpt><trkpt lat="37.0296941" lon="139.3832288"><ele>1072.5466666666669</ele><time>2024-09-07T21:28:45Z</time></trkpt><trkpt lat="37.0297269" lon="139.3829763"><ele>1076.44</ele><time>2024-09-07T21:29:09Z</time></trkpt><trkpt lat="37.0297243" lon="139.3827352"><ele>1080.8633333333335</ele><time>2024-09-07T21:29:32Z</time></trkpt><trkpt lat="37.0296341" lon="139.382534"><ele>1080.6666666666667</ele><time>2024-09-07T21:29:56Z</time></trkpt><trkpt lat="37.0298176" lon="139.3825941"><ele>1084.48</ele><time>2024-09-07T21:30:44Z</time></trkpt><trkpt lat="37.0298603" lon="139.3828147"><ele>1089.5466666666669</ele><time>2024-09-07T21:31:04Z</time></trkpt><trkpt lat="37.0298876" lon="139.383054"><ele>1094.6433333333334</ele><time>2024-09-07T21:31:22Z</time></trkpt><trkpt lat="37.0298404" lon="139.383292"><ele>1097.4733333333334</ele><time>2024-09-07T21:31:40Z</time></trkpt><trkpt lat="37.0298257" lon="139.3835215"><ele>1097.47</ele><time>2024-09-07T21:31:58Z</time></trkpt><trkpt lat="37.0299942" lon="139.3834204"><ele>1101.93</ele><time>2024-09-07T21:33:25Z</time></trkpt><trkpt lat="37.0300639" lon="139.383201"><ele>1107.0600000000002</ele><time>2024-09-07T21:34:01Z</time></trkpt><trkpt lat="37.0301989" lon="139.3830519"><ele>1116.3333333333333</ele><time>2024-09-07T21:35:13Z</time></trkpt><trkpt lat="37.0302475" lon="139.3828216"><ele>1123.5033333333333</ele><time>2024-09-07T21:35:49Z</time></trkpt><trkpt lat="37.0303992" lon="139.3829501"><ele>1131.7333333333333</ele><time>2024-09-07T21:37:52Z</time></trkpt><trkpt lat="37.0304927" lon="139.3827571"><ele>1139.1533333333334</ele><time>2024-09-07T21:38:27Z</time></trkpt><trkpt lat="37.0305241" lon="139.3825267"><ele>1146.2533333333333</ele><time>2024-09-07T21:39:01Z</time></trkpt><trkpt lat="37.0306171" lon="139.3823078"><ele>1153.5733333333335</ele><time>2024-09-07T21:40:07Z</time></trkpt><trkpt lat="37.0307367" lon="139.3820447"><ele>1163.4399999999998</ele><time>2024-09-07T21:41:25Z</time></trkpt><trkpt lat="37.0307326" lon="139.3818174"><ele>1174.1366666666665</ele><time>2024-09-07T21:42:25Z</time></trkpt><trkpt lat="37.0308384" lon="139.3816239"><ele>1185.0366666666666</ele><time>2024-09-07T21:43:28Z</time></trkpt><trkpt lat="37.0308787" lon="139.3814032"><ele>1193.926666666667</ele><time>2024-09-07T21:44:34Z</time></trkpt><trkpt lat="37.0308945" lon="139.3811662"><ele>1202.1466666666668</ele><time>2024-09-07T21:45:58Z</time></trkpt><trkpt lat="37.0309109" lon="139.3809275"><ele>1211.25</ele><time>2024-09-07T21:46:43Z</time></trkpt><trkpt lat="37.0309169" lon="139.3806858"><ele>1220.5833333333333</ele><time>2024-09-07T21:47:40Z</time></trkpt><trkpt lat="37.0308648" lon="139.3804658"><ele>1229.3533333333332</ele><time>2024-09-07T21:48:10Z</time></trkpt><trkpt lat="37.0309678" lon="139.3802795"><ele>1239.5166666666667</ele><time>2024-09-07T21:49:43Z</time></trkpt><trkpt lat="37.0311473" lon="139.380224"><ele>1249.8733333333332</ele><time>2024-09-07T21:51:16Z</time></trkpt><trkpt lat="37.0311382" lon="139.3799838"><ele>1262.0266666666666</ele><time>2024-09-07T21:51:52Z</time></trkpt><trkpt lat="37.0311873" lon="139.3797663"><ele>1272.5466666666664</ele><time>2024-09-07T21:52:46Z</time></trkpt><trkpt lat="37.0310886" lon="139.3795411"><ele>1282.3333333333333</ele><time>2024-09-07T21:53:34Z</time></trkpt><trkpt lat="37.0310182" lon="139.3792996"><ele>1291.9366666666667</ele><time>2024-09-07T21:54:49Z</time></trkpt><trkpt lat="37.0310618" lon="139.3790428"><ele>1301.8466666666666</ele><time>2024-09-07T21:56:28Z</time></trkpt><trkpt lat="37.0310879" lon="139.3788021"><ele>1314.5333333333335</ele><time>2024-09-07T21:58:01Z</time></trkpt><trkpt lat="37.0310737" lon="139.3785643"><ele>1328.4800000000002</ele><time>2024-09-07T21:59:22Z</time></trkpt><trkpt lat="37.0308978" lon="139.3784848"><ele>1337.13</ele><time>2024-09-07T22:00:10Z</time></trkpt><trkpt lat="37.0309049" lon="139.3782444"><ele>1342.6466666666668</ele><time>2024-09-07T22:00:49Z</time></trkpt><trkpt lat="37.0310575" lon="139.3781149"><ele>1345.3166666666668</ele><time>2024-09-07T22:01:31Z</time></trkpt><trkpt lat="37.0311862" lon="139.3779506"><ele>1350.8233333333333</ele><time>2024-09-07T22:02:10Z</time></trkpt><trkpt lat="37.0313544" lon="139.3778555"><ele>1356.2533333333333</ele><time>2024-09-07T22:02:46Z</time></trkpt><trkpt lat="37.031502" lon="139.3777024"><ele>1361.5233333333333</ele><time>2024-09-07T22:03:25Z</time></trkpt><trkpt lat="37.0315627" lon="139.3774754"><ele>1366.3166666666666</ele><time>2024-09-07T22:03:58Z</time></trkpt><trkpt lat="37.0317447" lon="139.377491"><ele>1370.62</ele><time>2024-09-07T22:05:16Z</time></trkpt><trkpt lat="37.031973" lon="139.3773305"><ele>1378.4133333333332</ele><time>2024-09-07T22:06:40Z</time></trkpt><trkpt lat="37.0319831" lon="139.3770994"><ele>1386.7600000000002</ele><time>2024-09-07T22:07:07Z</time></trkpt><trkpt lat="37.0320511" lon="139.3768652"><ele>1395.3466666666666</ele><time>2024-09-07T22:07:43Z</time></trkpt><trkpt lat="37.032239" lon="139.3769074"><ele>1401.55</ele><time>2024-09-07T22:09:40Z</time></trkpt><trkpt lat="37.0323609" lon="139.3767412"><ele>1407.39</ele><time>2024-09-07T22:10:22Z</time></trkpt><trkpt lat="37.0325655" lon="139.3766223"><ele>1414.5266666666666</ele><time>2024-09-07T22:11:58Z</time></trkpt><trkpt lat="37.0326358" lon="139.3764121"><ele>1421.3933333333334</ele><time>2024-09-07T22:12:31Z</time></trkpt><trkpt lat="37.0326502" lon="139.3761864"><ele>1429.0966666666666</ele><time>2024-09-07T22:13:01Z</time></trkpt><trkpt lat="37.0328267" lon="139.3762602"><ele>1436.1233333333332</ele><time>2024-09-07T22:14:37Z</time></trkpt><trkpt lat="37.0328794" lon="139.3760424"><ele>1443.83</ele><time>2024-09-07T22:15:13Z</time></trkpt><trkpt lat="37.0330542" lon="139.3761148"><ele>1451.9033333333334</ele><time>2024-09-07T22:16:40Z</time></trkpt><trkpt lat="37.0330753" lon="139.3758853"><ele>1460.1466666666668</ele><time>2024-09-07T22:17:14Z</time></trkpt><trkpt lat="37.0330272" lon="139.3756441"><ele>1466.57</ele><time>2024-09-07T22:17:55Z</time></trkpt><trkpt lat="37.0330658" lon="139.3754199"><ele>1473.6566666666668</ele><time>2024-09-07T22:18:59Z</time></trkpt><trkpt lat="37.0331842" lon="139.375209"><ele>1481.4366666666665</ele><time>2024-09-07T22:20:44Z</time></trkpt><trkpt lat="37.0331942" lon="139.3749653"><ele>1490.2733333333333</ele><time>2024-09-07T22:21:17Z</time></trkpt><trkpt lat="37.0332663" lon="139.374749"><ele>1498.25</ele><time>2024-09-07T22:22:17Z</time></trkpt><trkpt lat="37.0333631" lon="139.3745435"><ele>1504.6900000000003</ele><time>2024-09-07T22:22:58Z</time></trkpt><trkpt lat="37.0334764" lon="139.374358"><ele>1512.0</ele><time>2024-09-07T22:23:38Z</time></trkpt><trkpt lat="37.033566" lon="139.3741075"><ele>1518.9733333333334</ele><time>2024-09-07T22:24:20Z</time></trkpt><trkpt lat="37.0336229" lon="139.3738695"><ele>1526.7166666666665</ele><time>2024-09-07T22:24:55Z</time></trkpt><trkpt lat="37.0336686" lon="139.3736316"><ele>1533.2700000000002</ele><time>2024-09-07T22:25:31Z</time></trkpt><trkpt lat="37.0337292" lon="139.3733775"><ele>1539.2533333333333</ele><time>2024-09-07T22:26:23Z</time></trkpt><trkpt lat="37.0339174" lon="139.373415"><ele>1544.3833333333334</ele><time>2024-09-07T22:28:17Z</time></trkpt><trkpt lat="37.0340408" lon="139.3732481"><ele>1549.1866666666665</ele><time>2024-09-07T22:28:53Z</time></trkpt><trkpt lat="37.0341373" lon="139.3730427"><ele>1555.17</ele><time>2024-09-07T22:29:23Z</time></trkpt><trkpt lat="37.0342679" lon="139.3728871"><ele>1561.8999999999999</ele><time>2024-09-07T22:29:49Z</time></trkpt><trkpt lat="37.0344216" lon="139.3727421"><ele>1568.5833333333333</ele><time>2024-09-07T22:30:52Z</time></trkpt><trkpt lat="37.0345962" lon="139.3726774"><ele>1573.9166666666667</ele><time>2024-09-07T22:31:49Z</time></trkpt><trkpt lat="37.0347858" lon="139.3727157"><ele>1578.2633333333333</ele><time>2024-09-07T22:32:31Z</time></trkpt><trkpt lat="37.0349252" lon="139.3725427"><ele>1582.8133333333335</ele><time>2024-09-07T22:32:59Z</time></trkpt><trkpt lat="37.0350633" lon="139.3723919"><ele>1587.2933333333333</ele><time>2024-09-07T22:33:32Z</time></trkpt><trkpt lat="37.0352456" lon="139.3723852"><ele>1592.4466666666667</ele><time>2024-09-07T22:34:02Z</time></trkpt><trkpt lat="37.0354061" lon="139.3722784"><ele>1597.2133333333334</ele><time>2024-09-07T22:35:02Z</time></trkpt><trkpt lat="37.0355914" lon="139.3722525"><ele>1602.7133333333334</ele><time>2024-09-07T22:36:02Z</time></trkpt><trkpt lat="37.0356444" lon="139.3720354"><ele>1607.2766666666666</ele><time>2024-09-07T22:36:23Z</time></trkpt><trkpt lat="37.035697" lon="139.3718"><ele>1612.2266666666667</ele><time>2024-09-07T22:37:05Z</time></trkpt><trkpt lat="37.0358934" lon="139.3717205"><ele>1618.176666666667</ele><time>2024-09-07T22:37:50Z</time></trkpt><trkpt lat="37.0360825" lon="139.3717009"><ele>1624.9533333333336</ele><time>2024-09-07T22:38:36Z</time></trkpt><trkpt lat="37.0362753" lon="139.3717417"><ele>1630.8433333333332</ele><time>2024-09-07T22:39:27Z</time></trkpt><trkpt lat="37.0364554" lon="139.3718195"><ele>1634.3933333333334</ele><time>2024-09-07T22:40:15Z</time></trkpt><trkpt lat="37.0366367" lon="139.3717921"><ele>1637.6133333333335</ele><time>2024-09-07T22:40:45Z</time></trkpt><trkpt lat="37.0368193" lon="139.3718758"><ele>1642.1066666666666</ele><time>2024-09-07T22:41:15Z</time></trkpt><trkpt lat="37.0369074" lon="139.3716608"><ele>1647.323333333333</ele><time>2024-09-07T22:41:57Z</time></trkpt><trkpt lat="37.0370147" lon="139.3714402"><ele>1651.9766666666667</ele><time>2024-09-07T22:42:36Z</time></trkpt><trkpt lat="37.0371572" lon="139.37129"><ele>1655.8233333333335</ele><time>2024-09-07T22:43:27Z</time></trkpt><trkpt lat="37.037214" lon="139.3710703"><ele>1658.993333333333</ele><time>2024-09-07T22:44:00Z</time></trkpt><trkpt lat="37.0372754" lon="139.3708476"><ele>1662.0366666666666</ele><time>2024-09-07T22:44:42Z</time></trkpt><trkpt lat="37.03745" lon="139.3707533"><ele>1665.7833333333335</ele><time>2024-09-07T22:45:09Z</time></trkpt><trkpt lat="37.0374946" lon="139.3705298"><ele>1669.5266666666666</ele><time>2024-09-07T22:45:36Z</time></trkpt><trkpt lat="37.0375373" lon="139.3703052"><ele>1673.83</ele><time>2024-09-07T22:46:02Z</time></trkpt><trkpt lat="37.0375223" lon="139.3700798"><ele>1677.08</ele><time>2024-09-07T22:46:47Z</time></trkpt><trkpt lat="37.037357" lon="139.3699702"><ele>1682.4399999999998</ele><time>2024-09-07T22:47:33Z</time></trkpt><trkpt lat="37.0372297" lon="139.3697988"><ele>1687.7133333333334</ele><time>2024-09-07T22:48:15Z</time></trkpt><trkpt lat="37.0373204" lon="139.3695918"><ele>1693.1833333333334</ele><time>2024-09-07T22:49:15Z</time></trkpt><trkpt lat="37.0373957" lon="139.3693645"><ele>1697.5433333333333</ele><time>2024-09-07T22:49:51Z</time></trkpt><trkpt lat="37.0374385" lon="139.3691313"><ele>1701.6566666666668</ele><time>2024-09-07T22:50:33Z</time></trkpt><trkpt lat="37.0375082" lon="139.3689004"><ele>1705.5900000000001</ele><time>2024-09-07T22:50:54Z</time></trkpt><trkpt lat="37.0374585" lon="139.3686725"><ele>1708.7133333333331</ele><time>2024-09-07T22:51:24Z</time></trkpt><trkpt lat="37.0374587" lon="139.3684477"><ele>1710.9399999999998</ele><time>2024-09-07T22:51:45Z</time></trkpt><trkpt lat="37.0375196" lon="139.368207"><ele>1712.08</ele><time>2024-09-07T22:52:09Z</time></trkpt><trkpt lat="37.0374845" lon="139.3679778"><ele>1713.26</ele><time>2024-09-07T22:52:33Z</time></trkpt><trkpt lat="37.0375251" lon="139.3677499"><ele>1714.9366666666667</ele><time>2024-09-07T22:53:03Z</time></trkpt><trkpt lat="37.037535" lon="139.3675161"><ele>1717.4366666666665</ele><time>2024-09-07T22:53:32Z</time></trkpt><trkpt lat="37.0376" lon="139.3672839"><ele>1721.05</ele><time>2024-09-07T22:54:33Z</time></trkpt><trkpt lat="37.0377785" lon="139.3673445"><ele>1727.1415843112334</ele><time>2024-09-07T22:55:06Z</time></trkpt><trkpt lat="37.0378343" lon="139.3670961"><ele>1733.870231095885</ele><time>2024-09-07T22:56:36Z</time></trkpt><trkpt lat="37.037906" lon="139.3668354"><ele>1742.8593282084296</ele><time>2024-09-07T22:57:36Z</time></trkpt><trkpt lat="37.0379821" lon="139.3666253"><ele>1750.1605860748743</ele><time>2024-09-07T22:58:36Z</time></trkpt><trkpt lat="37.0379941" lon="139.366369"><ele>1758.995066723726</ele><time>2024-09-07T22:59:33Z</time></trkpt><trkpt lat="37.0379811" lon="139.3661319"><ele>1766.9959630426054</ele><time>2024-09-07T23:00:48Z</time></trkpt><trkpt lat="37.0378782" lon="139.3659343"><ele>1774.129700979748</ele><time>2024-09-07T23:01:36Z</time></trkpt><trkpt lat="37.037953" lon="139.3656803"><ele>1779.6302712475015</ele><time>2024-09-07T23:02:45Z</time></trkpt><trkpt lat="37.0380497" lon="139.3654883"><ele>1783.2977565896451</ele><time>2024-09-07T23:03:45Z</time></trkpt><trkpt lat="37.03812" lon="139.3652625"><ele>1789.065732165478</ele><time>2024-09-07T23:04:48Z</time></trkpt><trkpt lat="37.038043" lon="139.3650553"><ele>1794.999922674302</ele><time>2024-09-07T23:05:30Z</time></trkpt><trkpt lat="37.0380925" lon="139.3648321"><ele>1800.4673507826249</ele><time>2024-09-07T23:06:12Z</time></trkpt><trkpt lat="37.0381723" lon="139.3646209"><ele>1804.501455799377</ele><time>2024-09-07T23:06:41Z</time></trkpt><trkpt lat="37.0381655" lon="139.3643873"><ele>1807.469107093888</ele><time>2024-09-07T23:07:23Z</time></trkpt><trkpt lat="37.0381205" lon="139.3641641"><ele>1810.4365069256328</ele><time>2024-09-07T23:08:02Z</time></trkpt><trkpt lat="37.0382067" lon="139.3639163"><ele>1813.4372924436375</ele><time>2024-09-07T23:09:05Z</time></trkpt><trkpt lat="37.0382112" lon="139.3636901"><ele>1816.9381005624602</ele><time>2024-09-07T23:09:48Z</time></trkpt><trkpt lat="37.0382806" lon="139.3634789"><ele>1821.9391998015042</ele><time>2024-09-07T23:10:33Z</time></trkpt><trkpt lat="37.0382366" lon="139.3632552"><ele>1826.7732633783362</ele><time>2024-09-07T23:11:07Z</time></trkpt><trkpt lat="37.0382221" lon="139.3630176"><ele>1830.6406212276218</ele><time>2024-09-07T23:11:53Z</time></trkpt><trkpt lat="37.0382558" lon="139.3627818"><ele>1834.074575216341</ele><time>2024-09-07T23:12:38Z</time></trkpt><trkpt lat="37.038335" lon="139.3625553"><ele>1837.042190413725</ele><time>2024-09-07T23:13:11Z</time></trkpt><trkpt lat="37.0383916" lon="139.3623298"><ele>1843.2099807705472</ele><time>2024-09-07T23:13:50Z</time></trkpt><trkpt lat="37.0384447" lon="139.3620828"><ele>1848.777832447476</ele><time>2024-09-07T23:14:23Z</time></trkpt><trkpt lat="37.038573" lon="139.3619061"><ele>1855.24576319065</ele><time>2024-09-07T23:15:08Z</time></trkpt><trkpt lat="37.0385201" lon="139.3616649"><ele>1859.3800874696583</ele><time>2024-09-07T23:15:35Z</time></trkpt><trkpt lat="37.0386961" lon="139.3615791"><ele>1863.9479087704083</ele><time>2024-09-07T23:16:22Z</time></trkpt><trkpt lat="37.0386739" lon="139.361346"><ele>1867.5153893953109</ele><time>2024-09-07T23:16:58Z</time></trkpt><trkpt lat="37.0387705" lon="139.3611453"><ele>1871.483222023515</ele><time>2024-09-07T23:17:47Z</time></trkpt><trkpt lat="37.0388057" lon="139.3609195"><ele>1875.5174882823667</ele><time>2024-09-07T23:18:59Z</time></trkpt><trkpt lat="37.038806" lon="139.36069"><ele>1881.318476390323</ele><time>2024-09-07T23:20:02Z</time></trkpt><trkpt lat="37.038838" lon="139.3604552"><ele>1888.0859947418903</ele><time>2024-09-07T23:21:04Z</time></trkpt><trkpt lat="37.0389697" lon="139.3602726"><ele>1895.3537222720104</ele><time>2024-09-07T23:23:17Z</time></trkpt><trkpt lat="37.0390238" lon="139.3600198"><ele>1899.154945717123</ele><time>2024-09-07T23:24:23Z</time></trkpt><trkpt lat="37.0390575" lon="139.3597923"><ele>1902.456165650255</ele><time>2024-09-07T23:24:53Z</time></trkpt><trkpt lat="37.0391708" lon="139.3596047"><ele>1904.6906744664764</ele><time>2024-09-07T23:25:23Z</time></trkpt><trkpt lat="37.0391094" lon="139.3593848"><ele>1908.391516654864</ele><time>2024-09-07T23:26:14Z</time></trkpt><trkpt lat="37.0391718" lon="139.3591543"><ele>1911.5591025136393</ele><time>2024-09-07T23:26:59Z</time></trkpt><trkpt lat="37.0392876" lon="139.3589646"><ele>1914.0266958459786</ele><time>2024-09-07T23:27:25Z</time></trkpt><trkpt lat="37.0392664" lon="139.3587344"><ele>1921.4944035787357</ele><time>2024-09-07T23:28:53Z</time></trkpt><trkpt lat="37.0393894" lon="139.3585327"><ele>1927.9955727436138</ele><time>2024-09-07T23:29:36Z</time></trkpt><trkpt lat="37.0395832" lon="139.3586026"><ele>1933.9966908208337</ele><time>2024-09-07T23:30:25Z</time></trkpt><trkpt lat="37.0396399" lon="139.3583791"><ele>1935.831336698536</ele><time>2024-09-07T23:30:58Z</time></trkpt><trkpt lat="37.0397455" lon="139.3581966"><ele>1939.8325843202958</ele><time>2024-09-07T23:32:24Z</time></trkpt><trkpt lat="37.0396984" lon="139.3579751"><ele>1945.033490354581</ele><time>2024-09-07T23:33:01Z</time></trkpt><trkpt lat="37.0398745" lon="139.357918"><ele>1950.2012098091916</ele><time>2024-09-07T23:33:45Z</time></trkpt><trkpt lat="37.0400644" lon="139.3578394"><ele>1955.035712330947</ele><time>2024-09-07T23:34:54Z</time></trkpt><trkpt lat="37.0401256" lon="139.3576035"><ele>1959.3038408581622</ele><time>2024-09-07T23:35:19Z</time></trkpt><trkpt lat="37.0401863" lon="139.3573612"><ele>1964.0051823663364</ele><time>2024-09-07T23:35:49Z</time></trkpt><trkpt lat="37.0402514" lon="139.3571491"><ele>1966.406329324346</ele><time>2024-09-07T23:36:10Z</time></trkpt><trkpt lat="37.0403503" lon="139.3569465"><ele>1969.6408736089727</ele><time>2024-09-07T23:36:37Z</time></trkpt><trkpt lat="37.0403304" lon="139.3567223"><ele>1972.7751923225499</ele><time>2024-09-07T23:43:05Z</time></trkpt><trkpt lat="37.0404584" lon="139.3565495"><ele>1976.509634000443</ele><time>2024-09-07T23:43:23Z</time></trkpt><trkpt lat="37.040484" lon="139.3563067"><ele>1978.710591710549</ele><time>2024-09-07T23:43:47Z</time></trkpt><trkpt lat="37.0404629" lon="139.356082"><ele>1980.4782132974708</ele><time>2024-09-07T23:44:08Z</time></trkpt><trkpt lat="37.0403968" lon="139.3558202"><ele>1983.478755480527</ele><time>2024-09-07T23:44:52Z</time></trkpt><trkpt lat="37.0404105" lon="139.3555802"><ele>1986.9459311726202</ele><time>2024-09-07T23:45:11Z</time></trkpt><trkpt lat="37.0405659" lon="139.3554451"><ele>1989.2134722031608</ele><time>2024-09-07T23:45:35Z</time></trkpt><trkpt lat="37.0407433" lon="139.355321"><ele>1991.0815032318512</ele><time>2024-09-07T23:46:01Z</time></trkpt><trkpt lat="37.0409281" lon="139.3552223"><ele>1993.7165015948149</ele><time>2024-09-07T23:46:29Z</time></trkpt><trkpt lat="37.0411072" lon="139.3551268"><ele>1997.6848546312442</ele><time>2024-09-07T23:47:02Z</time></trkpt><trkpt lat="37.0412794" lon="139.3550415"><ele>2000.9864894697969</ele><time>2024-09-07T23:47:32Z</time></trkpt><trkpt lat="37.0413892" lon="139.3548616"><ele>2005.388008966593</ele><time>2024-09-07T23:48:56Z</time></trkpt><trkpt lat="37.0414854" lon="139.3546657"><ele>2010.4560778788862</ele><time>2024-09-07T23:49:32Z</time></trkpt><trkpt lat="37.0416134" lon="139.3544408"><ele>2015.490831825301</ele><time>2024-09-07T23:50:14Z</time></trkpt><trkpt lat="37.0417608" lon="139.3542639"><ele>2017.4590104300314</ele><time>2024-09-07T23:50:32Z</time></trkpt><trkpt lat="37.0419018" lon="139.3540792"><ele>2016.7272907864774</ele><time>2024-09-07T23:50:52Z</time></trkpt><trkpt lat="37.042037" lon="139.3539005"><ele>2015.662210664049</ele><time>2024-09-07T23:51:10Z</time></trkpt><trkpt lat="37.0421834" lon="139.3537626"><ele>2016.9970895953331</ele><time>2024-09-07T23:51:41Z</time></trkpt><trkpt lat="37.0423461" lon="139.3536377"><ele>2021.0652990652836</ele><time>2024-09-07T23:52:14Z</time></trkpt><trkpt lat="37.0425258" lon="139.3535656"><ele>2026.7335198750727</ele><time>2024-09-07T23:52:59Z</time></trkpt><trkpt lat="37.0427098" lon="139.3535353"><ele>2031.4350674094733</ele><time>2024-09-07T23:53:35Z</time></trkpt><trkpt lat="37.0428764" lon="139.3534442"><ele>2036.0032588148151</ele><time>2024-09-07T23:54:26Z</time></trkpt><trkpt lat="37.0430215" lon="139.353306"><ele>2040.2047566419108</ele><time>2024-09-07T23:55:14Z</time></trkpt><trkpt lat="37.043171" lon="139.3531596"><ele>2044.5396076368543</ele><time>2024-09-07T23:55:46Z</time></trkpt><trkpt lat="37.0432971" lon="139.3529876"><ele>2048.4744300865627</ele><time>2024-09-07T23:56:23Z</time></trkpt><trkpt lat="37.0433541" lon="139.3527671"><ele>2052.0091048693525</ele><time>2024-09-07T23:56:56Z</time></trkpt><trkpt lat="37.0433055" lon="139.3525486"><ele>2055.5433451503345</ele><time>2024-09-07T23:57:35Z</time></trkpt><trkpt lat="37.0434786" lon="139.3526223"><ele>2057.410808702151</ele><time>2024-09-08T00:04:00Z</time></trkpt><trkpt lat="37.0436589" lon="139.3526411"><ele>2058.6450280848508</ele><time>2024-09-08T00:04:30Z</time></trkpt><trkpt lat="37.0438476" lon="139.352623"><ele>2058.479660447897</ele><time>2024-09-08T00:05:12Z</time></trkpt><trkpt lat="37.0440556" lon="139.3526804"><ele>2059.2143964896572</ele><time>2024-09-08T00:05:45Z</time></trkpt><trkpt lat="37.0442476" lon="139.3528072"><ele>2059.315729950835</ele><time>2024-09-08T00:06:04Z</time></trkpt><trkpt lat="37.0443836" lon="139.3530055"><ele>2059.050065804516</ele><time>2024-09-08T00:06:25Z</time></trkpt><trkpt lat="37.0445253" lon="139.3531602"><ele>2057.1841463515234</ele><time>2024-09-08T00:06:43Z</time></trkpt><trkpt lat="37.0446458" lon="139.3533517"><ele>2055.2513219387965</ele><time>2024-09-08T00:07:01Z</time></trkpt><trkpt lat="37.044783" lon="139.3535166"><ele>2053.1851993819146</ele><time>2024-09-08T00:07:19Z</time></trkpt><trkpt lat="37.0449501" lon="139.3536633"><ele>2052.7524833434295</ele><time>2024-09-08T00:07:40Z</time></trkpt><trkpt lat="37.0451189" lon="139.3538165"><ele>2053.7532595404705</ele><time>2024-09-08T00:08:01Z</time></trkpt><trkpt lat="37.0452575" lon="139.3539634"><ele>2055.154057190235</ele><time>2024-09-08T00:08:22Z</time></trkpt><trkpt lat="37.0454436" lon="139.3539825"><ele>2056.25502000759</ele><time>2024-09-08T00:08:52Z</time></trkpt><trkpt lat="37.0456329" lon="139.3540076"><ele>2058.3228184870627</ele><time>2024-09-08T00:09:51Z</time></trkpt><trkpt lat="37.045811" lon="139.3539294"><ele>2063.0909209027027</ele><time>2024-09-08T00:11:01Z</time></trkpt><trkpt lat="37.0459841" lon="139.3538564"><ele>2070.3257396731497</ele><time>2024-09-08T00:12:10Z</time></trkpt><trkpt lat="37.0461044" lon="139.3536704"><ele>2076.16057235375</ele><time>2024-09-08T00:12:40Z</time></trkpt><trkpt lat="37.0462256" lon="139.353481"><ele>2080.5953592035953</ele><time>2024-09-08T00:13:09Z</time></trkpt><trkpt lat="37.046285" lon="139.3532359"><ele>2083.330010738913</ele><time>2024-09-08T00:13:58Z</time></trkpt><trkpt lat="37.0463721" lon="139.3530161"><ele>2084.5312737053887</ele><time>2024-09-08T00:14:22Z</time></trkpt><trkpt lat="37.0465186" lon="139.3528806"><ele>2084.299217737523</ele><time>2024-09-08T00:14:43Z</time></trkpt><trkpt lat="37.0466947" lon="139.352999"><ele>2085.2337984884252</ele><time>2024-09-08T00:16:19Z</time></trkpt><trkpt lat="37.0468472" lon="139.3531425"><ele>2090.8682206967874</ele><time>2024-09-08T00:17:23Z</time></trkpt><trkpt lat="37.0470062" lon="139.3533034"><ele>2101.2357447779395</ele><time>2024-09-08T00:18:26Z</time></trkpt><trkpt lat="37.0471525" lon="139.3534589"><ele>2111.603162077898</ele><time>2024-09-08T00:19:20Z</time></trkpt><trkpt lat="37.047261" lon="139.3536624"><ele>2120.77041641231</ele><time>2024-09-08T00:19:59Z</time></trkpt><trkpt lat="37.0474365" lon="139.3537176"><ele>2126.6044740723105</ele><time>2024-09-08T00:20:38Z</time></trkpt><trkpt lat="37.0476005" lon="139.3536028"><ele>2130.0388156993386</ele><time>2024-09-08T00:21:29Z</time></trkpt><trkpt lat="37.047744" lon="139.3534338"><ele>2128.5402408395125</ele><time>2024-09-08T00:21:58Z</time></trkpt><trkpt lat="37.0479061" lon="139.3533328"><ele>2124.4084353192984</ele><time>2024-09-08T00:22:32Z</time></trkpt><trkpt lat="37.0480162" lon="139.3531436"><ele>2119.1432238163466</ele><time>2024-09-08T00:22:53Z</time></trkpt><trkpt lat="37.0481312" lon="139.3529697"><ele>2113.41127635379</ele><time>2024-09-08T00:23:14Z</time></trkpt><trkpt lat="37.0482952" lon="139.3528271"><ele>2107.5460353114267</ele><time>2024-09-08T00:23:41Z</time></trkpt><trkpt lat="37.0484211" lon="139.3526652"><ele>2101.3808089401364</ele><time>2024-09-08T00:24:02Z</time></trkpt><trkpt lat="37.0484838" lon="139.3524352"><ele>2097.248831338086</ele><time>2024-09-08T00:24:23Z</time></trkpt><trkpt lat="37.0486154" lon="139.3522248"><ele>2093.3834960277927</ele><time>2024-09-08T00:24:59Z</time></trkpt><trkpt lat="37.0486285" lon="139.3519929"><ele>2089.051269385651</ele><time>2024-09-08T00:25:14Z</time></trkpt><trkpt lat="37.0487983" lon="139.3518624"><ele>2085.1525581776737</ele><time>2024-09-08T00:25:32Z</time></trkpt><trkpt lat="37.0489334" lon="139.3516974"><ele>2083.487148273534</ele><time>2024-09-08T00:25:47Z</time></trkpt><trkpt lat="37.0490525" lon="139.3514948"><ele>2082.78864496581</ele><time>2024-09-08T00:26:05Z</time></trkpt><trkpt lat="37.0491905" lon="139.3513379"><ele>2082.7900830151907</ele><time>2024-09-08T00:26:20Z</time></trkpt><trkpt lat="37.0492981" lon="139.3511474"><ele>2083.4914725143694</ele><time>2024-09-08T00:26:35Z</time></trkpt><trkpt lat="37.049314" lon="139.3508862"><ele>2084.42598567454</ele><time>2024-09-08T00:26:59Z</time></trkpt><trkpt lat="37.0494981" lon="139.3507753"><ele>2085.5605733247435</ele><time>2024-09-08T00:27:14Z</time></trkpt><trkpt lat="37.0496519" lon="139.3506114"><ele>2087.0285857243684</ele><time>2024-09-08T00:27:38Z</time></trkpt><trkpt lat="37.0498176" lon="139.3504548"><ele>2089.2302151773165</ele><time>2024-09-08T00:27:56Z</time></trkpt><trkpt lat="37.0499769" lon="139.3502907"><ele>2090.965159830611</ele><time>2024-09-08T00:28:16Z</time></trkpt><trkpt lat="37.0501256" lon="139.3501451"><ele>2092.366735972697</ele><time>2024-09-08T00:28:38Z</time></trkpt><trkpt lat="37.0502468" lon="139.3499664"><ele>2094.9015414354653</ele><time>2024-09-08T00:29:29Z</time></trkpt><trkpt lat="37.0503971" lon="139.34978"><ele>2097.869639672505</ele><time>2024-09-08T00:29:50Z</time></trkpt><trkpt lat="37.0504902" lon="139.349567"><ele>2100.304290076443</ele><time>2024-09-08T00:30:14Z</time></trkpt><trkpt lat="37.0506069" lon="139.3493744"><ele>2102.7722492694684</ele><time>2024-09-08T00:30:35Z</time></trkpt><trkpt lat="37.0507702" lon="139.3491891"><ele>2104.7402402974585</ele><time>2024-09-08T00:31:02Z</time></trkpt><trkpt lat="37.0508469" lon="139.348962"><ele>2104.7748679865867</ele><time>2024-09-08T00:31:20Z</time></trkpt><trkpt lat="37.0510097" lon="139.3487899"><ele>2103.4762620971774</ele><time>2024-09-08T00:31:35Z</time></trkpt><trkpt lat="37.051154" lon="139.3486471"><ele>2100.94424740168</ele><time>2024-09-08T00:31:53Z</time></trkpt><trkpt lat="37.051342" lon="139.3485579"><ele>2098.3124114584057</ele><time>2024-09-08T00:32:11Z</time></trkpt><trkpt lat="37.0515038" lon="139.3484331"><ele>2095.513874177585</ele><time>2024-09-08T00:32:26Z</time></trkpt><trkpt lat="37.0517108" lon="139.3483794"><ele>2092.6154297812923</ele><time>2024-09-08T00:32:44Z</time></trkpt><trkpt lat="37.0519099" lon="139.3483278"><ele>2090.6836536184555</ele><time>2024-09-08T00:32:59Z</time></trkpt><trkpt lat="37.052104" lon="139.3483005"><ele>2089.0185561442754</ele><time>2024-09-08T00:33:17Z</time></trkpt><trkpt lat="37.0522925" lon="139.348311"><ele>2088.75336860257</ele><time>2024-09-08T00:33:35Z</time></trkpt><trkpt lat="37.05249" lon="139.3483412"><ele>2087.754786845347</ele><time>2024-09-08T00:34:04Z</time></trkpt><trkpt lat="37.0526756" lon="139.3483731"><ele>2085.122809502707</ele><time>2024-09-08T00:34:49Z</time></trkpt><trkpt lat="37.0528765" lon="139.3483506"><ele>2081.890885690034</ele><time>2024-09-08T00:35:07Z</time></trkpt><trkpt lat="37.053059" lon="139.3482931"><ele>2079.625652980707</ele><time>2024-09-08T00:35:25Z</time></trkpt><trkpt lat="37.053259" lon="139.3483187"><ele>2079.827126757427</ele><time>2024-09-08T00:35:46Z</time></trkpt><trkpt lat="37.0534533" lon="139.3483243"><ele>2080.0618979878946</ele><time>2024-09-08T00:36:04Z</time></trkpt><trkpt lat="37.0536539" lon="139.3482884"><ele>2080.2633654017445</ele><time>2024-09-08T00:36:22Z</time></trkpt><trkpt lat="37.0538552" lon="139.3483187"><ele>2080.1314993131577</ele><time>2024-09-08T00:36:44Z</time></trkpt><trkpt lat="37.0540262" lon="139.3482449"><ele>2080.8996318271297</ele><time>2024-09-08T00:37:08Z</time></trkpt><trkpt lat="37.0541988" lon="139.3481546"><ele>2083.001067283043</ele><time>2024-09-08T00:37:35Z</time></trkpt><trkpt lat="37.0543798" lon="139.3480791"><ele>2085.3691941975753</ele><time>2024-09-08T00:37:56Z</time></trkpt><trkpt lat="37.0545565" lon="139.3480341"><ele>2086.837315118399</ele><time>2024-09-08T00:38:13Z</time></trkpt><trkpt lat="37.054735" lon="139.347959"><ele>2086.505440161851</ele><time>2024-09-08T00:38:31Z</time></trkpt><trkpt lat="37.0548604" lon="139.347786"><ele>2084.5068309737653</ele><time>2024-09-08T00:38:50Z</time></trkpt><trkpt lat="37.0547878" lon="139.3475537"><ele>2083.507740559016</ele><time>2024-09-08T00:39:23Z</time></trkpt><trkpt lat="37.0549384" lon="139.347395"><ele>2083.475307714934</ele><time>2024-09-08T00:39:44Z</time></trkpt><trkpt lat="37.0551392" lon="139.347414"><ele>2083.809591680297</ele><time>2024-09-08T00:40:05Z</time></trkpt><trkpt lat="37.0553394" lon="139.3474353"><ele>2082.6110350092035</ele><time>2024-09-08T00:40:23Z</time></trkpt><trkpt lat="37.0555263" lon="139.3474861"><ele>2080.7457526489566</ele><time>2024-09-08T00:40:44Z</time></trkpt><trkpt lat="37.0556395" lon="139.3476729"><ele>2079.246801570187</ele><time>2024-09-08T00:41:02Z</time></trkpt><trkpt lat="37.0558022" lon="139.3477835"><ele>2077.447694252914</ele><time>2024-09-08T00:41:23Z</time></trkpt><trkpt lat="37.0559911" lon="139.3478368"><ele>2073.4819230441562</ele><time>2024-09-08T00:41:43Z</time></trkpt><trkpt lat="37.0561747" lon="139.3477435"><ele>2068.549857886468</ele><time>2024-09-08T00:42:02Z</time></trkpt><trkpt lat="37.0563547" lon="139.3476549"><ele>2065.051310692284</ele><time>2024-09-08T00:42:20Z</time></trkpt><trkpt lat="37.0565447" lon="139.3476804"><ele>2064.286119403154</ele><time>2024-09-08T00:42:44Z</time></trkpt><trkpt lat="37.0567177" lon="139.3477447"><ele>2063.454122829848</ele><time>2024-09-08T00:43:02Z</time></trkpt><trkpt lat="37.0569256" lon="139.3477549"><ele>2061.888791040213</ele><time>2024-09-08T00:43:20Z</time></trkpt><trkpt lat="37.0571366" lon="139.3477265"><ele>2060.223549522278</ele><time>2024-09-08T00:43:38Z</time></trkpt><trkpt lat="37.0573319" lon="139.3476388"><ele>2059.85847195409</ele><time>2024-09-08T00:43:56Z</time></trkpt><trkpt lat="37.0574538" lon="139.347438"><ele>2059.726667610316</ele><time>2024-09-08T00:44:14Z</time></trkpt><trkpt lat="37.0576355" lon="139.3473823"><ele>2058.8948110387187</ele><time>2024-09-08T00:44:32Z</time></trkpt><trkpt lat="37.0577967" lon="139.3475359"><ele>2057.5960303561455</ele><time>2024-09-08T00:44:50Z</time></trkpt><trkpt lat="37.0580033" lon="139.3474826"><ele>2055.264019182639</ele><time>2024-09-08T00:45:11Z</time></trkpt><trkpt lat="37.0581511" lon="139.347317"><ele>2051.33200388703</ele><time>2024-09-08T00:45:29Z</time></trkpt><trkpt lat="37.0583592" lon="139.3473081"><ele>2047.5668880093363</ele><time>2024-09-08T00:45:47Z</time></trkpt><trkpt lat="37.058546" lon="139.3471998"><ele>2044.601763432157</ele><time>2024-09-08T00:46:24Z</time></trkpt><trkpt lat="37.0586783" lon="139.3470466"><ele>2044.0032588622914</ele><time>2024-09-08T00:46:42Z</time></trkpt><trkpt lat="37.0588597" lon="139.346978"><ele>2045.1380653024578</ele><time>2024-09-08T00:46:57Z</time></trkpt><trkpt lat="37.0590337" lon="139.3468811"><ele>2046.6061657084667</ele><time>2024-09-08T00:47:12Z</time></trkpt><trkpt lat="37.0592035" lon="139.3467237"><ele>2048.60769551988</ele><time>2024-09-08T00:47:30Z</time></trkpt><trkpt lat="37.0593796" lon="139.346631"><ele>2049.909230166053</ele><time>2024-09-08T00:47:48Z</time></trkpt><trkpt lat="37.0595733" lon="139.3466647"><ele>2051.310718846875</ele><time>2024-09-08T00:48:09Z</time></trkpt><trkpt lat="37.0597322" lon="139.3467775"><ele>2053.045317623332</ele><time>2024-09-08T00:48:30Z</time></trkpt><trkpt lat="37.0599336" lon="139.3468262"><ele>2056.1465425396627</ele><time>2024-09-08T00:48:54Z</time></trkpt><trkpt lat="37.0601005" lon="139.3469661"><ele>2059.5476235758333</ele><time>2024-09-08T00:49:15Z</time></trkpt><trkpt lat="37.0602757" lon="139.3470665"><ele>2062.2820867582527</ele><time>2024-09-08T00:49:33Z</time></trkpt><trkpt lat="37.0604667" lon="139.3470485"><ele>2063.1832394025073</ele><time>2024-09-08T00:49:54Z</time></trkpt><trkpt lat="37.0606533" lon="139.3470985"><ele>2063.684505991742</ele><time>2024-09-08T00:50:15Z</time></trkpt><trkpt lat="37.0607651" lon="139.3473145"><ele>2063.852197888195</ele><time>2024-09-08T00:50:33Z</time></trkpt><trkpt lat="37.0606499" lon="139.3471301"><ele>2062.9525899543955</ele><time>2024-09-08T01:00:28Z</time></trkpt><trkpt lat="37.0604539" lon="139.347045"><ele>2062.4854706879432</ele><time>2024-09-08T01:00:49Z</time></trkpt><trkpt lat="37.0602554" lon="139.3470782"><ele>2061.1510535121447</ele><time>2024-09-08T01:01:25Z</time></trkpt><trkpt lat="37.0600758" lon="139.3469443"><ele>2060.3831067682904</ele><time>2024-09-08T01:01:43Z</time></trkpt><trkpt lat="37.0598866" lon="139.3468273"><ele>2058.848533038273</ele><time>2024-09-08T01:02:01Z</time></trkpt><trkpt lat="37.0597027" lon="139.3467687"><ele>2057.1473954229973</ele><time>2024-09-08T01:02:19Z</time></trkpt><trkpt lat="37.0595055" lon="139.3466933"><ele>2054.146171270571</ele><time>2024-09-08T01:02:40Z</time></trkpt><trkpt lat="37.0593035" lon="139.3467228"><ele>2050.111475254249</ele><time>2024-09-08T01:02:58Z</time></trkpt><trkpt lat="37.0591118" lon="139.3468259"><ele>2046.876642387544</ele><time>2024-09-08T01:03:16Z</time></trkpt><trkpt lat="37.0589427" lon="139.3469555"><ele>2045.1750633866714</ele><time>2024-09-08T01:03:31Z</time></trkpt><trkpt lat="37.058753" lon="139.3470354"><ele>2044.8401451699467</ele><time>2024-09-08T01:03:46Z</time></trkpt><trkpt lat="37.0585816" lon="139.3471422"><ele>2044.4386081521125</ele><time>2024-09-08T01:04:01Z</time></trkpt><trkpt lat="37.0584364" lon="139.347303"><ele>2043.4704413372356</ele><time>2024-09-08T01:04:19Z</time></trkpt><trkpt lat="37.0582392" lon="139.3473348"><ele>2042.8356245529858</ele><time>2024-09-08T01:04:39Z</time></trkpt><trkpt lat="37.0580485" lon="139.3473836"><ele>2043.1674691554906</ele><time>2024-09-08T01:05:07Z</time></trkpt><trkpt lat="37.0579118" lon="139.3475493"><ele>2044.5993316737702</ele><time>2024-09-08T01:05:31Z</time></trkpt><trkpt lat="37.0577292" lon="139.3475073"><ele>2047.297950252808</ele><time>2024-09-08T01:06:01Z</time></trkpt><trkpt lat="37.0575868" lon="139.3473531"><ele>2050.130167495708</ele><time>2024-09-08T01:06:22Z</time></trkpt><trkpt lat="37.0574281" lon="139.3475071"><ele>2052.2623392355804</ele><time>2024-09-08T01:06:49Z</time></trkpt><trkpt lat="37.057277" lon="139.3476971"><ele>2053.3610885195462</ele><time>2024-09-08T01:07:07Z</time></trkpt><trkpt lat="37.0570713" lon="139.3477552"><ele>2054.026195999771</ele><time>2024-09-08T01:07:25Z</time></trkpt><trkpt lat="37.0568674" lon="139.3477471"><ele>2054.6913089175064</ele><time>2024-09-08T01:07:43Z</time></trkpt><trkpt lat="37.0566815" lon="139.3477495"><ele>2055.3564710145843</ele><time>2024-09-08T01:08:04Z</time></trkpt><trkpt lat="37.0564968" lon="139.3476845"><ele>2057.988439712412</ele><time>2024-09-08T01:08:31Z</time></trkpt><trkpt lat="37.0562945" lon="139.3476824"><ele>2061.7537413210007</ele><time>2024-09-08T01:08:52Z</time></trkpt><trkpt lat="37.0561342" lon="139.3477931"><ele>2064.085695346871</ele><time>2024-09-08T01:09:10Z</time></trkpt><trkpt lat="37.0559425" lon="139.3478594"><ele>2065.3175384338533</ele><time>2024-09-08T01:09:31Z</time></trkpt><trkpt lat="37.0557606" lon="139.3478083"><ele>2066.6828001261947</ele><time>2024-09-08T01:10:03Z</time></trkpt><trkpt lat="37.0556246" lon="139.3476486"><ele>2070.7816476863677</ele><time>2024-09-08T01:10:37Z</time></trkpt><trkpt lat="37.0555122" lon="139.3474666"><ele>2074.2142004853235</ele><time>2024-09-08T01:11:04Z</time></trkpt><trkpt lat="37.0553149" lon="139.3474635"><ele>2076.213347519789</ele><time>2024-09-08T01:11:31Z</time></trkpt><trkpt lat="37.055131" lon="139.3474318"><ele>2078.2122851830677</ele><time>2024-09-08T01:11:55Z</time></trkpt><trkpt lat="37.0549449" lon="139.3473909"><ele>2080.3442740222667</ele><time>2024-09-08T01:12:22Z</time></trkpt><trkpt lat="37.0547995" lon="139.3475312"><ele>2083.0429558629553</ele><time>2024-09-08T01:12:49Z</time></trkpt><trkpt lat="37.0548837" lon="139.3477814"><ele>2082.7087653859994</ele><time>2024-09-08T01:13:13Z</time></trkpt><trkpt lat="37.0547542" lon="139.3479563"><ele>2080.707895160986</ele><time>2024-09-08T01:13:31Z</time></trkpt><trkpt lat="37.0545715" lon="139.3480413"><ele>2080.1403059911163</ele><time>2024-09-08T01:13:55Z</time></trkpt><trkpt lat="37.0543685" lon="139.3480791"><ele>2082.2721600409845</ele><time>2024-09-08T01:14:19Z</time></trkpt><trkpt lat="37.0542011" lon="139.3481737"><ele>2085.037311327303</ele><time>2024-09-08T01:14:43Z</time></trkpt><trkpt lat="37.0540214" lon="139.3482627"><ele>2085.2691342059097</ele><time>2024-09-08T01:15:01Z</time></trkpt><trkpt lat="37.0538407" lon="139.3483274"><ele>2082.6343266361896</ele><time>2024-09-08T01:15:19Z</time></trkpt><trkpt lat="37.0536286" lon="139.3483083"><ele>2079.83282273509</ele><time>2024-09-08T01:15:37Z</time></trkpt><trkpt lat="37.0534229" lon="139.3483303"><ele>2078.0646355525882</ele><time>2024-09-08T01:15:55Z</time></trkpt><trkpt lat="37.0532215" lon="139.3483018"><ele>2077.4297963499284</ele><time>2024-09-08T01:16:13Z</time></trkpt><trkpt lat="37.0530407" lon="139.3483023"><ele>2077.3950203765617</ele><time>2024-09-08T01:16:31Z</time></trkpt><trkpt lat="37.0528325" lon="139.34835"><ele>2076.3268869816757</ele><time>2024-09-08T01:16:52Z</time></trkpt><trkpt lat="37.052651" lon="139.3483789"><ele>2075.9254290493004</ele><time>2024-09-08T01:17:10Z</time></trkpt><trkpt lat="37.0524625" lon="139.3483279"><ele>2077.757321521289</ele><time>2024-09-08T01:17:58Z</time></trkpt><trkpt lat="37.0522578" lon="139.3483057"><ele>2080.789271490567</ele><time>2024-09-08T01:18:28Z</time></trkpt><trkpt lat="37.0520563" lon="139.3483152"><ele>2083.8878524567467</ele><time>2024-09-08T01:18:46Z</time></trkpt><trkpt lat="37.051871" lon="139.348329"><ele>2085.219729369282</ele><time>2024-09-08T01:19:04Z</time></trkpt><trkpt lat="37.0516766" lon="139.3483895"><ele>2086.6849074358074</ele><time>2024-09-08T01:19:25Z</time></trkpt><trkpt lat="37.0514934" lon="139.348443"><ele>2088.4167667469424</ele><time>2024-09-08T01:19:48Z</time></trkpt><trkpt lat="37.0513141" lon="139.3485709"><ele>2090.015228493546</ele><time>2024-09-08T01:20:16Z</time></trkpt><trkpt lat="37.0511494" lon="139.3486707"><ele>2092.247069735849</ele><time>2024-09-08T01:20:39Z</time></trkpt><trkpt lat="37.0510043" lon="139.3488153"><ele>2094.3456086186616</ele><time>2024-09-08T01:21:06Z</time></trkpt><trkpt lat="37.0508518" lon="139.3489913"><ele>2096.74418066118</ele><time>2024-09-08T01:21:30Z</time></trkpt><trkpt lat="37.050758" lon="139.3492278"><ele>2098.6094996263564</ele><time>2024-09-08T01:21:55Z</time></trkpt><trkpt lat="37.0506104" lon="139.3493573"><ele>2101.3748234488644</ele><time>2024-09-08T01:22:16Z</time></trkpt><trkpt lat="37.0505169" lon="139.3495609"><ele>2103.1069404226796</ele><time>2024-09-08T01:22:34Z</time></trkpt><trkpt lat="37.0504194" lon="139.3497681"><ele>2102.97240240818</ele><time>2024-09-08T01:22:52Z</time></trkpt><trkpt lat="37.0502713" lon="139.3499317"><ele>2100.8711735146794</ele><time>2024-09-08T01:23:28Z</time></trkpt><trkpt lat="37.0501584" lon="139.3501158"><ele>2098.4032254528497</ele><time>2024-09-08T01:23:46Z</time></trkpt><trkpt lat="37.0500045" lon="139.3502819"><ele>2096.401807162524</ele><time>2024-09-08T01:24:10Z</time></trkpt><trkpt lat="37.0498578" lon="139.3504265"><ele>2094.533708949261</ele><time>2024-09-08T01:24:34Z</time></trkpt><trkpt lat="37.0496902" lon="139.3506028"><ele>2092.7654638268473</ele><time>2024-09-08T01:25:01Z</time></trkpt><trkpt lat="37.0495365" lon="139.3507275"><ele>2091.8972466885357</ele><time>2024-09-08T01:25:16Z</time></trkpt><trkpt lat="37.0494145" lon="139.3509311"><ele>2090.8623723805213</ele><time>2024-09-08T01:25:34Z</time></trkpt><trkpt lat="37.049322" lon="139.3511485"><ele>2089.060982476288</ele><time>2024-09-08T01:25:52Z</time></trkpt><trkpt lat="37.0491999" lon="139.3513514"><ele>2086.52626970677</ele><time>2024-09-08T01:26:10Z</time></trkpt><trkpt lat="37.049065" lon="139.3515168"><ele>2085.2248891893782</ele><time>2024-09-08T01:26:25Z</time></trkpt><trkpt lat="37.0489241" lon="139.3517028"><ele>2085.2234126812828</ele><time>2024-09-08T01:26:43Z</time></trkpt><trkpt lat="37.0487857" lon="139.3518847"><ele>2086.588578342799</ele><time>2024-09-08T01:27:04Z</time></trkpt><trkpt lat="37.0486359" lon="139.3520118"><ele>2087.0204048024552</ele><time>2024-09-08T01:27:31Z</time></trkpt><trkpt lat="37.0486057" lon="139.3522352"><ele>2087.8858092855976</ele><time>2024-09-08T01:27:49Z</time></trkpt><trkpt lat="37.0484829" lon="139.3524445"><ele>2089.684561135651</ele><time>2024-09-08T01:28:22Z</time></trkpt><trkpt lat="37.0482793" lon="139.3525095"><ele>2091.7832299823845</ele><time>2024-09-08T01:29:55Z</time></trkpt><trkpt lat="37.0480783" lon="139.352495"><ele>2093.081674368192</ele><time>2024-09-08T01:30:13Z</time></trkpt><trkpt lat="37.0478697" lon="139.3524615"><ele>2092.8801132465337</ele><time>2024-09-08T01:30:37Z</time></trkpt><trkpt lat="37.047687" lon="139.3524367"><ele>2091.2786832090014</ele><time>2024-09-08T01:30:55Z</time></trkpt><trkpt lat="37.0474707" lon="139.3524329"><ele>2090.243872102161</ele><time>2024-09-08T01:31:34Z</time></trkpt><trkpt lat="37.0472906" lon="139.3525038"><ele>2088.6423744152585</ele><time>2024-09-08T01:31:52Z</time></trkpt><trkpt lat="37.0471065" lon="139.3525713"><ele>2088.5407916202835</ele><time>2024-09-08T01:32:10Z</time></trkpt><trkpt lat="37.0469716" lon="139.3527249"><ele>2087.3392744092034</ele><time>2024-09-08T01:32:31Z</time></trkpt><trkpt lat="37.0467788" lon="139.3528257"><ele>2086.371030903558</ele><time>2024-09-08T01:32:52Z</time></trkpt><trkpt lat="37.0465764" lon="139.3528682"><ele>2086.5360957011185</ele><time>2024-09-08T01:33:13Z</time></trkpt><trkpt lat="37.0464064" lon="139.3529512"><ele>2087.1678000723186</ele><time>2024-09-08T01:33:31Z</time></trkpt><trkpt lat="37.0462888" lon="139.3531388"><ele>2087.0996158591456</ele><time>2024-09-08T01:33:46Z</time></trkpt><trkpt lat="37.0462618" lon="139.3533983"><ele>2084.598347070527</ele><time>2024-09-08T01:34:19Z</time></trkpt><trkpt lat="37.0461567" lon="139.3535863"><ele>2081.463814034672</ele><time>2024-09-08T01:34:34Z</time></trkpt><trkpt lat="37.0460341" lon="139.3537632"><ele>2078.595943206829</ele><time>2024-09-08T01:34:49Z</time></trkpt><trkpt lat="37.0458899" lon="139.3539019"><ele>2075.494549017185</ele><time>2024-09-08T01:35:07Z</time></trkpt><trkpt lat="37.0457048" lon="139.3539964"><ele>2069.7930344231786</ele><time>2024-09-08T01:35:34Z</time></trkpt><trkpt lat="37.045518" lon="139.3540064"><ele>2062.858172526717</ele><time>2024-09-08T01:36:13Z</time></trkpt><trkpt lat="37.0452979" lon="139.3540024"><ele>2055.023245732944</ele><time>2024-09-08T01:36:34Z</time></trkpt><trkpt lat="37.0451396" lon="139.3538899"><ele>2049.7552405555</ele><time>2024-09-08T01:36:49Z</time></trkpt><trkpt lat="37.0449769" lon="139.3537422"><ele>2047.2541066667275</ele><time>2024-09-08T01:37:07Z</time></trkpt><trkpt lat="37.0448124" lon="139.3535957"><ele>2046.6865775510662</ele><time>2024-09-08T01:37:22Z</time></trkpt><trkpt lat="37.044684" lon="139.3534376"><ele>2047.885833775351</ele><time>2024-09-08T01:37:37Z</time></trkpt><trkpt lat="37.0445582" lon="139.3532456"><ele>2049.8185587829616</ele><time>2024-09-08T01:37:57Z</time></trkpt><trkpt lat="37.044413" lon="139.3530899"><ele>2052.8180092977022</ele><time>2024-09-08T01:38:19Z</time></trkpt><trkpt lat="37.0443007" lon="139.3528637"><ele>2055.7842310090223</ele><time>2024-09-08T01:38:40Z</time></trkpt><trkpt lat="37.0441479" lon="139.3527216"><ele>2057.383673737713</ele><time>2024-09-08T01:38:58Z</time></trkpt><trkpt lat="37.0439581" lon="139.3526779"><ele>2057.349569131546</ele><time>2024-09-08T01:39:13Z</time></trkpt><trkpt lat="37.0437519" lon="139.352618"><ele>2056.348409349699</ele><time>2024-09-08T01:39:37Z</time></trkpt><trkpt lat="37.0435712" lon="139.3526409"><ele>2054.5803612972563</ele><time>2024-09-08T01:39:52Z</time></trkpt><trkpt lat="37.0433913" lon="139.3526678"><ele>2053.412273268341</ele><time>2024-09-08T01:40:07Z</time></trkpt><trkpt lat="37.0433206" lon="139.3529165"><ele>2052.177574723996</ele><time>2024-09-08T01:40:34Z</time></trkpt><trkpt lat="37.0432092" lon="139.353101"><ele>2050.342900529954</ele><time>2024-09-08T01:40:49Z</time></trkpt><trkpt lat="37.0430696" lon="139.3532499"><ele>2047.8748804078225</ele><time>2024-09-08T01:41:07Z</time></trkpt><trkpt lat="37.0428981" lon="139.3534152"><ele>2043.2733479503931</ele><time>2024-09-08T01:41:37Z</time></trkpt><trkpt lat="37.0427197" lon="139.3535383"><ele>2038.4050348569128</ele><time>2024-09-08T01:41:54Z</time></trkpt><trkpt lat="37.0425379" lon="139.3535967"><ele>2033.1700313076387</ele><time>2024-09-08T01:42:13Z</time></trkpt><trkpt lat="37.0423377" lon="139.3536093"><ele>2028.5350965987534</ele><time>2024-09-08T01:42:31Z</time></trkpt><trkpt lat="37.0421686" lon="139.3537439"><ele>2024.3335068263043</ele><time>2024-09-08T01:42:55Z</time></trkpt><trkpt lat="37.0420503" lon="139.3539203"><ele>2019.898632911002</ele><time>2024-09-08T01:43:13Z</time></trkpt><trkpt lat="37.0419022" lon="139.3540816"><ele>2016.2970835025465</ele><time>2024-09-08T01:43:31Z</time></trkpt><trkpt lat="37.0417411" lon="139.3542517"><ele>2013.0621859779314</ele><time>2024-09-08T01:43:46Z</time></trkpt><trkpt lat="37.0416046" lon="139.354429"><ele>2012.127239773159</ele><time>2024-09-08T01:44:01Z</time></trkpt><trkpt lat="37.0414786" lon="139.3546242"><ele>2012.5923160280245</ele><time>2024-09-08T01:44:19Z</time></trkpt><trkpt lat="37.0413803" lon="139.3548384"><ele>2012.4575086424527</ele><time>2024-09-08T01:44:40Z</time></trkpt><trkpt lat="37.0412877" lon="139.3550515"><ele>2009.3561109157793</ele><time>2024-09-08T01:45:07Z</time></trkpt><trkpt lat="37.041111" lon="139.3551226"><ele>2004.2547003366733</ele><time>2024-09-08T01:45:27Z</time></trkpt><trkpt lat="37.0409357" lon="139.3552164"><ele>1999.5532065345467</ele><time>2024-09-08T01:45:46Z</time></trkpt><trkpt lat="37.0407598" lon="139.3553126"><ele>1996.3182768668746</ele><time>2024-09-08T01:46:01Z</time></trkpt><trkpt lat="37.0405863" lon="139.3554422"><ele>1994.1166317099553</ele><time>2024-09-08T01:46:22Z</time></trkpt><trkpt lat="37.0404206" lon="139.3555434"><ele>1991.148336136702</ele><time>2024-09-08T01:46:40Z</time></trkpt><trkpt lat="37.0403967" lon="139.3557867"><ele>1988.0136201826028</ele><time>2024-09-08T01:46:58Z</time></trkpt><trkpt lat="37.0404482" lon="139.3560238"><ele>1985.112709096231</ele><time>2024-09-08T01:47:13Z</time></trkpt><trkpt lat="37.0404893" lon="139.3562538"><ele>1982.878869923471</ele><time>2024-09-08T01:47:31Z</time></trkpt><trkpt lat="37.0404721" lon="139.3565019"><ele>1979.8450433430814</ele><time>2024-09-08T01:47:49Z</time></trkpt><trkpt lat="37.040371" lon="139.3567284"><ele>1975.8441687112465</ele><time>2024-09-08T01:48:07Z</time></trkpt><trkpt lat="37.0403526" lon="139.3569523"><ele>1973.3431470036005</ele><time>2024-09-08T01:48:22Z</time></trkpt><trkpt lat="37.040257" lon="139.3571661"><ele>1971.941955873788</ele><time>2024-09-08T01:48:40Z</time></trkpt><trkpt lat="37.0401623" lon="139.3573973"><ele>1971.274108739617</ele><time>2024-09-08T01:49:01Z</time></trkpt><trkpt lat="37.0400965" lon="139.3576315"><ele>1968.6061287228533</ele><time>2024-09-08T01:49:19Z</time></trkpt><trkpt lat="37.0400589" lon="139.3578603"><ele>1965.0716160120435</ele><time>2024-09-08T01:49:37Z</time></trkpt><trkpt lat="37.0398896" lon="139.3579665"><ele>1960.903696604076</ele><time>2024-09-08T01:49:58Z</time></trkpt><trkpt lat="37.0397121" lon="139.3578893"><ele>1956.5024552573993</ele><time>2024-09-08T01:50:22Z</time></trkpt><trkpt lat="37.0397561" lon="139.3581255"><ele>1952.7347499654416</ele><time>2024-09-08T01:50:46Z</time></trkpt><trkpt lat="37.0397884" lon="139.3583547"><ele>1949.4007796833273</ele><time>2024-09-08T01:51:07Z</time></trkpt><trkpt lat="37.0395998" lon="139.3584171"><ele>1946.533311342673</ele><time>2024-09-08T01:51:31Z</time></trkpt><trkpt lat="37.0394768" lon="139.3585827"><ele>1941.4654786975705</ele><time>2024-09-08T01:52:04Z</time></trkpt><trkpt lat="37.0392961" lon="139.3586417"><ele>1935.9639253301405</ele><time>2024-09-08T01:52:25Z</time></trkpt><trkpt lat="37.0393682" lon="139.3588666"><ele>1930.3295555161178</ele><time>2024-09-08T01:52:49Z</time></trkpt><trkpt lat="37.0392244" lon="139.3590122"><ele>1924.795150122424</ele><time>2024-09-08T01:53:16Z</time></trkpt><trkpt lat="37.0391432" lon="139.3592499"><ele>1920.3608278826139</ele><time>2024-09-08T01:53:37Z</time></trkpt><trkpt lat="37.039169" lon="139.3594759"><ele>1915.759717590753</ele><time>2024-09-08T01:54:01Z</time></trkpt><trkpt lat="37.0391113" lon="139.3597013"><ele>1912.892085603622</ele><time>2024-09-08T01:54:22Z</time></trkpt><trkpt lat="37.0389919" lon="139.3598906"><ele>1909.9910670419556</ele><time>2024-09-08T01:54:40Z</time></trkpt><trkpt lat="37.0390045" lon="139.3601268"><ele>1907.056670565089</ele><time>2024-09-08T01:55:13Z</time></trkpt><trkpt lat="37.0389704" lon="139.3603573"><ele>1903.7889965475313</ele><time>2024-09-08T01:55:52Z</time></trkpt><trkpt lat="37.0388754" lon="139.3605868"><ele>1897.2880124736992</ele><time>2024-09-08T01:56:31Z</time></trkpt><trkpt lat="37.0388247" lon="139.3608119"><ele>1890.4868734467766</ele><time>2024-09-08T01:57:10Z</time></trkpt><trkpt lat="37.0387418" lon="139.3610187"><ele>1883.2522957719896</ele><time>2024-09-08T01:57:42Z</time></trkpt><trkpt lat="37.0386911" lon="139.3612546"><ele>1876.351159965748</ele><time>2024-09-08T01:58:12Z</time></trkpt><trkpt lat="37.0387214" lon="139.3614983"><ele>1869.5502175988647</ele><time>2024-09-08T01:58:39Z</time></trkpt><trkpt lat="37.0385504" lon="139.3616129"><ele>1863.9158001244316</ele><time>2024-09-08T01:58:53Z</time></trkpt><trkpt lat="37.0385663" lon="139.3618771"><ele>1859.3481957078147</ele><time>2024-09-08T01:59:18Z</time></trkpt><trkpt lat="37.0384285" lon="139.3620401"><ele>1855.446894892975</ele><time>2024-09-08T01:59:40Z</time></trkpt><trkpt lat="37.0383568" lon="139.3622554"><ele>1850.7124215679698</ele><time>2024-09-08T02:00:03Z</time></trkpt><trkpt lat="37.0382957" lon="139.3625121"><ele>1846.7777522493968</ele><time>2024-09-08T02:00:24Z</time></trkpt><trkpt lat="37.0382346" lon="139.3627251"><ele>1843.309901133227</ele><time>2024-09-08T02:00:41Z</time></trkpt><trkpt lat="37.0382105" lon="139.3629836"><ele>1839.6754654365632</ele><time>2024-09-08T02:01:03Z</time></trkpt><trkpt lat="37.0382231" lon="139.3632164"><ele>1835.6745805004255</ele><time>2024-09-08T02:01:24Z</time></trkpt><trkpt lat="37.0382249" lon="139.3634531"><ele>1830.7071712983918</ele><time>2024-09-08T02:01:48Z</time></trkpt><trkpt lat="37.0382342" lon="139.3636864"><ele>1826.6065418172075</ele><time>2024-09-08T02:02:09Z</time></trkpt><trkpt lat="37.0381822" lon="139.3639233"><ele>1821.3057372032433</ele><time>2024-09-08T02:02:30Z</time></trkpt><trkpt lat="37.0381454" lon="139.3641564"><ele>1816.504833609244</ele><time>2024-09-08T02:02:51Z</time></trkpt><trkpt lat="37.0382366" lon="139.3643884"><ele>1809.1374820455069</ele><time>2024-09-08T02:03:09Z</time></trkpt><trkpt lat="37.0381311" lon="139.3646187"><ele>1803.6033276614914</ele><time>2024-09-08T02:03:27Z</time></trkpt><trkpt lat="37.0380358" lon="139.3648437"><ele>1800.002358482724</ele><time>2024-09-08T02:03:45Z</time></trkpt><trkpt lat="37.0380967" lon="139.3651008"><ele>1798.867950914664</ele><time>2024-09-08T02:04:06Z</time></trkpt><trkpt lat="37.0380975" lon="139.365335"><ele>1796.6338217841455</ele><time>2024-09-08T02:04:30Z</time></trkpt><trkpt lat="37.038031" lon="139.365552"><ele>1793.1997765765052</ele><time>2024-09-08T02:04:48Z</time></trkpt><trkpt lat="37.0379537" lon="139.3657623"><ele>1787.8320754255265</ele><time>2024-09-08T02:05:24Z</time></trkpt><trkpt lat="37.037894" lon="139.3659869"><ele>1782.5975549225595</ele><time>2024-09-08T02:05:57Z</time></trkpt><trkpt lat="37.0380221" lon="139.3661598"><ele>1775.2302645321058</ele><time>2024-09-08T02:06:21Z</time></trkpt><trkpt lat="37.0380294" lon="139.3663878"><ele>1767.6298494010264</ele><time>2024-09-08T02:06:57Z</time></trkpt><trkpt lat="37.0379821" lon="139.3666208"><ele>1760.1294589942</ele><time>2024-09-08T02:07:33Z</time></trkpt><trkpt lat="37.0378827" lon="139.3668118"><ele>1753.561774632337</ele><time>2024-09-08T02:08:06Z</time></trkpt><trkpt lat="37.0378681" lon="139.3670598"><ele>1748.5606780273818</ele><time>2024-09-08T02:08:35Z</time></trkpt><trkpt lat="37.0378478" lon="139.3673047"><ele>1742.592974807964</ele><time>2024-09-08T02:09:06Z</time></trkpt><trkpt lat="37.0376506" lon="139.3673083"><ele>1736.9918597547305</ele><time>2024-09-08T02:09:33Z</time></trkpt><trkpt lat="37.0375713" lon="139.3675102"><ele>1729.1564195929084</ele><time>2024-09-08T02:10:20Z</time></trkpt><trkpt lat="37.0375022" lon="139.3677222"><ele>1723.2279428572863</ele><time>2024-09-08T02:10:51Z</time></trkpt><trkpt lat="37.0374813" lon="139.3679455"><ele>1717.6266666666668</ele><time>2024-09-08T02:11:13Z</time></trkpt><trkpt lat="37.0375349" lon="139.3681648"><ele>1715.1899999999998</ele><time>2024-09-08T02:11:35Z</time></trkpt><trkpt lat="37.0374822" lon="139.3683909"><ele>1713.53</ele><time>2024-09-08T02:11:56Z</time></trkpt><trkpt lat="37.0374932" lon="139.3686288"><ele>1712.3500000000001</ele><time>2024-09-08T02:12:14Z</time></trkpt><trkpt lat="37.0374922" lon="139.3688617"><ele>1711.62</ele><time>2024-09-08T02:12:35Z</time></trkpt><trkpt lat="37.0374399" lon="139.3690849"><ele>1709.8066666666666</ele><time>2024-09-08T02:12:53Z</time></trkpt><trkpt lat="37.0373757" lon="139.3693387"><ele>1706.6833333333334</ele><time>2024-09-08T02:13:14Z</time></trkpt><trkpt lat="37.0373022" lon="139.3695547"><ele>1702.216666666667</ele><time>2024-09-08T02:13:32Z</time></trkpt><trkpt lat="37.0371772" lon="139.3697204"><ele>1697.5400000000002</ele><time>2024-09-08T02:13:55Z</time></trkpt><trkpt lat="37.0373227" lon="139.3698856"><ele>1694.05</ele><time>2024-09-08T02:14:20Z</time></trkpt><trkpt lat="37.0374732" lon="139.3700205"><ele>1689.7533333333333</ele><time>2024-09-08T02:14:41Z</time></trkpt><trkpt lat="37.0375427" lon="139.3702548"><ele>1684.4833333333333</ele><time>2024-09-08T02:15:05Z</time></trkpt><trkpt lat="37.037534" lon="139.3704919"><ele>1678.8033333333333</ele><time>2024-09-08T02:15:23Z</time></trkpt><trkpt lat="37.0374335" lon="139.3707049"><ele>1674.1599999999999</ele><time>2024-09-08T02:15:41Z</time></trkpt><trkpt lat="37.0372755" lon="139.3708244"><ele>1670.2133333333334</ele><time>2024-09-08T02:16:00Z</time></trkpt><trkpt lat="37.0371973" lon="139.3710405"><ele>1665.92</ele><time>2024-09-08T02:16:27Z</time></trkpt><trkpt lat="37.037114" lon="139.371283"><ele>1662.3933333333332</ele><time>2024-09-08T02:16:49Z</time></trkpt><trkpt lat="37.0369724" lon="139.3714321"><ele>1658.993333333333</ele><time>2024-09-08T02:17:16Z</time></trkpt><trkpt lat="37.036865" lon="139.3716498"><ele>1655.1833333333334</ele><time>2024-09-08T02:17:40Z</time></trkpt><trkpt lat="37.0367281" lon="139.371821"><ele>1649.9700000000003</ele><time>2024-09-08T02:18:07Z</time></trkpt><trkpt lat="37.0365402" lon="139.371773"><ele>1644.3033333333333</ele><time>2024-09-08T02:18:28Z</time></trkpt><trkpt lat="37.0363562" lon="139.3717633"><ele>1639.4533333333336</ele><time>2024-09-08T02:18:49Z</time></trkpt><trkpt lat="37.0361676" lon="139.3716868"><ele>1635.6066666666668</ele><time>2024-09-08T02:27:38Z</time></trkpt><trkpt lat="37.0359743" lon="139.3716903"><ele>1632.1000000000001</ele><time>2024-09-08T02:28:05Z</time></trkpt><trkpt lat="37.0357942" lon="139.3717462"><ele>1628.0633333333335</ele><time>2024-09-08T02:28:29Z</time></trkpt><trkpt lat="37.0356558" lon="139.3719216"><ele>1622.6966666666667</ele><time>2024-09-08T02:29:10Z</time></trkpt><trkpt lat="37.035617" lon="139.3721608"><ele>1616.57</ele><time>2024-09-08T02:29:35Z</time></trkpt><trkpt lat="37.035442" lon="139.3722356"><ele>1609.42</ele><time>2024-09-08T02:30:14Z</time></trkpt><trkpt lat="37.0352622" lon="139.3722949"><ele>1603.14</ele><time>2024-09-08T02:30:50Z</time></trkpt><trkpt lat="37.0350714" lon="139.3723558"><ele>1597.04</ele><time>2024-09-08T02:31:20Z</time></trkpt><trkpt lat="37.0349349" lon="139.3725545"><ele>1592.2733333333333</ele><time>2024-09-08T02:31:41Z</time></trkpt><trkpt lat="37.0347627" lon="139.3726803"><ele>1587.12</ele><time>2024-09-08T02:31:59Z</time></trkpt><trkpt lat="37.0345547" lon="139.3726958"><ele>1582.39</ele><time>2024-09-08T02:32:23Z</time></trkpt><trkpt lat="37.0344126" lon="139.3728349"><ele>1577.0</ele><time>2024-09-08T02:33:05Z</time></trkpt><trkpt lat="37.0342249" lon="139.3728848"><ele>1572.6533333333334</ele><time>2024-09-08T02:33:44Z</time></trkpt><trkpt lat="37.0341125" lon="139.3730799"><ele>1567.1466666666668</ele><time>2024-09-08T02:34:08Z</time></trkpt><trkpt lat="37.0339777" lon="139.3732449"><ele>1561.3233333333335</ele><time>2024-09-08T02:34:44Z</time></trkpt><trkpt lat="37.0339077" lon="139.3734608"><ele>1553.9300000000003</ele><time>2024-09-08T02:35:13Z</time></trkpt><trkpt lat="37.0338036" lon="139.3732762"><ele>1549.9800000000002</ele><time>2024-09-08T02:35:45Z</time></trkpt><trkpt lat="37.0336582" lon="139.3734135"><ele>1546.05</ele><time>2024-09-08T02:36:36Z</time></trkpt><trkpt lat="37.0336671" lon="139.3736452"><ele>1543.6666666666667</ele><time>2024-09-08T02:37:09Z</time></trkpt><trkpt lat="37.0336264" lon="139.373883"><ele>1538.68</ele><time>2024-09-08T02:37:30Z</time></trkpt><trkpt lat="37.0335636" lon="139.3741254"><ele>1533.2700000000002</ele><time>2024-09-08T02:37:54Z</time></trkpt><trkpt lat="37.0334949" lon="139.3743606"><ele>1526.7166666666665</ele><time>2024-09-08T02:38:17Z</time></trkpt><trkpt lat="37.0333872" lon="139.3745466"><ele>1518.9733333333334</ele><time>2024-09-08T02:38:48Z</time></trkpt><trkpt lat="37.0332882" lon="139.3747375"><ele>1512.0</ele><time>2024-09-08T02:39:15Z</time></trkpt><trkpt lat="37.0332097" lon="139.3749472"><ele>1505.4133333333332</ele><time>2024-09-08T02:39:47Z</time></trkpt><trkpt lat="37.033208" lon="139.3751836"><ele>1499.9000000000003</ele><time>2024-09-08T02:40:15Z</time></trkpt><trkpt lat="37.0330632" lon="139.3753234"><ele>1492.6733333333334</ele><time>2024-09-08T02:41:03Z</time></trkpt><trkpt lat="37.03302" lon="139.3755446"><ele>1484.1000000000001</ele><time>2024-09-08T02:41:47Z</time></trkpt><trkpt lat="37.0331029" lon="139.3757446"><ele>1476.2566666666664</ele><time>2024-09-08T02:42:14Z</time></trkpt><trkpt lat="37.0331001" lon="139.376009"><ele>1469.3400000000001</ele><time>2024-09-08T02:42:38Z</time></trkpt><trkpt lat="37.0328903" lon="139.3759529"><ele>1462.3100000000002</ele><time>2024-09-08T02:43:26Z</time></trkpt><trkpt lat="37.0328701" lon="139.3761899"><ele>1455.3566666666666</ele><time>2024-09-08T02:43:53Z</time></trkpt><trkpt lat="37.0327486" lon="139.3760194"><ele>1448.8366666666668</ele><time>2024-09-08T02:44:11Z</time></trkpt><trkpt lat="37.0325936" lon="139.3761448"><ele>1442.0600000000002</ele><time>2024-09-08T02:44:59Z</time></trkpt><trkpt lat="37.0326198" lon="139.3763815"><ele>1435.3666666666668</ele><time>2024-09-08T02:45:17Z</time></trkpt><trkpt lat="37.032518" lon="139.3765692"><ele>1428.5866666666668</ele><time>2024-09-08T02:45:53Z</time></trkpt><trkpt lat="37.0323823" lon="139.3767218"><ele>1422.6599999999999</ele><time>2024-09-08T02:46:53Z</time></trkpt><trkpt lat="37.0322252" lon="139.3768413"><ele>1415.1233333333332</ele><time>2024-09-08T02:47:40Z</time></trkpt><trkpt lat="37.0321176" lon="139.3766404"><ele>1408.8466666666666</ele><time>2024-09-08T02:48:10Z</time></trkpt><trkpt lat="37.0320177" lon="139.3768484"><ele>1402.4000000000003</ele><time>2024-09-08T02:48:38Z</time></trkpt><trkpt lat="37.0319655" lon="139.3770656"><ele>1398.596666666667</ele><time>2024-09-08T02:49:02Z</time></trkpt><trkpt lat="37.0319202" lon="139.377313"><ele>1392.6200000000001</ele><time>2024-09-08T02:49:38Z</time></trkpt><trkpt lat="37.0317623" lon="139.377461"><ele>1386.2300000000002</ele><time>2024-09-08T02:50:23Z</time></trkpt><trkpt lat="37.0316111" lon="139.377297"><ele>1379.1000000000001</ele><time>2024-09-08T02:50:47Z</time></trkpt><trkpt lat="37.0315224" lon="139.3775066"><ele>1373.0866666666668</ele><time>2024-09-08T02:51:17Z</time></trkpt><trkpt lat="37.0314213" lon="139.3777178"><ele>1368.8833333333332</ele><time>2024-09-08T02:51:41Z</time></trkpt><trkpt lat="37.0312635" lon="139.3778439"><ele>1363.72</ele><time>2024-09-08T02:52:04Z</time></trkpt><trkpt lat="37.0311003" lon="139.3779796"><ele>1358.7366666666667</ele><time>2024-09-08T02:52:29Z</time></trkpt><trkpt lat="37.0309706" lon="139.3781505"><ele>1353.44</ele><time>2024-09-08T02:52:50Z</time></trkpt><trkpt lat="37.0308655" lon="139.3783334"><ele>1348.6933333333334</ele><time>2024-09-08T02:53:08Z</time></trkpt><trkpt lat="37.0310126" lon="139.3784952"><ele>1344.9533333333336</ele><time>2024-09-08T02:53:38Z</time></trkpt><trkpt lat="37.0310767" lon="139.3787278"><ele>1340.1633333333334</ele><time>2024-09-08T02:54:35Z</time></trkpt><trkpt lat="37.031101" lon="139.378985"><ele>1331.83</ele><time>2024-09-08T02:55:23Z</time></trkpt><trkpt lat="37.0310009" lon="139.3791822"><ele>1319.5900000000001</ele><time>2024-09-08T02:56:07Z</time></trkpt><trkpt lat="37.0311196" lon="139.379388"><ele>1307.64</ele><time>2024-09-08T02:57:02Z</time></trkpt><trkpt lat="37.0311487" lon="139.3796355"><ele>1297.3866666666668</ele><time>2024-09-08T02:57:37Z</time></trkpt><trkpt lat="37.0311252" lon="139.3798741"><ele>1286.4166666666667</ele><time>2024-09-08T02:58:08Z</time></trkpt><trkpt lat="37.0311187" lon="139.3801104"><ele>1275.7233333333334</ele><time>2024-09-08T02:58:38Z</time></trkpt><trkpt lat="37.0309356" lon="139.3801461"><ele>1264.8666666666668</ele><time>2024-09-08T02:59:58Z</time></trkpt><trkpt lat="37.0308708" lon="139.3803602"><ele>1255.1200000000001</ele><time>2024-09-08T03:00:43Z</time></trkpt><trkpt lat="37.0308672" lon="139.3805876"><ele>1244.1133333333335</ele><time>2024-09-08T03:01:37Z</time></trkpt><trkpt lat="37.0308893" lon="139.3808283"><ele>1233.7900000000002</ele><time>2024-09-08T03:02:10Z</time></trkpt><trkpt lat="37.0309056" lon="139.381064"><ele>1223.8566666666668</ele><time>2024-09-08T03:02:40Z</time></trkpt><trkpt lat="37.0308723" lon="139.3812917"><ele>1214.9733333333334</ele><time>2024-09-08T03:03:24Z</time></trkpt><trkpt lat="37.0308218" lon="139.3815113"><ele>1205.8133333333333</ele><time>2024-09-08T03:04:19Z</time></trkpt><trkpt lat="37.0307653" lon="139.3817263"><ele>1197.2866666666669</ele><time>2024-09-08T03:05:03Z</time></trkpt><trkpt lat="37.0307527" lon="139.3819549"><ele>1188.1066666666668</ele><time>2024-09-08T03:06:00Z</time></trkpt><trkpt lat="37.0306357" lon="139.3821337"><ele>1177.7833333333335</ele><time>2024-09-08T03:07:04Z</time></trkpt><trkpt lat="37.030578" lon="139.3823613"><ele>1167.2933333333333</ele><time>2024-09-08T03:07:58Z</time></trkpt><trkpt lat="37.0304939" lon="139.3825812"><ele>1157.57</ele><time>2024-09-08T03:08:31Z</time></trkpt><trkpt lat="37.0304503" lon="139.3828101"><ele>1150.24</ele><time>2024-09-08T03:08:55Z</time></trkpt><trkpt lat="37.0302811" lon="139.3827142"><ele>1142.0766666666668</ele><time>2024-09-08T03:09:57Z</time></trkpt><trkpt lat="37.0301873" lon="139.3829251"><ele>1133.6966666666667</ele><time>2024-09-08T03:10:40Z</time></trkpt><trkpt lat="37.0301595" lon="139.3831755"><ele>1125.25</ele><time>2024-09-08T03:11:10Z</time></trkpt><trkpt lat="37.0300072" lon="139.3833034"><ele>1118.2066666666667</ele><time>2024-09-08T03:12:03Z</time></trkpt><trkpt lat="37.0298815" lon="139.3835632"><ele>1110.4433333333334</ele><time>2024-09-08T03:12:58Z</time></trkpt><trkpt lat="37.0298532" lon="139.3833124"><ele>1103.9366666666667</ele><time>2024-09-08T03:14:44Z</time></trkpt><trkpt lat="37.0298566" lon="139.3830648"><ele>1099.22</ele><time>2024-09-08T03:15:02Z</time></trkpt><trkpt lat="37.0298703" lon="139.38281"><ele>1097.4733333333334</ele><time>2024-09-08T03:15:17Z</time></trkpt><trkpt lat="37.029807" lon="139.3825876"><ele>1094.6433333333334</ele><time>2024-09-08T03:15:35Z</time></trkpt><trkpt lat="37.0297449" lon="139.3823229"><ele>1093.74</ele><time>2024-09-08T03:15:53Z</time></trkpt><trkpt lat="37.0295936" lon="139.3824478"><ele>1089.1933333333334</ele><time>2024-09-08T03:16:08Z</time></trkpt><trkpt lat="37.0296534" lon="139.3826873"><ele>1084.4633333333334</ele><time>2024-09-08T03:16:26Z</time></trkpt><trkpt lat="37.0296708" lon="139.382916"><ele>1077.93</ele><time>2024-09-08T03:16:44Z</time></trkpt><trkpt lat="37.0296218" lon="139.3831769"><ele>1073.1033333333335</ele><time>2024-09-08T03:17:08Z</time></trkpt><trkpt lat="37.0295865" lon="139.3834312"><ele>1070.0166666666667</ele><time>2024-09-08T03:17:29Z</time></trkpt><trkpt lat="37.0294962" lon="139.3836631"><ele>1067.9266666666665</ele><time>2024-09-08T03:17:50Z</time></trkpt><trkpt lat="37.0293871" lon="139.3838934"><ele>1065.9466666666667</ele><time>2024-09-08T03:18:11Z</time></trkpt><trkpt lat="37.029341" lon="139.384137"><ele>1062.9633333333334</ele><time>2024-09-08T03:18:32Z</time></trkpt><trkpt lat="37.0294592" lon="139.3843309"><ele>1061.8</ele><time>2024-09-08T03:18:47Z</time></trkpt><trkpt lat="37.0296454" lon="139.3842325"><ele>1062.8166666666666</ele><time>2024-09-08T03:19:08Z</time></trkpt><trkpt lat="37.0298245" lon="139.3841105"><ele>1066.3866666666665</ele><time>2024-09-08T03:19:29Z</time></trkpt><trkpt lat="37.0300269" lon="139.3841319"><ele>1066.4033333333334</ele><time>2024-09-08T03:19:41Z</time></trkpt><trkpt lat="37.03022" lon="139.3841846"><ele>1064.6766666666667</ele><time>2024-09-08T03:19:56Z</time></trkpt><trkpt lat="37.0303999" lon="139.3842276"><ele>1060.54</ele><time>2024-09-08T03:20:11Z</time></trkpt><trkpt lat="37.0306086" lon="139.384264"><ele>1056.4599999999998</ele><time>2024-09-08T03:20:29Z</time></trkpt><trkpt lat="37.0308108" lon="139.3842867"><ele>1053.55</ele><time>2024-09-08T03:20:47Z</time></trkpt><trkpt lat="37.0309223" lon="139.3841071"><ele>1054.2166666666665</ele><time>2024-09-08T03:21:02Z</time></trkpt><trkpt lat="37.0310887" lon="139.3839759"><ele>1054.94</ele><time>2024-09-08T03:21:20Z</time></trkpt><trkpt lat="37.0312551" lon="139.3838406"><ele>1057.1733333333332</ele><time>2024-09-08T03:21:41Z</time></trkpt><trkpt lat="37.0314482" lon="139.3838989"><ele>1053.8700000000001</ele><time>2024-09-08T03:21:58Z</time></trkpt><trkpt lat="37.0316487" lon="139.383855"><ele>1052.7966666666669</ele><time>2024-09-08T03:22:16Z</time></trkpt><trkpt lat="37.0318553" lon="139.383915"><ele>1049.9633333333334</ele><time>2024-09-08T03:22:34Z</time></trkpt><trkpt lat="37.0320406" lon="139.3840027"><ele>1049.78</ele><time>2024-09-08T03:22:52Z</time></trkpt><trkpt lat="37.0318556" lon="139.3841057"><ele>1047.1533333333334</ele><time>2024-09-08T03:23:19Z</time></trkpt><trkpt lat="37.0316669" lon="139.3840487"><ele>1045.25</ele><time>2024-09-08T03:23:37Z</time></trkpt><trkpt lat="37.0314768" lon="139.3840959"><ele>1042.5233333333333</ele><time>2024-09-08T03:23:55Z</time></trkpt><trkpt lat="37.0313345" lon="139.384235"><ele>1039.6200000000001</ele><time>2024-09-08T03:24:13Z</time></trkpt><trkpt lat="37.0314973" lon="139.3843624"><ele>1035.9666666666665</ele><time>2024-09-08T03:24:31Z</time></trkpt><trkpt lat="37.0316469" lon="139.384518"><ele>1033.21</ele><time>2024-09-08T03:24:49Z</time></trkpt><trkpt lat="37.0314458" lon="139.3845428"><ele>1031.2700000000002</ele><time>2024-09-08T03:25:07Z</time></trkpt><trkpt lat="37.0312639" lon="139.3845671"><ele>1029.4566666666667</ele><time>2024-09-08T03:25:22Z</time></trkpt><trkpt lat="37.0310674" lon="139.384588"><ele>1027.4433333333334</ele><time>2024-09-08T03:25:40Z</time></trkpt><trkpt lat="37.0308725" lon="139.3846967"><ele>1025.7066666666667</ele><time>2024-09-08T03:25:58Z</time></trkpt><trkpt lat="37.0306905" lon="139.3847988"><ele>1023.6199999999999</ele><time>2024-09-08T03:26:16Z</time></trkpt><trkpt lat="37.030524" lon="139.3848964"><ele>1021.3466666666667</ele><time>2024-09-08T03:26:36Z</time></trkpt><trkpt lat="37.0303487" lon="139.3849955"><ele>1019.3133333333334</ele><time>2024-09-08T03:26:54Z</time></trkpt><trkpt lat="37.0301209" lon="139.3850485"><ele>1017.7766666666666</ele><time>2024-09-08T03:27:18Z</time></trkpt><trkpt lat="37.0299233" lon="139.385036"><ele>1017.6733333333335</ele><time>2024-09-08T03:27:31Z</time></trkpt><trkpt lat="37.0300926" lon="139.3851604"><ele>1016.29</ele><time>2024-09-08T03:28:13Z</time></trkpt><trkpt lat="37.0300477" lon="139.3853838"><ele>1012.7133333333335</ele><time>2024-09-08T03:28:37Z</time></trkpt><trkpt lat="37.0298763" lon="139.3854667"><ele>1008.19</ele><time>2024-09-08T03:28:52Z</time></trkpt><trkpt lat="37.0297234" lon="139.3856215"><ele>1003.8499999999999</ele><time>2024-09-08T03:29:10Z</time></trkpt><trkpt lat="37.0295425" lon="139.3857376"><ele>1001.5733333333333</ele><time>2024-09-08T03:29:28Z</time></trkpt><trkpt lat="37.0294003" lon="139.3858881"><ele>998.31</ele><time>2024-09-08T03:29:49Z</time></trkpt><trkpt lat="37.0292096" lon="139.3859632"><ele>997.09</ele><time>2024-09-08T03:30:10Z</time></trkpt><trkpt lat="37.0290279" lon="139.3860833"><ele>997.0533333333334</ele><time>2024-09-08T03:30:28Z</time></trkpt><trkpt lat="37.0291223" lon="139.3862942"><ele>994.8233333333334</ele><time>2024-09-08T03:30:49Z</time></trkpt><trkpt lat="37.0293122" lon="139.3862606"><ele>992.14</ele><time>2024-09-08T03:31:10Z</time></trkpt><trkpt lat="37.029288" lon="139.3865063"><ele>987.16</ele><time>2024-09-08T03:31:30Z</time></trkpt><trkpt lat="37.0291379" lon="139.386638"><ele>984.62</ele><time>2024-09-08T03:31:49Z</time></trkpt><trkpt lat="37.0290151" lon="139.3868201"><ele>981.0233333333334</ele><time>2024-09-08T03:32:11Z</time></trkpt><trkpt lat="37.0288145" lon="139.3867863"><ele>979.87</ele><time>2024-09-08T03:32:29Z</time></trkpt><trkpt lat="37.0286318" lon="139.3867857"><ele>979.3033333333333</ele><time>2024-09-08T03:32:41Z</time></trkpt><trkpt lat="37.0284565" lon="139.3869125"><ele>977.8966666666666</ele><time>2024-09-08T03:32:59Z</time></trkpt><trkpt lat="37.0285239" lon="139.3871256"><ele>974.36</ele><time>2024-09-08T03:33:29Z</time></trkpt><trkpt lat="37.0283718" lon="139.3872845"><ele>971.9966666666666</ele><time>2024-09-08T03:34:35Z</time></trkpt><trkpt lat="37.0284088" lon="139.3875067"><ele>970.3066666666667</ele><time>2024-09-08T03:34:50Z</time></trkpt><trkpt lat="37.0284326" lon="139.3877644"><ele>969.3933333333334</ele><time>2024-09-08T03:35:08Z</time></trkpt><trkpt lat="37.0283829" lon="139.3880317"><ele>967.4066666666668</ele><time>2024-09-08T03:35:26Z</time></trkpt><trkpt lat="37.0283522" lon="139.3882907"><ele>966.1233333333333</ele><time>2024-09-08T03:35:50Z</time></trkpt><trkpt lat="37.0283378" lon="139.3885489"><ele>964.2066666666668</ele><time>2024-09-08T03:36:08Z</time></trkpt><trkpt lat="37.0283099" lon="139.3887764"><ele>962.1300000000001</ele><time>2024-09-08T03:36:29Z</time></trkpt><trkpt lat="37.0281949" lon="139.388985"><ele>960.0033333333334</ele><time>2024-09-08T03:36:44Z</time></trkpt><trkpt lat="37.0281162" lon="139.3892026"><ele>959.0366666666667</ele><time>2024-09-08T03:37:00Z</time></trkpt><trkpt lat="37.0281616" lon="139.3894331"><ele>958.1700000000001</ele><time>2024-09-08T03:37:12Z</time></trkpt><trkpt lat="37.0282838" lon="139.389638"><ele>954.8266666666667</ele><time>2024-09-08T03:37:36Z</time></trkpt><trkpt lat="37.0283976" lon="139.3898172"><ele>950.1166666666667</ele><time>2024-09-08T03:37:52Z</time></trkpt><trkpt lat="37.0284075" lon="139.3900744"><ele>944.2433333333333</ele><time>2024-09-08T03:38:10Z</time></trkpt><trkpt lat="37.0284072" lon="139.390307"><ele>941.1066666666666</ele><time>2024-09-08T03:38:28Z</time></trkpt><trkpt lat="37.0284441" lon="139.3905532"><ele>938.8466666666667</ele><time>2024-09-08T03:38:46Z</time></trkpt><trkpt lat="37.0285305" lon="139.3907724"><ele>938.1633333333334</ele><time>2024-09-08T03:39:01Z</time></trkpt><trkpt lat="37.0283373" lon="139.3907278"><ele>937.9166666666666</ele><time>2024-09-08T03:40:07Z</time></trkpt><trkpt lat="37.0285501" lon="139.3908771"><ele>937.7466666666668</ele><time>2024-09-08T03:40:22Z</time></trkpt><trkpt lat="37.0284816" lon="139.3911387"><ele>934.94</ele><time>2024-09-08T03:40:34Z</time></trkpt><trkpt lat="37.0284301" lon="139.3913729"><ele>931.4933333333333</ele><time>2024-09-08T03:40:55Z</time></trkpt><trkpt lat="37.0284548" lon="139.3916366"><ele>928.48</ele><time>2024-09-08T03:41:10Z</time></trkpt><trkpt lat="36.9835933" lon="139.3049583"><ele>1506.21</ele><time>2024-09-08T21:04:42Z</time></trkpt><trkpt lat="36.9836351" lon="139.304695"><ele>1506.77</ele><time>2024-09-08T21:05:12Z</time></trkpt><trkpt lat="36.9835921" lon="139.3044712"><ele>1507.24</ele><time>2024-09-08T21:05:27Z</time></trkpt><trkpt lat="36.9835469" lon="139.3042321"><ele>1508.3266666666668</ele><time>2024-09-08T21:05:42Z</time></trkpt><trkpt lat="36.9835555" lon="139.3039903"><ele>1509.0633333333335</ele><time>2024-09-08T21:05:57Z</time></trkpt><trkpt lat="36.9835338" lon="139.3037665"><ele>1509.426666666667</ele><time>2024-09-08T21:06:09Z</time></trkpt><trkpt lat="36.9835308" lon="139.3035042"><ele>1509.1899999999998</ele><time>2024-09-08T21:06:27Z</time></trkpt><trkpt lat="36.9835265" lon="139.303246"><ele>1508.7933333333333</ele><time>2024-09-08T21:06:42Z</time></trkpt><trkpt lat="36.9835134" lon="139.30302"><ele>1508.57</ele><time>2024-09-08T21:06:54Z</time></trkpt><trkpt lat="36.9834882" lon="139.3027689"><ele>1508.1566666666668</ele><time>2024-09-08T21:07:09Z</time></trkpt><trkpt lat="36.9834315" lon="139.3025489"><ele>1507.5666666666666</ele><time>2024-09-08T21:07:27Z</time></trkpt><trkpt lat="36.9833882" lon="139.3023204"><ele>1506.2333333333333</ele><time>2024-09-08T21:07:42Z</time></trkpt><trkpt lat="36.983303" lon="139.3020864"><ele>1504.7600000000002</ele><time>2024-09-08T21:07:57Z</time></trkpt><trkpt lat="36.9832146" lon="139.3018592"><ele>1503.1200000000001</ele><time>2024-09-08T21:08:12Z</time></trkpt><trkpt lat="36.9831508" lon="139.3016341"><ele>1501.9733333333334</ele><time>2024-09-08T21:08:27Z</time></trkpt><trkpt lat="36.9829627" lon="139.301598"><ele>1500.9399999999998</ele><time>2024-09-08T21:08:48Z</time></trkpt><trkpt lat="36.9827533" lon="139.3016155"><ele>1501.14</ele><time>2024-09-08T21:09:24Z</time></trkpt><trkpt lat="36.982549" lon="139.3017237"><ele>1504.5833333333333</ele><time>2024-09-08T21:10:24Z</time></trkpt><trkpt lat="36.9823849" lon="139.3016008"><ele>1510.5266666666666</ele><time>2024-09-08T21:11:06Z</time></trkpt><trkpt lat="36.9822007" lon="139.3015142"><ele>1517.0866666666668</ele><time>2024-09-08T21:11:39Z</time></trkpt><trkpt lat="36.982028" lon="139.3014364"><ele>1521.7166666666665</ele><time>2024-09-08T21:12:54Z</time></trkpt><trkpt lat="36.9818088" lon="139.3015618"><ele>1525.5900000000001</ele><time>2024-09-08T21:14:09Z</time></trkpt><trkpt lat="36.9816598" lon="139.3017326"><ele>1528.7266666666667</ele><time>2024-09-08T21:14:36Z</time></trkpt><trkpt lat="36.9815224" lon="139.3019406"><ele>1530.3000000000002</ele><time>2024-09-08T21:15:15Z</time></trkpt><trkpt lat="36.9813313" lon="139.3020199"><ele>1530.95</ele><time>2024-09-08T21:15:33Z</time></trkpt><trkpt lat="36.9811751" lon="139.3021665"><ele>1531.6466666666668</ele><time>2024-09-08T21:15:54Z</time></trkpt><trkpt lat="36.9810364" lon="139.3023167"><ele>1532.0966666666666</ele><time>2024-09-08T21:16:12Z</time></trkpt><trkpt lat="36.9809104" lon="139.3024804"><ele>1532.3433333333335</ele><time>2024-09-08T21:16:36Z</time></trkpt><trkpt lat="36.9807391" lon="139.30257"><ele>1534.506666666667</ele><time>2024-09-08T21:17:03Z</time></trkpt><trkpt lat="36.9805573" lon="139.3026619"><ele>1537.7266666666667</ele><time>2024-09-08T21:17:27Z</time></trkpt><trkpt lat="36.9803607" lon="139.302681"><ele>1540.9399999999998</ele><time>2024-09-08T21:17:54Z</time></trkpt><trkpt lat="36.9801901" lon="139.3025911"><ele>1541.8566666666668</ele><time>2024-09-08T21:18:21Z</time></trkpt><trkpt lat="36.9799879" lon="139.3025619"><ele>1543.0033333333333</ele><time>2024-09-08T21:18:42Z</time></trkpt><trkpt lat="36.9797836" lon="139.3025174"><ele>1544.6533333333334</ele><time>2024-09-08T21:19:03Z</time></trkpt><trkpt lat="36.9795871" lon="139.3025013"><ele>1546.5833333333333</ele><time>2024-09-08T21:19:24Z</time></trkpt><trkpt lat="36.9794015" lon="139.3024926"><ele>1548.9233333333332</ele><time>2024-09-08T21:19:48Z</time></trkpt><trkpt lat="36.9792127" lon="139.3024948"><ele>1552.5233333333333</ele><time>2024-09-08T21:20:09Z</time></trkpt><trkpt lat="36.9790294" lon="139.3025165"><ele>1559.0199999999998</ele><time>2024-09-08T21:21:18Z</time></trkpt><trkpt lat="36.9788417" lon="139.3025086"><ele>1567.26</ele><time>2024-09-08T21:22:24Z</time></trkpt><trkpt lat="36.9786358" lon="139.3025022"><ele>1577.4966666666667</ele><time>2024-09-08T21:23:36Z</time></trkpt><trkpt lat="36.9784489" lon="139.3024987"><ele>1587.33</ele><time>2024-09-08T21:25:39Z</time></trkpt><trkpt lat="36.9782756" lon="139.3026139"><ele>1598.07</ele><time>2024-09-08T21:26:48Z</time></trkpt><trkpt lat="36.9780638" lon="139.3026454"><ele>1609.3966666666668</ele><time>2024-09-08T21:28:36Z</time></trkpt><trkpt lat="36.9779012" lon="139.3027449"><ele>1619.8566666666666</ele><time>2024-09-08T21:29:48Z</time></trkpt><trkpt lat="36.9776955" lon="139.3027633"><ele>1630.6000000000001</ele><time>2024-09-08T21:30:39Z</time></trkpt><trkpt lat="36.9775114" lon="139.3027642"><ele>1639.21</ele><time>2024-09-08T21:31:51Z</time></trkpt><trkpt lat="36.9772609" lon="139.302803"><ele>1648.5933333333332</ele><time>2024-09-08T21:34:23Z</time></trkpt><trkpt lat="36.9770891" lon="139.3029672"><ele>1657.82</ele><time>2024-09-08T21:36:02Z</time></trkpt><trkpt lat="36.9768938" lon="139.3030086"><ele>1667.7066666666667</ele><time>2024-09-08T21:36:56Z</time></trkpt><trkpt lat="36.9767461" lon="139.3028465"><ele>1676.3833333333332</ele><time>2024-09-08T21:37:41Z</time></trkpt><trkpt lat="36.9765658" lon="139.3028242"><ele>1683.6233333333332</ele><time>2024-09-08T21:38:37Z</time></trkpt><trkpt lat="36.9763359" lon="139.3027363"><ele>1689.8833333333332</ele><time>2024-09-08T21:39:49Z</time></trkpt><trkpt lat="36.97615" lon="139.3027351"><ele>1696.61</ele><time>2024-09-08T21:40:51Z</time></trkpt><trkpt lat="36.9759899" lon="139.302851"><ele>1702.5433333333333</ele><time>2024-09-08T21:41:22Z</time></trkpt><trkpt lat="36.9758602" lon="139.3030081"><ele>1707.2666666666667</ele><time>2024-09-08T21:42:10Z</time></trkpt><trkpt lat="36.9756689" lon="139.3030109"><ele>1711.1633333333336</ele><time>2024-09-08T21:42:43Z</time></trkpt><trkpt lat="36.9755873" lon="139.3028025"><ele>1714.4066666666668</ele><time>2024-09-08T21:43:13Z</time></trkpt><trkpt lat="36.9754534" lon="139.3026217"><ele>1717.7133333333334</ele><time>2024-09-08T21:43:49Z</time></trkpt><trkpt lat="36.975261" lon="139.3027166"><ele>1720.24</ele><time>2024-09-08T21:44:43Z</time></trkpt><trkpt lat="36.975077" lon="139.3027509"><ele>1722.2933333333333</ele><time>2024-09-08T21:45:25Z</time></trkpt><trkpt lat="36.9749536" lon="139.3025777"><ele>1723.9533333333336</ele><time>2024-09-08T21:45:46Z</time></trkpt><trkpt lat="36.9747521" lon="139.3026043"><ele>1725.6599999999999</ele><time>2024-09-08T21:46:10Z</time></trkpt><trkpt lat="36.9745812" lon="139.3024851"><ele>1727.4233333333334</ele><time>2024-09-08T21:46:34Z</time></trkpt><trkpt lat="36.9744185" lon="139.3023377"><ele>1730.0333333333335</ele><time>2024-09-08T21:47:01Z</time></trkpt><trkpt lat="36.9742065" lon="139.3023475"><ele>1733.38</ele><time>2024-09-08T21:47:19Z</time></trkpt><trkpt lat="36.9740324" lon="139.3022792"><ele>1737.6666666666667</ele><time>2024-09-08T21:47:43Z</time></trkpt><trkpt lat="36.9739247" lon="139.3020594"><ele>1741.5600000000002</ele><time>2024-09-08T21:48:16Z</time></trkpt><trkpt lat="36.9737591" lon="139.3019552"><ele>1745.1866666666667</ele><time>2024-09-08T21:48:31Z</time></trkpt><trkpt lat="36.9735538" lon="139.3019759"><ele>1748.3966666666668</ele><time>2024-09-08T21:48:49Z</time></trkpt><trkpt lat="36.973365" lon="139.3019414"><ele>1751.21</ele><time>2024-09-08T21:49:04Z</time></trkpt><trkpt lat="36.9731796" lon="139.3019363"><ele>1752.8033333333333</ele><time>2024-09-08T21:49:55Z</time></trkpt><trkpt lat="36.9729951" lon="139.3019005"><ele>1753.506666666667</ele><time>2024-09-08T21:50:19Z</time></trkpt><trkpt lat="36.972805" lon="139.3019071"><ele>1753.5366666666669</ele><time>2024-09-08T21:50:34Z</time></trkpt><trkpt lat="36.9726225" lon="139.301892"><ele>1753.6533333333334</ele><time>2024-09-08T21:50:51Z</time></trkpt><trkpt lat="36.9724158" lon="139.3018556"><ele>1753.676666666667</ele><time>2024-09-08T21:51:09Z</time></trkpt><trkpt lat="36.9722409" lon="139.3017883"><ele>1753.8000000000002</ele><time>2024-09-08T21:51:24Z</time></trkpt><trkpt lat="36.9720914" lon="139.3016435"><ele>1754.2300000000002</ele><time>2024-09-08T21:51:42Z</time></trkpt><trkpt lat="36.9719419" lon="139.3014524"><ele>1754.9966666666667</ele><time>2024-09-08T21:52:21Z</time></trkpt><trkpt lat="36.9717839" lon="139.3012858"><ele>1756.4700000000003</ele><time>2024-09-08T21:52:42Z</time></trkpt><trkpt lat="36.9716315" lon="139.3011643"><ele>1758.2900000000002</ele><time>2024-09-08T21:53:00Z</time></trkpt><trkpt lat="36.9714641" lon="139.301067"><ele>1760.256666666667</ele><time>2024-09-08T21:53:18Z</time></trkpt><trkpt lat="36.971371" lon="139.3008569"><ele>1762.4133333333332</ele><time>2024-09-08T21:53:48Z</time></trkpt><trkpt lat="36.9713192" lon="139.3006263"><ele>1764.9033333333336</ele><time>2024-09-08T21:54:18Z</time></trkpt><trkpt lat="36.9712634" lon="139.3004051"><ele>1767.6033333333335</ele><time>2024-09-08T21:54:36Z</time></trkpt><trkpt lat="36.971269" lon="139.3001638"><ele>1770.57</ele><time>2024-09-08T21:54:57Z</time></trkpt><trkpt lat="36.9712775" lon="139.2999318"><ele>1773.756666666667</ele><time>2024-09-08T21:55:18Z</time></trkpt><trkpt lat="36.9712893" lon="139.2997059"><ele>1777.0366666666669</ele><time>2024-09-08T21:55:39Z</time></trkpt><trkpt lat="36.971246" lon="139.2994651"><ele>1780.3966666666668</ele><time>2024-09-08T21:56:00Z</time></trkpt><trkpt lat="36.9711412" lon="139.2992695"><ele>1784.24</ele><time>2024-09-08T21:56:22Z</time></trkpt><trkpt lat="36.9710374" lon="139.2990675"><ele>1788.17</ele><time>2024-09-08T21:56:49Z</time></trkpt><trkpt lat="36.970875" lon="139.2989679"><ele>1792.2466666666667</ele><time>2024-09-08T21:57:19Z</time></trkpt><trkpt lat="36.970709" lon="139.2988612"><ele>1795.6833333333334</ele><time>2024-09-08T21:58:04Z</time></trkpt><trkpt lat="36.9705886" lon="139.2986802"><ele>1800.6333333333332</ele><time>2024-09-08T21:59:01Z</time></trkpt><trkpt lat="36.9705047" lon="139.2984785"><ele>1807.1466666666668</ele><time>2024-09-08T21:59:52Z</time></trkpt><trkpt lat="36.9704483" lon="139.2982636"><ele>1815.5200000000002</ele><time>2024-09-08T22:00:58Z</time></trkpt><trkpt lat="36.9703107" lon="139.2981114"><ele>1825.216666666667</ele><time>2024-09-08T22:02:28Z</time></trkpt><trkpt lat="36.9702112" lon="139.297919"><ele>1833.8833333333332</ele><time>2024-09-08T22:03:13Z</time></trkpt><trkpt lat="36.9700313" lon="139.2978916"><ele>1843.3366666666668</ele><time>2024-09-08T22:06:28Z</time></trkpt><trkpt lat="36.9698606" lon="139.2979985"><ele>1850.66</ele><time>2024-09-08T22:07:46Z</time></trkpt><trkpt lat="36.9696832" lon="139.2979084"><ele>1859.4066666666668</ele><time>2024-09-08T22:09:01Z</time></trkpt><trkpt lat="36.9694985" lon="139.2978508"><ele>1865.996666666667</ele><time>2024-09-08T22:09:31Z</time></trkpt><trkpt lat="36.9693279" lon="139.2977361"><ele>1871.6433333333334</ele><time>2024-09-08T22:09:55Z</time></trkpt><trkpt lat="36.9691523" lon="139.2976639"><ele>1875.0333333333335</ele><time>2024-09-08T22:10:16Z</time></trkpt><trkpt lat="36.9690011" lon="139.2975395"><ele>1878.0933333333335</ele><time>2024-09-08T22:10:40Z</time></trkpt><trkpt lat="36.9688603" lon="139.2973906"><ele>1882.1899999999998</ele><time>2024-09-08T22:11:10Z</time></trkpt><trkpt lat="36.9687283" lon="139.2972325"><ele>1888.1333333333334</ele><time>2024-09-08T22:11:58Z</time></trkpt><trkpt lat="36.9685943" lon="139.297067"><ele>1896.58</ele><time>2024-09-08T22:13:13Z</time></trkpt><trkpt lat="36.9684168" lon="139.2968296"><ele>1907.1933333333334</ele><time>2024-09-08T22:15:55Z</time></trkpt><trkpt lat="36.968275" lon="139.2966642"><ele>1918.9833333333333</ele><time>2024-09-08T22:18:22Z</time></trkpt><trkpt lat="36.968102" lon="139.2965887"><ele>1932.1233333333332</ele><time>2024-09-08T22:20:41Z</time></trkpt><trkpt lat="36.9679977" lon="139.2968014"><ele>1943.0266666666666</ele><time>2024-09-08T22:21:47Z</time></trkpt><trkpt lat="36.9678181" lon="139.2967413"><ele>1952.9666666666665</ele><time>2024-09-08T22:24:20Z</time></trkpt><trkpt lat="36.9677837" lon="139.2965121"><ele>1959.5</ele><time>2024-09-08T22:25:20Z</time></trkpt><trkpt lat="36.9676591" lon="139.2963498"><ele>1965.0900000000001</ele><time>2024-09-08T22:26:14Z</time></trkpt><trkpt lat="36.967505" lon="139.2961846"><ele>1967.4833333333333</ele><time>2024-09-08T22:26:39Z</time></trkpt><trkpt lat="36.9673121" lon="139.2961459"><ele>1969.3366666666668</ele><time>2024-09-08T22:27:09Z</time></trkpt><trkpt lat="36.9671225" lon="139.2961165"><ele>1972.53</ele><time>2024-09-08T22:27:39Z</time></trkpt><trkpt lat="36.9669649" lon="139.295996"><ele>1977.0</ele><time>2024-09-08T22:28:09Z</time></trkpt><trkpt lat="36.9667839" lon="139.2960856"><ele>1980.82</ele><time>2024-09-08T22:28:36Z</time></trkpt><trkpt lat="36.9665969" lon="139.296143"><ele>1981.4366666666665</ele><time>2024-09-08T22:29:06Z</time></trkpt><trkpt lat="36.9664077" lon="139.2962043"><ele>1978.8566666666668</ele><time>2024-09-08T22:29:27Z</time></trkpt><trkpt lat="36.9662095" lon="139.2962058"><ele>1974.51</ele><time>2024-09-08T22:29:48Z</time></trkpt><trkpt lat="36.9660597" lon="139.2960015"><ele>1970.0466666666669</ele><time>2024-09-08T22:30:15Z</time></trkpt><trkpt lat="36.9659519" lon="139.295815"><ele>1966.0866666666668</ele><time>2024-09-08T22:30:30Z</time></trkpt><trkpt lat="36.9658411" lon="139.2956217"><ele>1962.3066666666666</ele><time>2024-09-08T22:30:48Z</time></trkpt><trkpt lat="36.9657094" lon="139.2954448"><ele>1958.5266666666666</ele><time>2024-09-08T22:31:06Z</time></trkpt><trkpt lat="36.9655721" lon="139.2952851"><ele>1955.3233333333335</ele><time>2024-09-08T22:31:24Z</time></trkpt><trkpt lat="36.9654059" lon="139.2951232"><ele>1952.926666666667</ele><time>2024-09-08T22:31:40Z</time></trkpt><trkpt lat="36.9652307" lon="139.2949765"><ele>1951.67</ele><time>2024-09-08T22:32:07Z</time></trkpt><trkpt lat="36.9650525" lon="139.2948473"><ele>1951.8433333333335</ele><time>2024-09-08T22:33:10Z</time></trkpt><trkpt lat="36.9648553" lon="139.2947742"><ele>1952.9000000000003</ele><time>2024-09-08T22:33:25Z</time></trkpt><trkpt lat="36.9647046" lon="139.2945871"><ele>1955.0766666666668</ele><time>2024-09-08T22:33:43Z</time></trkpt><trkpt lat="36.9646251" lon="139.2943692"><ele>1957.2933333333333</ele><time>2024-09-08T22:34:01Z</time></trkpt><trkpt lat="36.9644449" lon="139.2943983"><ele>1959.5233333333333</ele><time>2024-09-08T22:34:19Z</time></trkpt><trkpt lat="36.9643357" lon="139.2942065"><ele>1962.2833333333335</ele><time>2024-09-08T22:34:46Z</time></trkpt><trkpt lat="36.964203" lon="139.2940498"><ele>1965.91</ele><time>2024-09-08T22:35:31Z</time></trkpt><trkpt lat="36.9641016" lon="139.2938513"><ele>1970.7066666666667</ele><time>2024-09-08T22:36:22Z</time></trkpt><trkpt lat="36.9639284" lon="139.2937841"><ele>1975.55</ele><time>2024-09-08T22:37:07Z</time></trkpt><trkpt lat="36.9637341" lon="139.2938152"><ele>1980.33</ele><time>2024-09-08T22:37:52Z</time></trkpt><trkpt lat="36.963541" lon="139.2937758"><ele>1984.3</ele><time>2024-09-08T22:38:25Z</time></trkpt><trkpt lat="36.9633748" lon="139.2938913"><ele>1987.2233333333334</ele><time>2024-09-08T22:38:46Z</time></trkpt><trkpt lat="36.9631939" lon="139.2938748"><ele>1989.67</ele><time>2024-09-08T22:39:28Z</time></trkpt><trkpt lat="36.9630775" lon="139.29368"><ele>1994.6733333333334</ele><time>2024-09-08T22:40:22Z</time></trkpt><trkpt lat="36.9629613" lon="139.2934935"><ele>2000.4133333333332</ele><time>2024-09-08T22:41:27Z</time></trkpt><trkpt lat="36.962913" lon="139.2932676"><ele>2006.92</ele><time>2024-09-08T22:42:03Z</time></trkpt><trkpt lat="36.9628403" lon="139.293042"><ele>2012.7333333333336</ele><time>2024-09-08T22:42:39Z</time></trkpt><trkpt lat="36.9627431" lon="139.2928444"><ele>2018.5666666666668</ele><time>2024-09-08T22:43:24Z</time></trkpt><trkpt lat="36.9626456" lon="139.2926439"><ele>2024.5633333333335</ele><time>2024-09-08T22:44:06Z</time></trkpt><trkpt lat="36.9625708" lon="139.2924144"><ele>2028.93</ele><time>2024-09-08T22:44:48Z</time></trkpt><trkpt lat="36.9624332" lon="139.2922484"><ele>2033.206666666667</ele><time>2024-09-08T22:45:18Z</time></trkpt><trkpt lat="36.9623096" lon="139.2920645"><ele>2036.9533333333336</ele><time>2024-09-08T22:46:58Z</time></trkpt><trkpt lat="36.9621652" lon="139.2919034"><ele>2042.21</ele><time>2024-09-08T22:48:13Z</time></trkpt><trkpt lat="36.9620315" lon="139.2917329"><ele>2048.0033333333336</ele><time>2024-09-08T22:48:39Z</time></trkpt><trkpt lat="36.9618538" lon="139.291686"><ele>2053.47</ele><time>2024-09-08T22:49:25Z</time></trkpt><trkpt lat="36.9616766" lon="139.2916184"><ele>2058.3733333333334</ele><time>2024-09-08T22:49:52Z</time></trkpt><trkpt lat="36.9614669" lon="139.2914963"><ele>2063.9300000000003</ele><time>2024-09-08T22:51:19Z</time></trkpt><trkpt lat="36.9613152" lon="139.2913681"><ele>2070.13</ele><time>2024-09-08T22:52:22Z</time></trkpt><trkpt lat="36.9610995" lon="139.2913872"><ele>2075.8333333333335</ele><time>2024-09-08T22:53:16Z</time></trkpt><trkpt lat="36.9609172" lon="139.2913755"><ele>2081.4500000000003</ele><time>2024-09-08T22:53:49Z</time></trkpt><trkpt lat="36.9607204" lon="139.2913911"><ele>2086.6366666666668</ele><time>2024-09-08T22:54:37Z</time></trkpt><trkpt lat="36.9605378" lon="139.291443"><ele>2091.106666666667</ele><time>2024-09-08T22:55:49Z</time></trkpt><trkpt lat="36.9603469" lon="139.2915045"><ele>2095.2099999999996</ele><time>2024-09-08T22:56:19Z</time></trkpt><trkpt lat="36.9602279" lon="139.291718"><ele>2098.3366666666666</ele><time>2024-09-08T22:56:58Z</time></trkpt><trkpt lat="36.9600458" lon="139.2917716"><ele>2101.516666666667</ele><time>2024-09-08T22:57:25Z</time></trkpt><trkpt lat="36.9598134" lon="139.29174"><ele>2104.4500000000003</ele><time>2024-09-08T22:58:37Z</time></trkpt><trkpt lat="36.9596177" lon="139.2917743"><ele>2108.5533333333337</ele><time>2024-09-08T22:59:22Z</time></trkpt><trkpt lat="36.9594377" lon="139.2917959"><ele>2112.0066666666667</ele><time>2024-09-08T23:00:55Z</time></trkpt><trkpt lat="36.9592642" lon="139.2918718"><ele>2115.0166666666664</ele><time>2024-09-08T23:01:22Z</time></trkpt><trkpt lat="36.9590966" lon="139.2917848"><ele>2118.7166666666667</ele><time>2024-09-08T23:01:58Z</time></trkpt><trkpt lat="36.9590119" lon="139.2915857"><ele>2126.14</ele><time>2024-09-08T23:05:19Z</time></trkpt><trkpt lat="36.9590006" lon="139.2913428"><ele>2135.4633333333336</ele><time>2024-09-08T23:07:13Z</time></trkpt><trkpt lat="36.9588722" lon="139.2911774"><ele>2145.3333333333335</ele><time>2024-09-08T23:08:04Z</time></trkpt><trkpt lat="36.9587263" lon="139.2910416"><ele>2152.566666666667</ele><time>2024-09-08T23:09:33Z</time></trkpt><trkpt lat="36.9585576" lon="139.2909064"><ele>2159.6766666666667</ele><time>2024-09-08T23:10:48Z</time></trkpt><trkpt lat="36.9584053" lon="139.2906946"><ele>2167.3633333333332</ele><time>2024-09-08T23:12:51Z</time></trkpt><trkpt lat="36.9582503" lon="139.2905568"><ele>2177.7766666666666</ele><time>2024-09-08T23:14:06Z</time></trkpt><trkpt lat="36.9581172" lon="139.2903726"><ele>2189.1600000000003</ele><time>2024-09-08T23:16:12Z</time></trkpt><trkpt lat="36.9579762" lon="139.2902051"><ele>2199.8633333333332</ele><time>2024-09-08T23:18:10Z</time></trkpt><trkpt lat="36.9578584" lon="139.290019"><ele>2209.5066666666667</ele><time>2024-09-08T23:19:49Z</time></trkpt><trkpt lat="36.9576729" lon="139.2899932"><ele>2217.436666666667</ele><time>2024-09-08T23:21:46Z</time></trkpt><trkpt lat="36.9574998" lon="139.2900763"><ele>2224.0266666666666</ele><time>2024-09-08T23:22:28Z</time></trkpt><trkpt lat="36.9573117" lon="139.2900076"><ele>2230.8266666666664</ele><time>2024-09-08T23:23:34Z</time></trkpt><trkpt lat="36.9571447" lon="139.2900987"><ele>2236.38</ele><time>2024-09-08T23:25:37Z</time></trkpt><trkpt lat="36.9569646" lon="139.2901103"><ele>2242.2200000000003</ele><time>2024-09-08T23:26:16Z</time></trkpt><trkpt lat="36.9567966" lon="139.2902027"><ele>2246.4066666666668</ele><time>2024-09-08T23:27:25Z</time></trkpt><trkpt lat="36.9566752" lon="139.2900348"><ele>2252.4233333333336</ele><time>2024-09-08T23:29:05Z</time></trkpt><trkpt lat="36.9565758" lon="139.289846"><ele>2260.0400000000004</ele><time>2024-09-08T23:30:44Z</time></trkpt><trkpt lat="36.956413" lon="139.2897075"><ele>2269.7000000000003</ele><time>2024-09-08T23:31:47Z</time></trkpt><trkpt lat="36.9562825" lon="139.2895258"><ele>2281.48</ele><time>2024-09-08T23:33:05Z</time></trkpt><trkpt lat="36.9561067" lon="139.2894423"><ele>2292.523333333333</ele><time>2024-09-08T23:33:50Z</time></trkpt><trkpt lat="36.9559593" lon="139.2893114"><ele>2302.1833333333334</ele><time>2024-09-08T23:35:20Z</time></trkpt><trkpt lat="36.9558159" lon="139.2891254"><ele>2311.046666666667</ele><time>2024-09-08T23:37:23Z</time></trkpt><trkpt lat="36.9556495" lon="139.2889931"><ele>2319.0433333333335</ele><time>2024-09-08T23:38:08Z</time></trkpt><trkpt lat="36.9556143" lon="139.2887602"><ele>2326.0499999999997</ele><time>2024-09-08T23:38:35Z</time></trkpt><trkpt lat="36.95543" lon="139.2887446"><ele>2330.67</ele><time>2024-09-08T23:41:38Z</time></trkpt><trkpt lat="36.9552546" lon="139.2887982"><ele>2333.56</ele><time>2024-09-08T23:42:08Z</time></trkpt><trkpt lat="36.9551343" lon="139.2886295"><ele>2337.0266666666666</ele><time>2024-09-08T23:44:29Z</time></trkpt><trkpt lat="36.9551031" lon="139.2884082"><ele>2337.686666666667</ele><time>2024-09-08T23:46:46Z</time></trkpt><trkpt lat="36.9550992" lon="139.2881786"><ele>2335.8333333333335</ele><time>2024-09-08T23:48:01Z</time></trkpt><trkpt lat="36.9551657" lon="139.2879672"><ele>2329.9066666666663</ele><time>2024-09-08T23:49:35Z</time></trkpt><trkpt lat="36.9552441" lon="139.2877496"><ele>2319.376666666667</ele><time>2024-09-08T23:50:38Z</time></trkpt><trkpt lat="36.955225" lon="139.2875232"><ele>2309.133333333333</ele><time>2024-09-08T23:51:11Z</time></trkpt><trkpt lat="36.9552086" lon="139.2872938"><ele>2299.0733333333333</ele><time>2024-09-08T23:51:35Z</time></trkpt><trkpt lat="36.9551768" lon="139.2870457"><ele>2294.2133333333336</ele><time>2024-09-08T23:51:59Z</time></trkpt><trkpt lat="36.9551328" lon="139.2868168"><ele>2292.1433333333334</ele><time>2024-09-08T23:58:36Z</time></trkpt><trkpt lat="36.9550102" lon="139.2866518"><ele>2293.7000000000003</ele><time>2024-09-08T23:59:33Z</time></trkpt><trkpt lat="36.9549455" lon="139.2864297"><ele>2298.5066666666667</ele><time>2024-09-09T00:00:48Z</time></trkpt><trkpt lat="36.9549013" lon="139.2861751"><ele>2307.0833333333335</ele><time>2024-09-09T00:02:33Z</time></trkpt><trkpt lat="36.9548985" lon="139.2859192"><ele>2317.916666666667</ele><time>2024-09-09T00:05:36Z</time></trkpt><trkpt lat="36.9549616" lon="139.2856983"><ele>2329.023333333333</ele><time>2024-09-09T00:07:15Z</time></trkpt><trkpt lat="36.9550511" lon="139.2854563"><ele>2339.736666666666</ele><time>2024-09-09T00:09:39Z</time></trkpt><trkpt lat="36.9550258" lon="139.2852192"><ele>2346.0866666666666</ele><time>2024-09-09T00:10:33Z</time></trkpt><trkpt lat="36.9548361" lon="139.2851036"><ele>2347.18</ele><time>2024-09-09T00:33:28Z</time></trkpt><trkpt lat="36.9546904" lon="139.2849473"><ele>2340.306666666667</ele><time>2024-09-09T00:34:49Z</time></trkpt><trkpt lat="36.9545042" lon="139.2848912"><ele>2331.7599999999998</ele><time>2024-09-09T00:35:28Z</time></trkpt><trkpt lat="36.9543753" lon="139.2847242"><ele>2324.1133333333332</ele><time>2024-09-09T00:36:06Z</time></trkpt><trkpt lat="36.954281" lon="139.2845326"><ele>2318.2466666666664</ele><time>2024-09-09T00:36:40Z</time></trkpt><trkpt lat="36.9540842" lon="139.2844924"><ele>2311.5800000000004</ele><time>2024-09-09T00:38:10Z</time></trkpt><trkpt lat="36.9539003" lon="139.2844306"><ele>2303.3700000000003</ele><time>2024-09-09T00:38:53Z</time></trkpt><trkpt lat="36.953721" lon="139.2843408"><ele>2294.326666666667</ele><time>2024-09-09T00:39:43Z</time></trkpt><trkpt lat="36.9535311" lon="139.2842616"><ele>2284.9533333333334</ele><time>2024-09-09T00:40:53Z</time></trkpt><trkpt lat="36.9534083" lon="139.2840941"><ele>2274.4066666666668</ele><time>2024-09-09T00:41:32Z</time></trkpt><trkpt lat="36.9532249" lon="139.2841153"><ele>2263.3233333333333</ele><time>2024-09-09T00:43:39Z</time></trkpt><trkpt lat="36.953058" lon="139.2840077"><ele>2252.7233333333334</ele><time>2024-09-09T00:44:49Z</time></trkpt><trkpt lat="36.9528611" lon="139.2840023"><ele>2240.773333333333</ele><time>2024-09-09T00:46:04Z</time></trkpt><trkpt lat="36.9526661" lon="139.2839947"><ele>2228.56</ele><time>2024-09-09T00:46:58Z</time></trkpt><trkpt lat="36.9524973" lon="139.2841149"><ele>2215.9933333333333</ele><time>2024-09-09T00:47:32Z</time></trkpt><trkpt lat="36.9523186" lon="139.284321"><ele>2205.146666666667</ele><time>2024-09-09T00:50:23Z</time></trkpt><trkpt lat="36.9522092" lon="139.2845089"><ele>2193.3900000000003</ele><time>2024-09-09T00:52:14Z</time></trkpt><trkpt lat="36.9519946" lon="139.2845972"><ele>2182.0499999999997</ele><time>2024-09-09T00:53:29Z</time></trkpt><trkpt lat="36.9518089" lon="139.2845628"><ele>2171.146666666667</ele><time>2024-09-09T00:55:05Z</time></trkpt><trkpt lat="36.9516156" lon="139.2845254"><ele>2163.456666666667</ele><time>2024-09-09T00:56:38Z</time></trkpt><trkpt lat="36.9514488" lon="139.284627"><ele>2156.8766666666666</ele><time>2024-09-09T00:57:39Z</time></trkpt><trkpt lat="36.9512756" lon="139.28453"><ele>2150.5899999999997</ele><time>2024-09-09T00:58:33Z</time></trkpt><trkpt lat="36.9511002" lon="139.2846271"><ele>2146.7233333333334</ele><time>2024-09-09T00:59:03Z</time></trkpt><trkpt lat="36.9508921" lon="139.2845746"><ele>2143.273333333333</ele><time>2024-09-09T01:00:12Z</time></trkpt><trkpt lat="36.9507278" lon="139.284434"><ele>2142.9033333333336</ele><time>2024-09-09T01:01:00Z</time></trkpt><trkpt lat="36.950554" lon="139.2842407"><ele>2141.7233333333334</ele><time>2024-09-09T01:02:12Z</time></trkpt><trkpt lat="36.9504314" lon="139.2840745"><ele>2138.606666666667</ele><time>2024-09-09T01:03:18Z</time></trkpt><trkpt lat="36.9502231" lon="139.2839006"><ele>2131.11</ele><time>2024-09-09T01:05:00Z</time></trkpt><trkpt lat="36.9503969" lon="139.2836516"><ele>2117.54</ele><time>2024-09-09T01:07:30Z</time></trkpt><trkpt lat="36.9503249" lon="139.2834305"><ele>2101.8233333333333</ele><time>2024-09-09T01:09:33Z</time></trkpt><trkpt lat="36.9503155" lon="139.2832056"><ele>2085.016666666667</ele><time>2024-09-09T01:10:40Z</time></trkpt><trkpt lat="36.9502458" lon="139.2829932"><ele>2071.6633333333334</ele><time>2024-09-09T01:11:43Z</time></trkpt><trkpt lat="36.9501581" lon="139.2827729"><ele>2060.33</ele><time>2024-09-09T01:13:49Z</time></trkpt><trkpt lat="36.9500994" lon="139.2825593"><ele>2051.0633333333335</ele><time>2024-09-09T01:15:10Z</time></trkpt><trkpt lat="36.9499433" lon="139.2824457"><ele>2043.1866666666665</ele><time>2024-09-09T01:16:22Z</time></trkpt><trkpt lat="36.949887" lon="139.2821868"><ele>2034.1000000000001</ele><time>2024-09-09T01:17:40Z</time></trkpt><trkpt lat="36.9497127" lon="139.2820659"><ele>2025.5866666666668</ele><time>2024-09-09T01:19:16Z</time></trkpt><trkpt lat="36.9496118" lon="139.2818553"><ele>2014.83</ele><time>2024-09-09T01:20:34Z</time></trkpt><trkpt lat="36.9496727" lon="139.2816431"><ele>2005.3966666666668</ele><time>2024-09-09T01:21:27Z</time></trkpt><trkpt lat="36.9497134" lon="139.2814154"><ele>1996.63</ele><time>2024-09-09T01:22:31Z</time></trkpt><trkpt lat="36.9495629" lon="139.2812572"><ele>1988.0466666666669</ele><time>2024-09-09T01:23:10Z</time></trkpt><trkpt lat="36.9494222" lon="139.2810917"><ele>1980.6466666666668</ele><time>2024-09-09T01:23:46Z</time></trkpt><trkpt lat="36.9493601" lon="139.2808731"><ele>1972.91</ele><time>2024-09-09T01:24:10Z</time></trkpt><trkpt lat="36.949321" lon="139.2806376"><ele>1967.0500000000002</ele><time>2024-09-09T01:25:06Z</time></trkpt><trkpt lat="36.9491969" lon="139.2804559"><ele>1959.6433333333334</ele><time>2024-09-09T01:25:40Z</time></trkpt><trkpt lat="36.9491544" lon="139.2802294"><ele>1953.2300000000002</ele><time>2024-09-09T01:26:22Z</time></trkpt><trkpt lat="36.9490396" lon="139.2800524"><ele>1947.1533333333336</ele><time>2024-09-09T01:26:56Z</time></trkpt><trkpt lat="36.9490006" lon="139.2798209"><ele>1943.0200000000002</ele><time>2024-09-09T01:27:59Z</time></trkpt><trkpt lat="36.9489817" lon="139.2795918"><ele>1936.8866666666665</ele><time>2024-09-09T01:28:26Z</time></trkpt><trkpt lat="36.9490272" lon="139.2793674"><ele>1929.1333333333334</ele><time>2024-09-09T01:29:52Z</time></trkpt><trkpt lat="36.9491408" lon="139.2791862"><ele>1920.1933333333334</ele><time>2024-09-09T01:30:46Z</time></trkpt><trkpt lat="36.9491012" lon="139.2789276"><ele>1910.4966666666667</ele><time>2024-09-09T01:31:40Z</time></trkpt><trkpt lat="36.9489915" lon="139.2786784"><ele>1898.16</ele><time>2024-09-09T01:32:37Z</time></trkpt><trkpt lat="36.9489981" lon="139.2784422"><ele>1886.2466666666667</ele><time>2024-09-09T01:33:07Z</time></trkpt><trkpt lat="36.9489538" lon="139.2782107"><ele>1875.3500000000001</ele><time>2024-09-09T01:33:34Z</time></trkpt><trkpt lat="36.9488915" lon="139.2779875"><ele>1867.1066666666666</ele><time>2024-09-09T01:34:09Z</time></trkpt><trkpt lat="36.9487924" lon="139.2777817"><ele>1857.9933333333336</ele><time>2024-09-09T01:34:39Z</time></trkpt><trkpt lat="36.9488168" lon="139.2775575"><ele>1850.996666666667</ele><time>2024-09-09T01:35:26Z</time></trkpt><trkpt lat="36.9487103" lon="139.2773194"><ele>1844.2066666666667</ele><time>2024-09-09T01:36:19Z</time></trkpt><trkpt lat="36.9486798" lon="139.2770941"><ele>1838.7233333333334</ele><time>2024-09-09T01:36:43Z</time></trkpt><trkpt lat="36.9485421" lon="139.276934"><ele>1831.6299999999999</ele><time>2024-09-09T01:37:16Z</time></trkpt><trkpt lat="36.9485564" lon="139.2766946"><ele>1825.2300000000002</ele><time>2024-09-09T01:38:01Z</time></trkpt><trkpt lat="36.948563" lon="139.2764582"><ele>1818.7233333333334</ele><time>2024-09-09T01:38:27Z</time></trkpt><trkpt lat="36.9486367" lon="139.2762524"><ele>1813.0833333333333</ele><time>2024-09-09T01:38:57Z</time></trkpt><trkpt lat="36.9487183" lon="139.2760501"><ele>1808.2966666666669</ele><time>2024-09-09T01:39:26Z</time></trkpt><trkpt lat="36.9487455" lon="139.2758239"><ele>1803.1833333333334</ele><time>2024-09-09T01:40:03Z</time></trkpt><trkpt lat="36.948772" lon="139.2755818"><ele>1797.93</ele><time>2024-09-09T01:40:33Z</time></trkpt><trkpt lat="36.9486475" lon="139.275384"><ele>1791.0266666666666</ele><time>2024-09-09T01:41:27Z</time></trkpt><trkpt lat="36.9484906" lon="139.2752654"><ele>1785.13</ele><time>2024-09-09T01:42:06Z</time></trkpt><trkpt lat="36.9483416" lon="139.2751204"><ele>1778.1499999999999</ele><time>2024-09-09T01:43:27Z</time></trkpt><trkpt lat="36.9482748" lon="139.2749017"><ele>1772.1966666666667</ele><time>2024-09-09T01:43:53Z</time></trkpt><trkpt lat="36.9481767" lon="139.2746887"><ele>1765.2966666666669</ele><time>2024-09-09T01:44:18Z</time></trkpt><trkpt lat="36.9482048" lon="139.2744534"><ele>1759.9433333333334</ele><time>2024-09-09T01:44:51Z</time></trkpt><trkpt lat="36.94825" lon="139.2742203"><ele>1755.3766666666668</ele><time>2024-09-09T01:45:12Z</time></trkpt><trkpt lat="36.948227" lon="139.2739889"><ele>1751.506666666667</ele><time>2024-09-09T01:45:39Z</time></trkpt><trkpt lat="36.9483229" lon="139.2737878"><ele>1747.57</ele><time>2024-09-09T01:46:09Z</time></trkpt><trkpt lat="36.9482237" lon="139.273564"><ele>1743.1833333333334</ele><time>2024-09-09T01:46:36Z</time></trkpt><trkpt lat="36.9482526" lon="139.2733373"><ele>1738.18</ele><time>2024-09-09T01:47:12Z</time></trkpt><trkpt lat="36.9481634" lon="139.2731338"><ele>1734.0333333333335</ele><time>2024-09-09T01:47:35Z</time></trkpt><trkpt lat="36.9480541" lon="139.2729339"><ele>1730.2933333333333</ele><time>2024-09-09T01:47:55Z</time></trkpt><trkpt lat="36.9480354" lon="139.2726986"><ele>1727.0766666666666</ele><time>2024-09-09T01:48:20Z</time></trkpt><trkpt lat="36.9480629" lon="139.2724515"><ele>1721.3466666666666</ele><time>2024-09-09T01:48:37Z</time></trkpt><trkpt lat="36.9480863" lon="139.2721916"><ele>1714.4166666666667</ele><time>2024-09-09T01:48:56Z</time></trkpt><trkpt lat="36.948081" lon="139.2719642"><ele>1707.0566666666666</ele><time>2024-09-09T01:49:17Z</time></trkpt><trkpt lat="36.9481137" lon="139.2717258"><ele>1700.9066666666668</ele><time>2024-09-09T01:50:16Z</time></trkpt><trkpt lat="36.9481965" lon="139.2715022"><ele>1694.4833333333333</ele><time>2024-09-09T01:50:58Z</time></trkpt><trkpt lat="36.9481952" lon="139.2712648"><ele>1687.7066666666667</ele><time>2024-09-09T01:51:22Z</time></trkpt><trkpt lat="36.9481049" lon="139.2710519"><ele>1683.0866666666668</ele><time>2024-09-09T01:51:52Z</time></trkpt><trkpt lat="36.9481539" lon="139.2708245"><ele>1678.2966666666669</ele><time>2024-09-09T01:52:16Z</time></trkpt><trkpt lat="36.9481842" lon="139.2705931"><ele>1673.5333333333335</ele><time>2024-09-09T01:52:46Z</time></trkpt><trkpt lat="36.9481671" lon="139.2703605"><ele>1666.3100000000002</ele><time>2024-09-09T01:53:13Z</time></trkpt><trkpt lat="36.9481358" lon="139.2701208"><ele>1658.7300000000002</ele><time>2024-09-09T01:54:01Z</time></trkpt><trkpt lat="36.9480003" lon="139.269847"><ele>1652.6333333333332</ele><time>2024-09-09T01:55:27Z</time></trkpt><trkpt lat="36.9480434" lon="139.2696279"><ele>1646.5500000000002</ele><time>2024-09-09T01:56:00Z</time></trkpt><trkpt lat="36.9480384" lon="139.2693839"><ele>1641.4466666666667</ele><time>2024-09-09T01:56:23Z</time></trkpt><trkpt lat="36.9479436" lon="139.2691881"><ele>1635.9666666666665</ele><time>2024-09-09T01:56:56Z</time></trkpt><trkpt lat="36.9478862" lon="139.2689664"><ele>1631.5833333333333</ele><time>2024-09-09T01:58:09Z</time></trkpt><trkpt lat="36.9478817" lon="139.2687252"><ele>1627.17</ele><time>2024-09-09T01:58:21Z</time></trkpt><trkpt lat="36.947725" lon="139.2685511"><ele>1623.006666666667</ele><time>2024-09-09T01:58:51Z</time></trkpt><trkpt lat="36.9476267" lon="139.2683485"><ele>1618.5666666666666</ele><time>2024-09-09T01:59:16Z</time></trkpt><trkpt lat="36.9475905" lon="139.2681256"><ele>1615.0900000000001</ele><time>2024-09-09T01:59:36Z</time></trkpt><trkpt lat="36.947653" lon="139.2678782"><ele>1611.2266666666667</ele><time>2024-09-09T02:00:18Z</time></trkpt><trkpt lat="36.947729" lon="139.2676645"><ele>1607.17</ele><time>2024-09-09T02:00:45Z</time></trkpt><trkpt lat="36.9477575" lon="139.2674258"><ele>1603.1233333333332</ele><time>2024-09-09T02:01:18Z</time></trkpt><trkpt lat="36.9478387" lon="139.2671947"><ele>1599.3466666666666</ele><time>2024-09-09T02:01:45Z</time></trkpt><trkpt lat="36.9476816" lon="139.2670595"><ele>1595.3366666666668</ele><time>2024-09-09T02:02:21Z</time></trkpt><trkpt lat="36.9475694" lon="139.2668642"><ele>1591.38</ele><time>2024-09-09T02:02:59Z</time></trkpt><trkpt lat="36.9474624" lon="139.2666551"><ele>1587.6599999999999</ele><time>2024-09-09T02:03:26Z</time></trkpt><trkpt lat="36.9473248" lon="139.2665092"><ele>1584.7433333333336</ele><time>2024-09-09T02:04:01Z</time></trkpt><trkpt lat="36.9473032" lon="139.2662817"><ele>1581.46</ele><time>2024-09-09T02:04:22Z</time></trkpt><trkpt lat="36.947168" lon="139.266106"><ele>1577.5833333333333</ele><time>2024-09-09T02:04:50Z</time></trkpt><trkpt lat="36.9469919" lon="139.2660221"><ele>1573.5533333333333</ele><time>2024-09-09T02:05:17Z</time></trkpt><trkpt lat="36.9468752" lon="139.2658082"><ele>1569.9766666666667</ele><time>2024-09-09T02:05:38Z</time></trkpt><trkpt lat="36.946728" lon="139.2656526"><ele>1566.7333333333333</ele><time>2024-09-09T02:05:59Z</time></trkpt><trkpt lat="36.9465568" lon="139.2655185"><ele>1563.45</ele><time>2024-09-09T02:06:19Z</time></trkpt><trkpt lat="36.9463798" lon="139.26542"><ele>1560.1000000000001</ele><time>2024-09-09T02:06:41Z</time></trkpt><trkpt lat="36.9462633" lon="139.265247"><ele>1556.9833333333336</ele><time>2024-09-09T02:07:11Z</time></trkpt><trkpt lat="36.9461515" lon="139.2650547"><ele>1553.91</ele><time>2024-09-09T02:07:29Z</time></trkpt><trkpt lat="36.9460684" lon="139.2648509"><ele>1551.0533333333333</ele><time>2024-09-09T02:07:50Z</time></trkpt><trkpt lat="36.9459784" lon="139.2646324"><ele>1547.956666666667</ele><time>2024-09-09T02:08:20Z</time></trkpt><trkpt lat="36.9458633" lon="139.2644419"><ele>1545.1899999999998</ele><time>2024-09-09T02:08:50Z</time></trkpt><trkpt lat="36.945799" lon="139.2642219"><ele>1542.13</ele><time>2024-09-09T02:09:17Z</time></trkpt><trkpt lat="36.9457051" lon="139.2640164"><ele>1539.4633333333331</ele><time>2024-09-09T02:09:35Z</time></trkpt><trkpt lat="36.9455769" lon="139.2638569"><ele>1536.7933333333333</ele><time>2024-09-09T02:09:52Z</time></trkpt><trkpt lat="36.9454514" lon="139.2636688"><ele>1534.3300000000002</ele><time>2024-09-09T02:10:16Z</time></trkpt><trkpt lat="36.9453067" lon="139.2635198"><ele>1531.7600000000002</ele><time>2024-09-09T02:10:43Z</time></trkpt><trkpt lat="36.9451198" lon="139.2634536"><ele>1529.0033333333333</ele><time>2024-09-09T02:11:01Z</time></trkpt><trkpt lat="36.944929" lon="139.2633248"><ele>1525.8833333333332</ele><time>2024-09-09T02:11:22Z</time></trkpt><trkpt lat="36.9447683" lon="139.2632208"><ele>1522.9133333333332</ele><time>2024-09-09T02:11:43Z</time></trkpt><trkpt lat="36.9446305" lon="139.2630531"><ele>1520.16</ele><time>2024-09-09T02:12:04Z</time></trkpt><trkpt lat="36.9444611" lon="139.2629399"><ele>1517.6266666666668</ele><time>2024-09-09T02:12:22Z</time></trkpt><trkpt lat="36.9442737" lon="139.2628725"><ele>1515.25</ele><time>2024-09-09T02:12:43Z</time></trkpt><trkpt lat="36.9440826" lon="139.2627598"><ele>1512.5</ele><time>2024-09-09T02:13:07Z</time></trkpt><trkpt lat="36.9439566" lon="139.262576"><ele>1509.7600000000002</ele><time>2024-09-09T02:13:25Z</time></trkpt><trkpt lat="36.9438636" lon="139.2623792"><ele>1507.0133333333333</ele><time>2024-09-09T02:13:40Z</time></trkpt><trkpt lat="36.9437597" lon="139.262179"><ele>1504.2399999999998</ele><time>2024-09-09T02:14:01Z</time></trkpt><trkpt lat="36.9435936" lon="139.2620765"><ele>1501.926666666667</ele><time>2024-09-09T02:14:19Z</time></trkpt><trkpt lat="36.9434453" lon="139.2619089"><ele>1499.67</ele><time>2024-09-09T02:14:39Z</time></trkpt><trkpt lat="36.9433602" lon="139.26169"><ele>1498.08</ele><time>2024-09-09T02:14:59Z</time></trkpt><trkpt lat="36.9432095" lon="139.2615187"><ele>1496.3866666666665</ele><time>2024-09-09T02:15:27Z</time></trkpt><trkpt lat="36.9431346" lon="139.2613003"><ele>1494.5233333333333</ele><time>2024-09-09T02:15:45Z</time></trkpt><trkpt lat="36.9430382" lon="139.2610823"><ele>1492.5633333333335</ele><time>2024-09-09T02:16:03Z</time></trkpt><trkpt lat="36.942985" lon="139.2608387"><ele>1490.243333333333</ele><time>2024-09-09T02:16:19Z</time></trkpt><trkpt lat="36.9429228" lon="139.2606177"><ele>1487.6333333333334</ele><time>2024-09-09T02:16:40Z</time></trkpt><trkpt lat="36.942869" lon="139.260382"><ele>1485.0133333333333</ele><time>2024-09-09T02:17:01Z</time></trkpt><trkpt lat="36.9427337" lon="139.260211"><ele>1482.6433333333334</ele><time>2024-09-09T02:17:22Z</time></trkpt><trkpt lat="36.9426453" lon="139.2600079"><ele>1480.6833333333334</ele><time>2024-09-09T02:17:49Z</time></trkpt><trkpt lat="36.9426702" lon="139.2597771"><ele>1478.9766666666667</ele><time>2024-09-09T02:18:10Z</time></trkpt><trkpt lat="36.9427354" lon="139.2595379"><ele>1477.7700000000002</ele><time>2024-09-09T02:18:28Z</time></trkpt><trkpt lat="36.9428452" lon="139.2593199"><ele>1476.92</ele><time>2024-09-09T02:18:46Z</time></trkpt><trkpt lat="36.9428403" lon="139.2590826"><ele>1475.6666666666667</ele><time>2024-09-09T02:19:01Z</time></trkpt><trkpt lat="36.9426832" lon="139.2589272"><ele>1473.6833333333334</ele><time>2024-09-09T02:19:19Z</time></trkpt><trkpt lat="36.9426013" lon="139.258714"><ele>1471.21</ele><time>2024-09-09T02:19:33Z</time></trkpt><trkpt lat="36.9425934" lon="139.2584733"><ele>1468.9733333333334</ele><time>2024-09-09T02:19:45Z</time></trkpt><trkpt lat="36.9426257" lon="139.2582487"><ele>1467.5933333333332</ele><time>2024-09-09T02:19:57Z</time></trkpt><trkpt lat="36.9426644" lon="139.2580145"><ele>1466.3500000000001</ele><time>2024-09-09T02:20:15Z</time></trkpt><trkpt lat="36.9427071" lon="139.2577545"><ele>1465.1033333333335</ele><time>2024-09-09T02:20:33Z</time></trkpt><trkpt lat="36.9426297" lon="139.2574985"><ele>1463.1766666666665</ele><time>2024-09-09T02:20:53Z</time></trkpt><trkpt lat="36.9425932" lon="139.2572634"><ele>1460.993333333333</ele><time>2024-09-09T02:21:08Z</time></trkpt><trkpt lat="36.9425261" lon="139.2570087"><ele>1458.7433333333336</ele><time>2024-09-09T02:21:23Z</time></trkpt><trkpt lat="36.9424431" lon="139.2567614"><ele>1456.8066666666666</ele><time>2024-09-09T02:21:40Z</time></trkpt><trkpt lat="36.9423195" lon="139.2565717"><ele>1455.2733333333333</ele><time>2024-09-09T02:21:55Z</time></trkpt><trkpt lat="36.9422424" lon="139.2563368"><ele>1453.8933333333334</ele><time>2024-09-09T02:22:10Z</time></trkpt><trkpt lat="36.9421535" lon="139.2561334"><ele>1452.5633333333333</ele><time>2024-09-09T02:22:24Z</time></trkpt><trkpt lat="36.9420339" lon="139.2559643"><ele>1451.1499999999999</ele><time>2024-09-09T02:22:39Z</time></trkpt><trkpt lat="36.9418837" lon="139.2558041"><ele>1449.5166666666667</ele><time>2024-09-09T02:22:56Z</time></trkpt><trkpt lat="36.9417533" lon="139.2556066"><ele>1447.6966666666667</ele><time>2024-09-09T02:23:11Z</time></trkpt><trkpt lat="36.9416739" lon="139.2553609"><ele>1445.61</ele><time>2024-09-09T02:23:25Z</time></trkpt><trkpt lat="36.9416179" lon="139.2551375"><ele>1443.28</ele><time>2024-09-09T02:23:42Z</time></trkpt><trkpt lat="36.9415652" lon="139.2548711"><ele>1440.5266666666666</ele><time>2024-09-09T02:23:57Z</time></trkpt><trkpt lat="36.941565" lon="139.2546434"><ele>1438.32</ele><time>2024-09-09T02:24:12Z</time></trkpt><trkpt lat="36.9415584" lon="139.2543935"><ele>1436.8466666666666</ele><time>2024-09-09T02:24:27Z</time></trkpt><trkpt lat="36.9415159" lon="139.2541373"><ele>1435.6866666666667</ele><time>2024-09-09T02:24:42Z</time></trkpt><trkpt lat="36.9413905" lon="139.2539211"><ele>1433.9066666666665</ele><time>2024-09-09T02:25:00Z</time></trkpt><trkpt lat="36.9412527" lon="139.2537176"><ele>1431.6266666666668</ele><time>2024-09-09T02:25:18Z</time></trkpt><trkpt lat="36.9411654" lon="139.2535007"><ele>1428.95</ele><time>2024-09-09T02:25:32Z</time></trkpt><trkpt lat="36.9411336" lon="139.2532572"><ele>1426.5999999999997</ele><time>2024-09-09T02:25:47Z</time></trkpt><trkpt lat="36.9410668" lon="139.2530096"><ele>1423.96</ele><time>2024-09-09T02:26:04Z</time></trkpt><trkpt lat="36.9409485" lon="139.2527723"><ele>1421.743333333333</ele><time>2024-09-09T02:26:24Z</time></trkpt><trkpt lat="36.9408628" lon="139.2525573"><ele>1419.7600000000002</ele><time>2024-09-09T02:26:45Z</time></trkpt><trkpt lat="36.9407642" lon="139.2523674"><ele>1418.386666666667</ele><time>2024-09-09T02:27:12Z</time></trkpt><trkpt lat="36.9403963" lon="139.2517445"><ele>1414.84</ele><time>2024-09-09T21:18:45Z</time></trkpt><trkpt lat="36.9402636" lon="139.251517"><ele>1414.095</ele><time>2024-09-09T21:19:34Z</time></trkpt><trkpt lat="36.9401278" lon="139.2513389"><ele>1413.5166666666667</ele><time>2024-09-09T21:19:49Z</time></trkpt><trkpt lat="36.9399706" lon="139.2511916"><ele>1412.6233333333332</ele><time>2024-09-09T21:20:22Z</time></trkpt><trkpt lat="36.9398668" lon="139.250996"><ele>1412.1966666666667</ele><time>2024-09-09T21:20:37Z</time></trkpt><trkpt lat="36.9397772" lon="139.2507578"><ele>1411.9666666666665</ele><time>2024-09-09T21:20:55Z</time></trkpt><trkpt lat="36.9396781" lon="139.2505261"><ele>1411.83</ele><time>2024-09-09T21:21:13Z</time></trkpt><trkpt lat="36.9395526" lon="139.2503146"><ele>1411.7933333333333</ele><time>2024-09-09T21:21:31Z</time></trkpt><trkpt lat="36.9394642" lon="139.25008"><ele>1411.9566666666667</ele><time>2024-09-09T21:21:52Z</time></trkpt><trkpt lat="36.9393752" lon="139.2498547"><ele>1411.95</ele><time>2024-09-09T21:22:10Z</time></trkpt><trkpt lat="36.9392774" lon="139.2496356"><ele>1411.7</ele><time>2024-09-09T21:22:28Z</time></trkpt><trkpt lat="36.9391679" lon="139.2494117"><ele>1411.25</ele><time>2024-09-09T21:22:52Z</time></trkpt><trkpt lat="36.9390746" lon="139.2492126"><ele>1410.8100000000002</ele><time>2024-09-09T21:23:07Z</time></trkpt><trkpt lat="36.9389752" lon="139.2490067"><ele>1410.4000000000003</ele><time>2024-09-09T21:23:22Z</time></trkpt><trkpt lat="36.9388937" lon="139.2487889"><ele>1410.0633333333335</ele><time>2024-09-09T21:23:37Z</time></trkpt><trkpt lat="36.9387926" lon="139.2485536"><ele>1409.75</ele><time>2024-09-09T21:23:55Z</time></trkpt><trkpt lat="36.9387121" lon="139.2483475"><ele>1409.4833333333333</ele><time>2024-09-09T21:24:10Z</time></trkpt><trkpt lat="36.9386109" lon="139.2481611"><ele>1409.1533333333334</ele><time>2024-09-09T21:24:25Z</time></trkpt><trkpt lat="36.938513" lon="139.2479299"><ele>1408.9333333333332</ele><time>2024-09-09T21:24:43Z</time></trkpt><trkpt lat="36.9384218" lon="139.2477311"><ele>1408.68</ele><time>2024-09-09T21:24:58Z</time></trkpt><trkpt lat="36.938342" lon="139.247516"><ele>1408.47</ele><time>2024-09-09T21:25:16Z</time></trkpt><trkpt lat="36.9382413" lon="139.2472953"><ele>1408.16</ele><time>2024-09-09T21:25:34Z</time></trkpt><trkpt lat="36.9381404" lon="139.2470628"><ele>1407.8433333333335</ele><time>2024-09-09T21:25:52Z</time></trkpt><trkpt lat="36.9380449" lon="139.2468428"><ele>1407.5533333333333</ele><time>2024-09-09T21:26:10Z</time></trkpt><trkpt lat="36.9379482" lon="139.2466217"><ele>1407.21</ele><time>2024-09-09T21:26:58Z</time></trkpt><trkpt lat="36.9378422" lon="139.2464356"><ele>1406.9399999999998</ele><time>2024-09-09T21:27:13Z</time></trkpt><trkpt lat="36.9377343" lon="139.2462544"><ele>1406.6266666666668</ele><time>2024-09-09T21:27:28Z</time></trkpt><trkpt lat="36.9376176" lon="139.246058"><ele>1406.3966666666668</ele><time>2024-09-09T21:27:52Z</time></trkpt><trkpt lat="36.937508" lon="139.2458438"><ele>1406.11</ele><time>2024-09-09T21:28:07Z</time></trkpt><trkpt lat="36.937391" lon="139.2456275"><ele>1405.8266666666666</ele><time>2024-09-09T21:28:25Z</time></trkpt><trkpt lat="36.9372726" lon="139.2454005"><ele>1405.5533333333333</ele><time>2024-09-09T21:28:52Z</time></trkpt><trkpt lat="36.9371549" lon="139.2451522"><ele>1405.3466666666666</ele><time>2024-09-09T21:29:16Z</time></trkpt><trkpt lat="36.9370453" lon="139.2449578"><ele>1405.2</ele><time>2024-09-09T21:29:31Z</time></trkpt><trkpt lat="36.9369513" lon="139.2447652"><ele>1405.0866666666668</ele><time>2024-09-09T21:29:46Z</time></trkpt><trkpt lat="36.9368231" lon="139.2445754"><ele>1404.8400000000001</ele><time>2024-09-09T21:30:04Z</time></trkpt><trkpt lat="36.9367312" lon="139.24433"><ele>1404.4766666666667</ele><time>2024-09-09T21:30:37Z</time></trkpt><trkpt lat="36.9366393" lon="139.244098"><ele>1404.2900000000002</ele><time>2024-09-09T21:30:55Z</time></trkpt><trkpt lat="36.9365373" lon="139.2438819"><ele>1404.5333333333335</ele><time>2024-09-09T21:31:13Z</time></trkpt><trkpt lat="36.9364262" lon="139.2436772"><ele>1405.04</ele><time>2024-09-09T21:31:31Z</time></trkpt><trkpt lat="36.9363091" lon="139.2435006"><ele>1405.4933333333336</ele><time>2024-09-09T21:31:46Z</time></trkpt><trkpt lat="36.9362081" lon="139.2432911"><ele>1405.7866666666666</ele><time>2024-09-09T21:32:04Z</time></trkpt><trkpt lat="36.936094" lon="139.2430702"><ele>1406.1000000000001</ele><time>2024-09-09T21:32:22Z</time></trkpt><trkpt lat="36.9359738" lon="139.2428554"><ele>1406.3666666666668</ele><time>2024-09-09T21:32:52Z</time></trkpt><trkpt lat="36.9358795" lon="139.2426567"><ele>1406.6333333333334</ele><time>2024-09-09T21:33:07Z</time></trkpt><trkpt lat="36.9357721" lon="139.2424591"><ele>1406.7900000000002</ele><time>2024-09-09T21:33:22Z</time></trkpt><trkpt lat="36.935666" lon="139.2422718"><ele>1406.9633333333334</ele><time>2024-09-09T21:33:37Z</time></trkpt><trkpt lat="36.9355724" lon="139.2420693"><ele>1406.9800000000002</ele><time>2024-09-09T21:33:52Z</time></trkpt><trkpt lat="36.935458" lon="139.2418294"><ele>1406.8566666666668</ele><time>2024-09-09T21:34:27Z</time></trkpt><trkpt lat="36.9353341" lon="139.241649"><ele>1406.5866666666668</ele><time>2024-09-09T21:34:42Z</time></trkpt><trkpt lat="36.9352152" lon="139.241477"><ele>1406.3066666666666</ele><time>2024-09-09T21:34:57Z</time></trkpt><trkpt lat="36.9350848" lon="139.2412733"><ele>1406.0600000000002</ele><time>2024-09-09T21:35:15Z</time></trkpt><trkpt lat="36.9349606" lon="139.2410928"><ele>1405.8266666666666</ele><time>2024-09-09T21:35:30Z</time></trkpt><trkpt lat="36.9348445" lon="139.240883"><ele>1405.5533333333333</ele><time>2024-09-09T21:35:48Z</time></trkpt><trkpt lat="36.9347196" lon="139.2406711"><ele>1405.2966666666669</ele><time>2024-09-09T21:36:06Z</time></trkpt><trkpt lat="36.9346255" lon="139.2404754"><ele>1404.9033333333334</ele><time>2024-09-09T21:36:21Z</time></trkpt><trkpt lat="36.9344867" lon="139.240262"><ele>1404.3533333333335</ele><time>2024-09-09T21:36:39Z</time></trkpt><trkpt lat="36.9343526" lon="139.240056"><ele>1403.6233333333332</ele><time>2024-09-09T21:36:57Z</time></trkpt><trkpt lat="36.9342275" lon="139.2398437"><ele>1402.7633333333333</ele><time>2024-09-09T21:37:15Z</time></trkpt><trkpt lat="36.9340831" lon="139.239644"><ele>1401.9733333333334</ele><time>2024-09-09T21:37:33Z</time></trkpt><trkpt lat="36.9339689" lon="139.2394246"><ele>1401.1533333333334</ele><time>2024-09-09T21:38:27Z</time></trkpt><trkpt lat="36.9338324" lon="139.239252"><ele>1400.506666666667</ele><time>2024-09-09T21:38:45Z</time></trkpt><trkpt lat="36.9337323" lon="139.239044"><ele>1400.0633333333335</ele><time>2024-09-09T21:39:12Z</time></trkpt><trkpt lat="36.9335712" lon="139.2388701"><ele>1399.92</ele><time>2024-09-09T21:40:00Z</time></trkpt><trkpt lat="36.933425" lon="139.2387152"><ele>1399.956666666667</ele><time>2024-09-09T21:40:18Z</time></trkpt><trkpt lat="36.9332489" lon="139.2386391"><ele>1400.0566666666666</ele><time>2024-09-09T21:40:39Z</time></trkpt><trkpt lat="36.9330529" lon="139.2386119"><ele>1400.1733333333334</ele><time>2024-09-09T21:41:30Z</time></trkpt><trkpt lat="36.9328689" lon="139.2385473"><ele>1400.3533333333332</ele><time>2024-09-09T21:41:48Z</time></trkpt><trkpt lat="36.932693" lon="139.2384175"><ele>1400.53</ele><time>2024-09-09T21:42:09Z</time></trkpt><trkpt lat="36.932529" lon="139.2383241"><ele>1400.79</ele><time>2024-09-09T21:42:24Z</time></trkpt><trkpt lat="36.9324299" lon="139.2380939"><ele>1401.47</ele><time>2024-09-09T21:42:53Z</time></trkpt><trkpt lat="36.9323435" lon="139.2378951"><ele>1402.5</ele><time>2024-09-09T21:43:08Z</time></trkpt><trkpt lat="36.9322535" lon="139.2376604"><ele>1403.8966666666665</ele><time>2024-09-09T21:43:26Z</time></trkpt><trkpt lat="36.9321651" lon="139.2374268"><ele>1404.8766666666668</ele><time>2024-09-09T21:43:44Z</time></trkpt><trkpt lat="36.932068" lon="139.2372046"><ele>1405.5066666666664</ele><time>2024-09-09T21:44:02Z</time></trkpt><trkpt lat="36.9319703" lon="139.2369996"><ele>1405.6866666666665</ele><time>2024-09-09T21:44:20Z</time></trkpt><trkpt lat="36.9318965" lon="139.2367813"><ele>1405.7166666666665</ele><time>2024-09-09T21:45:44Z</time></trkpt><trkpt lat="36.931791" lon="139.2365983"><ele>1405.62</ele><time>2024-09-09T21:45:59Z</time></trkpt><trkpt lat="36.9316744" lon="139.2363747"><ele>1405.43</ele><time>2024-09-09T21:46:53Z</time></trkpt><trkpt lat="36.9315588" lon="139.2361844"><ele>1405.18</ele><time>2024-09-09T21:47:11Z</time></trkpt><trkpt lat="36.9314523" lon="139.2359697"><ele>1404.8700000000001</ele><time>2024-09-09T21:47:29Z</time></trkpt><trkpt lat="36.931354" lon="139.2357666"><ele>1404.4766666666667</ele><time>2024-09-09T21:47:47Z</time></trkpt><trkpt lat="36.9312462" lon="139.2355353"><ele>1404.04</ele><time>2024-09-09T21:48:20Z</time></trkpt><trkpt lat="36.9311234" lon="139.2353402"><ele>1403.5900000000001</ele><time>2024-09-09T21:48:38Z</time></trkpt><trkpt lat="36.9310199" lon="139.235111"><ele>1403.2133333333331</ele><time>2024-09-09T21:48:56Z</time></trkpt><trkpt lat="36.9309309" lon="139.2349123"><ele>1403.0733333333335</ele><time>2024-09-09T21:49:47Z</time></trkpt><trkpt lat="36.9308429" lon="139.2346727"><ele>1403.1533333333334</ele><time>2024-09-09T21:50:05Z</time></trkpt><trkpt lat="36.9307381" lon="139.2344475"><ele>1403.41</ele><time>2024-09-09T21:50:23Z</time></trkpt><trkpt lat="36.9306012" lon="139.2342744"><ele>1403.7133333333331</ele><time>2024-09-09T21:50:41Z</time></trkpt><trkpt lat="36.9305007" lon="139.2340389"><ele>1403.9566666666667</ele><time>2024-09-09T21:50:59Z</time></trkpt><trkpt lat="36.9304178" lon="139.2338065"><ele>1404.0333333333335</ele><time>2024-09-09T21:51:35Z</time></trkpt><trkpt lat="36.9303708" lon="139.2335738"><ele>1403.9866666666667</ele><time>2024-09-09T21:51:50Z</time></trkpt><trkpt lat="36.93024" lon="139.2334131"><ele>1403.9666666666665</ele><time>2024-09-09T21:52:05Z</time></trkpt><trkpt lat="36.930084" lon="139.2332347"><ele>1404.04</ele><time>2024-09-09T21:52:23Z</time></trkpt><trkpt lat="36.9299961" lon="139.2330079"><ele>1404.1633333333332</ele><time>2024-09-09T21:52:41Z</time></trkpt><trkpt lat="36.9299371" lon="139.2327901"><ele>1404.2466666666667</ele><time>2024-09-09T21:52:56Z</time></trkpt><trkpt lat="36.9298823" lon="139.2325657"><ele>1404.2933333333333</ele><time>2024-09-09T21:53:11Z</time></trkpt><trkpt lat="36.9298849" lon="139.23233"><ele>1404.28</ele><time>2024-09-09T21:53:26Z</time></trkpt><trkpt lat="36.9299449" lon="139.2320942"><ele>1404.2433333333336</ele><time>2024-09-09T21:53:44Z</time></trkpt><trkpt lat="36.929949" lon="139.2318616"><ele>1404.1800000000003</ele><time>2024-09-09T21:53:59Z</time></trkpt><trkpt lat="36.9298474" lon="139.2316671"><ele>1404.0666666666666</ele><time>2024-09-09T21:54:17Z</time></trkpt><trkpt lat="36.9297526" lon="139.2314743"><ele>1403.9933333333336</ele><time>2024-09-09T21:54:32Z</time></trkpt><trkpt lat="36.9296516" lon="139.2312629"><ele>1403.9233333333334</ele><time>2024-09-09T21:54:53Z</time></trkpt><trkpt lat="36.9295452" lon="139.231063"><ele>1403.9066666666668</ele><time>2024-09-09T21:55:08Z</time></trkpt><trkpt lat="36.9294243" lon="139.2308399"><ele>1403.8133333333335</ele><time>2024-09-09T21:55:26Z</time></trkpt><trkpt lat="36.9293302" lon="139.2306381"><ele>1403.6866666666665</ele><time>2024-09-09T21:55:41Z</time></trkpt><trkpt lat="36.9292174" lon="139.2304425"><ele>1403.5566666666666</ele><time>2024-09-09T21:55:56Z</time></trkpt><trkpt lat="36.9291033" lon="139.2302488"><ele>1403.4099999999999</ele><time>2024-09-09T21:56:11Z</time></trkpt><trkpt lat="36.9289947" lon="139.2300433"><ele>1403.2633333333333</ele><time>2024-09-09T21:56:26Z</time></trkpt><trkpt lat="36.9288705" lon="139.2298711"><ele>1403.1066666666666</ele><time>2024-09-09T21:56:41Z</time></trkpt><trkpt lat="36.9287701" lon="139.2296683"><ele>1402.9833333333333</ele><time>2024-09-09T21:56:56Z</time></trkpt><trkpt lat="36.9286495" lon="139.2294966"><ele>1402.8633333333335</ele><time>2024-09-09T21:57:11Z</time></trkpt><trkpt lat="36.9285202" lon="139.2292851"><ele>1402.7266666666667</ele><time>2024-09-09T21:57:29Z</time></trkpt><trkpt lat="36.9284013" lon="139.229115"><ele>1402.58</ele><time>2024-09-09T21:57:44Z</time></trkpt><trkpt lat="36.9282783" lon="139.2289151"><ele>1402.4333333333334</ele><time>2024-09-09T21:58:02Z</time></trkpt><trkpt lat="36.9281565" lon="139.2286982"><ele>1402.2866666666669</ele><time>2024-09-09T21:59:02Z</time></trkpt><trkpt lat="36.9280945" lon="139.2284805"><ele>1402.14</ele><time>2024-09-09T21:59:20Z</time></trkpt><trkpt lat="36.9280365" lon="139.2282559"><ele>1402.0033333333333</ele><time>2024-09-09T22:00:32Z</time></trkpt><trkpt lat="36.9279126" lon="139.2280835"><ele>1401.89</ele><time>2024-09-09T22:00:47Z</time></trkpt><trkpt lat="36.9278081" lon="139.2278841"><ele>1401.7933333333333</ele><time>2024-09-09T22:01:05Z</time></trkpt><trkpt lat="36.9277091" lon="139.2276506"><ele>1401.72</ele><time>2024-09-09T22:01:23Z</time></trkpt><trkpt lat="36.9276038" lon="139.2274258"><ele>1401.6466666666668</ele><time>2024-09-09T22:01:41Z</time></trkpt><trkpt lat="36.9274879" lon="139.2272069"><ele>1401.59</ele><time>2024-09-09T22:01:59Z</time></trkpt><trkpt lat="36.9273852" lon="139.2269948"><ele>1401.5466666666664</ele><time>2024-09-09T22:02:17Z</time></trkpt><trkpt lat="36.9272855" lon="139.2267853"><ele>1401.5200000000002</ele><time>2024-09-09T22:02:38Z</time></trkpt><trkpt lat="36.927181" lon="139.2265748"><ele>1401.55</ele><time>2024-09-09T22:03:05Z</time></trkpt><trkpt lat="36.9270945" lon="139.2263753"><ele>1401.6033333333335</ele><time>2024-09-09T22:03:20Z</time></trkpt><trkpt lat="36.9270161" lon="139.226161"><ele>1401.6466666666668</ele><time>2024-09-09T22:03:35Z</time></trkpt><trkpt lat="36.9269037" lon="139.2259315"><ele>1401.6933333333334</ele><time>2024-09-09T22:03:53Z</time></trkpt><trkpt lat="36.9268005" lon="139.2257443"><ele>1401.743333333333</ele><time>2024-09-09T22:04:23Z</time></trkpt><trkpt lat="36.9267036" lon="139.2255414"><ele>1401.8433333333335</ele><time>2024-09-09T22:04:38Z</time></trkpt><trkpt lat="36.926606" lon="139.2253258"><ele>1401.9466666666667</ele><time>2024-09-09T22:04:56Z</time></trkpt><trkpt lat="36.9265149" lon="139.225109"><ele>1402.0666666666668</ele><time>2024-09-09T22:05:14Z</time></trkpt><trkpt lat="36.9264105" lon="139.2249259"><ele>1402.2333333333336</ele><time>2024-09-09T22:05:29Z</time></trkpt><trkpt lat="36.9263171" lon="139.2247286"><ele>1402.3999999999999</ele><time>2024-09-09T22:05:47Z</time></trkpt><trkpt lat="36.9261772" lon="139.2245344"><ele>1402.5866666666668</ele><time>2024-09-09T22:06:05Z</time></trkpt><trkpt lat="36.9260706" lon="139.2243534"><ele>1402.743333333333</ele><time>2024-09-09T22:06:20Z</time></trkpt><trkpt lat="36.9259753" lon="139.2241525"><ele>1402.9366666666665</ele><time>2024-09-09T22:06:35Z</time></trkpt><trkpt lat="36.9258851" lon="139.2239063"><ele>1403.096666666667</ele><time>2024-09-09T22:06:53Z</time></trkpt><trkpt lat="36.9257662" lon="139.2237288"><ele>1403.2266666666667</ele><time>2024-09-09T22:07:08Z</time></trkpt><trkpt lat="36.9256638" lon="139.2235045"><ele>1403.3100000000002</ele><time>2024-09-09T22:07:26Z</time></trkpt><trkpt lat="36.9257272" lon="139.2232765"><ele>1403.3999999999999</ele><time>2024-09-09T22:07:41Z</time></trkpt><trkpt lat="36.9256741" lon="139.2230315"><ele>1403.4800000000002</ele><time>2024-09-09T22:07:59Z</time></trkpt><trkpt lat="36.9256027" lon="139.2228045"><ele>1403.5466666666669</ele><time>2024-09-09T22:08:14Z</time></trkpt><trkpt lat="36.9255415" lon="139.2225885"><ele>1403.5333333333335</ele><time>2024-09-09T22:08:29Z</time></trkpt><trkpt lat="36.9255178" lon="139.2223525"><ele>1403.46</ele><time>2024-09-09T22:08:44Z</time></trkpt><trkpt lat="36.9254784" lon="139.2221016"><ele>1403.33</ele><time>2024-09-09T22:08:59Z</time></trkpt><trkpt lat="36.9254647" lon="139.2218563"><ele>1403.2766666666666</ele><time>2024-09-09T22:09:14Z</time></trkpt><trkpt lat="36.9253799" lon="139.2216314"><ele>1403.206666666667</ele><time>2024-09-09T22:09:32Z</time></trkpt><trkpt lat="36.9252609" lon="139.2214554"><ele>1403.1366666666665</ele><time>2024-09-09T22:10:02Z</time></trkpt><trkpt lat="36.9251521" lon="139.2212489"><ele>1403.0033333333333</ele><time>2024-09-09T22:10:56Z</time></trkpt><trkpt lat="36.9250718" lon="139.2210097"><ele>1402.8866666666665</ele><time>2024-09-09T22:11:14Z</time></trkpt><trkpt lat="36.9249856" lon="139.2207811"><ele>1402.8799999999999</ele><time>2024-09-09T22:11:32Z</time></trkpt><trkpt lat="36.9249201" lon="139.2205571"><ele>1402.9099999999999</ele><time>2024-09-09T22:13:50Z</time></trkpt><trkpt lat="36.9248576" lon="139.2203341"><ele>1403.0333333333335</ele><time>2024-09-09T22:14:05Z</time></trkpt><trkpt lat="36.9248095" lon="139.2200839"><ele>1403.1166666666668</ele><time>2024-09-09T22:14:23Z</time></trkpt><trkpt lat="36.9247706" lon="139.2198137"><ele>1403.2466666666667</ele><time>2024-09-09T22:14:41Z</time></trkpt><trkpt lat="36.9247195" lon="139.2195599"><ele>1403.33</ele><time>2024-09-09T22:14:59Z</time></trkpt><trkpt lat="36.9246846" lon="139.2193233"><ele>1403.4133333333332</ele><time>2024-09-09T22:15:14Z</time></trkpt><trkpt lat="36.9246435" lon="139.2190889"><ele>1403.4533333333336</ele><time>2024-09-09T22:15:29Z</time></trkpt><trkpt lat="36.9246277" lon="139.2188505"><ele>1403.493333333333</ele><time>2024-09-09T22:15:44Z</time></trkpt><trkpt lat="36.9244957" lon="139.2186806"><ele>1403.55</ele><time>2024-09-09T22:15:59Z</time></trkpt><trkpt lat="36.9243581" lon="139.2184697"><ele>1403.6733333333334</ele><time>2024-09-09T22:16:17Z</time></trkpt><trkpt lat="36.9242738" lon="139.218267"><ele>1403.8366666666668</ele><time>2024-09-09T22:16:32Z</time></trkpt><trkpt lat="36.9241954" lon="139.2180395"><ele>1403.9333333333334</ele><time>2024-09-09T22:16:47Z</time></trkpt><trkpt lat="36.9240994" lon="139.2178301"><ele>1403.926666666667</ele><time>2024-09-09T22:17:02Z</time></trkpt><trkpt lat="36.9240121" lon="139.2176246"><ele>1403.8733333333332</ele><time>2024-09-09T22:17:17Z</time></trkpt><trkpt lat="36.9239105" lon="139.2174359"><ele>1403.8066666666666</ele><time>2024-09-09T22:17:32Z</time></trkpt><trkpt lat="36.9238382" lon="139.2172249"><ele>1403.743333333333</ele><time>2024-09-09T22:17:47Z</time></trkpt><trkpt lat="36.9237493" lon="139.2169747"><ele>1403.6833333333334</ele><time>2024-09-09T22:18:02Z</time></trkpt><trkpt lat="36.923659" lon="139.2167327"><ele>1403.596666666667</ele><time>2024-09-09T22:18:24Z</time></trkpt><trkpt lat="36.923577" lon="139.2165196"><ele>1403.54</ele><time>2024-09-09T22:18:39Z</time></trkpt><trkpt lat="36.9234946" lon="139.2163042"><ele>1403.43</ele><time>2024-09-09T22:18:54Z</time></trkpt><trkpt lat="36.923433" lon="139.216075"><ele>1403.3566666666666</ele><time>2024-09-09T22:19:09Z</time></trkpt><trkpt lat="36.9233869" lon="139.2158432"><ele>1403.3</ele><time>2024-09-09T22:19:24Z</time></trkpt><trkpt lat="36.9233368" lon="139.2156265"><ele>1403.32</ele><time>2024-09-09T22:19:39Z</time></trkpt><trkpt lat="36.9233161" lon="139.2153965"><ele>1403.36</ele><time>2024-09-09T22:19:54Z</time></trkpt><trkpt lat="36.9232618" lon="139.2151596"><ele>1403.3966666666668</ele><time>2024-09-09T22:20:09Z</time></trkpt><trkpt lat="36.9232574" lon="139.2149105"><ele>1403.3833333333334</ele><time>2024-09-09T22:20:24Z</time></trkpt><trkpt lat="36.923243" lon="139.2146592"><ele>1403.3400000000001</ele><time>2024-09-09T22:20:39Z</time></trkpt><trkpt lat="36.9232326" lon="139.2144293"><ele>1403.25</ele><time>2024-09-09T22:20:54Z</time></trkpt><trkpt lat="36.9231625" lon="139.2141988"><ele>1403.1933333333334</ele><time>2024-09-09T22:21:08Z</time></trkpt><trkpt lat="36.9231111" lon="139.2139726"><ele>1403.1833333333334</ele><time>2024-09-09T22:21:21Z</time></trkpt><trkpt lat="36.9230525" lon="139.2137262"><ele>1403.25</ele><time>2024-09-09T22:21:36Z</time></trkpt><trkpt lat="36.9230047" lon="139.2134913"><ele>1403.3400000000001</ele><time>2024-09-09T22:21:51Z</time></trkpt><trkpt lat="36.9229486" lon="139.2132572"><ele>1403.4066666666668</ele><time>2024-09-09T22:22:06Z</time></trkpt><trkpt lat="36.9228855" lon="139.2130164"><ele>1403.3466666666666</ele><time>2024-09-09T22:22:21Z</time></trkpt><trkpt lat="36.9228332" lon="139.2127893"><ele>1403.1933333333334</ele><time>2024-09-09T22:22:36Z</time></trkpt><trkpt lat="36.9228342" lon="139.2125274"><ele>1402.823333333333</ele><time>2024-09-09T22:22:51Z</time></trkpt><trkpt lat="36.9228361" lon="139.2122989"><ele>1402.37</ele><time>2024-09-09T22:23:33Z</time></trkpt><trkpt lat="36.9228221" lon="139.2120652"><ele>1402.0100000000002</ele><time>2024-09-09T22:23:45Z</time></trkpt><trkpt lat="36.9227462" lon="139.2118492"><ele>1401.8733333333337</ele><time>2024-09-09T22:24:03Z</time></trkpt><trkpt lat="36.9225458" lon="139.2117345"><ele>1401.93</ele><time>2024-09-09T22:24:21Z</time></trkpt><trkpt lat="36.9224323" lon="139.2115543"><ele>1401.9633333333334</ele><time>2024-09-09T22:24:36Z</time></trkpt><trkpt lat="36.9223192" lon="139.2113259"><ele>1402.0199999999998</ele><time>2024-09-09T22:24:54Z</time></trkpt><trkpt lat="36.9222201" lon="139.2111289"><ele>1402.0600000000002</ele><time>2024-09-09T22:25:09Z</time></trkpt><trkpt lat="36.92213" lon="139.2109262"><ele>1402.13</ele><time>2024-09-09T22:25:24Z</time></trkpt><trkpt lat="36.9220485" lon="139.2107247"><ele>1402.21</ele><time>2024-09-09T22:25:39Z</time></trkpt><trkpt lat="36.921965" lon="139.2105096"><ele>1402.32</ele><time>2024-09-09T22:26:06Z</time></trkpt><trkpt lat="36.9218938" lon="139.2102814"><ele>1402.4366666666665</ele><time>2024-09-09T22:26:21Z</time></trkpt><trkpt lat="36.9219923" lon="139.2100391"><ele>1402.5333333333335</ele><time>2024-09-09T22:26:42Z</time></trkpt><trkpt lat="36.9220594" lon="139.2098125"><ele>1402.6000000000001</ele><time>2024-09-09T22:26:59Z</time></trkpt><trkpt lat="36.922099" lon="139.2095811"><ele>1402.6466666666668</ele><time>2024-09-09T22:27:15Z</time></trkpt><trkpt lat="36.9220811" lon="139.2093343"><ele>1402.71</ele><time>2024-09-09T22:27:30Z</time></trkpt><trkpt lat="36.9220267" lon="139.2091073"><ele>1402.79</ele><time>2024-09-09T22:27:45Z</time></trkpt><trkpt lat="36.9219618" lon="139.2088625"><ele>1402.8866666666665</ele><time>2024-09-09T22:28:00Z</time></trkpt><trkpt lat="36.9219182" lon="139.2086445"><ele>1402.9566666666667</ele><time>2024-09-09T22:28:27Z</time></trkpt><trkpt lat="36.9218679" lon="139.2084081"><ele>1403.0266666666666</ele><time>2024-09-09T22:28:39Z</time></trkpt><trkpt lat="36.9217906" lon="139.2081997"><ele>1403.0833333333333</ele><time>2024-09-09T22:28:54Z</time></trkpt><trkpt lat="36.9217266" lon="139.2079878"><ele>1403.1533333333334</ele><time>2024-09-09T22:29:06Z</time></trkpt><trkpt lat="36.9216373" lon="139.2077875"><ele>1403.2233333333334</ele><time>2024-09-09T22:29:21Z</time></trkpt><trkpt lat="36.9215077" lon="139.2076193"><ele>1403.3033333333333</ele><time>2024-09-09T22:29:33Z</time></trkpt><trkpt lat="36.9214037" lon="139.2074117"><ele>1403.4066666666665</ele><time>2024-09-09T22:29:48Z</time></trkpt><trkpt lat="36.9213253" lon="139.2071627"><ele>1403.5766666666666</ele><time>2024-09-09T22:30:06Z</time></trkpt><trkpt lat="36.9212217" lon="139.2069314"><ele>1403.7766666666666</ele><time>2024-09-09T22:30:21Z</time></trkpt><trkpt lat="36.9211662" lon="139.2067174"><ele>1404.0433333333333</ele><time>2024-09-09T22:30:36Z</time></trkpt><trkpt lat="36.9210755" lon="139.2064896"><ele>1404.2699999999998</ele><time>2024-09-09T22:30:48Z</time></trkpt><trkpt lat="36.9209849" lon="139.2062615"><ele>1404.53</ele><time>2024-09-09T22:31:03Z</time></trkpt><trkpt lat="36.9209381" lon="139.2060183"><ele>1404.756666666667</ele><time>2024-09-09T22:31:18Z</time></trkpt><trkpt lat="36.9208619" lon="139.2057996"><ele>1404.9266666666665</ele><time>2024-09-09T22:31:30Z</time></trkpt><trkpt lat="36.9207652" lon="139.205588"><ele>1405.0</ele><time>2024-09-09T22:31:51Z</time></trkpt><trkpt lat="36.9206674" lon="139.2053291"><ele>1405.0</ele><time>2024-09-09T22:32:06Z</time></trkpt><trkpt lat="36.9205696" lon="139.2051068"><ele>1405.0</ele><time>2024-09-09T22:32:21Z</time></trkpt><trkpt lat="36.9204887" lon="139.2049048"><ele>1405.0</ele><time>2024-09-09T22:32:33Z</time></trkpt><trkpt lat="36.9203761" lon="139.2046634"><ele>1405.0</ele><time>2024-09-09T22:32:48Z</time></trkpt><trkpt lat="36.9203222" lon="139.2044208"><ele>1405.0</ele><time>2024-09-09T22:33:06Z</time></trkpt><trkpt lat="36.9202293" lon="139.2042081"><ele>1405.0</ele><time>2024-09-09T22:33:18Z</time></trkpt><trkpt lat="36.9201414" lon="139.2039806"><ele>1405.0</ele><time>2024-09-09T22:33:45Z</time></trkpt><trkpt lat="36.9200629" lon="139.2037687"><ele>1405.0</ele><time>2024-09-09T22:34:00Z</time></trkpt><trkpt lat="36.9199329" lon="139.2036126"><ele>1405.0</ele><time>2024-09-09T22:34:12Z</time></trkpt><trkpt lat="36.9198565" lon="139.203352"><ele>1405.01</ele><time>2024-09-09T22:34:30Z</time></trkpt><trkpt lat="36.9197782" lon="139.2031221"><ele>1405.0433333333333</ele><time>2024-09-09T22:34:45Z</time></trkpt><trkpt lat="36.9196827" lon="139.2029055"><ele>1405.0866666666668</ele><time>2024-09-09T22:34:57Z</time></trkpt><trkpt lat="36.9196012" lon="139.2026785"><ele>1405.1966666666667</ele><time>2024-09-09T22:35:12Z</time></trkpt><trkpt lat="36.9195215" lon="139.2024755"><ele>1405.3266666666668</ele><time>2024-09-09T22:35:24Z</time></trkpt><trkpt lat="36.9194572" lon="139.2022463"><ele>1405.5033333333333</ele><time>2024-09-09T22:35:42Z</time></trkpt><trkpt lat="36.9193846" lon="139.202003"><ele>1405.6733333333334</ele><time>2024-09-09T22:35:57Z</time></trkpt><trkpt lat="36.9193338" lon="139.201731"><ele>1405.8466666666666</ele><time>2024-09-09T22:36:15Z</time></trkpt><trkpt lat="36.91926" lon="139.2015115"><ele>1406.0133333333333</ele><time>2024-09-09T22:36:30Z</time></trkpt><trkpt lat="36.919181" lon="139.201299"><ele>1406.1566666666668</ele><time>2024-09-09T22:36:45Z</time></trkpt><trkpt lat="36.9190877" lon="139.2011058"><ele>1406.3033333333333</ele><time>2024-09-09T22:36:57Z</time></trkpt><trkpt lat="36.9190005" lon="139.2009044"><ele>1406.45</ele><time>2024-09-09T22:37:12Z</time></trkpt><trkpt lat="36.9188737" lon="139.2006889"><ele>1406.6133333333335</ele><time>2024-09-09T22:37:30Z</time></trkpt><trkpt lat="36.91875" lon="139.2004478"><ele>1406.7666666666667</ele><time>2024-09-09T22:37:54Z</time></trkpt><trkpt lat="36.9186091" lon="139.2002502"><ele>1406.9333333333334</ele><time>2024-09-09T22:38:12Z</time></trkpt><trkpt lat="36.9184727" lon="139.2000781"><ele>1407.1033333333335</ele><time>2024-09-09T22:38:27Z</time></trkpt><trkpt lat="36.9183495" lon="139.1998844"><ele>1407.3033333333333</ele><time>2024-09-09T22:38:42Z</time></trkpt><trkpt lat="36.9182237" lon="139.1997213"><ele>1407.5</ele><time>2024-09-09T22:38:57Z</time></trkpt><trkpt lat="36.9180956" lon="139.1995389"><ele>1407.6933333333334</ele><time>2024-09-09T22:39:12Z</time></trkpt><trkpt lat="36.9179878" lon="139.199341"><ele>1407.89</ele><time>2024-09-09T22:39:27Z</time></trkpt><trkpt lat="36.9178497" lon="139.1991691"><ele>1408.1000000000001</ele><time>2024-09-09T22:39:42Z</time></trkpt><trkpt lat="36.9177314" lon="139.1989431"><ele>1408.29</ele><time>2024-09-09T22:39:57Z</time></trkpt><trkpt lat="36.9175701" lon="139.1987894"><ele>1408.4833333333333</ele><time>2024-09-09T22:40:15Z</time></trkpt><trkpt lat="36.9174101" lon="139.1986456"><ele>1408.64</ele><time>2024-09-09T22:40:36Z</time></trkpt><trkpt lat="36.917278" lon="139.1984851"><ele>1408.7933333333333</ele><time>2024-09-09T22:40:48Z</time></trkpt><trkpt lat="36.9171526" lon="139.198301"><ele>1408.9099999999999</ele><time>2024-09-09T22:41:03Z</time></trkpt><trkpt lat="36.9170427" lon="139.1981059"><ele>1408.9800000000002</ele><time>2024-09-09T22:41:18Z</time></trkpt><trkpt lat="36.9168531" lon="139.1980062"><ele>1409.0600000000002</ele><time>2024-09-09T22:41:33Z</time></trkpt><trkpt lat="36.9166513" lon="139.1979469"><ele>1409.1366666666665</ele><time>2024-09-09T22:42:00Z</time></trkpt><trkpt lat="36.9164643" lon="139.1980719"><ele>1409.2766666666666</ele><time>2024-09-09T22:42:18Z</time></trkpt><trkpt lat="36.9162811" lon="139.1980948"><ele>1409.39</ele><time>2024-09-09T22:42:39Z</time></trkpt><trkpt lat="36.9162931" lon="139.1978409"><ele>1409.4399999999998</ele><time>2024-09-09T22:44:12Z</time></trkpt><trkpt lat="36.9162097" lon="139.1976396"><ele>1409.4433333333334</ele><time>2024-09-09T22:44:27Z</time></trkpt><trkpt lat="36.916119" lon="139.1974214"><ele>1409.4333333333334</ele><time>2024-09-09T22:44:51Z</time></trkpt><trkpt lat="36.9160142" lon="139.1972225"><ele>1409.46</ele><time>2024-09-09T22:45:06Z</time></trkpt><trkpt lat="36.9159433" lon="139.1969883"><ele>1409.42</ele><time>2024-09-09T22:45:27Z</time></trkpt><trkpt lat="36.915983" lon="139.1967333"><ele>1409.4233333333334</ele><time>2024-09-09T22:46:12Z</time></trkpt><trkpt lat="36.9159377" lon="139.1964565"><ele>1409.43</ele><time>2024-09-09T22:46:48Z</time></trkpt><trkpt lat="36.9159158" lon="139.1962133"><ele>1409.51</ele><time>2024-09-09T22:47:03Z</time></trkpt><trkpt lat="36.9158469" lon="139.1959936"><ele>1409.5900000000001</ele><time>2024-09-09T22:49:04Z</time></trkpt><trkpt lat="36.9157872" lon="139.1957741"><ele>1409.6133333333335</ele><time>2024-09-09T22:49:20Z</time></trkpt><trkpt lat="36.9158968" lon="139.195595"><ele>1409.61</ele><time>2024-09-09T22:49:59Z</time></trkpt><trkpt lat="36.9157964" lon="139.1958034"><ele>1409.58</ele><time>2024-09-09T22:52:10Z</time></trkpt><trkpt lat="36.9158671" lon="139.196029"><ele>1409.6033333333332</ele><time>2024-09-09T22:52:25Z</time></trkpt><trkpt lat="36.9159287" lon="139.1962911"><ele>1409.5900000000001</ele><time>2024-09-09T22:52:40Z</time></trkpt><trkpt lat="36.9159398" lon="139.1965529"><ele>1409.5466666666669</ele><time>2024-09-09T22:52:58Z</time></trkpt><trkpt lat="36.9159476" lon="139.1967958"><ele>1409.4633333333331</ele><time>2024-09-09T22:53:28Z</time></trkpt><trkpt lat="36.9159243" lon="139.1970691"><ele>1409.4033333333334</ele><time>2024-09-09T22:53:46Z</time></trkpt><trkpt lat="36.915805" lon="139.1972501"><ele>1409.3733333333337</ele><time>2024-09-09T22:54:01Z</time></trkpt><trkpt lat="36.9156225" lon="139.1973354"><ele>1409.3766666666668</ele><time>2024-09-09T22:54:19Z</time></trkpt><trkpt lat="36.9154268" lon="139.1973391"><ele>1409.426666666667</ele><time>2024-09-09T22:54:34Z</time></trkpt><trkpt lat="36.915221" lon="139.1972713"><ele>1409.5033333333333</ele><time>2024-09-09T22:54:52Z</time></trkpt><trkpt lat="36.9150379" lon="139.1973389"><ele>1409.956666666667</ele><time>2024-09-09T22:55:07Z</time></trkpt><trkpt lat="36.9148176" lon="139.1973552"><ele>1410.8866666666665</ele><time>2024-09-09T22:55:22Z</time></trkpt><trkpt lat="36.91463" lon="139.1973794"><ele>1411.9866666666667</ele><time>2024-09-09T22:55:37Z</time></trkpt><trkpt lat="36.9144222" lon="139.1973871"><ele>1413.0466666666669</ele><time>2024-09-09T22:55:52Z</time></trkpt><trkpt lat="36.9142263" lon="139.1973834"><ele>1413.9166666666667</ele><time>2024-09-09T22:56:07Z</time></trkpt><trkpt lat="36.9140215" lon="139.1973724"><ele>1414.9966666666667</ele><time>2024-09-09T22:56:22Z</time></trkpt><trkpt lat="36.9138158" lon="139.1973199"><ele>1415.9033333333334</ele><time>2024-09-09T22:56:37Z</time></trkpt><trkpt lat="36.9136187" lon="139.1972564"><ele>1416.5900000000001</ele><time>2024-09-09T22:56:55Z</time></trkpt><trkpt lat="36.9134189" lon="139.1971662"><ele>1416.7666666666667</ele><time>2024-09-09T22:57:10Z</time></trkpt><trkpt lat="36.9132174" lon="139.1972384"><ele>1416.32</ele><time>2024-09-09T22:57:27Z</time></trkpt><trkpt lat="36.913002" lon="139.1972499"><ele>1415.8999999999999</ele><time>2024-09-09T22:57:43Z</time></trkpt><trkpt lat="36.9127987" lon="139.1972249"><ele>1415.6733333333334</ele><time>2024-09-09T22:57:58Z</time></trkpt><trkpt lat="36.9126162" lon="139.1972881"><ele>1416.0366666666669</ele><time>2024-09-09T22:58:10Z</time></trkpt><trkpt lat="36.9124327" lon="139.197326"><ele>1416.3999999999999</ele><time>2024-09-09T22:58:25Z</time></trkpt><trkpt lat="36.9122503" lon="139.1973178"><ele>1416.7866666666669</ele><time>2024-09-09T22:58:37Z</time></trkpt><trkpt lat="36.9120519" lon="139.1973163"><ele>1417.1666666666667</ele><time>2024-09-09T22:58:52Z</time></trkpt><trkpt lat="36.9118662" lon="139.197247"><ele>1417.5633333333333</ele><time>2024-09-09T22:59:04Z</time></trkpt><trkpt lat="36.9116713" lon="139.1971518"><ele>1417.92</ele><time>2024-09-09T22:59:21Z</time></trkpt><trkpt lat="36.9114969" lon="139.1970868"><ele>1418.2366666666667</ele><time>2024-09-09T22:59:33Z</time></trkpt><trkpt lat="36.9112858" lon="139.1969974"><ele>1418.5466666666669</ele><time>2024-09-09T22:59:48Z</time></trkpt><trkpt lat="36.9111024" lon="139.1970178"><ele>1418.9233333333334</ele><time>2024-09-09T23:00:00Z</time></trkpt><trkpt lat="36.9109138" lon="139.1970808"><ele>1419.3166666666668</ele><time>2024-09-09T23:00:15Z</time></trkpt><trkpt lat="36.9107096" lon="139.197075"><ele>1419.926666666667</ele><time>2024-09-09T23:00:30Z</time></trkpt><trkpt lat="36.9105269" lon="139.1971393"><ele>1421.2233333333334</ele><time>2024-09-09T23:00:42Z</time></trkpt><trkpt lat="36.9103231" lon="139.1971839"><ele>1423.26</ele><time>2024-09-09T23:00:57Z</time></trkpt><trkpt lat="36.9101256" lon="139.1971802"><ele>1425.5233333333333</ele><time>2024-09-09T23:01:12Z</time></trkpt><trkpt lat="36.9099428" lon="139.1971911"><ele>1427.29</ele><time>2024-09-09T23:01:27Z</time></trkpt><trkpt lat="36.9097157" lon="139.1972177"><ele>1428.4033333333334</ele><time>2024-09-09T23:01:43Z</time></trkpt><trkpt lat="36.9095324" lon="139.1971639"><ele>1428.18</ele><time>2024-09-09T23:01:55Z</time></trkpt><trkpt lat="36.9093546" lon="139.1972366"><ele>1427.66</ele><time>2024-09-09T23:02:07Z</time></trkpt><trkpt lat="36.9091559" lon="139.1971803"><ele>1427.1000000000001</ele><time>2024-09-09T23:02:22Z</time></trkpt><trkpt lat="36.9089578" lon="139.1971272"><ele>1427.9966666666667</ele><time>2024-09-09T23:02:40Z</time></trkpt><trkpt lat="36.9087558" lon="139.1970503"><ele>1429.36</ele><time>2024-09-09T23:02:56Z</time></trkpt><trkpt lat="36.9085747" lon="139.1970962"><ele>1430.9399999999998</ele><time>2024-09-09T23:03:08Z</time></trkpt><trkpt lat="36.9083952" lon="139.1971224"><ele>1432.88</ele><time>2024-09-09T23:03:23Z</time></trkpt><trkpt lat="36.908196" lon="139.1971593"><ele>1433.78</ele><time>2024-09-09T23:03:38Z</time></trkpt><trkpt lat="36.9080542" lon="139.1973021"><ele>1435.2299999999998</ele><time>2024-09-09T23:03:56Z</time></trkpt><trkpt lat="36.9080048" lon="139.1975296"><ele>1436.4966666666667</ele><time>2024-09-09T23:04:08Z</time></trkpt><trkpt lat="36.9078923" lon="139.197725"><ele>1438.2333333333333</ele><time>2024-09-09T23:04:26Z</time></trkpt><trkpt lat="36.9077276" lon="139.1979081"><ele>1438.8999999999999</ele><time>2024-09-09T23:04:41Z</time></trkpt><trkpt lat="36.9075514" lon="139.1980087"><ele>1438.5533333333333</ele><time>2024-09-09T23:04:56Z</time></trkpt><trkpt lat="36.9073697" lon="139.1979907"><ele>1438.0733333333335</ele><time>2024-09-09T23:05:11Z</time></trkpt><trkpt lat="36.9071561" lon="139.1979977"><ele>1437.4099999999999</ele><time>2024-09-09T23:05:26Z</time></trkpt><trkpt lat="36.906956" lon="139.1979213"><ele>1436.8400000000001</ele><time>2024-09-09T23:05:41Z</time></trkpt><trkpt lat="36.9067473" lon="139.1978768"><ele>1436.4899999999998</ele><time>2024-09-09T23:05:59Z</time></trkpt><trkpt lat="36.9065562" lon="139.1979002"><ele>1436.756666666667</ele><time>2024-09-09T23:06:14Z</time></trkpt><trkpt lat="36.9063682" lon="139.1978294"><ele>1437.3266666666668</ele><time>2024-09-09T23:06:26Z</time></trkpt><trkpt lat="36.9061823" lon="139.1977796"><ele>1438.4733333333334</ele><time>2024-09-09T23:06:44Z</time></trkpt><trkpt lat="36.9059769" lon="139.1977839"><ele>1440.8666666666668</ele><time>2024-09-09T23:06:59Z</time></trkpt><trkpt lat="36.9057717" lon="139.19771"><ele>1443.1133333333335</ele><time>2024-09-09T23:07:14Z</time></trkpt><trkpt lat="36.9055918" lon="139.1977582"><ele>1445.3933333333334</ele><time>2024-09-09T23:07:26Z</time></trkpt><trkpt lat="36.9054291" lon="139.1978797"><ele>1446.0833333333333</ele><time>2024-09-09T23:07:41Z</time></trkpt><trkpt lat="36.9052557" lon="139.1979421"><ele>1446.4033333333334</ele><time>2024-09-09T23:07:56Z</time></trkpt><trkpt lat="36.9050799" lon="139.1978421"><ele>1445.3333333333333</ele><time>2024-09-09T23:08:11Z</time></trkpt><trkpt lat="36.9048724" lon="139.1978893"><ele>1444.8366666666668</ele><time>2024-09-09T23:08:29Z</time></trkpt><trkpt lat="36.9046592" lon="139.19791"><ele>1445.6433333333334</ele><time>2024-09-09T23:08:44Z</time></trkpt><trkpt lat="36.9044822" lon="139.1978528"><ele>1446.95</ele><time>2024-09-09T23:08:56Z</time></trkpt><trkpt lat="36.904293" lon="139.1978504"><ele>1448.46</ele><time>2024-09-09T23:09:11Z</time></trkpt><trkpt lat="36.9041163" lon="139.1977722"><ele>1449.3133333333333</ele><time>2024-09-09T23:09:26Z</time></trkpt><trkpt lat="36.90393" lon="139.1976675"><ele>1450.5100000000002</ele><time>2024-09-09T23:09:38Z</time></trkpt><trkpt lat="36.9037915" lon="139.197474"><ele>1450.3033333333333</ele><time>2024-09-09T23:09:53Z</time></trkpt><trkpt lat="36.9035828" lon="139.197399"><ele>1449.8066666666666</ele><time>2024-09-09T23:10:08Z</time></trkpt><trkpt lat="36.9033863" lon="139.1973313"><ele>1449.18</ele><time>2024-09-09T23:10:26Z</time></trkpt><trkpt lat="36.9031683" lon="139.1973097"><ele>1449.256666666667</ele><time>2024-09-09T23:10:41Z</time></trkpt><trkpt lat="36.9029596" lon="139.1972702"><ele>1449.2933333333333</ele><time>2024-09-09T23:10:56Z</time></trkpt><trkpt lat="36.9027522" lon="139.1972094"><ele>1449.5366666666666</ele><time>2024-09-09T23:11:14Z</time></trkpt><trkpt lat="36.9025372" lon="139.1971654"><ele>1449.4233333333334</ele><time>2024-09-09T23:11:29Z</time></trkpt><trkpt lat="36.9023902" lon="139.1973577"><ele>1450.1666666666667</ele><time>2024-09-09T23:11:50Z</time></trkpt><trkpt lat="36.9022213" lon="139.1975035"><ele>1453.1033333333335</ele><time>2024-09-09T23:12:08Z</time></trkpt><trkpt lat="36.9020382" lon="139.1976077"><ele>1455.6333333333334</ele><time>2024-09-09T23:12:23Z</time></trkpt><trkpt lat="36.9018953" lon="139.1977914"><ele>1458.88</ele><time>2024-09-09T23:12:44Z</time></trkpt><trkpt lat="36.9017021" lon="139.1978395"><ele>1460.18</ele><time>2024-09-09T23:13:10Z</time></trkpt><trkpt lat="36.9015477" lon="139.1979651"><ele>1463.28</ele><time>2024-09-09T23:13:44Z</time></trkpt><trkpt lat="36.9013451" lon="139.1979232"><ele>1465.74</ele><time>2024-09-09T23:14:17Z</time></trkpt><trkpt lat="36.9011537" lon="139.1979824"><ele>1469.8533333333332</ele><time>2024-09-09T23:14:41Z</time></trkpt><trkpt lat="36.9009439" lon="139.1980102"><ele>1472.7699999999998</ele><time>2024-09-09T23:14:59Z</time></trkpt><trkpt lat="36.9007574" lon="139.1980788"><ele>1474.4133333333332</ele><time>2024-09-09T23:15:17Z</time></trkpt><trkpt lat="36.9005651" lon="139.1981799"><ele>1474.0033333333333</ele><time>2024-09-09T23:15:35Z</time></trkpt><trkpt lat="36.900401" lon="139.1983377"><ele>1475.3799999999999</ele><time>2024-09-09T23:15:53Z</time></trkpt><trkpt lat="36.9002264" lon="139.1984061"><ele>1476.5233333333333</ele><time>2024-09-09T23:16:08Z</time></trkpt><trkpt lat="36.9000273" lon="139.198464"><ele>1477.3133333333335</ele><time>2024-09-09T23:16:32Z</time></trkpt><trkpt lat="36.8998443" lon="139.1984493"><ele>1476.3633333333335</ele><time>2024-09-09T23:16:47Z</time></trkpt><trkpt lat="36.8996317" lon="139.1984325"><ele>1475.9633333333334</ele><time>2024-09-09T23:17:02Z</time></trkpt><trkpt lat="36.8994406" lon="139.1983289"><ele>1475.3066666666666</ele><time>2024-09-09T23:17:20Z</time></trkpt><trkpt lat="36.8993403" lon="139.1981326"><ele>1473.0333333333335</ele><time>2024-09-09T23:17:35Z</time></trkpt><trkpt lat="36.899138" lon="139.1981631"><ele>1471.1033333333335</ele><time>2024-09-09T23:17:53Z</time></trkpt><trkpt lat="36.8989541" lon="139.1982922"><ele>1470.1733333333334</ele><time>2024-09-09T23:18:08Z</time></trkpt><trkpt lat="36.8987612" lon="139.1983281"><ele>1471.3100000000002</ele><time>2024-09-09T23:18:26Z</time></trkpt><trkpt lat="36.8985777" lon="139.1983486"><ele>1472.1933333333334</ele><time>2024-09-09T23:18:50Z</time></trkpt><trkpt lat="36.8984248" lon="139.1982276"><ele>1473.7966666666664</ele><time>2024-09-09T23:19:17Z</time></trkpt><trkpt lat="36.8982332" lon="139.1983471"><ele>1476.3166666666666</ele><time>2024-09-09T23:19:35Z</time></trkpt><trkpt lat="36.8980732" lon="139.1985043"><ele>1481.0900000000001</ele><time>2024-09-09T23:19:52Z</time></trkpt><trkpt lat="36.8979607" lon="139.1986976"><ele>1486.25</ele><time>2024-09-09T23:20:14Z</time></trkpt><trkpt lat="36.8977643" lon="139.1986354"><ele>1491.2766666666666</ele><time>2024-09-09T23:21:02Z</time></trkpt><trkpt lat="36.8975633" lon="139.1986013"><ele>1495.2066666666667</ele><time>2024-09-09T23:21:31Z</time></trkpt><trkpt lat="36.8973959" lon="139.1985179"><ele>1497.8500000000001</ele><time>2024-09-09T23:21:57Z</time></trkpt><trkpt lat="36.897204" lon="139.1985293"><ele>1500.38</ele><time>2024-09-09T23:22:18Z</time></trkpt><trkpt lat="36.8969903" lon="139.1985067"><ele>1503.2533333333333</ele><time>2024-09-09T23:22:36Z</time></trkpt><trkpt lat="36.8967965" lon="139.1984845"><ele>1505.67</ele><time>2024-09-09T23:22:57Z</time></trkpt><trkpt lat="36.8966275" lon="139.1983963"><ele>1507.9733333333334</ele><time>2024-09-09T23:23:12Z</time></trkpt><trkpt lat="36.8964227" lon="139.1984399"><ele>1510.5666666666666</ele><time>2024-09-09T23:23:42Z</time></trkpt><trkpt lat="36.8962654" lon="139.1985547"><ele>1514.5766666666666</ele><time>2024-09-09T23:24:22Z</time></trkpt><trkpt lat="36.8960735" lon="139.1985884"><ele>1518.8033333333333</ele><time>2024-09-09T23:25:07Z</time></trkpt><trkpt lat="36.8959004" lon="139.1986994"><ele>1522.4333333333334</ele><time>2024-09-09T23:25:37Z</time></trkpt><trkpt lat="36.8956934" lon="139.1987209"><ele>1524.8233333333335</ele><time>2024-09-09T23:25:55Z</time></trkpt><trkpt lat="36.895506" lon="139.1987751"><ele>1527.3533333333335</ele><time>2024-09-09T23:26:13Z</time></trkpt><trkpt lat="36.8953005" lon="139.1988015"><ele>1528.3733333333337</ele><time>2024-09-09T23:26:28Z</time></trkpt><trkpt lat="36.8951084" lon="139.198815"><ele>1529.41</ele><time>2024-09-09T23:26:43Z</time></trkpt><trkpt lat="36.8948994" lon="139.1988114"><ele>1529.3700000000001</ele><time>2024-09-09T23:27:01Z</time></trkpt><trkpt lat="36.8947002" lon="139.1988271"><ele>1529.6499999999999</ele><time>2024-09-09T23:27:19Z</time></trkpt><trkpt lat="36.8945056" lon="139.1988802"><ele>1530.6833333333334</ele><time>2024-09-09T23:27:34Z</time></trkpt><trkpt lat="36.8943008" lon="139.1989356"><ele>1531.96</ele><time>2024-09-09T23:27:52Z</time></trkpt><trkpt lat="36.8941765" lon="139.1991355"><ele>1535.0566666666666</ele><time>2024-09-09T23:28:16Z</time></trkpt><trkpt lat="36.8939996" lon="139.199227"><ele>1537.5866666666668</ele><time>2024-09-09T23:28:31Z</time></trkpt><trkpt lat="36.8938257" lon="139.199293"><ele>1539.4533333333336</ele><time>2024-09-09T23:28:46Z</time></trkpt><trkpt lat="36.8936317" lon="139.1993548"><ele>1538.8100000000002</ele><time>2024-09-09T23:29:10Z</time></trkpt><trkpt lat="36.8935305" lon="139.1995796"><ele>1538.1899999999998</ele><time>2024-09-09T23:29:25Z</time></trkpt><trkpt lat="36.8934209" lon="139.1997771"><ele>1538.7733333333333</ele><time>2024-09-09T23:29:43Z</time></trkpt><trkpt lat="36.8932676" lon="139.1996329"><ele>1538.78</ele><time>2024-09-09T23:30:46Z</time></trkpt><trkpt lat="36.8930804" lon="139.19965"><ele>1539.5433333333333</ele><time>2024-09-09T23:31:07Z</time></trkpt><trkpt lat="36.8928975" lon="139.1996167"><ele>1540.3366666666668</ele><time>2024-09-09T23:31:31Z</time></trkpt><trkpt lat="36.8926994" lon="139.199627"><ele>1542.5733333333335</ele><time>2024-09-09T23:31:58Z</time></trkpt><trkpt lat="36.8925063" lon="139.1996566"><ele>1546.2166666666665</ele><time>2024-09-09T23:32:25Z</time></trkpt><trkpt lat="36.8923209" lon="139.1996355"><ele>1550.4166666666667</ele><time>2024-09-09T23:32:49Z</time></trkpt><trkpt lat="36.8921397" lon="139.199677"><ele>1555.5</ele><time>2024-09-09T23:33:25Z</time></trkpt><trkpt lat="36.8919464" lon="139.1997425"><ele>1559.3166666666666</ele><time>2024-09-09T23:34:03Z</time></trkpt><trkpt lat="36.891846" lon="139.1999588"><ele>1563.9966666666667</ele><time>2024-09-09T23:34:42Z</time></trkpt><trkpt lat="36.8916575" lon="139.1999665"><ele>1568.9733333333334</ele><time>2024-09-09T23:35:13Z</time></trkpt><trkpt lat="36.8914794" lon="139.1999045"><ele>1573.4133333333332</ele><time>2024-09-09T23:35:40Z</time></trkpt><trkpt lat="36.8913437" lon="139.2000707"><ele>1577.5433333333333</ele><time>2024-09-09T23:36:10Z</time></trkpt><trkpt lat="36.8911535" lon="139.200101"><ele>1580.8500000000001</ele><time>2024-09-09T23:36:34Z</time></trkpt><trkpt lat="36.890953" lon="139.2001049"><ele>1584.0566666666666</ele><time>2024-09-09T23:37:04Z</time></trkpt><trkpt lat="36.8907713" lon="139.2002514"><ele>1586.6000000000001</ele><time>2024-09-09T23:37:28Z</time></trkpt><trkpt lat="36.8905894" lon="139.2003436"><ele>1588.9533333333331</ele><time>2024-09-09T23:37:49Z</time></trkpt><trkpt lat="36.8904068" lon="139.2003586"><ele>1590.8566666666666</ele><time>2024-09-09T23:38:10Z</time></trkpt><trkpt lat="36.8902054" lon="139.200487"><ele>1591.8466666666666</ele><time>2024-09-09T23:38:37Z</time></trkpt><trkpt lat="36.8901211" lon="139.2006971"><ele>1592.456666666667</ele><time>2024-09-09T23:38:52Z</time></trkpt><trkpt lat="36.8899542" lon="139.2005912"><ele>1592.176666666667</ele><time>2024-09-09T23:39:25Z</time></trkpt><trkpt lat="36.8898301" lon="139.2008029"><ele>1591.1766666666665</ele><time>2024-09-09T23:39:40Z</time></trkpt><trkpt lat="36.8897172" lon="139.2009896"><ele>1589.4133333333332</ele><time>2024-09-09T23:39:54Z</time></trkpt><trkpt lat="36.8895214" lon="139.2010527"><ele>1588.0266666666666</ele><time>2024-09-09T23:40:08Z</time></trkpt><trkpt lat="36.8893218" lon="139.2010738"><ele>1587.426666666667</ele><time>2024-09-09T23:40:20Z</time></trkpt><trkpt lat="36.8891219" lon="139.2010373"><ele>1587.29</ele><time>2024-09-09T23:40:41Z</time></trkpt><trkpt lat="36.8889852" lon="139.2007593"><ele>1586.2633333333335</ele><time>2024-09-09T23:41:29Z</time></trkpt></trkseg></trk></gpx>