<?xml version="1.0" encoding="UTF-8"?><gpx version="1.1" creator="Garmin Explore App" xmlns="http://www.topografix.com/GPX/1/1" xmlns:adv="http://www.garmin.com/xmlschemas/AdventuresExtensions/v1" xmlns:gpxtpx="http://www.garmin.com/xmlschemas/TrackPointExtension/v1" xmlns:gpxtrx="http://www.garmin.com/xmlschemas/GpxExtensions/v3" xmlns:gpxx="http://www.garmin.com/xmlschemas/GpxExtensions/v3" xmlns:trp="http://www.garmin.com/xmlschemas/TripExtensions/v1" xmlns:wptx1="http://www.garmin.com/xmlschemas/WaypointExtension/v1" xmlns:xsi="http://www.w3.org/2001/XMLSchema-instance" xsi:schemaLocation="http://www.topografix.com/GPX/1/1 http://www.topografix.com/GPX/1/1/gpx.xsd http://www.garmin.com/xmlschemas/WaypointExtension/v1 http://www8.garmin.com/xmlschemas/WaypointExtensionv1.xsd http://www.garmin.com/xmlschemas/TrackPointExtension/v1 http://www.garmin.com/xmlschemas/TrackPointExtensionv1.xsd http://www.garmin.com/xmlschemas/GpxExtensions/v3 http://www8.garmin.com/xmlschemas/GpxExtensionsv3.xsd http://www.garmin.com/xmlschemas/ActivityExtension/v1 http://www8.garmin.com/xmlschemas/ActivityExtensionv1.xsd http://www.garmin.com/xmlschemas/AdventuresExtensions/v1 http://www8.garmin.com/xmlschemas/AdventuresExtensionv1.xsd http://www.garmin.com/xmlschemas/PressureExtension/v1 http://www.garmin.com/xmlschemas/PressureExtensionv1.xsd"><metadata><name>ハイキング near 小持山at4177.gpx</name><link href="http://www.garmin.com"><text>Garmin International</text></link><time>2025-06-07T09:34:04.727Z</time></metadata><trk><name>2025-06-07 13.56.16</name><extensions><gpxx:TrackExtension xmlns:gpxx="http://www.garmin.com/xmlschemas/GpxExtensions/v3"><gpxx:DisplayColor>Magenta</gpxx:DisplayColor></gpxx:TrackExtension></extensions><trkseg><trkpt lat="35.91139057651162" lon="139.1474628355354"><ele>329.4000244140625</ele><time>2025-06-06T23:13:38.000Z</time></trkpt><trkpt lat="35.91139409691095" lon="139.14744875393808"><ele>329.4000244140625</ele><time>2025-06-06T23:13:39.000Z</time></trkpt><trkpt lat="35.91142829507589" lon="139.1473425552249"><ele>332.5999755859375</ele><time>2025-06-06T23:13:46.000Z</time></trkpt><trkpt lat="35.911432821303606" lon="139.14732662960887"><ele>332.79998779296875</ele><time>2025-06-06T23:13:47.000Z</time></trkpt><trkpt lat="35.91147506609559" lon="139.1471673734486"><ele>331.4000244140625</ele><time>2025-06-06T23:13:57.000Z</time></trkpt><trkpt lat="35.9114798437804" lon="139.1471517831087"><ele>331.20001220703125</ele><time>2025-06-06T23:13:58.000Z</time></trkpt><trkpt lat="35.91151999309659" lon="139.14697844535112"><ele>333.4000244140625</ele><time>2025-06-06T23:14:09.000Z</time></trkpt><trkpt lat="35.91153156012297" lon="139.14682312868536"><ele>333.5999755859375</ele><time>2025-06-06T23:14:19.000Z</time></trkpt><trkpt lat="35.91155217960477" lon="139.14656035602093"><ele>334.79998779296875</ele><time>2025-06-06T23:14:34.000Z</time></trkpt><trkpt lat="35.91158352792263" lon="139.14631652645767"><ele>335.20001220703125</ele><time>2025-06-06T23:14:47.000Z</time></trkpt><trkpt lat="35.911624263972044" lon="139.1461030393839"><ele>335.4000244140625</ele><time>2025-06-06T23:14:59.000Z</time></trkpt><trkpt lat="35.91169098392129" lon="139.14589785039425"><ele>336.0</ele><time>2025-06-06T23:15:11.000Z</time></trkpt><trkpt lat="35.91175829060376" lon="139.14572861976922"><ele>336.4000244140625</ele><time>2025-06-06T23:15:22.000Z</time></trkpt><trkpt lat="35.911858789622784" lon="139.14558017626405"><ele>336.5999755859375</ele><time>2025-06-06T23:15:32.000Z</time></trkpt><trkpt lat="35.91195576824248" lon="139.14547188207507"><ele>337.20001220703125</ele><time>2025-06-06T23:15:41.000Z</time></trkpt><trkpt lat="35.91208283789456" lon="139.14533567614853"><ele>337.79998779296875</ele><time>2025-06-06T23:15:52.000Z</time></trkpt><trkpt lat="35.9121291898191" lon="139.145220592618"><ele>338.5999755859375</ele><time>2025-06-06T23:16:00.000Z</time></trkpt><trkpt lat="35.912136817350984" lon="139.1451006475836"><ele>339.20001220703125</ele><time>2025-06-06T23:16:07.000Z</time></trkpt><trkpt lat="35.91216263361275" lon="139.14490099065006"><ele>340.0</ele><time>2025-06-06T23:16:19.000Z</time></trkpt><trkpt lat="35.91217076405883" lon="139.14471868425608"><ele>340.4000244140625</ele><time>2025-06-06T23:16:29.000Z</time></trkpt><trkpt lat="35.91218124143779" lon="139.14451835677028"><ele>340.79998779296875</ele><time>2025-06-06T23:16:40.000Z</time></trkpt><trkpt lat="35.912209153175354" lon="139.14436186663806"><ele>341.4000244140625</ele><time>2025-06-06T23:16:49.000Z</time></trkpt><trkpt lat="35.91223639436066" lon="139.14420361630619"><ele>342.20001220703125</ele><time>2025-06-06T23:16:59.000Z</time></trkpt><trkpt lat="35.912242429330945" lon="139.1441684961319"><ele>342.20001220703125</ele><time>2025-06-06T23:17:01.000Z</time></trkpt><trkpt lat="35.91225106269121" lon="139.14395534433424"><ele>342.79998779296875</ele><time>2025-06-06T23:17:13.000Z</time></trkpt><trkpt lat="35.912303365767" lon="139.14379935711622"><ele>343.5999755859375</ele><time>2025-06-06T23:17:22.000Z</time></trkpt><trkpt lat="35.91235457919538" lon="139.14367195218801"><ele>345.4000244140625</ele><time>2025-06-06T23:17:31.000Z</time></trkpt><trkpt lat="35.91242264024913" lon="139.14352376013994"><ele>346.4000244140625</ele><time>2025-06-06T23:17:42.000Z</time></trkpt><trkpt lat="35.91249832883477" lon="139.14339895360172"><ele>347.4000244140625</ele><time>2025-06-06T23:17:51.000Z</time></trkpt><trkpt lat="35.91263109818101" lon="139.1433515958488"><ele>348.20001220703125</ele><time>2025-06-06T23:18:00.000Z</time></trkpt><trkpt lat="35.912762861698866" lon="139.14329753257334"><ele>348.79998779296875</ele><time>2025-06-06T23:18:09.000Z</time></trkpt><trkpt lat="35.912804352119565" lon="139.1433008853346"><ele>349.20001220703125</ele><time>2025-06-06T23:18:16.000Z</time></trkpt><trkpt lat="35.91281306929886" lon="139.14330096915364"><ele>349.5999755859375</ele><time>2025-06-06T23:18:29.000Z</time></trkpt><trkpt lat="35.912957238033414" lon="139.14322276599705"><ele>350.0</ele><time>2025-06-06T23:18:42.000Z</time></trkpt><trkpt lat="35.91309403069317" lon="139.14314975962043"><ele>350.5999755859375</ele><time>2025-06-06T23:18:52.000Z</time></trkpt><trkpt lat="35.9131823759526" lon="139.14306283928454"><ele>351.20001220703125</ele><time>2025-06-06T23:19:00.000Z</time></trkpt><trkpt lat="35.91327843256295" lon="139.14291799999774"><ele>352.0</ele><time>2025-06-06T23:19:10.000Z</time></trkpt><trkpt lat="35.91334096156061" lon="139.1427810396999"><ele>352.5999755859375</ele><time>2025-06-06T23:19:19.000Z</time></trkpt><trkpt lat="35.91333677060902" lon="139.14266176521778"><ele>352.79998779296875</ele><time>2025-06-06T23:19:25.000Z</time></trkpt><trkpt lat="35.91327759437263" lon="139.14252161979675"><ele>354.4000244140625</ele><time>2025-06-06T23:19:34.000Z</time></trkpt><trkpt lat="35.91325026936829" lon="139.14244123734534"><ele>354.4000244140625</ele><time>2025-06-06T23:19:39.000Z</time></trkpt><trkpt lat="35.91318338178098" lon="139.14228977635503"><ele>354.5999755859375</ele><time>2025-06-06T23:19:48.000Z</time></trkpt><trkpt lat="35.913132671266794" lon="139.14216723293066"><ele>355.4000244140625</ele><time>2025-06-06T23:19:57.000Z</time></trkpt><trkpt lat="35.91308942064643" lon="139.14202272891998"><ele>355.79998779296875</ele><time>2025-06-06T23:20:05.000Z</time></trkpt><trkpt lat="35.91312009841204" lon="139.14186749607325"><ele>356.20001220703125</ele><time>2025-06-06T23:20:13.000Z</time></trkpt><trkpt lat="35.91318296268582" lon="139.14170094765723"><ele>356.5999755859375</ele><time>2025-06-06T23:20:22.000Z</time></trkpt><trkpt lat="35.91318774037063" lon="139.14167638868093"><ele>356.5999755859375</ele><time>2025-06-06T23:20:23.000Z</time></trkpt><trkpt lat="35.91323719359934" lon="139.14159097708762"><ele>356.5999755859375</ele><time>2025-06-06T23:20:28.000Z</time></trkpt><trkpt lat="35.91328186914325" lon="139.141449239105"><ele>356.5999755859375</ele><time>2025-06-06T23:20:36.000Z</time></trkpt><trkpt lat="35.91335328295827" lon="139.14128369651735"><ele>357.4000244140625</ele><time>2025-06-06T23:20:47.000Z</time></trkpt><trkpt lat="35.91338697820902" lon="139.14125679060817"><ele>357.0</ele><time>2025-06-06T23:20:50.000Z</time></trkpt><trkpt lat="35.91340164653957" lon="139.14123382419348"><ele>356.79998779296875</ele><time>2025-06-06T23:20:52.000Z</time></trkpt><trkpt lat="35.913536259904504" lon="139.14120155386627"><ele>357.20001220703125</ele><time>2025-06-06T23:21:01.000Z</time></trkpt><trkpt lat="35.91369383968413" lon="139.14115687832236"><ele>358.20001220703125</ele><time>2025-06-06T23:21:12.000Z</time></trkpt><trkpt lat="35.91377195902169" lon="139.14103131741285"><ele>359.0</ele><time>2025-06-06T23:21:21.000Z</time></trkpt><trkpt lat="35.913808923214674" lon="139.14083752781153"><ele>360.20001220703125</ele><time>2025-06-06T23:21:32.000Z</time></trkpt><trkpt lat="35.91384689323604" lon="139.1406978853047"><ele>361.4000244140625</ele><time>2025-06-06T23:21:41.000Z</time></trkpt><trkpt lat="35.913875475525856" lon="139.140563942492"><ele>362.4000244140625</ele><time>2025-06-06T23:21:49.000Z</time></trkpt><trkpt lat="35.913930628448725" lon="139.1404325980693"><ele>363.20001220703125</ele><time>2025-06-06T23:21:57.000Z</time></trkpt><trkpt lat="35.91401972807944" lon="139.14030854590237"><ele>364.20001220703125</ele><time>2025-06-06T23:22:07.000Z</time></trkpt><trkpt lat="35.914059625938535" lon="139.14016479626298"><ele>364.79998779296875</ele><time>2025-06-06T23:22:16.000Z</time></trkpt><trkpt lat="35.914085526019335" lon="139.13998919539154"><ele>365.20001220703125</ele><time>2025-06-06T23:22:26.000Z</time></trkpt><trkpt lat="35.91408586129546" lon="139.1398569289595"><ele>365.4000244140625</ele><time>2025-06-06T23:22:34.000Z</time></trkpt><trkpt lat="35.914090890437365" lon="139.13978207856417"><ele>365.5999755859375</ele><time>2025-06-06T23:22:39.000Z</time></trkpt><trkpt lat="35.9141012839973" lon="139.1396251693368"><ele>366.20001220703125</ele><time>2025-06-06T23:22:48.000Z</time></trkpt><trkpt lat="35.91410572640598" lon="139.13958384655416"><ele>366.4000244140625</ele><time>2025-06-06T23:22:50.000Z</time></trkpt><trkpt lat="35.91412936337292" lon="139.13942886516452"><ele>366.79998779296875</ele><time>2025-06-06T23:22:59.000Z</time></trkpt><trkpt lat="35.91416733339429" lon="139.13932719267905"><ele>367.4000244140625</ele><time>2025-06-06T23:23:05.000Z</time></trkpt><trkpt lat="35.91422793455422" lon="139.13922677747905"><ele>368.20001220703125</ele><time>2025-06-06T23:23:12.000Z</time></trkpt><trkpt lat="35.91423003003001" lon="139.1391891427338"><ele>368.4000244140625</ele><time>2025-06-06T23:23:14.000Z</time></trkpt><trkpt lat="35.9143116697669" lon="139.13905042223632"><ele>370.0</ele><time>2025-06-06T23:23:23.000Z</time></trkpt><trkpt lat="35.91440185904503" lon="139.13891547359526"><ele>369.20001220703125</ele><time>2025-06-06T23:23:32.000Z</time></trkpt><trkpt lat="35.914433375000954" lon="139.138864595443"><ele>370.5999755859375</ele><time>2025-06-06T23:23:39.000Z</time></trkpt><trkpt lat="35.91447427868843" lon="139.13883618079126"><ele>371.79998779296875</ele><time>2025-06-06T23:23:48.000Z</time></trkpt><trkpt lat="35.91448559425771" lon="139.13883106783032"><ele>372.0</ele><time>2025-06-06T23:23:49.000Z</time></trkpt><trkpt lat="35.914646023884416" lon="139.1388595663011"><ele>373.0</ele><time>2025-06-06T23:24:02.000Z</time></trkpt><trkpt lat="35.914752976968884" lon="139.13892913609743"><ele>373.79998779296875</ele><time>2025-06-06T23:24:11.000Z</time></trkpt><trkpt lat="35.914886416867375" lon="139.13899359293282"><ele>374.79998779296875</ele><time>2025-06-06T23:24:22.000Z</time></trkpt><trkpt lat="35.91502069495618" lon="139.13898361846805"><ele>375.20001220703125</ele><time>2025-06-06T23:24:32.000Z</time></trkpt><trkpt lat="35.915105268359184" lon="139.138975571841"><ele>376.4000244140625</ele><time>2025-06-06T23:24:39.000Z</time></trkpt><trkpt lat="35.9152165800333" lon="139.13897515274584"><ele>378.5999755859375</ele><time>2025-06-06T23:24:47.000Z</time></trkpt><trkpt lat="35.9152995608747" lon="139.13897993043065"><ele>378.4000244140625</ele><time>2025-06-06T23:24:54.000Z</time></trkpt><trkpt lat="35.91533845290542" lon="139.1389879770577"><ele>378.4000244140625</ele><time>2025-06-06T23:24:57.000Z</time></trkpt><trkpt lat="35.915395533666015" lon="139.13894631899893"><ele>378.4000244140625</ele><time>2025-06-06T23:25:01.000Z</time></trkpt><trkpt lat="35.9155273810029" lon="139.1388571355492"><ele>378.5999755859375</ele><time>2025-06-06T23:25:11.000Z</time></trkpt><trkpt lat="35.915626119822264" lon="139.13870953023434"><ele>379.0</ele><time>2025-06-06T23:25:22.000Z</time></trkpt><trkpt lat="35.915698455646634" lon="139.13853996433318"><ele>379.5999755859375</ele><time>2025-06-06T23:25:32.000Z</time></trkpt><trkpt lat="35.91572695411742" lon="139.13847743533552"><ele>380.0</ele><time>2025-06-06T23:25:37.000Z</time></trkpt><trkpt lat="35.91576324775815" lon="139.13839294575155"><ele>380.4000244140625</ele><time>2025-06-06T23:25:42.000Z</time></trkpt><trkpt lat="35.91581513173878" lon="139.13828959688544"><ele>381.20001220703125</ele><time>2025-06-06T23:25:50.000Z</time></trkpt><trkpt lat="35.9158952627331" lon="139.1381705738604"><ele>382.20001220703125</ele><time>2025-06-06T23:26:00.000Z</time></trkpt><trkpt lat="35.91595276258886" lon="139.1380793787539"><ele>382.79998779296875</ele><time>2025-06-06T23:26:07.000Z</time></trkpt><trkpt lat="35.91604454442859" lon="139.13800654001534"><ele>383.5999755859375</ele><time>2025-06-06T23:26:15.000Z</time></trkpt><trkpt lat="35.916107492521405" lon="139.13796119391918"><ele>384.5999755859375</ele><time>2025-06-06T23:26:22.000Z</time></trkpt><trkpt lat="35.91613347642124" lon="139.1379347909242"><ele>384.79998779296875</ele><time>2025-06-06T23:26:25.000Z</time></trkpt><trkpt lat="35.91622802428901" lon="139.13787435740232"><ele>385.79998779296875</ele><time>2025-06-06T23:26:33.000Z</time></trkpt><trkpt lat="35.91629398986697" lon="139.1378013510257"><ele>386.5999755859375</ele><time>2025-06-06T23:26:41.000Z</time></trkpt><trkpt lat="35.91639884747565" lon="139.1376734431833"><ele>387.5999755859375</ele><time>2025-06-06T23:26:52.000Z</time></trkpt><trkpt lat="35.91644352301955" lon="139.13757864385843"><ele>388.79998779296875</ele><time>2025-06-06T23:26:59.000Z</time></trkpt><trkpt lat="35.91650295071304" lon="139.1374564357102"><ele>389.5999755859375</ele><time>2025-06-06T23:27:07.000Z</time></trkpt><trkpt lat="35.916566820815206" lon="139.1372862830758"><ele>390.79998779296875</ele><time>2025-06-06T23:27:17.000Z</time></trkpt><trkpt lat="35.91660227626562" lon="139.13721721619368"><ele>391.4000244140625</ele><time>2025-06-06T23:27:24.000Z</time></trkpt><trkpt lat="35.916635636240244" lon="139.1371530946344"><ele>391.79998779296875</ele><time>2025-06-06T23:27:30.000Z</time></trkpt><trkpt lat="35.91665583662689" lon="139.13702233694494"><ele>392.4000244140625</ele><time>2025-06-06T23:27:38.000Z</time></trkpt><trkpt lat="35.91665022075176" lon="139.13690708577633"><ele>393.20001220703125</ele><time>2025-06-06T23:27:46.000Z</time></trkpt><trkpt lat="35.91663152910769" lon="139.13674112409353"><ele>394.5999755859375</ele><time>2025-06-06T23:27:56.000Z</time></trkpt><trkpt lat="35.916721718385816" lon="139.13661003112793"><ele>395.79998779296875</ele><time>2025-06-06T23:28:05.000Z</time></trkpt><trkpt lat="35.91681584715843" lon="139.13657365366817"><ele>395.4000244140625</ele><time>2025-06-06T23:28:14.000Z</time></trkpt><trkpt lat="35.91687225736678" lon="139.136525625363"><ele>395.79998779296875</ele><time>2025-06-06T23:28:19.000Z</time></trkpt><trkpt lat="35.91703302226961" lon="139.1364196781069"><ele>399.0</ele><time>2025-06-06T23:28:31.000Z</time></trkpt><trkpt lat="35.91709664091468" lon="139.1363472584635"><ele>399.79998779296875</ele><time>2025-06-06T23:28:38.000Z</time></trkpt><trkpt lat="35.91713176108897" lon="139.13613754324615"><ele>401.5999755859375</ele><time>2025-06-06T23:28:51.000Z</time></trkpt><trkpt lat="35.91713838279247" lon="139.13600083440542"><ele>404.20001220703125</ele><time>2025-06-06T23:29:00.000Z</time></trkpt><trkpt lat="35.91714114882052" lon="139.1358657181263"><ele>404.4000244140625</ele><time>2025-06-06T23:29:09.000Z</time></trkpt><trkpt lat="35.9171387180686" lon="139.13574066013098"><ele>405.20001220703125</ele><time>2025-06-06T23:29:17.000Z</time></trkpt><trkpt lat="35.91715489514172" lon="139.13565156050026"><ele>406.0</ele><time>2025-06-06T23:29:24.000Z</time></trkpt><trkpt lat="35.91715179383755" lon="139.13554343394935"><ele>406.5999755859375</ele><time>2025-06-06T23:29:31.000Z</time></trkpt><trkpt lat="35.917174676433206" lon="139.13546078838408"><ele>407.4000244140625</ele><time>2025-06-06T23:29:37.000Z</time></trkpt><trkpt lat="35.917190350592136" lon="139.1353736165911"><ele>408.4000244140625</ele><time>2025-06-06T23:29:45.000Z</time></trkpt><trkpt lat="35.91718699783087" lon="139.1352470498532"><ele>409.4000244140625</ele><time>2025-06-06T23:29:54.000Z</time></trkpt><trkpt lat="35.91716595925391" lon="139.13514328189194"><ele>409.4000244140625</ele><time>2025-06-06T23:30:02.000Z</time></trkpt><trkpt lat="35.91715372167528" lon="139.1349903959781"><ele>411.5999755859375</ele><time>2025-06-06T23:30:12.000Z</time></trkpt><trkpt lat="35.91716252267361" lon="139.13491873070598"><ele>413.0</ele><time>2025-06-06T23:30:16.000Z</time></trkpt><trkpt lat="35.91716813854873" lon="139.1347588878125"><ele>413.20001220703125</ele><time>2025-06-06T23:30:26.000Z</time></trkpt><trkpt lat="35.9171387180686" lon="139.13458387367427"><ele>413.5999755859375</ele><time>2025-06-06T23:30:37.000Z</time></trkpt><trkpt lat="35.917138047516346" lon="139.1344533674419"><ele>414.4000244140625</ele><time>2025-06-06T23:30:46.000Z</time></trkpt><trkpt lat="35.917139472439885" lon="139.1343199275434"><ele>413.79998779296875</ele><time>2025-06-06T23:30:55.000Z</time></trkpt><trkpt lat="35.91715497896075" lon="139.13414591923356"><ele>415.4000244140625</ele><time>2025-06-06T23:31:04.000Z</time></trkpt><trkpt lat="35.91714265756309" lon="139.13398104719818"><ele>416.20001220703125</ele><time>2025-06-06T23:31:13.000Z</time></trkpt><trkpt lat="35.91715883463621" lon="139.1338542290032"><ele>417.0</ele><time>2025-06-06T23:31:21.000Z</time></trkpt><trkpt lat="35.917182471603155" lon="139.13372321985662"><ele>418.0</ele><time>2025-06-06T23:31:29.000Z</time></trkpt><trkpt lat="35.91718574054539" lon="139.13361174054444"><ele>418.79998779296875</ele><time>2025-06-06T23:31:37.000Z</time></trkpt><trkpt lat="35.91720895841718" lon="139.13347176276147"><ele>419.79998779296875</ele><time>2025-06-06T23:31:47.000Z</time></trkpt><trkpt lat="35.91728372499347" lon="139.1333114169538"><ele>421.0</ele><time>2025-06-06T23:31:57.000Z</time></trkpt><trkpt lat="35.917369136586785" lon="139.13317697122693"><ele>422.20001220703125</ele><time>2025-06-06T23:32:07.000Z</time></trkpt><trkpt lat="35.917395036667585" lon="139.13313522934914"><ele>422.5999755859375</ele><time>2025-06-06T23:32:10.000Z</time></trkpt><trkpt lat="35.91744566336274" lon="139.1331021208316"><ele>423.0</ele><time>2025-06-06T23:32:14.000Z</time></trkpt><trkpt lat="35.917554376646876" lon="139.1330011188984"><ele>423.5999755859375</ele><time>2025-06-06T23:32:24.000Z</time></trkpt><trkpt lat="35.91765068471432" lon="139.13294093683362"><ele>425.79998779296875</ele><time>2025-06-06T23:32:33.000Z</time></trkpt><trkpt lat="35.917707765474916" lon="139.13291092962027"><ele>426.20001220703125</ele><time>2025-06-06T23:32:38.000Z</time></trkpt><trkpt lat="35.91776551678777" lon="139.13289508782327"><ele>426.20001220703125</ele><time>2025-06-06T23:32:45.000Z</time></trkpt><trkpt lat="35.91786006465554" lon="139.13295392878354"><ele>425.5999755859375</ele><time>2025-06-06T23:32:53.000Z</time></trkpt><trkpt lat="35.91795972548425" lon="139.13298586383462"><ele>428.4000244140625</ele><time>2025-06-06T23:33:02.000Z</time></trkpt><trkpt lat="35.91803692281246" lon="139.1330466326326"><ele>428.5999755859375</ele><time>2025-06-06T23:33:09.000Z</time></trkpt><trkpt lat="35.91805016621947" lon="139.13306574337184"><ele>428.79998779296875</ele><time>2025-06-06T23:33:17.000Z</time></trkpt><trkpt lat="35.918043963611126" lon="139.1330439504236"><ele>429.0</ele><time>2025-06-06T23:33:45.000Z</time></trkpt><trkpt lat="35.91807154007256" lon="139.13302576169372"><ele>428.79998779296875</ele><time>2025-06-06T23:33:48.000Z</time></trkpt><trkpt lat="35.91818008571863" lon="139.13301545195282"><ele>429.0</ele><time>2025-06-06T23:33:57.000Z</time></trkpt><trkpt lat="35.91831251978874" lon="139.1330069862306"><ele>429.79998779296875</ele><time>2025-06-06T23:34:06.000Z</time></trkpt><trkpt lat="35.91842978261411" lon="139.1329699382186"><ele>430.4000244140625</ele><time>2025-06-06T23:34:15.000Z</time></trkpt><trkpt lat="35.918545788154006" lon="139.13293079473078"><ele>431.4000244140625</ele><time>2025-06-06T23:34:24.000Z</time></trkpt><trkpt lat="35.91865316033363" lon="139.13288653828204"><ele>432.0</ele><time>2025-06-06T23:34:32.000Z</time></trkpt><trkpt lat="35.91874837875366" lon="139.13287304341793"><ele>432.79998779296875</ele><time>2025-06-06T23:34:40.000Z</time></trkpt><trkpt lat="35.918929260224104" lon="139.13294596597552"><ele>434.0</ele><time>2025-06-06T23:34:52.000Z</time></trkpt><trkpt lat="35.91906546615064" lon="139.1329464688897"><ele>434.4000244140625</ele><time>2025-06-06T23:35:01.000Z</time></trkpt><trkpt lat="35.91914266347885" lon="139.13290606811643"><ele>433.79998779296875</ele><time>2025-06-06T23:35:08.000Z</time></trkpt><trkpt lat="35.91922111809254" lon="139.13284437730908"><ele>436.5999755859375</ele><time>2025-06-06T23:35:15.000Z</time></trkpt><trkpt lat="35.91923545114696" lon="139.13282719440758"><ele>437.4000244140625</ele><time>2025-06-06T23:35:17.000Z</time></trkpt><trkpt lat="35.919290855526924" lon="139.1327233426273"><ele>437.79998779296875</ele><time>2025-06-06T23:35:25.000Z</time></trkpt><trkpt lat="35.91935455799103" lon="139.13264413364232"><ele>438.5999755859375</ele><time>2025-06-06T23:35:32.000Z</time></trkpt><trkpt lat="35.919371070340276" lon="139.13258663378656"><ele>439.20001220703125</ele><time>2025-06-06T23:35:36.000Z</time></trkpt><trkpt lat="35.91944105923176" lon="139.1324630845338"><ele>440.5999755859375</ele><time>2025-06-06T23:35:46.000Z</time></trkpt><trkpt lat="35.9194818791002" lon="139.1323533654213"><ele>442.0</ele><time>2025-06-06T23:35:55.000Z</time></trkpt><trkpt lat="35.91950182802975" lon="139.13223979063332"><ele>443.4000244140625</ele><time>2025-06-06T23:36:04.000Z</time></trkpt><trkpt lat="35.91952194459736" lon="139.1321408841759"><ele>444.4000244140625</ele><time>2025-06-06T23:36:11.000Z</time></trkpt><trkpt lat="35.91958589851856" lon="139.13204658776522"><ele>445.5999755859375</ele><time>2025-06-06T23:36:20.000Z</time></trkpt><trkpt lat="35.91959956102073" lon="139.13201238960028"><ele>446.0</ele><time>2025-06-06T23:36:22.000Z</time></trkpt><trkpt lat="35.919685643166304" lon="139.13195673376322"><ele>446.79998779296875</ele><time>2025-06-06T23:36:30.000Z</time></trkpt><trkpt lat="35.91975873336196" lon="139.13191365078092"><ele>447.5999755859375</ele><time>2025-06-06T23:36:36.000Z</time></trkpt><trkpt lat="35.919817574322224" lon="139.13188515231013"><ele>448.20001220703125</ele><time>2025-06-06T23:36:41.000Z</time></trkpt><trkpt lat="35.91985437087715" lon="139.13187651894987"><ele>448.5999755859375</ele><time>2025-06-06T23:36:44.000Z</time></trkpt><trkpt lat="35.91991505585611" lon="139.13185824640095"><ele>449.0</ele><time>2025-06-06T23:36:49.000Z</time></trkpt><trkpt lat="35.92004992067814" lon="139.13180753588676"><ele>449.79998779296875</ele><time>2025-06-06T23:37:00.000Z</time></trkpt><trkpt lat="35.92011513188481" lon="139.131776439026"><ele>450.5999755859375</ele><time>2025-06-06T23:37:07.000Z</time></trkpt><trkpt lat="35.92020649462938" lon="139.13175137713552"><ele>451.4000244140625</ele><time>2025-06-06T23:37:15.000Z</time></trkpt><trkpt lat="35.92029048129916" lon="139.13176177069545"><ele>452.79998779296875</ele><time>2025-06-06T23:37:24.000Z</time></trkpt><trkpt lat="35.92042266391218" lon="139.13172262720764"><ele>454.4000244140625</ele><time>2025-06-06T23:37:34.000Z</time></trkpt><trkpt lat="35.92050765641034" lon="139.1316411551088"><ele>455.79998779296875</ele><time>2025-06-06T23:37:42.000Z</time></trkpt><trkpt lat="35.92056985013187" lon="139.13154937326908"><ele>456.79998779296875</ele><time>2025-06-06T23:37:50.000Z</time></trkpt><trkpt lat="35.92057722620666" lon="139.13153847679496"><ele>457.20001220703125</ele><time>2025-06-06T23:37:51.000Z</time></trkpt><trkpt lat="35.92061368748546" lon="139.1314954776317"><ele>457.79998779296875</ele><time>2025-06-06T23:37:55.000Z</time></trkpt><trkpt lat="35.92062994837761" lon="139.1314709186554"><ele>458.0</ele><time>2025-06-06T23:37:57.000Z</time></trkpt><trkpt lat="35.92065844684839" lon="139.13144778460264"><ele>458.5999755859375</ele><time>2025-06-06T23:38:00.000Z</time></trkpt><trkpt lat="35.92076984234154" lon="139.13142004050314"><ele>459.20001220703125</ele><time>2025-06-06T23:38:08.000Z</time></trkpt><trkpt lat="35.92087076045573" lon="139.131374694407"><ele>460.79998779296875</ele><time>2025-06-06T23:38:17.000Z</time></trkpt><trkpt lat="35.92087956145406" lon="139.13136773742735"><ele>461.20001220703125</ele><time>2025-06-06T23:38:18.000Z</time></trkpt><trkpt lat="35.92100436799228" lon="139.1313321981579"><ele>461.20001220703125</ele><time>2025-06-06T23:38:28.000Z</time></trkpt><trkpt lat="35.9210551623255" lon="139.13128693588078"><ele>461.4000244140625</ele><time>2025-06-06T23:38:33.000Z</time></trkpt><trkpt lat="35.9211450163275" lon="139.13118216209114"><ele>462.79998779296875</ele><time>2025-06-06T23:38:43.000Z</time></trkpt><trkpt lat="35.92115624807775" lon="139.13116137497127"><ele>463.0</ele><time>2025-06-06T23:38:45.000Z</time></trkpt><trkpt lat="35.921222968026996" lon="139.1309952456504"><ele>465.20001220703125</ele><time>2025-06-06T23:38:57.000Z</time></trkpt><trkpt lat="35.92125942930579" lon="139.13090916350484"><ele>466.4000244140625</ele><time>2025-06-06T23:39:04.000Z</time></trkpt><trkpt lat="35.92131843790412" lon="139.13077739998698"><ele>467.79998779296875</ele><time>2025-06-06T23:39:14.000Z</time></trkpt><trkpt lat="35.92132832854986" lon="139.1307573672384"><ele>468.0</ele><time>2025-06-06T23:39:16.000Z</time></trkpt><trkpt lat="35.92141122557223" lon="139.130637338385"><ele>469.79998779296875</ele><time>2025-06-06T23:39:27.000Z</time></trkpt><trkpt lat="35.92144299298525" lon="139.1305599734187"><ele>470.79998779296875</ele><time>2025-06-06T23:39:34.000Z</time></trkpt><trkpt lat="35.921490183100104" lon="139.13044623099267"><ele>472.0</ele><time>2025-06-06T23:39:43.000Z</time></trkpt><trkpt lat="35.921495631337166" lon="139.1304169781506"><ele>472.4000244140625</ele><time>2025-06-06T23:39:45.000Z</time></trkpt><trkpt lat="35.921581629663706" lon="139.1302916686982"><ele>473.79998779296875</ele><time>2025-06-06T23:39:55.000Z</time></trkpt><trkpt lat="35.92165916226804" lon="139.13017918355763"><ele>474.79998779296875</ele><time>2025-06-06T23:40:04.000Z</time></trkpt><trkpt lat="35.921720350161195" lon="139.1300704702735"><ele>476.0</ele><time>2025-06-06T23:40:14.000Z</time></trkpt><trkpt lat="35.921766785904765" lon="139.1299806162715"><ele>477.20001220703125</ele><time>2025-06-06T23:40:23.000Z</time></trkpt><trkpt lat="35.92182478867471" lon="139.12986041978002"><ele>478.5999755859375</ele><time>2025-06-06T23:40:34.000Z</time></trkpt><trkpt lat="35.92185345478356" lon="139.1297433245927"><ele>480.0</ele><time>2025-06-06T23:40:43.000Z</time></trkpt><trkpt lat="35.92190056107938" lon="139.12962287664413"><ele>481.20001220703125</ele><time>2025-06-06T23:40:52.000Z</time></trkpt><trkpt lat="35.92191028408706" lon="139.12959697656333"><ele>481.4000244140625</ele><time>2025-06-06T23:40:54.000Z</time></trkpt><trkpt lat="35.921978848055005" lon="139.12951592355967"><ele>482.20001220703125</ele><time>2025-06-06T23:41:02.000Z</time></trkpt><trkpt lat="35.92206744477153" lon="139.12946705706418"><ele>483.0</ele><time>2025-06-06T23:41:10.000Z</time></trkpt><trkpt lat="35.922124022617936" lon="139.12939555943012"><ele>483.79998779296875</ele><time>2025-06-06T23:41:19.000Z</time></trkpt><trkpt lat="35.92216475866735" lon="139.1293138358742"><ele>484.79998779296875</ele><time>2025-06-06T23:41:27.000Z</time></trkpt><trkpt lat="35.9222071710974" lon="139.12923362106085"><ele>485.79998779296875</ele><time>2025-06-06T23:41:36.000Z</time></trkpt><trkpt lat="35.92233591713011" lon="139.12914779037237"><ele>487.5999755859375</ele><time>2025-06-06T23:41:52.000Z</time></trkpt><trkpt lat="35.92240422964096" lon="139.12912423722446"><ele>488.4000244140625</ele><time>2025-06-06T23:41:59.000Z</time></trkpt><trkpt lat="35.92250087298453" lon="139.12908618338406"><ele>490.20001220703125</ele><time>2025-06-06T23:42:10.000Z</time></trkpt><trkpt lat="35.92262257821858" lon="139.12897906266153"><ele>491.79998779296875</ele><time>2025-06-06T23:42:26.000Z</time></trkpt><trkpt lat="35.922711258754134" lon="139.12887043319643"><ele>493.5999755859375</ele><time>2025-06-06T23:42:38.000Z</time></trkpt><trkpt lat="35.92275358736515" lon="139.12879499606788"><ele>494.4000244140625</ele><time>2025-06-06T23:42:46.000Z</time></trkpt><trkpt lat="35.92275995761156" lon="139.1287884581834"><ele>494.5999755859375</ele><time>2025-06-06T23:42:47.000Z</time></trkpt><trkpt lat="35.92285232618451" lon="139.12875954061747"><ele>495.5999755859375</ele><time>2025-06-06T23:42:57.000Z</time></trkpt><trkpt lat="35.92291938140988" lon="139.12869902327657"><ele>496.79998779296875</ele><time>2025-06-06T23:43:06.000Z</time></trkpt><trkpt lat="35.922997668385506" lon="139.1286322195083"><ele>497.79998779296875</ele><time>2025-06-06T23:43:16.000Z</time></trkpt><trkpt lat="35.92307251878083" lon="139.12857974879444"><ele>499.0</ele><time>2025-06-06T23:43:26.000Z</time></trkpt><trkpt lat="35.923156924545765" lon="139.1285085864365"><ele>500.20001220703125</ele><time>2025-06-06T23:43:37.000Z</time></trkpt><trkpt lat="35.92325205914676" lon="139.12843449041247"><ele>501.5999755859375</ele><time>2025-06-06T23:43:49.000Z</time></trkpt><trkpt lat="35.923305954784155" lon="139.12839325144887"><ele>502.4000244140625</ele><time>2025-06-06T23:43:56.000Z</time></trkpt><trkpt lat="35.923366555944085" lon="139.1283422894776"><ele>503.5999755859375</ele><time>2025-06-06T23:44:05.000Z</time></trkpt><trkpt lat="35.9234606847167" lon="139.12829568609595"><ele>504.79998779296875</ele><time>2025-06-06T23:44:16.000Z</time></trkpt><trkpt lat="35.92353788204491" lon="139.12824757397175"><ele>506.0</ele><time>2025-06-06T23:44:26.000Z</time></trkpt><trkpt lat="35.9235901851207" lon="139.12820423953235"><ele>507.0</ele><time>2025-06-06T23:44:33.000Z</time></trkpt><trkpt lat="35.92367165721953" lon="139.12818538025022"><ele>507.79998779296875</ele><time>2025-06-06T23:44:42.000Z</time></trkpt><trkpt lat="35.92373804189265" lon="139.12816911935806"><ele>509.20001220703125</ele><time>2025-06-06T23:44:50.000Z</time></trkpt><trkpt lat="35.923806354403496" lon="139.12814388982952"><ele>509.79998779296875</ele><time>2025-06-06T23:44:59.000Z</time></trkpt><trkpt lat="35.923860082402825" lon="139.12813073024154"><ele>510.4000244140625</ele><time>2025-06-06T23:45:05.000Z</time></trkpt><trkpt lat="35.92393753118813" lon="139.1280820313841"><ele>510.79998779296875</ele><time>2025-06-06T23:45:13.000Z</time></trkpt><trkpt lat="35.92398589476943" lon="139.12805512547493"><ele>511.79998779296875</ele><time>2025-06-06T23:45:21.000Z</time></trkpt><trkpt lat="35.92406468465924" lon="139.12802034057677"><ele>512.5999755859375</ele><time>2025-06-06T23:45:30.000Z</time></trkpt><trkpt lat="35.92412805184722" lon="139.12793023511767"><ele>513.7999877929688</ele><time>2025-06-06T23:45:42.000Z</time></trkpt><trkpt lat="35.92417951673269" lon="139.1278256289661"><ele>515.0</ele><time>2025-06-06T23:45:53.000Z</time></trkpt><trkpt lat="35.92421958222985" lon="139.12773309275508"><ele>516.2000122070312</ele><time>2025-06-06T23:46:02.000Z</time></trkpt><trkpt lat="35.92426819726825" lon="139.12763846106827"><ele>517.0</ele><time>2025-06-06T23:46:11.000Z</time></trkpt><trkpt lat="35.924325194209814" lon="139.12756813690066"><ele>518.2000122070312</ele><time>2025-06-06T23:46:20.000Z</time></trkpt><trkpt lat="35.92439107596874" lon="139.1276121418923"><ele>519.2000122070312</ele><time>2025-06-06T23:46:30.000Z</time></trkpt><trkpt lat="35.92440918087959" lon="139.12770526483655"><ele>520.0</ele><time>2025-06-06T23:46:37.000Z</time></trkpt><trkpt lat="35.92434489168227" lon="139.1278269700706"><ele>521.0</ele><time>2025-06-06T23:46:47.000Z</time></trkpt><trkpt lat="35.92429803684354" lon="139.1279197577387"><ele>521.5999755859375</ele><time>2025-06-06T23:46:56.000Z</time></trkpt><trkpt lat="35.92429191805422" lon="139.1280267946422"><ele>522.7999877929688</ele><time>2025-06-06T23:47:05.000Z</time></trkpt><trkpt lat="35.92435134574771" lon="139.12811907939613"><ele>523.4000244140625</ele><time>2025-06-06T23:47:15.000Z</time></trkpt><trkpt lat="35.92442225664854" lon="139.1281070932746"><ele>525.199951171875</ele><time>2025-06-06T23:47:24.000Z</time></trkpt><trkpt lat="35.92445444315672" lon="139.12798857316375"><ele>525.800048828125</ele><time>2025-06-06T23:47:36.000Z</time></trkpt><trkpt lat="35.92446609400213" lon="139.12793836556375"><ele>526.199951171875</ele><time>2025-06-06T23:47:40.000Z</time></trkpt><trkpt lat="35.924486964941025" lon="139.12782294675708"><ele>526.800048828125</ele><time>2025-06-06T23:47:49.000Z</time></trkpt><trkpt lat="35.92452183365822" lon="139.1277341824025"><ele>527.4000244140625</ele><time>2025-06-06T23:47:57.000Z</time></trkpt><trkpt lat="35.92456047423184" lon="139.1276289895177"><ele>528.199951171875</ele><time>2025-06-06T23:48:07.000Z</time></trkpt><trkpt lat="35.92462744563818" lon="139.12755087018013"><ele>529.5999755859375</ele><time>2025-06-06T23:48:17.000Z</time></trkpt><trkpt lat="35.924673629924655" lon="139.12749622017145"><ele>530.199951171875</ele><time>2025-06-06T23:48:24.000Z</time></trkpt><trkpt lat="35.924724759534" lon="139.1274350322783"><ele>531.0</ele><time>2025-06-06T23:48:33.000Z</time></trkpt><trkpt lat="35.92479248531163" lon="139.12737191654742"><ele>532.199951171875</ele><time>2025-06-06T23:48:44.000Z</time></trkpt><trkpt lat="35.924821151420474" lon="139.1273589245975"><ele>532.5999755859375</ele><time>2025-06-06T23:48:47.000Z</time></trkpt><trkpt lat="35.9248907212168" lon="139.12731508724391"><ele>533.0</ele><time>2025-06-06T23:48:55.000Z</time></trkpt><trkpt lat="35.924945371225476" lon="139.12727577611804"><ele>534.4000244140625</ele><time>2025-06-06T23:49:02.000Z</time></trkpt><trkpt lat="35.92497445642948" lon="139.12727309390903"><ele>535.199951171875</ele><time>2025-06-06T23:49:05.000Z</time></trkpt><trkpt lat="35.925068920478225" lon="139.12723696790636"><ele>536.0</ele><time>2025-06-06T23:49:15.000Z</time></trkpt><trkpt lat="35.92512063682079" lon="139.12720452994108"><ele>536.800048828125</ele><time>2025-06-06T23:49:22.000Z</time></trkpt><trkpt lat="35.92516439035535" lon="139.12720553576946"><ele>537.5999755859375</ele><time>2025-06-06T23:49:29.000Z</time></trkpt><trkpt lat="35.925202863290906" lon="139.12717385217547"><ele>538.5999755859375</ele><time>2025-06-06T23:49:35.000Z</time></trkpt><trkpt lat="35.92530336230993" lon="139.12715113721788"><ele>540.0</ele><time>2025-06-06T23:49:48.000Z</time></trkpt><trkpt lat="35.92538324184716" lon="139.12717795930803"><ele>541.199951171875</ele><time>2025-06-06T23:49:56.000Z</time></trkpt><trkpt lat="35.92544526793063" lon="139.12717695347965"><ele>542.199951171875</ele><time>2025-06-06T23:50:02.000Z</time></trkpt><trkpt lat="35.92555087991059" lon="139.12710453383625"><ele>543.800048828125</ele><time>2025-06-06T23:50:13.000Z</time></trkpt><trkpt lat="35.92560477554798" lon="139.12707645446062"><ele>544.800048828125</ele><time>2025-06-06T23:50:20.000Z</time></trkpt><trkpt lat="35.92569328844547" lon="139.12713965401053"><ele>545.5999755859375</ele><time>2025-06-06T23:50:29.000Z</time></trkpt><trkpt lat="35.92582932673395" lon="139.12714577279985"><ele>547.199951171875</ele><time>2025-06-06T23:50:41.000Z</time></trkpt><trkpt lat="35.925939716398716" lon="139.1271892748773"><ele>548.4000244140625</ele><time>2025-06-06T23:50:52.000Z</time></trkpt><trkpt lat="35.925965616479516" lon="139.12719313055277"><ele>548.800048828125</ele><time>2025-06-06T23:50:54.000Z</time></trkpt><trkpt lat="35.9260562248528" lon="139.12719497457147"><ele>550.0</ele><time>2025-06-06T23:51:04.000Z</time></trkpt><trkpt lat="35.926141468808055" lon="139.12724769674242"><ele>551.0</ele><time>2025-06-06T23:51:12.000Z</time></trkpt><trkpt lat="35.92625085264444" lon="139.1272663883865"><ele>553.199951171875</ele><time>2025-06-06T23:51:24.000Z</time></trkpt><trkpt lat="35.92628379352391" lon="139.1272743511945"><ele>553.4000244140625</ele><time>2025-06-06T23:51:28.000Z</time></trkpt><trkpt lat="35.92638068832457" lon="139.12726487964392"><ele>554.800048828125</ele><time>2025-06-06T23:51:39.000Z</time></trkpt><trkpt lat="35.92645143158734" lon="139.12719363346696"><ele>556.4000244140625</ele><time>2025-06-06T23:51:50.000Z</time></trkpt><trkpt lat="35.92650666832924" lon="139.12713185884058"><ele>557.4000244140625</ele><time>2025-06-06T23:51:58.000Z</time></trkpt><trkpt lat="35.92655989341438" lon="139.12707553245127"><ele>558.5999755859375</ele><time>2025-06-06T23:52:06.000Z</time></trkpt><trkpt lat="35.92662342824042" lon="139.12701417692006"><ele>560.0</ele><time>2025-06-06T23:52:15.000Z</time></trkpt><trkpt lat="35.926693668588996" lon="139.12699112668633"><ele>561.199951171875</ele><time>2025-06-06T23:52:24.000Z</time></trkpt><trkpt lat="35.92676122672856" lon="139.1270050406456"><ele>562.800048828125</ele><time>2025-06-06T23:52:33.000Z</time></trkpt><trkpt lat="35.92684546485543" lon="139.12698802538216"><ele>564.4000244140625</ele><time>2025-06-06T23:52:43.000Z</time></trkpt><trkpt lat="35.92687798663974" lon="139.12699967622757"><ele>565.800048828125</ele><time>2025-06-06T23:52:52.000Z</time></trkpt><trkpt lat="35.926958033815026" lon="139.12708349525928"><ele>566.800048828125</ele><time>2025-06-06T23:53:01.000Z</time></trkpt><trkpt lat="35.92701234854758" lon="139.12708492018282"><ele>568.0</ele><time>2025-06-06T23:53:08.000Z</time></trkpt><trkpt lat="35.927072279155254" lon="139.12707863375545"><ele>569.800048828125</ele><time>2025-06-06T23:53:16.000Z</time></trkpt><trkpt lat="35.92713179066777" lon="139.12709036841989"><ele>571.0</ele><time>2025-06-06T23:53:24.000Z</time></trkpt><trkpt lat="35.92716967687011" lon="139.12708332762122"><ele>572.4000244140625</ele><time>2025-06-06T23:53:32.000Z</time></trkpt><trkpt lat="35.92721628025174" lon="139.1270988341421"><ele>573.800048828125</ele><time>2025-06-06T23:53:49.000Z</time></trkpt><trkpt lat="35.927300518378615" lon="139.12708173505962"><ele>575.4000244140625</ele><time>2025-06-06T23:54:00.000Z</time></trkpt><trkpt lat="35.92735248617828" lon="139.1270930506289"><ele>577.0</ele><time>2025-06-06T23:54:09.000Z</time></trkpt><trkpt lat="35.92739414423704" lon="139.12710428237915"><ele>577.800048828125</ele><time>2025-06-06T23:54:14.000Z</time></trkpt><trkpt lat="35.927488189190626" lon="139.12710595875978"><ele>579.199951171875</ele><time>2025-06-06T23:54:24.000Z</time></trkpt><trkpt lat="35.92760553583503" lon="139.12706706672907"><ele>581.199951171875</ele><time>2025-06-06T23:54:38.000Z</time></trkpt><trkpt lat="35.92771952971816" lon="139.12705424241722"><ele>583.4000244140625</ele><time>2025-06-06T23:54:51.000Z</time></trkpt><trkpt lat="35.9277553204447" lon="139.12712439894676"><ele>584.199951171875</ele><time>2025-06-06T23:54:59.000Z</time></trkpt><trkpt lat="35.92775867320597" lon="139.12722682580352"><ele>585.5999755859375</ele><time>2025-06-06T23:55:08.000Z</time></trkpt><trkpt lat="35.92769295908511" lon="139.12731123156846"><ele>586.800048828125</ele><time>2025-06-06T23:55:18.000Z</time></trkpt><trkpt lat="35.92762037180364" lon="139.12743494845927"><ele>588.0</ele><time>2025-06-06T23:55:29.000Z</time></trkpt><trkpt lat="35.92763512395322" lon="139.1275193542242"><ele>590.0</ele><time>2025-06-06T23:55:37.000Z</time></trkpt><trkpt lat="35.92772346921265" lon="139.1275555640459"><ele>590.800048828125</ele><time>2025-06-06T23:55:48.000Z</time></trkpt><trkpt lat="35.92781198211014" lon="139.12754374556243"><ele>591.5999755859375</ele><time>2025-06-06T23:55:57.000Z</time></trkpt><trkpt lat="35.92786663211882" lon="139.12751072086394"><ele>592.4000244140625</ele><time>2025-06-06T23:56:03.000Z</time></trkpt><trkpt lat="35.92795346863568" lon="139.12741583772004"><ele>593.5999755859375</ele><time>2025-06-06T23:56:13.000Z</time></trkpt><trkpt lat="35.928002670407295" lon="139.12732263095677"><ele>594.199951171875</ele><time>2025-06-06T23:56:21.000Z</time></trkpt><trkpt lat="35.92805111780763" lon="139.12723537534475"><ele>595.199951171875</ele><time>2025-06-06T23:56:29.000Z</time></trkpt><trkpt lat="35.92813133262098" lon="139.12717175669968"><ele>596.199951171875</ele><time>2025-06-06T23:56:39.000Z</time></trkpt><trkpt lat="35.92822093516588" lon="139.12712548859417"><ele>598.0</ele><time>2025-06-06T23:56:49.000Z</time></trkpt><trkpt lat="35.92833777889609" lon="139.12710025906563"><ele>599.0</ele><time>2025-06-06T23:57:00.000Z</time></trkpt><trkpt lat="35.92843383550644" lon="139.12708978168666"><ele>599.800048828125</ele><time>2025-06-06T23:57:09.000Z</time></trkpt><trkpt lat="35.92849887907505" lon="139.12706337869167"><ele>600.4000244140625</ele><time>2025-06-06T23:57:16.000Z</time></trkpt><trkpt lat="35.92856978997588" lon="139.1270068846643"><ele>601.4000244140625</ele><time>2025-06-06T23:57:26.000Z</time></trkpt><trkpt lat="35.928671127185225" lon="139.12693982943892"><ele>602.800048828125</ele><time>2025-06-06T23:57:39.000Z</time></trkpt><trkpt lat="35.928746899589896" lon="139.1269318666309"><ele>603.4000244140625</ele><time>2025-06-06T23:57:47.000Z</time></trkpt><trkpt lat="35.928772296756506" lon="139.12693614140153"><ele>604.4000244140625</ele><time>2025-06-06T23:57:57.000Z</time></trkpt><trkpt lat="35.92884714715183" lon="139.12694469094276"><ele>605.4000244140625</ele><time>2025-06-06T23:58:05.000Z</time></trkpt><trkpt lat="35.92890297062695" lon="139.12697469815612"><ele>605.800048828125</ele><time>2025-06-06T23:58:15.000Z</time></trkpt><trkpt lat="35.92896935530007" lon="139.1269331239164"><ele>606.800048828125</ele><time>2025-06-06T23:58:28.000Z</time></trkpt><trkpt lat="35.92896348796785" lon="139.12685953080654"><ele>607.800048828125</ele><time>2025-06-06T23:58:38.000Z</time></trkpt><trkpt lat="35.92895577661693" lon="139.1268023662269"><ele>607.4000244140625</ele><time>2025-06-06T23:58:48.000Z</time></trkpt><trkpt lat="35.92896566726267" lon="139.1267740353942"><ele>607.5999755859375</ele><time>2025-06-06T23:58:50.000Z</time></trkpt><trkpt lat="35.928981425240636" lon="139.12675559520721"><ele>607.800048828125</ele><time>2025-06-06T23:58:52.000Z</time></trkpt><trkpt lat="35.92908343300223" lon="139.12668652832508"><ele>608.0</ele><time>2025-06-06T23:59:03.000Z</time></trkpt><trkpt lat="35.92914529144764" lon="139.12663548253477"><ele>609.0</ele><time>2025-06-06T23:59:12.000Z</time></trkpt><trkpt lat="35.929199354723096" lon="139.12654797546566"><ele>610.4000244140625</ele><time>2025-06-06T23:59:24.000Z</time></trkpt><trkpt lat="35.929233049973845" lon="139.12651629187167"><ele>611.4000244140625</ele><time>2025-06-06T23:59:35.000Z</time></trkpt><trkpt lat="35.92928174883127" lon="139.12649751640856"><ele>612.800048828125</ele><time>2025-06-06T23:59:43.000Z</time></trkpt><trkpt lat="35.92933589592576" lon="139.1264812555164"><ele>615.800048828125</ele><time>2025-06-06T23:59:50.000Z</time></trkpt><trkpt lat="35.92942935414612" lon="139.1264093387872"><ele>617.5999755859375</ele><time>2025-06-07T00:00:05.000Z</time></trkpt><trkpt lat="35.92948693782091" lon="139.12635485641658"><ele>619.199951171875</ele><time>2025-06-07T00:00:15.000Z</time></trkpt><trkpt lat="35.92953773215413" lon="139.12627992220223"><ele>620.800048828125</ele><time>2025-06-07T00:00:26.000Z</time></trkpt><trkpt lat="35.92961777932942" lon="139.1262406948954"><ele>622.0</ele><time>2025-06-07T00:00:36.000Z</time></trkpt><trkpt lat="35.92966195195913" lon="139.12618847563863"><ele>623.4000244140625</ele><time>2025-06-07T00:00:44.000Z</time></trkpt><trkpt lat="35.929723558947444" lon="139.12614908069372"><ele>624.5999755859375</ele><time>2025-06-07T00:00:53.000Z</time></trkpt><trkpt lat="35.92979405075312" lon="139.12607967853546"><ele>626.800048828125</ele><time>2025-06-07T00:01:06.000Z</time></trkpt><trkpt lat="35.92983763664961" lon="139.12601362913847"><ele>628.4000244140625</ele><time>2025-06-07T00:01:18.000Z</time></trkpt><trkpt lat="35.92987376265228" lon="139.12591824308038"><ele>630.0</ele><time>2025-06-07T00:01:30.000Z</time></trkpt><trkpt lat="35.92990351840854" lon="139.12588144652545"><ele>630.800048828125</ele><time>2025-06-07T00:01:38.000Z</time></trkpt><trkpt lat="35.92999177984893" lon="139.1258019860834"><ele>632.5999755859375</ele><time>2025-06-07T00:01:52.000Z</time></trkpt><trkpt lat="35.93007207848132" lon="139.12573895417154"><ele>634.199951171875</ele><time>2025-06-07T00:02:04.000Z</time></trkpt><trkpt lat="35.930130165070295" lon="139.1256579849869"><ele>635.800048828125</ele><time>2025-06-07T00:02:15.000Z</time></trkpt><trkpt lat="35.930191688239574" lon="139.12561473436654"><ele>637.800048828125</ele><time>2025-06-07T00:02:28.000Z</time></trkpt><trkpt lat="35.93025245703757" lon="139.1255882475525"><ele>639.199951171875</ele><time>2025-06-07T00:02:38.000Z</time></trkpt><trkpt lat="35.93032747507095" lon="139.1255282331258"><ele>641.199951171875</ele><time>2025-06-07T00:02:50.000Z</time></trkpt><trkpt lat="35.93036628328264" lon="139.12545774132013"><ele>642.800048828125</ele><time>2025-06-07T00:03:01.000Z</time></trkpt><trkpt lat="35.93041489832103" lon="139.12539311684668"><ele>645.0</ele><time>2025-06-07T00:03:12.000Z</time></trkpt><trkpt lat="35.930490754544735" lon="139.12528549320996"><ele>646.199951171875</ele><time>2025-06-07T00:03:27.000Z</time></trkpt><trkpt lat="35.93055018223822" lon="139.12516202777624"><ele>647.800048828125</ele><time>2025-06-07T00:03:41.000Z</time></trkpt><trkpt lat="35.93059058301151" lon="139.12509514018893"><ele>649.0</ele><time>2025-06-07T00:03:50.000Z</time></trkpt><trkpt lat="35.93064917251468" lon="139.12501635029912"><ele>650.5999755859375</ele><time>2025-06-07T00:04:02.000Z</time></trkpt><trkpt lat="35.93069376423955" lon="139.12491593509912"><ele>652.5999755859375</ele><time>2025-06-07T00:04:16.000Z</time></trkpt><trkpt lat="35.93071195296943" lon="139.12484653294086"><ele>654.199951171875</ele><time>2025-06-07T00:04:26.000Z</time></trkpt><trkpt lat="35.93078319914639" lon="139.12476447410882"><ele>656.800048828125</ele><time>2025-06-07T00:04:42.000Z</time></trkpt><trkpt lat="35.93080566264689" lon="139.1246817447245"><ele>658.5999755859375</ele><time>2025-06-07T00:04:55.000Z</time></trkpt><trkpt lat="35.93082703649998" lon="139.12461603060365"><ele>660.0</ele><time>2025-06-07T00:05:04.000Z</time></trkpt><trkpt lat="35.93085746280849" lon="139.12456632591784"><ele>661.199951171875</ele><time>2025-06-07T00:05:12.000Z</time></trkpt><trkpt lat="35.93087799847126" lon="139.1245466284454"><ele>663.0</ele><time>2025-06-07T00:05:28.000Z</time></trkpt><trkpt lat="35.930914375931025" lon="139.12450849078596"><ele>664.199951171875</ele><time>2025-06-07T00:05:38.000Z</time></trkpt><trkpt lat="35.9309605602175" lon="139.1244681738317"><ele>665.4000244140625</ele><time>2025-06-07T00:05:46.000Z</time></trkpt><trkpt lat="35.93100607395172" lon="139.12442659959197"><ele>666.800048828125</ele><time>2025-06-07T00:05:55.000Z</time></trkpt><trkpt lat="35.931016551330686" lon="139.1243780683726"><ele>669.0</ele><time>2025-06-07T00:06:07.000Z</time></trkpt><trkpt lat="35.93105971813202" lon="139.12429617717862"><ele>670.5999755859375</ele><time>2025-06-07T00:06:15.000Z</time></trkpt><trkpt lat="35.9310969337821" lon="139.1242327261716"><ele>671.4000244140625</ele><time>2025-06-07T00:06:23.000Z</time></trkpt><trkpt lat="35.93113004229963" lon="139.12415661849082"><ele>673.0</ele><time>2025-06-07T00:06:34.000Z</time></trkpt><trkpt lat="35.93116918578744" lon="139.12409123964608"><ele>674.4000244140625</ele><time>2025-06-07T00:06:43.000Z</time></trkpt><trkpt lat="35.93121654354036" lon="139.1240212507546"><ele>675.5999755859375</ele><time>2025-06-07T00:06:53.000Z</time></trkpt><trkpt lat="35.931241773068905" lon="139.12394413724542"><ele>676.800048828125</ele><time>2025-06-07T00:07:03.000Z</time></trkpt><trkpt lat="35.93127521686256" lon="139.12384514696896"><ele>678.0</ele><time>2025-06-07T00:07:17.000Z</time></trkpt><trkpt lat="35.931277396157384" lon="139.123779181391"><ele>679.800048828125</ele><time>2025-06-07T00:07:26.000Z</time></trkpt><trkpt lat="35.93127144500613" lon="139.12370977923274"><ele>681.199951171875</ele><time>2025-06-07T00:07:35.000Z</time></trkpt><trkpt lat="35.93128049746156" lon="139.12369318306446"><ele>682.4000244140625</ele><time>2025-06-07T00:07:44.000Z</time></trkpt><trkpt lat="35.931325340643525" lon="139.12359586916864"><ele>684.5999755859375</ele><time>2025-06-07T00:07:59.000Z</time></trkpt><trkpt lat="35.93135098926723" lon="139.12354482337832"><ele>685.4000244140625</ele><time>2025-06-07T00:08:06.000Z</time></trkpt><trkpt lat="35.93140463344753" lon="139.12347793579102"><ele>687.0</ele><time>2025-06-07T00:08:17.000Z</time></trkpt><trkpt lat="35.93144662678242" lon="139.12343317642808"><ele>688.199951171875</ele><time>2025-06-07T00:08:27.000Z</time></trkpt><trkpt lat="35.93145852908492" lon="139.12336754612625"><ele>689.5999755859375</ele><time>2025-06-07T00:08:37.000Z</time></trkpt><trkpt lat="35.93147814273834" lon="139.12334726192057"><ele>690.5999755859375</ele><time>2025-06-07T00:08:45.000Z</time></trkpt><trkpt lat="35.931533463299274" lon="139.12329386919737"><ele>692.199951171875</ele><time>2025-06-07T00:08:57.000Z</time></trkpt><trkpt lat="35.93157134950161" lon="139.12324802018702"><ele>693.199951171875</ele><time>2025-06-07T00:09:05.000Z</time></trkpt><trkpt lat="35.931629687547684" lon="139.12318884395063"><ele>695.0</ele><time>2025-06-07T00:09:17.000Z</time></trkpt><trkpt lat="35.931678637862206" lon="139.12316981703043"><ele>696.4000244140625</ele><time>2025-06-07T00:09:27.000Z</time></trkpt><trkpt lat="35.931760193780065" lon="139.12317249923944"><ele>698.4000244140625</ele><time>2025-06-07T00:09:49.000Z</time></trkpt><trkpt lat="35.93182875774801" lon="139.12316596135497"><ele>700.199951171875</ele><time>2025-06-07T00:10:00.000Z</time></trkpt><trkpt lat="35.931879887357354" lon="139.12316822446883"><ele>701.5999755859375</ele><time>2025-06-07T00:10:09.000Z</time></trkpt><trkpt lat="35.93194459564984" lon="139.12316772155464"><ele>703.4000244140625</ele><time>2025-06-07T00:10:21.000Z</time></trkpt><trkpt lat="35.93201047740877" lon="139.12316721864045"><ele>705.4000244140625</ele><time>2025-06-07T00:10:32.000Z</time></trkpt><trkpt lat="35.93207133002579" lon="139.12314559333026"><ele>707.0</ele><time>2025-06-07T00:10:41.000Z</time></trkpt><trkpt lat="35.93210896477103" lon="139.12308314815164"><ele>708.0</ele><time>2025-06-07T00:10:52.000Z</time></trkpt><trkpt lat="35.93212346546352" lon="139.12302975542843"><ele>709.5999755859375</ele><time>2025-06-07T00:11:05.000Z</time></trkpt><trkpt lat="35.93215053901076" lon="139.12293612957"><ele>711.4000244140625</ele><time>2025-06-07T00:11:17.000Z</time></trkpt><trkpt lat="35.93214207328856" lon="139.12284158170223"><ele>713.0</ele><time>2025-06-07T00:11:30.000Z</time></trkpt><trkpt lat="35.932162776589394" lon="139.12273295223713"><ele>715.199951171875</ele><time>2025-06-07T00:11:45.000Z</time></trkpt><trkpt lat="35.93218264169991" lon="139.12261099554598"><ele>718.0</ele><time>2025-06-07T00:12:04.000Z</time></trkpt><trkpt lat="35.93219814822078" lon="139.12250328809023"><ele>720.199951171875</ele><time>2025-06-07T00:12:19.000Z</time></trkpt><trkpt lat="35.93219957314432" lon="139.1224564332515"><ele>721.800048828125</ele><time>2025-06-07T00:12:28.000Z</time></trkpt><trkpt lat="35.93218859285116" lon="139.12239876575768"><ele>723.0</ele><time>2025-06-07T00:12:36.000Z</time></trkpt><trkpt lat="35.932180881500244" lon="139.12235802970827"><ele>724.0</ele><time>2025-06-07T00:12:43.000Z</time></trkpt><trkpt lat="35.93218549154699" lon="139.1222973447293"><ele>725.199951171875</ele><time>2025-06-07T00:12:52.000Z</time></trkpt><trkpt lat="35.932211223989725" lon="139.1222558543086"><ele>726.5999755859375</ele><time>2025-06-07T00:13:01.000Z</time></trkpt><trkpt lat="35.93220644630492" lon="139.12220497615635"><ele>728.199951171875</ele><time>2025-06-07T00:13:11.000Z</time></trkpt><trkpt lat="35.932220527902246" lon="139.122135322541"><ele>730.5999755859375</ele><time>2025-06-07T00:13:26.000Z</time></trkpt><trkpt lat="35.932215666398406" lon="139.12207757122815"><ele>732.5999755859375</ele><time>2025-06-07T00:13:38.000Z</time></trkpt><trkpt lat="35.932218097150326" lon="139.12207354791462"><ele>735.199951171875</ele><time>2025-06-07T00:13:52.000Z</time></trkpt><trkpt lat="35.93233644962311" lon="139.1220782417804"><ele>737.199951171875</ele><time>2025-06-07T00:14:06.000Z</time></trkpt><trkpt lat="35.93231809325516" lon="139.1219888906926"><ele>739.4000244140625</ele><time>2025-06-07T00:14:19.000Z</time></trkpt><trkpt lat="35.93231641687453" lon="139.12196374498308"><ele>741.199951171875</ele><time>2025-06-07T00:14:32.000Z</time></trkpt><trkpt lat="35.93228423036635" lon="139.12186332978308"><ele>743.0</ele><time>2025-06-07T00:14:46.000Z</time></trkpt><trkpt lat="35.932260593399405" lon="139.12177733145654"><ele>745.0</ele><time>2025-06-07T00:15:01.000Z</time></trkpt><trkpt lat="35.93233569525182" lon="139.12175562232733"><ele>747.4000244140625</ele><time>2025-06-07T00:15:16.000Z</time></trkpt><trkpt lat="35.932408198714256" lon="139.1217465698719"><ele>749.199951171875</ele><time>2025-06-07T00:15:29.000Z</time></trkpt><trkpt lat="35.93245564028621" lon="139.12179828621447"><ele>751.4000244140625</ele><time>2025-06-07T00:15:45.000Z</time></trkpt><trkpt lat="35.932453125715256" lon="139.12175796926022"><ele>752.800048828125</ele><time>2025-06-07T00:15:54.000Z</time></trkpt><trkpt lat="35.93244072049856" lon="139.12168253213167"><ele>754.5999755859375</ele><time>2025-06-07T00:16:06.000Z</time></trkpt><trkpt lat="35.932432590052485" lon="139.12162955850363"><ele>755.800048828125</ele><time>2025-06-07T00:16:17.000Z</time></trkpt><trkpt lat="35.93238925561309" lon="139.12155353464186"><ele>758.4000244140625</ele><time>2025-06-07T00:16:33.000Z</time></trkpt><trkpt lat="35.93236251734197" lon="139.12151179276407"><ele>759.5999755859375</ele><time>2025-06-07T00:16:40.000Z</time></trkpt><trkpt lat="35.93239914625883" lon="139.12149687297642"><ele>760.800048828125</ele><time>2025-06-07T00:16:49.000Z</time></trkpt><trkpt lat="35.932488329708576" lon="139.12146133370697"><ele>763.800048828125</ele><time>2025-06-07T00:17:08.000Z</time></trkpt><trkpt lat="35.932584051042795" lon="139.1214442346245"><ele>765.5999755859375</ele><time>2025-06-07T00:17:20.000Z</time></trkpt><trkpt lat="35.932611459866166" lon="139.121466698125"><ele>767.4000244140625</ele><time>2025-06-07T00:17:30.000Z</time></trkpt><trkpt lat="35.93264825642109" lon="139.12160793319345"><ele>769.0</ele><time>2025-06-07T00:17:40.000Z</time></trkpt><trkpt lat="35.932734087109566" lon="139.12174556404352"><ele>772.199951171875</ele><time>2025-06-07T00:17:59.000Z</time></trkpt><trkpt lat="35.93278203159571" lon="139.12186215631664"><ele>774.5999755859375</ele><time>2025-06-07T00:18:13.000Z</time></trkpt><trkpt lat="35.93279669992626" lon="139.12179082632065"><ele>777.0</ele><time>2025-06-07T00:18:27.000Z</time></trkpt><trkpt lat="35.93279896304011" lon="139.12168068811297"><ele>779.4000244140625</ele><time>2025-06-07T00:18:43.000Z</time></trkpt><trkpt lat="35.93280265107751" lon="139.12158261984587"><ele>781.0</ele><time>2025-06-07T00:18:52.000Z</time></trkpt><trkpt lat="35.93281388282776" lon="139.12142554298043"><ele>783.4000244140625</ele><time>2025-06-07T00:19:09.000Z</time></trkpt><trkpt lat="35.93281254172325" lon="139.12134029902518"><ele>785.5999755859375</ele><time>2025-06-07T00:19:22.000Z</time></trkpt><trkpt lat="35.932782869786024" lon="139.12125027738512"><ele>787.4000244140625</ele><time>2025-06-07T00:19:33.000Z</time></trkpt><trkpt lat="35.93277054838836" lon="139.12122689187527"><ele>788.800048828125</ele><time>2025-06-07T00:19:42.000Z</time></trkpt><trkpt lat="35.93275428749621" lon="139.1211458388716"><ele>790.0</ele><time>2025-06-07T00:19:51.000Z</time></trkpt><trkpt lat="35.93271028250456" lon="139.12109185941517"><ele>791.199951171875</ele><time>2025-06-07T00:20:06.000Z</time></trkpt><trkpt lat="35.93269653618336" lon="139.1210797894746"><ele>791.800048828125</ele><time>2025-06-07T00:20:08.000Z</time></trkpt><trkpt lat="35.932659236714244" lon="139.121033269912"><ele>792.5999755859375</ele><time>2025-06-07T00:20:17.000Z</time></trkpt><trkpt lat="35.93264079652727" lon="139.1209478583187"><ele>794.800048828125</ele><time>2025-06-07T00:20:32.000Z</time></trkpt><trkpt lat="35.93269184231758" lon="139.1209516301751"><ele>796.800048828125</ele><time>2025-06-07T00:20:45.000Z</time></trkpt><trkpt lat="35.93272645957768" lon="139.12096093408763"><ele>798.4000244140625</ele><time>2025-06-07T00:20:56.000Z</time></trkpt><trkpt lat="35.932805836200714" lon="139.12096763961017"><ele>799.5999755859375</ele><time>2025-06-07T00:21:03.000Z</time></trkpt><trkpt lat="35.93284422531724" lon="139.12098398432136"><ele>801.199951171875</ele><time>2025-06-07T00:21:18.000Z</time></trkpt><trkpt lat="35.932950088754296" lon="139.12105984054506"><ele>803.199951171875</ele><time>2025-06-07T00:21:36.000Z</time></trkpt><trkpt lat="35.93300733715296" lon="139.12111382000148"><ele>805.5999755859375</ele><time>2025-06-07T00:21:51.000Z</time></trkpt><trkpt lat="35.93305092304945" lon="139.1211659554392"><ele>807.0</ele><time>2025-06-07T00:22:00.000Z</time></trkpt><trkpt lat="35.933110350742936" lon="139.12125832401216"><ele>809.0</ele><time>2025-06-07T00:22:12.000Z</time></trkpt><trkpt lat="35.933181094005704" lon="139.12135748192668"><ele>811.5999755859375</ele><time>2025-06-07T00:22:27.000Z</time></trkpt><trkpt lat="35.93320389278233" lon="139.12143476307392"><ele>813.800048828125</ele><time>2025-06-07T00:22:39.000Z</time></trkpt><trkpt lat="35.933253932744265" lon="139.12154791876674"><ele>817.0</ele><time>2025-06-07T00:22:54.000Z</time></trkpt><trkpt lat="35.9333504922688" lon="139.12166526541114"><ele>820.0</ele><time>2025-06-07T00:23:09.000Z</time></trkpt><trkpt lat="35.933383433148265" lon="139.12165084853768"><ele>822.199951171875</ele><time>2025-06-07T00:23:20.000Z</time></trkpt><trkpt lat="35.93342517502606" lon="139.12161053158343"><ele>824.4000244140625</ele><time>2025-06-07T00:23:31.000Z</time></trkpt><trkpt lat="35.93346339650452" lon="139.1216292232275"><ele>826.4000244140625</ele><time>2025-06-07T00:23:56.000Z</time></trkpt><trkpt lat="35.93346389941871" lon="139.12162402644753"><ele>826.0</ele><time>2025-06-07T00:24:11.000Z</time></trkpt><trkpt lat="35.9334334731102" lon="139.12155638448894"><ele>826.4000244140625</ele><time>2025-06-07T00:25:00.000Z</time></trkpt><trkpt lat="35.93344529159367" lon="139.12141975946724"><ele>826.800048828125</ele><time>2025-06-07T00:25:14.000Z</time></trkpt><trkpt lat="35.93341846950352" lon="139.1212785243988"><ele>827.800048828125</ele><time>2025-06-07T00:25:29.000Z</time></trkpt><trkpt lat="35.93338754028082" lon="139.12114592269063"><ele>828.0</ele><time>2025-06-07T00:25:42.000Z</time></trkpt><trkpt lat="35.93335962854326" lon="139.12103662267327"><ele>829.4000244140625</ele><time>2025-06-07T00:25:54.000Z</time></trkpt><trkpt lat="35.93331864103675" lon="139.12090921774507"><ele>831.0</ele><time>2025-06-07T00:26:05.000Z</time></trkpt><trkpt lat="35.93321428634226" lon="139.1207435913384"><ele>832.0</ele><time>2025-06-07T00:26:21.000Z</time></trkpt><trkpt lat="35.93319308012724" lon="139.1206891927868"><ele>833.0</ele><time>2025-06-07T00:26:30.000Z</time></trkpt><trkpt lat="35.93312032520771" lon="139.1205604467541"><ele>835.199951171875</ele><time>2025-06-07T00:26:46.000Z</time></trkpt><trkpt lat="35.93307573348284" lon="139.12043429911137"><ele>838.199951171875</ele><time>2025-06-07T00:27:01.000Z</time></trkpt><trkpt lat="35.93302401714027" lon="139.1203305311501"><ele>841.4000244140625</ele><time>2025-06-07T00:27:17.000Z</time></trkpt><trkpt lat="35.93297875486314" lon="139.12023807875812"><ele>843.5999755859375</ele><time>2025-06-07T00:27:31.000Z</time></trkpt><trkpt lat="35.93293122947216" lon="139.12015409208834"><ele>846.199951171875</ele><time>2025-06-07T00:27:47.000Z</time></trkpt><trkpt lat="35.932877752929926" lon="139.12008175626397"><ele>848.199951171875</ele><time>2025-06-07T00:28:01.000Z</time></trkpt><trkpt lat="35.932844476774335" lon="139.1200181376189"><ele>850.199951171875</ele><time>2025-06-07T00:28:13.000Z</time></trkpt><trkpt lat="35.932805920019746" lon="139.11994429305196"><ele>852.5999755859375</ele><time>2025-06-07T00:28:30.000Z</time></trkpt><trkpt lat="35.93277524225414" lon="139.11989509128034"><ele>854.199951171875</ele><time>2025-06-07T00:28:41.000Z</time></trkpt><trkpt lat="35.93272905796766" lon="139.11982082761824"><ele>856.800048828125</ele><time>2025-06-07T00:28:56.000Z</time></trkpt><trkpt lat="35.93270097859204" lon="139.1197770740837"><ele>858.800048828125</ele><time>2025-06-07T00:29:09.000Z</time></trkpt><trkpt lat="35.93265236355364" lon="139.1197295486927"><ele>861.0</ele><time>2025-06-07T00:29:23.000Z</time></trkpt><trkpt lat="35.932633336633444" lon="139.11969258449972"><ele>862.199951171875</ele><time>2025-06-07T00:29:31.000Z</time></trkpt><trkpt lat="35.93257214874029" lon="139.1196188237518"><ele>864.800048828125</ele><time>2025-06-07T00:29:45.000Z</time></trkpt><trkpt lat="35.93253484927118" lon="139.11960247904062"><ele>866.4000244140625</ele><time>2025-06-07T00:29:55.000Z</time></trkpt><trkpt lat="35.93246947042644" lon="139.1195789258927"><ele>868.5999755859375</ele><time>2025-06-07T00:30:09.000Z</time></trkpt><trkpt lat="35.932451616972685" lon="139.1195386927575"><ele>870.199951171875</ele><time>2025-06-07T00:30:19.000Z</time></trkpt><trkpt lat="35.93238799832761" lon="139.11948328837752"><ele>873.199951171875</ele><time>2025-06-07T00:30:38.000Z</time></trkpt><trkpt lat="35.93235723674297" lon="139.1194057557732"><ele>875.199951171875</ele><time>2025-06-07T00:30:50.000Z</time></trkpt><trkpt lat="35.93233376741409" lon="139.1193513572216"><ele>876.5999755859375</ele><time>2025-06-07T00:30:59.000Z</time></trkpt><trkpt lat="35.932318763807416" lon="139.11932034417987"><ele>878.0</ele><time>2025-06-07T00:31:08.000Z</time></trkpt><trkpt lat="35.93231884762645" lon="139.11927592009306"><ele>880.199951171875</ele><time>2025-06-07T00:31:22.000Z</time></trkpt><trkpt lat="35.932274255901575" lon="139.11925052292645"><ele>882.5999755859375</ele><time>2025-06-07T00:31:35.000Z</time></trkpt><trkpt lat="35.932240979745984" lon="139.11920249462128"><ele>885.4000244140625</ele><time>2025-06-07T00:31:51.000Z</time></trkpt><trkpt lat="35.932191191241145" lon="139.11916519515216"><ele>887.4000244140625</ele><time>2025-06-07T00:32:01.000Z</time></trkpt><trkpt lat="35.93216646462679" lon="139.1191380377859"><ele>890.4000244140625</ele><time>2025-06-07T00:32:15.000Z</time></trkpt><trkpt lat="35.93210435472429" lon="139.11904734559357"><ele>892.5999755859375</ele><time>2025-06-07T00:32:26.000Z</time></trkpt><trkpt lat="35.93209614045918" lon="139.11903678439558"><ele>895.199951171875</ele><time>2025-06-07T00:32:41.000Z</time></trkpt><trkpt lat="35.93207417987287" lon="139.11893787793815"><ele>896.800048828125</ele><time>2025-06-07T00:32:50.000Z</time></trkpt><trkpt lat="35.93205314129591" lon="139.1188824735582"><ele>899.4000244140625</ele><time>2025-06-07T00:33:03.000Z</time></trkpt><trkpt lat="35.932035371661186" lon="139.1188415698707"><ele>901.800048828125</ele><time>2025-06-07T00:33:17.000Z</time></trkpt><trkpt lat="35.932007459923625" lon="139.1188021749258"><ele>904.800048828125</ele><time>2025-06-07T00:33:31.000Z</time></trkpt><trkpt lat="35.932007459923625" lon="139.1188021749258"><ele>907.800048828125</ele><time>2025-06-07T00:33:46.000Z</time></trkpt><trkpt lat="35.93198373913765" lon="139.11865834146738"><ele>910.800048828125</ele><time>2025-06-07T00:34:01.000Z</time></trkpt><trkpt lat="35.931971333920956" lon="139.11859832704067"><ele>913.199951171875</ele><time>2025-06-07T00:34:16.000Z</time></trkpt><trkpt lat="35.93195892870426" lon="139.11852104589343"><ele>915.5999755859375</ele><time>2025-06-07T00:34:31.000Z</time></trkpt><trkpt lat="35.93194333836436" lon="139.11845382303"><ele>917.5999755859375</ele><time>2025-06-07T00:34:43.000Z</time></trkpt><trkpt lat="35.93193202279508" lon="139.11839297041297"><ele>919.800048828125</ele><time>2025-06-07T00:34:55.000Z</time></trkpt><trkpt lat="35.931916516274214" lon="139.11833823658526"><ele>923.0</ele><time>2025-06-07T00:35:13.000Z</time></trkpt><trkpt lat="35.93186647631228" lon="139.11826439201832"><ele>925.5999755859375</ele><time>2025-06-07T00:35:26.000Z</time></trkpt><trkpt lat="35.931809060275555" lon="139.11817336454988"><ele>928.4000244140625</ele><time>2025-06-07T00:35:41.000Z</time></trkpt><trkpt lat="35.93178374692798" lon="139.1181226540357"><ele>931.0</ele><time>2025-06-07T00:35:53.000Z</time></trkpt><trkpt lat="35.931750889867544" lon="139.11805207841098"><ele>932.800048828125</ele><time>2025-06-07T00:36:07.000Z</time></trkpt><trkpt lat="35.93173647299409" lon="139.1180114261806"><ele>936.199951171875</ele><time>2025-06-07T00:36:13.000Z</time></trkpt><trkpt lat="35.93173261731863" lon="139.11799675785005"><ele>936.4000244140625</ele><time>2025-06-07T00:36:14.000Z</time></trkpt><trkpt lat="35.931680733338" lon="139.11790799349546"><ele>937.800048828125</ele><time>2025-06-07T00:36:28.000Z</time></trkpt><trkpt lat="35.93164326623082" lon="139.11785409785807"><ele>940.5999755859375</ele><time>2025-06-07T00:36:43.000Z</time></trkpt><trkpt lat="35.931613594293594" lon="139.1178166307509"><ele>943.0</ele><time>2025-06-07T00:36:56.000Z</time></trkpt><trkpt lat="35.93156405724585" lon="139.11778075620532"><ele>945.0</ele><time>2025-06-07T00:37:07.000Z</time></trkpt><trkpt lat="35.93153388239443" lon="139.11774245090783"><ele>947.800048828125</ele><time>2025-06-07T00:37:20.000Z</time></trkpt><trkpt lat="35.931518878787756" lon="139.11773004569113"><ele>950.800048828125</ele><time>2025-06-07T00:37:36.000Z</time></trkpt><trkpt lat="35.93147546052933" lon="139.1176836937666"><ele>952.4000244140625</ele><time>2025-06-07T00:37:45.000Z</time></trkpt><trkpt lat="35.93143313191831" lon="139.11763499490917"><ele>954.5999755859375</ele><time>2025-06-07T00:37:57.000Z</time></trkpt><trkpt lat="35.93142047524452" lon="139.11758797243237"><ele>957.199951171875</ele><time>2025-06-07T00:38:11.000Z</time></trkpt><trkpt lat="35.93139692209661" lon="139.1175536904484"><ele>959.0</ele><time>2025-06-07T00:38:21.000Z</time></trkpt><trkpt lat="35.93135057017207" lon="139.11752737127244"><ele>962.199951171875</ele><time>2025-06-07T00:38:35.000Z</time></trkpt><trkpt lat="35.93130463734269" lon="139.11749325692654"><ele>964.4000244140625</ele><time>2025-06-07T00:38:48.000Z</time></trkpt><trkpt lat="35.93128401786089" lon="139.1174757387489"><ele>967.4000244140625</ele><time>2025-06-07T00:39:01.000Z</time></trkpt><trkpt lat="35.93124738894403" lon="139.11743625998497"><ele>970.4000244140625</ele><time>2025-06-07T00:39:24.000Z</time></trkpt><trkpt lat="35.93122576363385" lon="139.11738538183272"><ele>972.199951171875</ele><time>2025-06-07T00:39:33.000Z</time></trkpt><trkpt lat="35.93118972145021" lon="139.11733869463205"><ele>974.4000244140625</ele><time>2025-06-07T00:39:43.000Z</time></trkpt><trkpt lat="35.93116692267358" lon="139.11732469685376"><ele>976.0</ele><time>2025-06-07T00:39:52.000Z</time></trkpt><trkpt lat="35.93113909475505" lon="139.11723962053657"><ele>979.0</ele><time>2025-06-07T00:40:11.000Z</time></trkpt><trkpt lat="35.93108075670898" lon="139.11719092167914"><ele>981.5999755859375</ele><time>2025-06-07T00:40:24.000Z</time></trkpt><trkpt lat="35.93106566928327" lon="139.11714867688715"><ele>983.5999755859375</ele><time>2025-06-07T00:40:34.000Z</time></trkpt><trkpt lat="35.931013617664576" lon="139.11711146123707"><ele>985.800048828125</ele><time>2025-06-07T00:40:46.000Z</time></trkpt><trkpt lat="35.93099182471633" lon="139.1170734912157"><ele>987.800048828125</ele><time>2025-06-07T00:40:59.000Z</time></trkpt><trkpt lat="35.930982856079936" lon="139.1170261334628"><ele>990.199951171875</ele><time>2025-06-07T00:41:12.000Z</time></trkpt><trkpt lat="35.930970618501306" lon="139.1169449966401"><ele>992.199951171875</ele><time>2025-06-07T00:41:25.000Z</time></trkpt><trkpt lat="35.93091839924455" lon="139.11683795973659"><ele>995.199951171875</ele><time>2025-06-07T00:41:42.000Z</time></trkpt><trkpt lat="35.93089752830565" lon="139.1168055217713"><ele>997.800048828125</ele><time>2025-06-07T00:41:54.000Z</time></trkpt><trkpt lat="35.93086441978812" lon="139.1167312581092"><ele>1001.0</ele><time>2025-06-07T00:42:09.000Z</time></trkpt><trkpt lat="35.930851344019175" lon="139.11672363057733"><ele>1003.4000244140625</ele><time>2025-06-07T00:42:23.000Z</time></trkpt><trkpt lat="35.93084916472435" lon="139.11668582819402"><ele>1004.800048828125</ele><time>2025-06-07T00:42:31.000Z</time></trkpt><trkpt lat="35.93084388412535" lon="139.11658884957433"><ele>1007.199951171875</ele><time>2025-06-07T00:42:43.000Z</time></trkpt><trkpt lat="35.93085612170398" lon="139.11653386428952"><ele>1008.800048828125</ele><time>2025-06-07T00:42:52.000Z</time></trkpt><trkpt lat="35.930875316262245" lon="139.11635465919971"><ele>1011.800048828125</ele><time>2025-06-07T00:43:09.000Z</time></trkpt><trkpt lat="35.930878752842546" lon="139.11624033004045"><ele>1013.199951171875</ele><time>2025-06-07T00:43:21.000Z</time></trkpt><trkpt lat="35.93085452914238" lon="139.11616606637836"><ele>1014.5999755859375</ele><time>2025-06-07T00:43:31.000Z</time></trkpt><trkpt lat="35.930836759507656" lon="139.11600002087653"><ele>1017.0</ele><time>2025-06-07T00:43:48.000Z</time></trkpt><trkpt lat="35.930831395089626" lon="139.11593137308955"><ele>1018.800048828125</ele><time>2025-06-07T00:43:59.000Z</time></trkpt><trkpt lat="35.93080566264689" lon="139.1158759687096"><ele>1021.5999755859375</ele><time>2025-06-07T00:44:13.000Z</time></trkpt><trkpt lat="35.93080122023821" lon="139.11578678525984"><ele>1024.199951171875</ele><time>2025-06-07T00:44:27.000Z</time></trkpt><trkpt lat="35.93081463128328" lon="139.11568854935467"><ele>1027.199951171875</ele><time>2025-06-07T00:44:44.000Z</time></trkpt><trkpt lat="35.93083583749831" lon="139.11556801758707"><ele>1029.800048828125</ele><time>2025-06-07T00:44:59.000Z</time></trkpt><trkpt lat="35.930856289342046" lon="139.11545268259943"><ele>1032.800048828125</ele><time>2025-06-07T00:45:14.000Z</time></trkpt><trkpt lat="35.930798621848226" lon="139.11530817858875"><ele>1034.4000244140625</ele><time>2025-06-07T00:45:28.000Z</time></trkpt><trkpt lat="35.9306944347918" lon="139.1151857189834"><ele>1033.4000244140625</ele><time>2025-06-07T00:45:41.000Z</time></trkpt><trkpt lat="35.930593349039555" lon="139.11509921774268"><ele>1031.5999755859375</ele><time>2025-06-07T00:45:51.000Z</time></trkpt><trkpt lat="35.93051087111235" lon="139.1149742435664"><ele>1030.4000244140625</ele><time>2025-06-07T00:46:01.000Z</time></trkpt><trkpt lat="35.930521097034216" lon="139.11485656164587"><ele>1030.5999755859375</ele><time>2025-06-07T00:46:09.000Z</time></trkpt><trkpt lat="35.93052914366126" lon="139.11470199935138"><ele>1031.4000244140625</ele><time>2025-06-07T00:46:21.000Z</time></trkpt><trkpt lat="35.930526880547404" lon="139.11465799435973"><ele>1031.800048828125</ele><time>2025-06-07T00:46:24.000Z</time></trkpt><trkpt lat="35.9304996393621" lon="139.11441223695874"><ele>1033.199951171875</ele><time>2025-06-07T00:46:41.000Z</time></trkpt><trkpt lat="35.930450186133385" lon="139.11427636630833"><ele>1035.5999755859375</ele><time>2025-06-07T00:46:55.000Z</time></trkpt><trkpt lat="35.930431578308344" lon="139.11416337825358"><ele>1038.199951171875</ele><time>2025-06-07T00:47:07.000Z</time></trkpt><trkpt lat="35.930413557216525" lon="139.1140539944172"><ele>1039.199951171875</ele><time>2025-06-07T00:47:15.000Z</time></trkpt><trkpt lat="35.93039855360985" lon="139.1139033716172"><ele>1040.800048828125</ele><time>2025-06-07T00:47:29.000Z</time></trkpt><trkpt lat="35.93040056526661" lon="139.11379708908498"><ele>1042.199951171875</ele><time>2025-06-07T00:47:40.000Z</time></trkpt><trkpt lat="35.93040123581886" lon="139.11370715126395"><ele>1044.5999755859375</ele><time>2025-06-07T00:47:53.000Z</time></trkpt><trkpt lat="35.93042604625225" lon="139.11361335776746"><ele>1047.199951171875</ele><time>2025-06-07T00:48:09.000Z</time></trkpt><trkpt lat="35.93041833490133" lon="139.1135365795344"><ele>1050.199951171875</ele><time>2025-06-07T00:48:26.000Z</time></trkpt><trkpt lat="35.93041523359716" lon="139.11345535889268"><ele>1052.5999755859375</ele><time>2025-06-07T00:48:42.000Z</time></trkpt><trkpt lat="35.93040408566594" lon="139.11340339109302"><ele>1054.199951171875</ele><time>2025-06-07T00:48:52.000Z</time></trkpt><trkpt lat="35.930470721796155" lon="139.11333709023893"><ele>1057.199951171875</ele><time>2025-06-07T00:49:08.000Z</time></trkpt><trkpt lat="35.93050114810467" lon="139.1132968571037"><ele>1059.4000244140625</ele><time>2025-06-07T00:49:20.000Z</time></trkpt><trkpt lat="35.93053023330867" lon="139.11323223263025"><ele>1062.0</ele><time>2025-06-07T00:49:37.000Z</time></trkpt><trkpt lat="35.93059686943889" lon="139.1131406184286"><ele>1064.800048828125</ele><time>2025-06-07T00:49:53.000Z</time></trkpt><trkpt lat="35.93061128631234" lon="139.113112622872"><ele>1067.0</ele><time>2025-06-07T00:50:06.000Z</time></trkpt><trkpt lat="35.93061128631234" lon="139.113112622872"><ele>1070.0</ele><time>2025-06-07T00:50:23.000Z</time></trkpt><trkpt lat="35.93067624606192" lon="139.11301899701357"><ele>1072.4000244140625</ele><time>2025-06-07T00:50:33.000Z</time></trkpt><trkpt lat="35.93063559383154" lon="139.1129640955478"><ele>1072.800048828125</ele><time>2025-06-07T00:50:40.000Z</time></trkpt><trkpt lat="35.930498046800494" lon="139.1128240339458"><ele>1070.800048828125</ele><time>2025-06-07T00:50:56.000Z</time></trkpt><trkpt lat="35.930363684892654" lon="139.1127059329301"><ele>1068.199951171875</ele><time>2025-06-07T00:51:08.000Z</time></trkpt><trkpt lat="35.93029009178281" lon="139.11263259127736"><ele>1067.0</ele><time>2025-06-07T00:51:16.000Z</time></trkpt><trkpt lat="35.930214738473296" lon="139.11254399456084"><ele>1065.4000244140625</ele><time>2025-06-07T00:51:25.000Z</time></trkpt><trkpt lat="35.93013527803123" lon="139.1124286595732"><ele>1064.199951171875</ele><time>2025-06-07T00:51:35.000Z</time></trkpt><trkpt lat="35.93009621836245" lon="139.11233545280993"><ele>1064.4000244140625</ele><time>2025-06-07T00:51:42.000Z</time></trkpt><trkpt lat="35.93004626221955" lon="139.1122005879879"><ele>1065.5999755859375</ele><time>2025-06-07T00:51:53.000Z</time></trkpt><trkpt lat="35.93001114204526" lon="139.11212406121194"><ele>1067.0</ele><time>2025-06-07T00:52:01.000Z</time></trkpt><trkpt lat="35.929976692423224" lon="139.11203336901963"><ele>1068.800048828125</ele><time>2025-06-07T00:52:12.000Z</time></trkpt><trkpt lat="35.92995682731271" lon="139.11191266961396"><ele>1071.0</ele><time>2025-06-07T00:52:24.000Z</time></trkpt><trkpt lat="35.92994953505695" lon="139.11180856637657"><ele>1072.4000244140625</ele><time>2025-06-07T00:52:32.000Z</time></trkpt><trkpt lat="35.929910726845264" lon="139.11170178093016"><ele>1073.0</ele><time>2025-06-07T00:52:40.000Z</time></trkpt><trkpt lat="35.92987929470837" lon="139.11160689778626"><ele>1073.199951171875</ele><time>2025-06-07T00:52:48.000Z</time></trkpt><trkpt lat="35.92981316149235" lon="139.11141612567008"><ele>1072.5999755859375</ele><time>2025-06-07T00:53:02.000Z</time></trkpt><trkpt lat="35.929791536182165" lon="139.11130875349045"><ele>1073.4000244140625</ele><time>2025-06-07T00:53:12.000Z</time></trkpt><trkpt lat="35.92975993640721" lon="139.1111709550023"><ele>1076.199951171875</ele><time>2025-06-07T00:53:27.000Z</time></trkpt><trkpt lat="35.929707968607545" lon="139.11103256978095"><ele>1078.800048828125</ele><time>2025-06-07T00:53:41.000Z</time></trkpt><trkpt lat="35.92967779375613" lon="139.11091757006943"><ele>1081.4000244140625</ele><time>2025-06-07T00:53:54.000Z</time></trkpt><trkpt lat="35.929682068526745" lon="139.1107877343893"><ele>1084.4000244140625</ele><time>2025-06-07T00:54:09.000Z</time></trkpt><trkpt lat="35.92968424782157" lon="139.11068136803806"><ele>1086.800048828125</ele><time>2025-06-07T00:54:21.000Z</time></trkpt><trkpt lat="35.92966664582491" lon="139.1105353552848"><ele>1089.4000244140625</ele><time>2025-06-07T00:54:35.000Z</time></trkpt><trkpt lat="35.92960646376014" lon="139.11032723262906"><ele>1089.800048828125</ele><time>2025-06-07T00:54:51.000Z</time></trkpt><trkpt lat="35.9295566752553" lon="139.11011626012623"><ele>1088.800048828125</ele><time>2025-06-07T00:55:05.000Z</time></trkpt><trkpt lat="35.92953362502158" lon="139.11000712774694"><ele>1088.5999755859375</ele><time>2025-06-07T00:55:13.000Z</time></trkpt><trkpt lat="35.929531026631594" lon="139.1099277511239"><ele>1088.5999755859375</ele><time>2025-06-07T00:55:19.000Z</time></trkpt><trkpt lat="35.92949163168669" lon="139.10978894680738"><ele>1088.199951171875</ele><time>2025-06-07T00:55:30.000Z</time></trkpt><trkpt lat="35.929486686363816" lon="139.10977796651423"><ele>1088.0</ele><time>2025-06-07T00:55:31.000Z</time></trkpt><trkpt lat="35.92943178489804" lon="139.10962105728686"><ele>1086.5999755859375</ele><time>2025-06-07T00:55:42.000Z</time></trkpt><trkpt lat="35.929377134889364" lon="139.10952332429588"><ele>1085.199951171875</ele><time>2025-06-07T00:55:50.000Z</time></trkpt><trkpt lat="35.92931577935815" lon="139.10942156799138"><ele>1084.0</ele><time>2025-06-07T00:55:59.000Z</time></trkpt><trkpt lat="35.9293182939291" lon="139.10930237732828"><ele>1082.199951171875</ele><time>2025-06-07T00:56:07.000Z</time></trkpt><trkpt lat="35.92931695282459" lon="139.1092802491039"><ele>1081.199951171875</ele><time>2025-06-07T00:56:09.000Z</time></trkpt><trkpt lat="35.92932307161391" lon="139.109111353755"><ele>1083.199951171875</ele><time>2025-06-07T00:56:23.000Z</time></trkpt><trkpt lat="35.92931259423494" lon="139.10899543203413"><ele>1085.5999755859375</ele><time>2025-06-07T00:56:37.000Z</time></trkpt><trkpt lat="35.929302955046296" lon="139.10887992940843"><ele>1088.800048828125</ele><time>2025-06-07T00:56:51.000Z</time></trkpt><trkpt lat="35.929295998066664" lon="139.10870265215635"><ele>1091.5999755859375</ele><time>2025-06-07T00:57:06.000Z</time></trkpt><trkpt lat="35.929310666397214" lon="139.10847977735102"><ele>1092.5999755859375</ele><time>2025-06-07T00:57:21.000Z</time></trkpt><trkpt lat="35.92930966056883" lon="139.10829965025187"><ele>1094.199951171875</ele><time>2025-06-07T00:57:35.000Z</time></trkpt><trkpt lat="35.92927546240389" lon="139.1080721653998"><ele>1095.800048828125</ele><time>2025-06-07T00:57:51.000Z</time></trkpt><trkpt lat="35.92924017459154" lon="139.10790528170764"><ele>1097.199951171875</ele><time>2025-06-07T00:58:05.000Z</time></trkpt><trkpt lat="35.92921318486333" lon="139.10774594172835"><ele>1099.4000244140625</ele><time>2025-06-07T00:58:19.000Z</time></trkpt><trkpt lat="35.92920312657952" lon="139.10765374079347"><ele>1100.5999755859375</ele><time>2025-06-07T00:58:26.000Z</time></trkpt><trkpt lat="35.92918141745031" lon="139.1076083946973"><ele>1101.4000244140625</ele><time>2025-06-07T00:58:30.000Z</time></trkpt><trkpt lat="35.929109249264" lon="139.10748425871134"><ele>1102.800048828125</ele><time>2025-06-07T00:58:41.000Z</time></trkpt><trkpt lat="35.92904303222895" lon="139.10737085156143"><ele>1105.0</ele><time>2025-06-07T00:58:52.000Z</time></trkpt><trkpt lat="35.928998524323106" lon="139.1072991862893"><ele>1103.4000244140625</ele><time>2025-06-07T00:58:59.000Z</time></trkpt><trkpt lat="35.928980335593224" lon="139.10725878551602"><ele>1101.800048828125</ele><time>2025-06-07T00:59:02.000Z</time></trkpt><trkpt lat="35.92896793037653" lon="139.1072343941778"><ele>1102.0</ele><time>2025-06-07T00:59:04.000Z</time></trkpt><trkpt lat="35.928933480754495" lon="139.10714143887162"><ele>1104.5999755859375</ele><time>2025-06-07T00:59:11.000Z</time></trkpt><trkpt lat="35.928848488256335" lon="139.1070039756596"><ele>1106.5999755859375</ele><time>2025-06-07T00:59:25.000Z</time></trkpt><trkpt lat="35.92878336086869" lon="139.10685796290636"><ele>1109.4000244140625</ele><time>2025-06-07T00:59:43.000Z</time></trkpt><trkpt lat="35.92873147688806" lon="139.10675478167832"><ele>1111.4000244140625</ele><time>2025-06-07T00:59:56.000Z</time></trkpt><trkpt lat="35.9286879748106" lon="139.1066645924002"><ele>1113.4000244140625</ele><time>2025-06-07T01:00:08.000Z</time></trkpt><trkpt lat="35.92864975333214" lon="139.10655629821122"><ele>1115.800048828125</ele><time>2025-06-07T01:00:22.000Z</time></trkpt><trkpt lat="35.92862159013748" lon="139.1064404603094"><ele>1117.800048828125</ele><time>2025-06-07T01:00:36.000Z</time></trkpt><trkpt lat="35.92859569005668" lon="139.1063445713371"><ele>1119.5999755859375</ele><time>2025-06-07T01:00:49.000Z</time></trkpt><trkpt lat="35.92857616022229" lon="139.10627039149404"><ele>1121.5999755859375</ele><time>2025-06-07T01:01:00.000Z</time></trkpt><trkpt lat="35.928569957613945" lon="139.10617643035948"><ele>1124.0</ele><time>2025-06-07T01:01:14.000Z</time></trkpt><trkpt lat="35.92853995040059" lon="139.10608749836683"><ele>1126.5999755859375</ele><time>2025-06-07T01:01:28.000Z</time></trkpt><trkpt lat="35.92850583605468" lon="139.10602572374046"><ele>1129.199951171875</ele><time>2025-06-07T01:01:44.000Z</time></trkpt><trkpt lat="35.92847063206136" lon="139.10594374872744"><ele>1131.199951171875</ele><time>2025-06-07T01:01:56.000Z</time></trkpt><trkpt lat="35.92846233397722" lon="139.10589764826"><ele>1133.199951171875</ele><time>2025-06-07T01:02:09.000Z</time></trkpt><trkpt lat="35.928415562957525" lon="139.10578943789005"><ele>1134.5999755859375</ele><time>2025-06-07T01:02:21.000Z</time></trkpt><trkpt lat="35.92837516218424" lon="139.10568105988204"><ele>1136.800048828125</ele><time>2025-06-07T01:02:34.000Z</time></trkpt><trkpt lat="35.92832285910845" lon="139.1055873502046"><ele>1138.800048828125</ele><time>2025-06-07T01:02:48.000Z</time></trkpt><trkpt lat="35.92823501676321" lon="139.1054758708924"><ele>1141.199951171875</ele><time>2025-06-07T01:03:03.000Z</time></trkpt><trkpt lat="35.92817408032715" lon="139.10539481788874"><ele>1143.5999755859375</ele><time>2025-06-07T01:03:17.000Z</time></trkpt><trkpt lat="35.92812563292682" lon="139.10528702661395"><ele>1146.4000244140625</ele><time>2025-06-07T01:03:32.000Z</time></trkpt><trkpt lat="35.928104342892766" lon="139.10525023005903"><ele>1147.800048828125</ele><time>2025-06-07T01:03:42.000Z</time></trkpt><trkpt lat="35.92805698513985" lon="139.10515249706805"><ele>1149.0</ele><time>2025-06-07T01:03:54.000Z</time></trkpt><trkpt lat="35.92804105952382" lon="139.10502308048308"><ele>1151.0</ele><time>2025-06-07T01:04:08.000Z</time></trkpt><trkpt lat="35.928023122251034" lon="139.10487731918693"><ele>1152.5999755859375</ele><time>2025-06-07T01:04:21.000Z</time></trkpt><trkpt lat="35.92802211642265" lon="139.1047765687108"><ele>1154.199951171875</ele><time>2025-06-07T01:04:35.000Z</time></trkpt><trkpt lat="35.92802882194519" lon="139.1046454757452"><ele>1157.0</ele><time>2025-06-07T01:04:52.000Z</time></trkpt><trkpt lat="35.928000658750534" lon="139.1045381873846"><ele>1159.800048828125</ele><time>2025-06-07T01:05:08.000Z</time></trkpt><trkpt lat="35.92800669372082" lon="139.10446844995022"><ele>1162.4000244140625</ele><time>2025-06-07T01:05:21.000Z</time></trkpt><trkpt lat="35.92798045836389" lon="139.10438982769847"><ele>1165.199951171875</ele><time>2025-06-07T01:05:44.000Z</time></trkpt><trkpt lat="35.927986493334174" lon="139.1043206769973"><ele>1167.199951171875</ele><time>2025-06-07T01:05:56.000Z</time></trkpt><trkpt lat="35.927972327917814" lon="139.10425001755357"><ele>1168.5999755859375</ele><time>2025-06-07T01:06:06.000Z</time></trkpt><trkpt lat="35.92795656993985" lon="139.10421288572252"><ele>1170.5999755859375</ele><time>2025-06-07T01:06:16.000Z</time></trkpt><trkpt lat="35.92793368734419" lon="139.10415085963905"><ele>1173.5999755859375</ele><time>2025-06-07T01:06:42.000Z</time></trkpt><trkpt lat="35.927915750071406" lon="139.10406896844506"><ele>1175.5999755859375</ele><time>2025-06-07T01:06:54.000Z</time></trkpt><trkpt lat="35.92788523994386" lon="139.10399445332587"><ele>1178.0</ele><time>2025-06-07T01:07:08.000Z</time></trkpt><trkpt lat="35.92786646448076" lon="139.1039326786995"><ele>1179.5999755859375</ele><time>2025-06-07T01:07:18.000Z</time></trkpt><trkpt lat="35.927861016243696" lon="139.10385598428547"><ele>1182.0</ele><time>2025-06-07T01:07:31.000Z</time></trkpt><trkpt lat="35.927834026515484" lon="139.10379957407713"><ele>1183.800048828125</ele><time>2025-06-07T01:07:42.000Z</time></trkpt><trkpt lat="35.927831176668406" lon="139.10378817468882"><ele>1185.5999755859375</ele><time>2025-06-07T01:07:53.000Z</time></trkpt><trkpt lat="35.927819358184934" lon="139.10372262820601"><ele>1187.0</ele><time>2025-06-07T01:08:16.000Z</time></trkpt><trkpt lat="35.927796475589275" lon="139.10365456715226"><ele>1190.0</ele><time>2025-06-07T01:08:34.000Z</time></trkpt><trkpt lat="35.927777364850044" lon="139.10362305119634"><ele>1192.5999755859375</ele><time>2025-06-07T01:08:46.000Z</time></trkpt><trkpt lat="35.927748028188944" lon="139.1035391483456"><ele>1195.4000244140625</ele><time>2025-06-07T01:09:01.000Z</time></trkpt><trkpt lat="35.927708465605974" lon="139.10345834679902"><ele>1198.199951171875</ele><time>2025-06-07T01:09:15.000Z</time></trkpt><trkpt lat="35.92767292633653" lon="139.103386932984"><ele>1200.0</ele><time>2025-06-07T01:09:25.000Z</time></trkpt><trkpt lat="35.92764224857092" lon="139.1032899543643"><ele>1202.0</ele><time>2025-06-07T01:09:38.000Z</time></trkpt><trkpt lat="35.92762623913586" lon="139.1032386571169"><ele>1203.5999755859375</ele><time>2025-06-07T01:09:48.000Z</time></trkpt><trkpt lat="35.927598578855395" lon="139.10315944813192"><ele>1205.5999755859375</ele><time>2025-06-07T01:10:01.000Z</time></trkpt><trkpt lat="35.92756228521466" lon="139.1030660737306"><ele>1207.800048828125</ele><time>2025-06-07T01:10:15.000Z</time></trkpt><trkpt lat="35.92753387056291" lon="139.1030383296311"><ele>1210.199951171875</ele><time>2025-06-07T01:10:29.000Z</time></trkpt><trkpt lat="35.92751509509981" lon="139.10298191942275"><ele>1211.0</ele><time>2025-06-07T01:10:42.000Z</time></trkpt><trkpt lat="35.92748676426709" lon="139.10286775790155"><ele>1213.4000244140625</ele><time>2025-06-07T01:10:56.000Z</time></trkpt><trkpt lat="35.92746103182435" lon="139.10277153365314"><ele>1215.5999755859375</ele><time>2025-06-07T01:11:08.000Z</time></trkpt><trkpt lat="35.92742247506976" lon="139.10271269269288"><ele>1217.5999755859375</ele><time>2025-06-07T01:11:19.000Z</time></trkpt><trkpt lat="35.92741426080465" lon="139.1027407720685"><ele>1219.0</ele><time>2025-06-07T01:11:34.000Z</time></trkpt><trkpt lat="35.92743504792452" lon="139.10270154476166"><ele>1219.4000244140625</ele><time>2025-06-07T01:11:44.000Z</time></trkpt><trkpt lat="35.927453488111496" lon="139.1026561986655"><ele>1219.4000244140625</ele><time>2025-06-07T01:11:49.000Z</time></trkpt><trkpt lat="35.92747561633587" lon="139.10256542265415"><ele>1219.5999755859375</ele><time>2025-06-07T01:12:02.000Z</time></trkpt><trkpt lat="35.92750243842602" lon="139.10248185507953"><ele>1219.4000244140625</ele><time>2025-06-07T01:12:11.000Z</time></trkpt><trkpt lat="35.927552143111825" lon="139.10232234746218"><ele>1220.5999755859375</ele><time>2025-06-07T01:12:25.000Z</time></trkpt><trkpt lat="35.927588772028685" lon="139.10224095918238"><ele>1221.4000244140625</ele><time>2025-06-07T01:12:34.000Z</time></trkpt><trkpt lat="35.927639817819" lon="139.1021017357707"><ele>1223.0</ele><time>2025-06-07T01:12:47.000Z</time></trkpt><trkpt lat="35.927670327946544" lon="139.10200559534132"><ele>1224.800048828125</ele><time>2025-06-07T01:12:59.000Z</time></trkpt><trkpt lat="35.92767586000264" lon="139.10192269831896"><ele>1227.0</ele><time>2025-06-07T01:13:10.000Z</time></trkpt><trkpt lat="35.927694384008646" lon="139.10184315405786"><ele>1227.800048828125</ele><time>2025-06-07T01:13:23.000Z</time></trkpt><trkpt lat="35.92770813032985" lon="139.10182228311896"><ele>1229.800048828125</ele><time>2025-06-07T01:13:27.000Z</time></trkpt><trkpt lat="35.92774987220764" lon="139.10175053402781"><ele>1231.800048828125</ele><time>2025-06-07T01:13:37.000Z</time></trkpt><trkpt lat="35.927788093686104" lon="139.10162304528058"><ele>1233.4000244140625</ele><time>2025-06-07T01:13:53.000Z</time></trkpt><trkpt lat="35.927810138091445" lon="139.10159236751497"><ele>1235.4000244140625</ele><time>2025-06-07T01:14:10.000Z</time></trkpt><trkpt lat="35.92784115113318" lon="139.1015250608325"><ele>1237.199951171875</ele><time>2025-06-07T01:14:22.000Z</time></trkpt><trkpt lat="35.92784215696156" lon="139.10151743330061"><ele>1239.5999755859375</ele><time>2025-06-07T01:14:38.000Z</time></trkpt><trkpt lat="35.92791164293885" lon="139.10140578635037"><ele>1242.5999755859375</ele><time>2025-06-07T01:14:58.000Z</time></trkpt><trkpt lat="35.92796294018626" lon="139.10133856348693"><ele>1245.5999755859375</ele><time>2025-06-07T01:15:14.000Z</time></trkpt><trkpt lat="35.9280111361295" lon="139.10130109637976"><ele>1247.800048828125</ele><time>2025-06-07T01:15:27.000Z</time></trkpt><trkpt lat="35.928061762824655" lon="139.10123588517308"><ele>1250.5999755859375</ele><time>2025-06-07T01:15:44.000Z</time></trkpt><trkpt lat="35.92811347916722" lon="139.10118903033435"><ele>1252.4000244140625</ele><time>2025-06-07T01:15:56.000Z</time></trkpt><trkpt lat="35.92816033400595" lon="139.10111309029162"><ele>1254.4000244140625</ele><time>2025-06-07T01:16:11.000Z</time></trkpt><trkpt lat="35.92820526100695" lon="139.10102223046124"><ele>1256.199951171875</ele><time>2025-06-07T01:16:25.000Z</time></trkpt><trkpt lat="35.928241638466716" lon="139.10096137784421"><ele>1257.4000244140625</ele><time>2025-06-07T01:16:34.000Z</time></trkpt><trkpt lat="35.92829737812281" lon="139.1008009482175"><ele>1258.4000244140625</ele><time>2025-06-07T01:16:48.000Z</time></trkpt><trkpt lat="35.92830768786371" lon="139.10076113417745"><ele>1259.199951171875</ele><time>2025-06-07T01:17:01.000Z</time></trkpt><trkpt lat="35.92831498011947" lon="139.10073556937277"><ele>1259.800048828125</ele><time>2025-06-07T01:17:14.000Z</time></trkpt><trkpt lat="35.92835605144501" lon="139.1006529238075"><ele>1260.800048828125</ele><time>2025-06-07T01:17:29.000Z</time></trkpt><trkpt lat="35.9283787664026" lon="139.10060757771134"><ele>1262.5999755859375</ele><time>2025-06-07T01:17:38.000Z</time></trkpt><trkpt lat="35.92842444777489" lon="139.10056843422353"><ele>1264.5999755859375</ele><time>2025-06-07T01:17:47.000Z</time></trkpt><trkpt lat="35.92849787324667" lon="139.10052862018347"><ele>1267.199951171875</ele><time>2025-06-07T01:17:59.000Z</time></trkpt><trkpt lat="35.928533244878054" lon="139.1005241777748"><ele>1267.800048828125</ele><time>2025-06-07T01:18:10.000Z</time></trkpt><trkpt lat="35.92855797149241" lon="139.1005318891257"><ele>1267.800048828125</ele><time>2025-06-07T01:18:25.000Z</time></trkpt><trkpt lat="35.928599797189236" lon="139.10042309202254"><ele>1266.5999755859375</ele><time>2025-06-07T01:24:59.000Z</time></trkpt><trkpt lat="35.92862544581294" lon="139.10036969929934"><ele>1263.5999755859375</ele><time>2025-06-07T01:25:13.000Z</time></trkpt><trkpt lat="35.92869426123798" lon="139.1002651769668"><ele>1261.199951171875</ele><time>2025-06-07T01:25:24.000Z</time></trkpt><trkpt lat="35.92875779606402" lon="139.1001562960446"><ele>1259.4000244140625</ele><time>2025-06-07T01:25:33.000Z</time></trkpt><trkpt lat="35.92881881631911" lon="139.1001026518643"><ele>1258.800048828125</ele><time>2025-06-07T01:25:41.000Z</time></trkpt><trkpt lat="35.92890992760658" lon="139.10003542900085"><ele>1258.0</ele><time>2025-06-07T01:25:51.000Z</time></trkpt><trkpt lat="35.929019562900066" lon="139.09996451810002"><ele>1257.4000244140625</ele><time>2025-06-07T01:26:04.000Z</time></trkpt><trkpt lat="35.929038086906075" lon="139.09991657361388"><ele>1258.0</ele><time>2025-06-07T01:26:12.000Z</time></trkpt><trkpt lat="35.92906574718654" lon="139.09984935075045"><ele>1259.0</ele><time>2025-06-07T01:26:21.000Z</time></trkpt><trkpt lat="35.92909835278988" lon="139.09981758333743"><ele>1258.800048828125</ele><time>2025-06-07T01:26:33.000Z</time></trkpt><trkpt lat="35.92915861867368" lon="139.09978573210537"><ele>1257.0</ele><time>2025-06-07T01:26:43.000Z</time></trkpt><trkpt lat="35.92926221899688" lon="139.09978866577148"><ele>1255.800048828125</ele><time>2025-06-07T01:26:56.000Z</time></trkpt><trkpt lat="35.92930622398853" lon="139.09977324306965"><ele>1254.5999755859375</ele><time>2025-06-07T01:27:01.000Z</time></trkpt><trkpt lat="35.92936531640589" lon="139.0997088700533"><ele>1253.5999755859375</ele><time>2025-06-07T01:27:11.000Z</time></trkpt><trkpt lat="35.92944712378085" lon="139.0996293257922"><ele>1251.4000244140625</ele><time>2025-06-07T01:27:23.000Z</time></trkpt><trkpt lat="35.92945693060756" lon="139.09962127916515"><ele>1251.199951171875</ele><time>2025-06-07T01:27:24.000Z</time></trkpt><trkpt lat="35.92955365777016" lon="139.09955883398652"><ele>1249.800048828125</ele><time>2025-06-07T01:27:35.000Z</time></trkpt><trkpt lat="35.92967117205262" lon="139.09949462860823"><ele>1248.0</ele><time>2025-06-07T01:27:47.000Z</time></trkpt><trkpt lat="35.92974627390504" lon="139.09943444654346"><ele>1246.0</ele><time>2025-06-07T01:27:59.000Z</time></trkpt><trkpt lat="35.929853143170476" lon="139.099340736866"><ele>1243.5999755859375</ele><time>2025-06-07T01:28:11.000Z</time></trkpt><trkpt lat="35.92994961887598" lon="139.09927586093545"><ele>1242.800048828125</ele><time>2025-06-07T01:28:24.000Z</time></trkpt><trkpt lat="35.93002866022289" lon="139.0992497932166"><ele>1242.5999755859375</ele><time>2025-06-07T01:28:42.000Z</time></trkpt><trkpt lat="35.930130165070295" lon="139.09925214014947"><ele>1241.199951171875</ele><time>2025-06-07T01:28:53.000Z</time></trkpt><trkpt lat="35.930169224739075" lon="139.0992630366236"><ele>1240.0</ele><time>2025-06-07T01:28:57.000Z</time></trkpt><trkpt lat="35.93026142567396" lon="139.09929572604597"><ele>1237.0</ele><time>2025-06-07T01:29:08.000Z</time></trkpt><trkpt lat="35.9303318336606" lon="139.0992921218276"><ele>1235.199951171875</ele><time>2025-06-07T01:29:19.000Z</time></trkpt><trkpt lat="35.9303907584399" lon="139.09929296001792"><ele>1234.4000244140625</ele><time>2025-06-07T01:29:27.000Z</time></trkpt><trkpt lat="35.93046074733138" lon="139.09929656423628"><ele>1233.800048828125</ele><time>2025-06-07T01:29:38.000Z</time></trkpt><trkpt lat="35.930493688210845" lon="139.09930176101625"><ele>1234.199951171875</ele><time>2025-06-07T01:29:50.000Z</time></trkpt><trkpt lat="35.93055093660951" lon="139.0993008390069"><ele>1235.0</ele><time>2025-06-07T01:30:03.000Z</time></trkpt><trkpt lat="35.93061229214072" lon="139.09931869246066"><ele>1236.199951171875</ele><time>2025-06-07T01:30:14.000Z</time></trkpt><trkpt lat="35.930681778118014" lon="139.09929539076984"><ele>1235.800048828125</ele><time>2025-06-07T01:30:48.000Z</time></trkpt><trkpt lat="35.9307877253741" lon="139.09924786537886"><ele>1234.0</ele><time>2025-06-07T01:31:01.000Z</time></trkpt><trkpt lat="35.930881686508656" lon="139.09918885678053"><ele>1231.5999755859375</ele><time>2025-06-07T01:31:13.000Z</time></trkpt><trkpt lat="35.93088906258345" lon="139.09917938522995"><ele>1231.4000244140625</ele><time>2025-06-07T01:31:14.000Z</time></trkpt><trkpt lat="35.93097715638578" lon="139.0991374757141"><ele>1229.4000244140625</ele><time>2025-06-07T01:31:22.000Z</time></trkpt><trkpt lat="35.93104605562985" lon="139.09917628392577"><ele>1227.800048828125</ele><time>2025-06-07T01:31:29.000Z</time></trkpt><trkpt lat="35.931091234087944" lon="139.0991697460413"><ele>1226.4000244140625</ele><time>2025-06-07T01:31:38.000Z</time></trkpt><trkpt lat="35.93113163486123" lon="139.09917594864964"><ele>1225.4000244140625</ele><time>2025-06-07T01:31:45.000Z</time></trkpt><trkpt lat="35.931223165243864" lon="139.09914024174213"><ele>1223.5999755859375</ele><time>2025-06-07T01:31:54.000Z</time></trkpt><trkpt lat="35.93127127736807" lon="139.0990719292313"><ele>1220.800048828125</ele><time>2025-06-07T01:32:04.000Z</time></trkpt><trkpt lat="35.93133104033768" lon="139.09899573773146"><ele>1218.800048828125</ele><time>2025-06-07T01:32:26.000Z</time></trkpt><trkpt lat="35.93135601840913" lon="139.09896288067102"><ele>1219.199951171875</ele><time>2025-06-07T01:32:35.000Z</time></trkpt><trkpt lat="35.931365825235844" lon="139.09895743243396"><ele>1220.199951171875</ele><time>2025-06-07T01:32:44.000Z</time></trkpt><trkpt lat="35.93147085048258" lon="139.09894712269306"><ele>1222.4000244140625</ele><time>2025-06-07T01:33:05.000Z</time></trkpt><trkpt lat="35.931473867967725" lon="139.0989440213889"><ele>1224.0</ele><time>2025-06-07T01:33:22.000Z</time></trkpt><trkpt lat="35.93149616383016" lon="139.09897034056485"><ele>1224.0</ele><time>2025-06-07T01:34:10.000Z</time></trkpt><trkpt lat="35.93153924681246" lon="139.09896505996585"><ele>1223.4000244140625</ele><time>2025-06-07T01:34:19.000Z</time></trkpt><trkpt lat="35.931586269289255" lon="139.09895047545433"><ele>1223.800048828125</ele><time>2025-06-07T01:34:32.000Z</time></trkpt><trkpt lat="35.931657599285245" lon="139.09892004914582"><ele>1226.199951171875</ele><time>2025-06-07T01:34:55.000Z</time></trkpt><trkpt lat="35.931657599285245" lon="139.09892004914582"><ele>1229.199951171875</ele><time>2025-06-07T01:35:21.000Z</time></trkpt><trkpt lat="35.931657599285245" lon="139.09892004914582"><ele>1232.4000244140625</ele><time>2025-06-07T01:35:59.000Z</time></trkpt><trkpt lat="35.931800343096256" lon="139.0988864377141"><ele>1234.800048828125</ele><time>2025-06-07T01:36:22.000Z</time></trkpt><trkpt lat="35.93182532116771" lon="139.09885768778622"><ele>1236.800048828125</ele><time>2025-06-07T01:36:34.000Z</time></trkpt><trkpt lat="35.931828590109944" lon="139.09884343855083"><ele>1239.199951171875</ele><time>2025-06-07T01:36:50.000Z</time></trkpt><trkpt lat="35.931889275088906" lon="139.09876364283264"><ele>1239.4000244140625</ele><time>2025-06-07T01:37:20.000Z</time></trkpt><trkpt lat="35.93186957761645" lon="139.09872801974416"><ele>1240.0</ele><time>2025-06-07T01:37:34.000Z</time></trkpt><trkpt lat="35.93184954486787" lon="139.09872156567872"><ele>1241.5999755859375</ele><time>2025-06-07T01:37:45.000Z</time></trkpt><trkpt lat="35.93193034641445" lon="139.098743442446"><ele>1239.5999755859375</ele><time>2025-06-07T01:38:48.000Z</time></trkpt><trkpt lat="35.9319915343076" lon="139.0987521596253"><ele>1238.0</ele><time>2025-06-07T01:38:59.000Z</time></trkpt><trkpt lat="35.93205817043781" lon="139.09874067641795"><ele>1236.800048828125</ele><time>2025-06-07T01:39:08.000Z</time></trkpt><trkpt lat="35.9321366250515" lon="139.09870253875852"><ele>1236.199951171875</ele><time>2025-06-07T01:39:19.000Z</time></trkpt><trkpt lat="35.93225187622011" lon="139.09865853376687"><ele>1235.5999755859375</ele><time>2025-06-07T01:39:34.000Z</time></trkpt><trkpt lat="35.93230686150491" lon="139.09859156236053"><ele>1234.5999755859375</ele><time>2025-06-07T01:39:45.000Z</time></trkpt><trkpt lat="35.932355895638466" lon="139.09856608137488"><ele>1233.0</ele><time>2025-06-07T01:39:55.000Z</time></trkpt><trkpt lat="35.932355895638466" lon="139.09856608137488"><ele>1230.0</ele><time>2025-06-07T01:40:28.000Z</time></trkpt><trkpt lat="35.932455053552985" lon="139.09856121987104"><ele>1229.800048828125</ele><time>2025-06-07T01:40:32.000Z</time></trkpt><trkpt lat="35.93257927335799" lon="139.09855032339692"><ele>1228.800048828125</ele><time>2025-06-07T01:40:46.000Z</time></trkpt><trkpt lat="35.932676922529936" lon="139.09853314049542"><ele>1231.199951171875</ele><time>2025-06-07T01:41:02.000Z</time></trkpt><trkpt lat="35.932759484276175" lon="139.09850464202464"><ele>1232.5999755859375</ele><time>2025-06-07T01:41:13.000Z</time></trkpt><trkpt lat="35.93278747983277" lon="139.09845342859626"><ele>1231.800048828125</ele><time>2025-06-07T01:41:24.000Z</time></trkpt><trkpt lat="35.93283332884312" lon="139.09842861816287"><ele>1230.5999755859375</ele><time>2025-06-07T01:41:34.000Z</time></trkpt><trkpt lat="35.93290683813393" lon="139.0984191466123"><ele>1228.4000244140625</ele><time>2025-06-07T01:41:44.000Z</time></trkpt><trkpt lat="35.93295629136264" lon="139.09842861816287"><ele>1226.5999755859375</ele><time>2025-06-07T01:41:54.000Z</time></trkpt><trkpt lat="35.93295629136264" lon="139.09842861816287"><ele>1223.4000244140625</ele><time>2025-06-07T01:42:27.000Z</time></trkpt><trkpt lat="35.9330293815583" lon="139.09840665757656"><ele>1220.800048828125</ele><time>2025-06-07T01:42:46.000Z</time></trkpt><trkpt lat="35.93308822251856" lon="139.0984186436981"><ele>1217.800048828125</ele><time>2025-06-07T01:42:56.000Z</time></trkpt><trkpt lat="35.93311403878033" lon="139.09840774722397"><ele>1216.4000244140625</ele><time>2025-06-07T01:43:03.000Z</time></trkpt><trkpt lat="35.93312853947282" lon="139.09841252490878"><ele>1213.199951171875</ele><time>2025-06-07T01:43:15.000Z</time></trkpt><trkpt lat="35.93317715451121" lon="139.09841084852815"><ele>1210.800048828125</ele><time>2025-06-07T01:43:38.000Z</time></trkpt><trkpt lat="35.9332746360451" lon="139.0984048973769"><ele>1207.5999755859375</ele><time>2025-06-07T01:43:51.000Z</time></trkpt><trkpt lat="35.933377062901855" lon="139.09840825013816"><ele>1205.199951171875</ele><time>2025-06-07T01:44:04.000Z</time></trkpt><trkpt lat="35.93345258384943" lon="139.09841244108975"><ele>1203.199951171875</ele><time>2025-06-07T01:44:20.000Z</time></trkpt><trkpt lat="35.93351427465677" lon="139.09836374223232"><ele>1201.5999755859375</ele><time>2025-06-07T01:44:31.000Z</time></trkpt><trkpt lat="35.933543946594" lon="139.09835636615753"><ele>1199.4000244140625</ele><time>2025-06-07T01:44:43.000Z</time></trkpt><trkpt lat="35.93357068486512" lon="139.09830322489142"><ele>1197.0</ele><time>2025-06-07T01:45:01.000Z</time></trkpt><trkpt lat="35.93362214975059" lon="139.0982891432941"><ele>1195.0</ele><time>2025-06-07T01:45:09.000Z</time></trkpt><trkpt lat="35.93365148641169" lon="139.09826634451747"><ele>1194.199951171875</ele><time>2025-06-07T01:45:12.000Z</time></trkpt><trkpt lat="35.93376372009516" lon="139.09820012748241"><ele>1191.4000244140625</ele><time>2025-06-07T01:45:22.000Z</time></trkpt><trkpt lat="35.933817867189646" lon="139.09823994152248"><ele>1189.0</ele><time>2025-06-07T01:45:30.000Z</time></trkpt><trkpt lat="35.93388257548213" lon="139.0982315596193"><ele>1186.4000244140625</ele><time>2025-06-07T01:45:42.000Z</time></trkpt><trkpt lat="35.9339757822454" lon="139.09824153408408"><ele>1183.4000244140625</ele><time>2025-06-07T01:45:54.000Z</time></trkpt><trkpt lat="35.93406479805708" lon="139.0982378460467"><ele>1183.800048828125</ele><time>2025-06-07T01:46:08.000Z</time></trkpt><trkpt lat="35.934152053669095" lon="139.0982256922871"><ele>1186.199951171875</ele><time>2025-06-07T01:46:22.000Z</time></trkpt><trkpt lat="35.9341689851135" lon="139.09821705892682"><ele>1188.4000244140625</ele><time>2025-06-07T01:46:42.000Z</time></trkpt><trkpt lat="35.93420737423003" lon="139.09821018576622"><ele>1191.4000244140625</ele><time>2025-06-07T01:46:56.000Z</time></trkpt><trkpt lat="35.934293288737535" lon="139.09819048829377"><ele>1191.800048828125</ele><time>2025-06-07T01:47:09.000Z</time></trkpt><trkpt lat="35.93430728651583" lon="139.09818587824702"><ele>1193.4000244140625</ele><time>2025-06-07T01:47:27.000Z</time></trkpt><trkpt lat="35.93434777110815" lon="139.09815243445337"><ele>1196.0</ele><time>2025-06-07T01:48:03.000Z</time></trkpt><trkpt lat="35.93434777110815" lon="139.09815243445337"><ele>1199.199951171875</ele><time>2025-06-07T01:48:17.000Z</time></trkpt><trkpt lat="35.934469643980265" lon="139.0980872232467"><ele>1201.5999755859375</ele><time>2025-06-07T01:48:30.000Z</time></trkpt><trkpt lat="35.934521444141865" lon="139.09803852438927"><ele>1202.0</ele><time>2025-06-07T01:48:39.000Z</time></trkpt><trkpt lat="35.93453887850046" lon="139.09799376502633"><ele>1202.199951171875</ele><time>2025-06-07T01:48:49.000Z</time></trkpt><trkpt lat="35.93455446884036" lon="139.0979632548988"><ele>1202.5999755859375</ele><time>2025-06-07T01:49:02.000Z</time></trkpt><trkpt lat="35.934572825208306" lon="139.09792855381966"><ele>1202.800048828125</ele><time>2025-06-07T01:49:12.000Z</time></trkpt><trkpt lat="35.93460224568844" lon="139.09785605035722"><ele>1202.800048828125</ele><time>2025-06-07T01:49:27.000Z</time></trkpt><trkpt lat="35.9346111305058" lon="139.09782093018293"><ele>1203.4000244140625</ele><time>2025-06-07T01:49:39.000Z</time></trkpt><trkpt lat="35.934635857120156" lon="139.09776728600264"><ele>1204.800048828125</ele><time>2025-06-07T01:49:50.000Z</time></trkpt><trkpt lat="35.93463594093919" lon="139.09775789827108"><ele>1207.800048828125</ele><time>2025-06-07T01:50:04.000Z</time></trkpt><trkpt lat="35.93465211801231" lon="139.09763535484672"><ele>1210.5999755859375</ele><time>2025-06-07T01:50:53.000Z</time></trkpt><trkpt lat="35.93465211801231" lon="139.09763535484672"><ele>1213.5999755859375</ele><time>2025-06-07T01:51:28.000Z</time></trkpt><trkpt lat="35.934711964800954" lon="139.09750032238662"><ele>1212.5999755859375</ele><time>2025-06-07T01:51:45.000Z</time></trkpt><trkpt lat="35.93476803973317" lon="139.09743242897093"><ele>1212.800048828125</ele><time>2025-06-07T01:51:55.000Z</time></trkpt><trkpt lat="35.934783294796944" lon="139.0973958838731"><ele>1214.199951171875</ele><time>2025-06-07T01:52:05.000Z</time></trkpt><trkpt lat="35.93483769334853" lon="139.09738867543638"><ele>1217.199951171875</ele><time>2025-06-07T01:52:40.000Z</time></trkpt><trkpt lat="35.93488052487373" lon="139.09739647060633"><ele>1218.4000244140625</ele><time>2025-06-07T01:52:49.000Z</time></trkpt><trkpt lat="35.93493718653917" lon="139.09736847504973"><ele>1220.800048828125</ele><time>2025-06-07T01:53:44.000Z</time></trkpt><trkpt lat="35.93493718653917" lon="139.09736847504973"><ele>1224.0</ele><time>2025-06-07T01:54:05.000Z</time></trkpt><trkpt lat="35.93493517488241" lon="139.0972948819399"><ele>1225.4000244140625</ele><time>2025-06-07T01:54:20.000Z</time></trkpt><trkpt lat="35.93494908884168" lon="139.09721399657428"><ele>1227.199951171875</ele><time>2025-06-07T01:54:31.000Z</time></trkpt><trkpt lat="35.93495428562164" lon="139.0971765294671"><ele>1228.800048828125</ele><time>2025-06-07T01:54:44.000Z</time></trkpt><trkpt lat="35.93495118431747" lon="139.09711039625108"><ele>1230.4000244140625</ele><time>2025-06-07T01:54:58.000Z</time></trkpt><trkpt lat="35.93495604582131" lon="139.09703336656094"><ele>1232.0</ele><time>2025-06-07T01:55:08.000Z</time></trkpt><trkpt lat="35.93498479574919" lon="139.0969592705369"><ele>1233.199951171875</ele><time>2025-06-07T01:55:17.000Z</time></trkpt><trkpt lat="35.935033494606614" lon="139.09689724445343"><ele>1234.800048828125</ele><time>2025-06-07T01:55:28.000Z</time></trkpt><trkpt lat="35.93504749238491" lon="139.09682298079133"><ele>1236.4000244140625</ele><time>2025-06-07T01:55:38.000Z</time></trkpt><trkpt lat="35.935070626437664" lon="139.09672206267715"><ele>1237.0</ele><time>2025-06-07T01:55:51.000Z</time></trkpt><trkpt lat="35.935075990855694" lon="139.09663992002606"><ele>1234.4000244140625</ele><time>2025-06-07T01:56:01.000Z</time></trkpt><trkpt lat="35.935076996684074" lon="139.09663388505578"><ele>1234.199951171875</ele><time>2025-06-07T01:56:02.000Z</time></trkpt><trkpt lat="35.93508353456855" lon="139.09660312347114"><ele>1236.199951171875</ele><time>2025-06-07T01:56:06.000Z</time></trkpt><trkpt lat="35.93508931808174" lon="139.09653514623642"><ele>1237.5999755859375</ele><time>2025-06-07T01:56:17.000Z</time></trkpt><trkpt lat="35.935136172920465" lon="139.09641067497432"><ele>1238.800048828125</ele><time>2025-06-07T01:56:30.000Z</time></trkpt><trkpt lat="35.93516995199025" lon="139.09629902802408"><ele>1239.199951171875</ele><time>2025-06-07T01:56:41.000Z</time></trkpt><trkpt lat="35.93520515598357" lon="139.09624052233994"><ele>1239.199951171875</ele><time>2025-06-07T01:56:53.000Z</time></trkpt><trkpt lat="35.93525595031679" lon="139.09612317569554"><ele>1239.4000244140625</ele><time>2025-06-07T01:57:06.000Z</time></trkpt><trkpt lat="35.93525796197355" lon="139.09606508910656"><ele>1240.4000244140625</ele><time>2025-06-07T01:57:15.000Z</time></trkpt><trkpt lat="35.935274893417954" lon="139.09605109132826"><ele>1242.800048828125</ele><time>2025-06-07T01:57:27.000Z</time></trkpt><trkpt lat="35.93531822785735" lon="139.09599392674863"><ele>1245.800048828125</ele><time>2025-06-07T01:57:42.000Z</time></trkpt><trkpt lat="35.93533809296787" lon="139.09595168195665"><ele>1246.800048828125</ele><time>2025-06-07T01:57:46.000Z</time></trkpt><trkpt lat="35.93534831888974" lon="139.0959277935326"><ele>1247.0</ele><time>2025-06-07T01:57:48.000Z</time></trkpt><trkpt lat="35.935361478477716" lon="139.0959028992802"><ele>1248.0</ele><time>2025-06-07T01:57:56.000Z</time></trkpt><trkpt lat="35.93537958338857" lon="139.09584975801408"><ele>1248.800048828125</ele><time>2025-06-07T01:58:04.000Z</time></trkpt><trkpt lat="35.93539425171912" lon="139.0958421304822"><ele>1249.800048828125</ele><time>2025-06-07T01:58:32.000Z</time></trkpt><trkpt lat="35.93539425171912" lon="139.0958421304822"><ele>1249.0</ele><time>2025-06-07T02:03:29.000Z</time></trkpt><trkpt lat="35.93546901829541" lon="139.09579502418637"><ele>1247.0</ele><time>2025-06-07T02:07:08.000Z</time></trkpt><trkpt lat="35.93552341684699" lon="139.09573392011225"><ele>1244.199951171875</ele><time>2025-06-07T02:07:19.000Z</time></trkpt><trkpt lat="35.9355609677732" lon="139.0957004763186"><ele>1242.0</ele><time>2025-06-07T02:07:27.000Z</time></trkpt><trkpt lat="35.935626262798905" lon="139.09566937945783"><ele>1239.4000244140625</ele><time>2025-06-07T02:07:34.000Z</time></trkpt><trkpt lat="35.93571921810508" lon="139.09564096480608"><ele>1236.4000244140625</ele><time>2025-06-07T02:07:43.000Z</time></trkpt><trkpt lat="35.93575685285032" lon="139.0955979656428"><ele>1235.0</ele><time>2025-06-07T02:07:52.000Z</time></trkpt><trkpt lat="35.93578618951142" lon="139.09559972584248"><ele>1234.800048828125</ele><time>2025-06-07T02:08:01.000Z</time></trkpt><trkpt lat="35.935849975794554" lon="139.09560617990792"><ele>1233.0</ele><time>2025-06-07T02:08:11.000Z</time></trkpt><trkpt lat="35.9359219763428" lon="139.09560089930892"><ele>1229.800048828125</ele><time>2025-06-07T02:08:23.000Z</time></trkpt><trkpt lat="35.9359838347882" lon="139.09561162814498"><ele>1226.5999755859375</ele><time>2025-06-07T02:08:34.000Z</time></trkpt><trkpt lat="35.93602046370506" lon="139.0955939423293"><ele>1224.4000244140625</ele><time>2025-06-07T02:08:41.000Z</time></trkpt><trkpt lat="35.936092464253306" lon="139.09559922292829"><ele>1221.4000244140625</ele><time>2025-06-07T02:08:57.000Z</time></trkpt><trkpt lat="35.93613965436816" lon="139.09561187960207"><ele>1219.0</ele><time>2025-06-07T02:09:06.000Z</time></trkpt><trkpt lat="35.93618458136916" lon="139.0956365223974"><ele>1217.4000244140625</ele><time>2025-06-07T02:09:11.000Z</time></trkpt><trkpt lat="35.936261024326086" lon="139.0956647694111"><ele>1214.800048828125</ele><time>2025-06-07T02:09:21.000Z</time></trkpt><trkpt lat="35.93632212840021" lon="139.09568924456835"><ele>1211.4000244140625</ele><time>2025-06-07T02:09:32.000Z</time></trkpt><trkpt lat="35.936373341828585" lon="139.09573157317936"><ele>1208.5999755859375</ele><time>2025-06-07T02:09:41.000Z</time></trkpt><trkpt lat="35.936438385397196" lon="139.09575982019305"><ele>1205.800048828125</ele><time>2025-06-07T02:09:49.000Z</time></trkpt><trkpt lat="35.93652069568634" lon="139.0957792662084"><ele>1202.5999755859375</ele><time>2025-06-07T02:09:57.000Z</time></trkpt><trkpt lat="35.93658615835011" lon="139.09579804167151"><ele>1199.5999755859375</ele><time>2025-06-07T02:10:07.000Z</time></trkpt><trkpt lat="35.93662521801889" lon="139.0958191640675"><ele>1197.800048828125</ele><time>2025-06-07T02:10:17.000Z</time></trkpt><trkpt lat="35.93666184693575" lon="139.09581664949656"><ele>1196.800048828125</ele><time>2025-06-07T02:10:24.000Z</time></trkpt><trkpt lat="35.93670652247965" lon="139.09585227258503"><ele>1195.199951171875</ele><time>2025-06-07T02:10:33.000Z</time></trkpt><trkpt lat="35.936712473630905" lon="139.0958579722792"><ele>1192.4000244140625</ele><time>2025-06-07T02:10:51.000Z</time></trkpt><trkpt lat="35.936712473630905" lon="139.0958579722792"><ele>1189.199951171875</ele><time>2025-06-07T02:11:35.000Z</time></trkpt><trkpt lat="35.936762765049934" lon="139.09595428034663"><ele>1189.0</ele><time>2025-06-07T02:12:14.000Z</time></trkpt><trkpt lat="35.93677366152406" lon="139.0959718823433"><ele>1185.800048828125</ele><time>2025-06-07T02:12:31.000Z</time></trkpt><trkpt lat="35.93681339174509" lon="139.09599057398736"><ele>1184.0</ele><time>2025-06-07T02:12:39.000Z</time></trkpt><trkpt lat="35.936881033703685" lon="139.0960194915533"><ele>1183.0</ele><time>2025-06-07T02:12:47.000Z</time></trkpt><trkpt lat="35.93693593516946" lon="139.0960722975433"><ele>1180.4000244140625</ele><time>2025-06-07T02:12:55.000Z</time></trkpt><trkpt lat="35.93700148165226" lon="139.09608545713127"><ele>1177.199951171875</ele><time>2025-06-07T02:13:06.000Z</time></trkpt><trkpt lat="35.9370700456202" lon="139.09610716626048"><ele>1174.199951171875</ele><time>2025-06-07T02:13:15.000Z</time></trkpt><trkpt lat="35.93714263290167" lon="139.09612954594195"><ele>1171.199951171875</ele><time>2025-06-07T02:13:26.000Z</time></trkpt><trkpt lat="35.93717196956277" lon="139.09615125507116"><ele>1169.199951171875</ele><time>2025-06-07T02:13:37.000Z</time></trkpt><trkpt lat="35.937264589592814" lon="139.0961870457977"><ele>1167.5999755859375</ele><time>2025-06-07T02:13:47.000Z</time></trkpt><trkpt lat="35.93731773085892" lon="139.09624513238668"><ele>1165.800048828125</ele><time>2025-06-07T02:13:57.000Z</time></trkpt><trkpt lat="35.93737464398146" lon="139.0963234193623"><ele>1163.4000244140625</ele><time>2025-06-07T02:14:10.000Z</time></trkpt><trkpt lat="35.93745041638613" lon="139.09635837189853"><ele>1161.199951171875</ele><time>2025-06-07T02:14:22.000Z</time></trkpt><trkpt lat="35.93748075887561" lon="139.09638343378901"><ele>1158.199951171875</ele><time>2025-06-07T02:14:26.000Z</time></trkpt><trkpt lat="35.93755887821317" lon="139.0964029636234"><ele>1158.0</ele><time>2025-06-07T02:14:38.000Z</time></trkpt><trkpt lat="35.937605649232864" lon="139.0963862836361"><ele>1156.199951171875</ele><time>2025-06-07T02:14:47.000Z</time></trkpt><trkpt lat="35.9376866184175" lon="139.09639801830053"><ele>1154.4000244140625</ele><time>2025-06-07T02:14:58.000Z</time></trkpt><trkpt lat="35.93778284266591" lon="139.09638938494027"><ele>1151.4000244140625</ele><time>2025-06-07T02:15:10.000Z</time></trkpt><trkpt lat="35.9378541726619" lon="139.09639676101506"><ele>1148.0</ele><time>2025-06-07T02:15:19.000Z</time></trkpt><trkpt lat="35.93790245242417" lon="139.09643238410354"><ele>1145.0</ele><time>2025-06-07T02:15:28.000Z</time></trkpt><trkpt lat="35.93796003609896" lon="139.09647203050554"><ele>1142.0</ele><time>2025-06-07T02:15:39.000Z</time></trkpt><trkpt lat="35.938012171536684" lon="139.09652466885746"><ele>1139.4000244140625</ele><time>2025-06-07T02:15:48.000Z</time></trkpt><trkpt lat="35.938029773533344" lon="139.09654545597732"><ele>1138.800048828125</ele><time>2025-06-07T02:15:50.000Z</time></trkpt><trkpt lat="35.93814787454903" lon="139.0966365672648"><ele>1135.4000244140625</ele><time>2025-06-07T02:16:04.000Z</time></trkpt><trkpt lat="35.93819808214903" lon="139.09667696803808"><ele>1132.800048828125</ele><time>2025-06-07T02:16:14.000Z</time></trkpt><trkpt lat="35.938287349417806" lon="139.0967488847673"><ele>1129.800048828125</ele><time>2025-06-07T02:16:26.000Z</time></trkpt><trkpt lat="35.93830034136772" lon="139.09675776958466"><ele>1129.0</ele><time>2025-06-07T02:16:28.000Z</time></trkpt><trkpt lat="35.93834116123617" lon="139.09680789336562"><ele>1125.800048828125</ele><time>2025-06-07T02:16:38.000Z</time></trkpt><trkpt lat="35.938373766839504" lon="139.09678584896028"><ele>1122.800048828125</ele><time>2025-06-07T02:16:49.000Z</time></trkpt><trkpt lat="35.93840251676738" lon="139.09681334160268"><ele>1120.4000244140625</ele><time>2025-06-07T02:16:56.000Z</time></trkpt><trkpt lat="35.93845599330962" lon="139.0967687498778"><ele>1117.800048828125</ele><time>2025-06-07T02:17:05.000Z</time></trkpt><trkpt lat="35.9384897723794" lon="139.09680026583374"><ele>1116.4000244140625</ele><time>2025-06-07T02:17:11.000Z</time></trkpt><trkpt lat="35.93853486701846" lon="139.09683236852288"><ele>1113.199951171875</ele><time>2025-06-07T02:17:20.000Z</time></trkpt><trkpt lat="35.93860125169158" lon="139.09685843624175"><ele>1110.4000244140625</ele><time>2025-06-07T02:17:29.000Z</time></trkpt><trkpt lat="35.93870476819575" lon="139.0968395769596"><ele>1107.0</ele><time>2025-06-07T02:17:38.000Z</time></trkpt><trkpt lat="35.9388246294111" lon="139.09683831967413"><ele>1103.800048828125</ele><time>2025-06-07T02:17:48.000Z</time></trkpt><trkpt lat="35.93887785449624" lon="139.09685994498432"><ele>1102.800048828125</ele><time>2025-06-07T02:17:56.000Z</time></trkpt><trkpt lat="35.93895538710058" lon="139.09691208042204"><ele>1101.800048828125</ele><time>2025-06-07T02:18:04.000Z</time></trkpt><trkpt lat="35.93904775567353" lon="139.09697896800935"><ele>1100.5999755859375</ele><time>2025-06-07T02:18:13.000Z</time></trkpt><trkpt lat="35.93916954472661" lon="139.0970472805202"><ele>1099.800048828125</ele><time>2025-06-07T02:18:23.000Z</time></trkpt><trkpt lat="35.93926073983312" lon="139.0971157606691"><ele>1099.199951171875</ele><time>2025-06-07T02:18:34.000Z</time></trkpt><trkpt lat="35.939297368749976" lon="139.09710184670985"><ele>1099.199951171875</ele><time>2025-06-07T02:18:51.000Z</time></trkpt><trkpt lat="35.939354533329606" lon="139.09709187224507"><ele>1100.199951171875</ele><time>2025-06-07T02:19:00.000Z</time></trkpt><trkpt lat="35.93938563019037" lon="139.09713353030384"><ele>1098.199951171875</ele><time>2025-06-07T02:19:08.000Z</time></trkpt><trkpt lat="35.93943885527551" lon="139.09718935377896"><ele>1095.4000244140625</ele><time>2025-06-07T02:19:20.000Z</time></trkpt><trkpt lat="35.93946215696633" lon="139.09712615422904"><ele>1092.5999755859375</ele><time>2025-06-07T02:19:31.000Z</time></trkpt><trkpt lat="35.93948847614229" lon="139.0970972366631"><ele>1090.0</ele><time>2025-06-07T02:19:41.000Z</time></trkpt><trkpt lat="35.93953315168619" lon="139.09709488973022"><ele>1087.0</ele><time>2025-06-07T02:19:53.000Z</time></trkpt><trkpt lat="35.93957514502108" lon="139.09711316227913"><ele>1084.199951171875</ele><time>2025-06-07T02:20:05.000Z</time></trkpt><trkpt lat="35.93958453275263" lon="139.09703345037997"><ele>1081.4000244140625</ele><time>2025-06-07T02:20:16.000Z</time></trkpt><trkpt lat="35.93959568068385" lon="139.09696446731687"><ele>1078.800048828125</ele><time>2025-06-07T02:20:27.000Z</time></trkpt><trkpt lat="35.939629124477506" lon="139.09697745926678"><ele>1075.800048828125</ele><time>2025-06-07T02:20:43.000Z</time></trkpt><trkpt lat="35.93964588828385" lon="139.09700545482337"><ele>1075.199951171875</ele><time>2025-06-07T02:20:46.000Z</time></trkpt><trkpt lat="35.93967874534428" lon="139.0970449335873"><ele>1074.0</ele><time>2025-06-07T02:20:50.000Z</time></trkpt><trkpt lat="35.93974404036999" lon="139.09710947424173"><ele>1072.199951171875</ele><time>2025-06-07T02:20:57.000Z</time></trkpt><trkpt lat="35.93976583331823" lon="139.09711936488748"><ele>1071.800048828125</ele><time>2025-06-07T02:20:59.000Z</time></trkpt><trkpt lat="35.93988535925746" lon="139.0971485339105"><ele>1069.199951171875</ele><time>2025-06-07T02:21:08.000Z</time></trkpt><trkpt lat="35.93990262597799" lon="139.09716655500233"><ele>1066.0</ele><time>2025-06-07T02:21:15.000Z</time></trkpt><trkpt lat="35.93992995098233" lon="139.09717577509582"><ele>1068.0</ele><time>2025-06-07T02:21:30.000Z</time></trkpt><trkpt lat="35.939971357584" lon="139.09717627801"><ele>1068.199951171875</ele><time>2025-06-07T02:21:37.000Z</time></trkpt><trkpt lat="35.94003145582974" lon="139.09718147478998"><ele>1068.199951171875</ele><time>2025-06-07T02:21:44.000Z</time></trkpt><trkpt lat="35.94013446941972" lon="139.0971968974918"><ele>1067.5999755859375</ele><time>2025-06-07T02:21:52.000Z</time></trkpt><trkpt lat="35.9402131754905" lon="139.09722665324807"><ele>1067.800048828125</ele><time>2025-06-07T02:22:01.000Z</time></trkpt><trkpt lat="35.940329767763615" lon="139.0972597617656"><ele>1069.4000244140625</ele><time>2025-06-07T02:22:13.000Z</time></trkpt><trkpt lat="35.940445521846414" lon="139.0973051916808"><ele>1071.4000244140625</ele><time>2025-06-07T02:22:26.000Z</time></trkpt><trkpt lat="35.94048625789583" lon="139.0973519627005"><ele>1071.800048828125</ele><time>2025-06-07T02:22:30.000Z</time></trkpt><trkpt lat="35.940575525164604" lon="139.09743276424706"><ele>1071.4000244140625</ele><time>2025-06-07T02:22:40.000Z</time></trkpt><trkpt lat="35.94063461758196" lon="139.09746595658362"><ele>1071.0</ele><time>2025-06-07T02:22:50.000Z</time></trkpt><trkpt lat="35.94065498560667" lon="139.09748246893287"><ele>1071.0</ele><time>2025-06-07T02:22:52.000Z</time></trkpt><trkpt lat="35.94081809744239" lon="139.09757525660098"><ele>1070.199951171875</ele><time>2025-06-07T02:23:07.000Z</time></trkpt><trkpt lat="35.94093502499163" lon="139.09761875867844"><ele>1068.4000244140625</ele><time>2025-06-07T02:23:20.000Z</time></trkpt><trkpt lat="35.94099126756191" lon="139.09764926880598"><ele>1066.0</ele><time>2025-06-07T02:23:30.000Z</time></trkpt><trkpt lat="35.94100493006408" lon="139.0976524539292"><ele>1063.5999755859375</ele><time>2025-06-07T02:23:41.000Z</time></trkpt><trkpt lat="35.94103996641934" lon="139.09768723882735"><ele>1062.800048828125</ele><time>2025-06-07T02:24:53.000Z</time></trkpt><trkpt lat="35.94111179932952" lon="139.0976852271706"><ele>1059.800048828125</ele><time>2025-06-07T02:25:04.000Z</time></trkpt><trkpt lat="35.94118187204003" lon="139.09768464043736"><ele>1056.800048828125</ele><time>2025-06-07T02:25:14.000Z</time></trkpt><trkpt lat="35.94119159504771" lon="139.09767374396324"><ele>1056.5999755859375</ele><time>2025-06-07T02:25:15.000Z</time></trkpt><trkpt lat="35.94124976545572" lon="139.0976556390524"><ele>1055.199951171875</ele><time>2025-06-07T02:25:19.000Z</time></trkpt><trkpt lat="35.941373566165566" lon="139.0976574830711"><ele>1053.199951171875</ele><time>2025-06-07T02:25:30.000Z</time></trkpt><trkpt lat="35.94145394861698" lon="139.09764977172017"><ele>1054.199951171875</ele><time>2025-06-07T02:25:39.000Z</time></trkpt><trkpt lat="35.94159753061831" lon="139.09763166680932"><ele>1056.199951171875</ele><time>2025-06-07T02:25:52.000Z</time></trkpt><trkpt lat="35.94167724251747" lon="139.09757366403937"><ele>1056.199951171875</ele><time>2025-06-07T02:26:04.000Z</time></trkpt><trkpt lat="35.94175435602665" lon="139.0975137334317"><ele>1055.0</ele><time>2025-06-07T02:26:33.000Z</time></trkpt><trkpt lat="35.94185569323599" lon="139.09743963740766"><ele>1053.5999755859375</ele><time>2025-06-07T02:26:44.000Z</time></trkpt><trkpt lat="35.94195242039859" lon="139.09733528271317"><ele>1052.5999755859375</ele><time>2025-06-07T02:26:54.000Z</time></trkpt><trkpt lat="35.942043866962194" lon="139.09723805263638"><ele>1052.5999755859375</ele><time>2025-06-07T02:27:02.000Z</time></trkpt><trkpt lat="35.942122992128134" lon="139.0971836540848"><ele>1053.0</ele><time>2025-06-07T02:27:09.000Z</time></trkpt><trkpt lat="35.94221158884466" lon="139.09712439402938"><ele>1052.800048828125</ele><time>2025-06-07T02:27:17.000Z</time></trkpt><trkpt lat="35.9422957431525" lon="139.0971027687192"><ele>1054.4000244140625</ele><time>2025-06-07T02:27:25.000Z</time></trkpt><trkpt lat="35.942355673760176" lon="139.0970739349723"><ele>1054.800048828125</ele><time>2025-06-07T02:27:32.000Z</time></trkpt><trkpt lat="35.94247251749039" lon="139.097001850605"><ele>1056.4000244140625</ele><time>2025-06-07T02:27:43.000Z</time></trkpt><trkpt lat="35.94255968928337" lon="139.09695063717663"><ele>1057.800048828125</ele><time>2025-06-07T02:27:51.000Z</time></trkpt><trkpt lat="35.9426826518029" lon="139.09689271822572"><ele>1059.199951171875</ele><time>2025-06-07T02:28:01.000Z</time></trkpt><trkpt lat="35.942715257406235" lon="139.0968767926097"><ele>1059.4000244140625</ele><time>2025-06-07T02:28:04.000Z</time></trkpt><trkpt lat="35.94278985634446" lon="139.09685122780502"><ele>1060.5999755859375</ele><time>2025-06-07T02:28:12.000Z</time></trkpt><trkpt lat="35.94281709752977" lon="139.09685625694692"><ele>1061.0</ele><time>2025-06-07T02:28:15.000Z</time></trkpt><trkpt lat="35.942903431132436" lon="139.09681635908782"><ele>1062.4000244140625</ele><time>2025-06-07T02:28:25.000Z</time></trkpt><trkpt lat="35.94302496872842" lon="139.09679557196796"><ele>1064.800048828125</ele><time>2025-06-07T02:28:38.000Z</time></trkpt><trkpt lat="35.94321012496948" lon="139.09678425639868"><ele>1065.5999755859375</ele><time>2025-06-07T02:28:53.000Z</time></trkpt><trkpt lat="35.94331347383559" lon="139.0967475436628"><ele>1065.0</ele><time>2025-06-07T02:29:01.000Z</time></trkpt><trkpt lat="35.943441381677985" lon="139.09665131941438"><ele>1064.4000244140625</ele><time>2025-06-07T02:29:12.000Z</time></trkpt><trkpt lat="35.943534169346094" lon="139.09658996388316"><ele>1064.5999755859375</ele><time>2025-06-07T02:29:20.000Z</time></trkpt><trkpt lat="35.94355923123658" lon="139.09657219424844"><ele>1064.5999755859375</ele><time>2025-06-07T02:29:28.000Z</time></trkpt><trkpt lat="35.943583538755774" lon="139.09654176793993"><ele>1064.5999755859375</ele><time>2025-06-07T02:29:33.000Z</time></trkpt><trkpt lat="35.9436150547117" lon="139.09650782123208"><ele>1065.4000244140625</ele><time>2025-06-07T02:29:37.000Z</time></trkpt><trkpt lat="35.9437548648566" lon="139.09636138938367"><ele>1067.4000244140625</ele><time>2025-06-07T02:29:53.000Z</time></trkpt><trkpt lat="35.943859135732055" lon="139.09630204550922"><ele>1069.5999755859375</ele><time>2025-06-07T02:30:05.000Z</time></trkpt><trkpt lat="35.94402895309031" lon="139.0962663386017"><ele>1070.4000244140625</ele><time>2025-06-07T02:30:17.000Z</time></trkpt><trkpt lat="35.94413825310767" lon="139.09624689258635"><ele>1070.4000244140625</ele><time>2025-06-07T02:30:25.000Z</time></trkpt><trkpt lat="35.944235818460584" lon="139.09623524174094"><ele>1070.800048828125</ele><time>2025-06-07T02:30:33.000Z</time></trkpt><trkpt lat="35.94434067606926" lon="139.09621353261173"><ele>1071.0</ele><time>2025-06-07T02:30:43.000Z</time></trkpt><trkpt lat="35.94437822699547" lon="139.0962464734912"><ele>1070.5999755859375</ele><time>2025-06-07T02:30:47.000Z</time></trkpt><trkpt lat="35.944490879774094" lon="139.09630615264177"><ele>1068.800048828125</ele><time>2025-06-07T02:30:57.000Z</time></trkpt><trkpt lat="35.944573944434524" lon="139.0963339805603"><ele>1066.800048828125</ele><time>2025-06-07T02:31:05.000Z</time></trkpt><trkpt lat="35.94468433409929" lon="139.09637664444745"><ele>1064.199951171875</ele><time>2025-06-07T02:31:15.000Z</time></trkpt><trkpt lat="35.94476622529328" lon="139.09639307297766"><ele>1061.5999755859375</ele><time>2025-06-07T02:31:24.000Z</time></trkpt><trkpt lat="35.94487217254937" lon="139.09641796723008"><ele>1058.5999755859375</ele><time>2025-06-07T02:31:34.000Z</time></trkpt><trkpt lat="35.9449396468699" lon="139.09644009545445"><ele>1055.800048828125</ele><time>2025-06-07T02:31:43.000Z</time></trkpt><trkpt lat="35.94495397992432" lon="139.09645769745111"><ele>1054.5999755859375</ele><time>2025-06-07T02:31:54.000Z</time></trkpt><trkpt lat="35.94493377953768" lon="139.09646356478333"><ele>1053.5999755859375</ele><time>2025-06-07T02:32:07.000Z</time></trkpt><trkpt lat="35.944935120642185" lon="139.09645644016564"><ele>1053.800048828125</ele><time>2025-06-07T02:32:17.000Z</time></trkpt><trkpt lat="35.945022040978074" lon="139.0964708570391"><ele>1054.199951171875</ele><time>2025-06-07T02:32:32.000Z</time></trkpt><trkpt lat="35.945092951878905" lon="139.09649005159736"><ele>1054.800048828125</ele><time>2025-06-07T02:32:39.000Z</time></trkpt><trkpt lat="35.94516973011196" lon="139.09651779569685"><ele>1057.0</ele><time>2025-06-07T02:32:50.000Z</time></trkpt><trkpt lat="35.94520543701947" lon="139.09652869217098"><ele>1059.5999755859375</ele><time>2025-06-07T02:33:00.000Z</time></trkpt><trkpt lat="35.94525053165853" lon="139.0965641476214"><ele>1061.800048828125</ele><time>2025-06-07T02:33:09.000Z</time></trkpt><trkpt lat="35.94532077200711" lon="139.09660656005144"><ele>1065.0</ele><time>2025-06-07T02:33:22.000Z</time></trkpt><trkpt lat="35.9453833848238" lon="139.09665383398533"><ele>1067.199951171875</ele><time>2025-06-07T02:33:33.000Z</time></trkpt><trkpt lat="35.94548849388957" lon="139.0967475436628"><ele>1068.4000244140625</ele><time>2025-06-07T02:33:45.000Z</time></trkpt><trkpt lat="35.94549645669758" lon="139.09675466828048"><ele>1068.5999755859375</ele><time>2025-06-07T02:33:46.000Z</time></trkpt><trkpt lat="35.94563266262412" lon="139.09679506905377"><ele>1068.800048828125</ele><time>2025-06-07T02:33:57.000Z</time></trkpt><trkpt lat="35.94572846777737" lon="139.09684946760535"><ele>1068.5999755859375</ele><time>2025-06-07T02:34:05.000Z</time></trkpt><trkpt lat="35.9458133764565" lon="139.09692565910518"><ele>1068.4000244140625</ele><time>2025-06-07T02:34:13.000Z</time></trkpt><trkpt lat="35.9458530228585" lon="139.09695591777563"><ele>1068.4000244140625</ele><time>2025-06-07T02:34:17.000Z</time></trkpt><trkpt lat="35.94595578499138" lon="139.0969856735319"><ele>1069.800048828125</ele><time>2025-06-07T02:34:26.000Z</time></trkpt><trkpt lat="35.94603365287185" lon="139.09700905904174"><ele>1070.199951171875</ele><time>2025-06-07T02:34:35.000Z</time></trkpt><trkpt lat="35.9460929967463" lon="139.097054656595"><ele>1072.199951171875</ele><time>2025-06-07T02:34:46.000Z</time></trkpt><trkpt lat="35.94612015411258" lon="139.09707946702838"><ele>1074.800048828125</ele><time>2025-06-07T02:34:58.000Z</time></trkpt><trkpt lat="35.94618083909154" lon="139.09708893857896"><ele>1076.800048828125</ele><time>2025-06-07T02:35:10.000Z</time></trkpt><trkpt lat="35.94625233672559" lon="139.09714048728347"><ele>1080.0</ele><time>2025-06-07T02:35:24.000Z</time></trkpt><trkpt lat="35.94627949409187" lon="139.09715473651886"><ele>1082.5999755859375</ele><time>2025-06-07T02:35:37.000Z</time></trkpt><trkpt lat="35.9463451243937" lon="139.0971875935793"><ele>1084.5999755859375</ele><time>2025-06-07T02:35:48.000Z</time></trkpt><trkpt lat="35.946425925940275" lon="139.09721994772553"><ele>1087.199951171875</ele><time>2025-06-07T02:36:01.000Z</time></trkpt><trkpt lat="35.94653304666281" lon="139.09729002043605"><ele>1090.0</ele><time>2025-06-07T02:36:15.000Z</time></trkpt><trkpt lat="35.94658073969185" lon="139.09728666767478"><ele>1092.4000244140625</ele><time>2025-06-07T02:36:28.000Z</time></trkpt><trkpt lat="35.946617033332586" lon="139.09731927327812"><ele>1094.199951171875</ele><time>2025-06-07T02:36:47.000Z</time></trkpt><trkpt lat="35.946678556501865" lon="139.09737358801067"><ele>1097.4000244140625</ele><time>2025-06-07T02:37:00.000Z</time></trkpt><trkpt lat="35.94671359285712" lon="139.09737534821033"><ele>1100.199951171875</ele><time>2025-06-07T02:37:11.000Z</time></trkpt><trkpt lat="35.94674125313759" lon="139.09738037735224"><ele>1103.4000244140625</ele><time>2025-06-07T02:37:22.000Z</time></trkpt><trkpt lat="35.946777798235416" lon="139.09741558134556"><ele>1106.4000244140625</ele><time>2025-06-07T02:37:35.000Z</time></trkpt><trkpt lat="35.946811493486166" lon="139.09743494354188"><ele>1109.4000244140625</ele><time>2025-06-07T02:37:56.000Z</time></trkpt><trkpt lat="35.946811493486166" lon="139.09743494354188"><ele>1111.800048828125</ele><time>2025-06-07T02:38:43.000Z</time></trkpt><trkpt lat="35.946902856230736" lon="139.09749428741634"><ele>1113.5999755859375</ele><time>2025-06-07T02:39:09.000Z</time></trkpt><trkpt lat="35.946948286145926" lon="139.09748087637126"><ele>1116.800048828125</ele><time>2025-06-07T02:39:21.000Z</time></trkpt><trkpt lat="35.94697133637965" lon="139.09747844561934"><ele>1118.800048828125</ele><time>2025-06-07T02:39:30.000Z</time></trkpt><trkpt lat="35.94699153676629" lon="139.09750216640532"><ele>1121.800048828125</ele><time>2025-06-07T02:39:46.000Z</time></trkpt><trkpt lat="35.94704878516495" lon="139.097514571622"><ele>1123.5999755859375</ele><time>2025-06-07T02:39:56.000Z</time></trkpt><trkpt lat="35.94708784483373" lon="139.09750468097627"><ele>1125.5999755859375</ele><time>2025-06-07T02:40:06.000Z</time></trkpt><trkpt lat="35.94712296500802" lon="139.09749956801534"><ele>1126.0</ele><time>2025-06-07T02:40:10.000Z</time></trkpt><trkpt lat="35.94720896333456" lon="139.09748448058963"><ele>1127.0</ele><time>2025-06-07T02:40:20.000Z</time></trkpt><trkpt lat="35.947270737960935" lon="139.09749747253954"><ele>1128.199951171875</ele><time>2025-06-07T02:40:32.000Z</time></trkpt><trkpt lat="35.94733536243439" lon="139.0975309163332"><ele>1130.4000244140625</ele><time>2025-06-07T02:40:43.000Z</time></trkpt><trkpt lat="35.947418762370944" lon="139.09759202040732"><ele>1131.800048828125</ele><time>2025-06-07T02:40:54.000Z</time></trkpt><trkpt lat="35.9474936965853" lon="139.09757408313453"><ele>1132.800048828125</ele><time>2025-06-07T02:41:06.000Z</time></trkpt><trkpt lat="35.94756427221" lon="139.09758363850415"><ele>1134.4000244140625</ele><time>2025-06-07T02:41:18.000Z</time></trkpt><trkpt lat="35.947635769844055" lon="139.09761171787977"><ele>1136.4000244140625</ele><time>2025-06-07T02:41:30.000Z</time></trkpt><trkpt lat="35.94774305820465" lon="139.09765756689012"><ele>1138.4000244140625</ele><time>2025-06-07T02:41:44.000Z</time></trkpt><trkpt lat="35.947848334908485" lon="139.09769645892084"><ele>1140.4000244140625</ele><time>2025-06-07T02:41:58.000Z</time></trkpt><trkpt lat="35.94795897603035" lon="139.09773937426507"><ele>1142.0</ele><time>2025-06-07T02:42:13.000Z</time></trkpt><trkpt lat="35.94798286445439" lon="139.09777717664838"><ele>1143.0</ele><time>2025-06-07T02:42:25.000Z</time></trkpt><trkpt lat="35.948093673214316" lon="139.09783182665706"><ele>1144.199951171875</ele><time>2025-06-07T02:42:38.000Z</time></trkpt><trkpt lat="35.948178162798285" lon="139.09787968732417"><ele>1146.5999755859375</ele><time>2025-06-07T02:42:53.000Z</time></trkpt><trkpt lat="35.94823256134987" lon="139.09789846278727"><ele>1148.5999755859375</ele><time>2025-06-07T02:43:04.000Z</time></trkpt><trkpt lat="35.94827698543668" lon="139.09791824407876"><ele>1150.199951171875</ele><time>2025-06-07T02:43:13.000Z</time></trkpt><trkpt lat="35.94834077171981" lon="139.09793299622834"><ele>1152.0</ele><time>2025-06-07T02:43:23.000Z</time></trkpt><trkpt lat="35.948372120037675" lon="139.09793886356056"><ele>1154.199951171875</ele><time>2025-06-07T02:43:35.000Z</time></trkpt><trkpt lat="35.94844269566238" lon="139.09793618135154"><ele>1156.800048828125</ele><time>2025-06-07T02:43:57.000Z</time></trkpt><trkpt lat="35.948503129184246" lon="139.09793484024704"><ele>1158.0</ele><time>2025-06-07T02:44:07.000Z</time></trkpt><trkpt lat="35.94853414222598" lon="139.0979152265936"><ele>1159.800048828125</ele><time>2025-06-07T02:44:17.000Z</time></trkpt><trkpt lat="35.948581751435995" lon="139.09790399484336"><ele>1162.5999755859375</ele><time>2025-06-07T02:44:31.000Z</time></trkpt><trkpt lat="35.94862156547606" lon="139.09788706339896"><ele>1164.199951171875</ele><time>2025-06-07T02:44:39.000Z</time></trkpt><trkpt lat="35.94869155436754" lon="139.0978990495205"><ele>1166.199951171875</ele><time>2025-06-07T02:44:50.000Z</time></trkpt><trkpt lat="35.94871887937188" lon="139.0978456567973"><ele>1168.199951171875</ele><time>2025-06-07T02:45:00.000Z</time></trkpt><trkpt lat="35.94874712638557" lon="139.09781573340297"><ele>1170.4000244140625</ele><time>2025-06-07T02:45:11.000Z</time></trkpt><trkpt lat="35.94880579970777" lon="139.0978116262704"><ele>1172.4000244140625</ele><time>2025-06-07T02:45:20.000Z</time></trkpt><trkpt lat="35.94888852909207" lon="139.09783207811415"><ele>1175.4000244140625</ele><time>2025-06-07T02:45:32.000Z</time></trkpt><trkpt lat="35.948973689228296" lon="139.09783769398928"><ele>1178.199951171875</ele><time>2025-06-07T02:45:44.000Z</time></trkpt><trkpt lat="35.94897737726569" lon="139.09782386384904"><ele>1178.5999755859375</ele><time>2025-06-07T02:45:56.000Z</time></trkpt><trkpt lat="35.949010234326124" lon="139.09777122549713"><ele>1181.5999755859375</ele><time>2025-06-07T02:46:27.000Z</time></trkpt><trkpt lat="35.949050383642316" lon="139.09778924658895"><ele>1183.0</ele><time>2025-06-07T02:46:35.000Z</time></trkpt><trkpt lat="35.94909505918622" lon="139.09779796376824"><ele>1184.5999755859375</ele><time>2025-06-07T02:46:43.000Z</time></trkpt><trkpt lat="35.949141243472695" lon="139.0978160686791"><ele>1186.800048828125</ele><time>2025-06-07T02:46:54.000Z</time></trkpt><trkpt lat="35.94916395843029" lon="139.0978340897709"><ele>1189.4000244140625</ele><time>2025-06-07T02:47:07.000Z</time></trkpt><trkpt lat="35.94921282492578" lon="139.09778136759996"><ele>1191.800048828125</ele><time>2025-06-07T02:47:21.000Z</time></trkpt><trkpt lat="35.949273090809584" lon="139.09781707450747"><ele>1194.800048828125</ele><time>2025-06-07T02:47:38.000Z</time></trkpt><trkpt lat="35.94932514242828" lon="139.0978089440614"><ele>1196.800048828125</ele><time>2025-06-07T02:47:53.000Z</time></trkpt><trkpt lat="35.94935498200357" lon="139.0977891627699"><ele>1198.4000244140625</ele><time>2025-06-07T02:48:06.000Z</time></trkpt><trkpt lat="35.94941566698253" lon="139.09782788716257"><ele>1200.4000244140625</ele><time>2025-06-07T02:48:16.000Z</time></trkpt><trkpt lat="35.949428575113416" lon="139.09783333539963"><ele>1202.4000244140625</ele><time>2025-06-07T02:48:33.000Z</time></trkpt><trkpt lat="35.9495072811842" lon="139.0978668630123"><ele>1204.4000244140625</ele><time>2025-06-07T02:48:50.000Z</time></trkpt><trkpt lat="35.94953586347401" lon="139.0978625882417"><ele>1206.5999755859375</ele><time>2025-06-07T02:49:03.000Z</time></trkpt><trkpt lat="35.94959587790072" lon="139.09792134538293"><ele>1209.0</ele><time>2025-06-07T02:49:19.000Z</time></trkpt><trkpt lat="35.94962873496115" lon="139.09791153855622"><ele>1211.5999755859375</ele><time>2025-06-07T02:49:34.000Z</time></trkpt><trkpt lat="35.949666956439614" lon="139.09790919162333"><ele>1212.5999755859375</ele><time>2025-06-07T02:49:44.000Z</time></trkpt><trkpt lat="35.94970199279487" lon="139.09787868149579"><ele>1214.199951171875</ele><time>2025-06-07T02:49:55.000Z</time></trkpt><trkpt lat="35.949728563427925" lon="139.09791262820363"><ele>1216.0</ele><time>2025-06-07T02:50:07.000Z</time></trkpt><trkpt lat="35.94977768138051" lon="139.09790122881532"><ele>1218.0</ele><time>2025-06-07T02:50:21.000Z</time></trkpt><trkpt lat="35.9498196747154" lon="139.09787826240063"><ele>1220.199951171875</ele><time>2025-06-07T02:50:33.000Z</time></trkpt><trkpt lat="35.949855046346784" lon="139.09790449775755"><ele>1222.5999755859375</ele><time>2025-06-07T02:50:47.000Z</time></trkpt><trkpt lat="35.94989997334778" lon="139.097910951823"><ele>1224.199951171875</ele><time>2025-06-07T02:50:57.000Z</time></trkpt><trkpt lat="35.949948420748115" lon="139.0978969540447"><ele>1226.5999755859375</ele><time>2025-06-07T02:51:16.000Z</time></trkpt><trkpt lat="35.95000768080354" lon="139.09790072590113"><ele>1228.4000244140625</ele><time>2025-06-07T02:51:25.000Z</time></trkpt><trkpt lat="35.950052523985505" lon="139.097881866619"><ele>1231.0</ele><time>2025-06-07T02:51:37.000Z</time></trkpt><trkpt lat="35.950102899223566" lon="139.09787968732417"><ele>1233.5999755859375</ele><time>2025-06-07T02:51:50.000Z</time></trkpt><trkpt lat="35.95016215927899" lon="139.09785797819495"><ele>1236.0</ele><time>2025-06-07T02:52:02.000Z</time></trkpt><trkpt lat="35.95021286979318" lon="139.09788882359862"><ele>1238.4000244140625</ele><time>2025-06-07T02:52:16.000Z</time></trkpt><trkpt lat="35.950282188132405" lon="139.0978974569589"><ele>1239.199951171875</ele><time>2025-06-07T02:52:24.000Z</time></trkpt><trkpt lat="35.95038637518883" lon="139.0978985466063"><ele>1240.5999755859375</ele><time>2025-06-07T02:52:37.000Z</time></trkpt><trkpt lat="35.9504724573344" lon="139.09787675365806"><ele>1243.199951171875</ele><time>2025-06-07T02:52:51.000Z</time></trkpt><trkpt lat="35.95051461830735" lon="139.09784917719662"><ele>1245.5999755859375</ele><time>2025-06-07T02:53:05.000Z</time></trkpt><trkpt lat="35.950558790937066" lon="139.09785873256624"><ele>1247.800048828125</ele><time>2025-06-07T02:53:16.000Z</time></trkpt><trkpt lat="35.95064646564424" lon="139.09791514277458"><ele>1250.199951171875</ele><time>2025-06-07T02:53:31.000Z</time></trkpt><trkpt lat="35.95073439180851" lon="139.0978855546564"><ele>1253.199951171875</ele><time>2025-06-07T02:53:44.000Z</time></trkpt><trkpt lat="35.9507401753217" lon="139.09783333539963"><ele>1255.0</ele><time>2025-06-07T02:53:55.000Z</time></trkpt><trkpt lat="35.95075299963355" lon="139.09784498624504"><ele>1255.4000244140625</ele><time>2025-06-07T02:54:05.000Z</time></trkpt><trkpt lat="35.95080873928964" lon="139.09782554022968"><ele>1255.4000244140625</ele><time>2025-06-07T02:54:13.000Z</time></trkpt><trkpt lat="35.95084729604423" lon="139.09776644781232"><ele>1256.0</ele><time>2025-06-07T02:54:21.000Z</time></trkpt><trkpt lat="35.95085693523288" lon="139.09769335761666"><ele>1256.800048828125</ele><time>2025-06-07T02:54:31.000Z</time></trkpt><trkpt lat="35.950850984081626" lon="139.09763191826642"><ele>1258.0</ele><time>2025-06-07T02:54:43.000Z</time></trkpt><trkpt lat="35.9508575219661" lon="139.09759545698762"><ele>1258.0</ele><time>2025-06-07T02:54:46.000Z</time></trkpt><trkpt lat="35.95091678202152" lon="139.0975475963205"><ele>1257.800048828125</ele><time>2025-06-07T02:54:53.000Z</time></trkpt><trkpt lat="35.95091577619314" lon="139.09755212254822"><ele>1258.199951171875</ele><time>2025-06-07T02:55:01.000Z</time></trkpt><trkpt lat="35.95096715725958" lon="139.09755673259497"><ele>1260.5999755859375</ele><time>2025-06-07T03:06:24.000Z</time></trkpt><trkpt lat="35.951022477820516" lon="139.09756729379296"><ele>1261.199951171875</ele><time>2025-06-07T03:06:34.000Z</time></trkpt><trkpt lat="35.951055670157075" lon="139.0976342651993"><ele>1262.4000244140625</ele><time>2025-06-07T03:06:44.000Z</time></trkpt><trkpt lat="35.951127083972096" lon="139.0976487658918"><ele>1264.0</ele><time>2025-06-07T03:06:55.000Z</time></trkpt><trkpt lat="35.95118307508528" lon="139.09767332486808"><ele>1264.800048828125</ele><time>2025-06-07T03:07:19.000Z</time></trkpt><trkpt lat="35.951271671801805" lon="139.09772034734488"><ele>1266.5999755859375</ele><time>2025-06-07T03:07:32.000Z</time></trkpt><trkpt lat="35.95130553469062" lon="139.0977594908327"><ele>1267.4000244140625</ele><time>2025-06-07T03:07:43.000Z</time></trkpt><trkpt lat="35.95139664597809" lon="139.09784138202667"><ele>1267.5999755859375</ele><time>2025-06-07T03:07:54.000Z</time></trkpt><trkpt lat="35.95150108449161" lon="139.0979262907058"><ele>1268.800048828125</ele><time>2025-06-07T03:08:08.000Z</time></trkpt><trkpt lat="35.951573671773076" lon="139.0980277955532"><ele>1271.0</ele><time>2025-06-07T03:08:24.000Z</time></trkpt><trkpt lat="35.95164407975972" lon="139.09811488352716"><ele>1274.0</ele><time>2025-06-07T03:08:37.000Z</time></trkpt><trkpt lat="35.95166578888893" lon="139.09803575836122"><ele>1276.5999755859375</ele><time>2025-06-07T03:08:56.000Z</time></trkpt><trkpt lat="35.95168917439878" lon="139.09795118495822"><ele>1277.800048828125</ele><time>2025-06-07T03:09:05.000Z</time></trkpt><trkpt lat="35.951715745031834" lon="139.0978385321796"><ele>1279.0</ele><time>2025-06-07T03:09:16.000Z</time></trkpt><trkpt lat="35.9517330955714" lon="139.09774465486407"><ele>1279.199951171875</ele><time>2025-06-07T03:09:25.000Z</time></trkpt><trkpt lat="35.95177466981113" lon="139.0976707264781"><ele>1279.800048828125</ele><time>2025-06-07T03:09:34.000Z</time></trkpt><trkpt lat="35.951793948188424" lon="139.09762135706842"><ele>1281.0</ele><time>2025-06-07T03:09:44.000Z</time></trkpt><trkpt lat="35.95184273086488" lon="139.097562097013"><ele>1281.800048828125</ele><time>2025-06-07T03:09:54.000Z</time></trkpt><trkpt lat="35.951838959008455" lon="139.09758489578962"><ele>1281.5999755859375</ele><time>2025-06-07T03:10:03.000Z</time></trkpt><trkpt lat="35.95184901729226" lon="139.09754692576826"><ele>1281.4000244140625</ele><time>2025-06-07T03:10:19.000Z</time></trkpt><trkpt lat="35.95185865648091" lon="139.09752496518195"><ele>1281.800048828125</ele><time>2025-06-07T03:10:46.000Z</time></trkpt><trkpt lat="35.951857483014464" lon="139.097556816414"><ele>1281.4000244140625</ele><time>2025-06-07T03:10:57.000Z</time></trkpt><trkpt lat="35.951857063919306" lon="139.0975380409509"><ele>1281.0</ele><time>2025-06-07T03:11:29.000Z</time></trkpt><trkpt lat="35.95185245387256" lon="139.09748615697026"><ele>1281.800048828125</ele><time>2025-06-07T03:11:47.000Z</time></trkpt><trkpt lat="35.95185329206288" lon="139.0974756795913"><ele>1281.4000244140625</ele><time>2025-06-07T03:12:02.000Z</time></trkpt><trkpt lat="35.95186209306121" lon="139.09751884639263"><ele>1281.199951171875</ele><time>2025-06-07T03:12:31.000Z</time></trkpt><trkpt lat="35.95186427235603" lon="139.09749252721667"><ele>1281.4000244140625</ele><time>2025-06-07T03:13:04.000Z</time></trkpt><trkpt lat="35.951866367831826" lon="139.09755405038595"><ele>1280.5999755859375</ele><time>2025-06-07T03:13:38.000Z</time></trkpt><trkpt lat="35.951802246272564" lon="139.09760065376759"><ele>1281.4000244140625</ele><time>2025-06-07T03:14:35.000Z</time></trkpt><trkpt lat="35.95173527486622" lon="139.09769863821566"><ele>1280.0</ele><time>2025-06-07T03:14:48.000Z</time></trkpt><trkpt lat="35.95168582163751" lon="139.0977156534791"><ele>1278.5999755859375</ele><time>2025-06-07T03:14:58.000Z</time></trkpt><trkpt lat="35.95159278251231" lon="139.09766737371683"><ele>1275.4000244140625</ele><time>2025-06-07T03:15:09.000Z</time></trkpt><trkpt lat="35.95150644890964" lon="139.09764423966408"><ele>1273.0</ele><time>2025-06-07T03:15:17.000Z</time></trkpt><trkpt lat="35.9514965582639" lon="139.09763728268445"><ele>1272.199951171875</ele><time>2025-06-07T03:15:18.000Z</time></trkpt><trkpt lat="35.951393796131015" lon="139.0976276434958"><ele>1270.4000244140625</ele><time>2025-06-07T03:15:26.000Z</time></trkpt><trkpt lat="35.95126211643219" lon="139.0976558905095"><ele>1268.0</ele><time>2025-06-07T03:15:36.000Z</time></trkpt><trkpt lat="35.951199755072594" lon="139.09768908284605"><ele>1267.5999755859375</ele><time>2025-06-07T03:15:43.000Z</time></trkpt><trkpt lat="35.951166478917" lon="139.09770073369145"><ele>1266.800048828125</ele><time>2025-06-07T03:15:52.000Z</time></trkpt><trkpt lat="35.95112482085824" lon="139.097704840824"><ele>1266.199951171875</ele><time>2025-06-07T03:15:56.000Z</time></trkpt><trkpt lat="35.95102029852569" lon="139.0977145638317"><ele>1264.800048828125</ele><time>2025-06-07T03:16:04.000Z</time></trkpt><trkpt lat="35.95089867711067" lon="139.0977050922811"><ele>1262.4000244140625</ele><time>2025-06-07T03:16:15.000Z</time></trkpt><trkpt lat="35.950889540836215" lon="139.09770886413753"><ele>1262.0</ele><time>2025-06-07T03:16:16.000Z</time></trkpt><trkpt lat="35.950804548338056" lon="139.09778136759996"><ele>1260.0</ele><time>2025-06-07T03:16:26.000Z</time></trkpt><trkpt lat="35.950731290504336" lon="139.09784532152116"><ele>1258.199951171875</ele><time>2025-06-07T03:16:35.000Z</time></trkpt><trkpt lat="35.95070958137512" lon="139.09791346639395"><ele>1257.0</ele><time>2025-06-07T03:16:42.000Z</time></trkpt><trkpt lat="35.9506175480783" lon="139.0979114547372"><ele>1255.199951171875</ele><time>2025-06-07T03:16:51.000Z</time></trkpt><trkpt lat="35.95054915174842" lon="139.09789812751114"><ele>1253.5999755859375</ele><time>2025-06-07T03:16:58.000Z</time></trkpt><trkpt lat="35.95045795664191" lon="139.0978699643165"><ele>1251.800048828125</ele><time>2025-06-07T03:17:06.000Z</time></trkpt><trkpt lat="35.95044798217714" lon="139.09786979667842"><ele>1251.199951171875</ele><time>2025-06-07T03:17:07.000Z</time></trkpt><trkpt lat="35.950409760698676" lon="139.09788337536156"><ele>1250.199951171875</ele><time>2025-06-07T03:17:11.000Z</time></trkpt><trkpt lat="35.950351087376475" lon="139.0978905837983"><ele>1247.5999755859375</ele><time>2025-06-07T03:17:17.000Z</time></trkpt><trkpt lat="35.950297275558114" lon="139.09788069315255"><ele>1246.199951171875</ele><time>2025-06-07T03:17:22.000Z</time></trkpt><trkpt lat="35.950226951390505" lon="139.09789661876857"><ele>1244.5999755859375</ele><time>2025-06-07T03:17:27.000Z</time></trkpt><trkpt lat="35.950184455141425" lon="139.09789946861565"><ele>1244.199951171875</ele><time>2025-06-07T03:17:30.000Z</time></trkpt><trkpt lat="35.950119998306036" lon="139.09777709282935"><ele>1241.4000244140625</ele><time>2025-06-07T03:17:39.000Z</time></trkpt><trkpt lat="35.95012066885829" lon="139.09768028184772"><ele>1240.0</ele><time>2025-06-07T03:17:45.000Z</time></trkpt><trkpt lat="35.95013793557882" lon="139.097620267421"><ele>1239.199951171875</ele><time>2025-06-07T03:17:49.000Z</time></trkpt><trkpt lat="35.95012812875211" lon="139.09753904677927"><ele>1236.5999755859375</ele><time>2025-06-07T03:17:55.000Z</time></trkpt><trkpt lat="35.950139947235584" lon="139.09752446226776"><ele>1236.4000244140625</ele><time>2025-06-07T03:17:57.000Z</time></trkpt><trkpt lat="35.95013332553208" lon="139.09739395603538"><ele>1234.800048828125</ele><time>2025-06-07T03:18:05.000Z</time></trkpt><trkpt lat="35.95015034079552" lon="139.0973403956741"><ele>1234.199951171875</ele><time>2025-06-07T03:18:09.000Z</time></trkpt><trkpt lat="35.95015042461455" lon="139.09731692634523"><ele>1233.5999755859375</ele><time>2025-06-07T03:18:11.000Z</time></trkpt><trkpt lat="35.95015838742256" lon="139.09728985279799"><ele>1233.4000244140625</ele><time>2025-06-07T03:18:13.000Z</time></trkpt><trkpt lat="35.95017297193408" lon="139.0972679760307"><ele>1232.800048828125</ele><time>2025-06-07T03:18:15.000Z</time></trkpt><trkpt lat="35.95021898858249" lon="139.0971490368247"><ele>1230.800048828125</ele><time>2025-06-07T03:18:23.000Z</time></trkpt><trkpt lat="35.95022762194276" lon="139.09713445231318"><ele>1230.5999755859375</ele><time>2025-06-07T03:18:24.000Z</time></trkpt><trkpt lat="35.95025327056646" lon="139.09709287807345"><ele>1229.5999755859375</ele><time>2025-06-07T03:18:27.000Z</time></trkpt><trkpt lat="35.95030456781387" lon="139.09695432521403"><ele>1227.0</ele><time>2025-06-07T03:18:36.000Z</time></trkpt><trkpt lat="35.950365671887994" lon="139.0968794748187"><ele>1225.199951171875</ele><time>2025-06-07T03:18:43.000Z</time></trkpt><trkpt lat="35.95041487365961" lon="139.0968226455152"><ele>1223.800048828125</ele><time>2025-06-07T03:18:50.000Z</time></trkpt><trkpt lat="35.95045594498515" lon="139.09673715010285"><ele>1222.800048828125</ele><time>2025-06-07T03:18:57.000Z</time></trkpt><trkpt lat="35.95053171738982" lon="139.09663849510252"><ele>1219.800048828125</ele><time>2025-06-07T03:19:08.000Z</time></trkpt><trkpt lat="35.95053934492171" lon="139.09661854617298"><ele>1219.5999755859375</ele><time>2025-06-07T03:19:10.000Z</time></trkpt><trkpt lat="35.950590977445245" lon="139.0965501498431"><ele>1217.199951171875</ele><time>2025-06-07T03:19:16.000Z</time></trkpt><trkpt lat="35.95061478205025" lon="139.09652458503842"><ele>1216.199951171875</ele><time>2025-06-07T03:19:19.000Z</time></trkpt><trkpt lat="35.9506278578192" lon="139.09650136716664"><ele>1215.199951171875</ele><time>2025-06-07T03:19:21.000Z</time></trkpt><trkpt lat="35.95067957416177" lon="139.09644755534828"><ele>1212.800048828125</ele><time>2025-06-07T03:19:29.000Z</time></trkpt><trkpt lat="35.95069432631135" lon="139.09642844460905"><ele>1212.199951171875</ele><time>2025-06-07T03:19:31.000Z</time></trkpt><trkpt lat="35.95071779564023" lon="139.09638427197933"><ele>1208.800048828125</ele><time>2025-06-07T03:19:39.000Z</time></trkpt><trkpt lat="35.950719974935055" lon="139.09637932665646"><ele>1208.5999755859375</ele><time>2025-06-07T03:19:40.000Z</time></trkpt><trkpt lat="35.95077496021986" lon="139.09631034359336"><ele>1205.4000244140625</ele><time>2025-06-07T03:19:50.000Z</time></trkpt><trkpt lat="35.950779067352414" lon="139.0963030513376"><ele>1204.800048828125</ele><time>2025-06-07T03:19:52.000Z</time></trkpt><trkpt lat="35.95078468322754" lon="139.09628603607416"><ele>1204.4000244140625</ele><time>2025-06-07T03:19:54.000Z</time></trkpt><trkpt lat="35.95081879757345" lon="139.09624555148184"><ele>1201.800048828125</ele><time>2025-06-07T03:20:01.000Z</time></trkpt><trkpt lat="35.95084888860583" lon="139.09621118567884"><ele>1199.199951171875</ele><time>2025-06-07T03:20:09.000Z</time></trkpt><trkpt lat="35.95085131935775" lon="139.09618528559804"><ele>1198.800048828125</ele><time>2025-06-07T03:20:12.000Z</time></trkpt><trkpt lat="35.950839249417186" lon="139.09616977907717"><ele>1198.199951171875</ele><time>2025-06-07T03:20:14.000Z</time></trkpt><trkpt lat="35.950864562764764" lon="139.09610607661307"><ele>1196.0</ele><time>2025-06-07T03:20:23.000Z</time></trkpt><trkpt lat="35.95086984336376" lon="139.09604229032993"><ele>1193.0</ele><time>2025-06-07T03:20:31.000Z</time></trkpt><trkpt lat="35.95087889581919" lon="139.09602879546583"><ele>1192.4000244140625</ele><time>2025-06-07T03:20:33.000Z</time></trkpt><trkpt lat="35.95090873539448" lon="139.0959919989109"><ele>1191.5999755859375</ele><time>2025-06-07T03:20:37.000Z</time></trkpt><trkpt lat="35.95093857496977" lon="139.09591278992593"><ele>1189.4000244140625</ele><time>2025-06-07T03:20:43.000Z</time></trkpt><trkpt lat="35.95097436569631" lon="139.09585897810757"><ele>1187.800048828125</ele><time>2025-06-07T03:20:49.000Z</time></trkpt><trkpt lat="35.951021891087294" lon="139.09575931727886"><ele>1184.5999755859375</ele><time>2025-06-07T03:20:58.000Z</time></trkpt><trkpt lat="35.95108517445624" lon="139.09568765200675"><ele>1182.4000244140625</ele><time>2025-06-07T03:21:07.000Z</time></trkpt><trkpt lat="35.951139656826854" lon="139.09559561870992"><ele>1179.4000244140625</ele><time>2025-06-07T03:21:18.000Z</time></trkpt><trkpt lat="35.95115415751934" lon="139.0955688804388"><ele>1178.199951171875</ele><time>2025-06-07T03:21:21.000Z</time></trkpt><trkpt lat="35.951213920488954" lon="139.09551833756268"><ele>1176.0</ele><time>2025-06-07T03:21:28.000Z</time></trkpt><trkpt lat="35.95126312226057" lon="139.09547282382846"><ele>1173.5999755859375</ele><time>2025-06-07T03:21:35.000Z</time></trkpt><trkpt lat="35.951322466135025" lon="139.09546016715467"><ele>1171.0</ele><time>2025-06-07T03:21:43.000Z</time></trkpt><trkpt lat="35.95135364681482" lon="139.09545052796602"><ele>1168.4000244140625</ele><time>2025-06-07T03:21:53.000Z</time></trkpt><trkpt lat="35.95136772841215" lon="139.09542202949524"><ele>1166.800048828125</ele><time>2025-06-07T03:21:58.000Z</time></trkpt><trkpt lat="35.951424641534686" lon="139.09532119520009"><ele>1163.5999755859375</ele><time>2025-06-07T03:22:08.000Z</time></trkpt><trkpt lat="35.951466131955385" lon="139.09523888491094"><ele>1161.0</ele><time>2025-06-07T03:22:17.000Z</time></trkpt><trkpt lat="35.951530588790774" lon="139.09512707032263"><ele>1158.4000244140625</ele><time>2025-06-07T03:22:30.000Z</time></trkpt><trkpt lat="35.9515499509871" lon="139.09506814554334"><ele>1158.199951171875</ele><time>2025-06-07T03:22:35.000Z</time></trkpt><trkpt lat="35.95153536647558" lon="139.0949594322592"><ele>1156.800048828125</ele><time>2025-06-07T03:22:44.000Z</time></trkpt><trkpt lat="35.951544335111976" lon="139.0948719251901"><ele>1154.800048828125</ele><time>2025-06-07T03:22:52.000Z</time></trkpt><trkpt lat="35.951538886874914" lon="139.0948383975774"><ele>1153.0</ele><time>2025-06-07T03:23:01.000Z</time></trkpt><trkpt lat="35.951502341777086" lon="139.0946983359754"><ele>1151.199951171875</ele><time>2025-06-07T03:23:11.000Z</time></trkpt><trkpt lat="35.951497396454215" lon="139.09468794241548"><ele>1151.0</ele><time>2025-06-07T03:23:12.000Z</time></trkpt><trkpt lat="35.95150242559612" lon="139.09462465904653"><ele>1150.199951171875</ele><time>2025-06-07T03:23:16.000Z</time></trkpt><trkpt lat="35.95149706117809" lon="139.09458576701581"><ele>1149.4000244140625</ele><time>2025-06-07T03:23:19.000Z</time></trkpt><trkpt lat="35.951519357040524" lon="139.09447965212166"><ele>1146.4000244140625</ele><time>2025-06-07T03:23:27.000Z</time></trkpt><trkpt lat="35.9515515435487" lon="139.0943557675928"><ele>1144.0</ele><time>2025-06-07T03:23:36.000Z</time></trkpt><trkpt lat="35.95155204646289" lon="139.0942976810038"><ele>1141.800048828125</ele><time>2025-06-07T03:23:41.000Z</time></trkpt><trkpt lat="35.951496474444866" lon="139.0943153668195"><ele>1140.0</ele><time>2025-06-07T03:23:48.000Z</time></trkpt><trkpt lat="35.95150938257575" lon="139.0942447911948"><ele>1137.4000244140625</ele><time>2025-06-07T03:23:56.000Z</time></trkpt><trkpt lat="35.95149622298777" lon="139.0941861178726"><ele>1136.199951171875</ele><time>2025-06-07T03:24:01.000Z</time></trkpt><trkpt lat="35.9514931216836" lon="139.09410347230732"><ele>1133.0</ele><time>2025-06-07T03:24:10.000Z</time></trkpt><trkpt lat="35.951478788629174" lon="139.09404002130032"><ele>1131.0</ele><time>2025-06-07T03:24:16.000Z</time></trkpt><trkpt lat="35.951435789465904" lon="139.09398034214973"><ele>1128.199951171875</ele><time>2025-06-07T03:24:24.000Z</time></trkpt><trkpt lat="35.95142086967826" lon="139.09389602020383"><ele>1125.199951171875</ele><time>2025-06-07T03:24:33.000Z</time></trkpt><trkpt lat="35.95144098624587" lon="139.0938002988696"><ele>1122.4000244140625</ele><time>2025-06-07T03:24:42.000Z</time></trkpt><trkpt lat="35.951460683718324" lon="139.0937577188015"><ele>1120.800048828125</ele><time>2025-06-07T03:24:46.000Z</time></trkpt><trkpt lat="35.95147795043886" lon="139.09373441711068"><ele>1120.199951171875</ele><time>2025-06-07T03:24:48.000Z</time></trkpt><trkpt lat="35.951522290706635" lon="139.09362545236945"><ele>1117.5999755859375</ele><time>2025-06-07T03:24:56.000Z</time></trkpt><trkpt lat="35.95153218135238" lon="139.0935626719147"><ele>1115.199951171875</ele><time>2025-06-07T03:25:03.000Z</time></trkpt><trkpt lat="35.951536037027836" lon="139.09355244599283"><ele>1114.800048828125</ele><time>2025-06-07T03:25:04.000Z</time></trkpt><trkpt lat="35.95161826349795" lon="139.09345018677413"><ele>1112.199951171875</ele><time>2025-06-07T03:25:14.000Z</time></trkpt><trkpt lat="35.95171809196472" lon="139.09339453093708"><ele>1110.0</ele><time>2025-06-07T03:25:22.000Z</time></trkpt><trkpt lat="35.95181004144251" lon="139.09333493560553"><ele>1107.800048828125</ele><time>2025-06-07T03:25:30.000Z</time></trkpt><trkpt lat="35.95186108723283" lon="139.09326804801822"><ele>1106.0</ele><time>2025-06-07T03:25:38.000Z</time></trkpt><trkpt lat="35.951898135244846" lon="139.09325421787798"><ele>1104.199951171875</ele><time>2025-06-07T03:25:47.000Z</time></trkpt><trkpt lat="35.95194876194" lon="139.09326293505728"><ele>1104.0</ele><time>2025-06-07T03:25:51.000Z</time></trkpt><trkpt lat="35.95203065313399" lon="139.09328958950937"><ele>1102.199951171875</ele><time>2025-06-07T03:25:58.000Z</time></trkpt><trkpt lat="35.952054876834154" lon="139.0932944510132"><ele>1101.800048828125</ele><time>2025-06-07T03:26:00.000Z</time></trkpt><trkpt lat="35.95209234394133" lon="139.09337349236012"><ele>1100.199951171875</ele><time>2025-06-07T03:26:06.000Z</time></trkpt><trkpt lat="35.952105671167374" lon="139.0933911781758"><ele>1099.4000244140625</ele><time>2025-06-07T03:26:08.000Z</time></trkpt><trkpt lat="35.9521802701056" lon="139.09339939244092"><ele>1098.199951171875</ele><time>2025-06-07T03:26:14.000Z</time></trkpt><trkpt lat="35.952269872650504" lon="139.09337969496846"><ele>1096.0</ele><time>2025-06-07T03:26:23.000Z</time></trkpt><trkpt lat="35.95231119543314" lon="139.09337206743658"><ele>1095.0</ele><time>2025-06-07T03:26:27.000Z</time></trkpt><trkpt lat="35.95234338194132" lon="139.0933618415147"><ele>1094.4000244140625</ele><time>2025-06-07T03:26:30.000Z</time></trkpt><trkpt lat="35.952373472973704" lon="139.0933531243354"><ele>1092.800048828125</ele><time>2025-06-07T03:26:34.000Z</time></trkpt><trkpt lat="35.95242326147854" lon="139.09333501942456"><ele>1090.5999755859375</ele><time>2025-06-07T03:26:41.000Z</time></trkpt><trkpt lat="35.95247162505984" lon="139.0933213569224"><ele>1088.4000244140625</ele><time>2025-06-07T03:26:50.000Z</time></trkpt><trkpt lat="35.952522084116936" lon="139.09330249764025"><ele>1085.199951171875</ele><time>2025-06-07T03:26:59.000Z</time></trkpt><trkpt lat="35.95258243381977" lon="139.09326788038015"><ele>1083.4000244140625</ele><time>2025-06-07T03:27:07.000Z</time></trkpt><trkpt lat="35.952614871785045" lon="139.09323141910136"><ele>1081.4000244140625</ele><time>2025-06-07T03:27:11.000Z</time></trkpt><trkpt lat="35.95268351957202" lon="139.0932270605117"><ele>1080.4000244140625</ele><time>2025-06-07T03:27:17.000Z</time></trkpt><trkpt lat="35.95275132916868" lon="139.09325446933508"><ele>1079.0</ele><time>2025-06-07T03:27:26.000Z</time></trkpt><trkpt lat="35.95281679183245" lon="139.0931853186339"><ele>1076.5999755859375</ele><time>2025-06-07T03:27:38.000Z</time></trkpt><trkpt lat="35.952866999432445" lon="139.09307652153075"><ele>1073.199951171875</ele><time>2025-06-07T03:27:49.000Z</time></trkpt><trkpt lat="35.95287462696433" lon="139.0930549800396"><ele>1072.800048828125</ele><time>2025-06-07T03:27:51.000Z</time></trkpt><trkpt lat="35.95287202857435" lon="139.09299622289836"><ele>1070.800048828125</ele><time>2025-06-07T03:27:59.000Z</time></trkpt><trkpt lat="35.95283347181976" lon="139.09296135418117"><ele>1067.4000244140625</ele><time>2025-06-07T03:28:09.000Z</time></trkpt><trkpt lat="35.9528346452862" lon="139.09295364283025"><ele>1067.0</ele><time>2025-06-07T03:28:10.000Z</time></trkpt><trkpt lat="35.95282098278403" lon="139.09289622679353"><ele>1065.4000244140625</ele><time>2025-06-07T03:28:15.000Z</time></trkpt><trkpt lat="35.95281855203211" lon="139.09286823123693"><ele>1064.800048828125</ele><time>2025-06-07T03:28:17.000Z</time></trkpt><trkpt lat="35.95285157673061" lon="139.09279488958418"><ele>1061.800048828125</ele><time>2025-06-07T03:28:26.000Z</time></trkpt><trkpt lat="35.95289549790323" lon="139.09272548742592"><ele>1058.5999755859375</ele><time>2025-06-07T03:28:36.000Z</time></trkpt><trkpt lat="35.95294922590256" lon="139.0926432609558"><ele>1056.199951171875</ele><time>2025-06-07T03:28:45.000Z</time></trkpt><trkpt lat="35.9530127607286" lon="139.09256933256984"><ele>1054.199951171875</ele><time>2025-06-07T03:28:52.000Z</time></trkpt><trkpt lat="35.95304796472192" lon="139.0924704261124"><ele>1052.0</ele><time>2025-06-07T03:28:59.000Z</time></trkpt><trkpt lat="35.953068332746625" lon="139.09245894290507"><ele>1051.800048828125</ele><time>2025-06-07T03:29:01.000Z</time></trkpt><trkpt lat="35.953141171485186" lon="139.09239289350808"><ele>1050.800048828125</ele><time>2025-06-07T03:29:11.000Z</time></trkpt><trkpt lat="35.95317939296365" lon="139.092292226851"><ele>1051.0</ele><time>2025-06-07T03:29:21.000Z</time></trkpt><trkpt lat="35.953181739896536" lon="139.09227965399623"><ele>1050.800048828125</ele><time>2025-06-07T03:29:22.000Z</time></trkpt><trkpt lat="35.95318643376231" lon="139.09223321825266"><ele>1050.800048828125</ele><time>2025-06-07T03:29:26.000Z</time></trkpt><trkpt lat="35.95318324863911" lon="139.09213297069073"><ele>1049.5999755859375</ele><time>2025-06-07T03:29:36.000Z</time></trkpt><trkpt lat="35.953198336064816" lon="139.09206055104733"><ele>1048.0</ele><time>2025-06-07T03:29:42.000Z</time></trkpt><trkpt lat="35.95319791696966" lon="139.09204018302262"><ele>1047.5999755859375</ele><time>2025-06-07T03:29:44.000Z</time></trkpt><trkpt lat="35.95320789143443" lon="139.09196365624666"><ele>1046.0</ele><time>2025-06-07T03:29:52.000Z</time></trkpt><trkpt lat="35.95324837602675" lon="139.0918582957238"><ele>1044.4000244140625</ele><time>2025-06-07T03:30:02.000Z</time></trkpt><trkpt lat="35.95330202020705" lon="139.0917578805238"><ele>1043.199951171875</ele><time>2025-06-07T03:30:11.000Z</time></trkpt><trkpt lat="35.95332758501172" lon="139.09165754914284"><ele>1041.0</ele><time>2025-06-07T03:30:20.000Z</time></trkpt><trkpt lat="35.95332867465913" lon="139.09158286638558"><ele>1038.800048828125</ele><time>2025-06-07T03:30:28.000Z</time></trkpt><trkpt lat="35.953344935551286" lon="139.0915329940617"><ele>1037.199951171875</ele><time>2025-06-07T03:30:33.000Z</time></trkpt><trkpt lat="35.95338474959135" lon="139.09147147089243"><ele>1035.4000244140625</ele><time>2025-06-07T03:30:38.000Z</time></trkpt><trkpt lat="35.9534202888608" lon="139.09143559634686"><ele>1033.4000244140625</ele><time>2025-06-07T03:30:46.000Z</time></trkpt><trkpt lat="35.953407967463136" lon="139.09136292524636"><ele>1030.800048828125</ele><time>2025-06-07T03:30:55.000Z</time></trkpt><trkpt lat="35.953449038788676" lon="139.09126485697925"><ele>1028.0</ele><time>2025-06-07T03:31:05.000Z</time></trkpt><trkpt lat="35.953481728211045" lon="139.0911661181599"><ele>1024.800048828125</ele><time>2025-06-07T03:31:15.000Z</time></trkpt><trkpt lat="35.95349865965545" lon="139.09111993387341"><ele>1021.800048828125</ele><time>2025-06-07T03:31:26.000Z</time></trkpt><trkpt lat="35.95350963994861" lon="139.09103368408978"><ele>1020.0</ele><time>2025-06-07T03:31:38.000Z</time></trkpt><trkpt lat="35.953552052378654" lon="139.09094475209713"><ele>1017.5999755859375</ele><time>2025-06-07T03:31:50.000Z</time></trkpt><trkpt lat="35.95355414785445" lon="139.09088674932718"><ele>1014.4000244140625</ele><time>2025-06-07T03:32:00.000Z</time></trkpt><trkpt lat="35.95352103933692" lon="139.09087099134922"><ele>1011.4000244140625</ele><time>2025-06-07T03:32:10.000Z</time></trkpt><trkpt lat="35.953467981889844" lon="139.09083302132785"><ele>1008.4000244140625</ele><time>2025-06-07T03:32:24.000Z</time></trkpt><trkpt lat="35.95337888225913" lon="139.09083385951817"><ele>1005.199951171875</ele><time>2025-06-07T03:32:37.000Z</time></trkpt><trkpt lat="35.95331861637533" lon="139.0908577479422"><ele>1002.5999755859375</ele><time>2025-06-07T03:32:47.000Z</time></trkpt><trkpt lat="35.953288692981005" lon="139.0908550657332"><ele>1000.199951171875</ele><time>2025-06-07T03:32:56.000Z</time></trkpt><trkpt lat="35.95322725363076" lon="139.09085598774254"><ele>998.4000244140625</ele><time>2025-06-07T03:33:04.000Z</time></trkpt><trkpt lat="35.9531507268548" lon="139.090857161209"><ele>995.5999755859375</ele><time>2025-06-07T03:33:15.000Z</time></trkpt><trkpt lat="35.953080570325255" lon="139.09085146151483"><ele>993.199951171875</ele><time>2025-06-07T03:33:22.000Z</time></trkpt><trkpt lat="35.952976047992706" lon="139.09082514233887"><ele>990.4000244140625</ele><time>2025-06-07T03:33:32.000Z</time></trkpt><trkpt lat="35.952933048829436" lon="139.09076931886375"><ele>987.4000244140625</ele><time>2025-06-07T03:33:42.000Z</time></trkpt><trkpt lat="35.95289918594062" lon="139.09071299247444"><ele>985.0</ele><time>2025-06-07T03:33:51.000Z</time></trkpt><trkpt lat="35.952901197597384" lon="139.09065674990416"><ele>983.0</ele><time>2025-06-07T03:33:58.000Z</time></trkpt><trkpt lat="35.952923242002726" lon="139.09059363417327"><ele>980.199951171875</ele><time>2025-06-07T03:34:08.000Z</time></trkpt><trkpt lat="35.9529038798064" lon="139.09054233692586"><ele>978.0</ele><time>2025-06-07T03:34:17.000Z</time></trkpt><trkpt lat="35.9528864454478" lon="139.0905151795596"><ele>975.5999755859375</ele><time>2025-06-07T03:34:26.000Z</time></trkpt><trkpt lat="35.95285979099572" lon="139.09050076268613"><ele>973.199951171875</ele><time>2025-06-07T03:34:34.000Z</time></trkpt><trkpt lat="35.952835818752646" lon="139.0904332883656"><ele>971.0</ele><time>2025-06-07T03:34:43.000Z</time></trkpt><trkpt lat="35.95280421897769" lon="139.09036329947412"><ele>967.800048828125</ele><time>2025-06-07T03:34:53.000Z</time></trkpt><trkpt lat="35.952789299190044" lon="139.09033396281302"><ele>965.800048828125</ele><time>2025-06-07T03:35:03.000Z</time></trkpt><trkpt lat="35.95274956896901" lon="139.09031057730317"><ele>964.5999755859375</ele><time>2025-06-07T03:35:13.000Z</time></trkpt><trkpt lat="35.95278703607619" lon="139.0902820788324"><ele>964.4000244140625</ele><time>2025-06-07T03:35:20.000Z</time></trkpt><trkpt lat="35.952763399109244" lon="139.0902485512197"><ele>963.5999755859375</ele><time>2025-06-07T03:35:40.000Z</time></trkpt><trkpt lat="35.952747724950314" lon="139.09023044630885"><ele>963.5999755859375</ele><time>2025-06-07T03:35:42.000Z</time></trkpt><trkpt lat="35.95269525423646" lon="139.09012743271887"><ele>962.5999755859375</ele><time>2025-06-07T03:35:51.000Z</time></trkpt><trkpt lat="35.95268159173429" lon="139.09001788124442"><ele>961.4000244140625</ele><time>2025-06-07T03:35:58.000Z</time></trkpt><trkpt lat="35.952631048858166" lon="139.0899173822254"><ele>960.4000244140625</ele><time>2025-06-07T03:36:06.000Z</time></trkpt><trkpt lat="35.95262677408755" lon="139.08990514464676"><ele>960.199951171875</ele><time>2025-06-07T03:36:07.000Z</time></trkpt><trkpt lat="35.95255997031927" lon="139.08984697423875"><ele>959.5999755859375</ele><time>2025-06-07T03:36:15.000Z</time></trkpt><trkpt lat="35.952538177371025" lon="139.08978536725044"><ele>958.5999755859375</ele><time>2025-06-07T03:36:21.000Z</time></trkpt><trkpt lat="35.952527364715934" lon="139.08972241915762"><ele>957.4000244140625</ele><time>2025-06-07T03:36:26.000Z</time></trkpt><trkpt lat="35.952484868466854" lon="139.08956743776798"><ele>955.4000244140625</ele><time>2025-06-07T03:36:36.000Z</time></trkpt><trkpt lat="35.95243147574365" lon="139.08950214274228"><ele>954.5999755859375</ele><time>2025-06-07T03:36:42.000Z</time></trkpt><trkpt lat="35.95242309384048" lon="139.0894635859877"><ele>954.199951171875</ele><time>2025-06-07T03:36:45.000Z</time></trkpt><trkpt lat="35.9523961879313" lon="139.08944103866816"><ele>953.800048828125</ele><time>2025-06-07T03:36:48.000Z</time></trkpt><trkpt lat="35.952336927875876" lon="139.0893874783069"><ele>952.0</ele><time>2025-06-07T03:36:57.000Z</time></trkpt><trkpt lat="35.95230675302446" lon="139.08934271894395"><ele>950.5999755859375</ele><time>2025-06-07T03:37:03.000Z</time></trkpt><trkpt lat="35.95227104611695" lon="139.08928169868886"><ele>948.4000244140625</ele><time>2025-06-07T03:37:14.000Z</time></trkpt><trkpt lat="35.95223458483815" lon="139.0892191696912"><ele>946.199951171875</ele><time>2025-06-07T03:37:26.000Z</time></trkpt><trkpt lat="35.952226370573044" lon="139.08920953050256"><ele>944.800048828125</ele><time>2025-06-07T03:37:37.000Z</time></trkpt><trkpt lat="35.95218622125685" lon="139.08915488049388"><ele>943.4000244140625</ele><time>2025-06-07T03:37:55.000Z</time></trkpt><trkpt lat="35.95214305445552" lon="139.08912017941475"><ele>942.0</ele><time>2025-06-07T03:38:03.000Z</time></trkpt><trkpt lat="35.95213274471462" lon="139.08904055133462"><ele>940.4000244140625</ele><time>2025-06-07T03:38:12.000Z</time></trkpt><trkpt lat="35.952106174081564" lon="139.08895086497068"><ele>938.0</ele><time>2025-06-07T03:38:23.000Z</time></trkpt><trkpt lat="35.952066695317626" lon="139.08884986303747"><ele>935.199951171875</ele><time>2025-06-07T03:38:33.000Z</time></trkpt><trkpt lat="35.9520489256829" lon="139.08879479393363"><ele>933.5999755859375</ele><time>2025-06-07T03:38:41.000Z</time></trkpt><trkpt lat="35.95200793817639" lon="139.08877165988088"><ele>931.5999755859375</ele><time>2025-06-07T03:38:50.000Z</time></trkpt><trkpt lat="35.95197047106922" lon="139.0887399762869"><ele>929.0</ele><time>2025-06-07T03:39:00.000Z</time></trkpt><trkpt lat="35.9519590716809" lon="139.08867468126118"><ele>927.199951171875</ele><time>2025-06-07T03:39:08.000Z</time></trkpt><trkpt lat="35.95191498287022" lon="139.08862941898406"><ele>925.4000244140625</ele><time>2025-06-07T03:39:16.000Z</time></trkpt><trkpt lat="35.951873576268554" lon="139.0886097215116"><ele>923.5999755859375</ele><time>2025-06-07T03:39:24.000Z</time></trkpt><trkpt lat="35.95182253047824" lon="139.08860988914967"><ele>920.5999755859375</ele><time>2025-06-07T03:39:35.000Z</time></trkpt><trkpt lat="35.951781291514635" lon="139.0885980706662"><ele>918.5999755859375</ele><time>2025-06-07T03:39:42.000Z</time></trkpt><trkpt lat="35.951780788600445" lon="139.08857451751828"><ele>917.0</ele><time>2025-06-07T03:39:48.000Z</time></trkpt><trkpt lat="35.95174105837941" lon="139.08854819834232"><ele>913.800048828125</ele><time>2025-06-07T03:40:00.000Z</time></trkpt><trkpt lat="35.95169252716005" lon="139.08852732740343"><ele>911.4000244140625</ele><time>2025-06-07T03:40:10.000Z</time></trkpt><trkpt lat="35.95165455713868" lon="139.0884947218001"><ele>909.5999755859375</ele><time>2025-06-07T03:40:16.000Z</time></trkpt><trkpt lat="35.95158213749528" lon="139.08842582255602"><ele>907.199951171875</ele><time>2025-06-07T03:40:25.000Z</time></trkpt><trkpt lat="35.95150929875672" lon="139.08838449977338"><ele>905.0</ele><time>2025-06-07T03:40:33.000Z</time></trkpt><trkpt lat="35.951480297371745" lon="139.0883337892592"><ele>903.800048828125</ele><time>2025-06-07T03:40:38.000Z</time></trkpt><trkpt lat="35.95143319107592" lon="139.08827578648925"><ele>902.0</ele><time>2025-06-07T03:40:45.000Z</time></trkpt><trkpt lat="35.95140879973769" lon="139.08817796967924"><ele>900.4000244140625</ele><time>2025-06-07T03:40:51.000Z</time></trkpt><trkpt lat="35.951366471126676" lon="139.08802449703217"><ele>898.0</ele><time>2025-06-07T03:41:01.000Z</time></trkpt><trkpt lat="35.951305367052555" lon="139.08791469410062"><ele>896.199951171875</ele><time>2025-06-07T03:41:10.000Z</time></trkpt><trkpt lat="35.9512737672776" lon="139.0877983532846"><ele>895.0</ele><time>2025-06-07T03:41:17.000Z</time></trkpt><trkpt lat="35.951224733144045" lon="139.0877034701407"><ele>894.199951171875</ele><time>2025-06-07T03:41:24.000Z</time></trkpt><trkpt lat="35.95117402262986" lon="139.08761797472835"><ele>894.0</ele><time>2025-06-07T03:41:31.000Z</time></trkpt><trkpt lat="35.95112482085824" lon="139.08748998306692"><ele>893.5999755859375</ele><time>2025-06-07T03:41:40.000Z</time></trkpt><trkpt lat="35.9510665666312" lon="139.08735293895006"><ele>893.199951171875</ele><time>2025-06-07T03:41:50.000Z</time></trkpt><trkpt lat="35.95105499960482" lon="139.08727867528796"><ele>893.0</ele><time>2025-06-07T03:41:57.000Z</time></trkpt><trkpt lat="35.95096665434539" lon="139.08713836222887"><ele>892.199951171875</ele><time>2025-06-07T03:42:08.000Z</time></trkpt><trkpt lat="35.950907645747066" lon="139.08701229840517"><ele>890.800048828125</ele><time>2025-06-07T03:42:17.000Z</time></trkpt><trkpt lat="35.95087118446827" lon="139.0868757572025"><ele>889.0</ele><time>2025-06-07T03:42:27.000Z</time></trkpt><trkpt lat="35.95086003653705" lon="139.0867391321808"><ele>887.5999755859375</ele><time>2025-06-07T03:42:36.000Z</time></trkpt><trkpt lat="35.95084394328296" lon="139.08664776943624"><ele>886.199951171875</ele><time>2025-06-07T03:42:43.000Z</time></trkpt><trkpt lat="35.95083908177912" lon="139.0866371244192"><ele>886.0</ele><time>2025-06-07T03:42:44.000Z</time></trkpt><trkpt lat="35.950831873342395" lon="139.0866114757955"><ele>885.800048828125</ele><time>2025-06-07T03:42:46.000Z</time></trkpt><trkpt lat="35.95083229243755" lon="139.0865567419678"><ele>884.5999755859375</ele><time>2025-06-07T03:42:50.000Z</time></trkpt><trkpt lat="35.95081703737378" lon="139.08652354963124"><ele>884.199951171875</ele><time>2025-06-07T03:42:53.000Z</time></trkpt><trkpt lat="35.95080588944256" lon="139.0864380542189"><ele>883.0</ele><time>2025-06-07T03:42:58.000Z</time></trkpt><trkpt lat="35.95078065991402" lon="139.08631215803325"><ele>881.199951171875</ele><time>2025-06-07T03:43:06.000Z</time></trkpt><trkpt lat="35.95076473429799" lon="139.08623093739152"><ele>880.4000244140625</ele><time>2025-06-07T03:43:12.000Z</time></trkpt><trkpt lat="35.950839165598154" lon="139.08607168123126"><ele>881.199951171875</ele><time>2025-06-07T03:43:23.000Z</time></trkpt><trkpt lat="35.9508799854666" lon="139.0859319549054"><ele>879.199951171875</ele><time>2025-06-07T03:43:31.000Z</time></trkpt><trkpt lat="35.95088719390333" lon="139.08584972843528"><ele>879.0</ele><time>2025-06-07T03:43:36.000Z</time></trkpt><trkpt lat="35.950888032093644" lon="139.08580999821424"><ele>878.0</ele><time>2025-06-07T03:43:39.000Z</time></trkpt><trkpt lat="35.950860287994146" lon="139.08568862825632"><ele>877.4000244140625</ele><time>2025-06-07T03:43:47.000Z</time></trkpt><trkpt lat="35.950816785916686" lon="139.0855897217989"><ele>875.800048828125</ele><time>2025-06-07T03:43:54.000Z</time></trkpt><trkpt lat="35.95074428245425" lon="139.08542912453413"><ele>873.4000244140625</ele><time>2025-06-07T03:44:05.000Z</time></trkpt><trkpt lat="35.950724836438894" lon="139.08534622751176"><ele>873.0</ele><time>2025-06-07T03:44:10.000Z</time></trkpt><trkpt lat="35.95072709955275" lon="139.0851954370737"><ele>871.5999755859375</ele><time>2025-06-07T03:44:19.000Z</time></trkpt><trkpt lat="35.95073883421719" lon="139.0851409547031"><ele>870.800048828125</ele><time>2025-06-07T03:44:23.000Z</time></trkpt><trkpt lat="35.950736068189144" lon="139.0850106999278"><ele>869.800048828125</ele><time>2025-06-07T03:44:31.000Z</time></trkpt><trkpt lat="35.95075249671936" lon="139.0848640166223"><ele>867.800048828125</ele><time>2025-06-07T03:44:41.000Z</time></trkpt><trkpt lat="35.95077152363956" lon="139.08472881652415"><ele>865.5999755859375</ele><time>2025-06-07T03:44:50.000Z</time></trkpt><trkpt lat="35.950774289667606" lon="139.08466142602265"><ele>864.0</ele><time>2025-06-07T03:44:55.000Z</time></trkpt><trkpt lat="35.95076808705926" lon="139.08460375852883"><ele>862.800048828125</ele><time>2025-06-07T03:44:59.000Z</time></trkpt><trkpt lat="35.95077361911535" lon="139.08457693643868"><ele>862.4000244140625</ele><time>2025-06-07T03:45:01.000Z</time></trkpt><trkpt lat="35.950753251090646" lon="139.0844842325896"><ele>859.800048828125</ele><time>2025-06-07T03:45:09.000Z</time></trkpt><trkpt lat="35.95074604265392" lon="139.08441692590714"><ele>857.800048828125</ele><time>2025-06-07T03:45:14.000Z</time></trkpt><trkpt lat="35.95075526274741" lon="139.08433838747442"><ele>855.5999755859375</ele><time>2025-06-07T03:45:20.000Z</time></trkpt><trkpt lat="35.950750233605504" lon="139.08432925119996"><ele>855.199951171875</ele><time>2025-06-07T03:45:21.000Z</time></trkpt><trkpt lat="35.95076029188931" lon="139.08424945548177"><ele>853.0</ele><time>2025-06-07T03:45:27.000Z</time></trkpt><trkpt lat="35.95077973790467" lon="139.08417695201933"><ele>850.5999755859375</ele><time>2025-06-07T03:45:32.000Z</time></trkpt><trkpt lat="35.95075978897512" lon="139.0841335337609"><ele>848.5999755859375</ele><time>2025-06-07T03:45:36.000Z</time></trkpt><trkpt lat="35.95076414756477" lon="139.0840851701796"><ele>847.199951171875</ele><time>2025-06-07T03:45:40.000Z</time></trkpt><trkpt lat="35.95079164020717" lon="139.08402574248612"><ele>844.5999755859375</ele><time>2025-06-07T03:45:47.000Z</time></trkpt><trkpt lat="35.95078929327428" lon="139.08401953987777"><ele>844.4000244140625</ele><time>2025-06-07T03:45:48.000Z</time></trkpt><trkpt lat="35.95077898353338" lon="139.08398425206542"><ele>842.5999755859375</ele><time>2025-06-07T03:45:52.000Z</time></trkpt><trkpt lat="35.950809828937054" lon="139.0838924702257"><ele>840.4000244140625</ele><time>2025-06-07T03:45:59.000Z</time></trkpt><trkpt lat="35.95083698630333" lon="139.08379959873855"><ele>838.800048828125</ele><time>2025-06-07T03:46:05.000Z</time></trkpt><trkpt lat="35.95083212479949" lon="139.08372743055224"><ele>837.0</ele><time>2025-06-07T03:46:10.000Z</time></trkpt><trkpt lat="35.95085299573839" lon="139.08370236866176"><ele>834.800048828125</ele><time>2025-06-07T03:46:18.000Z</time></trkpt><trkpt lat="35.950876884162426" lon="139.08359072171152"><ele>832.5999755859375</ele><time>2025-06-07T03:46:31.000Z</time></trkpt><trkpt lat="35.950908651575446" lon="139.08346574753523"><ele>831.199951171875</ele><time>2025-06-07T03:46:38.000Z</time></trkpt><trkpt lat="35.950936395674944" lon="139.08334244973958"><ele>829.199951171875</ele><time>2025-06-07T03:46:46.000Z</time></trkpt><trkpt lat="35.95096942037344" lon="139.08322602510452"><ele>827.4000244140625</ele><time>2025-06-07T03:46:54.000Z</time></trkpt><trkpt lat="35.95097562298179" lon="139.08313198015094"><ele>826.0</ele><time>2025-06-07T03:47:00.000Z</time></trkpt><trkpt lat="35.951009234413505" lon="139.0830021444708"><ele>824.199951171875</ele><time>2025-06-07T03:47:09.000Z</time></trkpt><trkpt lat="35.951050724834204" lon="139.0829217620194"><ele>823.0</ele><time>2025-06-07T03:47:16.000Z</time></trkpt><trkpt lat="35.951060028746724" lon="139.08289175480604"><ele>822.800048828125</ele><time>2025-06-07T03:47:18.000Z</time></trkpt><trkpt lat="35.9510612860322" lon="139.08286585472524"><ele>822.199951171875</ele><time>2025-06-07T03:47:20.000Z</time></trkpt><trkpt lat="35.95107922330499" lon="139.08281179144979"><ele>821.4000244140625</ele><time>2025-06-07T03:47:24.000Z</time></trkpt><trkpt lat="35.95108802430332" lon="139.0826971270144"><ele>819.0</ele><time>2025-06-07T03:47:33.000Z</time></trkpt><trkpt lat="35.951131442561746" lon="139.08259679563344"><ele>816.5999755859375</ele><time>2025-06-07T03:47:42.000Z</time></trkpt><trkpt lat="35.951137393713" lon="139.08258623443544"><ele>816.4000244140625</ele><time>2025-06-07T03:47:43.000Z</time></trkpt><trkpt lat="35.95115901902318" lon="139.0825607534498"><ele>815.800048828125</ele><time>2025-06-07T03:47:46.000Z</time></trkpt><trkpt lat="35.95117578282952" lon="139.08248405903578"><ele>814.4000244140625</ele><time>2025-06-07T03:47:51.000Z</time></trkpt><trkpt lat="35.951173854991794" lon="139.08244114369154"><ele>813.4000244140625</ele><time>2025-06-07T03:47:54.000Z</time></trkpt><trkpt lat="35.9512063767761" lon="139.08238783478737"><ele>812.4000244140625</ele><time>2025-06-07T03:47:59.000Z</time></trkpt><trkpt lat="35.95120159909129" lon="139.0823324304074"><ele>811.199951171875</ele><time>2025-06-07T03:48:03.000Z</time></trkpt><trkpt lat="35.95124166458845" lon="139.08225598745048"><ele>809.800048828125</ele><time>2025-06-07T03:48:09.000Z</time></trkpt><trkpt lat="35.95126412808895" lon="139.08216898329556"><ele>807.800048828125</ele><time>2025-06-07T03:48:15.000Z</time></trkpt><trkpt lat="35.951249124482274" lon="139.0820821467787"><ele>806.4000244140625</ele><time>2025-06-07T03:48:21.000Z</time></trkpt><trkpt lat="35.951270163059235" lon="139.08194267190993"><ele>804.0</ele><time>2025-06-07T03:48:30.000Z</time></trkpt><trkpt lat="35.95129388384521" lon="139.0818463638425"><ele>802.5999755859375</ele><time>2025-06-07T03:48:36.000Z</time></trkpt><trkpt lat="35.95131056383252" lon="139.08180822618306"><ele>802.0</ele><time>2025-06-07T03:48:39.000Z</time></trkpt><trkpt lat="35.951303439214826" lon="139.08167378045619"><ele>800.0</ele><time>2025-06-07T03:48:47.000Z</time></trkpt><trkpt lat="35.95131626352668" lon="139.0815620496869"><ele>798.0</ele><time>2025-06-07T03:48:54.000Z</time></trkpt><trkpt lat="35.95133797265589" lon="139.08151083625853"><ele>797.0</ele><time>2025-06-07T03:48:57.000Z</time></trkpt><trkpt lat="35.951345851644874" lon="139.08145492896438"><ele>796.0</ele><time>2025-06-07T03:49:01.000Z</time></trkpt><trkpt lat="35.95138088800013" lon="139.08139223232865"><ele>794.199951171875</ele><time>2025-06-07T03:49:08.000Z</time></trkpt><trkpt lat="35.951319951564074" lon="139.08135702833533"><ele>791.199951171875</ele><time>2025-06-07T03:49:20.000Z</time></trkpt><trkpt lat="35.951272677630186" lon="139.08138452097774"><ele>789.5999755859375</ele><time>2025-06-07T03:49:26.000Z</time></trkpt><trkpt lat="35.95121903344989" lon="139.0814174618572"><ele>788.199951171875</ele><time>2025-06-07T03:49:34.000Z</time></trkpt><trkpt lat="35.95119522884488" lon="139.08135954290628"><ele>785.5999755859375</ele><time>2025-06-07T03:49:45.000Z</time></trkpt><trkpt lat="35.951217357069254" lon="139.08125828951597"><ele>783.199951171875</ele><time>2025-06-07T03:49:57.000Z</time></trkpt><trkpt lat="35.95118776895106" lon="139.0812488179654"><ele>780.4000244140625</ele><time>2025-06-07T03:50:08.000Z</time></trkpt><trkpt lat="35.951169496402144" lon="139.08125929534435"><ele>778.5999755859375</ele><time>2025-06-07T03:50:16.000Z</time></trkpt><trkpt lat="35.95112808980048" lon="139.0811967663467"><ele>776.0</ele><time>2025-06-07T03:50:27.000Z</time></trkpt><trkpt lat="35.95112582668662" lon="139.08117229118943"><ele>774.4000244140625</ele><time>2025-06-07T03:50:37.000Z</time></trkpt><trkpt lat="35.95114233903587" lon="139.08110397867858"><ele>772.5999755859375</ele><time>2025-06-07T03:50:47.000Z</time></trkpt><trkpt lat="35.95110537484288" lon="139.08110054209828"><ele>770.0</ele><time>2025-06-07T03:50:59.000Z</time></trkpt><trkpt lat="35.951157342642546" lon="139.08100825734437"><ele>767.199951171875</ele><time>2025-06-07T03:51:09.000Z</time></trkpt><trkpt lat="35.95115549862385" lon="139.08096592873335"><ele>765.199951171875</ele><time>2025-06-07T03:51:18.000Z</time></trkpt><trkpt lat="35.95108458772302" lon="139.08097959123552"><ele>762.5999755859375</ele><time>2025-06-07T03:51:29.000Z</time></trkpt><trkpt lat="35.95102725550532" lon="139.08095536753535"><ele>759.5999755859375</ele><time>2025-06-07T03:51:42.000Z</time></trkpt><trkpt lat="35.95104276202619" lon="139.08088378608227"><ele>756.5999755859375</ele><time>2025-06-07T03:51:53.000Z</time></trkpt><trkpt lat="35.95099297352135" lon="139.0808714646846"><ele>754.199951171875</ele><time>2025-06-07T03:52:03.000Z</time></trkpt><trkpt lat="35.950961876660585" lon="139.08088194206357"><ele>752.4000244140625</ele><time>2025-06-07T03:52:11.000Z</time></trkpt><trkpt lat="35.95097905956209" lon="139.08081505447626"><ele>750.4000244140625</ele><time>2025-06-07T03:52:21.000Z</time></trkpt><trkpt lat="35.95097905956209" lon="139.08081505447626"><ele>747.4000244140625</ele><time>2025-06-07T03:52:40.000Z</time></trkpt><trkpt lat="35.951018119230866" lon="139.08080709166825"><ele>747.199951171875</ele><time>2025-06-07T03:52:49.000Z</time></trkpt><trkpt lat="35.95101719722152" lon="139.08077884465456"><ele>747.0</ele><time>2025-06-07T03:52:58.000Z</time></trkpt><trkpt lat="35.9509352222085" lon="139.08075956627727"><ele>744.5999755859375</ele><time>2025-06-07T03:53:13.000Z</time></trkpt><trkpt lat="35.950893899425864" lon="139.08078362233937"><ele>741.800048828125</ele><time>2025-06-07T03:53:23.000Z</time></trkpt><trkpt lat="35.95087663270533" lon="139.08071547746658"><ele>739.5999755859375</ele><time>2025-06-07T03:53:38.000Z</time></trkpt><trkpt lat="35.95080538652837" lon="139.0806967858225"><ele>737.4000244140625</ele><time>2025-06-07T03:53:47.000Z</time></trkpt><trkpt lat="35.95075593329966" lon="139.08069955185056"><ele>735.800048828125</ele><time>2025-06-07T03:53:55.000Z</time></trkpt><trkpt lat="35.950727351009846" lon="139.08062076196074"><ele>733.0</ele><time>2025-06-07T03:54:06.000Z</time></trkpt><trkpt lat="35.95075526274741" lon="139.0805270522833"><ele>729.800048828125</ele><time>2025-06-07T03:54:17.000Z</time></trkpt><trkpt lat="35.95074604265392" lon="139.08050643280149"><ele>727.0</ele><time>2025-06-07T03:54:27.000Z</time></trkpt><trkpt lat="35.95070036128163" lon="139.08046863041818"><ele>724.0</ele><time>2025-06-07T03:54:38.000Z</time></trkpt><trkpt lat="35.95073036849499" lon="139.08040744252503"><ele>721.4000244140625</ele><time>2025-06-07T03:54:48.000Z</time></trkpt><trkpt lat="35.95066683366895" lon="139.08040719106793"><ele>718.199951171875</ele><time>2025-06-07T03:54:59.000Z</time></trkpt><trkpt lat="35.95070639625192" lon="139.08032823354006"><ele>716.0</ele><time>2025-06-07T03:55:10.000Z</time></trkpt><trkpt lat="35.95070664770901" lon="139.0802691411227"><ele>712.800048828125</ele><time>2025-06-07T03:55:20.000Z</time></trkpt><trkpt lat="35.95066004432738" lon="139.0802599210292"><ele>710.800048828125</ele><time>2025-06-07T03:55:29.000Z</time></trkpt><trkpt lat="35.950689632445574" lon="139.08021147362888"><ele>708.800048828125</ele><time>2025-06-07T03:55:38.000Z</time></trkpt><trkpt lat="35.95070363022387" lon="139.0801700670272"><ele>707.0</ele><time>2025-06-07T03:55:46.000Z</time></trkpt><trkpt lat="35.950667252764106" lon="139.08016168512404"><ele>704.0</ele><time>2025-06-07T03:55:59.000Z</time></trkpt><trkpt lat="35.950598856434226" lon="139.08021038398147"><ele>702.800048828125</ele><time>2025-06-07T03:56:08.000Z</time></trkpt><trkpt lat="35.95057672820985" lon="139.0802033431828"><ele>701.0</ele><time>2025-06-07T03:56:15.000Z</time></trkpt><trkpt lat="35.9505829308182" lon="139.08015028573573"><ele>697.800048828125</ele><time>2025-06-07T03:56:25.000Z</time></trkpt><trkpt lat="35.95055007375777" lon="139.080164199695"><ele>696.800048828125</ele><time>2025-06-07T03:56:29.000Z</time></trkpt><trkpt lat="35.95047505572438" lon="139.08019999042153"><ele>694.199951171875</ele><time>2025-06-07T03:56:38.000Z</time></trkpt><trkpt lat="35.950426775962114" lon="139.08026243560016"><ele>692.4000244140625</ele><time>2025-06-07T03:56:45.000Z</time></trkpt><trkpt lat="35.950350081548095" lon="139.08033066429198"><ele>689.199951171875</ele><time>2025-06-07T03:56:55.000Z</time></trkpt><trkpt lat="35.95030825585127" lon="139.08035119995475"><ele>687.4000244140625</ele><time>2025-06-07T03:57:04.000Z</time></trkpt><trkpt lat="35.950249498710036" lon="139.08040031790733"><ele>684.4000244140625</ele><time>2025-06-07T03:57:14.000Z</time></trkpt><trkpt lat="35.950208930298686" lon="139.08042814582586"><ele>682.5999755859375</ele><time>2025-06-07T03:57:23.000Z</time></trkpt><trkpt lat="35.95017833635211" lon="139.08034667372704"><ele>679.5999755859375</ele><time>2025-06-07T03:57:35.000Z</time></trkpt><trkpt lat="35.95017045736313" lon="139.08022706396878"><ele>676.800048828125</ele><time>2025-06-07T03:57:47.000Z</time></trkpt><trkpt lat="35.95013868995011" lon="139.08021993935108"><ele>674.800048828125</ele><time>2025-06-07T03:57:56.000Z</time></trkpt><trkpt lat="35.950108179822564" lon="139.08024843782187"><ele>672.4000244140625</ele><time>2025-06-07T03:58:04.000Z</time></trkpt><trkpt lat="35.95011035911739" lon="139.0801639482379"><ele>669.5999755859375</ele><time>2025-06-07T03:58:14.000Z</time></trkpt><trkpt lat="35.9501061681658" lon="139.08013897016644"><ele>667.5999755859375</ele><time>2025-06-07T03:58:28.000Z</time></trkpt><trkpt lat="35.9501167293638" lon="139.08008717000484"><ele>666.800048828125</ele><time>2025-06-07T03:58:33.000Z</time></trkpt><trkpt lat="35.95011974684894" lon="139.08000838011503"><ele>664.0</ele><time>2025-06-07T03:58:44.000Z</time></trkpt><trkpt lat="35.95009099692106" lon="139.07991039566696"><ele>661.199951171875</ele><time>2025-06-07T03:58:55.000Z</time></trkpt><trkpt lat="35.95007423311472" lon="139.07978801988065"><ele>657.800048828125</ele><time>2025-06-07T03:59:05.000Z</time></trkpt><trkpt lat="35.95006987452507" lon="139.07980252057314"><ele>655.4000244140625</ele><time>2025-06-07T03:59:16.000Z</time></trkpt><trkpt lat="35.95004112459719" lon="139.07987158745527"><ele>653.800048828125</ele><time>2025-06-07T03:59:23.000Z</time></trkpt><trkpt lat="35.94998077489436" lon="139.07994744367898"><ele>651.5999755859375</ele><time>2025-06-07T03:59:32.000Z</time></trkpt><trkpt lat="35.94992528669536" lon="139.0799784567207"><ele>648.5999755859375</ele><time>2025-06-07T03:59:41.000Z</time></trkpt><trkpt lat="35.94990525394678" lon="139.07999052666128"><ele>647.4000244140625</ele><time>2025-06-07T03:59:45.000Z</time></trkpt><trkpt lat="35.94986753538251" lon="139.07985775731504"><ele>645.199951171875</ele><time>2025-06-07T03:59:53.000Z</time></trkpt><trkpt lat="35.94988211989403" lon="139.07972565852106"><ele>642.5999755859375</ele><time>2025-06-07T04:00:02.000Z</time></trkpt><trkpt lat="35.94988798722625" lon="139.07960068434477"><ele>641.199951171875</ele><time>2025-06-07T04:00:10.000Z</time></trkpt><trkpt lat="35.949913216754794" lon="139.07954913564026"><ele>640.4000244140625</ele><time>2025-06-07T04:00:14.000Z</time></trkpt><trkpt lat="35.94991506077349" lon="139.07947168685496"><ele>639.800048828125</ele><time>2025-06-07T04:00:19.000Z</time></trkpt><trkpt lat="35.94992034137249" lon="139.0794456191361"><ele>638.4000244140625</ele><time>2025-06-07T04:00:27.000Z</time></trkpt><trkpt lat="35.949924951419234" lon="139.07955089583993"><ele>636.0</ele><time>2025-06-07T04:00:38.000Z</time></trkpt><trkpt lat="35.94991707243025" lon="139.07963412813842"><ele>634.5999755859375</ele><time>2025-06-07T04:00:44.000Z</time></trkpt><trkpt lat="35.94988748431206" lon="139.0797603596002"><ele>633.199951171875</ele><time>2025-06-07T04:00:54.000Z</time></trkpt><trkpt lat="35.94981975853443" lon="139.07980704680085"><ele>632.0</ele><time>2025-06-07T04:01:03.000Z</time></trkpt><trkpt lat="35.94983643852174" lon="139.0796766243875"><ele>629.4000244140625</ele><time>2025-06-07T04:01:13.000Z</time></trkpt><trkpt lat="35.949842892587185" lon="139.07963798381388"><ele>627.199951171875</ele><time>2025-06-07T04:01:22.000Z</time></trkpt><trkpt lat="35.94979243353009" lon="139.0796848386526"><ele>625.800048828125</ele><time>2025-06-07T04:01:41.000Z</time></trkpt><trkpt lat="35.949789164587855" lon="139.0796979982406"><ele>625.800048828125</ele><time>2025-06-07T04:01:42.000Z</time></trkpt><trkpt lat="35.94977776519954" lon="139.07974493689835"><ele>625.199951171875</ele><time>2025-06-07T04:01:45.000Z</time></trkpt><trkpt lat="35.94974599778652" lon="139.07977578230202"><ele>624.0</ele><time>2025-06-07T04:01:50.000Z</time></trkpt><trkpt lat="35.94973552040756" lon="139.0796385705471"><ele>621.199951171875</ele><time>2025-06-07T04:02:00.000Z</time></trkpt><trkpt lat="35.94973795115948" lon="139.07951217144728"><ele>619.199951171875</ele><time>2025-06-07T04:02:09.000Z</time></trkpt><trkpt lat="35.9497522842139" lon="139.0794522408396"><ele>617.800048828125</ele><time>2025-06-07T04:02:16.000Z</time></trkpt><trkpt lat="35.94974784180522" lon="139.07942189835012"><ele>617.199951171875</ele><time>2025-06-07T04:02:23.000Z</time></trkpt><trkpt lat="35.94974306412041" lon="139.0795098245144"><ele>615.800048828125</ele><time>2025-06-07T04:02:32.000Z</time></trkpt><trkpt lat="35.949740298092365" lon="139.0795196313411"><ele>615.5999755859375</ele><time>2025-06-07T04:02:33.000Z</time></trkpt><trkpt lat="35.94972839578986" lon="139.07956229522824"><ele>615.0</ele><time>2025-06-07T04:02:36.000Z</time></trkpt><trkpt lat="35.949665531516075" lon="139.07965868711472"><ele>613.199951171875</ele><time>2025-06-07T04:02:45.000Z</time></trkpt><trkpt lat="35.94960425980389" lon="139.07971727661788"><ele>611.199951171875</ele><time>2025-06-07T04:02:54.000Z</time></trkpt><trkpt lat="35.94953007996082" lon="139.0798061247915"><ele>608.5999755859375</ele><time>2025-06-07T04:03:03.000Z</time></trkpt><trkpt lat="35.949495965614915" lon="139.0798214636743"><ele>608.0</ele><time>2025-06-07T04:03:06.000Z</time></trkpt><trkpt lat="35.949407033622265" lon="139.07987737096846"><ele>605.4000244140625</ele><time>2025-06-07T04:03:15.000Z</time></trkpt><trkpt lat="35.94939018599689" lon="139.07992808148265"><ele>604.4000244140625</ele><time>2025-06-07T04:03:20.000Z</time></trkpt><trkpt lat="35.94928038306534" lon="139.08000083640218"><ele>602.0</ele><time>2025-06-07T04:03:31.000Z</time></trkpt><trkpt lat="35.94929379411042" lon="139.07994844950736"><ele>600.800048828125</ele><time>2025-06-07T04:03:35.000Z</time></trkpt><trkpt lat="35.94931592233479" lon="139.07981081865728"><ele>598.800048828125</ele><time>2025-06-07T04:03:44.000Z</time></trkpt><trkpt lat="35.94930728897452" lon="139.07975809648633"><ele>596.5999755859375</ele><time>2025-06-07T04:03:52.000Z</time></trkpt><trkpt lat="35.94925842247903" lon="139.07982573844492"><ele>594.5999755859375</ele><time>2025-06-07T04:04:00.000Z</time></trkpt><trkpt lat="35.94915431924164" lon="139.07990821637213"><ele>591.4000244140625</ele><time>2025-06-07T04:04:10.000Z</time></trkpt><trkpt lat="35.94914878718555" lon="139.0799012593925"><ele>589.199951171875</ele><time>2025-06-07T04:04:19.000Z</time></trkpt><trkpt lat="35.94916982576251" lon="139.07986672595143"><ele>587.5999755859375</ele><time>2025-06-07T04:04:28.000Z</time></trkpt><trkpt lat="35.94919187016785" lon="139.0798219665885"><ele>587.5999755859375</ele><time>2025-06-07T04:04:32.000Z</time></trkpt><trkpt lat="35.94920452684164" lon="139.07970059663057"><ele>585.5999755859375</ele><time>2025-06-07T04:04:43.000Z</time></trkpt><trkpt lat="35.94925574027002" lon="139.07960454002023"><ele>585.0</ele><time>2025-06-07T04:04:51.000Z</time></trkpt><trkpt lat="35.94930703751743" lon="139.07955181784928"><ele>584.0</ele><time>2025-06-07T04:04:56.000Z</time></trkpt><trkpt lat="35.94934919849038" lon="139.07950865104795"><ele>583.199951171875</ele><time>2025-06-07T04:05:01.000Z</time></trkpt><trkpt lat="35.94936478883028" lon="139.0794667415321"><ele>581.800048828125</ele><time>2025-06-07T04:05:09.000Z</time></trkpt><trkpt lat="35.94933897256851" lon="139.07944922335446"><ele>581.199951171875</ele><time>2025-06-07T04:05:16.000Z</time></trkpt><trkpt lat="35.94933545216918" lon="139.0793832577765"><ele>581.0</ele><time>2025-06-07T04:05:29.000Z</time></trkpt><trkpt lat="35.94935632310808" lon="139.07934461720288"><ele>580.800048828125</ele><time>2025-06-07T04:05:34.000Z</time></trkpt><trkpt lat="35.949381636455655" lon="139.07926976680756"><ele>580.0</ele><time>2025-06-07T04:05:39.000Z</time></trkpt><trkpt lat="35.9493915271014" lon="139.07919064164162"><ele>579.5999755859375</ele><time>2025-06-07T04:05:45.000Z</time></trkpt><trkpt lat="35.949446596205235" lon="139.07915392890573"><ele>578.4000244140625</ele><time>2025-06-07T04:05:53.000Z</time></trkpt><trkpt lat="35.94945078715682" lon="139.07914546318352"><ele>578.199951171875</ele><time>2025-06-07T04:05:54.000Z</time></trkpt><trkpt lat="35.9495001565665" lon="139.07905384898186"><ele>576.800048828125</ele><time>2025-06-07T04:06:02.000Z</time></trkpt><trkpt lat="35.94952664338052" lon="139.0789981931448"><ele>576.199951171875</ele><time>2025-06-07T04:06:07.000Z</time></trkpt><trkpt lat="35.94952597282827" lon="139.07896315678954"><ele>575.5999755859375</ele><time>2025-06-07T04:06:09.000Z</time></trkpt><trkpt lat="35.94956897199154" lon="139.07884899526834"><ele>573.800048828125</ele><time>2025-06-07T04:06:18.000Z</time></trkpt><trkpt lat="35.94961691647768" lon="139.0787320677191"><ele>571.800048828125</ele><time>2025-06-07T04:06:27.000Z</time></trkpt><trkpt lat="35.94968522898853" lon="139.0786073449999"><ele>569.800048828125</ele><time>2025-06-07T04:06:37.000Z</time></trkpt><trkpt lat="35.94969402998686" lon="139.07857893034816"><ele>569.0</ele><time>2025-06-07T04:06:39.000Z</time></trkpt><trkpt lat="35.94974096864462" lon="139.07848555594683"><ele>566.0</ele><time>2025-06-07T04:06:48.000Z</time></trkpt><trkpt lat="35.94975429587066" lon="139.078470133245"><ele>565.4000244140625</ele><time>2025-06-07T04:06:50.000Z</time></trkpt><trkpt lat="35.9497660305351" lon="139.07845286652446"><ele>564.199951171875</ele><time>2025-06-07T04:06:58.000Z</time></trkpt><trkpt lat="35.94977323897183" lon="139.07844515517354"><ele>563.800048828125</ele><time>2025-06-07T04:06:59.000Z</time></trkpt><trkpt lat="35.949755385518074" lon="139.0784011501819"><ele>563.0</ele><time>2025-06-07T04:07:06.000Z</time></trkpt><trkpt lat="35.949751948937774" lon="139.07832168973982"><ele>560.800048828125</ele><time>2025-06-07T04:07:15.000Z</time></trkpt><trkpt lat="35.94976938329637" lon="139.07832604832947"><ele>560.0</ele><time>2025-06-07T04:07:30.000Z</time></trkpt><trkpt lat="35.949781872332096" lon="139.0783112961799"><ele>559.4000244140625</ele><time>2025-06-07T04:07:39.000Z</time></trkpt><trkpt lat="35.94982017762959" lon="139.07828212715685"><ele>559.800048828125</ele><time>2025-06-07T04:07:48.000Z</time></trkpt><trkpt lat="35.949861919507384" lon="139.07827927730978"><ele>560.4000244140625</ele><time>2025-06-07T04:08:01.000Z</time></trkpt><trkpt lat="35.949869798496366" lon="139.07827542163432"><ele>560.4000244140625</ele><time>2025-06-07T04:08:02.000Z</time></trkpt><trkpt lat="35.94991698861122" lon="139.0782592445612"><ele>560.5999755859375</ele><time>2025-06-07T04:08:05.000Z</time></trkpt><trkpt lat="35.950001729652286" lon="139.07823535613716"><ele>560.800048828125</ele><time>2025-06-07T04:08:12.000Z</time></trkpt><trkpt lat="35.95004104077816" lon="139.0781569853425"><ele>560.199951171875</ele><time>2025-06-07T04:08:18.000Z</time></trkpt><trkpt lat="35.95005713403225" lon="139.07804433256388"><ele>558.800048828125</ele><time>2025-06-07T04:08:25.000Z</time></trkpt><trkpt lat="35.95001916401088" lon="139.07797291874886"><ele>557.5999755859375</ele><time>2025-06-07T04:08:30.000Z</time></trkpt><trkpt lat="35.949994437396526" lon="139.07785615883768"><ele>555.4000244140625</ele><time>2025-06-07T04:08:41.000Z</time></trkpt><trkpt lat="35.949984630569816" lon="139.07779555767775"><ele>553.5999755859375</ele><time>2025-06-07T04:08:48.000Z</time></trkpt><trkpt lat="35.94995747320354" lon="139.07770561985672"><ele>552.0</ele><time>2025-06-07T04:08:56.000Z</time></trkpt><trkpt lat="35.949942637234926" lon="139.07758994959295"><ele>549.5999755859375</ele><time>2025-06-07T04:09:08.000Z</time></trkpt><trkpt lat="35.949903493747115" lon="139.0775324497372"><ele>548.0</ele><time>2025-06-07T04:09:18.000Z</time></trkpt><trkpt lat="35.94985647127032" lon="139.0774471219629"><ele>545.800048828125</ele><time>2025-06-07T04:09:27.000Z</time></trkpt><trkpt lat="35.94976359978318" lon="139.07732122577727"><ele>543.199951171875</ele><time>2025-06-07T04:09:38.000Z</time></trkpt><trkpt lat="35.94969956204295" lon="139.07722634263337"><ele>541.199951171875</ele><time>2025-06-07T04:09:46.000Z</time></trkpt><trkpt lat="35.94968539662659" lon="139.07709105871618"><ele>539.4000244140625</ele><time>2025-06-07T04:09:54.000Z</time></trkpt><trkpt lat="35.94961926341057" lon="139.07695996575058"><ele>536.5999755859375</ele><time>2025-06-07T04:10:05.000Z</time></trkpt><trkpt lat="35.949594620615244" lon="139.0769079979509"><ele>535.0</ele><time>2025-06-07T04:10:13.000Z</time></trkpt><trkpt lat="35.949595626443624" lon="139.07690389081836"><ele>535.0</ele><time>2025-06-07T04:10:15.000Z</time></trkpt><trkpt lat="35.94965304248035" lon="139.0767961833626"><ele>533.4000244140625</ele><time>2025-06-07T04:10:22.000Z</time></trkpt><trkpt lat="35.94971858896315" lon="139.07671906985343"><ele>533.0</ele><time>2025-06-07T04:10:28.000Z</time></trkpt><trkpt lat="35.94973468221724" lon="139.07670121639967"><ele>532.800048828125</ele><time>2025-06-07T04:10:33.000Z</time></trkpt><trkpt lat="35.94973258674145" lon="139.07673147507012"><ele>531.5999755859375</ele><time>2025-06-07T04:10:51.000Z</time></trkpt><trkpt lat="35.949823781847954" lon="139.0767744742334"><ele>528.4000244140625</ele><time>2025-06-07T04:11:07.000Z</time></trkpt><trkpt lat="35.949842473492026" lon="139.07680607400835"><ele>527.199951171875</ele><time>2025-06-07T04:11:15.000Z</time></trkpt><trkpt lat="35.94986208714545" lon="139.07683884724975"><ele>526.4000244140625</ele><time>2025-06-07T04:11:27.000Z</time></trkpt><trkpt lat="35.94987533055246" lon="139.07687497325242"><ele>526.4000244140625</ele><time>2025-06-07T04:11:38.000Z</time></trkpt><trkpt lat="35.94990818761289" lon="139.07690774649382"><ele>526.5999755859375</ele><time>2025-06-07T04:11:48.000Z</time></trkpt><trkpt lat="35.94990994781256" lon="139.0769142843783"><ele>527.199951171875</ele><time>2025-06-07T04:12:03.000Z</time></trkpt><trkpt lat="35.949935177341104" lon="139.0769272763282"><ele>527.5999755859375</ele><time>2025-06-07T04:12:14.000Z</time></trkpt><trkpt lat="35.94997172243893" lon="139.07691738568246"><ele>528.4000244140625</ele><time>2025-06-07T04:12:20.000Z</time></trkpt><trkpt lat="35.94997934997082" lon="139.0768910665065"><ele>528.5999755859375</ele><time>2025-06-07T04:12:22.000Z</time></trkpt><trkpt lat="35.9500287193805" lon="139.07683826051652"><ele>528.4000244140625</ele><time>2025-06-07T04:12:30.000Z</time></trkpt><trkpt lat="35.950049087405205" lon="139.07680322416127"><ele>527.5999755859375</ele><time>2025-06-07T04:12:33.000Z</time></trkpt><trkpt lat="35.95006735995412" lon="139.07670741900802"><ele>526.0</ele><time>2025-06-07T04:12:40.000Z</time></trkpt><trkpt lat="35.95006903633475" lon="139.07668747007847"><ele>525.4000244140625</ele><time>2025-06-07T04:12:42.000Z</time></trkpt><trkpt lat="35.95009904354811" lon="139.07665486447513"><ele>524.4000244140625</ele><time>2025-06-07T04:12:46.000Z</time></trkpt><trkpt lat="35.95015863887966" lon="139.07658143900335"><ele>522.0</ele><time>2025-06-07T04:12:55.000Z</time></trkpt><trkpt lat="35.9501841198653" lon="139.07656316645443"><ele>521.2000122070312</ele><time>2025-06-07T04:12:58.000Z</time></trkpt><trkpt lat="35.950210355222225" lon="139.0765569638461"><ele>519.5999755859375</ele><time>2025-06-07T04:13:07.000Z</time></trkpt><trkpt lat="35.950278332456946" lon="139.07656953670084"><ele>518.5999755859375</ele><time>2025-06-07T04:13:16.000Z</time></trkpt><trkpt lat="35.95036533661187" lon="139.07653869129717"><ele>518.4000244140625</ele><time>2025-06-07T04:13:24.000Z</time></trkpt><trkpt lat="35.95037145540118" lon="139.07653114758432"><ele>517.7999877929688</ele><time>2025-06-07T04:13:29.000Z</time></trkpt><trkpt lat="35.95039199106395" lon="139.07648789696395"><ele>518.0</ele><time>2025-06-07T04:13:37.000Z</time></trkpt><trkpt lat="35.95040565356612" lon="139.07639385201037"><ele>517.2000122070312</ele><time>2025-06-07T04:13:53.000Z</time></trkpt><trkpt lat="35.95041872933507" lon="139.07638086006045"><ele>517.2000122070312</ele><time>2025-06-07T04:14:00.000Z</time></trkpt><trkpt lat="35.95048662275076" lon="139.07627985812724"><ele>516.0</ele><time>2025-06-07T04:14:12.000Z</time></trkpt><trkpt lat="35.950532387942076" lon="139.07623426057398"><ele>515.4000244140625</ele><time>2025-06-07T04:14:23.000Z</time></trkpt><trkpt lat="35.95053448341787" lon="139.0761198475957"><ele>515.7999877929688</ele><time>2025-06-07T04:14:34.000Z</time></trkpt><trkpt lat="35.950503470376134" lon="139.07602773047984"><ele>514.0</ele><time>2025-06-07T04:14:47.000Z</time></trkpt><trkpt lat="35.95048871822655" lon="139.07599923200905"><ele>513.0</ele><time>2025-06-07T04:14:51.000Z</time></trkpt><trkpt lat="35.950479581952095" lon="139.0759586635977"><ele>512.2000122070312</ele><time>2025-06-07T04:14:58.000Z</time></trkpt><trkpt lat="35.95043205656111" lon="139.07590107992291"><ele>511.79998779296875</ele><time>2025-06-07T04:15:16.000Z</time></trkpt><trkpt lat="35.95042216591537" lon="139.07589051872492"><ele>511.4000244140625</ele><time>2025-06-07T04:15:26.000Z</time></trkpt><trkpt lat="35.95040649175644" lon="139.07591457478702"><ele>511.20001220703125</ele><time>2025-06-07T04:15:42.000Z</time></trkpt><trkpt lat="35.95040699467063" lon="139.07589646987617"><ele>511.20001220703125</ele><time>2025-06-07T04:15:58.000Z</time></trkpt><trkpt lat="35.95040523447096" lon="139.0758230444044"><ele>511.0</ele><time>2025-06-07T04:16:20.000Z</time></trkpt><trkpt lat="35.950372628867626" lon="139.07581692561507"><ele>511.20001220703125</ele><time>2025-06-07T04:16:48.000Z</time></trkpt><trkpt lat="35.95036583952606" lon="139.075766550377"><ele>511.79998779296875</ele><time>2025-06-07T04:16:58.000Z</time></trkpt><trkpt lat="35.95034203492105" lon="139.07575188204646"><ele>513.2000122070312</ele><time>2025-06-07T04:17:06.000Z</time></trkpt><trkpt lat="35.95033038407564" lon="139.07569136470556"><ele>515.7999877929688</ele><time>2025-06-07T04:17:17.000Z</time></trkpt><trkpt lat="35.950330551713705" lon="139.0756330266595"><ele>517.0</ele><time>2025-06-07T04:17:23.000Z</time></trkpt><trkpt lat="35.9503878839314" lon="139.07538047991693"><ele>517.0</ele><time>2025-06-07T04:17:40.000Z</time></trkpt><trkpt lat="35.95040297135711" lon="139.07523463480175"><ele>515.5999755859375</ele><time>2025-06-07T04:17:49.000Z</time></trkpt><trkpt lat="35.95040766522288" lon="139.07517059706151"><ele>514.7999877929688</ele><time>2025-06-07T04:17:56.000Z</time></trkpt><trkpt lat="35.9504394326359" lon="139.07502659596503"><ele>514.0</ele><time>2025-06-07T04:18:05.000Z</time></trkpt><trkpt lat="35.95049458555877" lon="139.0748988557607"><ele>513.5999755859375</ele><time>2025-06-07T04:18:14.000Z</time></trkpt><trkpt lat="35.95053733326495" lon="139.07479282468557"><ele>512.2000122070312</ele><time>2025-06-07T04:18:22.000Z</time></trkpt><trkpt lat="35.95059013925493" lon="139.07465854659677"><ele>510.4000244140625</ele><time>2025-06-07T04:18:32.000Z</time></trkpt><trkpt lat="35.95067957416177" lon="139.07459023408592"><ele>509.4000244140625</ele><time>2025-06-07T04:18:41.000Z</time></trkpt><trkpt lat="35.95080672763288" lon="139.0745571255684"><ele>508.0</ele><time>2025-06-07T04:18:50.000Z</time></trkpt><trkpt lat="35.950952069833875" lon="139.07453776337206"><ele>506.4000244140625</ele><time>2025-06-07T04:19:00.000Z</time></trkpt><trkpt lat="35.95099238678813" lon="139.07454882748425"><ele>505.79998779296875</ele><time>2025-06-07T04:19:03.000Z</time></trkpt><trkpt lat="35.951154828071594" lon="139.07461588270962"><ele>503.4000244140625</ele><time>2025-06-07T04:19:15.000Z</time></trkpt><trkpt lat="35.95125641673803" lon="139.07470766454935"><ele>501.4000244140625</ele><time>2025-06-07T04:19:24.000Z</time></trkpt><trkpt lat="35.95131198875606" lon="139.0748084988445"><ele>499.5999755859375</ele><time>2025-06-07T04:19:32.000Z</time></trkpt><trkpt lat="35.95132464542985" lon="139.07485434785485"><ele>499.0</ele><time>2025-06-07T04:19:35.000Z</time></trkpt><trkpt lat="35.95137988217175" lon="139.07494612969458"><ele>497.79998779296875</ele><time>2025-06-07T04:19:42.000Z</time></trkpt><trkpt lat="35.951457330957055" lon="139.0751124266535"><ele>495.79998779296875</ele><time>2025-06-07T04:19:52.000Z</time></trkpt><trkpt lat="35.95149387605488" lon="139.07525332644582"><ele>494.5999755859375</ele><time>2025-06-07T04:20:01.000Z</time></trkpt><trkpt lat="35.95154617913067" lon="139.0753698348999"><ele>493.5999755859375</ele><time>2025-06-07T04:20:10.000Z</time></trkpt><trkpt lat="35.95166025683284" lon="139.07546622678638"><ele>492.79998779296875</ele><time>2025-06-07T04:20:20.000Z</time></trkpt><trkpt lat="35.95176947303116" lon="139.07549355179071"><ele>491.79998779296875</ele><time>2025-06-07T04:20:28.000Z</time></trkpt><trkpt lat="35.95188497565687" lon="139.07548458315432"><ele>490.4000244140625</ele><time>2025-06-07T04:20:36.000Z</time></trkpt><trkpt lat="35.9519939403981" lon="139.075462622568"><ele>489.4000244140625</ele><time>2025-06-07T04:20:44.000Z</time></trkpt><trkpt lat="35.952103324234486" lon="139.0754435956478"><ele>488.4000244140625</ele><time>2025-06-07T04:20:53.000Z</time></trkpt><trkpt lat="35.95224036835134" lon="139.07549028284848"><ele>487.79998779296875</ele><time>2025-06-07T04:21:03.000Z</time></trkpt><trkpt lat="35.95231614075601" lon="139.07557804137468"><ele>488.0</ele><time>2025-06-07T04:21:10.000Z</time></trkpt><trkpt lat="35.952419489622116" lon="139.0756169334054"><ele>487.0</ele><time>2025-06-07T04:21:19.000Z</time></trkpt><trkpt lat="35.95249232836068" lon="139.07553093507886"><ele>486.20001220703125</ele><time>2025-06-07T04:21:26.000Z</time></trkpt><trkpt lat="35.95251286402345" lon="139.07546907663345"><ele>485.0</ele><time>2025-06-07T04:21:30.000Z</time></trkpt><trkpt lat="35.95253339968622" lon="139.07541652210057"><ele>483.5999755859375</ele><time>2025-06-07T04:21:34.000Z</time></trkpt><trkpt lat="35.9525634907186" lon="139.07528174109757"><ele>483.5999755859375</ele><time>2025-06-07T04:21:42.000Z</time></trkpt><trkpt lat="35.95258335582912" lon="139.07518752850592"><ele>483.0</ele><time>2025-06-07T04:21:48.000Z</time></trkpt><trkpt lat="35.95259207300842" lon="139.0750407613814"><ele>482.20001220703125</ele><time>2025-06-07T04:21:57.000Z</time></trkpt><trkpt lat="35.95262669026852" lon="139.07489826902747"><ele>481.20001220703125</ele><time>2025-06-07T04:22:07.000Z</time></trkpt><trkpt lat="35.95263222232461" lon="139.07486985437572"><ele>481.0</ele><time>2025-06-07T04:22:09.000Z</time></trkpt><trkpt lat="35.95267882570624" lon="139.07474035397172"><ele>479.5999755859375</ele><time>2025-06-07T04:22:18.000Z</time></trkpt><trkpt lat="35.9527085814625" lon="139.07465636730194"><ele>478.4000244140625</ele><time>2025-06-07T04:22:24.000Z</time></trkpt><trkpt lat="35.95278183929622" lon="139.0744614880532"><ele>476.5999755859375</ele><time>2025-06-07T04:22:36.000Z</time></trkpt><trkpt lat="35.95279198139906" lon="139.0742801874876"><ele>474.79998779296875</ele><time>2025-06-07T04:22:47.000Z</time></trkpt><trkpt lat="35.95280505716801" lon="139.07412227243185"><ele>473.20001220703125</ele><time>2025-06-07T04:22:57.000Z</time></trkpt><trkpt lat="35.952816624194384" lon="139.07397475093603"><ele>471.5999755859375</ele><time>2025-06-07T04:23:07.000Z</time></trkpt><trkpt lat="35.95282659865916" lon="139.07380795106292"><ele>470.4000244140625</ele><time>2025-06-07T04:23:17.000Z</time></trkpt><trkpt lat="35.952779576182365" lon="139.07367912121117"><ele>469.4000244140625</ele><time>2025-06-07T04:23:26.000Z</time></trkpt><trkpt lat="35.95272023230791" lon="139.07358189113438"><ele>468.20001220703125</ele><time>2025-06-07T04:23:35.000Z</time></trkpt><trkpt lat="35.95264689065516" lon="139.07349639572203"><ele>467.0</ele><time>2025-06-07T04:23:43.000Z</time></trkpt><trkpt lat="35.952589474618435" lon="139.07340025529265"><ele>466.0</ele><time>2025-06-07T04:23:51.000Z</time></trkpt><trkpt lat="35.95252904109657" lon="139.07323982566595"><ele>464.5999755859375</ele><time>2025-06-07T04:24:01.000Z</time></trkpt><trkpt lat="35.952468775212765" lon="139.07311133109033"><ele>463.4000244140625</ele><time>2025-06-07T04:24:10.000Z</time></trkpt><trkpt lat="35.95238805748522" lon="139.07299951650202"><ele>462.20001220703125</ele><time>2025-06-07T04:24:19.000Z</time></trkpt><trkpt lat="35.95232276245952" lon="139.07287512905896"><ele>461.20001220703125</ele><time>2025-06-07T04:24:28.000Z</time></trkpt><trkpt lat="35.952267022803426" lon="139.07270195893943"><ele>460.20001220703125</ele><time>2025-06-07T04:24:38.000Z</time></trkpt><trkpt lat="35.95222871750593" lon="139.0725755598396"><ele>459.4000244140625</ele><time>2025-06-07T04:24:46.000Z</time></trkpt><trkpt lat="35.952166775241494" lon="139.07243633642793"><ele>458.20001220703125</ele><time>2025-06-07T04:24:55.000Z</time></trkpt><trkpt lat="35.95205822959542" lon="139.0723532717675"><ele>457.20001220703125</ele><time>2025-06-07T04:25:04.000Z</time></trkpt><trkpt lat="35.95194096677005" lon="139.07231194898486"><ele>455.79998779296875</ele><time>2025-06-07T04:25:13.000Z</time></trkpt><trkpt lat="35.95183074474335" lon="139.072270039469"><ele>454.5999755859375</ele><time>2025-06-07T04:25:21.000Z</time></trkpt><trkpt lat="35.951743656769395" lon="139.07219409942627"><ele>453.20001220703125</ele><time>2025-06-07T04:25:30.000Z</time></trkpt><trkpt lat="35.95176184549928" lon="139.07205772586167"><ele>452.20001220703125</ele><time>2025-06-07T04:25:39.000Z</time></trkpt><trkpt lat="35.951846754178405" lon="139.0719980467111"><ele>452.20001220703125</ele><time>2025-06-07T04:25:45.000Z</time></trkpt><trkpt lat="35.951888747513294" lon="139.072005758062"><ele>451.0</ele><time>2025-06-07T04:25:51.000Z</time></trkpt><trkpt lat="35.95185295678675" lon="139.07201162539423"><ele>449.4000244140625</ele><time>2025-06-07T04:25:57.000Z</time></trkpt><trkpt lat="35.951813478022814" lon="139.07200533896685"><ele>450.20001220703125</ele><time>2025-06-07T04:26:04.000Z</time></trkpt><trkpt lat="35.95182345248759" lon="139.0720094460994"><ele>450.5999755859375</ele><time>2025-06-07T04:26:13.000Z</time></trkpt><trkpt lat="35.951971393078566" lon="139.07206032425165"><ele>449.5999755859375</ele><time>2025-06-07T04:26:24.000Z</time></trkpt><trkpt lat="35.952089074999094" lon="139.07212645746768"><ele>448.0</ele><time>2025-06-07T04:26:34.000Z</time></trkpt><trkpt lat="35.952174570411444" lon="139.07218814827502"><ele>448.5999755859375</ele><time>2025-06-07T04:26:42.000Z</time></trkpt><trkpt lat="35.95227959565818" lon="139.07233382575214"><ele>447.0</ele><time>2025-06-07T04:26:53.000Z</time></trkpt><trkpt lat="35.95229024067521" lon="139.07234095036983"><ele>447.0</ele><time>2025-06-07T04:26:54.000Z</time></trkpt><trkpt lat="35.952381771057844" lon="139.07243985682726"><ele>445.79998779296875</ele><time>2025-06-07T04:27:03.000Z</time></trkpt><trkpt lat="35.95245494507253" lon="139.07250029034913"><ele>445.0</ele><time>2025-06-07T04:27:11.000Z</time></trkpt><trkpt lat="35.952499620616436" lon="139.07253574579954"><ele>444.5999755859375</ele><time>2025-06-07T04:27:15.000Z</time></trkpt><trkpt lat="35.95263062976301" lon="139.07264119014144"><ele>443.5999755859375</ele><time>2025-06-07T04:27:25.000Z</time></trkpt><trkpt lat="35.952722830697894" lon="139.07271402888"><ele>442.79998779296875</ele><time>2025-06-07T04:27:33.000Z</time></trkpt><trkpt lat="35.95283154398203" lon="139.07280975021422"><ele>441.79998779296875</ele><time>2025-06-07T04:27:42.000Z</time></trkpt><trkpt lat="35.952894324436784" lon="139.07286356203258"><ele>440.79998779296875</ele><time>2025-06-07T04:27:48.000Z</time></trkpt><trkpt lat="35.95294654369354" lon="139.07289432361722"><ele>439.79998779296875</ele><time>2025-06-07T04:27:56.000Z</time></trkpt><trkpt lat="35.95298543572426" lon="139.07287957146764"><ele>439.4000244140625</ele><time>2025-06-07T04:28:07.000Z</time></trkpt><trkpt lat="35.95306967385113" lon="139.0728577785194"><ele>438.79998779296875</ele><time>2025-06-07T04:28:17.000Z</time></trkpt><trkpt lat="35.95307017676532" lon="139.07282676547766"><ele>438.4000244140625</ele><time>2025-06-07T04:28:30.000Z</time></trkpt><trkpt lat="35.95314837992191" lon="139.07278519123793"><ele>438.79998779296875</ele><time>2025-06-07T04:28:45.000Z</time></trkpt><trkpt lat="35.95317067578435" lon="139.07275727950037"><ele>438.5999755859375</ele><time>2025-06-07T04:28:48.000Z</time></trkpt><trkpt lat="35.953175034374" lon="139.07267455011606"><ele>438.20001220703125</ele><time>2025-06-07T04:28:53.000Z</time></trkpt><trkpt lat="35.9531335439533" lon="139.0724664274603"><ele>437.4000244140625</ele><time>2025-06-07T04:29:04.000Z</time></trkpt><trkpt lat="35.95305232331157" lon="139.07234279438853"><ele>436.4000244140625</ele><time>2025-06-07T04:29:12.000Z</time></trkpt><trkpt lat="35.952951991930604" lon="139.07221404835582"><ele>434.79998779296875</ele><time>2025-06-07T04:29:22.000Z</time></trkpt><trkpt lat="35.95284956507385" lon="139.07212402671576"><ele>433.79998779296875</ele><time>2025-06-07T04:29:31.000Z</time></trkpt><trkpt lat="35.95273984596133" lon="139.07200525514781"><ele>432.5999755859375</ele><time>2025-06-07T04:29:40.000Z</time></trkpt><trkpt lat="35.952676478773355" lon="139.07187365926802"><ele>431.4000244140625</ele><time>2025-06-07T04:29:49.000Z</time></trkpt><trkpt lat="35.95263364724815" lon="139.07175245694816"><ele>430.20001220703125</ele><time>2025-06-07T04:29:58.000Z</time></trkpt><trkpt lat="35.952630043029785" lon="139.07164642587304"><ele>429.4000244140625</ele><time>2025-06-07T04:30:08.000Z</time></trkpt><trkpt lat="35.9526414424181" lon="139.07160862348974"><ele>428.5999755859375</ele><time>2025-06-07T04:30:18.000Z</time></trkpt><trkpt lat="35.952668683603406" lon="139.07143654301763"><ele>427.79998779296875</ele><time>2025-06-07T04:30:29.000Z</time></trkpt><trkpt lat="35.95273188315332" lon="139.0712797176093"><ele>426.5999755859375</ele><time>2025-06-07T04:30:40.000Z</time></trkpt><trkpt lat="35.952793657779694" lon="139.07114242203534"><ele>425.20001220703125</ele><time>2025-06-07T04:30:50.000Z</time></trkpt><trkpt lat="35.952835232019424" lon="139.0709969960153"><ele>424.4000244140625</ele><time>2025-06-07T04:30:59.000Z</time></trkpt><trkpt lat="35.952871358022094" lon="139.0709243249148"><ele>424.0</ele><time>2025-06-07T04:31:04.000Z</time></trkpt><trkpt lat="35.95294495113194" lon="139.0707453712821"><ele>422.5999755859375</ele><time>2025-06-07T04:31:15.000Z</time></trkpt><trkpt lat="35.953012676909566" lon="139.0706158708781"><ele>421.5999755859375</ele><time>2025-06-07T04:31:25.000Z</time></trkpt><trkpt lat="35.953086940571666" lon="139.07046834938228"><ele>420.5999755859375</ele><time>2025-06-07T04:31:35.000Z</time></trkpt><trkpt lat="35.95318961888552" lon="139.07029492780566"><ele>419.5999755859375</ele><time>2025-06-07T04:31:47.000Z</time></trkpt><trkpt lat="35.953244687989354" lon="139.0701993741095"><ele>419.0</ele><time>2025-06-07T04:31:55.000Z</time></trkpt><trkpt lat="35.95330352894962" lon="139.07010507769883"><ele>418.4000244140625</ele><time>2025-06-07T04:32:02.000Z</time></trkpt><trkpt lat="35.95339983701706" lon="139.06997373327613"><ele>417.4000244140625</ele><time>2025-06-07T04:32:12.000Z</time></trkpt><trkpt lat="35.953501760959625" lon="139.06986443325877"><ele>416.20001220703125</ele><time>2025-06-07T04:32:22.000Z</time></trkpt><trkpt lat="35.95358348451555" lon="139.0697767585516"><ele>415.0</ele><time>2025-06-07T04:32:30.000Z</time></trkpt><trkpt lat="35.95365883782506" lon="139.0696802828461"><ele>413.4000244140625</ele><time>2025-06-07T04:32:38.000Z</time></trkpt><trkpt lat="35.95372916199267" lon="139.0695475973189"><ele>412.20001220703125</ele><time>2025-06-07T04:32:47.000Z</time></trkpt><trkpt lat="35.95376864075661" lon="139.06939077191055"><ele>411.4000244140625</ele><time>2025-06-07T04:32:56.000Z</time></trkpt><trkpt lat="35.953765539452434" lon="139.06924744136631"><ele>410.4000244140625</ele><time>2025-06-07T04:33:04.000Z</time></trkpt><trkpt lat="35.95376252196729" lon="139.0690946392715"><ele>409.79998779296875</ele><time>2025-06-07T04:33:13.000Z</time></trkpt><trkpt lat="35.953766545280814" lon="139.06892834231257"><ele>408.79998779296875</ele><time>2025-06-07T04:33:23.000Z</time></trkpt><trkpt lat="35.95378548838198" lon="139.06875072978437"><ele>408.0</ele><time>2025-06-07T04:33:32.000Z</time></trkpt><trkpt lat="35.95378297381103" lon="139.06858569011092"><ele>407.0</ele><time>2025-06-07T04:33:42.000Z</time></trkpt><trkpt lat="35.953784650191665" lon="139.06838578172028"><ele>406.4000244140625</ele><time>2025-06-07T04:33:53.000Z</time></trkpt><trkpt lat="35.953809041529894" lon="139.0682172216475"><ele>405.5999755859375</ele><time>2025-06-07T04:34:03.000Z</time></trkpt><trkpt lat="35.95388523302972" lon="139.0680966898799"><ele>404.79998779296875</ele><time>2025-06-07T04:34:11.000Z</time></trkpt><trkpt lat="35.95399067737162" lon="139.067991245538"><ele>404.0</ele><time>2025-06-07T04:34:20.000Z</time></trkpt><trkpt lat="35.954077849164605" lon="139.06792108900845"><ele>403.4000244140625</ele><time>2025-06-07T04:34:27.000Z</time></trkpt><trkpt lat="35.95415915362537" lon="139.0677505172789"><ele>402.4000244140625</ele><time>2025-06-07T04:34:37.000Z</time></trkpt><trkpt lat="35.95420517027378" lon="139.06757969409227"><ele>401.5999755859375</ele><time>2025-06-07T04:34:48.000Z</time></trkpt><trkpt lat="35.95421673730016" lon="139.067391352728"><ele>400.5999755859375</ele><time>2025-06-07T04:34:59.000Z</time></trkpt><trkpt lat="35.95420399680734" lon="139.0672483574599"><ele>399.4000244140625</ele><time>2025-06-07T04:35:09.000Z</time></trkpt><trkpt lat="35.954244984313846" lon="139.0671053621918"><ele>398.5999755859375</ele><time>2025-06-07T04:35:18.000Z</time></trkpt><trkpt lat="35.954310363158584" lon="139.06698969192803"><ele>397.5999755859375</ele><time>2025-06-07T04:35:26.000Z</time></trkpt><trkpt lat="35.954419327899814" lon="139.06685013324022"><ele>396.4000244140625</ele><time>2025-06-07T04:35:36.000Z</time></trkpt><trkpt lat="35.954523934051394" lon="139.06672658398747"><ele>395.0</ele><time>2025-06-07T04:35:46.000Z</time></trkpt><trkpt lat="35.954602137207985" lon="139.06656716018915"><ele>393.79998779296875</ele><time>2025-06-07T04:35:56.000Z</time></trkpt><trkpt lat="35.95465955324471" lon="139.06641645357013"><ele>392.5999755859375</ele><time>2025-06-07T04:36:05.000Z</time></trkpt><trkpt lat="35.954736582934856" lon="139.06626222655177"><ele>391.20001220703125</ele><time>2025-06-07T04:36:15.000Z</time></trkpt><trkpt lat="35.95480078831315" lon="139.06617052853107"><ele>390.20001220703125</ele><time>2025-06-07T04:36:22.000Z</time></trkpt><trkpt lat="35.95485761761665" lon="139.06607053242624"><ele>389.0</ele><time>2025-06-07T04:36:29.000Z</time></trkpt><trkpt lat="35.95492693595588" lon="139.06595905311406"><ele>387.5999755859375</ele><time>2025-06-07T04:36:37.000Z</time></trkpt><trkpt lat="35.95499818213284" lon="139.0658302232623"><ele>386.20001220703125</ele><time>2025-06-07T04:36:46.000Z</time></trkpt><trkpt lat="35.95506506972015" lon="139.06570566818118"><ele>385.0</ele><time>2025-06-07T04:36:55.000Z</time></trkpt><trkpt lat="35.95508116297424" lon="139.0656798519194"><ele>385.0</ele><time>2025-06-07T04:36:57.000Z</time></trkpt><trkpt lat="35.955146457999945" lon="139.06559544615448"><ele>382.5999755859375</ele><time>2025-06-07T04:37:05.000Z</time></trkpt><trkpt lat="35.95522055402398" lon="139.06548497267067"><ele>383.4000244140625</ele><time>2025-06-07T04:37:14.000Z</time></trkpt><trkpt lat="35.95525215379894" lon="139.06544499099255"><ele>383.0</ele><time>2025-06-07T04:37:18.000Z</time></trkpt><trkpt lat="35.955330692231655" lon="139.0652897581458"><ele>381.5999755859375</ele><time>2025-06-07T04:37:28.000Z</time></trkpt><trkpt lat="35.95537972636521" lon="139.0651428233832"><ele>380.79998779296875</ele><time>2025-06-07T04:37:38.000Z</time></trkpt><trkpt lat="35.95540763810277" lon="139.06503503210843"><ele>380.4000244140625</ele><time>2025-06-07T04:37:46.000Z</time></trkpt><trkpt lat="35.95546094700694" lon="139.0649168472737"><ele>379.5999755859375</ele><time>2025-06-07T04:37:54.000Z</time></trkpt><trkpt lat="35.9555493760854" lon="139.06477376818657"><ele>379.0</ele><time>2025-06-07T04:38:04.000Z</time></trkpt><trkpt lat="35.95556823536754" lon="139.06457712873816"><ele>378.20001220703125</ele><time>2025-06-07T04:38:14.000Z</time></trkpt><trkpt lat="35.9556236397475" lon="139.0644107479602"><ele>377.5999755859375</ele><time>2025-06-07T04:38:25.000Z</time></trkpt><trkpt lat="35.955676697194576" lon="139.0642645675689"><ele>376.79998779296875</ele><time>2025-06-07T04:38:34.000Z</time></trkpt><trkpt lat="35.95579915679991" lon="139.06417245045304"><ele>375.5999755859375</ele><time>2025-06-07T04:38:44.000Z</time></trkpt><trkpt lat="35.95593695528805" lon="139.0641889628023"><ele>374.20001220703125</ele><time>2025-06-07T04:38:53.000Z</time></trkpt><trkpt lat="35.95603636465967" lon="139.06419709324837"><ele>373.0</ele><time>2025-06-07T04:39:00.000Z</time></trkpt><trkpt lat="35.95617433078587" lon="139.06420094892383"><ele>371.4000244140625</ele><time>2025-06-07T04:39:10.000Z</time></trkpt><trkpt lat="35.9562798589468" lon="139.0641490649432"><ele>369.5999755859375</ele><time>2025-06-07T04:39:19.000Z</time></trkpt><trkpt lat="35.95629142597318" lon="139.0641448739916"><ele>369.5999755859375</ele><time>2025-06-07T04:39:20.000Z</time></trkpt><trkpt lat="35.956335347145796" lon="139.06411268748343"><ele>368.5999755859375</ele><time>2025-06-07T04:39:24.000Z</time></trkpt><trkpt lat="35.95636636018753" lon="139.06409718096256"><ele>368.20001220703125</ele><time>2025-06-07T04:39:27.000Z</time></trkpt><trkpt lat="35.956455543637276" lon="139.06400355510414"><ele>366.4000244140625</ele><time>2025-06-07T04:39:36.000Z</time></trkpt><trkpt lat="35.95653307624161" lon="139.06390456482768"><ele>365.4000244140625</ele><time>2025-06-07T04:39:44.000Z</time></trkpt><trkpt lat="35.95662594772875" lon="139.0637909900397"><ele>363.5999755859375</ele><time>2025-06-07T04:39:54.000Z</time></trkpt><trkpt lat="35.956695936620235" lon="139.06371555291116"><ele>362.4000244140625</ele><time>2025-06-07T04:40:00.000Z</time></trkpt><trkpt lat="35.9567756485194" lon="139.06364304944873"><ele>362.0</ele><time>2025-06-07T04:40:07.000Z</time></trkpt><trkpt lat="35.95680364407599" lon="139.06361077912152"><ele>360.79998779296875</ele><time>2025-06-07T04:40:10.000Z</time></trkpt><trkpt lat="35.95683356747031" lon="139.06357758678496"><ele>359.79998779296875</ele><time>2025-06-07T04:40:13.000Z</time></trkpt><trkpt lat="35.95692082308233" lon="139.06347415409982"><ele>358.20001220703125</ele><time>2025-06-07T04:40:22.000Z</time></trkpt><trkpt lat="35.956993997097015" lon="139.06337281689048"><ele>356.4000244140625</ele><time>2025-06-07T04:40:30.000Z</time></trkpt><trkpt lat="35.95711302012205" lon="139.06324063427746"><ele>354.5999755859375</ele><time>2025-06-07T04:40:41.000Z</time></trkpt><trkpt lat="35.957225169986486" lon="139.0631799492985"><ele>353.0</ele><time>2025-06-07T04:40:50.000Z</time></trkpt><trkpt lat="35.95733338035643" lon="139.0631276462227"><ele>351.79998779296875</ele><time>2025-06-07T04:40:59.000Z</time></trkpt><trkpt lat="35.95746975392103" lon="139.06307735480368"><ele>350.20001220703125</ele><time>2025-06-07T04:41:09.000Z</time></trkpt><trkpt lat="35.95757477916777" lon="139.06305774115026"><ele>348.5999755859375</ele><time>2025-06-07T04:41:17.000Z</time></trkpt><trkpt lat="35.9576906170696" lon="139.06304315663874"><ele>347.4000244140625</ele><time>2025-06-07T04:41:25.000Z</time></trkpt><trkpt lat="35.957808550447226" lon="139.06302496790886"><ele>346.20001220703125</ele><time>2025-06-07T04:41:33.000Z</time></trkpt><trkpt lat="35.95790167339146" lon="139.06299688853323"><ele>345.0</ele><time>2025-06-07T04:41:40.000Z</time></trkpt><trkpt lat="35.95798674970865" lon="139.06291625462472"><ele>344.0</ele><time>2025-06-07T04:41:47.000Z</time></trkpt><trkpt lat="35.95808632671833" lon="139.0628162585199"><ele>342.5999755859375</ele><time>2025-06-07T04:41:56.000Z</time></trkpt><trkpt lat="35.958190597593784" lon="139.06272866763175"><ele>341.4000244140625</ele><time>2025-06-07T04:42:05.000Z</time></trkpt><trkpt lat="35.958293778821826" lon="139.0626651328057"><ele>340.4000244140625</ele><time>2025-06-07T04:42:13.000Z</time></trkpt><trkpt lat="35.95843409188092" lon="139.0626328624785"><ele>339.20001220703125</ele><time>2025-06-07T04:42:22.000Z</time></trkpt><trkpt lat="35.95856518484652" lon="139.0626177750528"><ele>338.4000244140625</ele><time>2025-06-07T04:42:31.000Z</time></trkpt><trkpt lat="35.958711951971054" lon="139.06264903955162"><ele>337.4000244140625</ele><time>2025-06-07T04:42:42.000Z</time></trkpt><trkpt lat="35.95881354063749" lon="139.06266999430954"><ele>337.20001220703125</ele><time>2025-06-07T04:42:50.000Z</time></trkpt><trkpt lat="35.95885528251529" lon="139.06266664154828"><ele>337.20001220703125</ele><time>2025-06-07T04:42:57.000Z</time></trkpt><trkpt lat="35.95885528251529" lon="139.06266664154828"><ele>337.0</ele><time>2025-06-07T04:42:59.000Z</time></trkpt><trkpt lat="35.958911776542664" lon="139.0626217983663"><ele>336.79998779296875</ele><time>2025-06-07T04:43:03.000Z</time></trkpt><trkpt lat="35.95901747234166" lon="139.06244636513293"><ele>336.4000244140625</ele><time>2025-06-07T04:43:16.000Z</time></trkpt><trkpt lat="35.959110679104924" lon="139.06229414977133"><ele>335.79998779296875</ele><time>2025-06-07T04:43:26.000Z</time></trkpt><trkpt lat="35.959180165082216" lon="139.06220622360706"><ele>335.4000244140625</ele><time>2025-06-07T04:43:34.000Z</time></trkpt><trkpt lat="35.95919952727854" lon="139.06217269599438"><ele>335.0</ele><time>2025-06-07T04:43:40.000Z</time></trkpt><trkpt lat="35.9592345636338" lon="139.06215232796967"><ele>334.79998779296875</ele><time>2025-06-07T04:43:44.000Z</time></trkpt><trkpt lat="35.95926767215133" lon="139.0620477218181"><ele>334.4000244140625</ele><time>2025-06-07T04:43:51.000Z</time></trkpt><trkpt lat="35.95933824777603" lon="139.06191042624414"><ele>333.79998779296875</ele><time>2025-06-07T04:44:00.000Z</time></trkpt><trkpt lat="35.95942768268287" lon="139.06175552867353"><ele>331.79998779296875</ele><time>2025-06-07T04:44:11.000Z</time></trkpt><trkpt lat="35.959504125639796" lon="139.0615860465914"><ele>330.4000244140625</ele><time>2025-06-07T04:44:21.000Z</time></trkpt><trkpt lat="35.959590040147305" lon="139.06146953813732"><ele>329.20001220703125</ele><time>2025-06-07T04:44:30.000Z</time></trkpt><trkpt lat="35.95972599461675" lon="139.06136996112764"><ele>328.4000244140625</ele><time>2025-06-07T04:44:40.000Z</time></trkpt><trkpt lat="35.959873935207725" lon="139.06126409769058"><ele>327.5999755859375</ele><time>2025-06-07T04:44:52.000Z</time></trkpt><trkpt lat="35.95996764488518" lon="139.06121556647122"><ele>327.20001220703125</ele><time>2025-06-07T04:45:00.000Z</time></trkpt><trkpt lat="35.96012053079903" lon="139.06112814322114"><ele>327.0</ele><time>2025-06-07T04:45:11.000Z</time></trkpt><trkpt lat="35.96025288105011" lon="139.0610363613814"><ele>326.4000244140625</ele><time>2025-06-07T04:45:22.000Z</time></trkpt><trkpt lat="35.96032873727381" lon="139.06090082600713"><ele>325.4000244140625</ele><time>2025-06-07T04:45:31.000Z</time></trkpt><trkpt lat="35.960368467494845" lon="139.0608550608158"><ele>325.4000244140625</ele><time>2025-06-07T04:45:35.000Z</time></trkpt><trkpt lat="35.96032706089318" lon="139.06077476218343"><ele>324.4000244140625</ele><time>2025-06-07T04:45:44.000Z</time></trkpt><trkpt lat="35.96030803397298" lon="139.06073578633368"><ele>323.20001220703125</ele><time>2025-06-07T04:45:49.000Z</time></trkpt><trkpt lat="35.960372323170304" lon="139.06067334115505"><ele>321.5999755859375</ele><time>2025-06-07T04:45:56.000Z</time></trkpt><trkpt lat="35.96042429096997" lon="139.06063713133335"><ele>320.5999755859375</ele><time>2025-06-07T04:46:00.000Z</time></trkpt><trkpt lat="35.96054892987013" lon="139.0605883486569"><ele>318.5999755859375</ele><time>2025-06-07T04:46:09.000Z</time></trkpt><trkpt lat="35.960563849657774" lon="139.06058658845723"><ele>318.4000244140625</ele><time>2025-06-07T04:46:10.000Z</time></trkpt><trkpt lat="35.960678178817034" lon="139.06052984297276"><ele>316.0</ele><time>2025-06-07T04:46:19.000Z</time></trkpt><trkpt lat="35.960780354216695" lon="139.06046295538545"><ele>313.5999755859375</ele><time>2025-06-07T04:46:27.000Z</time></trkpt><trkpt lat="35.96091706305742" lon="139.06040905974805"><ele>311.79998779296875</ele><time>2025-06-07T04:46:37.000Z</time></trkpt><trkpt lat="35.961018316447735" lon="139.06037754379213"><ele>310.4000244140625</ele><time>2025-06-07T04:46:45.000Z</time></trkpt><trkpt lat="35.961060393601656" lon="139.06035901978612"><ele>309.79998779296875</ele><time>2025-06-07T04:46:48.000Z</time></trkpt><trkpt lat="35.96117254346609" lon="139.0602564252913"><ele>308.20001220703125</ele><time>2025-06-07T04:46:58.000Z</time></trkpt><trkpt lat="35.961188385263085" lon="139.06023832038045"><ele>307.5999755859375</ele><time>2025-06-07T04:47:00.000Z</time></trkpt><trkpt lat="35.961208920925856" lon="139.0602191258222"><ele>307.4000244140625</ele><time>2025-06-07T04:47:03.000Z</time></trkpt><trkpt lat="35.961297350004315" lon="139.0601533278823"><ele>305.5999755859375</ele><time>2025-06-07T04:47:10.000Z</time></trkpt><trkpt lat="35.96131017431617" lon="139.06014553271234"><ele>305.20001220703125</ele><time>2025-06-07T04:47:11.000Z</time></trkpt><trkpt lat="35.961470939219" lon="139.06016799621284"><ele>302.79998779296875</ele><time>2025-06-07T04:47:22.000Z</time></trkpt><trkpt lat="35.961581664159894" lon="139.06018677167594"><ele>302.20001220703125</ele><time>2025-06-07T04:47:30.000Z</time></trkpt><trkpt lat="35.96169632859528" lon="139.0601517353207"><ele>302.4000244140625</ele><time>2025-06-07T04:47:38.000Z</time></trkpt><trkpt lat="35.96181049011648" lon="139.06007428653538"><ele>302.79998779296875</ele><time>2025-06-07T04:47:47.000Z</time></trkpt><trkpt lat="35.96191291697323" lon="139.0600122604519"><ele>303.4000244140625</ele><time>2025-06-07T04:47:55.000Z</time></trkpt><trkpt lat="35.962012158706784" lon="139.05992492102087"><ele>303.5999755859375</ele><time>2025-06-07T04:48:03.000Z</time></trkpt><trkpt lat="35.96206018701196" lon="139.05978393740952"><ele>303.4000244140625</ele><time>2025-06-07T04:48:12.000Z</time></trkpt><trkpt lat="35.962098157033324" lon="139.0596781577915"><ele>303.0</ele><time>2025-06-07T04:48:19.000Z</time></trkpt><trkpt lat="35.962117770686746" lon="139.05958495102823"><ele>302.4000244140625</ele><time>2025-06-07T04:48:24.000Z</time></trkpt><trkpt lat="35.962156327441335" lon="139.05941748060286"><ele>301.5999755859375</ele><time>2025-06-07T04:48:33.000Z</time></trkpt><trkpt lat="35.96216035075486" lon="139.0592682827264"><ele>301.20001220703125</ele><time>2025-06-07T04:48:41.000Z</time></trkpt><trkpt lat="35.96215708181262" lon="139.05912771821022"><ele>300.79998779296875</ele><time>2025-06-07T04:48:49.000Z</time></trkpt><trkpt lat="35.962133863940835" lon="139.05897206626832"><ele>300.20001220703125</ele><time>2025-06-07T04:48:58.000Z</time></trkpt><trkpt lat="35.9621459338814" lon="139.0588089544326"><ele>299.4000244140625</ele><time>2025-06-07T04:49:07.000Z</time></trkpt><trkpt lat="35.962252132594585" lon="139.0586923621595"><ele>298.79998779296875</ele><time>2025-06-07T04:49:16.000Z</time></trkpt><trkpt lat="35.96233896911144" lon="139.05854157172143"><ele>297.79998779296875</ele><time>2025-06-07T04:49:26.000Z</time></trkpt><trkpt lat="35.962399737909436" lon="139.05835473909974"><ele>296.79998779296875</ele><time>2025-06-07T04:49:37.000Z</time></trkpt><trkpt lat="35.962475929409266" lon="139.05816287733614"><ele>295.0</ele><time>2025-06-07T04:49:49.000Z</time></trkpt><trkpt lat="35.96252169460058" lon="139.05796841718256"><ele>293.0</ele><time>2025-06-07T04:50:00.000Z</time></trkpt><trkpt lat="35.96261305734515" lon="139.0579119231552"><ele>291.4000244140625</ele><time>2025-06-07T04:50:08.000Z</time></trkpt><trkpt lat="35.96275554969907" lon="139.05797939747572"><ele>288.5999755859375</ele><time>2025-06-07T04:50:19.000Z</time></trkpt><trkpt lat="35.96286652609706" lon="139.05805542133749"><ele>286.20001220703125</ele><time>2025-06-07T04:50:28.000Z</time></trkpt><trkpt lat="35.96297909505665" lon="139.05810956843197"><ele>284.5999755859375</ele><time>2025-06-07T04:50:36.000Z</time></trkpt><trkpt lat="35.96309677697718" lon="139.05816413462162"><ele>283.0</ele><time>2025-06-07T04:50:45.000Z</time></trkpt><trkpt lat="35.963151678442955" lon="139.05818726867437"><ele>282.4000244140625</ele><time>2025-06-07T04:50:49.000Z</time></trkpt><trkpt lat="35.96328285522759" lon="139.058170421049"><ele>281.4000244140625</ele><time>2025-06-07T04:50:59.000Z</time></trkpt><trkpt lat="35.96342367120087" lon="139.05828332528472"><ele>280.4000244140625</ele><time>2025-06-07T04:51:11.000Z</time></trkpt><trkpt lat="35.963442865759134" lon="139.05830645933747"><ele>280.0</ele><time>2025-06-07T04:51:15.000Z</time></trkpt><trkpt lat="35.96350472420454" lon="139.05838198028505"><ele>279.79998779296875</ele><time>2025-06-07T04:51:21.000Z</time></trkpt><trkpt lat="35.9635965898633" lon="139.05854525975883"><ele>278.4000244140625</ele><time>2025-06-07T04:51:33.000Z</time></trkpt><trkpt lat="35.963672446087" lon="139.05868004076183"><ele>277.5999755859375</ele><time>2025-06-07T04:51:43.000Z</time></trkpt><trkpt lat="35.96377403475344" lon="139.058817923069"><ele>277.20001220703125</ele><time>2025-06-07T04:51:54.000Z</time></trkpt><trkpt lat="35.96387847326696" lon="139.05890685506165"><ele>277.0</ele><time>2025-06-07T04:52:03.000Z</time></trkpt><trkpt lat="35.964019456878304" lon="139.05900961719453"><ele>277.0</ele><time>2025-06-07T04:52:15.000Z</time></trkpt><trkpt lat="35.964148957282305" lon="139.05909234657884"><ele>277.20001220703125</ele><time>2025-06-07T04:52:25.000Z</time></trkpt><trkpt lat="35.96423579379916" lon="139.05911883339286"><ele>277.20001220703125</ele><time>2025-06-07T04:52:31.000Z</time></trkpt><trkpt lat="35.96430326811969" lon="139.05913132242858"><ele>276.79998779296875</ele><time>2025-06-07T04:52:36.000Z</time></trkpt><trkpt lat="35.964439641684294" lon="139.05915244482458"><ele>276.79998779296875</ele><time>2025-06-07T04:52:45.000Z</time></trkpt><trkpt lat="35.96453092060983" lon="139.0592034906149"><ele>276.20001220703125</ele><time>2025-06-07T04:52:52.000Z</time></trkpt><trkpt lat="35.964556066319346" lon="139.05925914645195"><ele>276.20001220703125</ele><time>2025-06-07T04:52:58.000Z</time></trkpt><trkpt lat="35.96455128863454" lon="139.0592587273568"><ele>275.5999755859375</ele><time>2025-06-07T04:53:10.000Z</time></trkpt><trkpt lat="35.96455128863454" lon="139.0592587273568"><ele>275.4000244140625</ele><time>2025-06-07T04:53:30.000Z</time></trkpt><trkpt lat="35.96453703939915" lon="139.05917532742023"><ele>276.4000244140625</ele><time>2025-06-07T04:53:37.000Z</time></trkpt><trkpt lat="35.96446143463254" lon="139.05914263799787"><ele>276.20001220703125</ele><time>2025-06-07T04:53:45.000Z</time></trkpt><trkpt lat="35.9643738437444" lon="139.0590991359204"><ele>276.4000244140625</ele><time>2025-06-07T04:53:59.000Z</time></trkpt><trkpt lat="35.9642631188035" lon="139.05897986143827"><ele>277.0</ele><time>2025-06-07T04:54:09.000Z</time></trkpt><trkpt lat="35.96421827562153" lon="139.0588078647852"><ele>277.5999755859375</ele><time>2025-06-07T04:54:19.000Z</time></trkpt><trkpt lat="35.96417653374374" lon="139.058672580868"><ele>279.20001220703125</ele><time>2025-06-07T04:54:29.000Z</time></trkpt><trkpt lat="35.96412758342922" lon="139.05853075906634"><ele>281.0</ele><time>2025-06-07T04:54:38.000Z</time></trkpt><trkpt lat="35.96409975551069" lon="139.0584695711732"><ele>282.20001220703125</ele><time>2025-06-07T04:54:44.000Z</time></trkpt><trkpt lat="35.96409095451236" lon="139.05844065360725"><ele>282.79998779296875</ele><time>2025-06-07T04:54:46.000Z</time></trkpt><trkpt lat="35.96407192759216" lon="139.0582925453782"><ele>284.4000244140625</ele><time>2025-06-07T04:55:00.000Z</time></trkpt><trkpt lat="35.96407435834408" lon="139.05827494338155"><ele>284.5999755859375</ele><time>2025-06-07T04:55:45.000Z</time></trkpt><trkpt lat="35.96407435834408" lon="139.05827494338155"><ele>284.20001220703125</ele><time>2025-06-07T04:56:14.000Z</time></trkpt></trkseg></trk></gpx>