<?xml version="1.0" encoding="UTF-8"?><gpx version="1.1" creator="Garmin Explore App" xmlns="http://www.topografix.com/GPX/1/1" xmlns:adv="http://www.garmin.com/xmlschemas/AdventuresExtensions/v1" xmlns:gpxtpx="http://www.garmin.com/xmlschemas/TrackPointExtension/v1" xmlns:gpxtrx="http://www.garmin.com/xmlschemas/GpxExtensions/v3" xmlns:gpxx="http://www.garmin.com/xmlschemas/GpxExtensions/v3" xmlns:trp="http://www.garmin.com/xmlschemas/TripExtensions/v1" xmlns:wptx1="http://www.garmin.com/xmlschemas/WaypointExtension/v1" xmlns:xsi="http://www.w3.org/2001/XMLSchema-instance" xsi:schemaLocation="http://www.topografix.com/GPX/1/1 http://www.topografix.com/GPX/1/1/gpx.xsd http://www.garmin.com/xmlschemas/WaypointExtension/v1 http://www8.garmin.com/xmlschemas/WaypointExtensionv1.xsd http://www.garmin.com/xmlschemas/TrackPointExtension/v1 http://www.garmin.com/xmlschemas/TrackPointExtensionv1.xsd http://www.garmin.com/xmlschemas/GpxExtensions/v3 http://www8.garmin.com/xmlschemas/GpxExtensionsv3.xsd http://www.garmin.com/xmlschemas/ActivityExtension/v1 http://www8.garmin.com/xmlschemas/ActivityExtensionv1.xsd http://www.garmin.com/xmlschemas/AdventuresExtensions/v1 http://www8.garmin.com/xmlschemas/AdventuresExtensionv1.xsd http://www.garmin.com/xmlschemas/PressureExtension/v1 http://www.garmin.com/xmlschemas/PressureExtensionv1.xsd"><metadata><name>ハイキング near 松田町.gpx</name><link href="http://www.garmin.com"><text>Garmin International</text></link><time>2025-03-17T09:41:22.381Z</time></metadata><trk><name>2025-03-15 13.18.25</name><extensions><gpxx:TrackExtension xmlns:gpxx="http://www.garmin.com/xmlschemas/GpxExtensions/v3"><gpxx:DisplayColor>DarkYellow</gpxx:DisplayColor></gpxx:TrackExtension></extensions><trkseg><trkpt lat="35.3448308352381" lon="139.13972835056484"><ele>57.79998779296875</ele><time>2025-03-14T22:36:43.000Z</time></trkpt><trkpt lat="35.3448308352381" lon="139.1397285182029"><ele>57.79998779296875</ele><time>2025-03-14T22:36:44.000Z</time></trkpt><trkpt lat="35.344836451113224" lon="139.1397205553949"><ele>61.0</ele><time>2025-03-14T22:36:53.000Z</time></trkpt><trkpt lat="35.34484106115997" lon="139.13972047157586"><ele>61.20001220703125</ele><time>2025-03-14T22:36:54.000Z</time></trkpt><trkpt lat="35.34490618854761" lon="139.13976087234914"><ele>60.4000244140625</ele><time>2025-03-14T22:36:58.000Z</time></trkpt><trkpt lat="35.34494575113058" lon="139.1397803183645"><ele>60.20001220703125</ele><time>2025-03-14T22:37:01.000Z</time></trkpt><trkpt lat="35.34510366618633" lon="139.13980864919722"><ele>60.5999755859375</ele><time>2025-03-14T22:37:08.000Z</time></trkpt><trkpt lat="35.34517088904977" lon="139.13980722427368"><ele>59.5999755859375</ele><time>2025-03-14T22:37:16.000Z</time></trkpt><trkpt lat="35.34517063759267" lon="139.13983639329672"><ele>60.4000244140625</ele><time>2025-03-14T22:37:24.000Z</time></trkpt><trkpt lat="35.34517767839134" lon="139.13998684845865"><ele>61.20001220703125</ele><time>2025-03-14T22:37:33.000Z</time></trkpt><trkpt lat="35.34517826512456" lon="139.14000528864563"><ele>61.20001220703125</ele><time>2025-03-14T22:37:34.000Z</time></trkpt><trkpt lat="35.34519737586379" lon="139.14020955562592"><ele>61.0</ele><time>2025-03-14T22:37:45.000Z</time></trkpt><trkpt lat="35.34534942358732" lon="139.14027552120388"><ele>60.79998779296875</ele><time>2025-03-14T22:37:52.000Z</time></trkpt><trkpt lat="35.34540784545243" lon="139.14028155617416"><ele>61.0</ele><time>2025-03-14T22:37:56.000Z</time></trkpt><trkpt lat="35.34551848657429" lon="139.14029018953443"><ele>61.4000244140625</ele><time>2025-03-14T22:38:05.000Z</time></trkpt><trkpt lat="35.34560582600534" lon="139.1403271537274"><ele>61.4000244140625</ele><time>2025-03-14T22:38:10.000Z</time></trkpt><trkpt lat="35.34568436443806" lon="139.14046503603458"><ele>60.5999755859375</ele><time>2025-03-14T22:38:16.000Z</time></trkpt><trkpt lat="35.34572853706777" lon="139.1404777765274"><ele>62.0</ele><time>2025-03-14T22:38:24.000Z</time></trkpt><trkpt lat="35.345746390521526" lon="139.1404835600406"><ele>62.0</ele><time>2025-03-14T22:38:28.000Z</time></trkpt><trkpt lat="35.34590916708112" lon="139.14048934355378"><ele>62.79998779296875</ele><time>2025-03-14T22:38:39.000Z</time></trkpt><trkpt lat="35.345939341932535" lon="139.14049303159118"><ele>63.5999755859375</ele><time>2025-03-14T22:38:41.000Z</time></trkpt><trkpt lat="35.34607697278261" lon="139.1404888406396"><ele>63.4000244140625</ele><time>2025-03-14T22:38:50.000Z</time></trkpt><trkpt lat="35.34616339020431" lon="139.14050803519785"><ele>63.20001220703125</ele><time>2025-03-14T22:38:57.000Z</time></trkpt><trkpt lat="35.34631527028978" lon="139.14053334854543"><ele>62.79998779296875</ele><time>2025-03-14T22:39:09.000Z</time></trkpt><trkpt lat="35.346396658569574" lon="139.14055396802723"><ele>64.20001220703125</ele><time>2025-03-14T22:39:15.000Z</time></trkpt><trkpt lat="35.346541330218315" lon="139.14060627110302"><ele>64.4000244140625</ele><time>2025-03-14T22:39:25.000Z</time></trkpt><trkpt lat="35.34668725915253" lon="139.14066603407264"><ele>64.5999755859375</ele><time>2025-03-14T22:39:35.000Z</time></trkpt><trkpt lat="35.34678063355386" lon="139.14068304933608"><ele>64.79998779296875</ele><time>2025-03-14T22:39:42.000Z</time></trkpt><trkpt lat="35.346965957432985" lon="139.14076234214008"><ele>66.5999755859375</ele><time>2025-03-14T22:39:55.000Z</time></trkpt><trkpt lat="35.34709193743765" lon="139.1408184170723"><ele>67.5999755859375</ele><time>2025-03-14T22:40:05.000Z</time></trkpt><trkpt lat="35.34726628102362" lon="139.1408551298082"><ele>67.79998779296875</ele><time>2025-03-14T22:40:17.000Z</time></trkpt><trkpt lat="35.34739309921861" lon="139.14081757888198"><ele>68.20001220703125</ele><time>2025-03-14T22:40:26.000Z</time></trkpt><trkpt lat="35.34743098542094" lon="139.1406609211117"><ele>68.4000244140625</ele><time>2025-03-14T22:40:35.000Z</time></trkpt><trkpt lat="35.34746124409139" lon="139.14048548787832"><ele>68.20001220703125</ele><time>2025-03-14T22:40:45.000Z</time></trkpt><trkpt lat="35.34747574478388" lon="139.14028055034578"><ele>68.20001220703125</ele><time>2025-03-14T22:40:56.000Z</time></trkpt><trkpt lat="35.34749862737954" lon="139.14013093337417"><ele>68.0</ele><time>2025-03-14T22:41:05.000Z</time></trkpt><trkpt lat="35.347503991797566" lon="139.14012196473777"><ele>68.0</ele><time>2025-03-14T22:41:06.000Z</time></trkpt><trkpt lat="35.34750868566334" lon="139.13998056203127"><ele>66.5999755859375</ele><time>2025-03-14T22:41:14.000Z</time></trkpt><trkpt lat="35.347502399235964" lon="139.13980873301625"><ele>67.5999755859375</ele><time>2025-03-14T22:41:24.000Z</time></trkpt><trkpt lat="35.347494184970856" lon="139.13962533697486"><ele>67.79998779296875</ele><time>2025-03-14T22:41:34.000Z</time></trkpt><trkpt lat="35.34748747944832" lon="139.13940589874983"><ele>67.5999755859375</ele><time>2025-03-14T22:41:46.000Z</time></trkpt><trkpt lat="35.347497537732124" lon="139.139218730852"><ele>67.5999755859375</ele><time>2025-03-14T22:41:56.000Z</time></trkpt><trkpt lat="35.34754129126668" lon="139.1389528568834"><ele>68.0</ele><time>2025-03-14T22:42:10.000Z</time></trkpt><trkpt lat="35.34754724241793" lon="139.1387810278684"><ele>68.4000244140625</ele><time>2025-03-14T22:42:19.000Z</time></trkpt><trkpt lat="35.347569454461336" lon="139.13859696127474"><ele>69.20001220703125</ele><time>2025-03-14T22:42:29.000Z</time></trkpt><trkpt lat="35.34758294932544" lon="139.13837945088744"><ele>70.0</ele><time>2025-03-14T22:42:41.000Z</time></trkpt><trkpt lat="35.34760382026434" lon="139.1381533909589"><ele>70.4000244140625</ele><time>2025-03-14T22:42:53.000Z</time></trkpt><trkpt lat="35.34762796014547" lon="139.13806705735624"><ele>70.5999755859375</ele><time>2025-03-14T22:43:01.000Z</time></trkpt><trkpt lat="35.347635420039296" lon="139.13806739263237"><ele>69.79998779296875</ele><time>2025-03-14T22:43:02.000Z</time></trkpt><trkpt lat="35.34768772311509" lon="139.1380672249943"><ele>70.20001220703125</ele><time>2025-03-14T22:43:06.000Z</time></trkpt><trkpt lat="35.347847985103726" lon="139.13808709010482"><ele>71.5999755859375</ele><time>2025-03-14T22:43:17.000Z</time></trkpt><trkpt lat="35.34797044470906" lon="139.13808222860098"><ele>71.79998779296875</ele><time>2025-03-14T22:43:27.000Z</time></trkpt><trkpt lat="35.34807194955647" lon="139.13808273151517"><ele>73.5999755859375</ele><time>2025-03-14T22:43:34.000Z</time></trkpt><trkpt lat="35.34823162481189" lon="139.13807795383036"><ele>74.0</ele><time>2025-03-14T22:43:45.000Z</time></trkpt><trkpt lat="35.3483690880239" lon="139.13808105513453"><ele>74.5999755859375</ele><time>2025-03-14T22:43:55.000Z</time></trkpt><trkpt lat="35.34850344993174" lon="139.13807812146842"><ele>75.20001220703125</ele><time>2025-03-14T22:44:05.000Z</time></trkpt><trkpt lat="35.34865373745561" lon="139.13806462660432"><ele>76.0</ele><time>2025-03-14T22:44:16.000Z</time></trkpt><trkpt lat="35.348800253123045" lon="139.1380521375686"><ele>77.0</ele><time>2025-03-14T22:44:27.000Z</time></trkpt><trkpt lat="35.348976692184806" lon="139.13807468488812"><ele>77.5999755859375</ele><time>2025-03-14T22:44:39.000Z</time></trkpt><trkpt lat="35.34910476766527" lon="139.1381554864347"><ele>78.20001220703125</ele><time>2025-03-14T22:44:49.000Z</time></trkpt><trkpt lat="35.349230244755745" lon="139.1381779499352"><ele>79.0</ele><time>2025-03-14T22:44:59.000Z</time></trkpt><trkpt lat="35.34923787228763" lon="139.13818172179163"><ele>79.4000244140625</ele><time>2025-03-14T22:45:07.000Z</time></trkpt><trkpt lat="35.34927693195641" lon="139.13819127716124"><ele>79.20001220703125</ele><time>2025-03-14T22:45:11.000Z</time></trkpt><trkpt lat="35.3493516985327" lon="139.13824835792184"><ele>81.4000244140625</ele><time>2025-03-14T22:45:17.000Z</time></trkpt><trkpt lat="35.349454041570425" lon="139.13833485916257"><ele>82.4000244140625</ele><time>2025-03-14T22:45:26.000Z</time></trkpt><trkpt lat="35.34961807541549" lon="139.1383901797235"><ele>84.4000244140625</ele><time>2025-03-14T22:45:39.000Z</time></trkpt><trkpt lat="35.34972351975739" lon="139.1384713165462"><ele>84.79998779296875</ele><time>2025-03-14T22:45:48.000Z</time></trkpt><trkpt lat="35.34982016310096" lon="139.13856427185237"><ele>86.0</ele><time>2025-03-14T22:45:58.000Z</time></trkpt><trkpt lat="35.34989124163985" lon="139.13865219801664"><ele>87.79998779296875</ele><time>2025-03-14T22:46:06.000Z</time></trkpt><trkpt lat="35.34996634349227" lon="139.13872092962265"><ele>89.4000244140625</ele><time>2025-03-14T22:46:14.000Z</time></trkpt><trkpt lat="35.35005418583751" lon="139.13881069980562"><ele>91.5999755859375</ele><time>2025-03-14T22:46:24.000Z</time></trkpt><trkpt lat="35.350089222192764" lon="139.1388008929789"><ele>92.4000244140625</ele><time>2025-03-14T22:46:28.000Z</time></trkpt><trkpt lat="35.3500734642148" lon="139.13864088244736"><ele>94.4000244140625</ele><time>2025-03-14T22:46:39.000Z</time></trkpt><trkpt lat="35.35005904734135" lon="139.13850492797792"><ele>96.0</ele><time>2025-03-14T22:46:48.000Z</time></trkpt><trkpt lat="35.3500702790916" lon="139.1383182629943"><ele>98.0</ele><time>2025-03-14T22:47:00.000Z</time></trkpt><trkpt lat="35.35007572732866" lon="139.1381417401135"><ele>99.79998779296875</ele><time>2025-03-14T22:47:11.000Z</time></trkpt><trkpt lat="35.35009718500078" lon="139.13799698464572"><ele>101.5999755859375</ele><time>2025-03-14T22:47:21.000Z</time></trkpt><trkpt lat="35.350108249112964" lon="139.1378758661449"><ele>102.0</ele><time>2025-03-14T22:47:29.000Z</time></trkpt><trkpt lat="35.35015434958041" lon="139.13779824972153"><ele>104.20001220703125</ele><time>2025-03-14T22:47:35.000Z</time></trkpt><trkpt lat="35.35021813586354" lon="139.13768945261836"><ele>105.4000244140625</ele><time>2025-03-14T22:47:44.000Z</time></trkpt><trkpt lat="35.35023079253733" lon="139.13769305683672"><ele>104.79998779296875</ele><time>2025-03-14T22:47:52.000Z</time></trkpt><trkpt lat="35.350231882184744" lon="139.13769892416894"><ele>104.79998779296875</ele><time>2025-03-14T22:47:53.000Z</time></trkpt><trkpt lat="35.35023657605052" lon="139.13772448897362"><ele>105.20001220703125</ele><time>2025-03-14T22:47:56.000Z</time></trkpt><trkpt lat="35.350261721760035" lon="139.13787779398263"><ele>106.79998779296875</ele><time>2025-03-14T22:48:06.000Z</time></trkpt><trkpt lat="35.350255435332656" lon="139.13799975067377"><ele>107.20001220703125</ele><time>2025-03-14T22:48:14.000Z</time></trkpt><trkpt lat="35.3502687625587" lon="139.13815665990114"><ele>108.4000244140625</ele><time>2025-03-14T22:48:24.000Z</time></trkpt><trkpt lat="35.3503205627203" lon="139.13829353637993"><ele>110.0</ele><time>2025-03-14T22:48:34.000Z</time></trkpt><trkpt lat="35.35033766180277" lon="139.13835983723402"><ele>110.4000244140625</ele><time>2025-03-14T22:48:42.000Z</time></trkpt><trkpt lat="35.350349731743336" lon="139.13839646615088"><ele>111.5999755859375</ele><time>2025-03-14T22:48:46.000Z</time></trkpt><trkpt lat="35.350367249920964" lon="139.1385294869542"><ele>113.5999755859375</ele><time>2025-03-14T22:48:56.000Z</time></trkpt><trkpt lat="35.35036934539676" lon="139.13854122161865"><ele>113.79998779296875</ele><time>2025-03-14T22:48:57.000Z</time></trkpt><trkpt lat="35.350422989577055" lon="139.13854834623635"><ele>115.4000244140625</ele><time>2025-03-14T22:49:06.000Z</time></trkpt><trkpt lat="35.350450817495584" lon="139.13844374008477"><ele>117.20001220703125</ele><time>2025-03-14T22:49:16.000Z</time></trkpt><trkpt lat="35.350482081994414" lon="139.13838297128677"><ele>118.5999755859375</ele><time>2025-03-14T22:49:23.000Z</time></trkpt><trkpt lat="35.350530948489904" lon="139.13829286582768"><ele>120.5999755859375</ele><time>2025-03-14T22:49:33.000Z</time></trkpt><trkpt lat="35.35058509558439" lon="139.1382448375225"><ele>122.0</ele><time>2025-03-14T22:49:41.000Z</time></trkpt><trkpt lat="35.350620467215776" lon="139.1381533909589"><ele>123.79998779296875</ele><time>2025-03-14T22:49:50.000Z</time></trkpt><trkpt lat="35.35068945027888" lon="139.13809396326542"><ele>125.4000244140625</ele><time>2025-03-14T22:49:59.000Z</time></trkpt><trkpt lat="35.35075357183814" lon="139.13811014033854"><ele>126.20001220703125</ele><time>2025-03-14T22:50:06.000Z</time></trkpt><trkpt lat="35.35076438449323" lon="139.1381541453302"><ele>127.0</ele><time>2025-03-14T22:50:10.000Z</time></trkpt><trkpt lat="35.35073462873697" lon="139.13824475370347"><ele>128.5999755859375</ele><time>2025-03-14T22:50:17.000Z</time></trkpt><trkpt lat="35.35073588602245" lon="139.138288423419"><ele>129.4000244140625</ele><time>2025-03-14T22:50:20.000Z</time></trkpt><trkpt lat="35.35078349523246" lon="139.1383560653776"><ele>130.79998779296875</ele><time>2025-03-14T22:50:28.000Z</time></trkpt><trkpt lat="35.3508713375777" lon="139.13840803317726"><ele>133.4000244140625</ele><time>2025-03-14T22:50:41.000Z</time></trkpt><trkpt lat="35.350905787199736" lon="139.1384300775826"><ele>135.4000244140625</ele><time>2025-03-14T22:50:51.000Z</time></trkpt><trkpt lat="35.350938979536295" lon="139.13844759576023"><ele>136.20001220703125</ele><time>2025-03-14T22:51:01.000Z</time></trkpt><trkpt lat="35.35094308666885" lon="139.13845673203468"><ele>136.20001220703125</ele><time>2025-03-14T22:51:02.000Z</time></trkpt><trkpt lat="35.35100578330457" lon="139.13845673203468"><ele>137.5999755859375</ele><time>2025-03-14T22:51:10.000Z</time></trkpt><trkpt lat="35.35109077580273" lon="139.13838573731482"><ele>139.79998779296875</ele><time>2025-03-14T22:51:22.000Z</time></trkpt><trkpt lat="35.351141318678856" lon="139.13828138262033"><ele>141.4000244140625</ele><time>2025-03-14T22:51:32.000Z</time></trkpt><trkpt lat="35.35119856707752" lon="139.1381921991706"><ele>144.0</ele><time>2025-03-14T22:51:45.000Z</time></trkpt><trkpt lat="35.35127408802509" lon="139.1382186859846"><ele>145.79998779296875</ele><time>2025-03-14T22:51:55.000Z</time></trkpt><trkpt lat="35.35137752071023" lon="139.1382611822337"><ele>147.79998779296875</ele><time>2025-03-14T22:52:06.000Z</time></trkpt><trkpt lat="35.35144088789821" lon="139.13829093798995"><ele>148.79998779296875</ele><time>2025-03-14T22:52:14.000Z</time></trkpt><trkpt lat="35.35152956843376" lon="139.13829965516925"><ele>151.5999755859375</ele><time>2025-03-14T22:52:25.000Z</time></trkpt><trkpt lat="35.351547757163644" lon="139.13830527104437"><ele>151.79998779296875</ele><time>2025-03-14T22:52:34.000Z</time></trkpt><trkpt lat="35.35163928754628" lon="139.13829311728477"><ele>153.79998779296875</ele><time>2025-03-14T22:52:44.000Z</time></trkpt><trkpt lat="35.351706091314554" lon="139.13828431628644"><ele>154.79998779296875</ele><time>2025-03-14T22:52:51.000Z</time></trkpt><trkpt lat="35.35177767276764" lon="139.1382870823145"><ele>156.4000244140625</ele><time>2025-03-14T22:52:59.000Z</time></trkpt><trkpt lat="35.35184497945011" lon="139.13822505623102"><ele>158.0</ele><time>2025-03-14T22:53:09.000Z</time></trkpt><trkpt lat="35.3519231826067" lon="139.13818893022835"><ele>159.79998779296875</ele><time>2025-03-14T22:53:19.000Z</time></trkpt><trkpt lat="35.35201714374125" lon="139.13818272762"><ele>161.79998779296875</ele><time>2025-03-14T22:53:30.000Z</time></trkpt><trkpt lat="35.35206743516028" lon="139.13821147754788"><ele>163.0</ele><time>2025-03-14T22:53:36.000Z</time></trkpt><trkpt lat="35.35211588256061" lon="139.13825078867376"><ele>164.20001220703125</ele><time>2025-03-14T22:53:43.000Z</time></trkpt><trkpt lat="35.35218712873757" lon="139.13829647004604"><ele>166.0</ele><time>2025-03-14T22:53:53.000Z</time></trkpt><trkpt lat="35.35226449370384" lon="139.13827199488878"><ele>168.20001220703125</ele><time>2025-03-14T22:54:03.000Z</time></trkpt><trkpt lat="35.35231419838965" lon="139.13821063935757"><ele>170.0</ele><time>2025-03-14T22:54:12.000Z</time></trkpt><trkpt lat="35.35238267853856" lon="139.1381586715579"><ele>171.79998779296875</ele><time>2025-03-14T22:54:22.000Z</time></trkpt><trkpt lat="35.35245107486844" lon="139.13813293911517"><ele>173.79998779296875</ele><time>2025-03-14T22:54:33.000Z</time></trkpt><trkpt lat="35.35251905210316" lon="139.13811726495624"><ele>175.4000244140625</ele><time>2025-03-14T22:54:43.000Z</time></trkpt><trkpt lat="35.35261435434222" lon="139.13809664547443"><ele>178.0</ele><time>2025-03-14T22:54:56.000Z</time></trkpt><trkpt lat="35.352711752057076" lon="139.13810485973954"><ele>180.79998779296875</ele><time>2025-03-14T22:55:10.000Z</time></trkpt><trkpt lat="35.35279791802168" lon="139.138113996014"><ele>182.79998779296875</ele><time>2025-03-14T22:55:22.000Z</time></trkpt><trkpt lat="35.35290805622935" lon="139.13813453167677"><ele>185.20001220703125</ele><time>2025-03-14T22:55:35.000Z</time></trkpt><trkpt lat="35.3529903665185" lon="139.13814693689346"><ele>186.5999755859375</ele><time>2025-03-14T22:55:43.000Z</time></trkpt><trkpt lat="35.353013668209314" lon="139.13814777508378"><ele>187.0</ele><time>2025-03-14T22:55:45.000Z</time></trkpt><trkpt lat="35.35312246531248" lon="139.13816453889012"><ele>188.20001220703125</ele><time>2025-03-14T22:55:56.000Z</time></trkpt><trkpt lat="35.35319865681231" lon="139.13819412700832"><ele>189.4000244140625</ele><time>2025-03-14T22:56:05.000Z</time></trkpt><trkpt lat="35.35324794240296" lon="139.13823176175356"><ele>190.0</ele><time>2025-03-14T22:56:11.000Z</time></trkpt><trkpt lat="35.35331583581865" lon="139.13831952027977"><ele>191.4000244140625</ele><time>2025-03-14T22:56:21.000Z</time></trkpt><trkpt lat="35.35335942171514" lon="139.1383959632367"><ele>192.79998779296875</ele><time>2025-03-14T22:56:29.000Z</time></trkpt><trkpt lat="35.353394374251366" lon="139.13847835734487"><ele>194.4000244140625</ele><time>2025-03-14T22:56:37.000Z</time></trkpt><trkpt lat="35.353415329009295" lon="139.13858505897224"><ele>196.0</ele><time>2025-03-14T22:56:47.000Z</time></trkpt><trkpt lat="35.3534391336143" lon="139.13871598429978"><ele>198.20001220703125</ele><time>2025-03-14T22:56:59.000Z</time></trkpt><trkpt lat="35.353503758087754" lon="139.13878647610545"><ele>200.0</ele><time>2025-03-14T22:57:09.000Z</time></trkpt><trkpt lat="35.353602496907115" lon="139.13880525156856"><ele>201.4000244140625</ele><time>2025-03-14T22:57:19.000Z</time></trkpt><trkpt lat="35.353696290403605" lon="139.138840790838"><ele>202.5999755859375</ele><time>2025-03-14T22:57:29.000Z</time></trkpt><trkpt lat="35.353791592642665" lon="139.1388714686036"><ele>204.0</ele><time>2025-03-14T22:57:38.000Z</time></trkpt><trkpt lat="35.35386627539992" lon="139.1388864722103"><ele>204.79998779296875</ele><time>2025-03-14T22:57:45.000Z</time></trkpt><trkpt lat="35.353950345888734" lon="139.1389242745936"><ele>205.5999755859375</ele><time>2025-03-14T22:57:53.000Z</time></trkpt><trkpt lat="35.35398772917688" lon="139.13897548802197"><ele>206.20001220703125</ele><time>2025-03-14T22:57:58.000Z</time></trkpt><trkpt lat="35.35406157374382" lon="139.13911093957722"><ele>208.0</ele><time>2025-03-14T22:58:10.000Z</time></trkpt><trkpt lat="35.35412007942796" lon="139.1392221674323"><ele>209.20001220703125</ele><time>2025-03-14T22:58:20.000Z</time></trkpt><trkpt lat="35.35416165366769" lon="139.13930682465434"><ele>210.0</ele><time>2025-03-14T22:58:27.000Z</time></trkpt><trkpt lat="35.3542058262974" lon="139.13940095342696"><ele>211.20001220703125</ele><time>2025-03-14T22:58:35.000Z</time></trkpt><trkpt lat="35.35425595007837" lon="139.13949105888605"><ele>212.20001220703125</ele><time>2025-03-14T22:58:43.000Z</time></trkpt><trkpt lat="35.35429023206234" lon="139.13956079632044"><ele>212.79998779296875</ele><time>2025-03-14T22:58:49.000Z</time></trkpt><trkpt lat="35.35431168973446" lon="139.13966196589172"><ele>213.79998779296875</ele><time>2025-03-14T22:58:56.000Z</time></trkpt><trkpt lat="35.35429517738521" lon="139.1397874429822"><ele>214.79998779296875</ele><time>2025-03-14T22:59:05.000Z</time></trkpt><trkpt lat="35.35426617600024" lon="139.1398984193802"><ele>215.79998779296875</ele><time>2025-03-14T22:59:13.000Z</time></trkpt><trkpt lat="35.35424128174782" lon="139.14002473466098"><ele>216.79998779296875</ele><time>2025-03-14T22:59:22.000Z</time></trkpt><trkpt lat="35.354222087189555" lon="139.14010209962726"><ele>217.5999755859375</ele><time>2025-03-14T22:59:28.000Z</time></trkpt><trkpt lat="35.35421487875283" lon="139.14018667303026"><ele>218.20001220703125</ele><time>2025-03-14T22:59:34.000Z</time></trkpt><trkpt lat="35.35421496257186" lon="139.14032463915646"><ele>219.4000244140625</ele><time>2025-03-14T22:59:44.000Z</time></trkpt><trkpt lat="35.35422979854047" lon="139.1403961367905"><ele>220.4000244140625</ele><time>2025-03-14T22:59:50.000Z</time></trkpt><trkpt lat="35.35424488596618" lon="139.14042974822223"><ele>220.79998779296875</ele><time>2025-03-14T22:59:53.000Z</time></trkpt><trkpt lat="35.354274893179536" lon="139.14051063358784"><ele>222.0</ele><time>2025-03-14T23:00:00.000Z</time></trkpt><trkpt lat="35.35432493314147" lon="139.1406231187284"><ele>223.79998779296875</ele><time>2025-03-14T23:00:10.000Z</time></trkpt><trkpt lat="35.354345636442304" lon="139.1406460851431"><ele>224.4000244140625</ele><time>2025-03-14T23:00:17.000Z</time></trkpt><trkpt lat="35.3543733805418" lon="139.14068556390703"><ele>226.0</ele><time>2025-03-14T23:00:31.000Z</time></trkpt><trkpt lat="35.35443079657853" lon="139.14077525027096"><ele>228.20001220703125</ele><time>2025-03-14T23:00:43.000Z</time></trkpt><trkpt lat="35.35443305969238" lon="139.14084875956178"><ele>230.0</ele><time>2025-03-14T23:00:55.000Z</time></trkpt><trkpt lat="35.35443255677819" lon="139.14086082950234"><ele>230.20001220703125</ele><time>2025-03-14T23:00:56.000Z</time></trkpt><trkpt lat="35.35443188622594" lon="139.1408966202289"><ele>230.4000244140625</ele><time>2025-03-14T23:00:59.000Z</time></trkpt><trkpt lat="35.35440565086901" lon="139.1410991270095"><ele>232.20001220703125</ele><time>2025-03-14T23:01:15.000Z</time></trkpt><trkpt lat="35.3544027172029" lon="139.141187639907"><ele>234.0</ele><time>2025-03-14T23:01:22.000Z</time></trkpt><trkpt lat="35.35444403998554" lon="139.14125813171268"><ele>235.79998779296875</ele><time>2025-03-14T23:01:30.000Z</time></trkpt><trkpt lat="35.354510340839624" lon="139.14129559881985"><ele>237.79998779296875</ele><time>2025-03-14T23:01:37.000Z</time></trkpt><trkpt lat="35.35458108410239" lon="139.1413398552686"><ele>239.79998779296875</ele><time>2025-03-14T23:01:45.000Z</time></trkpt><trkpt lat="35.35459893755615" lon="139.1414106823504"><ele>241.79998779296875</ele><time>2025-03-14T23:01:53.000Z</time></trkpt><trkpt lat="35.35454789176583" lon="139.14142543449998"><ele>243.5999755859375</ele><time>2025-03-14T23:02:00.000Z</time></trkpt><trkpt lat="35.354523584246635" lon="139.14149877615273"><ele>245.79998779296875</ele><time>2025-03-14T23:02:10.000Z</time></trkpt><trkpt lat="35.35462785512209" lon="139.14154688827693"><ele>249.0</ele><time>2025-03-14T23:02:23.000Z</time></trkpt><trkpt lat="35.35469155758619" lon="139.14166565984488"><ele>252.0</ele><time>2025-03-14T23:02:35.000Z</time></trkpt><trkpt lat="35.35475509241223" lon="139.1416664980352"><ele>254.0</ele><time>2025-03-14T23:02:44.000Z</time></trkpt><trkpt lat="35.35482726059854" lon="139.14157857187092"><ele>255.79998779296875</ele><time>2025-03-14T23:02:54.000Z</time></trkpt><trkpt lat="35.3548757918179" lon="139.14158284664154"><ele>257.4000244140625</ele><time>2025-03-14T23:03:01.000Z</time></trkpt><trkpt lat="35.35486011765897" lon="139.14157345891"><ele>258.79998779296875</ele><time>2025-03-14T23:03:10.000Z</time></trkpt><trkpt lat="35.354840168729424" lon="139.14157052524388"><ele>258.79998779296875</ele><time>2025-03-14T23:03:12.000Z</time></trkpt><trkpt lat="35.35478224977851" lon="139.14164336398244"><ele>258.0</ele><time>2025-03-14T23:03:20.000Z</time></trkpt><trkpt lat="35.354768335819244" lon="139.14166398346424"><ele>256.79998779296875</ele><time>2025-03-14T23:03:35.000Z</time></trkpt><trkpt lat="35.35464922897518" lon="139.14173455908895"><ele>256.0</ele><time>2025-03-14T23:03:45.000Z</time></trkpt><trkpt lat="35.354618383571506" lon="139.1416926495731"><ele>255.20001220703125</ele><time>2025-03-14T23:03:51.000Z</time></trkpt><trkpt lat="35.35467588342726" lon="139.1417035460472"><ele>253.79998779296875</ele><time>2025-03-14T23:04:02.000Z</time></trkpt><trkpt lat="35.35472181625664" lon="139.1416683420539"><ele>254.20001220703125</ele><time>2025-03-14T23:04:07.000Z</time></trkpt><trkpt lat="35.35478677600622" lon="139.14161134511232"><ele>255.0</ele><time>2025-03-14T23:04:12.000Z</time></trkpt><trkpt lat="35.35489305853844" lon="139.14158812724054"><ele>257.5999755859375</ele><time>2025-03-14T23:04:22.000Z</time></trkpt><trkpt lat="35.35495977848768" lon="139.1416329704225"><ele>259.20001220703125</ele><time>2025-03-14T23:04:33.000Z</time></trkpt><trkpt lat="35.35499582067132" lon="139.1416400950402"><ele>260.20001220703125</ele><time>2025-03-14T23:04:36.000Z</time></trkpt><trkpt lat="35.35508735105395" lon="139.14158343337476"><ele>261.5999755859375</ele><time>2025-03-14T23:04:46.000Z</time></trkpt><trkpt lat="35.35509875044227" lon="139.14158225990832"><ele>261.79998779296875</ele><time>2025-03-14T23:04:47.000Z</time></trkpt><trkpt lat="35.35515985451639" lon="139.1415784880519"><ele>264.5999755859375</ele><time>2025-03-14T23:04:57.000Z</time></trkpt><trkpt lat="35.35522414371371" lon="139.14166431874037"><ele>265.20001220703125</ele><time>2025-03-14T23:05:08.000Z</time></trkpt><trkpt lat="35.355194974690676" lon="139.14168678224087"><ele>267.20001220703125</ele><time>2025-03-14T23:05:13.000Z</time></trkpt><trkpt lat="35.35508383065462" lon="139.14173858240247"><ele>269.79998779296875</ele><time>2025-03-14T23:05:23.000Z</time></trkpt><trkpt lat="35.35507595166564" lon="139.14175366982818"><ele>270.5999755859375</ele><time>2025-03-14T23:05:32.000Z</time></trkpt><trkpt lat="35.355083579197526" lon="139.141774373129"><ele>270.79998779296875</ele><time>2025-03-14T23:05:34.000Z</time></trkpt><trkpt lat="35.35510268993676" lon="139.14181033149362"><ele>271.20001220703125</ele><time>2025-03-14T23:05:37.000Z</time></trkpt><trkpt lat="35.35509849898517" lon="139.14192457683384"><ele>272.4000244140625</ele><time>2025-03-14T23:05:46.000Z</time></trkpt><trkpt lat="35.355076622217894" lon="139.14202968589962"><ele>274.0</ele><time>2025-03-14T23:05:54.000Z</time></trkpt><trkpt lat="35.35505315288901" lon="139.14214334450662"><ele>276.0</ele><time>2025-03-14T23:06:03.000Z</time></trkpt><trkpt lat="35.35503873601556" lon="139.14225792512298"><ele>278.0</ele><time>2025-03-14T23:06:12.000Z</time></trkpt><trkpt lat="35.355005878955126" lon="139.14237049408257"><ele>280.0</ele><time>2025-03-14T23:06:21.000Z</time></trkpt><trkpt lat="35.3550211340189" lon="139.14247225038707"><ele>281.5999755859375</ele><time>2025-03-14T23:06:29.000Z</time></trkpt><trkpt lat="35.35504477098584" lon="139.14256763644516"><ele>283.20001220703125</ele><time>2025-03-14T23:06:37.000Z</time></trkpt><trkpt lat="35.355115849524736" lon="139.14260585792363"><ele>285.20001220703125</ele><time>2025-03-14T23:06:46.000Z</time></trkpt><trkpt lat="35.3551437612623" lon="139.14257534779608"><ele>286.0</ele><time>2025-03-14T23:06:51.000Z</time></trkpt><trkpt lat="35.35516672767699" lon="139.14244953542948"><ele>288.4000244140625</ele><time>2025-03-14T23:07:02.000Z</time></trkpt><trkpt lat="35.355217941105366" lon="139.14233897812665"><ele>290.5999755859375</ele><time>2025-03-14T23:07:12.000Z</time></trkpt><trkpt lat="35.35528214648366" lon="139.14227326400578"><ele>292.0</ele><time>2025-03-14T23:07:20.000Z</time></trkpt><trkpt lat="35.355348363518715" lon="139.14229505695403"><ele>293.79998779296875</ele><time>2025-03-14T23:07:29.000Z</time></trkpt><trkpt lat="35.35535347647965" lon="139.14238474331796"><ele>296.20001220703125</ele><time>2025-03-14T23:07:39.000Z</time></trkpt><trkpt lat="35.35534802824259" lon="139.1424099728465"><ele>297.0</ele><time>2025-03-14T23:07:41.000Z</time></trkpt><trkpt lat="35.35536219365895" lon="139.14257526397705"><ele>299.4000244140625</ele><time>2025-03-14T23:07:54.000Z</time></trkpt><trkpt lat="35.35542539320886" lon="139.14260057732463"><ele>301.4000244140625</ele><time>2025-03-14T23:08:03.000Z</time></trkpt><trkpt lat="35.35547132603824" lon="139.14252706803381"><ele>303.5999755859375</ele><time>2025-03-14T23:08:12.000Z</time></trkpt><trkpt lat="35.355498818680644" lon="139.1425262298435"><ele>304.20001220703125</ele><time>2025-03-14T23:08:15.000Z</time></trkpt><trkpt lat="35.355556067079306" lon="139.1426309198141"><ele>306.79998779296875</ele><time>2025-03-14T23:08:26.000Z</time></trkpt><trkpt lat="35.355595126748085" lon="139.1427191812545"><ele>309.0</ele><time>2025-03-14T23:08:35.000Z</time></trkpt><trkpt lat="35.35556947812438" lon="139.1427482664585"><ele>310.79998779296875</ele><time>2025-03-14T23:08:43.000Z</time></trkpt><trkpt lat="35.35557224415243" lon="139.1427476797253"><ele>311.20001220703125</ele><time>2025-03-14T23:08:54.000Z</time></trkpt><trkpt lat="35.35559797659516" lon="139.14274432696402"><ele>311.4000244140625</ele><time>2025-03-14T23:08:58.000Z</time></trkpt><trkpt lat="35.35561574622989" lon="139.14272806607187"><ele>311.5999755859375</ele><time>2025-03-14T23:09:00.000Z</time></trkpt><trkpt lat="35.35562463104725" lon="139.14263661950827"><ele>312.0</ele><time>2025-03-14T23:09:08.000Z</time></trkpt><trkpt lat="35.355674335733056" lon="139.1425846517086"><ele>313.79998779296875</ele><time>2025-03-14T23:09:17.000Z</time></trkpt><trkpt lat="35.35575262270868" lon="139.14258909411728"><ele>316.4000244140625</ele><time>2025-03-14T23:09:28.000Z</time></trkpt><trkpt lat="35.35583283752203" lon="139.14253687486053"><ele>318.79998779296875</ele><time>2025-03-14T23:09:39.000Z</time></trkpt><trkpt lat="35.35586074925959" lon="139.1425193566829"><ele>320.0</ele><time>2025-03-14T23:09:49.000Z</time></trkpt><trkpt lat="35.355848679319024" lon="139.14257626980543"><ele>322.20001220703125</ele><time>2025-03-14T23:09:55.000Z</time></trkpt><trkpt lat="35.35588648170233" lon="139.14267115294933"><ele>323.4000244140625</ele><time>2025-03-14T23:10:06.000Z</time></trkpt><trkpt lat="35.35595638677478" lon="139.14276243187487"><ele>326.4000244140625</ele><time>2025-03-14T23:10:20.000Z</time></trkpt><trkpt lat="35.35596191883087" lon="139.14279151707888"><ele>327.5999755859375</ele><time>2025-03-14T23:10:29.000Z</time></trkpt><trkpt lat="35.355956973508" lon="139.14279939606786"><ele>328.20001220703125</ele><time>2025-03-14T23:10:43.000Z</time></trkpt><trkpt lat="35.35595605149865" lon="139.14280786179006"><ele>328.0</ele><time>2025-03-14T23:11:05.000Z</time></trkpt><trkpt lat="35.355956219136715" lon="139.14280685596168"><ele>328.0</ele><time>2025-03-14T23:11:12.000Z</time></trkpt><trkpt lat="35.35599033348262" lon="139.14279771968722"><ele>328.5999755859375</ele><time>2025-03-14T23:11:21.000Z</time></trkpt><trkpt lat="35.356044732034206" lon="139.14275974966586"><ele>331.20001220703125</ele><time>2025-03-14T23:11:32.000Z</time></trkpt><trkpt lat="35.35614908672869" lon="139.14268783293664"><ele>334.0</ele><time>2025-03-14T23:11:48.000Z</time></trkpt><trkpt lat="35.356224523857236" lon="139.14271691814065"><ele>337.20001220703125</ele><time>2025-03-14T23:11:59.000Z</time></trkpt><trkpt lat="35.35632284358144" lon="139.14271079935133"><ele>340.0</ele><time>2025-03-14T23:12:16.000Z</time></trkpt><trkpt lat="35.356413116678596" lon="139.14267903193831"><ele>342.5999755859375</ele><time>2025-03-14T23:12:28.000Z</time></trkpt><trkpt lat="35.3564887214452" lon="139.14260644465685"><ele>344.5999755859375</ele><time>2025-03-14T23:12:39.000Z</time></trkpt><trkpt lat="35.356573881581426" lon="139.1425360366702"><ele>347.79998779296875</ele><time>2025-03-14T23:12:52.000Z</time></trkpt><trkpt lat="35.356674464419484" lon="139.14250359870493"><ele>349.5999755859375</ele><time>2025-03-14T23:13:06.000Z</time></trkpt><trkpt lat="35.356775633990765" lon="139.14251315407455"><ele>351.79998779296875</ele><time>2025-03-14T23:13:20.000Z</time></trkpt><trkpt lat="35.35687604919076" lon="139.14254643023014"><ele>354.0</ele><time>2025-03-14T23:13:34.000Z</time></trkpt><trkpt lat="35.35687546245754" lon="139.14263259619474"><ele>356.79998779296875</ele><time>2025-03-14T23:13:48.000Z</time></trkpt><trkpt lat="35.356775633990765" lon="139.1427027527243"><ele>359.4000244140625</ele><time>2025-03-14T23:14:01.000Z</time></trkpt><trkpt lat="35.356709668412805" lon="139.1428177524358"><ele>362.0</ele><time>2025-03-14T23:14:16.000Z</time></trkpt><trkpt lat="35.35668318159878" lon="139.14293224923313"><ele>364.0</ele><time>2025-03-14T23:14:28.000Z</time></trkpt><trkpt lat="35.356632554903626" lon="139.14305646903813"><ele>366.0</ele><time>2025-03-14T23:14:43.000Z</time></trkpt><trkpt lat="35.356634482741356" lon="139.14319527335465"><ele>368.0</ele><time>2025-03-14T23:14:55.000Z</time></trkpt><trkpt lat="35.3566702734679" lon="139.14335754700005"><ele>370.79998779296875</ele><time>2025-03-14T23:15:12.000Z</time></trkpt><trkpt lat="35.35669147968292" lon="139.14342577569187"><ele>372.5999755859375</ele><time>2025-03-14T23:15:21.000Z</time></trkpt><trkpt lat="35.356704890728" lon="139.14350582286716"><ele>374.20001220703125</ele><time>2025-03-14T23:15:30.000Z</time></trkpt><trkpt lat="35.356708662584424" lon="139.14359743706882"><ele>376.20001220703125</ele><time>2025-03-14T23:15:40.000Z</time></trkpt><trkpt lat="35.35673288628459" lon="139.14363456889987"><ele>377.20001220703125</ele><time>2025-03-14T23:15:47.000Z</time></trkpt><trkpt lat="35.356751242652535" lon="139.14362308569252"><ele>379.20001220703125</ele><time>2025-03-14T23:16:00.000Z</time></trkpt><trkpt lat="35.356759037822485" lon="139.14358092471957"><ele>380.4000244140625</ele><time>2025-03-14T23:16:10.000Z</time></trkpt><trkpt lat="35.35676163621247" lon="139.14357312954962"><ele>380.5999755859375</ele><time>2025-03-14T23:16:11.000Z</time></trkpt><trkpt lat="35.35679776221514" lon="139.14345452561975"><ele>383.0</ele><time>2025-03-14T23:16:25.000Z</time></trkpt><trkpt lat="35.35687613300979" lon="139.14339342154562"><ele>385.4000244140625</ele><time>2025-03-14T23:16:39.000Z</time></trkpt><trkpt lat="35.35695483908057" lon="139.14335838519037"><ele>388.0</ele><time>2025-03-14T23:16:52.000Z</time></trkpt><trkpt lat="35.35701468586922" lon="139.14326392114162"><ele>389.79998779296875</ele><time>2025-03-14T23:17:04.000Z</time></trkpt><trkpt lat="35.357094230130315" lon="139.14316928945482"><ele>392.0</ele><time>2025-03-14T23:17:18.000Z</time></trkpt><trkpt lat="35.35718433558941" lon="139.14312293753028"><ele>394.0</ele><time>2025-03-14T23:17:30.000Z</time></trkpt><trkpt lat="35.35728458315134" lon="139.1430756635964"><ele>396.5999755859375</ele><time>2025-03-14T23:17:43.000Z</time></trkpt><trkpt lat="35.357397738844156" lon="139.14303509518504"><ele>399.5999755859375</ele><time>2025-03-14T23:17:57.000Z</time></trkpt><trkpt lat="35.35739698447287" lon="139.14310097694397"><ele>400.79998779296875</ele><time>2025-03-14T23:18:07.000Z</time></trkpt><trkpt lat="35.35735138691962" lon="139.1431700438261"><ele>403.0</ele><time>2025-03-14T23:18:17.000Z</time></trkpt><trkpt lat="35.357302185148" lon="139.14331085979939"><ele>405.79998779296875</ele><time>2025-03-14T23:18:34.000Z</time></trkpt><trkpt lat="35.3573161829263" lon="139.14340926334262"><ele>409.0</ele><time>2025-03-14T23:18:48.000Z</time></trkpt><trkpt lat="35.357288774102926" lon="139.14353113621473"><ele>412.0</ele><time>2025-03-14T23:19:02.000Z</time></trkpt><trkpt lat="35.35729933530092" lon="139.14362845011055"><ele>414.0</ele><time>2025-03-14T23:19:15.000Z</time></trkpt><trkpt lat="35.357340574264526" lon="139.14358939044178"><ele>415.79998779296875</ele><time>2025-03-14T23:19:27.000Z</time></trkpt><trkpt lat="35.3573782928288" lon="139.14356499910355"><ele>417.20001220703125</ele><time>2025-03-14T23:19:37.000Z</time></trkpt><trkpt lat="35.35746336914599" lon="139.14346466772258"><ele>420.0</ele><time>2025-03-14T23:19:54.000Z</time></trkpt><trkpt lat="35.35753771662712" lon="139.14339392445982"><ele>421.4000244140625</ele><time>2025-03-14T23:20:06.000Z</time></trkpt><trkpt lat="35.35761935636401" lon="139.14335913956165"><ele>423.0</ele><time>2025-03-14T23:20:15.000Z</time></trkpt><trkpt lat="35.35773075185716" lon="139.14334212429821"><ele>425.4000244140625</ele><time>2025-03-14T23:20:28.000Z</time></trkpt><trkpt lat="35.357823790982366" lon="139.1433561220765"><ele>427.79998779296875</ele><time>2025-03-14T23:20:40.000Z</time></trkpt><trkpt lat="35.35781683400273" lon="139.14344907738268"><ele>429.79998779296875</ele><time>2025-03-14T23:20:52.000Z</time></trkpt><trkpt lat="35.35779805853963" lon="139.1434845328331"><ele>431.5999755859375</ele><time>2025-03-14T23:21:02.000Z</time></trkpt><trkpt lat="35.35778196528554" lon="139.14363088086247"><ele>434.0</ele><time>2025-03-14T23:21:18.000Z</time></trkpt><trkpt lat="35.35776972770691" lon="139.14375736378133"><ele>436.0</ele><time>2025-03-14T23:21:33.000Z</time></trkpt><trkpt lat="35.35776587203145" lon="139.14382156915963"><ele>437.5999755859375</ele><time>2025-03-14T23:21:46.000Z</time></trkpt><trkpt lat="35.35778406076133" lon="139.14384403266013"><ele>438.5999755859375</ele><time>2025-03-14T23:21:57.000Z</time></trkpt><trkpt lat="35.35784927196801" lon="139.14384109899402"><ele>439.5999755859375</ele><time>2025-03-14T23:22:09.000Z</time></trkpt><trkpt lat="35.3579375334084" lon="139.1437900532037"><ele>442.4000244140625</ele><time>2025-03-14T23:22:25.000Z</time></trkpt><trkpt lat="35.35802043043077" lon="139.14373498409986"><ele>445.0</ele><time>2025-03-14T23:22:40.000Z</time></trkpt><trkpt lat="35.358111038804054" lon="139.1436917334795"><ele>447.4000244140625</ele><time>2025-03-14T23:22:53.000Z</time></trkpt><trkpt lat="35.358184380456805" lon="139.14365862496197"><ele>449.4000244140625</ele><time>2025-03-14T23:23:05.000Z</time></trkpt><trkpt lat="35.35824732854962" lon="139.1436584573239"><ele>451.20001220703125</ele><time>2025-03-14T23:23:17.000Z</time></trkpt><trkpt lat="35.35824263468385" lon="139.14371377788484"><ele>450.20001220703125</ele><time>2025-03-14T23:23:27.000Z</time></trkpt><trkpt lat="35.35823886282742" lon="139.14376842789352"><ele>453.79998779296875</ele><time>2025-03-14T23:23:34.000Z</time></trkpt><trkpt lat="35.35824623890221" lon="139.14378468878567"><ele>456.79998779296875</ele><time>2025-03-14T23:23:37.000Z</time></trkpt><trkpt lat="35.35832343623042" lon="139.1437673382461"><ele>458.79998779296875</ele><time>2025-03-14T23:23:52.000Z</time></trkpt><trkpt lat="35.358390072360635" lon="139.1437252610922"><ele>460.20001220703125</ele><time>2025-03-14T23:24:03.000Z</time></trkpt><trkpt lat="35.35849048756063" lon="139.1436486504972"><ele>462.20001220703125</ele><time>2025-03-14T23:24:16.000Z</time></trkpt><trkpt lat="35.358600625768304" lon="139.1436224989593"><ele>463.79998779296875</ele><time>2025-03-14T23:24:27.000Z</time></trkpt><trkpt lat="35.35874898545444" lon="139.1435939166695"><ele>466.20001220703125</ele><time>2025-03-14T23:24:42.000Z</time></trkpt><trkpt lat="35.358858620747924" lon="139.1435677651316"><ele>468.20001220703125</ele><time>2025-03-14T23:24:53.000Z</time></trkpt><trkpt lat="35.35895752720535" lon="139.14353809319437"><ele>469.20001220703125</ele><time>2025-03-14T23:25:05.000Z</time></trkpt><trkpt lat="35.35903925076127" lon="139.14350548759103"><ele>472.4000244140625</ele><time>2025-03-14T23:25:15.000Z</time></trkpt><trkpt lat="35.35909398458898" lon="139.14345955476165"><ele>473.20001220703125</ele><time>2025-03-14T23:25:27.000Z</time></trkpt><trkpt lat="35.359200770035386" lon="139.14338378235698"><ele>476.0</ele><time>2025-03-14T23:25:46.000Z</time></trkpt><trkpt lat="35.3592243231833" lon="139.14336157031357"><ele>477.79998779296875</ele><time>2025-03-14T23:25:59.000Z</time></trkpt><trkpt lat="35.35927478224039" lon="139.1432715486735"><ele>479.20001220703125</ele><time>2025-03-14T23:26:13.000Z</time></trkpt><trkpt lat="35.35929967649281" lon="139.143230561167"><ele>481.20001220703125</ele><time>2025-03-14T23:26:25.000Z</time></trkpt><trkpt lat="35.359311159700155" lon="139.1432122886181"><ele>481.79998779296875</ele><time>2025-03-14T23:26:36.000Z</time></trkpt><trkpt lat="35.3593606967479" lon="139.14314514957368"><ele>483.5999755859375</ele><time>2025-03-14T23:26:48.000Z</time></trkpt><trkpt lat="35.35941442474723" lon="139.14309376850724"><ele>486.5999755859375</ele><time>2025-03-14T23:27:02.000Z</time></trkpt><trkpt lat="35.35944376140833" lon="139.14309619925916"><ele>489.20001220703125</ele><time>2025-03-14T23:27:14.000Z</time></trkpt><trkpt lat="35.35947544500232" lon="139.14309385232627"><ele>491.79998779296875</ele><time>2025-03-14T23:27:26.000Z</time></trkpt><trkpt lat="35.35951802507043" lon="139.14310282096267"><ele>494.0</ele><time>2025-03-14T23:27:34.000Z</time></trkpt><trkpt lat="35.35958843305707" lon="139.143032329157"><ele>494.5999755859375</ele><time>2025-03-14T23:27:43.000Z</time></trkpt><trkpt lat="35.35960737615824" lon="139.14300869219005"><ele>494.79998779296875</ele><time>2025-03-14T23:27:49.000Z</time></trkpt><trkpt lat="35.359617099165916" lon="139.14298069663346"><ele>495.0</ele><time>2025-03-14T23:27:51.000Z</time></trkpt><trkpt lat="35.35970603115857" lon="139.14275656454265"><ele>495.79998779296875</ele><time>2025-03-14T23:28:05.000Z</time></trkpt><trkpt lat="35.35977015271783" lon="139.1425975598395"><ele>496.4000244140625</ele><time>2025-03-14T23:28:15.000Z</time></trkpt><trkpt lat="35.359774427488446" lon="139.14258238859475"><ele>496.4000244140625</ele><time>2025-03-14T23:28:16.000Z</time></trkpt><trkpt lat="35.35978926345706" lon="139.1424696519971"><ele>496.79998779296875</ele><time>2025-03-14T23:28:23.000Z</time></trkpt><trkpt lat="35.359902335330844" lon="139.14233813993633"><ele>497.79998779296875</ele><time>2025-03-14T23:28:34.000Z</time></trkpt><trkpt lat="35.359992356970906" lon="139.14217217825353"><ele>498.5999755859375</ele><time>2025-03-14T23:28:45.000Z</time></trkpt><trkpt lat="35.36009268835187" lon="139.14197905920446"><ele>499.20001220703125</ele><time>2025-03-14T23:28:58.000Z</time></trkpt><trkpt lat="35.360190672799945" lon="139.14181728847325"><ele>499.4000244140625</ele><time>2025-03-14T23:29:09.000Z</time></trkpt><trkpt lat="35.360276168212295" lon="139.14168778806925"><ele>499.4000244140625</ele><time>2025-03-14T23:29:18.000Z</time></trkpt><trkpt lat="35.36039125174284" lon="139.14149458520114"><ele>499.79998779296875</ele><time>2025-03-14T23:29:31.000Z</time></trkpt><trkpt lat="35.36050549708307" lon="139.14135586470366"><ele>500.0</ele><time>2025-03-14T23:29:42.000Z</time></trkpt><trkpt lat="35.36060951650143" lon="139.14119333960116"><ele>500.20001220703125</ele><time>2025-03-14T23:29:54.000Z</time></trkpt><trkpt lat="35.3606834448874" lon="139.1410533618182"><ele>500.4000244140625</ele><time>2025-03-14T23:30:04.000Z</time></trkpt><trkpt lat="35.36074957810342" lon="139.1408823709935"><ele>501.0</ele><time>2025-03-14T23:30:15.000Z</time></trkpt><trkpt lat="35.36078562028706" lon="139.14070727303624"><ele>501.20001220703125</ele><time>2025-03-14T23:30:26.000Z</time></trkpt><trkpt lat="35.36080942489207" lon="139.14052354171872"><ele>502.0</ele><time>2025-03-14T23:30:37.000Z</time></trkpt><trkpt lat="35.36076399497688" lon="139.14031818509102"><ele>502.79998779296875</ele><time>2025-03-14T23:30:50.000Z</time></trkpt><trkpt lat="35.36068243905902" lon="139.140222966671"><ele>503.5999755859375</ele><time>2025-03-14T23:30:59.000Z</time></trkpt><trkpt lat="35.36053039133549" lon="139.1401759441942"><ele>504.5999755859375</ele><time>2025-03-14T23:31:10.000Z</time></trkpt><trkpt lat="35.360408099368215" lon="139.1400906164199"><ele>505.20001220703125</ele><time>2025-03-14T23:31:20.000Z</time></trkpt><trkpt lat="35.36026678048074" lon="139.13996086455882"><ele>505.0</ele><time>2025-03-14T23:31:32.000Z</time></trkpt><trkpt lat="35.36021246574819" lon="139.13978409022093"><ele>504.79998779296875</ele><time>2025-03-14T23:31:43.000Z</time></trkpt><trkpt lat="35.36029142327607" lon="139.1395934857428"><ele>504.4000244140625</ele><time>2025-03-14T23:31:55.000Z</time></trkpt><trkpt lat="35.360414469614625" lon="139.1394415218383"><ele>504.0</ele><time>2025-03-14T23:32:07.000Z</time></trkpt><trkpt lat="35.36053215153515" lon="139.1393117699772"><ele>503.4000244140625</ele><time>2025-03-14T23:32:18.000Z</time></trkpt><trkpt lat="35.36058562807739" lon="139.1392068285495"><ele>502.4000244140625</ele><time>2025-03-14T23:32:27.000Z</time></trkpt><trkpt lat="35.36058269441128" lon="139.13920163176954"><ele>501.4000244140625</ele><time>2025-03-14T23:32:37.000Z</time></trkpt><trkpt lat="35.36060834303498" lon="139.13917028345168"><ele>501.4000244140625</ele><time>2025-03-14T23:32:41.000Z</time></trkpt><trkpt lat="35.36071244627237" lon="139.13900985382497"><ele>500.5999755859375</ele><time>2025-03-14T23:32:53.000Z</time></trkpt><trkpt lat="35.36081688478589" lon="139.13886224851012"><ele>499.4000244140625</ele><time>2025-03-14T23:33:04.000Z</time></trkpt><trkpt lat="35.36091797053814" lon="139.13867172785103"><ele>498.4000244140625</ele><time>2025-03-14T23:33:17.000Z</time></trkpt><trkpt lat="35.361033556982875" lon="139.13848489522934"><ele>497.5999755859375</ele><time>2025-03-14T23:33:30.000Z</time></trkpt><trkpt lat="35.361126931384206" lon="139.13827015087008"><ele>496.5999755859375</ele><time>2025-03-14T23:33:44.000Z</time></trkpt><trkpt lat="35.36124494858086" lon="139.13812497630715"><ele>495.4000244140625</ele><time>2025-03-14T23:33:56.000Z</time></trkpt><trkpt lat="35.361397163942456" lon="139.13797158747911"><ele>493.5999755859375</ele><time>2025-03-14T23:34:09.000Z</time></trkpt><trkpt lat="35.36149414256215" lon="139.13780679926276"><ele>492.0</ele><time>2025-03-14T23:34:20.000Z</time></trkpt><trkpt lat="35.36155759356916" lon="139.13758073933423"><ele>490.79998779296875</ele><time>2025-03-14T23:34:33.000Z</time></trkpt><trkpt lat="35.36155625246465" lon="139.137371359393"><ele>491.0</ele><time>2025-03-14T23:34:45.000Z</time></trkpt><trkpt lat="35.36162942647934" lon="139.13723297417164"><ele>491.5999755859375</ele><time>2025-03-14T23:34:54.000Z</time></trkpt><trkpt lat="35.361705366522074" lon="139.13703708909452"><ele>492.79998779296875</ele><time>2025-03-14T23:35:06.000Z</time></trkpt><trkpt lat="35.3617781214416" lon="139.1368570458144"><ele>494.0</ele><time>2025-03-14T23:35:17.000Z</time></trkpt><trkpt lat="35.36185272037983" lon="139.13663886487484"><ele>495.0</ele><time>2025-03-14T23:35:30.000Z</time></trkpt><trkpt lat="35.361917428672314" lon="139.13643904030323"><ele>495.4000244140625</ele><time>2025-03-14T23:35:42.000Z</time></trkpt><trkpt lat="35.36194718442857" lon="139.13627173751593"><ele>496.0</ele><time>2025-03-14T23:35:51.000Z</time></trkpt><trkpt lat="35.361962020397186" lon="139.13606822490692"><ele>497.4000244140625</ele><time>2025-03-14T23:36:02.000Z</time></trkpt><trkpt lat="35.36194232292473" lon="139.13585188798606"><ele>498.0</ele><time>2025-03-14T23:36:14.000Z</time></trkpt><trkpt lat="35.36185213364661" lon="139.13567712530494"><ele>498.20001220703125</ele><time>2025-03-14T23:36:25.000Z</time></trkpt><trkpt lat="35.36173495464027" lon="139.1355654783547"><ele>498.5999755859375</ele><time>2025-03-14T23:36:35.000Z</time></trkpt><trkpt lat="35.361636551097035" lon="139.1354861855507"><ele>499.5999755859375</ele><time>2025-03-14T23:36:44.000Z</time></trkpt><trkpt lat="35.36148827522993" lon="139.13535735569894"><ele>501.5999755859375</ele><time>2025-03-14T23:36:57.000Z</time></trkpt><trkpt lat="35.36138123832643" lon="139.13520044647157"><ele>503.4000244140625</ele><time>2025-03-14T23:37:09.000Z</time></trkpt><trkpt lat="35.361321391537786" lon="139.13501596078277"><ele>505.20001220703125</ele><time>2025-03-14T23:37:20.000Z</time></trkpt><trkpt lat="35.36129716783762" lon="139.1350128594786"><ele>506.0</ele><time>2025-03-14T23:37:28.000Z</time></trkpt><trkpt lat="35.36130144260824" lon="139.135011266917"><ele>506.4000244140625</ele><time>2025-03-14T23:37:37.000Z</time></trkpt><trkpt lat="35.36131854169071" lon="139.13480616174638"><ele>507.4000244140625</ele><time>2025-03-14T23:37:50.000Z</time></trkpt><trkpt lat="35.36137914285064" lon="139.13470038212836"><ele>507.79998779296875</ele><time>2025-03-14T23:37:59.000Z</time></trkpt><trkpt lat="35.361444940790534" lon="139.13462712429464"><ele>508.5999755859375</ele><time>2025-03-14T23:38:10.000Z</time></trkpt><trkpt lat="35.36144318059087" lon="139.13462318480015"><ele>509.0</ele><time>2025-03-14T23:38:20.000Z</time></trkpt><trkpt lat="35.36149514839053" lon="139.13458806462586"><ele>509.0</ele><time>2025-03-14T23:38:25.000Z</time></trkpt><trkpt lat="35.3616298455745" lon="139.13445806130767"><ele>509.79998779296875</ele><time>2025-03-14T23:38:38.000Z</time></trkpt><trkpt lat="35.36176496185362" lon="139.13440274074674"><ele>510.4000244140625</ele><time>2025-03-14T23:38:48.000Z</time></trkpt><trkpt lat="35.36189664155245" lon="139.13432537578046"><ele>509.5999755859375</ele><time>2025-03-14T23:38:59.000Z</time></trkpt><trkpt lat="35.361980460584164" lon="139.1342152375728"><ele>510.79998779296875</ele><time>2025-03-14T23:39:08.000Z</time></trkpt><trkpt lat="35.36207006312907" lon="139.13407953456044"><ele>511.79998779296875</ele><time>2025-03-14T23:39:18.000Z</time></trkpt><trkpt lat="35.36216544918716" lon="139.13397283293307"><ele>512.4000244140625</ele><time>2025-03-14T23:39:27.000Z</time></trkpt><trkpt lat="35.36228874698281" lon="139.13375875912607"><ele>513.4000244140625</ele><time>2025-03-14T23:39:41.000Z</time></trkpt><trkpt lat="35.36238304339349" lon="139.13358164951205"><ele>514.5999755859375</ele><time>2025-03-14T23:39:53.000Z</time></trkpt><trkpt lat="35.36250659264624" lon="139.1334551665932"><ele>515.4000244140625</ele><time>2025-03-14T23:40:04.000Z</time></trkpt><trkpt lat="35.36267364397645" lon="139.13336975499988"><ele>516.4000244140625</ele><time>2025-03-14T23:40:17.000Z</time></trkpt><trkpt lat="35.36285435780883" lon="139.13328467868268"><ele>517.4000244140625</ele><time>2025-03-14T23:40:30.000Z</time></trkpt><trkpt lat="35.36296776495874" lon="139.13322164677083"><ele>518.0</ele><time>2025-03-14T23:40:39.000Z</time></trkpt><trkpt lat="35.3631338942796" lon="139.13314478471875"><ele>519.4000244140625</ele><time>2025-03-14T23:40:51.000Z</time></trkpt><trkpt lat="35.3632943239063" lon="139.13305099122226"><ele>521.2000122070312</ele><time>2025-03-14T23:41:04.000Z</time></trkpt><trkpt lat="35.36342281848192" lon="139.13293146528304"><ele>522.5999755859375</ele><time>2025-03-14T23:41:15.000Z</time></trkpt><trkpt lat="35.363496243953705" lon="139.13281369954348"><ele>524.0</ele><time>2025-03-14T23:41:25.000Z</time></trkpt><trkpt lat="35.363620379939675" lon="139.13269652053714"><ele>525.800048828125</ele><time>2025-03-14T23:41:37.000Z</time></trkpt><trkpt lat="35.36373705603182" lon="139.13263533264399"><ele>527.199951171875</ele><time>2025-03-14T23:41:46.000Z</time></trkpt><trkpt lat="35.363873429596424" lon="139.1325713787228"><ele>528.5999755859375</ele><time>2025-03-14T23:41:57.000Z</time></trkpt><trkpt lat="35.36402078345418" lon="139.13250759243965"><ele>530.199951171875</ele><time>2025-03-14T23:42:09.000Z</time></trkpt><trkpt lat="35.364159336313605" lon="139.13240139372647"><ele>531.4000244140625</ele><time>2025-03-14T23:42:20.000Z</time></trkpt><trkpt lat="35.36428657360375" lon="139.132281197235"><ele>532.4000244140625</ele><time>2025-03-14T23:42:31.000Z</time></trkpt><trkpt lat="35.364387072622776" lon="139.132146416232"><ele>533.5999755859375</ele><time>2025-03-14T23:42:42.000Z</time></trkpt><trkpt lat="35.36442965269089" lon="139.13197877816856"><ele>534.5999755859375</ele><time>2025-03-14T23:42:53.000Z</time></trkpt><trkpt lat="35.36444398574531" lon="139.13180912844837"><ele>535.4000244140625</ele><time>2025-03-14T23:43:03.000Z</time></trkpt><trkpt lat="35.364482374861836" lon="139.13166152313352"><ele>536.0</ele><time>2025-03-14T23:43:13.000Z</time></trkpt><trkpt lat="35.364538533613086" lon="139.13151391781867"><ele>537.5999755859375</ele><time>2025-03-14T23:43:23.000Z</time></trkpt><trkpt lat="35.36458714865148" lon="139.13140797056258"><ele>539.4000244140625</ele><time>2025-03-14T23:43:31.000Z</time></trkpt><trkpt lat="35.364616150036454" lon="139.1312827449292"><ele>540.199951171875</ele><time>2025-03-14T23:43:40.000Z</time></trkpt><trkpt lat="35.364666022360325" lon="139.13118425756693"><ele>541.199951171875</ele><time>2025-03-14T23:43:48.000Z</time></trkpt><trkpt lat="35.36475327797234" lon="139.13105056621134"><ele>542.800048828125</ele><time>2025-03-14T23:43:59.000Z</time></trkpt><trkpt lat="35.36487498320639" lon="139.13092324510217"><ele>544.4000244140625</ele><time>2025-03-14T23:44:11.000Z</time></trkpt><trkpt lat="35.36499467678368" lon="139.13084495812654"><ele>545.5999755859375</ele><time>2025-03-14T23:44:21.000Z</time></trkpt><trkpt lat="35.36507899872959" lon="139.13078444078565"><ele>546.5999755859375</ele><time>2025-03-14T23:44:28.000Z</time></trkpt><trkpt lat="35.365169774740934" lon="139.13076566532254"><ele>547.4000244140625</ele><time>2025-03-14T23:44:36.000Z</time></trkpt><trkpt lat="35.36526155658066" lon="139.13066818378866"><ele>548.5999755859375</ele><time>2025-03-14T23:44:46.000Z</time></trkpt><trkpt lat="35.365342274308205" lon="139.1305203270167"><ele>549.5999755859375</ele><time>2025-03-14T23:44:57.000Z</time></trkpt><trkpt lat="35.36538736894727" lon="139.13032108917832"><ele>550.4000244140625</ele><time>2025-03-14T23:45:09.000Z</time></trkpt><trkpt lat="35.36542743444443" lon="139.1301275510341"><ele>550.5999755859375</ele><time>2025-03-14T23:45:21.000Z</time></trkpt><trkpt lat="35.36545149050653" lon="139.12993074394763"><ele>550.800048828125</ele><time>2025-03-14T23:45:33.000Z</time></trkpt><trkpt lat="35.36548459902406" lon="139.12968263961375"><ele>551.199951171875</ele><time>2025-03-14T23:45:47.000Z</time></trkpt><trkpt lat="35.36552147939801" lon="139.12952673621476"><ele>551.4000244140625</ele><time>2025-03-14T23:45:57.000Z</time></trkpt><trkpt lat="35.365640418604016" lon="139.12937946617603"><ele>551.4000244140625</ele><time>2025-03-14T23:46:09.000Z</time></trkpt><trkpt lat="35.36573194898665" lon="139.12923705764115"><ele>550.800048828125</ele><time>2025-03-14T23:46:19.000Z</time></trkpt><trkpt lat="35.36577452905476" lon="139.12901049479842"><ele>549.800048828125</ele><time>2025-03-14T23:46:32.000Z</time></trkpt><trkpt lat="35.365762459114194" lon="139.12878887727857"><ele>548.5999755859375</ele><time>2025-03-14T23:46:45.000Z</time></trkpt><trkpt lat="35.36578735336661" lon="139.1285870410502"><ele>547.0</ele><time>2025-03-14T23:46:57.000Z</time></trkpt><trkpt lat="35.36581794731319" lon="139.1284432914108"><ele>545.800048828125</ele><time>2025-03-14T23:47:06.000Z</time></trkpt><trkpt lat="35.365808391943574" lon="139.12825226783752"><ele>544.0</ele><time>2025-03-14T23:47:17.000Z</time></trkpt><trkpt lat="35.365771343931556" lon="139.12806392647326"><ele>542.199951171875</ele><time>2025-03-14T23:47:28.000Z</time></trkpt><trkpt lat="35.3658364713192" lon="139.12792914547026"><ele>541.0</ele><time>2025-03-14T23:47:37.000Z</time></trkpt><trkpt lat="35.36598508246243" lon="139.12781548686326"><ele>539.5999755859375</ele><time>2025-03-14T23:47:49.000Z</time></trkpt><trkpt lat="35.36607208661735" lon="139.12766612134874"><ele>538.800048828125</ele><time>2025-03-14T23:47:59.000Z</time></trkpt><trkpt lat="35.36618633195758" lon="139.12758389487863"><ele>538.0</ele><time>2025-03-14T23:48:08.000Z</time></trkpt><trkpt lat="35.3663148265332" lon="139.12753326818347"><ele>537.0</ele><time>2025-03-14T23:48:18.000Z</time></trkpt><trkpt lat="35.36648933775723" lon="139.127495046705"><ele>536.0</ele><time>2025-03-14T23:48:30.000Z</time></trkpt><trkpt lat="35.3666375298053" lon="139.12745263427496"><ele>535.0</ele><time>2025-03-14T23:48:41.000Z</time></trkpt><trkpt lat="35.36673559807241" lon="139.12739178165793"><ele>534.199951171875</ele><time>2025-03-14T23:48:50.000Z</time></trkpt><trkpt lat="35.36686962470412" lon="139.12737376056612"><ele>532.0</ele><time>2025-03-14T23:49:00.000Z</time></trkpt><trkpt lat="35.36691254004836" lon="139.12738172337413"><ele>531.4000244140625</ele><time>2025-03-14T23:49:07.000Z</time></trkpt><trkpt lat="35.36694715730846" lon="139.12738423794508"><ele>530.199951171875</ele><time>2025-03-14T23:49:17.000Z</time></trkpt><trkpt lat="35.366956293582916" lon="139.1274072881788"><ele>530.199951171875</ele><time>2025-03-14T23:49:19.000Z</time></trkpt><trkpt lat="35.36706006154418" lon="139.12751365453005"><ele>530.4000244140625</ele><time>2025-03-14T23:49:30.000Z</time></trkpt><trkpt lat="35.36706198938191" lon="139.12752245552838"><ele>530.4000244140625</ele><time>2025-03-14T23:49:31.000Z</time></trkpt><trkpt lat="35.367069533094764" lon="139.1275354474783"><ele>530.0</ele><time>2025-03-14T23:49:37.000Z</time></trkpt><trkpt lat="35.367064168676734" lon="139.12752874195576"><ele>528.4000244140625</ele><time>2025-03-14T23:50:03.000Z</time></trkpt><trkpt lat="35.3670693654567" lon="139.12753142416477"><ele>528.4000244140625</ele><time>2025-03-14T23:50:28.000Z</time></trkpt><trkpt lat="35.36708017811179" lon="139.1275431588292"><ele>528.4000244140625</ele><time>2025-03-14T23:50:30.000Z</time></trkpt><trkpt lat="35.3671539388597" lon="139.12763309665024"><ele>528.800048828125</ele><time>2025-03-14T23:50:38.000Z</time></trkpt><trkpt lat="35.367229375988245" lon="139.1276953741908"><ele>528.5999755859375</ele><time>2025-03-14T23:50:45.000Z</time></trkpt><trkpt lat="35.36724949255586" lon="139.12770635448396"><ele>528.0</ele><time>2025-03-14T23:50:52.000Z</time></trkpt><trkpt lat="35.36725603044033" lon="139.12770099006593"><ele>527.5999755859375</ele><time>2025-03-14T23:51:09.000Z</time></trkpt><trkpt lat="35.367271872237325" lon="139.12771607749164"><ele>527.800048828125</ele><time>2025-03-14T23:51:12.000Z</time></trkpt><trkpt lat="35.36738259717822" lon="139.12779495120049"><ele>528.199951171875</ele><time>2025-03-14T23:51:22.000Z</time></trkpt><trkpt lat="35.36742107011378" lon="139.12785639055073"><ele>527.800048828125</ele><time>2025-03-14T23:51:28.000Z</time></trkpt><trkpt lat="35.36743892356753" lon="139.12790425121784"><ele>528.4000244140625</ele><time>2025-03-14T23:51:32.000Z</time></trkpt><trkpt lat="35.36745677702129" lon="139.12801472470164"><ele>530.0</ele><time>2025-03-14T23:51:40.000Z</time></trkpt><trkpt lat="35.36744671873748" lon="139.12804858759046"><ele>530.5999755859375</ele><time>2025-03-14T23:51:43.000Z</time></trkpt><trkpt lat="35.367397433146834" lon="139.1280962806195"><ele>531.5999755859375</ele><time>2025-03-14T23:51:52.000Z</time></trkpt><trkpt lat="35.367425261065364" lon="139.12809954956174"><ele>533.5999755859375</ele><time>2025-03-14T23:52:02.000Z</time></trkpt><trkpt lat="35.36749608814716" lon="139.12809083238244"><ele>533.199951171875</ele><time>2025-03-14T23:52:14.000Z</time></trkpt><trkpt lat="35.36757395602763" lon="139.1281020641327"><ele>535.800048828125</ele><time>2025-03-14T23:52:31.000Z</time></trkpt><trkpt lat="35.36765333265066" lon="139.1281113680452"><ele>538.800048828125</ele><time>2025-03-14T23:52:42.000Z</time></trkpt><trkpt lat="35.367741426452994" lon="139.12809569388628"><ele>541.0</ele><time>2025-03-14T23:52:54.000Z</time></trkpt><trkpt lat="35.367813762277365" lon="139.12809644825757"><ele>543.0</ele><time>2025-03-14T23:53:04.000Z</time></trkpt><trkpt lat="35.367876291275024" lon="139.12805328145623"><ele>543.800048828125</ele><time>2025-03-14T23:53:11.000Z</time></trkpt><trkpt lat="35.36790554411709" lon="139.12807306274772"><ele>543.800048828125</ele><time>2025-03-14T23:53:14.000Z</time></trkpt><trkpt lat="35.36802029237151" lon="139.1280981246382"><ele>544.800048828125</ele><time>2025-03-14T23:53:26.000Z</time></trkpt><trkpt lat="35.368097154423594" lon="139.12812343798578"><ele>547.0</ele><time>2025-03-14T23:53:35.000Z</time></trkpt><trkpt lat="35.36818206310272" lon="139.12816274911165"><ele>550.0</ele><time>2025-03-14T23:53:47.000Z</time></trkpt><trkpt lat="35.36832078360021" lon="139.12819149903953"><ele>553.199951171875</ele><time>2025-03-14T23:54:00.000Z</time></trkpt><trkpt lat="35.36834123544395" lon="139.12821304053068"><ele>554.199951171875</ele><time>2025-03-14T23:54:03.000Z</time></trkpt><trkpt lat="35.368333691731095" lon="139.1282395273447"><ele>555.0</ele><time>2025-03-14T23:54:06.000Z</time></trkpt><trkpt lat="35.368302930146456" lon="139.12827565334737"><ele>556.199951171875</ele><time>2025-03-14T23:54:10.000Z</time></trkpt><trkpt lat="35.36821902729571" lon="139.12836316041648"><ele>558.199951171875</ele><time>2025-03-14T23:54:19.000Z</time></trkpt><trkpt lat="35.36818843334913" lon="139.12839476019144"><ele>559.199951171875</ele><time>2025-03-14T23:54:26.000Z</time></trkpt><trkpt lat="35.36818047054112" lon="139.12840289063752"><ele>559.199951171875</ele><time>2025-03-14T23:54:27.000Z</time></trkpt><trkpt lat="35.36813403479755" lon="139.1284453868866"><ele>559.800048828125</ele><time>2025-03-14T23:54:32.000Z</time></trkpt><trkpt lat="35.368024818599224" lon="139.12859559059143"><ele>562.199951171875</ele><time>2025-03-14T23:54:45.000Z</time></trkpt><trkpt lat="35.36791551858187" lon="139.12870187312365"><ele>563.5999755859375</ele><time>2025-03-14T23:54:55.000Z</time></trkpt><trkpt lat="35.36781409755349" lon="139.12883799523115"><ele>565.199951171875</ele><time>2025-03-14T23:55:06.000Z</time></trkpt><trkpt lat="35.36777294240892" lon="139.12889013066888"><ele>565.800048828125</ele><time>2025-03-14T23:55:11.000Z</time></trkpt><trkpt lat="35.36777042783797" lon="139.12891586311162"><ele>566.199951171875</ele><time>2025-03-14T23:55:13.000Z</time></trkpt><trkpt lat="35.367785934358835" lon="139.12903362885118"><ele>567.199951171875</ele><time>2025-03-14T23:55:23.000Z</time></trkpt><trkpt lat="35.36778358742595" lon="139.12905726581812"><ele>567.4000244140625</ele><time>2025-03-14T23:55:30.000Z</time></trkpt><trkpt lat="35.367795657366514" lon="139.12905902601779"><ele>565.0</ele><time>2025-03-14T23:55:35.000Z</time></trkpt><trkpt lat="35.36780722439289" lon="139.12908618338406"><ele>566.199951171875</ele><time>2025-03-14T23:55:38.000Z</time></trkpt><trkpt lat="35.36787075921893" lon="139.12923278287053"><ele>566.199951171875</ele><time>2025-03-14T23:55:49.000Z</time></trkpt><trkpt lat="35.367888528853655" lon="139.1293571703136"><ele>566.0</ele><time>2025-03-14T23:55:57.000Z</time></trkpt><trkpt lat="35.367977460846305" lon="139.12948993965983"><ele>567.199951171875</ele><time>2025-03-14T23:56:07.000Z</time></trkpt><trkpt lat="35.36802917718887" lon="139.12956554442644"><ele>568.0</ele><time>2025-03-14T23:56:13.000Z</time></trkpt><trkpt lat="35.36807049997151" lon="139.12966126576066"><ele>569.4000244140625</ele><time>2025-03-14T23:56:21.000Z</time></trkpt><trkpt lat="35.36813898012042" lon="139.12975455634296"><ele>570.4000244140625</ele><time>2025-03-14T23:56:30.000Z</time></trkpt><trkpt lat="35.36814878694713" lon="139.1297683864832"><ele>571.0</ele><time>2025-03-14T23:56:41.000Z</time></trkpt><trkpt lat="35.36813411861658" lon="139.12974902428687"><ele>571.0</ele><time>2025-03-14T23:56:51.000Z</time></trkpt><trkpt lat="35.368046863004565" lon="139.12960418500006"><ele>571.199951171875</ele><time>2025-03-14T23:57:03.000Z</time></trkpt><trkpt lat="35.36796161904931" lon="139.12949387915432"><ele>570.0</ele><time>2025-03-14T23:57:12.000Z</time></trkpt><trkpt lat="35.367875285446644" lon="139.12933797575533"><ele>568.199951171875</ele><time>2025-03-14T23:57:23.000Z</time></trkpt><trkpt lat="35.367860198020935" lon="139.12918785586953"><ele>567.199951171875</ele><time>2025-03-14T23:57:32.000Z</time></trkpt><trkpt lat="35.36778333596885" lon="139.12903673015535"><ele>567.0</ele><time>2025-03-14T23:57:43.000Z</time></trkpt><trkpt lat="35.36775441840291" lon="139.12892474792898"><ele>567.800048828125</ele><time>2025-03-14T23:57:50.000Z</time></trkpt><trkpt lat="35.36785659380257" lon="139.12875635549426"><ele>567.5999755859375</ele><time>2025-03-14T23:58:01.000Z</time></trkpt><trkpt lat="35.36794577725232" lon="139.12863942794502"><ele>566.4000244140625</ele><time>2025-03-14T23:58:10.000Z</time></trkpt><trkpt lat="35.3680398222059" lon="139.12855359725654"><ele>565.199951171875</ele><time>2025-03-14T23:58:19.000Z</time></trkpt><trkpt lat="35.368133867159486" lon="139.12846609018743"><ele>563.800048828125</ele><time>2025-03-14T23:58:27.000Z</time></trkpt><trkpt lat="35.3682385571301" lon="139.1283568739891"><ele>562.5999755859375</ele><time>2025-03-14T23:58:37.000Z</time></trkpt><trkpt lat="35.36835146136582" lon="139.12823357619345"><ele>559.800048828125</ele><time>2025-03-14T23:58:48.000Z</time></trkpt><trkpt lat="35.36844743415713" lon="139.12810642272234"><ele>558.0</ele><time>2025-03-14T23:58:59.000Z</time></trkpt><trkpt lat="35.368527229875326" lon="139.12800868973136"><ele>556.800048828125</ele><time>2025-03-14T23:59:09.000Z</time></trkpt><trkpt lat="35.36859596148133" lon="139.1279165726155"><ele>556.0</ele><time>2025-03-14T23:59:18.000Z</time></trkpt><trkpt lat="35.36867005750537" lon="139.12781733088195"><ele>554.800048828125</ele><time>2025-03-14T23:59:26.000Z</time></trkpt><trkpt lat="35.36876938305795" lon="139.12770702503622"><ele>552.800048828125</ele><time>2025-03-14T23:59:36.000Z</time></trkpt><trkpt lat="35.3688601590693" lon="139.1275962162763"><ele>551.4000244140625</ele><time>2025-03-14T23:59:46.000Z</time></trkpt><trkpt lat="35.36897876299918" lon="139.12746445275843"><ele>550.800048828125</ele><time>2025-03-14T23:59:57.000Z</time></trkpt><trkpt lat="35.369060318917036" lon="139.12737736478448"><ele>550.5999755859375</ele><time>2025-03-15T00:00:05.000Z</time></trkpt><trkpt lat="35.36914355121553" lon="139.1272695735097"><ele>551.4000244140625</ele><time>2025-03-15T00:00:15.000Z</time></trkpt><trkpt lat="35.3692536894232" lon="139.12715666927397"><ele>551.5999755859375</ele><time>2025-03-15T00:00:25.000Z</time></trkpt><trkpt lat="35.36934186704457" lon="139.12704619579017"><ele>550.199951171875</ele><time>2025-03-15T00:00:34.000Z</time></trkpt><trkpt lat="35.3694024682045" lon="139.12695843726397"><ele>548.199951171875</ele><time>2025-03-15T00:00:41.000Z</time></trkpt><trkpt lat="35.369467344135046" lon="139.12681619636714"><ele>545.800048828125</ele><time>2025-03-15T00:00:52.000Z</time></trkpt><trkpt lat="35.36946373991668" lon="139.126792056486"><ele>543.5999755859375</ele><time>2025-03-15T00:00:57.000Z</time></trkpt><trkpt lat="35.36937824450433" lon="139.12678644061089"><ele>544.5999755859375</ele><time>2025-03-15T00:01:05.000Z</time></trkpt><trkpt lat="35.369363659992814" lon="139.12671812810004"><ele>543.5999755859375</ele><time>2025-03-15T00:01:12.000Z</time></trkpt><trkpt lat="35.3693435434252" lon="139.12664151750505"><ele>540.4000244140625</ele><time>2025-03-15T00:01:21.000Z</time></trkpt><trkpt lat="35.369314793497324" lon="139.12658435292542"><ele>538.4000244140625</ele><time>2025-03-15T00:01:28.000Z</time></trkpt><trkpt lat="35.36929559893906" lon="139.126503970474"><ele>535.800048828125</ele><time>2025-03-15T00:01:37.000Z</time></trkpt><trkpt lat="35.36925704218447" lon="139.12636642344296"><ele>532.4000244140625</ele><time>2025-03-15T00:01:48.000Z</time></trkpt><trkpt lat="35.36923399195075" lon="139.12629509344697"><ele>530.4000244140625</ele><time>2025-03-15T00:01:54.000Z</time></trkpt><trkpt lat="35.3692227602005" lon="139.12620934657753"><ele>527.800048828125</ele><time>2025-03-15T00:02:03.000Z</time></trkpt><trkpt lat="35.369226448237896" lon="139.12618554197252"><ele>527.199951171875</ele><time>2025-03-15T00:02:05.000Z</time></trkpt><trkpt lat="35.36925444379449" lon="139.12607498466969"><ele>524.800048828125</ele><time>2025-03-15T00:02:13.000Z</time></trkpt><trkpt lat="35.36931026726961" lon="139.12599636241794"><ele>522.2000122070312</ele><time>2025-03-15T00:02:22.000Z</time></trkpt><trkpt lat="35.369357289746404" lon="139.12593844346702"><ele>520.5999755859375</ele><time>2025-03-15T00:02:28.000Z</time></trkpt><trkpt lat="35.369387129321694" lon="139.12588144652545"><ele>518.2000122070312</ele><time>2025-03-15T00:02:36.000Z</time></trkpt><trkpt lat="35.36939458921552" lon="139.1258665267378"><ele>516.2000122070312</ele><time>2025-03-15T00:02:48.000Z</time></trkpt><trkpt lat="35.36946893669665" lon="139.1257224418223"><ele>516.0</ele><time>2025-03-15T00:02:58.000Z</time></trkpt><trkpt lat="35.36954772658646" lon="139.12559688091278"><ele>515.7999877929688</ele><time>2025-03-15T00:03:08.000Z</time></trkpt><trkpt lat="35.369555186480284" lon="139.12546997889876"><ele>516.4000244140625</ele><time>2025-03-15T00:03:16.000Z</time></trkpt><trkpt lat="35.369518138468266" lon="139.1253064479679"><ele>516.4000244140625</ele><time>2025-03-15T00:03:26.000Z</time></trkpt><trkpt lat="35.36949726752937" lon="139.12514467723668"><ele>516.4000244140625</ele><time>2025-03-15T00:03:36.000Z</time></trkpt><trkpt lat="35.369539679959416" lon="139.12501081824303"><ele>516.4000244140625</ele><time>2025-03-15T00:03:44.000Z</time></trkpt><trkpt lat="35.36962048150599" lon="139.12486203946173"><ele>515.5999755859375</ele><time>2025-03-15T00:03:54.000Z</time></trkpt><trkpt lat="35.36973514594138" lon="139.12475776858628"><ele>513.7999877929688</ele><time>2025-03-15T00:04:04.000Z</time></trkpt><trkpt lat="35.36985106766224" lon="139.12467294372618"><ele>512.2000122070312</ele><time>2025-03-15T00:04:13.000Z</time></trkpt><trkpt lat="35.37002306431532" lon="139.12457856349647"><ele>511.20001220703125</ele><time>2025-03-15T00:04:25.000Z</time></trkpt><trkpt lat="35.37016245536506" lon="139.124513855204"><ele>510.5999755859375</ele><time>2025-03-15T00:04:35.000Z</time></trkpt><trkpt lat="35.3703036904335" lon="139.1244467999786"><ele>510.4000244140625</ele><time>2025-03-15T00:04:45.000Z</time></trkpt><trkpt lat="35.37046286277473" lon="139.1243846900761"><ele>510.20001220703125</ele><time>2025-03-15T00:04:56.000Z</time></trkpt><trkpt lat="35.37062077783048" lon="139.1243320517242"><ele>510.0</ele><time>2025-03-15T00:05:07.000Z</time></trkpt><trkpt lat="35.370753379538655" lon="139.12431604228914"><ele>510.0</ele><time>2025-03-15T00:05:16.000Z</time></trkpt><trkpt lat="35.37087122909725" lon="139.1242781560868"><ele>510.0</ele><time>2025-03-15T00:05:25.000Z</time></trkpt><trkpt lat="35.371020091697574" lon="139.12426105700433"><ele>510.5999755859375</ele><time>2025-03-15T00:05:36.000Z</time></trkpt><trkpt lat="35.37108932621777" lon="139.1242651641369"><ele>510.5999755859375</ele><time>2025-03-15T00:05:41.000Z</time></trkpt><trkpt lat="35.3711380250752" lon="139.12418067455292"><ele>509.79998779296875</ele><time>2025-03-15T00:05:48.000Z</time></trkpt><trkpt lat="35.37116887047887" lon="139.1240918263793"><ele>510.20001220703125</ele><time>2025-03-15T00:05:54.000Z</time></trkpt><trkpt lat="35.37119627930224" lon="139.12399845197797"><ele>512.0</ele><time>2025-03-15T00:06:00.000Z</time></trkpt><trkpt lat="35.37122905254364" lon="139.12376392632723"><ele>512.4000244140625</ele><time>2025-03-15T00:06:14.000Z</time></trkpt><trkpt lat="35.37126325070858" lon="139.12357985973358"><ele>512.4000244140625</ele><time>2025-03-15T00:06:24.000Z</time></trkpt><trkpt lat="35.37132058292627" lon="139.1233877465129"><ele>512.7999877929688</ele><time>2025-03-15T00:06:35.000Z</time></trkpt><trkpt lat="35.371375819668174" lon="139.1232247184962"><ele>513.0</ele><time>2025-03-15T00:06:45.000Z</time></trkpt><trkpt lat="35.37138353101909" lon="139.12304433993995"><ele>513.7999877929688</ele><time>2025-03-15T00:06:56.000Z</time></trkpt><trkpt lat="35.37135796621442" lon="139.12292489781976"><ele>512.4000244140625</ele><time>2025-03-15T00:07:04.000Z</time></trkpt><trkpt lat="35.371314799413085" lon="139.12281576544046"><ele>515.5999755859375</ele><time>2025-03-15T00:07:12.000Z</time></trkpt><trkpt lat="35.37128965370357" lon="139.12277838215232"><ele>515.5999755859375</ele><time>2025-03-15T00:07:15.000Z</time></trkpt><trkpt lat="35.37125143222511" lon="139.12273831665516"><ele>516.5999755859375</ele><time>2025-03-15T00:07:19.000Z</time></trkpt><trkpt lat="35.3711705468595" lon="139.12258509546518"><ele>518.0</ele><time>2025-03-15T00:07:30.000Z</time></trkpt><trkpt lat="35.371126625686884" lon="139.12241192534566"><ele>517.2000122070312</ele><time>2025-03-15T00:07:42.000Z</time></trkpt><trkpt lat="35.371124194934964" lon="139.12240052595735"><ele>515.7999877929688</ele><time>2025-03-15T00:07:51.000Z</time></trkpt><trkpt lat="35.3711742348969" lon="139.12223104387522"><ele>518.4000244140625</ele><time>2025-03-15T00:08:04.000Z</time></trkpt><trkpt lat="35.3712675254792" lon="139.12196558900177"><ele>519.5999755859375</ele><time>2025-03-15T00:08:20.000Z</time></trkpt><trkpt lat="35.371311865746975" lon="139.12179292179644"><ele>518.4000244140625</ele><time>2025-03-15T00:08:30.000Z</time></trkpt><trkpt lat="35.371362743899226" lon="139.1216633375734"><ele>517.2000122070312</ele><time>2025-03-15T00:08:38.000Z</time></trkpt><trkpt lat="35.371417645365" lon="139.12153584882617"><ele>516.4000244140625</ele><time>2025-03-15T00:08:46.000Z</time></trkpt><trkpt lat="35.3714866284281" lon="139.12141892127693"><ele>515.7999877929688</ele><time>2025-03-15T00:08:55.000Z</time></trkpt><trkpt lat="35.37152853794396" lon="139.12133468315005"><ele>515.4000244140625</ele><time>2025-03-15T00:09:02.000Z</time></trkpt><trkpt lat="35.37156625650823" lon="139.12116033956409"><ele>514.4000244140625</ele><time>2025-03-15T00:09:13.000Z</time></trkpt><trkpt lat="35.37160137668252" lon="139.12102304399014"><ele>513.4000244140625</ele><time>2025-03-15T00:09:22.000Z</time></trkpt><trkpt lat="35.37161646410823" lon="139.1209782846272"><ele>512.7999877929688</ele><time>2025-03-15T00:09:25.000Z</time></trkpt><trkpt lat="35.371648063883185" lon="139.12084274925292"><ele>509.0</ele><time>2025-03-15T00:09:34.000Z</time></trkpt><trkpt lat="35.37169181741774" lon="139.12068843841553"><ele>505.79998779296875</ele><time>2025-03-15T00:09:44.000Z</time></trkpt><trkpt lat="35.371751664206386" lon="139.12058492191136"><ele>504.0</ele><time>2025-03-15T00:09:51.000Z</time></trkpt><trkpt lat="35.37177588790655" lon="139.1204336285591"><ele>501.79998779296875</ele><time>2025-03-15T00:10:01.000Z</time></trkpt><trkpt lat="35.37183288484812" lon="139.12033203989267"><ele>500.5999755859375</ele><time>2025-03-15T00:10:09.000Z</time></trkpt><trkpt lat="35.371912429109216" lon="139.12018787115812"><ele>499.5999755859375</ele><time>2025-03-15T00:10:19.000Z</time></trkpt><trkpt lat="35.37195475772023" lon="139.12008997052908"><ele>499.0</ele><time>2025-03-15T00:10:26.000Z</time></trkpt><trkpt lat="35.3719631396234" lon="139.1199182253331"><ele>498.5999755859375</ele><time>2025-03-15T00:10:36.000Z</time></trkpt><trkpt lat="35.37193204276264" lon="139.11976978182793"><ele>498.4000244140625</ele><time>2025-03-15T00:10:45.000Z</time></trkpt><trkpt lat="35.37192491814494" lon="139.1196428798139"><ele>498.5999755859375</ele><time>2025-03-15T00:10:53.000Z</time></trkpt><trkpt lat="35.371941681951284" lon="139.1195088531822"><ele>498.5999755859375</ele><time>2025-03-15T00:11:01.000Z</time></trkpt><trkpt lat="35.3719684202224" lon="139.1193547938019"><ele>498.20001220703125</ele><time>2025-03-15T00:11:10.000Z</time></trkpt><trkpt lat="35.37196087650955" lon="139.11925873719156"><ele>497.4000244140625</ele><time>2025-03-15T00:11:17.000Z</time></trkpt><trkpt lat="35.37196825258434" lon="139.11921649239957"><ele>495.5999755859375</ele><time>2025-03-15T00:11:26.000Z</time></trkpt><trkpt lat="35.37200203165412" lon="139.11913652904332"><ele>495.20001220703125</ele><time>2025-03-15T00:11:39.000Z</time></trkpt><trkpt lat="35.37204897031188" lon="139.11901473999023"><ele>492.4000244140625</ele><time>2025-03-15T00:11:50.000Z</time></trkpt><trkpt lat="35.372072691097856" lon="139.11886814050376"><ele>489.4000244140625</ele><time>2025-03-15T00:12:01.000Z</time></trkpt><trkpt lat="35.37206757813692" lon="139.11877292208374"><ele>487.0</ele><time>2025-03-15T00:12:08.000Z</time></trkpt><trkpt lat="35.3720635548234" lon="139.11868767812848"><ele>484.4000244140625</ele><time>2025-03-15T00:12:16.000Z</time></trkpt><trkpt lat="35.3720635548234" lon="139.11865993402898"><ele>482.4000244140625</ele><time>2025-03-15T00:12:21.000Z</time></trkpt><trkpt lat="35.37206036970019" lon="139.1185381449759"><ele>482.79998779296875</ele><time>2025-03-15T00:12:30.000Z</time></trkpt><trkpt lat="35.372046791017056" lon="139.1184546612203"><ele>480.5999755859375</ele><time>2025-03-15T00:12:37.000Z</time></trkpt><trkpt lat="35.372043773531914" lon="139.11841484718025"><ele>479.79998779296875</ele><time>2025-03-15T00:12:40.000Z</time></trkpt><trkpt lat="35.37202952429652" lon="139.118308480829"><ele>477.5999755859375</ele><time>2025-03-15T00:12:48.000Z</time></trkpt><trkpt lat="35.372048299759626" lon="139.1182296909392"><ele>476.4000244140625</ele><time>2025-03-15T00:12:53.000Z</time></trkpt><trkpt lat="35.37206992506981" lon="139.11808795295656"><ele>474.4000244140625</ele><time>2025-03-15T00:13:03.000Z</time></trkpt><trkpt lat="35.37208082154393" lon="139.11795694381"><ele>472.79998779296875</ele><time>2025-03-15T00:13:12.000Z</time></trkpt><trkpt lat="35.37209146656096" lon="139.11786373704672"><ele>471.20001220703125</ele><time>2025-03-15T00:13:19.000Z</time></trkpt><trkpt lat="35.372095070779324" lon="139.11780045367777"><ele>470.20001220703125</ele><time>2025-03-15T00:13:24.000Z</time></trkpt><trkpt lat="35.37208467721939" lon="139.11774856969714"><ele>469.4000244140625</ele><time>2025-03-15T00:13:28.000Z</time></trkpt><trkpt lat="35.37206053733826" lon="139.11764957942069"><ele>468.0</ele><time>2025-03-15T00:13:35.000Z</time></trkpt><trkpt lat="35.37206866778433" lon="139.1175280418247"><ele>466.4000244140625</ele><time>2025-03-15T00:13:43.000Z</time></trkpt><trkpt lat="35.37207185290754" lon="139.11751236766577"><ele>466.20001220703125</ele><time>2025-03-15T00:13:44.000Z</time></trkpt><trkpt lat="35.3721375670284" lon="139.11746492609382"><ele>465.0</ele><time>2025-03-15T00:13:51.000Z</time></trkpt><trkpt lat="35.372223649173975" lon="139.1173974517733"><ele>462.79998779296875</ele><time>2025-03-15T00:13:59.000Z</time></trkpt><trkpt lat="35.37233537994325" lon="139.11735462024808"><ele>461.4000244140625</ele><time>2025-03-15T00:14:07.000Z</time></trkpt><trkpt lat="35.3724623657763" lon="139.1173472441733"><ele>461.0</ele><time>2025-03-15T00:14:16.000Z</time></trkpt><trkpt lat="35.372515339404345" lon="139.1173430532217"><ele>461.0</ele><time>2025-03-15T00:14:20.000Z</time></trkpt><trkpt lat="35.372638972476125" lon="139.11734414286911"><ele>463.0</ele><time>2025-03-15T00:14:30.000Z</time></trkpt><trkpt lat="35.37275112234056" lon="139.11727842874825"><ele>461.5999755859375</ele><time>2025-03-15T00:14:40.000Z</time></trkpt><trkpt lat="35.37280342541635" lon="139.11717566661537"><ele>460.5999755859375</ele><time>2025-03-15T00:14:47.000Z</time></trkpt><trkpt lat="35.372799234464765" lon="139.11705303937197"><ele>459.5999755859375</ele><time>2025-03-15T00:14:55.000Z</time></trkpt><trkpt lat="35.37276277318597" lon="139.11692898720503"><ele>457.5999755859375</ele><time>2025-03-15T00:15:04.000Z</time></trkpt><trkpt lat="35.372767550870776" lon="139.11680066026747"><ele>454.79998779296875</ele><time>2025-03-15T00:15:13.000Z</time></trkpt><trkpt lat="35.372768891975284" lon="139.11678481847048"><ele>454.5999755859375</ele><time>2025-03-15T00:15:14.000Z</time></trkpt><trkpt lat="35.37276545539498" lon="139.11664458923042"><ele>451.79998779296875</ele><time>2025-03-15T00:15:23.000Z</time></trkpt><trkpt lat="35.372758163139224" lon="139.11652397364378"><ele>449.5999755859375</ele><time>2025-03-15T00:15:30.000Z</time></trkpt><trkpt lat="35.37276243790984" lon="139.11645675078034"><ele>448.79998779296875</ele><time>2025-03-15T00:15:34.000Z</time></trkpt><trkpt lat="35.37272916175425" lon="139.11627704277635"><ele>446.4000244140625</ele><time>2025-03-15T00:15:46.000Z</time></trkpt><trkpt lat="35.37271734327078" lon="139.11612985655665"><ele>445.4000244140625</ele><time>2025-03-15T00:15:55.000Z</time></trkpt><trkpt lat="35.372761096805334" lon="139.11606322042644"><ele>445.0</ele><time>2025-03-15T00:16:01.000Z</time></trkpt><trkpt lat="35.372812896966934" lon="139.1160475462675"><ele>444.5999755859375</ele><time>2025-03-15T00:16:05.000Z</time></trkpt><trkpt lat="35.37296997383237" lon="139.11603732034564"><ele>442.79998779296875</ele><time>2025-03-15T00:16:17.000Z</time></trkpt><trkpt lat="35.373084638267756" lon="139.11603203974664"><ele>442.0</ele><time>2025-03-15T00:16:25.000Z</time></trkpt><trkpt lat="35.3731323312968" lon="139.11602935753763"><ele>441.20001220703125</ele><time>2025-03-15T00:16:29.000Z</time></trkpt><trkpt lat="35.373181365430355" lon="139.1159991826862"><ele>439.4000244140625</ele><time>2025-03-15T00:16:37.000Z</time></trkpt><trkpt lat="35.37322855554521" lon="139.11597336642444"><ele>438.79998779296875</ele><time>2025-03-15T00:16:48.000Z</time></trkpt><trkpt lat="35.37324079312384" lon="139.11595534533262"><ele>439.0</ele><time>2025-03-15T00:16:50.000Z</time></trkpt><trkpt lat="35.37327264435589" lon="139.1159079875797"><ele>438.5999755859375</ele><time>2025-03-15T00:16:54.000Z</time></trkpt><trkpt lat="35.3733207564801" lon="139.11583933979273"><ele>437.4000244140625</ele><time>2025-03-15T00:17:00.000Z</time></trkpt><trkpt lat="35.3734309785068" lon="139.11575225181878"><ele>433.79998779296875</ele><time>2025-03-15T00:17:11.000Z</time></trkpt><trkpt lat="35.37353357300162" lon="139.11570799537003"><ele>432.0</ele><time>2025-03-15T00:17:18.000Z</time></trkpt><trkpt lat="35.373626528307796" lon="139.11567178554833"><ele>430.79998779296875</ele><time>2025-03-15T00:17:25.000Z</time></trkpt><trkpt lat="35.37373725324869" lon="139.11564295180142"><ele>429.5999755859375</ele><time>2025-03-15T00:17:34.000Z</time></trkpt><trkpt lat="35.373861556872725" lon="139.11561629734933"><ele>428.79998779296875</ele><time>2025-03-15T00:17:42.000Z</time></trkpt><trkpt lat="35.37395459599793" lon="139.11559358239174"><ele>428.4000244140625</ele><time>2025-03-15T00:17:49.000Z</time></trkpt><trkpt lat="35.373980328440666" lon="139.115586373955"><ele>427.79998779296875</ele><time>2025-03-15T00:17:51.000Z</time></trkpt><trkpt lat="35.37404973059893" lon="139.11565183661878"><ele>426.79998779296875</ele><time>2025-03-15T00:17:59.000Z</time></trkpt><trkpt lat="35.37405375391245" lon="139.11579877138138"><ele>426.4000244140625</ele><time>2025-03-15T00:18:10.000Z</time></trkpt><trkpt lat="35.374048724770546" lon="139.11580933257937"><ele>424.5999755859375</ele><time>2025-03-15T00:18:17.000Z</time></trkpt><trkpt lat="35.37404059432447" lon="139.115826850757"><ele>423.79998779296875</ele><time>2025-03-15T00:18:25.000Z</time></trkpt><trkpt lat="35.37403556518257" lon="139.11583699285984"><ele>423.79998779296875</ele><time>2025-03-15T00:18:26.000Z</time></trkpt><trkpt lat="35.37402609363198" lon="139.1158617194742"><ele>423.5999755859375</ele><time>2025-03-15T00:18:28.000Z</time></trkpt><trkpt lat="35.373966582119465" lon="139.1159957461059"><ele>422.5999755859375</ele><time>2025-03-15T00:18:38.000Z</time></trkpt><trkpt lat="35.37380808033049" lon="139.11610454320908"><ele>420.20001220703125</ele><time>2025-03-15T00:18:50.000Z</time></trkpt><trkpt lat="35.3737385943532" lon="139.11623496562243"><ele>418.20001220703125</ele><time>2025-03-15T00:19:00.000Z</time></trkpt><trkpt lat="35.37378519773483" lon="139.116368656978"><ele>416.79998779296875</ele><time>2025-03-15T00:19:09.000Z</time></trkpt><trkpt lat="35.37389256991446" lon="139.11649723537266"><ele>415.20001220703125</ele><time>2025-03-15T00:19:20.000Z</time></trkpt><trkpt lat="35.373988039791584" lon="139.1165967285633"><ele>414.0</ele><time>2025-03-15T00:19:30.000Z</time></trkpt><trkpt lat="35.37407135590911" lon="139.11668993532658"><ele>414.0</ele><time>2025-03-15T00:19:39.000Z</time></trkpt><trkpt lat="35.374131286516786" lon="139.11677911877632"><ele>413.20001220703125</ele><time>2025-03-15T00:19:47.000Z</time></trkpt><trkpt lat="35.37416372448206" lon="139.11676218733191"><ele>413.0</ele><time>2025-03-15T00:19:50.000Z</time></trkpt><trkpt lat="35.3742272593081" lon="139.11670963279903"><ele>413.20001220703125</ele><time>2025-03-15T00:19:57.000Z</time></trkpt><trkpt lat="35.374269587919116" lon="139.1166545636952"><ele>414.4000244140625</ele><time>2025-03-15T00:20:07.000Z</time></trkpt><trkpt lat="35.374273443594575" lon="139.11665389314294"><ele>415.79998779296875</ele><time>2025-03-15T00:20:09.000Z</time></trkpt><trkpt lat="35.37436463870108" lon="139.11663704551756"><ele>416.20001220703125</ele><time>2025-03-15T00:20:18.000Z</time></trkpt><trkpt lat="35.37446832284331" lon="139.1166323516518"><ele>417.20001220703125</ele><time>2025-03-15T00:20:27.000Z</time></trkpt><trkpt lat="35.37458994425833" lon="139.11662774160504"><ele>420.0</ele><time>2025-03-15T00:20:38.000Z</time></trkpt><trkpt lat="35.374661860987544" lon="139.116680463776"><ele>420.79998779296875</ele><time>2025-03-15T00:20:46.000Z</time></trkpt><trkpt lat="35.37474283017218" lon="139.1167652886361"><ele>422.0</ele><time>2025-03-15T00:20:55.000Z</time></trkpt><trkpt lat="35.374819692224264" lon="139.11683343350887"><ele>423.20001220703125</ele><time>2025-03-15T00:21:04.000Z</time></trkpt><trkpt lat="35.3748522978276" lon="139.11687534302473"><ele>424.0</ele><time>2025-03-15T00:21:08.000Z</time></trkpt><trkpt lat="35.37494617514312" lon="139.1169476788491"><ele>425.4000244140625</ele><time>2025-03-15T00:21:17.000Z</time></trkpt><trkpt lat="35.37501163780689" lon="139.11700065247715"><ele>426.4000244140625</ele><time>2025-03-15T00:21:24.000Z</time></trkpt><trkpt lat="35.375034688040614" lon="139.11702495999634"><ele>427.0</ele><time>2025-03-15T00:21:27.000Z</time></trkpt><trkpt lat="35.37510668858886" lon="139.11706695333123"><ele>428.0</ele><time>2025-03-15T00:21:35.000Z</time></trkpt><trkpt lat="35.3751961234957" lon="139.1170977987349"><ele>429.5999755859375</ele><time>2025-03-15T00:21:44.000Z</time></trkpt><trkpt lat="35.375278517603874" lon="139.11713803187013"><ele>431.20001220703125</ele><time>2025-03-15T00:21:54.000Z</time></trkpt><trkpt lat="35.375292766839266" lon="139.11724414676428"><ele>433.5999755859375</ele><time>2025-03-15T00:22:06.000Z</time></trkpt><trkpt lat="35.37523635663092" lon="139.11730969324708"><ele>435.4000244140625</ele><time>2025-03-15T00:22:14.000Z</time></trkpt><trkpt lat="35.375101743265986" lon="139.117362331599"><ele>437.79998779296875</ele><time>2025-03-15T00:22:27.000Z</time></trkpt><trkpt lat="35.37498699501157" lon="139.11737364716828"><ele>440.0</ele><time>2025-03-15T00:22:40.000Z</time></trkpt><trkpt lat="35.37492178380489" lon="139.1173977870494"><ele>441.4000244140625</ele><time>2025-03-15T00:22:47.000Z</time></trkpt><trkpt lat="35.3748887591064" lon="139.1174260340631"><ele>441.79998779296875</ele><time>2025-03-15T00:22:51.000Z</time></trkpt><trkpt lat="35.37484299391508" lon="139.1175198275596"><ele>443.0</ele><time>2025-03-15T00:23:00.000Z</time></trkpt><trkpt lat="35.374867133796215" lon="139.11759367212653"><ele>444.0</ele><time>2025-03-15T00:23:07.000Z</time></trkpt><trkpt lat="35.37493678741157" lon="139.1176506690681"><ele>444.0</ele><time>2025-03-15T00:23:16.000Z</time></trkpt><trkpt lat="35.37501306273043" lon="139.11768084391952"><ele>446.5999755859375</ele><time>2025-03-15T00:23:24.000Z</time></trkpt><trkpt lat="35.375091936439276" lon="139.11771026439965"><ele>447.4000244140625</ele><time>2025-03-15T00:23:32.000Z</time></trkpt><trkpt lat="35.375160751864314" lon="139.11774513311684"><ele>447.79998779296875</ele><time>2025-03-15T00:23:40.000Z</time></trkpt><trkpt lat="35.375243397429585" lon="139.1177859529853"><ele>449.79998779296875</ele><time>2025-03-15T00:23:50.000Z</time></trkpt><trkpt lat="35.37526158615947" lon="139.1177875455469"><ele>449.5999755859375</ele><time>2025-03-15T00:24:00.000Z</time></trkpt><trkpt lat="35.37529922090471" lon="139.11779835820198"><ele>451.5999755859375</ele><time>2025-03-15T00:24:16.000Z</time></trkpt><trkpt lat="35.37530668079853" lon="139.11780254915357"><ele>451.5999755859375</ele><time>2025-03-15T00:24:17.000Z</time></trkpt><trkpt lat="35.375388488173485" lon="139.11785166710615"><ele>452.20001220703125</ele><time>2025-03-15T00:24:27.000Z</time></trkpt><trkpt lat="35.37540567107499" lon="139.11786222830415"><ele>452.4000244140625</ele><time>2025-03-15T00:24:29.000Z</time></trkpt><trkpt lat="35.3754963632673" lon="139.1179133579135"><ele>454.20001220703125</ele><time>2025-03-15T00:24:40.000Z</time></trkpt><trkpt lat="35.375577164813876" lon="139.1179382521659"><ele>455.5999755859375</ele><time>2025-03-15T00:24:48.000Z</time></trkpt><trkpt lat="35.37565687671304" lon="139.11793565377593"><ele>457.20001220703125</ele><time>2025-03-15T00:24:56.000Z</time></trkpt><trkpt lat="35.37573868408799" lon="139.11792039871216"><ele>459.0</ele><time>2025-03-15T00:25:05.000Z</time></trkpt><trkpt lat="35.375823844224215" lon="139.11788787692785"><ele>461.0</ele><time>2025-03-15T00:25:17.000Z</time></trkpt><trkpt lat="35.37592769600451" lon="139.1178567800671"><ele>463.79998779296875</ele><time>2025-03-15T00:25:31.000Z</time></trkpt><trkpt lat="35.37602459080517" lon="139.11785393022"><ele>466.4000244140625</ele><time>2025-03-15T00:25:43.000Z</time></trkpt><trkpt lat="35.37612576037645" lon="139.117867089808"><ele>466.5999755859375</ele><time>2025-03-15T00:25:54.000Z</time></trkpt><trkpt lat="35.376184433698654" lon="139.117848649621"><ele>469.5999755859375</ele><time>2025-03-15T00:26:00.000Z</time></trkpt><trkpt lat="35.3762405924499" lon="139.11782467737794"><ele>470.20001220703125</ele><time>2025-03-15T00:26:06.000Z</time></trkpt><trkpt lat="35.376255847513676" lon="139.11781176924706"><ele>470.4000244140625</ele><time>2025-03-15T00:26:08.000Z</time></trkpt><trkpt lat="35.37632558494806" lon="139.11778109148145"><ele>471.0</ele><time>2025-03-15T00:26:16.000Z</time></trkpt><trkpt lat="35.376404291018844" lon="139.1177600529045"><ele>472.0</ele><time>2025-03-15T00:26:24.000Z</time></trkpt><trkpt lat="35.37647444754839" lon="139.11777572706342"><ele>473.4000244140625</ele><time>2025-03-15T00:26:32.000Z</time></trkpt><trkpt lat="35.37655415944755" lon="139.11779316142201"><ele>475.20001220703125</ele><time>2025-03-15T00:26:42.000Z</time></trkpt><trkpt lat="35.376628590747714" lon="139.11783046089113"><ele>477.20001220703125</ele><time>2025-03-15T00:26:54.000Z</time></trkpt><trkpt lat="35.37670352496207" lon="139.11789692938328"><ele>479.20001220703125</ele><time>2025-03-15T00:27:05.000Z</time></trkpt><trkpt lat="35.37675096653402" lon="139.11793858744204"><ele>480.5999755859375</ele><time>2025-03-15T00:27:13.000Z</time></trkpt><trkpt lat="35.37682422436774" lon="139.1179947461933"><ele>482.4000244140625</ele><time>2025-03-15T00:27:24.000Z</time></trkpt><trkpt lat="35.37690888158977" lon="139.11802366375923"><ele>484.4000244140625</ele><time>2025-03-15T00:27:34.000Z</time></trkpt><trkpt lat="35.376913491636515" lon="139.11803799681365"><ele>485.4000244140625</ele><time>2025-03-15T00:27:43.000Z</time></trkpt><trkpt lat="35.376970656216145" lon="139.1180148627609"><ele>485.79998779296875</ele><time>2025-03-15T00:27:52.000Z</time></trkpt><trkpt lat="35.37703637033701" lon="139.11800052970648"><ele>486.79998779296875</ele><time>2025-03-15T00:28:00.000Z</time></trkpt><trkpt lat="35.37713837809861" lon="139.11797404289246"><ele>489.20001220703125</ele><time>2025-03-15T00:28:15.000Z</time></trkpt><trkpt lat="35.377221778035164" lon="139.11794705316424"><ele>491.20001220703125</ele><time>2025-03-15T00:28:27.000Z</time></trkpt><trkpt lat="35.37732512690127" lon="139.11791897378862"><ele>493.5999755859375</ele><time>2025-03-15T00:28:40.000Z</time></trkpt><trkpt lat="35.37743258289993" lon="139.11790447309613"><ele>496.0</ele><time>2025-03-15T00:28:54.000Z</time></trkpt><trkpt lat="35.37753283046186" lon="139.11788234487176"><ele>498.4000244140625</ele><time>2025-03-15T00:29:06.000Z</time></trkpt><trkpt lat="35.37762503139675" lon="139.11784881725907"><ele>500.79998779296875</ele><time>2025-03-15T00:29:19.000Z</time></trkpt><trkpt lat="35.37766174413264" lon="139.1179112624377"><ele>502.79998779296875</ele><time>2025-03-15T00:29:28.000Z</time></trkpt><trkpt lat="35.37763777188957" lon="139.1180402599275"><ele>505.5999755859375</ele><time>2025-03-15T00:29:42.000Z</time></trkpt><trkpt lat="35.3776568826288" lon="139.1181173734367"><ele>506.79998779296875</ele><time>2025-03-15T00:29:48.000Z</time></trkpt><trkpt lat="35.37775235250592" lon="139.11830085329711"><ele>508.4000244140625</ele><time>2025-03-15T00:30:02.000Z</time></trkpt><trkpt lat="35.37783156149089" lon="139.11840302869678"><ele>509.4000244140625</ele><time>2025-03-15T00:30:11.000Z</time></trkpt><trkpt lat="35.37792627699673" lon="139.11843722686172"><ele>510.0</ele><time>2025-03-15T00:30:19.000Z</time></trkpt><trkpt lat="35.37803792394698" lon="139.1184012684971"><ele>510.79998779296875</ele><time>2025-03-15T00:30:28.000Z</time></trkpt><trkpt lat="35.37814839743078" lon="139.11832465790212"><ele>511.5999755859375</ele><time>2025-03-15T00:30:38.000Z</time></trkpt><trkpt lat="35.37826582789421" lon="139.1182683315128"><ele>512.4000244140625</ele><time>2025-03-15T00:30:47.000Z</time></trkpt><trkpt lat="35.37836406379938" lon="139.1182146873325"><ele>513.4000244140625</ele><time>2025-03-15T00:30:56.000Z</time></trkpt><trkpt lat="35.37842491641641" lon="139.1181847639382"><ele>514.2000122070312</ele><time>2025-03-15T00:31:03.000Z</time></trkpt><trkpt lat="35.37845727056265" lon="139.11817864514887"><ele>514.5999755859375</ele><time>2025-03-15T00:31:06.000Z</time></trkpt><trkpt lat="35.37853396497667" lon="139.1181430220604"><ele>515.7999877929688</ele><time>2025-03-15T00:31:14.000Z</time></trkpt><trkpt lat="35.378626668825746" lon="139.11810379475355"><ele>517.2000122070312</ele><time>2025-03-15T00:31:23.000Z</time></trkpt><trkpt lat="35.37865625694394" lon="139.11809775978327"><ele>517.5999755859375</ele><time>2025-03-15T00:31:26.000Z</time></trkpt><trkpt lat="35.378745859488845" lon="139.11804017610848"><ele>519.0</ele><time>2025-03-15T00:31:36.000Z</time></trkpt><trkpt lat="35.37877636961639" lon="139.11802349612117"><ele>519.5999755859375</ele><time>2025-03-15T00:31:39.000Z</time></trkpt><trkpt lat="35.37885029800236" lon="139.11797328852117"><ele>520.7999877929688</ele><time>2025-03-15T00:31:46.000Z</time></trkpt><trkpt lat="35.37897191941738" lon="139.1179213207215"><ele>522.2000122070312</ele><time>2025-03-15T00:31:56.000Z</time></trkpt><trkpt lat="35.37906185723841" lon="139.1178903914988"><ele>523.5999755859375</ele><time>2025-03-15T00:32:05.000Z</time></trkpt><trkpt lat="35.37907241843641" lon="139.11788678728044"><ele>523.7999877929688</ele><time>2025-03-15T00:32:06.000Z</time></trkpt><trkpt lat="35.37917576730251" lon="139.11789558827877"><ele>524.5999755859375</ele><time>2025-03-15T00:32:16.000Z</time></trkpt><trkpt lat="35.37925656884909" lon="139.11792282946408"><ele>526.199951171875</ele><time>2025-03-15T00:32:24.000Z</time></trkpt><trkpt lat="35.37926444783807" lon="139.11792987026274"><ele>526.4000244140625</ele><time>2025-03-15T00:32:25.000Z</time></trkpt><trkpt lat="35.379329742863774" lon="139.11796976812184"><ele>526.199951171875</ele><time>2025-03-15T00:32:33.000Z</time></trkpt><trkpt lat="35.37937701679766" lon="139.11800279282033"><ele>527.4000244140625</ele><time>2025-03-15T00:32:38.000Z</time></trkpt><trkpt lat="35.379467038437724" lon="139.11802718415856"><ele>528.4000244140625</ele><time>2025-03-15T00:32:47.000Z</time></trkpt><trkpt lat="35.37954155355692" lon="139.11803078837693"><ele>530.0</ele><time>2025-03-15T00:32:55.000Z</time></trkpt><trkpt lat="35.37956175394356" lon="139.11803539842367"><ele>531.199951171875</ele><time>2025-03-15T00:33:03.000Z</time></trkpt><trkpt lat="35.379625875502825" lon="139.11805358715355"><ele>532.5999755859375</ele><time>2025-03-15T00:33:12.000Z</time></trkpt><trkpt lat="35.379698630422354" lon="139.1180946584791"><ele>533.800048828125</ele><time>2025-03-15T00:33:21.000Z</time></trkpt><trkpt lat="35.379761243239045" lon="139.1181126795709"><ele>535.0</ele><time>2025-03-15T00:33:28.000Z</time></trkpt><trkpt lat="35.37982301786542" lon="139.11814159713686"><ele>536.199951171875</ele><time>2025-03-15T00:33:36.000Z</time></trkpt><trkpt lat="35.37989937700331" lon="139.11818224936724"><ele>537.5999755859375</ele><time>2025-03-15T00:33:45.000Z</time></trkpt><trkpt lat="35.379984034225345" lon="139.11822323687375"><ele>539.5999755859375</ele><time>2025-03-15T00:33:55.000Z</time></trkpt><trkpt lat="35.3800555318594" lon="139.11826338618994"><ele>540.5999755859375</ele><time>2025-03-15T00:34:03.000Z</time></trkpt><trkpt lat="35.380099788308144" lon="139.1182746179402"><ele>540.800048828125</ele><time>2025-03-15T00:34:07.000Z</time></trkpt><trkpt lat="35.38016365841031" lon="139.11826439201832"><ele>542.5999755859375</ele><time>2025-03-15T00:34:16.000Z</time></trkpt><trkpt lat="35.3801850322634" lon="139.11826615221798"><ele>542.4000244140625</ele><time>2025-03-15T00:34:24.000Z</time></trkpt><trkpt lat="35.38020598702133" lon="139.11826849915087"><ele>542.800048828125</ele><time>2025-03-15T00:34:26.000Z</time></trkpt><trkpt lat="35.38031595759094" lon="139.11828618496656"><ele>543.800048828125</ele><time>2025-03-15T00:34:36.000Z</time></trkpt><trkpt lat="35.38038292899728" lon="139.11831409670413"><ele>544.5999755859375</ele><time>2025-03-15T00:34:44.000Z</time></trkpt><trkpt lat="35.38045425899327" lon="139.1182878613472"><ele>546.199951171875</ele><time>2025-03-15T00:34:53.000Z</time></trkpt><trkpt lat="35.38047387264669" lon="139.11828434094787"><ele>546.5999755859375</ele><time>2025-03-15T00:34:55.000Z</time></trkpt><trkpt lat="35.380542017519474" lon="139.1183002665639"><ele>547.800048828125</ele><time>2025-03-15T00:35:03.000Z</time></trkpt><trkpt lat="35.38062105886638" lon="139.11829113028944"><ele>549.4000244140625</ele><time>2025-03-15T00:35:12.000Z</time></trkpt><trkpt lat="35.38068836554885" lon="139.1182844247669"><ele>551.0</ele><time>2025-03-15T00:35:20.000Z</time></trkpt><trkpt lat="35.38073496893048" lon="139.11828199401498"><ele>552.5999755859375</ele><time>2025-03-15T00:35:30.000Z</time></trkpt><trkpt lat="35.38078702054918" lon="139.11825592629611"><ele>553.800048828125</ele><time>2025-03-15T00:35:41.000Z</time></trkpt><trkpt lat="35.38088056258857" lon="139.11825207062066"><ele>555.199951171875</ele><time>2025-03-15T00:35:52.000Z</time></trkpt><trkpt lat="35.380965722724795" lon="139.11824435926974"><ele>557.4000244140625</ele><time>2025-03-15T00:36:03.000Z</time></trkpt><trkpt lat="35.38104937411845" lon="139.11822876892984"><ele>558.800048828125</ele><time>2025-03-15T00:36:15.000Z</time></trkpt><trkpt lat="35.381083488464355" lon="139.11823404952884"><ele>560.800048828125</ele><time>2025-03-15T00:36:19.000Z</time></trkpt><trkpt lat="35.38111123256385" lon="139.11826112307608"><ele>562.199951171875</ele><time>2025-03-15T00:36:22.000Z</time></trkpt><trkpt lat="35.38119362667203" lon="139.11834754049778"><ele>562.4000244140625</ele><time>2025-03-15T00:36:31.000Z</time></trkpt><trkpt lat="35.38126981817186" lon="139.1184097342193"><ele>563.0</ele><time>2025-03-15T00:36:39.000Z</time></trkpt><trkpt lat="35.38135631941259" lon="139.1184900328517"><ele>564.199951171875</ele><time>2025-03-15T00:36:48.000Z</time></trkpt><trkpt lat="35.3814266435802" lon="139.11853621713817"><ele>565.0</ele><time>2025-03-15T00:36:57.000Z</time></trkpt><trkpt lat="35.381436198949814" lon="139.11855071783066"><ele>564.800048828125</ele><time>2025-03-15T00:37:01.000Z</time></trkpt><trkpt lat="35.38149269297719" lon="139.11866177804768"><ele>565.199951171875</ele><time>2025-03-15T00:37:09.000Z</time></trkpt><trkpt lat="35.38151607848704" lon="139.11876294761896"><ele>565.4000244140625</ele><time>2025-03-15T00:37:17.000Z</time></trkpt><trkpt lat="35.38156352005899" lon="139.11878172308207"><ele>566.199951171875</ele><time>2025-03-15T00:37:25.000Z</time></trkpt><trkpt lat="35.38158564828336" lon="139.11877132952213"><ele>567.199951171875</ele><time>2025-03-15T00:37:37.000Z</time></trkpt><trkpt lat="35.38164013065398" lon="139.11874366924167"><ele>569.5999755859375</ele><time>2025-03-15T00:37:51.000Z</time></trkpt><trkpt lat="35.38165932521224" lon="139.11868063732982"><ele>571.800048828125</ele><time>2025-03-15T00:38:02.000Z</time></trkpt><trkpt lat="35.381697630509734" lon="139.11866747774184"><ele>574.0</ele><time>2025-03-15T00:38:13.000Z</time></trkpt><trkpt lat="35.38178287446499" lon="139.11866119131446"><ele>576.800048828125</ele><time>2025-03-15T00:38:28.000Z</time></trkpt><trkpt lat="35.38186987861991" lon="139.11868357099593"><ele>578.5999755859375</ele><time>2025-03-15T00:38:41.000Z</time></trkpt><trkpt lat="35.38194313645363" lon="139.11874065175653"><ele>579.5999755859375</ele><time>2025-03-15T00:38:52.000Z</time></trkpt><trkpt lat="35.38194187916815" lon="139.1187804657966"><ele>579.5999755859375</ele><time>2025-03-15T00:39:02.000Z</time></trkpt><trkpt lat="35.38193819113076" lon="139.1188138257712"><ele>579.4000244140625</ele><time>2025-03-15T00:39:14.000Z</time></trkpt><trkpt lat="35.38192955777049" lon="139.1188523825258"><ele>579.5999755859375</ele><time>2025-03-15T00:39:24.000Z</time></trkpt><trkpt lat="35.38192863576114" lon="139.1188558191061"><ele>579.199951171875</ele><time>2025-03-15T00:39:40.000Z</time></trkpt><trkpt lat="35.38194229826331" lon="139.11872732453048"><ele>579.0</ele><time>2025-03-15T00:39:51.000Z</time></trkpt><trkpt lat="35.38193743675947" lon="139.1185910347849"><ele>579.199951171875</ele><time>2025-03-15T00:40:00.000Z</time></trkpt><trkpt lat="35.38196727633476" lon="139.11842666566372"><ele>578.199951171875</ele><time>2025-03-15T00:40:11.000Z</time></trkpt><trkpt lat="35.38199761882424" lon="139.11830378696322"><ele>576.5999755859375</ele><time>2025-03-15T00:40:19.000Z</time></trkpt><trkpt lat="35.38203718140721" lon="139.11821418441832"><ele>574.800048828125</ele><time>2025-03-15T00:40:27.000Z</time></trkpt><trkpt lat="35.38208747282624" lon="139.1180859412998"><ele>571.5999755859375</ele><time>2025-03-15T00:40:37.000Z</time></trkpt><trkpt lat="35.382111025974154" lon="139.11799432709813"><ele>568.800048828125</ele><time>2025-03-15T00:40:45.000Z</time></trkpt><trkpt lat="35.382119324058294" lon="139.11794889718294"><ele>567.4000244140625</ele><time>2025-03-15T00:40:49.000Z</time></trkpt><trkpt lat="35.38213382475078" lon="139.11781964823604"><ele>564.0</ele><time>2025-03-15T00:40:59.000Z</time></trkpt><trkpt lat="35.38213868625462" lon="139.11776893772185"><ele>562.4000244140625</ele><time>2025-03-15T00:41:03.000Z</time></trkpt><trkpt lat="35.382169196382165" lon="139.11771554499865"><ele>560.0</ele><time>2025-03-15T00:41:10.000Z</time></trkpt><trkpt lat="35.38219928741455" lon="139.11761253140867"><ele>556.800048828125</ele><time>2025-03-15T00:41:21.000Z</time></trkpt><trkpt lat="35.38220498710871" lon="139.11756223998964"><ele>555.4000244140625</ele><time>2025-03-15T00:41:25.000Z</time></trkpt><trkpt lat="35.382234156131744" lon="139.11751831881702"><ele>554.199951171875</ele><time>2025-03-15T00:41:29.000Z</time></trkpt><trkpt lat="35.38224555552006" lon="139.11742167547345"><ele>551.4000244140625</ele><time>2025-03-15T00:41:38.000Z</time></trkpt><trkpt lat="35.38223549723625" lon="139.11731782369316"><ele>549.199951171875</ele><time>2025-03-15T00:41:46.000Z</time></trkpt><trkpt lat="35.38230464793742" lon="139.11727599799633"><ele>547.4000244140625</ele><time>2025-03-15T00:41:54.000Z</time></trkpt><trkpt lat="35.3823400195688" lon="139.1172204259783"><ele>545.800048828125</ele><time>2025-03-15T00:42:01.000Z</time></trkpt><trkpt lat="35.38234722800553" lon="139.11712059751153"><ele>542.4000244140625</ele><time>2025-03-15T00:42:12.000Z</time></trkpt><trkpt lat="35.38232375867665" lon="139.11710953339934"><ele>540.199951171875</ele><time>2025-03-15T00:42:20.000Z</time></trkpt><trkpt lat="35.38219694048166" lon="139.11715152673423"><ele>538.199951171875</ele><time>2025-03-15T00:42:31.000Z</time></trkpt><trkpt lat="35.38211178034544" lon="139.1170845553279"><ele>538.5999755859375</ele><time>2025-03-15T00:42:40.000Z</time></trkpt><trkpt lat="35.382111528888345" lon="139.11697349511087"><ele>538.800048828125</ele><time>2025-03-15T00:42:49.000Z</time></trkpt><trkpt lat="35.38212988525629" lon="139.11701607517898"><ele>539.0</ele><time>2025-03-15T00:42:59.000Z</time></trkpt><trkpt lat="35.38213516585529" lon="139.117034599185"><ele>538.800048828125</ele><time>2025-03-15T00:43:09.000Z</time></trkpt><trkpt lat="35.382130136713386" lon="139.11705186590552"><ele>539.199951171875</ele><time>2025-03-15T00:43:19.000Z</time></trkpt><trkpt lat="35.38211085833609" lon="139.1170604992658"><ele>538.800048828125</ele><time>2025-03-15T00:43:29.000Z</time></trkpt><trkpt lat="35.38212259300053" lon="139.11701833829284"><ele>539.0</ele><time>2025-03-15T00:43:37.000Z</time></trkpt><trkpt lat="35.38216634653509" lon="139.11702864803374"><ele>539.4000244140625</ele><time>2025-03-15T00:43:46.000Z</time></trkpt><trkpt lat="35.3822208289057" lon="139.11702462472022"><ele>541.800048828125</ele><time>2025-03-15T00:43:59.000Z</time></trkpt><trkpt lat="35.38223675452173" lon="139.11701037548482"><ele>543.800048828125</ele><time>2025-03-15T00:44:08.000Z</time></trkpt><trkpt lat="35.38224237039685" lon="139.11700702272356"><ele>544.4000244140625</ele><time>2025-03-15T00:44:25.000Z</time></trkpt><trkpt lat="35.38224337622523" lon="139.11700065247715"><ele>544.199951171875</ele><time>2025-03-15T00:44:36.000Z</time></trkpt><trkpt lat="35.38224404677749" lon="139.11700224503875"><ele>544.199951171875</ele><time>2025-03-15T00:45:01.000Z</time></trkpt><trkpt lat="35.382246393710375" lon="139.11700098775327"><ele>544.199951171875</ele><time>2025-03-15T00:45:26.000Z</time></trkpt><trkpt lat="35.38224563933909" lon="139.11700509488583"><ele>544.0</ele><time>2025-03-15T00:45:52.000Z</time></trkpt><trkpt lat="35.382244884967804" lon="139.11700651980937"><ele>543.800048828125</ele><time>2025-03-15T00:46:16.000Z</time></trkpt><trkpt lat="35.38223893381655" lon="139.1170031670481"><ele>543.800048828125</ele><time>2025-03-15T00:46:43.000Z</time></trkpt><trkpt lat="35.382239017635584" lon="139.11700459197164"><ele>543.5999755859375</ele><time>2025-03-15T00:47:03.000Z</time></trkpt><trkpt lat="35.382239520549774" lon="139.1170102916658"><ele>543.199951171875</ele><time>2025-03-15T00:47:20.000Z</time></trkpt><trkpt lat="35.38224211893976" lon="139.11701012402773"><ele>543.4000244140625</ele><time>2025-03-15T00:47:45.000Z</time></trkpt><trkpt lat="35.38224337622523" lon="139.11701079457998"><ele>543.199951171875</ele><time>2025-03-15T00:48:10.000Z</time></trkpt><trkpt lat="35.38224379532039" lon="139.11701062694192"><ele>543.199951171875</ele><time>2025-03-15T00:48:27.000Z</time></trkpt><trkpt lat="35.38224848918617" lon="139.1170015744865"><ele>543.199951171875</ele><time>2025-03-15T00:48:35.000Z</time></trkpt><trkpt lat="35.382251255214214" lon="139.11700224503875"><ele>543.5999755859375</ele><time>2025-03-15T00:48:47.000Z</time></trkpt><trkpt lat="35.3822538536042" lon="139.1170026641339"><ele>543.4000244140625</ele><time>2025-03-15T00:49:00.000Z</time></trkpt><trkpt lat="35.3822538536042" lon="139.1169997304678"><ele>543.4000244140625</ele><time>2025-03-15T00:49:20.000Z</time></trkpt><trkpt lat="35.38227992132306" lon="139.1169962938875"><ele>544.199951171875</ele><time>2025-03-15T00:49:32.000Z</time></trkpt><trkpt lat="35.38229106925428" lon="139.11700467579067"><ele>543.800048828125</ele><time>2025-03-15T00:49:41.000Z</time></trkpt><trkpt lat="35.38228914141655" lon="139.1169621795416"><ele>543.5999755859375</ele><time>2025-03-15T00:49:48.000Z</time></trkpt><trkpt lat="35.38231445476413" lon="139.11688464693725"><ele>543.5999755859375</ele><time>2025-03-15T00:49:54.000Z</time></trkpt><trkpt lat="35.38232677616179" lon="139.1167526319623"><ele>544.5999755859375</ele><time>2025-03-15T00:50:03.000Z</time></trkpt><trkpt lat="35.382328955456614" lon="139.1167370416224"><ele>544.800048828125</ele><time>2025-03-15T00:50:04.000Z</time></trkpt><trkpt lat="35.38233993574977" lon="139.1165702417493"><ele>547.0</ele><time>2025-03-15T00:50:15.000Z</time></trkpt><trkpt lat="35.382336750626564" lon="139.11650754511356"><ele>548.0</ele><time>2025-03-15T00:50:20.000Z</time></trkpt><trkpt lat="35.38234295323491" lon="139.1164732631296"><ele>548.800048828125</ele><time>2025-03-15T00:50:23.000Z</time></trkpt><trkpt lat="35.3823418635875" lon="139.11644015461206"><ele>549.5999755859375</ele><time>2025-03-15T00:50:26.000Z</time></trkpt><trkpt lat="35.38235426880419" lon="139.11639573052526"><ele>550.4000244140625</ele><time>2025-03-15T00:50:30.000Z</time></trkpt><trkpt lat="35.382446721196175" lon="139.11633152514696"><ele>552.800048828125</ele><time>2025-03-15T00:50:41.000Z</time></trkpt><trkpt lat="35.382509250193834" lon="139.1162684932351"><ele>555.0</ele><time>2025-03-15T00:50:49.000Z</time></trkpt><trkpt lat="35.38259415887296" lon="139.11619305610657"><ele>557.199951171875</ele><time>2025-03-15T00:50:59.000Z</time></trkpt><trkpt lat="35.38260639645159" lon="139.11617428064346"><ele>557.800048828125</ele><time>2025-03-15T00:51:01.000Z</time></trkpt><trkpt lat="35.382626596838236" lon="139.11606959067285"><ele>559.4000244140625</ele><time>2025-03-15T00:51:10.000Z</time></trkpt><trkpt lat="35.38262424990535" lon="139.11606783047318"><ele>561.199951171875</ele><time>2025-03-15T00:51:22.000Z</time></trkpt><trkpt lat="35.38262617774308" lon="139.11606724373996"><ele>561.800048828125</ele><time>2025-03-15T00:51:38.000Z</time></trkpt><trkpt lat="35.38267068564892" lon="139.1160216461867"><ele>562.199951171875</ele><time>2025-03-15T00:51:47.000Z</time></trkpt><trkpt lat="35.382745787501335" lon="139.11596607416868"><ele>563.0</ele><time>2025-03-15T00:51:56.000Z</time></trkpt><trkpt lat="35.38277763873339" lon="139.1159201413393"><ele>564.0</ele><time>2025-03-15T00:52:01.000Z</time></trkpt><trkpt lat="35.38281778804958" lon="139.11588292568922"><ele>565.0</ele><time>2025-03-15T00:52:06.000Z</time></trkpt><trkpt lat="35.382840586826205" lon="139.11585886962712"><ele>565.800048828125</ele><time>2025-03-15T00:52:09.000Z</time></trkpt><trkpt lat="35.38289557211101" lon="139.11576298065484"><ele>567.800048828125</ele><time>2025-03-15T00:52:18.000Z</time></trkpt><trkpt lat="35.38292985409498" lon="139.11570548079908"><ele>569.0</ele><time>2025-03-15T00:52:24.000Z</time></trkpt><trkpt lat="35.38294695317745" lon="139.11569584161043"><ele>569.5999755859375</ele><time>2025-03-15T00:52:26.000Z</time></trkpt><trkpt lat="35.383021887391806" lon="139.1156143695116"><ele>571.4000244140625</ele><time>2025-03-15T00:52:36.000Z</time></trkpt><trkpt lat="35.38310461677611" lon="139.11555234342813"><ele>572.800048828125</ele><time>2025-03-15T00:52:45.000Z</time></trkpt><trkpt lat="35.38321123458445" lon="139.11547472700477"><ele>574.800048828125</ele><time>2025-03-15T00:52:58.000Z</time></trkpt><trkpt lat="35.38328214548528" lon="139.11539996042848"><ele>576.800048828125</ele><time>2025-03-15T00:53:09.000Z</time></trkpt><trkpt lat="35.38332983851433" lon="139.11536576226354"><ele>578.5999755859375</ele><time>2025-03-15T00:53:17.000Z</time></trkpt><trkpt lat="35.383387338370085" lon="139.11531471647322"><ele>580.5999755859375</ele><time>2025-03-15T00:53:27.000Z</time></trkpt><trkpt lat="35.38347342051566" lon="139.11526652052999"><ele>583.199951171875</ele><time>2025-03-15T00:53:39.000Z</time></trkpt><trkpt lat="35.383534440770745" lon="139.11521522328258"><ele>585.5999755859375</ele><time>2025-03-15T00:53:49.000Z</time></trkpt><trkpt lat="35.383598981425166" lon="139.11514531821012"><ele>587.5999755859375</ele><time>2025-03-15T00:54:00.000Z</time></trkpt><trkpt lat="35.383641477674246" lon="139.11508672870696"><ele>590.4000244140625</ele><time>2025-03-15T00:54:12.000Z</time></trkpt><trkpt lat="35.38368556648493" lon="139.1150897461921"><ele>591.800048828125</ele><time>2025-03-15T00:54:26.000Z</time></trkpt><trkpt lat="35.38372705690563" lon="139.11503987386823"><ele>592.5999755859375</ele><time>2025-03-15T00:54:35.000Z</time></trkpt><trkpt lat="35.38379838690162" lon="139.1150051727891"><ele>594.4000244140625</ele><time>2025-03-15T00:54:44.000Z</time></trkpt><trkpt lat="35.38389025256038" lon="139.11490467377007"><ele>596.199951171875</ele><time>2025-03-15T00:54:55.000Z</time></trkpt><trkpt lat="35.383970718830824" lon="139.11480316892266"><ele>597.5999755859375</ele><time>2025-03-15T00:55:04.000Z</time></trkpt><trkpt lat="35.38397734053433" lon="139.11479461938143"><ele>597.800048828125</ele><time>2025-03-15T00:55:05.000Z</time></trkpt><trkpt lat="35.38401757366955" lon="139.11473343148828"><ele>598.4000244140625</ele><time>2025-03-15T00:55:11.000Z</time></trkpt><trkpt lat="35.38408437743783" lon="139.11463268101215"><ele>599.800048828125</ele><time>2025-03-15T00:55:20.000Z</time></trkpt><trkpt lat="35.384097369387746" lon="139.1145730856806"><ele>600.800048828125</ele><time>2025-03-15T00:55:24.000Z</time></trkpt><trkpt lat="35.384135423228145" lon="139.1144465189427"><ele>602.199951171875</ele><time>2025-03-15T00:55:33.000Z</time></trkpt><trkpt lat="35.384169118478894" lon="139.11436202935874"><ele>603.5999755859375</ele><time>2025-03-15T00:55:42.000Z</time></trkpt><trkpt lat="35.38423013873398" lon="139.11430888809264"><ele>605.800048828125</ele><time>2025-03-15T00:55:52.000Z</time></trkpt><trkpt lat="35.384302558377385" lon="139.11424283869565"><ele>608.4000244140625</ele><time>2025-03-15T00:56:04.000Z</time></trkpt><trkpt lat="35.38434002548456" lon="139.11414762027562"><ele>610.800048828125</ele><time>2025-03-15T00:56:14.000Z</time></trkpt><trkpt lat="35.38436927832663" lon="139.1140817385167"><ele>612.5999755859375</ele><time>2025-03-15T00:56:21.000Z</time></trkpt><trkpt lat="35.38437866605818" lon="139.1139538306743"><ele>614.0</ele><time>2025-03-15T00:56:30.000Z</time></trkpt><trkpt lat="35.3843847848475" lon="139.11382977850735"><ele>615.199951171875</ele><time>2025-03-15T00:56:39.000Z</time></trkpt><trkpt lat="35.384361650794744" lon="139.11371268332005"><ele>616.800048828125</ele><time>2025-03-15T00:56:48.000Z</time></trkpt><trkpt lat="35.38433809764683" lon="139.11360187456012"><ele>618.0</ele><time>2025-03-15T00:56:57.000Z</time></trkpt><trkpt lat="35.38433684036136" lon="139.11359298974276"><ele>618.5999755859375</ele><time>2025-03-15T00:57:06.000Z</time></trkpt><trkpt lat="35.384314795956016" lon="139.11357454955578"><ele>619.4000244140625</ele><time>2025-03-15T00:57:13.000Z</time></trkpt><trkpt lat="35.38433197885752" lon="139.11357739940286"><ele>619.5999755859375</ele><time>2025-03-15T00:57:32.000Z</time></trkpt><trkpt lat="35.38435838185251" lon="139.11353557370603"><ele>619.5999755859375</ele><time>2025-03-15T00:57:40.000Z</time></trkpt><trkpt lat="35.38436139933765" lon="139.11353507079184"><ele>619.199951171875</ele><time>2025-03-15T00:57:52.000Z</time></trkpt><trkpt lat="35.38436533883214" lon="139.1134955920279"><ele>619.199951171875</ele><time>2025-03-15T00:57:55.000Z</time></trkpt><trkpt lat="35.384371457621455" lon="139.1133333183825"><ele>619.800048828125</ele><time>2025-03-15T00:58:06.000Z</time></trkpt><trkpt lat="35.384383192285895" lon="139.11316668614745"><ele>619.199951171875</ele><time>2025-03-15T00:58:16.000Z</time></trkpt><trkpt lat="35.38437707349658" lon="139.11299007944763"><ele>618.800048828125</ele><time>2025-03-15T00:58:26.000Z</time></trkpt><trkpt lat="35.384370032697916" lon="139.11285672336817"><ele>618.800048828125</ele><time>2025-03-15T00:58:34.000Z</time></trkpt><trkpt lat="35.38437548093498" lon="139.11272034980357"><ele>619.199951171875</ele><time>2025-03-15T00:58:43.000Z</time></trkpt><trkpt lat="35.384386125952005" lon="139.11258875392377"><ele>620.800048828125</ele><time>2025-03-15T00:58:52.000Z</time></trkpt><trkpt lat="35.38438696414232" lon="139.11246713250875"><ele>622.0</ele><time>2025-03-15T00:59:00.000Z</time></trkpt><trkpt lat="35.38439702242613" lon="139.1123044397682"><ele>622.800048828125</ele><time>2025-03-15T00:59:10.000Z</time></trkpt><trkpt lat="35.38439224474132" lon="139.11215155385435"><ele>621.800048828125</ele><time>2025-03-15T00:59:19.000Z</time></trkpt><trkpt lat="35.38439769297838" lon="139.11201308481395"><ele>620.4000244140625</ele><time>2025-03-15T00:59:27.000Z</time></trkpt><trkpt lat="35.38438201881945" lon="139.11186858080328"><ele>619.199951171875</ele><time>2025-03-15T00:59:36.000Z</time></trkpt><trkpt lat="35.38442728109658" lon="139.11173262633383"><ele>618.199951171875</ele><time>2025-03-15T00:59:45.000Z</time></trkpt><trkpt lat="35.384429628029466" lon="139.1117211431265"><ele>618.0</ele><time>2025-03-15T00:59:57.000Z</time></trkpt><trkpt lat="35.38442837074399" lon="139.11172416061163"><ele>618.199951171875</ele><time>2025-03-15T01:00:10.000Z</time></trkpt><trkpt lat="35.38443222641945" lon="139.1117267590016"><ele>617.0</ele><time>2025-03-15T01:00:24.000Z</time></trkpt><trkpt lat="35.384435998275876" lon="139.1116839274764"><ele>619.0</ele><time>2025-03-15T01:00:33.000Z</time></trkpt><trkpt lat="35.38444438017905" lon="139.11163019947708"><ele>619.199951171875</ele><time>2025-03-15T01:00:37.000Z</time></trkpt><trkpt lat="35.38450422696769" lon="139.11149265244603"><ele>619.800048828125</ele><time>2025-03-15T01:00:48.000Z</time></trkpt><trkpt lat="35.38454035297036" lon="139.11140279844403"><ele>620.4000244140625</ele><time>2025-03-15T01:00:56.000Z</time></trkpt><trkpt lat="35.38457203656435" lon="139.11133842542768"><ele>621.800048828125</ele><time>2025-03-15T01:01:05.000Z</time></trkpt><trkpt lat="35.384581089019775" lon="139.11132786422968"><ele>622.4000244140625</ele><time>2025-03-15T01:01:18.000Z</time></trkpt><trkpt lat="35.38460003212094" lon="139.11123071797192"><ele>623.5999755859375</ele><time>2025-03-15T01:01:29.000Z</time></trkpt><trkpt lat="35.384622160345316" lon="139.1111006308347"><ele>627.0</ele><time>2025-03-15T01:01:44.000Z</time></trkpt><trkpt lat="35.38463607430458" lon="139.11101907491684"><ele>630.0</ele><time>2025-03-15T01:01:55.000Z</time></trkpt><trkpt lat="35.384687623009086" lon="139.1109227668494"><ele>633.199951171875</ele><time>2025-03-15T01:02:06.000Z</time></trkpt><trkpt lat="35.38473774679005" lon="139.11082159727812"><ele>636.0</ele><time>2025-03-15T01:02:18.000Z</time></trkpt><trkpt lat="35.38479432463646" lon="139.1106814518571"><ele>638.800048828125</ele><time>2025-03-15T01:02:30.000Z</time></trkpt><trkpt lat="35.384843526408076" lon="139.11062663421035"><ele>640.199951171875</ele><time>2025-03-15T01:02:37.000Z</time></trkpt><trkpt lat="35.384911922737956" lon="139.1105551365763"><ele>641.5999755859375</ele><time>2025-03-15T01:02:45.000Z</time></trkpt><trkpt lat="35.38492642343044" lon="139.11047752015293"><ele>642.5999755859375</ele><time>2025-03-15T01:02:52.000Z</time></trkpt><trkpt lat="35.384930530563" lon="139.1104639414698"><ele>642.5999755859375</ele><time>2025-03-15T01:02:53.000Z</time></trkpt><trkpt lat="35.384991047903895" lon="139.11036059260368"><ele>643.800048828125</ele><time>2025-03-15T01:03:02.000Z</time></trkpt><trkpt lat="35.38507956080139" lon="139.11025539971888"><ele>644.5999755859375</ele><time>2025-03-15T01:03:12.000Z</time></trkpt><trkpt lat="35.38514309562743" lon="139.11016386933625"><ele>644.800048828125</ele><time>2025-03-15T01:03:20.000Z</time></trkpt><trkpt lat="35.38521895185113" lon="139.11008901894093"><ele>645.4000244140625</ele><time>2025-03-15T01:03:28.000Z</time></trkpt><trkpt lat="35.38524988107383" lon="139.11006236448884"><ele>645.800048828125</ele><time>2025-03-15T01:03:31.000Z</time></trkpt><trkpt lat="35.38527033291757" lon="139.1100247297436"><ele>646.199951171875</ele><time>2025-03-15T01:03:34.000Z</time></trkpt><trkpt lat="35.38534685969353" lon="139.10994526930153"><ele>648.0</ele><time>2025-03-15T01:03:43.000Z</time></trkpt><trkpt lat="35.38542648777366" lon="139.10987058654428"><ele>649.5999755859375</ele><time>2025-03-15T01:03:52.000Z</time></trkpt><trkpt lat="35.385458674281836" lon="139.1098333708942"><ele>650.199951171875</ele><time>2025-03-15T01:03:56.000Z</time></trkpt><trkpt lat="35.38549656048417" lon="139.1098003461957"><ele>651.0</ele><time>2025-03-15T01:04:00.000Z</time></trkpt><trkpt lat="35.38557367399335" lon="139.10971954464912"><ele>652.4000244140625</ele><time>2025-03-15T01:04:09.000Z</time></trkpt><trkpt lat="35.38562052883208" lon="139.10966254770756"><ele>652.800048828125</ele><time>2025-03-15T01:04:16.000Z</time></trkpt><trkpt lat="35.385637041181326" lon="139.10964343696833"><ele>652.800048828125</ele><time>2025-03-15T01:04:18.000Z</time></trkpt><trkpt lat="35.38569621741772" lon="139.1095397528261"><ele>655.4000244140625</ele><time>2025-03-15T01:04:28.000Z</time></trkpt><trkpt lat="35.385772325098515" lon="139.10945576615632"><ele>656.199951171875</ele><time>2025-03-15T01:04:37.000Z</time></trkpt><trkpt lat="35.3858404699713" lon="139.10934688523412"><ele>657.4000244140625</ele><time>2025-03-15T01:04:46.000Z</time></trkpt><trkpt lat="35.385914565995336" lon="139.1091835219413"><ele>657.5999755859375</ele><time>2025-03-15T01:04:57.000Z</time></trkpt><trkpt lat="35.385972233489156" lon="139.1090363357216"><ele>657.4000244140625</ele><time>2025-03-15T01:05:07.000Z</time></trkpt><trkpt lat="35.38602193817496" lon="139.10889082588255"><ele>657.800048828125</ele><time>2025-03-15T01:05:18.000Z</time></trkpt><trkpt lat="35.38603291846812" lon="139.10884279757738"><ele>658.0</ele><time>2025-03-15T01:05:24.000Z</time></trkpt><trkpt lat="35.386068876832724" lon="139.10877079702914"><ele>658.199951171875</ele><time>2025-03-15T01:05:29.000Z</time></trkpt><trkpt lat="35.38611656986177" lon="139.10867616534233"><ele>658.5999755859375</ele><time>2025-03-15T01:05:38.000Z</time></trkpt><trkpt lat="35.38612109608948" lon="139.10866409540176"><ele>659.5999755859375</ele><time>2025-03-15T01:05:51.000Z</time></trkpt><trkpt lat="35.386121263727546" lon="139.1086618322879"><ele>660.4000244140625</ele><time>2025-03-15T01:06:07.000Z</time></trkpt><trkpt lat="35.386122185736895" lon="139.10866174846888"><ele>659.5999755859375</ele><time>2025-03-15T01:06:24.000Z</time></trkpt><trkpt lat="35.386131992563605" lon="139.10862118005753"><ele>659.800048828125</ele><time>2025-03-15T01:06:34.000Z</time></trkpt><trkpt lat="35.386155964806676" lon="139.1084915958345"><ele>660.5999755859375</ele><time>2025-03-15T01:06:44.000Z</time></trkpt><trkpt lat="35.38620223291218" lon="139.10843233577907"><ele>661.800048828125</ele><time>2025-03-15T01:06:52.000Z</time></trkpt><trkpt lat="35.38625109940767" lon="139.10836745984852"><ele>664.0</ele><time>2025-03-15T01:07:01.000Z</time></trkpt><trkpt lat="35.38627473637462" lon="139.10828841850162"><ele>666.199951171875</ele><time>2025-03-15T01:07:12.000Z</time></trkpt><trkpt lat="35.38627825677395" lon="139.1082302480936"><ele>668.5999755859375</ele><time>2025-03-15T01:07:23.000Z</time></trkpt><trkpt lat="35.386322094127536" lon="139.10818196833134"><ele>671.199951171875</ele><time>2025-03-15T01:07:36.000Z</time></trkpt><trkpt lat="35.3862979542464" lon="139.10810636356473"><ele>672.5999755859375</ele><time>2025-03-15T01:07:46.000Z</time></trkpt><trkpt lat="35.386267276480794" lon="139.10804333165288"><ele>674.0</ele><time>2025-03-15T01:07:55.000Z</time></trkpt><trkpt lat="35.3862548712641" lon="139.10797233693302"><ele>675.199951171875</ele><time>2025-03-15T01:08:04.000Z</time></trkpt><trkpt lat="35.38630465976894" lon="139.10798348486423"><ele>676.4000244140625</ele><time>2025-03-15T01:08:12.000Z</time></trkpt><trkpt lat="35.38636819459498" lon="139.10799538716674"><ele>678.800048828125</ele><time>2025-03-15T01:08:24.000Z</time></trkpt><trkpt lat="35.38638772442937" lon="139.10799589008093"><ele>679.5999755859375</ele><time>2025-03-15T01:08:37.000Z</time></trkpt><trkpt lat="35.38639937527478" lon="139.10800142213702"><ele>681.199951171875</ele><time>2025-03-15T01:08:49.000Z</time></trkpt><trkpt lat="35.38641672581434" lon="139.10794249735773"><ele>681.4000244140625</ele><time>2025-03-15T01:08:58.000Z</time></trkpt><trkpt lat="35.386413959786296" lon="139.10792489536107"><ele>683.199951171875</ele><time>2025-03-15T01:09:08.000Z</time></trkpt><trkpt lat="35.38641597144306" lon="139.10787577740848"><ele>683.4000244140625</ele><time>2025-03-15T01:09:22.000Z</time></trkpt><trkpt lat="35.38641362451017" lon="139.10781827755272"><ele>684.199951171875</ele><time>2025-03-15T01:09:32.000Z</time></trkpt><trkpt lat="35.386375822126865" lon="139.10769833251834"><ele>686.4000244140625</ele><time>2025-03-15T01:09:45.000Z</time></trkpt><trkpt lat="35.38639359176159" lon="139.10762599669397"><ele>687.800048828125</ele><time>2025-03-15T01:09:54.000Z</time></trkpt><trkpt lat="35.386423682793975" lon="139.1075213905424"><ele>689.5999755859375</ele><time>2025-03-15T01:10:05.000Z</time></trkpt><trkpt lat="35.386477494612336" lon="139.10743363201618"><ele>692.0</ele><time>2025-03-15T01:10:18.000Z</time></trkpt><trkpt lat="35.38653239607811" lon="139.10735903307796"><ele>694.199951171875</ele><time>2025-03-15T01:10:29.000Z</time></trkpt><trkpt lat="35.3865778259933" lon="139.1073356475681"><ele>696.199951171875</ele><time>2025-03-15T01:10:40.000Z</time></trkpt><trkpt lat="35.386605486273766" lon="139.10735635086894"><ele>697.5999755859375</ele><time>2025-03-15T01:10:52.000Z</time></trkpt><trkpt lat="35.386616634204984" lon="139.10743388347328"><ele>699.199951171875</ele><time>2025-03-15T01:11:01.000Z</time></trkpt><trkpt lat="35.38667078129947" lon="139.1074770502746"><ele>701.199951171875</ele><time>2025-03-15T01:11:11.000Z</time></trkpt><trkpt lat="35.38668695837259" lon="139.1075946483761"><ele>704.0</ele><time>2025-03-15T01:11:24.000Z</time></trkpt><trkpt lat="35.38673699833453" lon="139.10766187123954"><ele>705.800048828125</ele><time>2025-03-15T01:11:35.000Z</time></trkpt><trkpt lat="35.38677924312651" lon="139.1076371446252"><ele>707.800048828125</ele><time>2025-03-15T01:11:46.000Z</time></trkpt><trkpt lat="35.38680598139763" lon="139.10757419653237"><ele>710.0</ele><time>2025-03-15T01:11:57.000Z</time></trkpt><trkpt lat="35.386851746588945" lon="139.10752164199948"><ele>712.0</ele><time>2025-03-15T01:12:08.000Z</time></trkpt><trkpt lat="35.38691402412951" lon="139.10747269168496"><ele>714.5999755859375</ele><time>2025-03-15T01:12:20.000Z</time></trkpt><trkpt lat="35.386951826512814" lon="139.10739968530834"><ele>717.0</ele><time>2025-03-15T01:12:32.000Z</time></trkpt><trkpt lat="35.38699918426573" lon="139.1072882898152"><ele>719.5999755859375</ele><time>2025-03-15T01:12:45.000Z</time></trkpt><trkpt lat="35.38703665137291" lon="139.10717907361686"><ele>721.800048828125</ele><time>2025-03-15T01:12:57.000Z</time></trkpt><trkpt lat="35.387059450149536" lon="139.10709533840418"><ele>723.5999755859375</ele><time>2025-03-15T01:13:07.000Z</time></trkpt><trkpt lat="35.38706338964403" lon="139.10703842528164"><ele>724.5999755859375</ele><time>2025-03-15T01:13:12.000Z</time></trkpt><trkpt lat="35.387088283896446" lon="139.1069421172142"><ele>725.800048828125</ele><time>2025-03-15T01:13:21.000Z</time></trkpt><trkpt lat="35.387130696326494" lon="139.10681714303792"><ele>727.800048828125</ele><time>2025-03-15T01:13:32.000Z</time></trkpt><trkpt lat="35.387131283059716" lon="139.10677657462656"><ele>728.0</ele><time>2025-03-15T01:13:35.000Z</time></trkpt><trkpt lat="35.387142430990934" lon="139.1067095194012"><ele>728.800048828125</ele><time>2025-03-15T01:13:40.000Z</time></trkpt><trkpt lat="35.38715802133083" lon="139.10667716525495"><ele>729.199951171875</ele><time>2025-03-15T01:13:43.000Z</time></trkpt><trkpt lat="35.38719842210412" lon="139.1065992973745"><ele>730.0</ele><time>2025-03-15T01:13:50.000Z</time></trkpt><trkpt lat="35.38725709542632" lon="139.10641824826598"><ele>732.0</ele><time>2025-03-15T01:14:03.000Z</time></trkpt><trkpt lat="35.38726732134819" lon="139.10630065016448"><ele>733.199951171875</ele><time>2025-03-15T01:14:12.000Z</time></trkpt><trkpt lat="35.38727017119527" lon="139.10621096380055"><ele>734.800048828125</ele><time>2025-03-15T01:14:20.000Z</time></trkpt><trkpt lat="35.387298837304115" lon="139.10609303042293"><ele>737.4000244140625</ele><time>2025-03-15T01:14:31.000Z</time></trkpt><trkpt lat="35.38731719367206" lon="139.10605028271675"><ele>738.4000244140625</ele><time>2025-03-15T01:14:35.000Z</time></trkpt><trkpt lat="35.387339321896434" lon="139.1059764381498"><ele>739.800048828125</ele><time>2025-03-15T01:14:41.000Z</time></trkpt><trkpt lat="35.38736589252949" lon="139.10583143122494"><ele>741.5999755859375</ele><time>2025-03-15T01:14:51.000Z</time></trkpt><trkpt lat="35.38739246316254" lon="139.10569773986936"><ele>742.800048828125</ele><time>2025-03-15T01:15:01.000Z</time></trkpt><trkpt lat="35.387413166463375" lon="139.10561392083764"><ele>744.199951171875</ele><time>2025-03-15T01:15:10.000Z</time></trkpt><trkpt lat="35.38743454031646" lon="139.10548576153815"><ele>746.800048828125</ele><time>2025-03-15T01:15:23.000Z</time></trkpt><trkpt lat="35.387446945533156" lon="139.10539255477488"><ele>748.4000244140625</ele><time>2025-03-15T01:15:30.000Z</time></trkpt><trkpt lat="35.38747359998524" lon="139.10528442822397"><ele>749.0</ele><time>2025-03-15T01:15:37.000Z</time></trkpt><trkpt lat="35.387491285800934" lon="139.10516012459993"><ele>748.800048828125</ele><time>2025-03-15T01:15:45.000Z</time></trkpt><trkpt lat="35.38749606348574" lon="139.1051317937672"><ele>748.199951171875</ele><time>2025-03-15T01:15:47.000Z</time></trkpt><trkpt lat="35.38750385865569" lon="139.10510606132448"><ele>747.4000244140625</ele><time>2025-03-15T01:15:49.000Z</time></trkpt><trkpt lat="35.38753738626838" lon="139.1050397604704"><ele>748.5999755859375</ele><time>2025-03-15T01:15:54.000Z</time></trkpt><trkpt lat="35.387582648545504" lon="139.10494554787874"><ele>750.5999755859375</ele><time>2025-03-15T01:16:02.000Z</time></trkpt><trkpt lat="35.387641321867704" lon="139.10484144464135"><ele>750.0</ele><time>2025-03-15T01:16:10.000Z</time></trkpt><trkpt lat="35.38770603016019" lon="139.10469987429678"><ele>749.0</ele><time>2025-03-15T01:16:20.000Z</time></trkpt><trkpt lat="35.38774668239057" lon="139.1045326553285"><ele>748.4000244140625</ele><time>2025-03-15T01:16:30.000Z</time></trkpt><trkpt lat="35.3878175932914" lon="139.10435227677226"><ele>747.800048828125</ele><time>2025-03-15T01:16:42.000Z</time></trkpt><trkpt lat="35.38786645978689" lon="139.104216825217"><ele>747.5999755859375</ele><time>2025-03-15T01:16:51.000Z</time></trkpt><trkpt lat="35.387902334332466" lon="139.10406134091318"><ele>747.800048828125</ele><time>2025-03-15T01:17:01.000Z</time></trkpt><trkpt lat="35.38793913088739" lon="139.10396587103605"><ele>748.4000244140625</ele><time>2025-03-15T01:17:09.000Z</time></trkpt><trkpt lat="35.38797182030976" lon="139.10387123934925"><ele>749.800048828125</ele><time>2025-03-15T01:17:18.000Z</time></trkpt><trkpt lat="35.38800467737019" lon="139.10376705229282"><ele>752.199951171875</ele><time>2025-03-15T01:17:29.000Z</time></trkpt><trkpt lat="35.38805505260825" lon="139.10364878363907"><ele>754.5999755859375</ele><time>2025-03-15T01:17:40.000Z</time></trkpt><trkpt lat="35.388089921325445" lon="139.10355247557163"><ele>756.199951171875</ele><time>2025-03-15T01:17:48.000Z</time></trkpt><trkpt lat="35.38813074119389" lon="139.10346999764442"><ele>757.0</ele><time>2025-03-15T01:17:56.000Z</time></trkpt><trkpt lat="35.3881614189595" lon="139.1034091450274"><ele>758.0</ele><time>2025-03-15T01:18:05.000Z</time></trkpt><trkpt lat="35.38816167041659" lon="139.10340746864676"><ele>758.5999755859375</ele><time>2025-03-15T01:18:19.000Z</time></trkpt><trkpt lat="35.38818874396384" lon="139.1033715941012"><ele>758.800048828125</ele><time>2025-03-15T01:18:29.000Z</time></trkpt><trkpt lat="35.3882787656039" lon="139.10328006371856"><ele>757.800048828125</ele><time>2025-03-15T01:18:41.000Z</time></trkpt><trkpt lat="35.38842989131808" lon="139.10323346033692"><ele>757.5999755859375</ele><time>2025-03-15T01:18:53.000Z</time></trkpt><trkpt lat="35.38849233649671" lon="139.10319498740137"><ele>758.199951171875</ele><time>2025-03-15T01:19:00.000Z</time></trkpt><trkpt lat="35.38856458850205" lon="139.1031033731997"><ele>760.0</ele><time>2025-03-15T01:19:10.000Z</time></trkpt><trkpt lat="35.38863021880388" lon="139.10302097909153"><ele>762.4000244140625</ele><time>2025-03-15T01:19:20.000Z</time></trkpt><trkpt lat="35.38867472670972" lon="139.1029770579189"><ele>765.5999755859375</ele><time>2025-03-15T01:19:31.000Z</time></trkpt><trkpt lat="35.388735830783844" lon="139.10290849395096"><ele>768.0</ele><time>2025-03-15T01:19:44.000Z</time></trkpt><trkpt lat="35.38878737948835" lon="139.10288276150823"><ele>770.5999755859375</ele><time>2025-03-15T01:19:55.000Z</time></trkpt><trkpt lat="35.38880959153175" lon="139.10284479148686"><ele>773.199951171875</ele><time>2025-03-15T01:20:08.000Z</time></trkpt><trkpt lat="35.38883222267032" lon="139.1028324700892"><ele>774.199951171875</ele><time>2025-03-15T01:20:16.000Z</time></trkpt><trkpt lat="35.38889215327799" lon="139.10279106348753"><ele>777.199951171875</ele><time>2025-03-15T01:20:31.000Z</time></trkpt><trkpt lat="35.388942528516054" lon="139.10276968963444"><ele>780.4000244140625</ele><time>2025-03-15T01:20:44.000Z</time></trkpt><trkpt lat="35.38899005390704" lon="139.10273666493595"><ele>783.199951171875</ele><time>2025-03-15T01:20:57.000Z</time></trkpt><trkpt lat="35.38905627094209" lon="139.10268989391625"><ele>786.0</ele><time>2025-03-15T01:21:10.000Z</time></trkpt><trkpt lat="35.38907194510102" lon="139.10266558639705"><ele>788.199951171875</ele><time>2025-03-15T01:21:20.000Z</time></trkpt><trkpt lat="35.3891041316092" lon="139.1026215814054"><ele>790.199951171875</ele><time>2025-03-15T01:21:32.000Z</time></trkpt><trkpt lat="35.389142939820886" lon="139.10260666161776"><ele>791.800048828125</ele><time>2025-03-15T01:21:43.000Z</time></trkpt><trkpt lat="35.389183424413204" lon="139.10259123891592"><ele>794.4000244140625</ele><time>2025-03-15T01:21:54.000Z</time></trkpt><trkpt lat="35.389231368899345" lon="139.1025663446635"><ele>796.800048828125</ele><time>2025-03-15T01:22:05.000Z</time></trkpt><trkpt lat="35.389269925653934" lon="139.10256408154964"><ele>799.0</ele><time>2025-03-15T01:22:15.000Z</time></trkpt><trkpt lat="35.38930353708565" lon="139.10251605324447"><ele>801.5999755859375</ele><time>2025-03-15T01:22:26.000Z</time></trkpt><trkpt lat="35.389351984485984" lon="139.10249769687653"><ele>804.4000244140625</ele><time>2025-03-15T01:22:37.000Z</time></trkpt><trkpt lat="35.38941627368331" lon="139.1024682763964"><ele>807.4000244140625</ele><time>2025-03-15T01:22:49.000Z</time></trkpt><trkpt lat="35.389467822387815" lon="139.10244916565716"><ele>809.4000244140625</ele><time>2025-03-15T01:22:57.000Z</time></trkpt><trkpt lat="35.3894823230803" lon="139.1024806816131"><ele>811.0</ele><time>2025-03-15T01:23:09.000Z</time></trkpt><trkpt lat="35.38948626257479" lon="139.10247632302344"><ele>811.4000244140625</ele><time>2025-03-15T01:23:13.000Z</time></trkpt><trkpt lat="35.389527920633554" lon="139.1023591440171"><ele>811.5999755859375</ele><time>2025-03-15T01:23:23.000Z</time></trkpt><trkpt lat="35.389584666118026" lon="139.10225537605584"><ele>811.5999755859375</ele><time>2025-03-15T01:23:33.000Z</time></trkpt><trkpt lat="35.389583660289645" lon="139.10226149484515"><ele>811.4000244140625</ele><time>2025-03-15T01:23:42.000Z</time></trkpt><trkpt lat="35.38958349265158" lon="139.1022613272071"><ele>808.800048828125</ele><time>2025-03-15T01:23:53.000Z</time></trkpt><trkpt lat="35.38958324119449" lon="139.1022605728358"><ele>810.199951171875</ele><time>2025-03-15T01:23:58.000Z</time></trkpt><trkpt lat="35.38958198390901" lon="139.10225772298872"><ele>811.4000244140625</ele><time>2025-03-15T01:24:24.000Z</time></trkpt><trkpt lat="35.38958097808063" lon="139.1022603213787"><ele>811.5999755859375</ele><time>2025-03-15T01:24:38.000Z</time></trkpt><trkpt lat="35.38958047516644" lon="139.1022603213787"><ele>811.0</ele><time>2025-03-15T01:25:08.000Z</time></trkpt><trkpt lat="35.38957938551903" lon="139.1022600699216"><ele>811.199951171875</ele><time>2025-03-15T01:25:42.000Z</time></trkpt><trkpt lat="35.389575362205505" lon="139.1022624168545"><ele>810.800048828125</ele><time>2025-03-15T01:26:18.000Z</time></trkpt><trkpt lat="35.38957502692938" lon="139.10226174630225"><ele>811.0</ele><time>2025-03-15T01:26:38.000Z</time></trkpt><trkpt lat="35.38957603275776" lon="139.1022629197687"><ele>811.199951171875</ele><time>2025-03-15T01:27:03.000Z</time></trkpt><trkpt lat="35.38958039134741" lon="139.1022621653974"><ele>811.5999755859375</ele><time>2025-03-15T01:27:46.000Z</time></trkpt><trkpt lat="35.389581648632884" lon="139.1022624168545"><ele>811.800048828125</ele><time>2025-03-15T01:28:12.000Z</time></trkpt><trkpt lat="35.38958198390901" lon="139.10226342268288"><ele>812.199951171875</ele><time>2025-03-15T01:28:37.000Z</time></trkpt><trkpt lat="35.389585169032216" lon="139.1022676974535"><ele>812.5999755859375</ele><time>2025-03-15T01:29:08.000Z</time></trkpt><trkpt lat="35.38958692923188" lon="139.10226937383413"><ele>812.800048828125</ele><time>2025-03-15T01:29:38.000Z</time></trkpt><trkpt lat="35.389589527621865" lon="139.10227029584348"><ele>813.0</ele><time>2025-03-15T01:29:57.000Z</time></trkpt><trkpt lat="35.38959112018347" lon="139.10227306187153"><ele>813.199951171875</ele><time>2025-03-15T01:30:20.000Z</time></trkpt><trkpt lat="35.38959329947829" lon="139.10227515734732"><ele>813.5999755859375</ele><time>2025-03-15T01:30:36.000Z</time></trkpt><trkpt lat="35.38960059173405" lon="139.10228261724114"><ele>814.0</ele><time>2025-03-15T01:30:53.000Z</time></trkpt><trkpt lat="35.38960327394307" lon="139.1022843774408"><ele>814.199951171875</ele><time>2025-03-15T01:31:05.000Z</time></trkpt><trkpt lat="35.38959405384958" lon="139.10230273380876"><ele>814.800048828125</ele><time>2025-03-15T01:31:12.000Z</time></trkpt><trkpt lat="35.38959715515375" lon="139.10231522284448"><ele>815.199951171875</ele><time>2025-03-15T01:31:25.000Z</time></trkpt><trkpt lat="35.38961794227362" lon="139.10230298526585"><ele>815.0</ele><time>2025-03-15T01:31:33.000Z</time></trkpt><trkpt lat="35.38963923230767" lon="139.10229586064816"><ele>815.4000244140625</ele><time>2025-03-15T01:31:35.000Z</time></trkpt><trkpt lat="35.38967435248196" lon="139.10225453786552"><ele>815.5999755859375</ele><time>2025-03-15T01:31:43.000Z</time></trkpt><trkpt lat="35.389673095196486" lon="139.10227197222412"><ele>815.199951171875</ele><time>2025-03-15T01:31:53.000Z</time></trkpt><trkpt lat="35.38967443630099" lon="139.10241605713964"><ele>815.800048828125</ele><time>2025-03-15T01:32:03.000Z</time></trkpt><trkpt lat="35.389679884538054" lon="139.10244363360107"><ele>815.800048828125</ele><time>2025-03-15T01:32:12.000Z</time></trkpt><trkpt lat="35.38968399167061" lon="139.10245444625616"><ele>816.0</ele><time>2025-03-15T01:32:21.000Z</time></trkpt><trkpt lat="35.38962967693806" lon="139.10253047011793"><ele>816.199951171875</ele><time>2025-03-15T01:32:30.000Z</time></trkpt><trkpt lat="35.389589024707675" lon="139.10254312679172"><ele>816.0</ele><time>2025-03-15T01:32:34.000Z</time></trkpt><trkpt lat="35.38955306634307" lon="139.10253558307886"><ele>815.800048828125</ele><time>2025-03-15T01:32:37.000Z</time></trkpt><trkpt lat="35.38948751986027" lon="139.10248688422143"><ele>815.199951171875</ele><time>2025-03-15T01:32:44.000Z</time></trkpt><trkpt lat="35.38944837637246" lon="139.10242351703346"><ele>814.5999755859375</ele><time>2025-03-15T01:32:52.000Z</time></trkpt><trkpt lat="35.38944619707763" lon="139.10242552869022"><ele>813.800048828125</ele><time>2025-03-15T01:33:11.000Z</time></trkpt><trkpt lat="35.38942909799516" lon="139.1024397779256"><ele>813.800048828125</ele><time>2025-03-15T01:33:19.000Z</time></trkpt><trkpt lat="35.38943932391703" lon="139.1024299710989"><ele>813.5999755859375</ele><time>2025-03-15T01:33:29.000Z</time></trkpt><trkpt lat="35.38945927284658" lon="139.1024225950241"><ele>813.800048828125</ele><time>2025-03-15T01:33:31.000Z</time></trkpt><trkpt lat="35.389513252303004" lon="139.1023921687156"><ele>814.0</ele><time>2025-03-15T01:33:36.000Z</time></trkpt><trkpt lat="35.38966697640717" lon="139.10230516456068"><ele>814.5999755859375</ele><time>2025-03-15T01:33:50.000Z</time></trkpt><trkpt lat="35.38974517956376" lon="139.10221489146352"><ele>815.4000244140625</ele><time>2025-03-15T01:33:59.000Z</time></trkpt><trkpt lat="35.389787424355745" lon="139.10209762863815"><ele>815.4000244140625</ele><time>2025-03-15T01:34:08.000Z</time></trkpt><trkpt lat="35.38981709629297" lon="139.10203157924116"><ele>814.199951171875</ele><time>2025-03-15T01:34:14.000Z</time></trkpt><trkpt lat="35.389846097677946" lon="139.10185874439776"><ele>811.4000244140625</ele><time>2025-03-15T01:34:24.000Z</time></trkpt><trkpt lat="35.38986671715975" lon="139.1018168348819"><ele>810.4000244140625</ele><time>2025-03-15T01:34:27.000Z</time></trkpt><trkpt lat="35.38987459614873" lon="139.10174349322915"><ele>808.5999755859375</ele><time>2025-03-15T01:34:32.000Z</time></trkpt><trkpt lat="35.389881720766425" lon="139.10167207941413"><ele>807.0</ele><time>2025-03-15T01:34:37.000Z</time></trkpt><trkpt lat="35.38987937383354" lon="139.10160955041647"><ele>805.199951171875</ele><time>2025-03-15T01:34:42.000Z</time></trkpt><trkpt lat="35.38988255895674" lon="139.10158071666956"><ele>804.800048828125</ele><time>2025-03-15T01:34:44.000Z</time></trkpt><trkpt lat="35.38990602828562" lon="139.10143847577274"><ele>801.800048828125</ele><time>2025-03-15T01:34:53.000Z</time></trkpt><trkpt lat="35.389926228672266" lon="139.10133705474436"><ele>800.199951171875</ele><time>2025-03-15T01:34:59.000Z</time></trkpt><trkpt lat="35.3899035975337" lon="139.1012745257467"><ele>799.0</ele><time>2025-03-15T01:35:03.000Z</time></trkpt><trkpt lat="35.38993528112769" lon="139.1011473722756"><ele>796.4000244140625</ele><time>2025-03-15T01:35:12.000Z</time></trkpt><trkpt lat="35.38994156755507" lon="139.10104787908494"><ele>794.0</ele><time>2025-03-15T01:35:19.000Z</time></trkpt><trkpt lat="35.38993125781417" lon="139.1009653173387"><ele>791.800048828125</ele><time>2025-03-15T01:35:25.000Z</time></trkpt><trkpt lat="35.38991658948362" lon="139.10086523741484"><ele>789.4000244140625</ele><time>2025-03-15T01:35:32.000Z</time></trkpt><trkpt lat="35.38991164416075" lon="139.10081402398646"><ele>788.199951171875</ele><time>2025-03-15T01:35:35.000Z</time></trkpt><trkpt lat="35.38990477100015" lon="139.1006249282509"><ele>786.199951171875</ele><time>2025-03-15T01:35:45.000Z</time></trkpt><trkpt lat="35.38987702690065" lon="139.10052359104156"><ele>784.800048828125</ele><time>2025-03-15T01:35:53.000Z</time></trkpt><trkpt lat="35.38986084982753" lon="139.10044136457145"><ele>784.800048828125</ele><time>2025-03-15T01:35:59.000Z</time></trkpt><trkpt lat="35.389822125434875" lon="139.100313289091"><ele>786.0</ele><time>2025-03-15T01:36:09.000Z</time></trkpt><trkpt lat="35.389790274202824" lon="139.10024095326662"><ele>787.4000244140625</ele><time>2025-03-15T01:36:16.000Z</time></trkpt><trkpt lat="35.38976387120783" lon="139.10012737847865"><ele>789.199951171875</ele><time>2025-03-15T01:36:25.000Z</time></trkpt><trkpt lat="35.389727745205164" lon="139.10000047646463"><ele>791.800048828125</ele><time>2025-03-15T01:36:37.000Z</time></trkpt><trkpt lat="35.389701342210174" lon="139.09987784922123"><ele>794.0</ele><time>2025-03-15T01:36:50.000Z</time></trkpt><trkpt lat="35.38966613821685" lon="139.0997260529548"><ele>796.0</ele><time>2025-03-15T01:37:02.000Z</time></trkpt><trkpt lat="35.38964996114373" lon="139.0997091215104"><ele>796.4000244140625</ele><time>2025-03-15T01:37:04.000Z</time></trkpt><trkpt lat="35.38957997225225" lon="139.09967307932675"><ele>797.0</ele><time>2025-03-15T01:37:12.000Z</time></trkpt><trkpt lat="35.389584079384804" lon="139.0996734984219"><ele>796.800048828125</ele><time>2025-03-15T01:37:22.000Z</time></trkpt><trkpt lat="35.38955717347562" lon="139.09962086007"><ele>797.0</ele><time>2025-03-15T01:37:29.000Z</time></trkpt><trkpt lat="35.38959204219282" lon="139.0995616838336"><ele>797.0</ele><time>2025-03-15T01:37:35.000Z</time></trkpt><trkpt lat="35.389697570353746" lon="139.09939907491207"><ele>797.4000244140625</ele><time>2025-03-15T01:37:48.000Z</time></trkpt><trkpt lat="35.389790777117014" lon="139.09929455257952"><ele>797.800048828125</ele><time>2025-03-15T01:37:57.000Z</time></trkpt><trkpt lat="35.38982807658613" lon="139.09920159727335"><ele>798.0</ele><time>2025-03-15T01:38:03.000Z</time></trkpt><trkpt lat="35.38995824754238" lon="139.0992009267211"><ele>798.0</ele><time>2025-03-15T01:38:12.000Z</time></trkpt><trkpt lat="35.39004273712635" lon="139.0992506314069"><ele>797.5999755859375</ele><time>2025-03-15T01:38:18.000Z</time></trkpt><trkpt lat="35.39016553200781" lon="139.09930595196784"><ele>796.800048828125</ele><time>2025-03-15T01:38:27.000Z</time></trkpt><trkpt lat="35.390184139832854" lon="139.09932606853545"><ele>796.5999755859375</ele><time>2025-03-15T01:38:29.000Z</time></trkpt><trkpt lat="35.39029813371599" lon="139.09936387091875"><ele>795.5999755859375</ele><time>2025-03-15T01:38:38.000Z</time></trkpt><trkpt lat="35.390403075143695" lon="139.0993705764413"><ele>794.199951171875</ele><time>2025-03-15T01:38:46.000Z</time></trkpt><trkpt lat="35.39049661718309" lon="139.09938951954246"><ele>791.800048828125</ele><time>2025-03-15T01:38:55.000Z</time></trkpt><trkpt lat="35.39062016643584" lon="139.09941064193845"><ele>788.5999755859375</ele><time>2025-03-15T01:39:06.000Z</time></trkpt><trkpt lat="35.390710858628154" lon="139.09940452314913"><ele>785.4000244140625</ele><time>2025-03-15T01:39:17.000Z</time></trkpt><trkpt lat="35.39078394882381" lon="139.09941508434713"><ele>782.4000244140625</ele><time>2025-03-15T01:39:28.000Z</time></trkpt><trkpt lat="35.390807166695595" lon="139.09941575489938"><ele>779.199951171875</ele><time>2025-03-15T01:39:39.000Z</time></trkpt><trkpt lat="35.39080984890461" lon="139.09940955229104"><ele>778.0</ele><time>2025-03-15T01:39:56.000Z</time></trkpt><trkpt lat="35.39081286638975" lon="139.09941407851875"><ele>778.4000244140625</ele><time>2025-03-15T01:40:04.000Z</time></trkpt><trkpt lat="35.39081429131329" lon="139.09941533580422"><ele>777.4000244140625</ele><time>2025-03-15T01:40:22.000Z</time></trkpt><trkpt lat="35.39081756025553" lon="139.09941734746099"><ele>777.199951171875</ele><time>2025-03-15T01:40:42.000Z</time></trkpt><trkpt lat="35.39081437513232" lon="139.09941256977618"><ele>777.199951171875</ele><time>2025-03-15T01:40:52.000Z</time></trkpt><trkpt lat="35.39083248004317" lon="139.0994046907872"><ele>777.5999755859375</ele><time>2025-03-15T01:40:55.000Z</time></trkpt><trkpt lat="35.39089827798307" lon="139.099385663867"><ele>777.5999755859375</ele><time>2025-03-15T01:41:07.000Z</time></trkpt><trkpt lat="35.39095007814467" lon="139.099383065477"><ele>779.199951171875</ele><time>2025-03-15T01:41:16.000Z</time></trkpt><trkpt lat="35.3910484816879" lon="139.0993952192366"><ele>779.4000244140625</ele><time>2025-03-15T01:41:26.000Z</time></trkpt><trkpt lat="35.39114227518439" lon="139.09939404577017"><ele>778.0</ele><time>2025-03-15T01:41:34.000Z</time></trkpt><trkpt lat="35.39119918830693" lon="139.09939957782626"><ele>776.4000244140625</ele><time>2025-03-15T01:41:40.000Z</time></trkpt><trkpt lat="35.39125786162913" lon="139.09940083511174"><ele>774.5999755859375</ele><time>2025-03-15T01:41:49.000Z</time></trkpt><trkpt lat="35.39126758463681" lon="139.09938465803862"><ele>773.800048828125</ele><time>2025-03-15T01:42:01.000Z</time></trkpt><trkpt lat="35.391272781416774" lon="139.09937107935548"><ele>773.5999755859375</ele><time>2025-03-15T01:42:14.000Z</time></trkpt><trkpt lat="35.391297256574035" lon="139.0993365459144"><ele>773.199951171875</ele><time>2025-03-15T01:42:22.000Z</time></trkpt><trkpt lat="35.391331035643816" lon="139.09924023784697"><ele>772.4000244140625</ele><time>2025-03-15T01:42:32.000Z</time></trkpt><trkpt lat="35.3913973364979" lon="139.09911626949906"><ele>769.5999755859375</ele><time>2025-03-15T01:42:43.000Z</time></trkpt><trkpt lat="35.39144502952695" lon="139.0990344621241"><ele>769.5999755859375</ele><time>2025-03-15T01:42:51.000Z</time></trkpt><trkpt lat="35.391468247398734" lon="139.0989622939378"><ele>770.4000244140625</ele><time>2025-03-15T01:42:57.000Z</time></trkpt><trkpt lat="35.39148434065282" lon="139.09879582934082"><ele>770.0</ele><time>2025-03-15T01:43:07.000Z</time></trkpt><trkpt lat="35.39150579832494" lon="139.0987431909889"><ele>769.800048828125</ele><time>2025-03-15T01:43:13.000Z</time></trkpt><trkpt lat="35.39158785715699" lon="139.0986892953515"><ele>770.5999755859375</ele><time>2025-03-15T01:43:21.000Z</time></trkpt><trkpt lat="35.391639322042465" lon="139.09864638000727"><ele>770.4000244140625</ele><time>2025-03-15T01:43:26.000Z</time></trkpt><trkpt lat="35.391746358945966" lon="139.09855275414884"><ele>769.800048828125</ele><time>2025-03-15T01:43:36.000Z</time></trkpt><trkpt lat="35.39182674139738" lon="139.09850648604333"><ele>769.5999755859375</ele><time>2025-03-15T01:43:45.000Z</time></trkpt><trkpt lat="35.3918775357306" lon="139.09850229509175"><ele>768.5999755859375</ele><time>2025-03-15T01:43:54.000Z</time></trkpt><trkpt lat="35.391881726682186" lon="139.0986163727939"><ele>766.800048828125</ele><time>2025-03-15T01:44:02.000Z</time></trkpt><trkpt lat="35.39186345413327" lon="139.09866264089942"><ele>764.800048828125</ele><time>2025-03-15T01:44:11.000Z</time></trkpt><trkpt lat="35.391906034201384" lon="139.0986432787031"><ele>763.4000244140625</ele><time>2025-03-15T01:44:21.000Z</time></trkpt><trkpt lat="35.39198071695864" lon="139.098579576239"><ele>760.800048828125</ele><time>2025-03-15T01:44:33.000Z</time></trkpt><trkpt lat="35.39198943413794" lon="139.09864772111177"><ele>759.0</ele><time>2025-03-15T01:44:41.000Z</time></trkpt><trkpt lat="35.391963785514235" lon="139.09871469251812"><ele>757.199951171875</ele><time>2025-03-15T01:44:50.000Z</time></trkpt><trkpt lat="35.39199815131724" lon="139.0987177938223"><ele>756.199951171875</ele><time>2025-03-15T01:44:55.000Z</time></trkpt><trkpt lat="35.392073169350624" lon="139.0986803267151"><ele>754.0</ele><time>2025-03-15T01:45:04.000Z</time></trkpt><trkpt lat="35.3920728340745" lon="139.09870077855885"><ele>753.4000244140625</ele><time>2025-03-15T01:45:06.000Z</time></trkpt><trkpt lat="35.39207995869219" lon="139.09876179881394"><ele>751.5999755859375</ele><time>2025-03-15T01:45:14.000Z</time></trkpt><trkpt lat="35.39210485294461" lon="139.09879909828305"><ele>749.4000244140625</ele><time>2025-03-15T01:45:22.000Z</time></trkpt><trkpt lat="35.392142152413726" lon="139.09882633946836"><ele>747.5999755859375</ele><time>2025-03-15T01:45:30.000Z</time></trkpt><trkpt lat="35.39217182435095" lon="139.09887688234448"><ele>745.199951171875</ele><time>2025-03-15T01:45:39.000Z</time></trkpt><trkpt lat="35.39207392372191" lon="139.09891636110842"><ele>742.800048828125</ele><time>2025-03-15T01:45:49.000Z</time></trkpt><trkpt lat="35.392136787995696" lon="139.09896514378488"><ele>740.5999755859375</ele><time>2025-03-15T01:45:58.000Z</time></trkpt><trkpt lat="35.39222245104611" lon="139.09900479018688"><ele>737.5999755859375</ele><time>2025-03-15T01:46:08.000Z</time></trkpt><trkpt lat="35.3922990616411" lon="139.0990140940994"><ele>734.5999755859375</ele><time>2025-03-15T01:46:17.000Z</time></trkpt><trkpt lat="35.39231683127582" lon="139.09900479018688"><ele>734.199951171875</ele><time>2025-03-15T01:46:19.000Z</time></trkpt><trkpt lat="35.39239805191755" lon="139.09895315766335"><ele>732.0</ele><time>2025-03-15T01:46:28.000Z</time></trkpt><trkpt lat="35.39244138635695" lon="139.09894603304565"><ele>730.199951171875</ele><time>2025-03-15T01:46:35.000Z</time></trkpt><trkpt lat="35.39246778935194" lon="139.0990267507732"><ele>727.800048828125</ele><time>2025-03-15T01:46:44.000Z</time></trkpt><trkpt lat="35.39250399917364" lon="139.09909615293145"><ele>726.199951171875</ele><time>2025-03-15T01:46:51.000Z</time></trkpt><trkpt lat="35.39252637885511" lon="139.09912942908704"><ele>725.5999755859375</ele><time>2025-03-15T01:46:54.000Z</time></trkpt><trkpt lat="35.39255873300135" lon="139.09918248653412"><ele>723.5999755859375</ele><time>2025-03-15T01:47:05.000Z</time></trkpt><trkpt lat="35.392557978630066" lon="139.0991861745715"><ele>724.0</ele><time>2025-03-15T01:47:17.000Z</time></trkpt><trkpt lat="35.39255931973457" lon="139.09918793477118"><ele>723.800048828125</ele><time>2025-03-15T01:47:35.000Z</time></trkpt><trkpt lat="35.39256242103875" lon="139.09919137135148"><ele>723.800048828125</ele><time>2025-03-15T01:47:51.000Z</time></trkpt><trkpt lat="35.39259418845177" lon="139.09924183040857"><ele>724.4000244140625</ele><time>2025-03-15T01:48:00.000Z</time></trkpt><trkpt lat="35.39267105050385" lon="139.09937736578286"><ele>726.5999755859375</ele><time>2025-03-15T01:48:13.000Z</time></trkpt><trkpt lat="35.392750427126884" lon="139.09943863749504"><ele>729.0</ele><time>2025-03-15T01:48:25.000Z</time></trkpt><trkpt lat="35.392795857042074" lon="139.09948096610606"><ele>731.800048828125</ele><time>2025-03-15T01:48:39.000Z</time></trkpt><trkpt lat="35.392849585041404" lon="139.0995719935745"><ele>734.5999755859375</ele><time>2025-03-15T01:48:53.000Z</time></trkpt><trkpt lat="35.3929034806788" lon="139.09956386312842"><ele>736.4000244140625</ele><time>2025-03-15T01:49:03.000Z</time></trkpt><trkpt lat="35.39296894334257" lon="139.09957182593644"><ele>738.5999755859375</ele><time>2025-03-15T01:49:16.000Z</time></trkpt><trkpt lat="35.39300674572587" lon="139.09959135577083"><ele>741.0</ele><time>2025-03-15T01:49:28.000Z</time></trkpt><trkpt lat="35.39299299940467" lon="139.0996879991144"><ele>743.199951171875</ele><time>2025-03-15T01:49:41.000Z</time></trkpt><trkpt lat="35.39301957003772" lon="139.09971054643393"><ele>745.0</ele><time>2025-03-15T01:49:51.000Z</time></trkpt><trkpt lat="35.39305259473622" lon="139.0996980573982"><ele>747.199951171875</ele><time>2025-03-15T01:50:02.000Z</time></trkpt><trkpt lat="35.39311973378062" lon="139.09970057196915"><ele>749.5999755859375</ele><time>2025-03-15T01:50:15.000Z</time></trkpt><trkpt lat="35.393198020756245" lon="139.09968758001924"><ele>752.0</ele><time>2025-03-15T01:50:28.000Z</time></trkpt><trkpt lat="35.393303046002984" lon="139.09969503991306"><ele>754.5999755859375</ele><time>2025-03-15T01:50:42.000Z</time></trkpt><trkpt lat="35.39340119808912" lon="139.0996900945902"><ele>757.5999755859375</ele><time>2025-03-15T01:50:58.000Z</time></trkpt><trkpt lat="35.39345677010715" lon="139.09968657419086"><ele>759.4000244140625</ele><time>2025-03-15T01:51:10.000Z</time></trkpt><trkpt lat="35.39353145286441" lon="139.09968229942024"><ele>761.800048828125</ele><time>2025-03-15T01:51:24.000Z</time></trkpt><trkpt lat="35.39351879619062" lon="139.09971674904227"><ele>762.800048828125</ele><time>2025-03-15T01:51:31.000Z</time></trkpt><trkpt lat="35.39349432103336" lon="139.0998037531972"><ele>764.800048828125</ele><time>2025-03-15T01:51:43.000Z</time></trkpt><trkpt lat="35.39349675178528" lon="139.09988447092474"><ele>766.5999755859375</ele><time>2025-03-15T01:51:55.000Z</time></trkpt><trkpt lat="35.39353991858661" lon="139.0999039169401"><ele>768.800048828125</ele><time>2025-03-15T01:52:08.000Z</time></trkpt><trkpt lat="35.39354586973786" lon="139.0999462455511"><ele>770.199951171875</ele><time>2025-03-15T01:52:17.000Z</time></trkpt><trkpt lat="35.39356875233352" lon="139.0999604947865"><ele>772.0</ele><time>2025-03-15T01:52:28.000Z</time></trkpt><trkpt lat="35.39360152557492" lon="139.09997063688934"><ele>774.0</ele><time>2025-03-15T01:52:41.000Z</time></trkpt><trkpt lat="35.39360873401165" lon="139.09996384754777"><ele>775.5999755859375</ele><time>2025-03-15T01:52:52.000Z</time></trkpt><trkpt lat="35.39362482726574" lon="139.09995479509234"><ele>776.5999755859375</ele><time>2025-03-15T01:53:01.000Z</time></trkpt><trkpt lat="35.39368869736791" lon="139.09992939792573"><ele>778.5999755859375</ele><time>2025-03-15T01:53:15.000Z</time></trkpt><trkpt lat="35.39373077452183" lon="139.09990567713976"><ele>780.0</ele><time>2025-03-15T01:53:27.000Z</time></trkpt><trkpt lat="35.39379003457725" lon="139.09992814064026"><ele>781.4000244140625</ele><time>2025-03-15T01:53:40.000Z</time></trkpt><trkpt lat="35.393794141709805" lon="139.09994004294276"><ele>782.800048828125</ele><time>2025-03-15T01:53:55.000Z</time></trkpt><trkpt lat="35.39379137568176" lon="139.0999446529895"><ele>783.0</ele><time>2025-03-15T01:54:05.000Z</time></trkpt><trkpt lat="35.393792632967234" lon="139.0999469999224"><ele>784.800048828125</ele><time>2025-03-15T01:54:09.000Z</time></trkpt><trkpt lat="35.39379246532917" lon="139.09994741901755"><ele>781.5999755859375</ele><time>2025-03-15T01:54:21.000Z</time></trkpt><trkpt lat="35.393793135881424" lon="139.09994984976947"><ele>783.5999755859375</ele><time>2025-03-15T01:54:37.000Z</time></trkpt><trkpt lat="35.39379489608109" lon="139.09995689056814"><ele>784.4000244140625</ele><time>2025-03-15T01:54:52.000Z</time></trkpt><trkpt lat="35.39379539899528" lon="139.09995714202523"><ele>784.0</ele><time>2025-03-15T01:55:07.000Z</time></trkpt><trkpt lat="35.393796069547534" lon="139.0999570582062"><ele>784.0</ele><time>2025-03-15T01:55:23.000Z</time></trkpt><trkpt lat="35.39379632100463" lon="139.09995672293007"><ele>785.199951171875</ele><time>2025-03-15T01:55:40.000Z</time></trkpt><trkpt lat="35.393790788948536" lon="139.1000381950289"><ele>784.4000244140625</ele><time>2025-03-15T01:55:50.000Z</time></trkpt><trkpt lat="35.39382674731314" lon="139.1000854689628"><ele>786.4000244140625</ele><time>2025-03-15T01:56:00.000Z</time></trkpt><trkpt lat="35.39389128796756" lon="139.10004196688533"><ele>789.4000244140625</ele><time>2025-03-15T01:56:12.000Z</time></trkpt><trkpt lat="35.39394962601364" lon="139.10003509372473"><ele>792.5999755859375</ele><time>2025-03-15T01:56:23.000Z</time></trkpt><trkpt lat="35.39397468790412" lon="139.1000432241708"><ele>794.5999755859375</ele><time>2025-03-15T01:56:33.000Z</time></trkpt><trkpt lat="35.394019866362214" lon="139.1000704653561"><ele>797.199951171875</ele><time>2025-03-15T01:56:45.000Z</time></trkpt><trkpt lat="35.394130758941174" lon="139.10009217448533"><ele>799.199951171875</ele><time>2025-03-15T01:56:56.000Z</time></trkpt><trkpt lat="35.39414584636688" lon="139.10009703598917"><ele>802.0</ele><time>2025-03-15T01:57:04.000Z</time></trkpt><trkpt lat="35.394186498597264" lon="139.1001103632152"><ele>803.0</ele><time>2025-03-15T01:57:11.000Z</time></trkpt><trkpt lat="35.39429068565369" lon="139.10014355555177"><ele>803.199951171875</ele><time>2025-03-15T01:57:22.000Z</time></trkpt><trkpt lat="35.394400991499424" lon="139.10016199573874"><ele>804.800048828125</ele><time>2025-03-15T01:57:33.000Z</time></trkpt><trkpt lat="35.39451766759157" lon="139.10016618669033"><ele>806.4000244140625</ele><time>2025-03-15T01:57:44.000Z</time></trkpt><trkpt lat="35.39461674168706" lon="139.1001589782536"><ele>807.5999755859375</ele><time>2025-03-15T01:57:53.000Z</time></trkpt><trkpt lat="35.39469117298722" lon="139.10016593523324"><ele>808.5999755859375</ele><time>2025-03-15T01:58:01.000Z</time></trkpt><trkpt lat="35.394780775532126" lon="139.10020482726395"><ele>810.5999755859375</ele><time>2025-03-15T01:58:12.000Z</time></trkpt><trkpt lat="35.39481958374381" lon="139.10022536292672"><ele>811.4000244140625</ele><time>2025-03-15T01:58:21.000Z</time></trkpt><trkpt lat="35.394922848790884" lon="139.10032535903156"><ele>813.199951171875</ele><time>2025-03-15T01:58:33.000Z</time></trkpt><trkpt lat="35.39501748047769" lon="139.10039409063756"><ele>814.0</ele><time>2025-03-15T01:58:42.000Z</time></trkpt><trkpt lat="35.3950497508049" lon="139.10041387192905"><ele>814.4000244140625</ele><time>2025-03-15T01:58:45.000Z</time></trkpt><trkpt lat="35.39519224315882" lon="139.10045544616878"><ele>815.4000244140625</ele><time>2025-03-15T01:58:56.000Z</time></trkpt><trkpt lat="35.39530958980322" lon="139.10050867125392"><ele>816.0</ele><time>2025-03-15T01:59:05.000Z</time></trkpt><trkpt lat="35.395431546494365" lon="139.1005186457187"><ele>816.4000244140625</ele><time>2025-03-15T01:59:14.000Z</time></trkpt><trkpt lat="35.39553917013109" lon="139.10051269456744"><ele>817.0</ele><time>2025-03-15T01:59:22.000Z</time></trkpt><trkpt lat="35.39556406438351" lon="139.10051135346293"><ele>817.5999755859375</ele><time>2025-03-15T01:59:30.000Z</time></trkpt><trkpt lat="35.395603626966476" lon="139.1005030553788"><ele>817.800048828125</ele><time>2025-03-15T01:59:38.000Z</time></trkpt><trkpt lat="35.395716950297356" lon="139.10045544616878"><ele>818.199951171875</ele><time>2025-03-15T01:59:48.000Z</time></trkpt><trkpt lat="35.395812252536416" lon="139.1003936715424"><ele>818.0</ele><time>2025-03-15T01:59:56.000Z</time></trkpt><trkpt lat="35.395898669958115" lon="139.1003466490656"><ele>817.4000244140625</ele><time>2025-03-15T02:00:05.000Z</time></trkpt><trkpt lat="35.395905543118715" lon="139.100347654894"><ele>817.4000244140625</ele><time>2025-03-15T02:00:19.000Z</time></trkpt><trkpt lat="35.39594451896846" lon="139.1003270354122"><ele>817.199951171875</ele><time>2025-03-15T02:00:30.000Z</time></trkpt><trkpt lat="35.3959633782506" lon="139.10029292106628"><ele>816.4000244140625</ele><time>2025-03-15T02:00:41.000Z</time></trkpt><trkpt lat="35.39599824696779" lon="139.10023089498281"><ele>815.4000244140625</ele><time>2025-03-15T02:00:48.000Z</time></trkpt><trkpt lat="35.3960080537945" lon="139.100194349885"><ele>814.5999755859375</ele><time>2025-03-15T02:00:51.000Z</time></trkpt><trkpt lat="35.396058931946754" lon="139.1000936832279"><ele>812.0</ele><time>2025-03-15T02:01:01.000Z</time></trkpt><trkpt lat="35.39606496691704" lon="139.10007054917514"><ele>810.0</ele><time>2025-03-15T02:01:11.000Z</time></trkpt><trkpt lat="35.39605055004358" lon="139.10010382533073"><ele>809.4000244140625</ele><time>2025-03-15T02:01:24.000Z</time></trkpt><trkpt lat="35.39602096192539" lon="139.10023567266762"><ele>811.199951171875</ele><time>2025-03-15T02:01:37.000Z</time></trkpt><trkpt lat="35.395977292209864" lon="139.1002953518182"><ele>813.5999755859375</ele><time>2025-03-15T02:01:47.000Z</time></trkpt><trkpt lat="35.395944099873304" lon="139.10032644867897"><ele>815.199951171875</ele><time>2025-03-15T02:01:51.000Z</time></trkpt><trkpt lat="35.395839996635914" lon="139.10040037706494"><ele>816.5999755859375</ele><time>2025-03-15T02:02:01.000Z</time></trkpt><trkpt lat="35.395760871469975" lon="139.10044656135142"><ele>817.0</ele><time>2025-03-15T02:02:09.000Z</time></trkpt><trkpt lat="35.39567747153342" lon="139.10047975368798"><ele>816.800048828125</ele><time>2025-03-15T02:02:18.000Z</time></trkpt><trkpt lat="35.39564637467265" lon="139.10048997960985"><ele>817.5999755859375</ele><time>2025-03-15T02:02:21.000Z</time></trkpt><trkpt lat="35.39555165916681" lon="139.1005101799965"><ele>817.5999755859375</ele><time>2025-03-15T02:02:30.000Z</time></trkpt><trkpt lat="35.39552357979119" lon="139.1005229204893"><ele>818.4000244140625</ele><time>2025-03-15T02:02:40.000Z</time></trkpt><trkpt lat="35.39552324451506" lon="139.10052308812737"><ele>817.5999755859375</ele><time>2025-03-15T02:02:53.000Z</time></trkpt><trkpt lat="35.39552349597216" lon="139.10052308812737"><ele>817.800048828125</ele><time>2025-03-15T02:03:09.000Z</time></trkpt><trkpt lat="35.39552366361022" lon="139.1005234234035"><ele>817.800048828125</ele><time>2025-03-15T02:03:26.000Z</time></trkpt><trkpt lat="35.39552416652441" lon="139.10052409395576"><ele>817.800048828125</ele><time>2025-03-15T02:03:43.000Z</time></trkpt><trkpt lat="35.39552659727633" lon="139.10052308812737"><ele>817.800048828125</ele><time>2025-03-15T02:03:59.000Z</time></trkpt><trkpt lat="35.39565802551806" lon="139.1004874650389"><ele>818.0</ele><time>2025-03-15T02:04:11.000Z</time></trkpt><trkpt lat="35.395760452374816" lon="139.100421667099"><ele>818.199951171875</ele><time>2025-03-15T02:04:20.000Z</time></trkpt><trkpt lat="35.39585215039551" lon="139.1003563720733"><ele>818.4000244140625</ele><time>2025-03-15T02:04:28.000Z</time></trkpt><trkpt lat="35.395965138450265" lon="139.10025897435844"><ele>817.199951171875</ele><time>2025-03-15T02:04:39.000Z</time></trkpt><trkpt lat="35.39598626084626" lon="139.10021815449"><ele>816.199951171875</ele><time>2025-03-15T02:04:44.000Z</time></trkpt><trkpt lat="35.39599564857781" lon="139.10017699934542"><ele>815.4000244140625</ele><time>2025-03-15T02:04:47.000Z</time></trkpt><trkpt lat="35.39605683647096" lon="139.1000767517835"><ele>812.4000244140625</ele><time>2025-03-15T02:04:57.000Z</time></trkpt><trkpt lat="35.39609832689166" lon="139.10001799464226"><ele>809.5999755859375</ele><time>2025-03-15T02:05:06.000Z</time></trkpt><trkpt lat="35.39614291861653" lon="139.0999842993915"><ele>807.4000244140625</ele><time>2025-03-15T02:05:14.000Z</time></trkpt><trkpt lat="35.396184492856264" lon="139.099959153682"><ele>805.0</ele><time>2025-03-15T02:05:23.000Z</time></trkpt><trkpt lat="35.39622372016311" lon="139.09988681785762"><ele>802.4000244140625</ele><time>2025-03-15T02:05:33.000Z</time></trkpt><trkpt lat="35.39626395329833" lon="139.0998330898583"><ele>799.800048828125</ele><time>2025-03-15T02:05:42.000Z</time></trkpt><trkpt lat="35.39629211649299" lon="139.09980601631105"><ele>798.4000244140625</ele><time>2025-03-15T02:05:46.000Z</time></trkpt><trkpt lat="35.3963431622833" lon="139.0997324232012"><ele>796.4000244140625</ele><time>2025-03-15T02:05:56.000Z</time></trkpt><trkpt lat="35.39640761911869" lon="139.09974977374077"><ele>794.199951171875</ele><time>2025-03-15T02:06:04.000Z</time></trkpt><trkpt lat="35.39644273929298" lon="139.099745079875"><ele>793.199951171875</ele><time>2025-03-15T02:06:08.000Z</time></trkpt><trkpt lat="35.396534856408834" lon="139.09967944957316"><ele>790.4000244140625</ele><time>2025-03-15T02:06:18.000Z</time></trkpt><trkpt lat="35.39659864269197" lon="139.099663188681"><ele>787.199951171875</ele><time>2025-03-15T02:06:28.000Z</time></trkpt><trkpt lat="35.39666519500315" lon="139.09965229220688"><ele>784.5999755859375</ele><time>2025-03-15T02:06:37.000Z</time></trkpt><trkpt lat="35.39671339094639" lon="139.09963418729603"><ele>783.0</ele><time>2025-03-15T02:06:42.000Z</time></trkpt><trkpt lat="35.3967644367367" lon="139.09961381927133"><ele>781.800048828125</ele><time>2025-03-15T02:06:46.000Z</time></trkpt><trkpt lat="35.39680693298578" lon="139.0996198542416"><ele>780.4000244140625</ele><time>2025-03-15T02:06:50.000Z</time></trkpt><trkpt lat="35.396894020959735" lon="139.09960225224495"><ele>777.5999755859375</ele><time>2025-03-15T02:06:59.000Z</time></trkpt><trkpt lat="35.39694179780781" lon="139.0995981451124"><ele>776.5999755859375</ele><time>2025-03-15T02:07:09.000Z</time></trkpt><trkpt lat="35.396956047043204" lon="139.09959772601724"><ele>776.5999755859375</ele><time>2025-03-15T02:07:10.000Z</time></trkpt><trkpt lat="35.397086553275585" lon="139.09956017509103"><ele>776.4000244140625</ele><time>2025-03-15T02:07:21.000Z</time></trkpt><trkpt lat="35.39716903120279" lon="139.09952689893544"><ele>777.5999755859375</ele><time>2025-03-15T02:07:29.000Z</time></trkpt><trkpt lat="35.397198954597116" lon="139.09947954118252"><ele>778.5999755859375</ele><time>2025-03-15T02:07:34.000Z</time></trkpt><trkpt lat="35.397274727001786" lon="139.09936697222292"><ele>781.199951171875</ele><time>2025-03-15T02:07:46.000Z</time></trkpt><trkpt lat="35.39729216136038" lon="139.0993579197675"><ele>781.4000244140625</ele><time>2025-03-15T02:07:48.000Z</time></trkpt><trkpt lat="35.397402718663216" lon="139.09937812015414"><ele>782.800048828125</ele><time>2025-03-15T02:07:57.000Z</time></trkpt><trkpt lat="35.397438844665885" lon="139.0994078759104"><ele>783.0</ele><time>2025-03-15T02:08:00.000Z</time></trkpt><trkpt lat="35.39748905226588" lon="139.09941215068102"><ele>783.4000244140625</ele><time>2025-03-15T02:08:04.000Z</time></trkpt><trkpt lat="35.39759583771229" lon="139.09943805076182"><ele>783.800048828125</ele><time>2025-03-15T02:08:12.000Z</time></trkpt><trkpt lat="35.39770731702447" lon="139.09949462860823"><ele>783.800048828125</ele><time>2025-03-15T02:08:21.000Z</time></trkpt><trkpt lat="35.397810246795416" lon="139.09955263137817"><ele>783.4000244140625</ele><time>2025-03-15T02:08:29.000Z</time></trkpt><trkpt lat="35.397886438295245" lon="139.0996295772493"><ele>782.4000244140625</ele><time>2025-03-15T02:08:36.000Z</time></trkpt><trkpt lat="35.397993475198746" lon="139.0997347701341"><ele>780.800048828125</ele><time>2025-03-15T02:08:46.000Z</time></trkpt><trkpt lat="35.39806857705116" lon="139.09982998855412"><ele>779.199951171875</ele><time>2025-03-15T02:08:55.000Z</time></trkpt><trkpt lat="35.3981339558959" lon="139.09989167936146"><ele>777.4000244140625</ele><time>2025-03-15T02:09:03.000Z</time></trkpt><trkpt lat="35.3981651365757" lon="139.09989478066564"><ele>776.5999755859375</ele><time>2025-03-15T02:09:06.000Z</time></trkpt><trkpt lat="35.39823839440942" lon="139.09992688335478"><ele>774.199951171875</ele><time>2025-03-15T02:09:15.000Z</time></trkpt><trkpt lat="35.3982962295413" lon="139.0999525319785"><ele>772.0</ele><time>2025-03-15T02:09:23.000Z</time></trkpt><trkpt lat="35.398334451019764" lon="139.10000215284526"><ele>769.199951171875</ele><time>2025-03-15T02:09:33.000Z</time></trkpt><trkpt lat="35.39837929420173" lon="139.10001195967197"><ele>767.4000244140625</ele><time>2025-03-15T02:09:41.000Z</time></trkpt><trkpt lat="35.39842128753662" lon="139.10002511925995"><ele>764.0</ele><time>2025-03-15T02:09:53.000Z</time></trkpt><trkpt lat="35.398475266993046" lon="139.09996652975678"><ele>761.4000244140625</ele><time>2025-03-15T02:10:03.000Z</time></trkpt><trkpt lat="35.39852782152593" lon="139.10001246258616"><ele>758.5999755859375</ele><time>2025-03-15T02:10:14.000Z</time></trkpt><trkpt lat="35.398552464321256" lon="139.1000537853688"><ele>755.4000244140625</ele><time>2025-03-15T02:10:26.000Z</time></trkpt><trkpt lat="35.398609042167664" lon="139.10004783421755"><ele>752.800048828125</ele><time>2025-03-15T02:10:37.000Z</time></trkpt><trkpt lat="35.39865002967417" lon="139.10006954334676"><ele>750.199951171875</ele><time>2025-03-15T02:10:47.000Z</time></trkpt><trkpt lat="35.39868422783911" lon="139.10008454695344"><ele>748.5999755859375</ele><time>2025-03-15T02:10:54.000Z</time></trkpt><trkpt lat="35.398720018565655" lon="139.10012218169868"><ele>746.0</ele><time>2025-03-15T02:11:04.000Z</time></trkpt><trkpt lat="35.398744996637106" lon="139.10011472180486"><ele>744.0</ele><time>2025-03-15T02:11:13.000Z</time></trkpt><trkpt lat="35.39880283176899" lon="139.10012905485928"><ele>741.0</ele><time>2025-03-15T02:11:25.000Z</time></trkpt><trkpt lat="35.39887215010822" lon="139.10016207955778"><ele>738.0</ele><time>2025-03-15T02:11:36.000Z</time></trkpt><trkpt lat="35.39892009459436" lon="139.1001259535551"><ele>735.199951171875</ele><time>2025-03-15T02:11:46.000Z</time></trkpt><trkpt lat="35.39895865134895" lon="139.10013584420085"><ele>733.4000244140625</ele><time>2025-03-15T02:11:53.000Z</time></trkpt><trkpt lat="35.398996621370316" lon="139.10013936460018"><ele>731.0</ele><time>2025-03-15T02:12:01.000Z</time></trkpt><trkpt lat="35.39907029829919" lon="139.10013022832572"><ele>727.5999755859375</ele><time>2025-03-15T02:12:12.000Z</time></trkpt><trkpt lat="35.39913961663842" lon="139.1001555416733"><ele>724.800048828125</ele><time>2025-03-15T02:12:24.000Z</time></trkpt><trkpt lat="35.399197367951274" lon="139.10019284114242"><ele>722.4000244140625</ele><time>2025-03-15T02:12:33.000Z</time></trkpt><trkpt lat="35.399281438440084" lon="139.1002131253481"><ele>719.0</ele><time>2025-03-15T02:12:43.000Z</time></trkpt><trkpt lat="35.39933307096362" lon="139.1002617403865"><ele>717.0</ele><time>2025-03-15T02:12:50.000Z</time></trkpt><trkpt lat="35.39940155111253" lon="139.1002971958369"><ele>714.199951171875</ele><time>2025-03-15T02:12:59.000Z</time></trkpt><trkpt lat="35.399496518075466" lon="139.10035829991102"><ele>711.0</ele><time>2025-03-15T02:13:11.000Z</time></trkpt><trkpt lat="35.399560471996665" lon="139.10041202791035"><ele>708.800048828125</ele><time>2025-03-15T02:13:19.000Z</time></trkpt><trkpt lat="35.39964948780835" lon="139.10049132071435"><ele>706.4000244140625</ele><time>2025-03-15T02:13:28.000Z</time></trkpt><trkpt lat="35.39970388635993" lon="139.10054412670434"><ele>705.199951171875</ele><time>2025-03-15T02:13:35.000Z</time></trkpt><trkpt lat="35.39977412670851" lon="139.100627778098"><ele>705.199951171875</ele><time>2025-03-15T02:13:44.000Z</time></trkpt><trkpt lat="35.39986859075725" lon="139.10068335011601"><ele>707.4000244140625</ele><time>2025-03-15T02:13:56.000Z</time></trkpt><trkpt lat="35.3999160323292" lon="139.1006790753454"><ele>710.0</ele><time>2025-03-15T02:14:07.000Z</time></trkpt><trkpt lat="35.39994578808546" lon="139.10066365264356"><ele>711.0</ele><time>2025-03-15T02:14:20.000Z</time></trkpt><trkpt lat="35.39998434484005" lon="139.10069315694273"><ele>713.0</ele><time>2025-03-15T02:14:29.000Z</time></trkpt><trkpt lat="35.4000732768327" lon="139.10072752274573"><ele>716.0</ele><time>2025-03-15T02:14:43.000Z</time></trkpt><trkpt lat="35.400146283209324" lon="139.1007533390075"><ele>719.0</ele><time>2025-03-15T02:14:55.000Z</time></trkpt><trkpt lat="35.40022616274655" lon="139.10077244974673"><ele>722.199951171875</ele><time>2025-03-15T02:15:09.000Z</time></trkpt><trkpt lat="35.400281650945544" lon="139.10078368149698"><ele>724.5999755859375</ele><time>2025-03-15T02:15:21.000Z</time></trkpt><trkpt lat="35.40033135563135" lon="139.1007977630943"><ele>727.5999755859375</ele><time>2025-03-15T02:15:36.000Z</time></trkpt><trkpt lat="35.40038349106908" lon="139.10082265734673"><ele>729.800048828125</ele><time>2025-03-15T02:15:47.000Z</time></trkpt><trkpt lat="35.400419030338526" lon="139.10085978917778"><ele>732.199951171875</ele><time>2025-03-15T02:15:59.000Z</time></trkpt><trkpt lat="35.4004858341068" lon="139.10090723074973"><ele>735.199951171875</ele><time>2025-03-15T02:16:13.000Z</time></trkpt><trkpt lat="35.400555822998285" lon="139.10096062347293"><ele>737.800048828125</ele><time>2025-03-15T02:16:25.000Z</time></trkpt><trkpt lat="35.40062447078526" lon="139.10100974142551"><ele>739.800048828125</ele><time>2025-03-15T02:16:36.000Z</time></trkpt><trkpt lat="35.40072496980429" lon="139.10107771866024"><ele>742.0</ele><time>2025-03-15T02:16:49.000Z</time></trkpt><trkpt lat="35.400835275650024" lon="139.1011870186776"><ele>742.5999755859375</ele><time>2025-03-15T02:16:59.000Z</time></trkpt><trkpt lat="35.400896882638335" lon="139.1012269165367"><ele>743.0</ele><time>2025-03-15T02:17:07.000Z</time></trkpt><trkpt lat="35.400903252884746" lon="139.10122607834637"><ele>743.199951171875</ele><time>2025-03-15T02:17:18.000Z</time></trkpt><trkpt lat="35.40094641968608" lon="139.10126069560647"><ele>743.199951171875</ele><time>2025-03-15T02:17:23.000Z</time></trkpt><trkpt lat="35.401067957282066" lon="139.10135189071298"><ele>744.4000244140625</ele><time>2025-03-15T02:17:34.000Z</time></trkpt><trkpt lat="35.401112381368876" lon="139.10138877108693"><ele>744.4000244140625</ele><time>2025-03-15T02:17:39.000Z</time></trkpt><trkpt lat="35.401245234534144" lon="139.10142959095538"><ele>742.800048828125</ele><time>2025-03-15T02:17:48.000Z</time></trkpt><trkpt lat="35.40127792395651" lon="139.1014407388866"><ele>742.5999755859375</ele><time>2025-03-15T02:17:50.000Z</time></trkpt><trkpt lat="35.40133986622095" lon="139.10143604502082"><ele>741.199951171875</ele><time>2025-03-15T02:17:56.000Z</time></trkpt><trkpt lat="35.401478335261345" lon="139.10147208720446"><ele>741.199951171875</ele><time>2025-03-15T02:18:06.000Z</time></trkpt><trkpt lat="35.40156835690141" lon="139.10150175914168"><ele>738.800048828125</ele><time>2025-03-15T02:18:14.000Z</time></trkpt><trkpt lat="35.40163641795516" lon="139.1014952212572"><ele>737.199951171875</ele><time>2025-03-15T02:18:20.000Z</time></trkpt><trkpt lat="35.401743119582534" lon="139.1015332750976"><ele>734.800048828125</ele><time>2025-03-15T02:18:27.000Z</time></trkpt><trkpt lat="35.40177362971008" lon="139.1015326883644"><ele>733.4000244140625</ele><time>2025-03-15T02:18:31.000Z</time></trkpt><trkpt lat="35.401883348822594" lon="139.10154651850462"><ele>731.199951171875</ele><time>2025-03-15T02:18:39.000Z</time></trkpt><trkpt lat="35.40197404101491" lon="139.10154769197106"><ele>729.199951171875</ele><time>2025-03-15T02:18:46.000Z</time></trkpt><trkpt lat="35.402044197544456" lon="139.10152698867023"><ele>728.4000244140625</ele><time>2025-03-15T02:18:54.000Z</time></trkpt><trkpt lat="35.40217428468168" lon="139.1014812234789"><ele>729.5999755859375</ele><time>2025-03-15T02:19:06.000Z</time></trkpt><trkpt lat="35.402289954945445" lon="139.10142397508025"><ele>730.800048828125</ele><time>2025-03-15T02:19:16.000Z</time></trkpt><trkpt lat="35.40239464491606" lon="139.10131744109094"><ele>732.0</ele><time>2025-03-15T02:19:25.000Z</time></trkpt><trkpt lat="35.40250377729535" lon="139.10121694207191"><ele>732.4000244140625</ele><time>2025-03-15T02:19:35.000Z</time></trkpt><trkpt lat="35.40251559577882" lon="139.1012073867023"><ele>732.5999755859375</ele><time>2025-03-15T02:19:36.000Z</time></trkpt><trkpt lat="35.40257225744426" lon="139.10120453685522"><ele>732.5999755859375</ele><time>2025-03-15T02:19:40.000Z</time></trkpt><trkpt lat="35.40271089412272" lon="139.10117536783218"><ele>732.4000244140625</ele><time>2025-03-15T02:19:51.000Z</time></trkpt><trkpt lat="35.402793791145086" lon="139.10118668340147"><ele>732.4000244140625</ele><time>2025-03-15T02:19:58.000Z</time></trkpt><trkpt lat="35.4029172565788" lon="139.10124552436173"><ele>733.4000244140625</ele><time>2025-03-15T02:20:09.000Z</time></trkpt><trkpt lat="35.40301188826561" lon="139.10126614384353"><ele>734.199951171875</ele><time>2025-03-15T02:20:18.000Z</time></trkpt><trkpt lat="35.40308942086995" lon="139.1012584324926"><ele>735.0</ele><time>2025-03-15T02:20:25.000Z</time></trkpt><trkpt lat="35.40317349135876" lon="139.10125533118844"><ele>736.199951171875</ele><time>2025-03-15T02:20:34.000Z</time></trkpt><trkpt lat="35.403214478865266" lon="139.10125675611198"><ele>736.800048828125</ele><time>2025-03-15T02:20:46.000Z</time></trkpt><trkpt lat="35.40325337089598" lon="139.10123546607792"><ele>739.800048828125</ele><time>2025-03-15T02:20:54.000Z</time></trkpt><trkpt lat="35.40336116217077" lon="139.10120562650263"><ele>740.800048828125</ele><time>2025-03-15T02:21:08.000Z</time></trkpt><trkpt lat="35.4034563805908" lon="139.10118022933602"><ele>743.800048828125</ele><time>2025-03-15T02:21:22.000Z</time></trkpt><trkpt lat="35.40354288183153" lon="139.1011500544846"><ele>747.0</ele><time>2025-03-15T02:21:35.000Z</time></trkpt><trkpt lat="35.403620917350054" lon="139.10114728845656"><ele>750.0</ele><time>2025-03-15T02:21:50.000Z</time></trkpt><trkpt lat="35.403692750260234" lon="139.1011151857674"><ele>753.199951171875</ele><time>2025-03-15T02:22:04.000Z</time></trkpt><trkpt lat="35.40370917879045" lon="139.10109154880047"><ele>755.4000244140625</ele><time>2025-03-15T02:22:17.000Z</time></trkpt><trkpt lat="35.40372275747359" lon="139.10108492709696"><ele>757.4000244140625</ele><time>2025-03-15T02:22:27.000Z</time></trkpt><trkpt lat="35.40375217795372" lon="139.101092973724"><ele>759.5999755859375</ele><time>2025-03-15T02:22:38.000Z</time></trkpt><trkpt lat="35.403795847669244" lon="139.10109649412334"><ele>762.5999755859375</ele><time>2025-03-15T02:22:52.000Z</time></trkpt><trkpt lat="35.4038015473634" lon="139.10109247080982"><ele>762.5999755859375</ele><time>2025-03-15T02:23:05.000Z</time></trkpt><trkpt lat="35.403811018913984" lon="139.10110655240715"><ele>765.5999755859375</ele><time>2025-03-15T02:23:10.000Z</time></trkpt><trkpt lat="35.40381479077041" lon="139.10110898315907"><ele>765.800048828125</ele><time>2025-03-15T02:23:11.000Z</time></trkpt><trkpt lat="35.40384504944086" lon="139.1010966617614"><ele>766.199951171875</ele><time>2025-03-15T02:23:22.000Z</time></trkpt><trkpt lat="35.40386659093201" lon="139.10110118798912"><ele>766.800048828125</ele><time>2025-03-15T02:23:31.000Z</time></trkpt><trkpt lat="35.40389584377408" lon="139.1010868549347"><ele>769.800048828125</ele><time>2025-03-15T02:23:45.000Z</time></trkpt><trkpt lat="35.40392274968326" lon="139.10106715746224"><ele>772.0</ele><time>2025-03-15T02:23:57.000Z</time></trkpt><trkpt lat="35.403988966718316" lon="139.10105626098812"><ele>774.5999755859375</ele><time>2025-03-15T02:24:10.000Z</time></trkpt><trkpt lat="35.40399751625955" lon="139.10104737617075"><ele>775.199951171875</ele><time>2025-03-15T02:24:23.000Z</time></trkpt><trkpt lat="35.40400707162917" lon="139.10101636312902"><ele>778.199951171875</ele><time>2025-03-15T02:24:33.000Z</time></trkpt><trkpt lat="35.40405325591564" lon="139.10097965039313"><ele>780.199951171875</ele><time>2025-03-15T02:24:49.000Z</time></trkpt><trkpt lat="35.40406784042716" lon="139.10099557600915"><ele>781.199951171875</ele><time>2025-03-15T02:24:59.000Z</time></trkpt><trkpt lat="35.404088543727994" lon="139.1009848471731"><ele>782.5999755859375</ele><time>2025-03-15T02:25:09.000Z</time></trkpt><trkpt lat="35.40411285124719" lon="139.10097973421216"><ele>784.4000244140625</ele><time>2025-03-15T02:25:19.000Z</time></trkpt><trkpt lat="35.4041263461113" lon="139.10094553604722"><ele>787.199951171875</ele><time>2025-03-15T02:25:32.000Z</time></trkpt><trkpt lat="35.40414805524051" lon="139.10092952661216"><ele>789.0</ele><time>2025-03-15T02:25:42.000Z</time></trkpt><trkpt lat="35.404158448800445" lon="139.10092147998512"><ele>790.800048828125</ele><time>2025-03-15T02:25:52.000Z</time></trkpt><trkpt lat="35.40416548959911" lon="139.1009055543691"><ele>792.5999755859375</ele><time>2025-03-15T02:26:02.000Z</time></trkpt><trkpt lat="35.404196083545685" lon="139.1008952446282"><ele>794.5999755859375</ele><time>2025-03-15T02:26:13.000Z</time></trkpt><trkpt lat="35.404234640300274" lon="139.100873619318"><ele>796.5999755859375</ele><time>2025-03-15T02:26:25.000Z</time></trkpt><trkpt lat="35.4042695928365" lon="139.10084067843854"><ele>798.800048828125</ele><time>2025-03-15T02:26:39.000Z</time></trkpt><trkpt lat="35.404272861778736" lon="139.10083405673504"><ele>800.5999755859375</ele><time>2025-03-15T02:26:51.000Z</time></trkpt><trkpt lat="35.40428199805319" lon="139.10082383081317"><ele>802.199951171875</ele><time>2025-03-15T02:27:00.000Z</time></trkpt><trkpt lat="35.404337318614125" lon="139.10078678280115"><ele>804.800048828125</ele><time>2025-03-15T02:27:12.000Z</time></trkpt><trkpt lat="35.40436648763716" lon="139.10074177198112"><ele>807.4000244140625</ele><time>2025-03-15T02:27:24.000Z</time></trkpt><trkpt lat="35.40442046709359" lon="139.1006949171424"><ele>809.800048828125</ele><time>2025-03-15T02:27:37.000Z</time></trkpt><trkpt lat="35.40445047430694" lon="139.10066608339548"><ele>812.199951171875</ele><time>2025-03-15T02:27:50.000Z</time></trkpt><trkpt lat="35.404515685513616" lon="139.1006299573928"><ele>814.199951171875</ele><time>2025-03-15T02:28:03.000Z</time></trkpt><trkpt lat="35.40463596582413" lon="139.10057715140283"><ele>816.199951171875</ele><time>2025-03-15T02:28:17.000Z</time></trkpt><trkpt lat="35.404765130952" lon="139.10050959326327"><ele>819.199951171875</ele><time>2025-03-15T02:28:33.000Z</time></trkpt><trkpt lat="35.40485003963113" lon="139.10049165599048"><ele>822.0</ele><time>2025-03-15T02:28:46.000Z</time></trkpt><trkpt lat="35.40494819171727" lon="139.10044957883656"><ele>824.199951171875</ele><time>2025-03-15T02:28:58.000Z</time></trkpt><trkpt lat="35.40505388751626" lon="139.10042082890868"><ele>826.800048828125</ele><time>2025-03-15T02:29:12.000Z</time></trkpt><trkpt lat="35.405146423727274" lon="139.10041462630033"><ele>829.4000244140625</ele><time>2025-03-15T02:29:24.000Z</time></trkpt><trkpt lat="35.40519403293729" lon="139.10039585083723"><ele>830.800048828125</ele><time>2025-03-15T02:29:29.000Z</time></trkpt><trkpt lat="35.405258322134614" lon="139.1003762371838"><ele>831.5999755859375</ele><time>2025-03-15T02:29:34.000Z</time></trkpt><trkpt lat="35.40541204623878" lon="139.1003299690783"><ele>831.0</ele><time>2025-03-15T02:29:45.000Z</time></trkpt><trkpt lat="35.40545789524913" lon="139.1003246884793"><ele>831.0</ele><time>2025-03-15T02:29:49.000Z</time></trkpt><trkpt lat="35.40557381696999" lon="139.1003169771284"><ele>831.4000244140625</ele><time>2025-03-15T02:29:58.000Z</time></trkpt><trkpt lat="35.40567599236965" lon="139.1003421228379"><ele>831.4000244140625</ele><time>2025-03-15T02:30:06.000Z</time></trkpt><trkpt lat="35.405778251588345" lon="139.10035762935877"><ele>830.5999755859375</ele><time>2025-03-15T02:30:14.000Z</time></trkpt><trkpt lat="35.405888641253114" lon="139.10037732683122"><ele>830.5999755859375</ele><time>2025-03-15T02:30:23.000Z</time></trkpt><trkpt lat="35.40590791963041" lon="139.1003870498389"><ele>830.800048828125</ele><time>2025-03-15T02:30:25.000Z</time></trkpt><trkpt lat="35.40602685883641" lon="139.1003764886409"><ele>831.199951171875</ele><time>2025-03-15T02:30:34.000Z</time></trkpt><trkpt lat="35.40611084550619" lon="139.10034857690334"><ele>831.800048828125</ele><time>2025-03-15T02:30:43.000Z</time></trkpt><trkpt lat="35.40623724460602" lon="139.10031764768064"><ele>834.0</ele><time>2025-03-15T02:30:56.000Z</time></trkpt><trkpt lat="35.40632324293256" lon="139.10030256025493"><ele>836.5999755859375</ele><time>2025-03-15T02:31:09.000Z</time></trkpt><trkpt lat="35.406354842707515" lon="139.10031236708164"><ele>837.199951171875</ele><time>2025-03-15T02:31:15.000Z</time></trkpt><trkpt lat="35.40650865063071" lon="139.1003756504506"><ele>837.199951171875</ele><time>2025-03-15T02:31:28.000Z</time></trkpt><trkpt lat="35.40665315464139" lon="139.1005302965641"><ele>834.800048828125</ele><time>2025-03-15T02:31:42.000Z</time></trkpt><trkpt lat="35.40677108801901" lon="139.10071268677711"><ele>832.800048828125</ele><time>2025-03-15T02:31:56.000Z</time></trkpt><trkpt lat="35.40683059953153" lon="139.10080756992102"><ele>832.800048828125</ele><time>2025-03-15T02:32:03.000Z</time></trkpt><trkpt lat="35.40689731948078" lon="139.1008574422449"><ele>833.0</ele><time>2025-03-15T02:32:09.000Z</time></trkpt><trkpt lat="35.40697133168578" lon="139.10096456296742"><ele>833.5999755859375</ele><time>2025-03-15T02:32:18.000Z</time></trkpt><trkpt lat="35.407026652246714" lon="139.1011016909033"><ele>834.199951171875</ele><time>2025-03-15T02:32:28.000Z</time></trkpt><trkpt lat="35.40707426145673" lon="139.10128424875438"><ele>834.0</ele><time>2025-03-15T02:32:39.000Z</time></trkpt><trkpt lat="35.407086834311485" lon="139.10132758319378"><ele>834.199951171875</ele><time>2025-03-15T02:32:42.000Z</time></trkpt><trkpt lat="35.40710745379329" lon="139.101373096928"><ele>834.199951171875</ele><time>2025-03-15T02:32:45.000Z</time></trkpt><trkpt lat="35.407124385237694" lon="139.1015049442649"><ele>835.0</ele><time>2025-03-15T02:32:54.000Z</time></trkpt><trkpt lat="35.40713846683502" lon="139.10152229480445"><ele>835.199951171875</ele><time>2025-03-15T02:32:56.000Z</time></trkpt><trkpt lat="35.40717006660998" lon="139.10163084045053"><ele>836.0</ele><time>2025-03-15T02:33:05.000Z</time></trkpt><trkpt lat="35.407196218147874" lon="139.10171952098608"><ele>838.0</ele><time>2025-03-15T02:33:13.000Z</time></trkpt><trkpt lat="35.40723712183535" lon="139.10183167085052"><ele>838.0</ele><time>2025-03-15T02:33:23.000Z</time></trkpt><trkpt lat="35.40725028142333" lon="139.10184684209526"><ele>837.800048828125</ele><time>2025-03-15T02:33:25.000Z</time></trkpt><trkpt lat="35.40728649124503" lon="139.1019367799163"><ele>838.800048828125</ele><time>2025-03-15T02:33:33.000Z</time></trkpt><trkpt lat="35.407294537872076" lon="139.10203032195568"><ele>840.5999755859375</ele><time>2025-03-15T02:33:42.000Z</time></trkpt><trkpt lat="35.40728783234954" lon="139.10211833193898"><ele>843.0</ele><time>2025-03-15T02:33:54.000Z</time></trkpt><trkpt lat="35.407273499295115" lon="139.10219888202846"><ele>845.5999755859375</ele><time>2025-03-15T02:34:05.000Z</time></trkpt><trkpt lat="35.40725824423134" lon="139.1022441443056"><ele>847.5999755859375</ele><time>2025-03-15T02:34:16.000Z</time></trkpt><trkpt lat="35.407243659719825" lon="139.10232553258538"><ele>849.800048828125</ele><time>2025-03-15T02:34:27.000Z</time></trkpt><trkpt lat="35.40721792727709" lon="139.10242988727987"><ele>851.4000244140625</ele><time>2025-03-15T02:34:39.000Z</time></trkpt><trkpt lat="35.4072171729058" lon="139.10248872824013"><ele>853.800048828125</ele><time>2025-03-15T02:34:44.000Z</time></trkpt><trkpt lat="35.407236367464066" lon="139.10263222642243"><ele>855.0</ele><time>2025-03-15T02:34:54.000Z</time></trkpt><trkpt lat="35.40726402774453" lon="139.1027402691543"><ele>855.199951171875</ele><time>2025-03-15T02:35:02.000Z</time></trkpt><trkpt lat="35.40728489868343" lon="139.1027758922428"><ele>854.4000244140625</ele><time>2025-03-15T02:35:05.000Z</time></trkpt><trkpt lat="35.4073469247669" lon="139.1029078233987"><ele>852.800048828125</ele><time>2025-03-15T02:35:15.000Z</time></trkpt><trkpt lat="35.40733929723501" lon="139.1029342263937"><ele>852.199951171875</ele><time>2025-03-15T02:35:17.000Z</time></trkpt><trkpt lat="35.407331334427" lon="139.10300974734128"><ele>852.4000244140625</ele><time>2025-03-15T02:35:25.000Z</time></trkpt><trkpt lat="35.4073297418654" lon="139.1030264273286"><ele>851.5999755859375</ele><time>2025-03-15T02:35:30.000Z</time></trkpt><trkpt lat="35.40737735107541" lon="139.1031311172992"><ele>850.800048828125</ele><time>2025-03-15T02:35:40.000Z</time></trkpt><trkpt lat="35.407385397702456" lon="139.1031419299543"><ele>850.5999755859375</ele><time>2025-03-15T02:35:41.000Z</time></trkpt><trkpt lat="35.40740459226072" lon="139.10323622636497"><ele>848.199951171875</ele><time>2025-03-15T02:35:49.000Z</time></trkpt><trkpt lat="35.4074243735522" lon="139.10332373343408"><ele>846.5999755859375</ele><time>2025-03-15T02:35:55.000Z</time></trkpt><trkpt lat="35.407429821789265" lon="139.10338207148015"><ele>845.4000244140625</ele><time>2025-03-15T02:35:59.000Z</time></trkpt><trkpt lat="35.40750618092716" lon="139.10348692908883"><ele>842.5999755859375</ele><time>2025-03-15T02:36:08.000Z</time></trkpt><trkpt lat="35.40760072879493" lon="139.10358449444175"><ele>840.199951171875</ele><time>2025-03-15T02:36:18.000Z</time></trkpt><trkpt lat="35.4076799377799" lon="139.10370351746678"><ele>839.800048828125</ele><time>2025-03-15T02:36:27.000Z</time></trkpt><trkpt lat="35.407743556424975" lon="139.103830922395"><ele>839.800048828125</ele><time>2025-03-15T02:36:37.000Z</time></trkpt><trkpt lat="35.40779552422464" lon="139.1039049346"><ele>840.5999755859375</ele><time>2025-03-15T02:36:45.000Z</time></trkpt><trkpt lat="35.40786693803966" lon="139.10398758016527"><ele>842.800048828125</ele><time>2025-03-15T02:36:57.000Z</time></trkpt><trkpt lat="35.407940028235316" lon="139.10406813025475"><ele>844.800048828125</ele><time>2025-03-15T02:37:07.000Z</time></trkpt><trkpt lat="35.40800272487104" lon="139.10416066646576"><ele>846.199951171875</ele><time>2025-03-15T02:37:16.000Z</time></trkpt><trkpt lat="35.40805502794683" lon="139.10424917936325"><ele>846.800048828125</ele><time>2025-03-15T02:37:24.000Z</time></trkpt><trkpt lat="35.40812434628606" lon="139.10432377830148"><ele>847.4000244140625</ele><time>2025-03-15T02:37:34.000Z</time></trkpt><trkpt lat="35.40819332934916" lon="139.10440986044705"><ele>849.199951171875</ele><time>2025-03-15T02:37:46.000Z</time></trkpt><trkpt lat="35.40823666378856" lon="139.10449912771583"><ele>851.199951171875</ele><time>2025-03-15T02:37:58.000Z</time></trkpt><trkpt lat="35.408279495313764" lon="139.10455478355289"><ele>853.5999755859375</ele><time>2025-03-15T02:38:09.000Z</time></trkpt><trkpt lat="35.40829407982528" lon="139.1045698709786"><ele>855.199951171875</ele><time>2025-03-15T02:38:23.000Z</time></trkpt><trkpt lat="35.408302545547485" lon="139.10458236001432"><ele>856.4000244140625</ele><time>2025-03-15T02:38:33.000Z</time></trkpt><trkpt lat="35.40833246894181" lon="139.10458847880363"><ele>857.5999755859375</ele><time>2025-03-15T02:38:41.000Z</time></trkpt><trkpt lat="35.40835652500391" lon="139.1046209167689"><ele>859.4000244140625</ele><time>2025-03-15T02:38:51.000Z</time></trkpt><trkpt lat="35.40840237401426" lon="139.10464379936457"><ele>861.4000244140625</ele><time>2025-03-15T02:39:01.000Z</time></trkpt><trkpt lat="35.40845576673746" lon="139.10470171831548"><ele>864.0</ele><time>2025-03-15T02:39:12.000Z</time></trkpt><trkpt lat="35.40850983001292" lon="139.10475192591548"><ele>867.199951171875</ele><time>2025-03-15T02:39:24.000Z</time></trkpt><trkpt lat="35.4085882846266" lon="139.10491151735187"><ele>869.5999755859375</ele><time>2025-03-15T02:39:39.000Z</time></trkpt><trkpt lat="35.40863413363695" lon="139.1051058936864"><ele>870.4000244140625</ele><time>2025-03-15T02:39:53.000Z</time></trkpt><trkpt lat="35.408658189699054" lon="139.10523707047105"><ele>871.0</ele><time>2025-03-15T02:40:01.000Z</time></trkpt><trkpt lat="35.40871032513678" lon="139.1053317859769"><ele>871.4000244140625</ele><time>2025-03-15T02:40:09.000Z</time></trkpt><trkpt lat="35.40876665152609" lon="139.10545617341995"><ele>872.199951171875</ele><time>2025-03-15T02:40:18.000Z</time></trkpt><trkpt lat="35.40878308005631" lon="139.1054919641465"><ele>872.4000244140625</ele><time>2025-03-15T02:40:21.000Z</time></trkpt><trkpt lat="35.408848877996206" lon="139.10556958056986"><ele>872.199951171875</ele><time>2025-03-15T02:40:30.000Z</time></trkpt><trkpt lat="35.40886715054512" lon="139.1055942233652"><ele>871.800048828125</ele><time>2025-03-15T02:40:32.000Z</time></trkpt><trkpt lat="35.40892565622926" lon="139.10568617284298"><ele>870.0</ele><time>2025-03-15T02:40:42.000Z</time></trkpt><trkpt lat="35.40901375003159" lon="139.10579781979322"><ele>867.4000244140625</ele><time>2025-03-15T02:40:53.000Z</time></trkpt><trkpt lat="35.409055994823575" lon="139.10585372708738"><ele>866.5999755859375</ele><time>2025-03-15T02:40:58.000Z</time></trkpt><trkpt lat="35.409141071140766" lon="139.10587778314948"><ele>865.800048828125</ele><time>2025-03-15T02:41:07.000Z</time></trkpt><trkpt lat="35.40920963510871" lon="139.10596814006567"><ele>866.5999755859375</ele><time>2025-03-15T02:41:16.000Z</time></trkpt><trkpt lat="35.40927702561021" lon="139.1060784459114"><ele>867.0</ele><time>2025-03-15T02:41:25.000Z</time></trkpt><trkpt lat="35.4093118943274" lon="139.1061431542039"><ele>867.4000244140625</ele><time>2025-03-15T02:41:33.000Z</time></trkpt><trkpt lat="35.40931943804026" lon="139.10614348948002"><ele>868.4000244140625</ele><time>2025-03-15T02:41:43.000Z</time></trkpt><trkpt lat="35.409327233210206" lon="139.10615572705865"><ele>868.5999755859375</ele><time>2025-03-15T02:41:49.000Z</time></trkpt><trkpt lat="35.409353552386165" lon="139.10619478672743"><ele>868.800048828125</ele><time>2025-03-15T02:41:53.000Z</time></trkpt><trkpt lat="35.40940476581454" lon="139.1062922682613"><ele>869.5999755859375</ele><time>2025-03-15T02:42:02.000Z</time></trkpt><trkpt lat="35.40943209081888" lon="139.10631883889437"><ele>870.199951171875</ele><time>2025-03-15T02:42:05.000Z</time></trkpt><trkpt lat="35.4094432387501" lon="139.10637977533042"><ele>871.0</ele><time>2025-03-15T02:42:09.000Z</time></trkpt><trkpt lat="35.40945254266262" lon="139.10650458186865"><ele>872.199951171875</ele><time>2025-03-15T02:42:18.000Z</time></trkpt><trkpt lat="35.4094675462693" lon="139.10657482221723"><ele>872.800048828125</ele><time>2025-03-15T02:42:26.000Z</time></trkpt><trkpt lat="35.40948372334242" lon="139.10659125074744"><ele>873.199951171875</ele><time>2025-03-15T02:42:37.000Z</time></trkpt><trkpt lat="35.409510461613536" lon="139.10666652023792"><ele>875.0</ele><time>2025-03-15T02:42:48.000Z</time></trkpt><trkpt lat="35.4095415584743" lon="139.10675955936313"><ele>877.199951171875</ele><time>2025-03-15T02:42:59.000Z</time></trkpt><trkpt lat="35.40957324206829" lon="139.1067983675748"><ele>880.0</ele><time>2025-03-15T02:43:12.000Z</time></trkpt><trkpt lat="35.40957332588732" lon="139.10679895430803"><ele>880.5999755859375</ele><time>2025-03-15T02:43:24.000Z</time></trkpt><trkpt lat="35.40960995480418" lon="139.10684119910002"><ele>881.800048828125</ele><time>2025-03-15T02:43:33.000Z</time></trkpt><trkpt lat="35.40964976884425" lon="139.10691043362021"><ele>883.5999755859375</ele><time>2025-03-15T02:43:44.000Z</time></trkpt><trkpt lat="35.40972026064992" lon="139.10701462067664"><ele>886.5999755859375</ele><time>2025-03-15T02:43:57.000Z</time></trkpt><trkpt lat="35.40975538082421" lon="139.10715308971703"><ele>889.0</ele><time>2025-03-15T02:44:08.000Z</time></trkpt><trkpt lat="35.4097817838192" lon="139.10726959817111"><ele>889.800048828125</ele><time>2025-03-15T02:44:16.000Z</time></trkpt><trkpt lat="35.40981522761285" lon="139.1073615476489"><ele>890.4000244140625</ele><time>2025-03-15T02:44:23.000Z</time></trkpt><trkpt lat="35.409845570102334" lon="139.10750227980316"><ele>890.5999755859375</ele><time>2025-03-15T02:44:32.000Z</time></trkpt><trkpt lat="35.409870967268944" lon="139.10760923288763"><ele>891.0</ele><time>2025-03-15T02:44:40.000Z</time></trkpt><trkpt lat="35.40991069748998" lon="139.10767377354205"><ele>891.5999755859375</ele><time>2025-03-15T02:44:49.000Z</time></trkpt><trkpt lat="35.40991363115609" lon="139.10775708965957"><ele>892.4000244140625</ele><time>2025-03-15T02:44:55.000Z</time></trkpt><trkpt lat="35.4099300596863" lon="139.10790352150798"><ele>892.199951171875</ele><time>2025-03-15T02:45:05.000Z</time></trkpt><trkpt lat="35.409922264516354" lon="139.1080182697624"><ele>890.5999755859375</ele><time>2025-03-15T02:45:13.000Z</time></trkpt><trkpt lat="35.4099197499454" lon="139.10815078765154"><ele>888.5999755859375</ele><time>2025-03-15T02:45:22.000Z</time></trkpt><trkpt lat="35.40989083237946" lon="139.1083306632936"><ele>886.4000244140625</ele><time>2025-03-15T02:45:33.000Z</time></trkpt><trkpt lat="35.409872559830546" lon="139.10847139544785"><ele>886.199951171875</ele><time>2025-03-15T02:45:42.000Z</time></trkpt><trkpt lat="35.409811958670616" lon="139.10856787115335"><ele>886.199951171875</ele><time>2025-03-15T02:45:51.000Z</time></trkpt><trkpt lat="35.40977734141052" lon="139.1086229402572"><ele>885.199951171875</ele><time>2025-03-15T02:45:57.000Z</time></trkpt><trkpt lat="35.40969938971102" lon="139.1087136324495"><ele>883.0</ele><time>2025-03-15T02:46:06.000Z</time></trkpt><trkpt lat="35.40961825288832" lon="139.10877825692296"><ele>880.5999755859375</ele><time>2025-03-15T02:46:14.000Z</time></trkpt><trkpt lat="35.40955086238682" lon="139.10881815478206"><ele>879.0</ele><time>2025-03-15T02:46:22.000Z</time></trkpt><trkpt lat="35.40944843553007" lon="139.10885838791728"><ele>876.4000244140625</ele><time>2025-03-15T02:46:33.000Z</time></trkpt><trkpt lat="35.40938062593341" lon="139.10889585502446"><ele>873.5999755859375</ele><time>2025-03-15T02:46:42.000Z</time></trkpt><trkpt lat="35.40931038558483" lon="139.10899182781577"><ele>871.0</ele><time>2025-03-15T02:46:52.000Z</time></trkpt><trkpt lat="35.409240145236254" lon="139.1090989485383"><ele>869.199951171875</ele><time>2025-03-15T02:47:01.000Z</time></trkpt><trkpt lat="35.40918675251305" lon="139.10920078866184"><ele>869.5999755859375</ele><time>2025-03-15T02:47:13.000Z</time></trkpt><trkpt lat="35.409131180495024" lon="139.1092939954251"><ele>868.4000244140625</ele><time>2025-03-15T02:47:24.000Z</time></trkpt><trkpt lat="35.409094635397196" lon="139.10934193991125"><ele>865.800048828125</ele><time>2025-03-15T02:47:34.000Z</time></trkpt><trkpt lat="35.40906412526965" lon="139.10944813862443"><ele>862.5999755859375</ele><time>2025-03-15T02:47:46.000Z</time></trkpt><trkpt lat="35.40904115885496" lon="139.1094993520528"><ele>860.800048828125</ele><time>2025-03-15T02:47:53.000Z</time></trkpt><trkpt lat="35.40901408530772" lon="139.10961468704045"><ele>857.800048828125</ele><time>2025-03-15T02:48:04.000Z</time></trkpt><trkpt lat="35.40895566344261" lon="139.10971912555397"><ele>855.5999755859375</ele><time>2025-03-15T02:48:13.000Z</time></trkpt><trkpt lat="35.40891735814512" lon="139.1097918804735"><ele>853.0</ele><time>2025-03-15T02:48:26.000Z</time></trkpt><trkpt lat="35.408917777240276" lon="139.1097741946578"><ele>852.800048828125</ele><time>2025-03-15T02:48:36.000Z</time></trkpt><trkpt lat="35.40891593322158" lon="139.10977251827717"><ele>851.4000244140625</ele><time>2025-03-15T02:48:40.000Z</time></trkpt><trkpt lat="35.40891601704061" lon="139.10977184772491"><ele>851.800048828125</ele><time>2025-03-15T02:48:55.000Z</time></trkpt><trkpt lat="35.408916268497705" lon="139.10977193154395"><ele>851.0</ele><time>2025-03-15T02:49:10.000Z</time></trkpt><trkpt lat="35.40891601704061" lon="139.10977193154395"><ele>851.5999755859375</ele><time>2025-03-15T02:49:25.000Z</time></trkpt><trkpt lat="35.408900091424584" lon="139.10981107503176"><ele>851.5999755859375</ele><time>2025-03-15T02:49:33.000Z</time></trkpt><trkpt lat="35.40885725989938" lon="139.10988952964544"><ele>854.4000244140625</ele><time>2025-03-15T02:49:48.000Z</time></trkpt><trkpt lat="35.4088319465518" lon="139.10994459874928"><ele>857.4000244140625</ele><time>2025-03-15T02:49:59.000Z</time></trkpt><trkpt lat="35.40881744585931" lon="139.10997007973492"><ele>860.800048828125</ele><time>2025-03-15T02:50:11.000Z</time></trkpt><trkpt lat="35.40881719440222" lon="139.10997033119202"><ele>861.0</ele><time>2025-03-15T02:50:24.000Z</time></trkpt><trkpt lat="35.408817026764154" lon="139.1099708341062"><ele>861.800048828125</ele><time>2025-03-15T02:50:39.000Z</time></trkpt><trkpt lat="35.40880403481424" lon="139.10999505780637"><ele>861.5999755859375</ele><time>2025-03-15T02:50:48.000Z</time></trkpt><trkpt lat="35.40875625796616" lon="139.11004275083542"><ele>864.5999755859375</ele><time>2025-03-15T02:51:00.000Z</time></trkpt><trkpt lat="35.40875231847167" lon="139.11005104891956"><ele>867.0</ele><time>2025-03-15T02:51:15.000Z</time></trkpt><trkpt lat="35.40872356854379" lon="139.11012372002006"><ele>869.5999755859375</ele><time>2025-03-15T02:51:28.000Z</time></trkpt><trkpt lat="35.40871946141124" lon="139.11014433950186"><ele>871.800048828125</ele><time>2025-03-15T02:51:40.000Z</time></trkpt><trkpt lat="35.408680737018585" lon="139.11020862869918"><ele>875.0</ele><time>2025-03-15T02:51:54.000Z</time></trkpt><trkpt lat="35.4086781386286" lon="139.1102147474885"><ele>876.5999755859375</ele><time>2025-03-15T02:52:05.000Z</time></trkpt><trkpt lat="35.40867545641959" lon="139.11021541804075"><ele>877.199951171875</ele><time>2025-03-15T02:52:22.000Z</time></trkpt><trkpt lat="35.40866975672543" lon="139.11022547632456"><ele>877.0</ele><time>2025-03-15T02:52:34.000Z</time></trkpt><trkpt lat="35.40866523049772" lon="139.11023176275194"><ele>878.5999755859375</ele><time>2025-03-15T02:52:47.000Z</time></trkpt><trkpt lat="35.408622650429606" lon="139.1102969739586"><ele>881.800048828125</ele><time>2025-03-15T02:53:01.000Z</time></trkpt><trkpt lat="35.4086176212877" lon="139.11032346077263"><ele>884.4000244140625</ele><time>2025-03-15T02:53:13.000Z</time></trkpt><trkpt lat="35.40859121829271" lon="139.1103513725102"><ele>887.5999755859375</ele><time>2025-03-15T02:53:26.000Z</time></trkpt><trkpt lat="35.40859431959689" lon="139.11035765893757"><ele>889.0</ele><time>2025-03-15T02:53:37.000Z</time></trkpt><trkpt lat="35.408599684014916" lon="139.11037526093423"><ele>890.4000244140625</ele><time>2025-03-15T02:53:46.000Z</time></trkpt><trkpt lat="35.40858266875148" lon="139.11044298671186"><ele>893.199951171875</ele><time>2025-03-15T02:54:01.000Z</time></trkpt><trkpt lat="35.40853472426534" lon="139.11047835834324"><ele>896.4000244140625</ele><time>2025-03-15T02:54:13.000Z</time></trkpt><trkpt lat="35.40849432349205" lon="139.110541138798"><ele>899.199951171875</ele><time>2025-03-15T02:54:25.000Z</time></trkpt><trkpt lat="35.40843045338988" lon="139.1106341779232"><ele>902.4000244140625</ele><time>2025-03-15T02:54:40.000Z</time></trkpt><trkpt lat="35.40833154693246" lon="139.11073258146644"><ele>904.199951171875</ele><time>2025-03-15T02:54:54.000Z</time></trkpt><trkpt lat="35.40829843841493" lon="139.1107734851539"><ele>905.4000244140625</ele><time>2025-03-15T02:55:04.000Z</time></trkpt><trkpt lat="35.408286955207586" lon="139.1107797715813"><ele>905.5999755859375</ele><time>2025-03-15T02:55:14.000Z</time></trkpt><trkpt lat="35.40828603319824" lon="139.11077884957194"><ele>904.4000244140625</ele><time>2025-03-15T02:55:27.000Z</time></trkpt><trkpt lat="35.40828729048371" lon="139.11078094504774"><ele>904.800048828125</ele><time>2025-03-15T02:55:44.000Z</time></trkpt><trkpt lat="35.40828796103597" lon="139.11078169941902"><ele>904.800048828125</ele><time>2025-03-15T02:55:59.000Z</time></trkpt><trkpt lat="35.408288380131125" lon="139.11078102886677"><ele>904.800048828125</ele><time>2025-03-15T02:56:15.000Z</time></trkpt><trkpt lat="35.408291229978204" lon="139.11083249375224"><ele>905.199951171875</ele><time>2025-03-15T02:56:21.000Z</time></trkpt><trkpt lat="35.40829625912011" lon="139.11096065305173"><ele>904.4000244140625</ele><time>2025-03-15T02:56:31.000Z</time></trkpt><trkpt lat="35.40828142315149" lon="139.11102737300098"><ele>902.5999755859375</ele><time>2025-03-15T02:56:38.000Z</time></trkpt><trkpt lat="35.40828485973179" lon="139.11111823283136"><ele>900.800048828125</ele><time>2025-03-15T02:56:44.000Z</time></trkpt><trkpt lat="35.408297181129456" lon="139.11122241988778"><ele>897.5999755859375</ele><time>2025-03-15T02:56:52.000Z</time></trkpt><trkpt lat="35.4083192255348" lon="139.11133222281933"><ele>894.800048828125</ele><time>2025-03-15T02:57:01.000Z</time></trkpt><trkpt lat="35.408320566639304" lon="139.1113694384694"><ele>893.800048828125</ele><time>2025-03-15T02:57:04.000Z</time></trkpt><trkpt lat="35.40834336541593" lon="139.11151561886072"><ele>890.199951171875</ele><time>2025-03-15T02:57:17.000Z</time></trkpt><trkpt lat="35.408340599387884" lon="139.11152316257358"><ele>889.199951171875</ele><time>2025-03-15T02:57:22.000Z</time></trkpt><trkpt lat="35.40833976119757" lon="139.1115528345108"><ele>888.800048828125</ele><time>2025-03-15T02:57:29.000Z</time></trkpt><trkpt lat="35.40832869708538" lon="139.11160228773952"><ele>887.5999755859375</ele><time>2025-03-15T02:57:37.000Z</time></trkpt><trkpt lat="35.408344119787216" lon="139.11164235323668"><ele>886.199951171875</ele><time>2025-03-15T02:57:45.000Z</time></trkpt><trkpt lat="35.4083398450166" lon="139.111703960225"><ele>884.800048828125</ele><time>2025-03-15T02:57:54.000Z</time></trkpt><trkpt lat="35.408363062888384" lon="139.111762130633"><ele>883.800048828125</ele><time>2025-03-15T02:57:59.000Z</time></trkpt><trkpt lat="35.40836432017386" lon="139.11180194467306"><ele>883.0</ele><time>2025-03-15T02:58:02.000Z</time></trkpt><trkpt lat="35.40836775675416" lon="139.11184921860695"><ele>881.5999755859375</ele><time>2025-03-15T02:58:06.000Z</time></trkpt><trkpt lat="35.40841335430741" lon="139.11194837652147"><ele>879.4000244140625</ele><time>2025-03-15T02:58:14.000Z</time></trkpt><trkpt lat="35.40841746143997" lon="139.11204242147505"><ele>877.800048828125</ele><time>2025-03-15T02:58:20.000Z</time></trkpt><trkpt lat="35.408427184447646" lon="139.11210453137755"><ele>876.4000244140625</ele><time>2025-03-15T02:58:25.000Z</time></trkpt><trkpt lat="35.408450067043304" lon="139.1121361311525"><ele>875.5999755859375</ele><time>2025-03-15T02:58:28.000Z</time></trkpt><trkpt lat="35.40846548974514" lon="139.11217083223164"><ele>874.800048828125</ele><time>2025-03-15T02:58:31.000Z</time></trkpt><trkpt lat="35.40849926881492" lon="139.1121994983405"><ele>873.5999755859375</ele><time>2025-03-15T02:58:35.000Z</time></trkpt><trkpt lat="35.40851033292711" lon="139.11224082112312"><ele>873.0</ele><time>2025-03-15T02:58:38.000Z</time></trkpt><trkpt lat="35.408501448109746" lon="139.11237912252545"><ele>870.4000244140625</ele><time>2025-03-15T02:58:48.000Z</time></trkpt><trkpt lat="35.40850597433746" lon="139.11246838979423"><ele>868.199951171875</ele><time>2025-03-15T02:58:56.000Z</time></trkpt><trkpt lat="35.408490216359496" lon="139.11252446472645"><ele>866.0</ele><time>2025-03-15T02:59:02.000Z</time></trkpt><trkpt lat="35.408526761457324" lon="139.11261088214815"><ele>863.0</ele><time>2025-03-15T02:59:12.000Z</time></trkpt><trkpt lat="35.408567832782865" lon="139.11268279887736"><ele>860.0</ele><time>2025-03-15T02:59:22.000Z</time></trkpt><trkpt lat="35.40858912281692" lon="139.11274859681726"><ele>857.0</ele><time>2025-03-15T02:59:32.000Z</time></trkpt><trkpt lat="35.408627931028605" lon="139.11280467174947"><ele>854.0</ele><time>2025-03-15T02:59:42.000Z</time></trkpt><trkpt lat="35.40865131653845" lon="139.112853622064"><ele>851.5999755859375</ele><time>2025-03-15T02:59:50.000Z</time></trkpt><trkpt lat="35.40869523771107" lon="139.11290609277785"><ele>848.5999755859375</ele><time>2025-03-15T03:00:01.000Z</time></trkpt><trkpt lat="35.4087283462286" lon="139.1129908338189"><ele>845.5999755859375</ele><time>2025-03-15T03:00:11.000Z</time></trkpt><trkpt lat="35.408787187188864" lon="139.1130557935685"><ele>842.4000244140625</ele><time>2025-03-15T03:00:20.000Z</time></trkpt><trkpt lat="35.408843429759145" lon="139.1131792590022"><ele>839.5999755859375</ele><time>2025-03-15T03:00:30.000Z</time></trkpt><trkpt lat="35.40885843336582" lon="139.1132624913007"><ele>837.800048828125</ele><time>2025-03-15T03:00:37.000Z</time></trkpt><trkpt lat="35.40889355354011" lon="139.11343549378216"><ele>835.199951171875</ele><time>2025-03-15T03:00:48.000Z</time></trkpt><trkpt lat="35.408910317346454" lon="139.1135151218623"><ele>833.199951171875</ele><time>2025-03-15T03:00:55.000Z</time></trkpt><trkpt lat="35.408902522176504" lon="139.1136826761067"><ele>830.199951171875</ele><time>2025-03-15T03:01:07.000Z</time></trkpt><trkpt lat="35.408899672329426" lon="139.1138066444546"><ele>828.199951171875</ele><time>2025-03-15T03:01:15.000Z</time></trkpt><trkpt lat="35.408897744491696" lon="139.11395525559783"><ele>825.800048828125</ele><time>2025-03-15T03:01:24.000Z</time></trkpt><trkpt lat="35.408900091424584" lon="139.1139881964773"><ele>825.4000244140625</ele><time>2025-03-15T03:01:26.000Z</time></trkpt><trkpt lat="35.40889514610171" lon="139.11402985453606"><ele>825.0</ele><time>2025-03-15T03:01:29.000Z</time></trkpt><trkpt lat="35.40890587493777" lon="139.1141953971237"><ele>823.5999755859375</ele><time>2025-03-15T03:01:40.000Z</time></trkpt><trkpt lat="35.40895474143326" lon="139.114378541708"><ele>823.0</ele><time>2025-03-15T03:01:52.000Z</time></trkpt><trkpt lat="35.40900645777583" lon="139.1145217884332"><ele>821.4000244140625</ele><time>2025-03-15T03:02:02.000Z</time></trkpt><trkpt lat="35.40902892127633" lon="139.11467383615673"><ele>820.4000244140625</ele><time>2025-03-15T03:02:11.000Z</time></trkpt><trkpt lat="35.40904174558818" lon="139.11476075649261"><ele>821.0</ele><time>2025-03-15T03:02:18.000Z</time></trkpt><trkpt lat="35.40903336368501" lon="139.1149192582816"><ele>822.4000244140625</ele><time>2025-03-15T03:02:31.000Z</time></trkpt><trkpt lat="35.4090441763401" lon="139.11505362018943"><ele>825.5999755859375</ele><time>2025-03-15T03:02:42.000Z</time></trkpt><trkpt lat="35.40908005088568" lon="139.11519879475236"><ele>827.4000244140625</ele><time>2025-03-15T03:02:52.000Z</time></trkpt><trkpt lat="35.40908256545663" lon="139.1152501758188"><ele>827.800048828125</ele><time>2025-03-15T03:02:56.000Z</time></trkpt><trkpt lat="35.40910955518484" lon="139.11536165513098"><ele>828.800048828125</ele><time>2025-03-15T03:03:04.000Z</time></trkpt><trkpt lat="35.40913235396147" lon="139.11549375392497"><ele>830.0</ele><time>2025-03-15T03:03:13.000Z</time></trkpt><trkpt lat="35.40913579054177" lon="139.11559542641044"><ele>831.199951171875</ele><time>2025-03-15T03:03:20.000Z</time></trkpt><trkpt lat="35.409078961238265" lon="139.11579323932528"><ele>832.5999755859375</ele><time>2025-03-15T03:03:32.000Z</time></trkpt><trkpt lat="35.40908373892307" lon="139.11592232063413"><ele>833.0</ele><time>2025-03-15T03:03:40.000Z</time></trkpt><trkpt lat="35.40907057933509" lon="139.11606347188354"><ele>832.199951171875</ele><time>2025-03-15T03:03:49.000Z</time></trkpt><trkpt lat="35.4090666398406" lon="139.1160792298615"><ele>832.199951171875</ele><time>2025-03-15T03:03:50.000Z</time></trkpt><trkpt lat="35.40901307947934" lon="139.11612214520574"><ele>830.800048828125</ele><time>2025-03-15T03:03:56.000Z</time></trkpt><trkpt lat="35.408981731161475" lon="139.1162124183029"><ele>829.800048828125</ele><time>2025-03-15T03:04:05.000Z</time></trkpt><trkpt lat="35.40897427126765" lon="139.11632699891925"><ele>827.5999755859375</ele><time>2025-03-15T03:04:16.000Z</time></trkpt><trkpt lat="35.408967481926084" lon="139.116439986974"><ele>824.4000244140625</ele><time>2025-03-15T03:04:26.000Z</time></trkpt><trkpt lat="35.40898164734244" lon="139.11650964058936"><ele>821.5999755859375</ele><time>2025-03-15T03:04:35.000Z</time></trkpt><trkpt lat="35.40903277695179" lon="139.1165538970381"><ele>819.4000244140625</ele><time>2025-03-15T03:04:43.000Z</time></trkpt><trkpt lat="35.409028083086014" lon="139.11670912988484"><ele>816.0</ele><time>2025-03-15T03:04:55.000Z</time></trkpt><trkpt lat="35.40900553576648" lon="139.11677526310086"><ele>814.199951171875</ele><time>2025-03-15T03:05:01.000Z</time></trkpt><trkpt lat="35.40903629735112" lon="139.11679982207716"><ele>812.5999755859375</ele><time>2025-03-15T03:05:06.000Z</time></trkpt><trkpt lat="35.409052642062306" lon="139.1168947890401"><ele>810.0</ele><time>2025-03-15T03:05:16.000Z</time></trkpt><trkpt lat="35.409068148583174" lon="139.11692789755762"><ele>809.199951171875</ele><time>2025-03-15T03:05:19.000Z</time></trkpt><trkpt lat="35.409075524657965" lon="139.1170391254127"><ele>806.5999755859375</ele><time>2025-03-15T03:05:29.000Z</time></trkpt><trkpt lat="35.40909086354077" lon="139.11716024391353"><ele>804.0</ele><time>2025-03-15T03:05:39.000Z</time></trkpt><trkpt lat="35.40908784605563" lon="139.11723744124174"><ele>802.5999755859375</ele><time>2025-03-15T03:05:45.000Z</time></trkpt><trkpt lat="35.40912497788668" lon="139.11730675958097"><ele>801.199951171875</ele><time>2025-03-15T03:05:51.000Z</time></trkpt><trkpt lat="35.40913386270404" lon="139.11733634769917"><ele>800.5999755859375</ele><time>2025-03-15T03:05:53.000Z</time></trkpt><trkpt lat="35.4091567452997" lon="139.1174273751676"><ele>798.5999755859375</ele><time>2025-03-15T03:06:01.000Z</time></trkpt><trkpt lat="35.40917116217315" lon="139.1174484975636"><ele>798.199951171875</ele><time>2025-03-15T03:06:03.000Z</time></trkpt><trkpt lat="35.40923017077148" lon="139.1175681911409"><ele>796.199951171875</ele><time>2025-03-15T03:06:15.000Z</time></trkpt><trkpt lat="35.409291442483664" lon="139.11766273900867"><ele>794.5999755859375</ele><time>2025-03-15T03:06:23.000Z</time></trkpt><trkpt lat="35.40928113274276" lon="139.1177241783589"><ele>793.4000244140625</ele><time>2025-03-15T03:06:29.000Z</time></trkpt><trkpt lat="35.409291945397854" lon="139.1178039740771"><ele>791.5999755859375</ele><time>2025-03-15T03:06:37.000Z</time></trkpt><trkpt lat="35.409279121086" lon="139.11785988137126"><ele>788.800048828125</ele><time>2025-03-15T03:06:47.000Z</time></trkpt><trkpt lat="35.409276355057955" lon="139.11785854026675"><ele>786.5999755859375</ele><time>2025-03-15T03:06:57.000Z</time></trkpt><trkpt lat="35.40927576832473" lon="139.11785937845707"><ele>786.800048828125</ele><time>2025-03-15T03:07:09.000Z</time></trkpt><trkpt lat="35.40927509777248" lon="139.11785962991416"><ele>786.199951171875</ele><time>2025-03-15T03:07:20.000Z</time></trkpt><trkpt lat="35.40927509777248" lon="139.11785954609513"><ele>788.5999755859375</ele><time>2025-03-15T03:07:24.000Z</time></trkpt><trkpt lat="35.40927208028734" lon="139.11788477562368"><ele>786.4000244140625</ele><time>2025-03-15T03:07:34.000Z</time></trkpt><trkpt lat="35.40926587767899" lon="139.11790505982935"><ele>784.800048828125</ele><time>2025-03-15T03:07:44.000Z</time></trkpt><trkpt lat="35.409280797466636" lon="139.11794847808778"><ele>783.4000244140625</ele><time>2025-03-15T03:07:54.000Z</time></trkpt><trkpt lat="35.40929119102657" lon="139.11799726076424"><ele>781.4000244140625</ele><time>2025-03-15T03:08:04.000Z</time></trkpt><trkpt lat="35.409287586808205" lon="139.1180090792477"><ele>780.199951171875</ele><time>2025-03-15T03:08:12.000Z</time></trkpt><trkpt lat="35.409254897385836" lon="139.11803975701332"><ele>778.800048828125</ele><time>2025-03-15T03:08:21.000Z</time></trkpt><trkpt lat="35.40924374945462" lon="139.11808367818594"><ele>776.5999755859375</ele><time>2025-03-15T03:08:31.000Z</time></trkpt><trkpt lat="35.409243581816554" lon="139.1181026212871"><ele>775.199951171875</ele><time>2025-03-15T03:08:39.000Z</time></trkpt><trkpt lat="35.40924157015979" lon="139.11816355772316"><ele>773.800048828125</ele><time>2025-03-15T03:08:49.000Z</time></trkpt><trkpt lat="35.40920955128968" lon="139.11818845197558"><ele>772.0</ele><time>2025-03-15T03:08:57.000Z</time></trkpt><trkpt lat="35.409205947071314" lon="139.11819993518293"><ele>770.5999755859375</ele><time>2025-03-15T03:09:05.000Z</time></trkpt><trkpt lat="35.40918247774243" lon="139.11826103925705"><ele>767.4000244140625</ele><time>2025-03-15T03:09:16.000Z</time></trkpt><trkpt lat="35.40917535312474" lon="139.1183245740831"><ele>765.5999755859375</ele><time>2025-03-15T03:09:24.000Z</time></trkpt><trkpt lat="35.409157667309046" lon="139.11838098429143"><ele>762.4000244140625</ele><time>2025-03-15T03:09:34.000Z</time></trkpt><trkpt lat="35.40914266370237" lon="139.11841132678092"><ele>759.800048828125</ele><time>2025-03-15T03:09:44.000Z</time></trkpt><trkpt lat="35.40911827236414" lon="139.11845365539193"><ele>757.0</ele><time>2025-03-15T03:09:54.000Z</time></trkpt><trkpt lat="35.40911718271673" lon="139.1185019351542"><ele>754.4000244140625</ele><time>2025-03-15T03:10:03.000Z</time></trkpt><trkpt lat="35.40911533869803" lon="139.11850797012448"><ele>752.0</ele><time>2025-03-15T03:10:15.000Z</time></trkpt><trkpt lat="35.409103855490685" lon="139.11855013109744"><ele>751.0</ele><time>2025-03-15T03:10:25.000Z</time></trkpt><trkpt lat="35.409088768064976" lon="139.11862556822598"><ele>748.0</ele><time>2025-03-15T03:10:36.000Z</time></trkpt><trkpt lat="35.40904895402491" lon="139.1186993289739"><ele>745.4000244140625</ele><time>2025-03-15T03:10:45.000Z</time></trkpt><trkpt lat="35.409043757244945" lon="139.11876663565636"><ele>742.4000244140625</ele><time>2025-03-15T03:10:54.000Z</time></trkpt><trkpt lat="35.409035459160805" lon="139.11879773251712"><ele>739.800048828125</ele><time>2025-03-15T03:11:02.000Z</time></trkpt><trkpt lat="35.4090600181371" lon="139.11885355599225"><ele>737.4000244140625</ele><time>2025-03-15T03:11:11.000Z</time></trkpt><trkpt lat="35.40905708447099" lon="139.11888716742396"><ele>734.5999755859375</ele><time>2025-03-15T03:11:21.000Z</time></trkpt><trkpt lat="35.40905272588134" lon="139.11895397119224"><ele>732.5999755859375</ele><time>2025-03-15T03:11:29.000Z</time></trkpt><trkpt lat="35.409062867984176" lon="139.119037874043"><ele>729.5999755859375</ele><time>2025-03-15T03:11:41.000Z</time></trkpt><trkpt lat="35.40907736867666" lon="139.11909017711878"><ele>726.4000244140625</ele><time>2025-03-15T03:11:51.000Z</time></trkpt><trkpt lat="35.409079380333424" lon="139.11913502030075"><ele>723.0</ele><time>2025-03-15T03:12:01.000Z</time></trkpt><trkpt lat="35.40906957350671" lon="139.11918229423463"><ele>719.800048828125</ele><time>2025-03-15T03:12:09.000Z</time></trkpt><trkpt lat="35.40904216468334" lon="139.1192292328924"><ele>717.0</ele><time>2025-03-15T03:12:17.000Z</time></trkpt><trkpt lat="35.40903772227466" lon="139.1192234493792"><ele>715.0</ele><time>2025-03-15T03:12:25.000Z</time></trkpt><trkpt lat="35.40905565954745" lon="139.1192347649485"><ele>714.800048828125</ele><time>2025-03-15T03:12:32.000Z</time></trkpt><trkpt lat="35.40905783884227" lon="139.11927089095116"><ele>714.800048828125</ele><time>2025-03-15T03:12:37.000Z</time></trkpt><trkpt lat="35.40908943861723" lon="139.11928505636752"><ele>715.0</ele><time>2025-03-15T03:12:45.000Z</time></trkpt><trkpt lat="35.40908952243626" lon="139.11928597837687"><ele>715.0</ele><time>2025-03-15T03:12:47.000Z</time></trkpt><trkpt lat="35.40908415801823" lon="139.11933358758688"><ele>714.800048828125</ele><time>2025-03-15T03:12:51.000Z</time></trkpt><trkpt lat="35.409058928489685" lon="139.11947775632143"><ele>714.0</ele><time>2025-03-15T03:13:01.000Z</time></trkpt><trkpt lat="35.40899824351072" lon="139.11959325894713"><ele>711.4000244140625</ele><time>2025-03-15T03:13:11.000Z</time></trkpt><trkpt lat="35.408961195498705" lon="139.11972938105464"><ele>708.5999755859375</ele><time>2025-03-15T03:13:20.000Z</time></trkpt><trkpt lat="35.40891584940255" lon="139.11985653452575"><ele>707.199951171875</ele><time>2025-03-15T03:13:30.000Z</time></trkpt><trkpt lat="35.40886715054512" lon="139.11999969743192"><ele>707.800048828125</ele><time>2025-03-15T03:13:40.000Z</time></trkpt><trkpt lat="35.40882959961891" lon="139.12017974071205"><ele>706.4000244140625</ele><time>2025-03-15T03:13:51.000Z</time></trkpt><trkpt lat="35.40881828404963" lon="139.12025425583124"><ele>705.5999755859375</ele><time>2025-03-15T03:13:59.000Z</time></trkpt><trkpt lat="35.40880068205297" lon="139.12028828635812"><ele>705.4000244140625</ele><time>2025-03-15T03:14:09.000Z</time></trkpt><trkpt lat="35.408788695931435" lon="139.12030505016446"><ele>705.0</ele><time>2025-03-15T03:14:18.000Z</time></trkpt><trkpt lat="35.408788193017244" lon="139.12030362524092"><ele>703.4000244140625</ele><time>2025-03-15T03:14:26.000Z</time></trkpt><trkpt lat="35.40878961794078" lon="139.1203019488603"><ele>705.199951171875</ele><time>2025-03-15T03:14:44.000Z</time></trkpt><trkpt lat="35.4087888635695" lon="139.1203032899648"><ele>707.0</ele><time>2025-03-15T03:14:51.000Z</time></trkpt><trkpt lat="35.40878903120756" lon="139.12030287086964"><ele>705.4000244140625</ele><time>2025-03-15T03:15:12.000Z</time></trkpt><trkpt lat="35.40878836065531" lon="139.1203041281551"><ele>705.800048828125</ele><time>2025-03-15T03:15:35.000Z</time></trkpt><trkpt lat="35.40878567844629" lon="139.12030898965895"><ele>706.0</ele><time>2025-03-15T03:15:59.000Z</time></trkpt><trkpt lat="35.408770591020584" lon="139.12034888751805"><ele>706.199951171875</ele><time>2025-03-15T03:16:08.000Z</time></trkpt><trkpt lat="35.408726753667" lon="139.12040513008833"><ele>707.199951171875</ele><time>2025-03-15T03:16:17.000Z</time></trkpt><trkpt lat="35.408640671521425" lon="139.1204790584743"><ele>709.5999755859375</ele><time>2025-03-15T03:16:27.000Z</time></trkpt><trkpt lat="35.40862365625799" lon="139.12049188278615"><ele>710.0</ele><time>2025-03-15T03:16:29.000Z</time></trkpt><trkpt lat="35.40859004482627" lon="139.1206172760576"><ele>711.5999755859375</ele><time>2025-03-15T03:16:38.000Z</time></trkpt><trkpt lat="35.408605970442295" lon="139.1207073815167"><ele>711.800048828125</ele><time>2025-03-15T03:16:45.000Z</time></trkpt><trkpt lat="35.408621644601226" lon="139.1207811422646"><ele>712.0</ele><time>2025-03-15T03:16:50.000Z</time></trkpt><trkpt lat="35.40863715112209" lon="139.1208387259394"><ele>712.0</ele><time>2025-03-15T03:16:54.000Z</time></trkpt><trkpt lat="35.40865458548069" lon="139.1209925338626"><ele>712.5999755859375</ele><time>2025-03-15T03:17:06.000Z</time></trkpt><trkpt lat="35.408661626279354" lon="139.1210168413818"><ele>712.800048828125</ele><time>2025-03-15T03:17:16.000Z</time></trkpt><trkpt lat="35.40865693241358" lon="139.1210699826479"><ele>714.0</ele><time>2025-03-15T03:17:27.000Z</time></trkpt><trkpt lat="35.40865265764296" lon="139.12109998986125"><ele>714.199951171875</ele><time>2025-03-15T03:17:43.000Z</time></trkpt><trkpt lat="35.4086506459862" lon="139.12113326601684"><ele>715.5999755859375</ele><time>2025-03-15T03:17:46.000Z</time></trkpt><trkpt lat="35.40863648056984" lon="139.1212425660342"><ele>717.199951171875</ele><time>2025-03-15T03:17:58.000Z</time></trkpt><trkpt lat="35.40864058770239" lon="139.12129486911"><ele>719.800048828125</ele><time>2025-03-15T03:18:09.000Z</time></trkpt><trkpt lat="35.4086300265044" lon="139.12133996374905"><ele>721.199951171875</ele><time>2025-03-15T03:18:18.000Z</time></trkpt><trkpt lat="35.40860664099455" lon="139.1214109584689"><ele>724.0</ele><time>2025-03-15T03:18:33.000Z</time></trkpt><trkpt lat="35.40860479697585" lon="139.12142629735172"><ele>724.800048828125</ele><time>2025-03-15T03:18:44.000Z</time></trkpt><trkpt lat="35.4085935652256" lon="139.12152864038944"><ele>727.4000244140625</ele><time>2025-03-15T03:18:59.000Z</time></trkpt><trkpt lat="35.40858954191208" lon="139.12158714607358"><ele>730.0</ele><time>2025-03-15T03:19:11.000Z</time></trkpt><trkpt lat="35.40856699459255" lon="139.12168295122683"><ele>733.199951171875</ele><time>2025-03-15T03:19:26.000Z</time></trkpt><trkpt lat="35.40856573730707" lon="139.1216920875013"><ele>735.4000244140625</ele><time>2025-03-15T03:19:40.000Z</time></trkpt><trkpt lat="35.40856942534447" lon="139.12170734256506"><ele>735.800048828125</ele><time>2025-03-15T03:19:49.000Z</time></trkpt><trkpt lat="35.40856909006834" lon="139.1218004655093"><ele>738.800048828125</ele><time>2025-03-15T03:20:03.000Z</time></trkpt><trkpt lat="35.4085798189044" lon="139.12181454710662"><ele>741.4000244140625</ele><time>2025-03-15T03:20:17.000Z</time></trkpt><trkpt lat="35.40857847779989" lon="139.12181463092566"><ele>741.5999755859375</ele><time>2025-03-15T03:20:27.000Z</time></trkpt><trkpt lat="35.408576130867004" lon="139.1218160558492"><ele>742.199951171875</ele><time>2025-03-15T03:20:45.000Z</time></trkpt><trkpt lat="35.408575627952814" lon="139.12181748077273"><ele>742.0</ele><time>2025-03-15T03:21:03.000Z</time></trkpt><trkpt lat="35.40857546031475" lon="139.1218176484108"><ele>741.800048828125</ele><time>2025-03-15T03:21:17.000Z</time></trkpt><trkpt lat="35.40857437066734" lon="139.12181622348726"><ele>742.0</ele><time>2025-03-15T03:21:30.000Z</time></trkpt><trkpt lat="35.4085729457438" lon="139.1218160558492"><ele>741.800048828125</ele><time>2025-03-15T03:21:46.000Z</time></trkpt><trkpt lat="35.40857462212443" lon="139.12181857042015"><ele>742.0</ele><time>2025-03-15T03:22:01.000Z</time></trkpt><trkpt lat="35.408573197200894" lon="139.12185444496572"><ele>742.800048828125</ele><time>2025-03-15T03:22:10.000Z</time></trkpt><trkpt lat="35.40859289467335" lon="139.121923930943"><ele>745.800048828125</ele><time>2025-03-15T03:22:24.000Z</time></trkpt><trkpt lat="35.40859951637685" lon="139.1219532676041"><ele>748.0</ele><time>2025-03-15T03:22:36.000Z</time></trkpt><trkpt lat="35.40859783999622" lon="139.1220406908542"><ele>751.199951171875</ele><time>2025-03-15T03:22:50.000Z</time></trkpt><trkpt lat="35.40857529267669" lon="139.1221139486879"><ele>754.4000244140625</ele><time>2025-03-15T03:23:02.000Z</time></trkpt><trkpt lat="35.4085589479655" lon="139.1221738792956"><ele>757.4000244140625</ele><time>2025-03-15T03:23:13.000Z</time></trkpt><trkpt lat="35.40855098515749" lon="139.12220053374767"><ele>759.199951171875</ele><time>2025-03-15T03:23:24.000Z</time></trkpt><trkpt lat="35.408521397039294" lon="139.1222877893597"><ele>761.5999755859375</ele><time>2025-03-15T03:23:37.000Z</time></trkpt><trkpt lat="35.40851812809706" lon="139.12232358008623"><ele>764.0</ele><time>2025-03-15T03:23:48.000Z</time></trkpt><trkpt lat="35.408517038449645" lon="139.12236624397337"><ele>764.4000244140625</ele><time>2025-03-15T03:23:58.000Z</time></trkpt><trkpt lat="35.40855056606233" lon="139.12246204912663"><ele>765.800048828125</ele><time>2025-03-15T03:24:08.000Z</time></trkpt><trkpt lat="35.40857789106667" lon="139.1225629672408"><ele>767.5999755859375</ele><time>2025-03-15T03:24:19.000Z</time></trkpt><trkpt lat="35.40856406092644" lon="139.1226115822792"><ele>768.5999755859375</ele><time>2025-03-15T03:24:25.000Z</time></trkpt><trkpt lat="35.4085367359221" lon="139.12269338965416"><ele>770.0</ele><time>2025-03-15T03:24:34.000Z</time></trkpt><trkpt lat="35.408463226631284" lon="139.1227883566171"><ele>772.0</ele><time>2025-03-15T03:24:46.000Z</time></trkpt><trkpt lat="35.408434979617596" lon="139.12290905602276"><ele>773.800048828125</ele><time>2025-03-15T03:24:59.000Z</time></trkpt><trkpt lat="35.408427184447646" lon="139.12300787866116"><ele>775.800048828125</ele><time>2025-03-15T03:25:09.000Z</time></trkpt><trkpt lat="35.40842307731509" lon="139.12303344346583"><ele>776.4000244140625</ele><time>2025-03-15T03:25:11.000Z</time></trkpt><trkpt lat="35.408420730382204" lon="139.12306336686015"><ele>777.0</ele><time>2025-03-15T03:25:13.000Z</time></trkpt><trkpt lat="35.408414863049984" lon="139.12309295497835"><ele>777.4000244140625</ele><time>2025-03-15T03:25:15.000Z</time></trkpt><trkpt lat="35.40842793881893" lon="139.1232497803867"><ele>779.800048828125</ele><time>2025-03-15T03:25:25.000Z</time></trkpt><trkpt lat="35.408428525552154" lon="139.12332253530622"><ele>780.800048828125</ele><time>2025-03-15T03:25:30.000Z</time></trkpt><trkpt lat="35.40841335430741" lon="139.1233941167593"><ele>782.800048828125</ele><time>2025-03-15T03:25:40.000Z</time></trkpt><trkpt lat="35.408404720947146" lon="139.12340015172958"><ele>783.199951171875</ele><time>2025-03-15T03:25:48.000Z</time></trkpt><trkpt lat="35.40840773843229" lon="139.12341616116464"><ele>783.199951171875</ele><time>2025-03-15T03:25:57.000Z</time></trkpt><trkpt lat="35.40841427631676" lon="139.12342957220972"><ele>783.199951171875</ele><time>2025-03-15T03:26:07.000Z</time></trkpt><trkpt lat="35.40842793881893" lon="139.12346745841205"><ele>783.5999755859375</ele><time>2025-03-15T03:26:16.000Z</time></trkpt><trkpt lat="35.408451994881034" lon="139.1234548855573"><ele>783.800048828125</ele><time>2025-03-15T03:26:22.000Z</time></trkpt><trkpt lat="35.408460292965174" lon="139.12343552336097"><ele>783.800048828125</ele><time>2025-03-15T03:26:31.000Z</time></trkpt><trkpt lat="35.40843606926501" lon="139.12347617559135"><ele>784.5999755859375</ele><time>2025-03-15T03:26:39.000Z</time></trkpt><trkpt lat="35.40842232294381" lon="139.12346217781305"><ele>784.199951171875</ele><time>2025-03-15T03:26:45.000Z</time></trkpt><trkpt lat="35.4084278549999" lon="139.1234773490578"><ele>784.199951171875</ele><time>2025-03-15T03:26:49.000Z</time></trkpt><trkpt lat="35.408448139205575" lon="139.1234947834164"><ele>784.0</ele><time>2025-03-15T03:26:57.000Z</time></trkpt><trkpt lat="35.408451491966844" lon="139.1234926879406"><ele>784.0</ele><time>2025-03-15T03:27:05.000Z</time></trkpt><trkpt lat="35.408447720110416" lon="139.12349092774093"><ele>784.800048828125</ele><time>2025-03-15T03:27:13.000Z</time></trkpt><trkpt lat="35.408496838063" lon="139.1235066857189"><ele>784.5999755859375</ele><time>2025-03-15T03:27:21.000Z</time></trkpt><trkpt lat="35.40850153192878" lon="139.12351272068918"><ele>784.4000244140625</ele><time>2025-03-15T03:27:29.000Z</time></trkpt><trkpt lat="35.40849046781659" lon="139.12354163825512"><ele>784.4000244140625</ele><time>2025-03-15T03:27:33.000Z</time></trkpt><trkpt lat="35.408489629626274" lon="139.1235661972314"><ele>785.0</ele><time>2025-03-15T03:27:39.000Z</time></trkpt><trkpt lat="35.40849834680557" lon="139.1235680412501"><ele>785.0</ele><time>2025-03-15T03:27:40.000Z</time></trkpt><trkpt lat="35.408525839447975" lon="139.12357742898166"><ele>784.800048828125</ele><time>2025-03-15T03:27:43.000Z</time></trkpt><trkpt lat="35.40859306231141" lon="139.123631156981"><ele>783.5999755859375</ele><time>2025-03-15T03:27:54.000Z</time></trkpt><trkpt lat="35.408596247434616" lon="139.12363367155194"><ele>782.5999755859375</ele><time>2025-03-15T03:28:02.000Z</time></trkpt><trkpt lat="35.40862281806767" lon="139.123657643795"><ele>782.5999755859375</ele><time>2025-03-15T03:28:05.000Z</time></trkpt><trkpt lat="35.40865609422326" lon="139.1236948594451"><ele>782.4000244140625</ele><time>2025-03-15T03:28:09.000Z</time></trkpt><trkpt lat="35.40874318219721" lon="139.1238325741142"><ele>779.4000244140625</ele><time>2025-03-15T03:28:22.000Z</time></trkpt><trkpt lat="35.40884368121624" lon="139.12388202734292"><ele>777.4000244140625</ele><time>2025-03-15T03:28:32.000Z</time></trkpt><trkpt lat="35.408930350095034" lon="139.12393374368548"><ele>776.5999755859375</ele><time>2025-03-15T03:28:39.000Z</time></trkpt><trkpt lat="35.40902548469603" lon="139.12398076616228"><ele>775.5999755859375</ele><time>2025-03-15T03:28:47.000Z</time></trkpt><trkpt lat="35.40903721936047" lon="139.1239868849516"><ele>775.4000244140625</ele><time>2025-03-15T03:28:48.000Z</time></trkpt><trkpt lat="35.40907326154411" lon="139.12404128350317"><ele>774.199951171875</ele><time>2025-03-15T03:28:53.000Z</time></trkpt><trkpt lat="35.40918197482824" lon="139.12409165874124"><ele>772.4000244140625</ele><time>2025-03-15T03:29:02.000Z</time></trkpt><trkpt lat="35.40924726985395" lon="139.12415728904307"><ele>770.800048828125</ele><time>2025-03-15T03:29:10.000Z</time></trkpt><trkpt lat="35.40925104171038" lon="139.1241658385843"><ele>770.5999755859375</ele><time>2025-03-15T03:29:11.000Z</time></trkpt><trkpt lat="35.40926738642156" lon="139.1242448799312"><ele>768.0</ele><time>2025-03-15T03:29:20.000Z</time></trkpt><trkpt lat="35.40928725153208" lon="139.12425669841468"><ele>767.4000244140625</ele><time>2025-03-15T03:29:22.000Z</time></trkpt><trkpt lat="35.409345254302025" lon="139.12434462457895"><ele>764.5999755859375</ele><time>2025-03-15T03:29:33.000Z</time></trkpt><trkpt lat="35.409316923469305" lon="139.1244837641716"><ele>761.199951171875</ele><time>2025-03-15T03:29:45.000Z</time></trkpt><trkpt lat="35.40933335199952" lon="139.12456682883203"><ele>758.5999755859375</ele><time>2025-03-15T03:29:54.000Z</time></trkpt><trkpt lat="35.40939043276012" lon="139.12463354878128"><ele>756.199951171875</ele><time>2025-03-15T03:30:02.000Z</time></trkpt><trkpt lat="35.40940258651972" lon="139.1246536653489"><ele>755.800048828125</ele><time>2025-03-15T03:30:04.000Z</time></trkpt><trkpt lat="35.409459583461285" lon="139.12471996620297"><ele>753.5999755859375</ele><time>2025-03-15T03:30:12.000Z</time></trkpt><trkpt lat="35.4094828851521" lon="139.1247409209609"><ele>751.199951171875</ele><time>2025-03-15T03:30:16.000Z</time></trkpt><trkpt lat="35.40954583324492" lon="139.1247617918998"><ele>749.0</ele><time>2025-03-15T03:30:28.000Z</time></trkpt><trkpt lat="35.4095727391541" lon="139.1248191241175"><ele>747.0</ele><time>2025-03-15T03:30:37.000Z</time></trkpt><trkpt lat="35.409572487697005" lon="139.1248775459826"><ele>744.800048828125</ele><time>2025-03-15T03:30:46.000Z</time></trkpt><trkpt lat="35.40959771722555" lon="139.12496748380363"><ele>742.5999755859375</ele><time>2025-03-15T03:30:56.000Z</time></trkpt><trkpt lat="35.40959511883557" lon="139.1249806433916"><ele>742.4000244140625</ele><time>2025-03-15T03:30:57.000Z</time></trkpt><trkpt lat="35.40958086960018" lon="139.1250485368073"><ele>741.0</ele><time>2025-03-15T03:31:02.000Z</time></trkpt><trkpt lat="35.409567542374134" lon="139.1251230519265"><ele>739.4000244140625</ele><time>2025-03-15T03:31:09.000Z</time></trkpt><trkpt lat="35.40958623401821" lon="139.12518138997257"><ele>737.199951171875</ele><time>2025-03-15T03:31:18.000Z</time></trkpt><trkpt lat="35.40964256040752" lon="139.12524526007473"><ele>735.0</ele><time>2025-03-15T03:31:27.000Z</time></trkpt><trkpt lat="35.40963954292238" lon="139.12528624758124"><ele>734.0</ele><time>2025-03-15T03:31:32.000Z</time></trkpt><trkpt lat="35.40962655097246" lon="139.12531767971814"><ele>732.800048828125</ele><time>2025-03-15T03:31:36.000Z</time></trkpt><trkpt lat="35.409580785781145" lon="139.12538649514318"><ele>730.4000244140625</ele><time>2025-03-15T03:31:44.000Z</time></trkpt><trkpt lat="35.40959218516946" lon="139.12549554370344"><ele>727.5999755859375</ele><time>2025-03-15T03:31:55.000Z</time></trkpt><trkpt lat="35.409605680033565" lon="139.1255919355899"><ele>724.4000244140625</ele><time>2025-03-15T03:32:06.000Z</time></trkpt><trkpt lat="35.40962361730635" lon="139.12565329112113"><ele>722.0</ele><time>2025-03-15T03:32:14.000Z</time></trkpt><trkpt lat="35.40963392704725" lon="139.1257155686617"><ele>719.0</ele><time>2025-03-15T03:32:24.000Z</time></trkpt><trkpt lat="35.409664856269956" lon="139.12574985064566"><ele>716.5999755859375</ele><time>2025-03-15T03:32:34.000Z</time></trkpt><trkpt lat="35.409700982272625" lon="139.12580793723464"><ele>716.0</ele><time>2025-03-15T03:32:41.000Z</time></trkpt><trkpt lat="35.40969293564558" lon="139.1258709691465"><ele>714.199951171875</ele><time>2025-03-15T03:32:48.000Z</time></trkpt><trkpt lat="35.409687822684646" lon="139.12592243403196"><ele>711.800048828125</ele><time>2025-03-15T03:32:57.000Z</time></trkpt><trkpt lat="35.409706849604845" lon="139.1259513515979"><ele>710.4000244140625</ele><time>2025-03-15T03:33:06.000Z</time></trkpt><trkpt lat="35.409695617854595" lon="139.1259790956974"><ele>709.800048828125</ele><time>2025-03-15T03:33:13.000Z</time></trkpt><trkpt lat="35.40968354791403" lon="139.12606266327202"><ele>708.0</ele><time>2025-03-15T03:33:22.000Z</time></trkpt><trkpt lat="35.40967239998281" lon="139.12615871988237"><ele>705.5999755859375</ele><time>2025-03-15T03:33:32.000Z</time></trkpt><trkpt lat="35.409698970615864" lon="139.12625544704497"><ele>702.800048828125</ele><time>2025-03-15T03:33:42.000Z</time></trkpt><trkpt lat="35.409725457429886" lon="139.12630883976817"><ele>701.4000244140625</ele><time>2025-03-15T03:33:47.000Z</time></trkpt><trkpt lat="35.40974414907396" lon="139.12638595327735"><ele>699.4000244140625</ele><time>2025-03-15T03:33:54.000Z</time></trkpt><trkpt lat="35.409750854596496" lon="139.1264629829675"><ele>697.5999755859375</ele><time>2025-03-15T03:34:00.000Z</time></trkpt><trkpt lat="35.409750267863274" lon="139.12651805207133"><ele>696.4000244140625</ele><time>2025-03-15T03:34:04.000Z</time></trkpt><trkpt lat="35.40978379547596" lon="139.1265480592847"><ele>695.0</ele><time>2025-03-15T03:34:08.000Z</time></trkpt><trkpt lat="35.40981707163155" lon="139.1266463790089"><ele>692.4000244140625</ele><time>2025-03-15T03:34:16.000Z</time></trkpt><trkpt lat="35.40982696227729" lon="139.12670597434044"><ele>691.0</ele><time>2025-03-15T03:34:21.000Z</time></trkpt><trkpt lat="35.40987289510667" lon="139.126770850271"><ele>688.800048828125</ele><time>2025-03-15T03:34:28.000Z</time></trkpt><trkpt lat="35.409878343343735" lon="139.12678895518184"><ele>688.4000244140625</ele><time>2025-03-15T03:34:30.000Z</time></trkpt><trkpt lat="35.40985755622387" lon="139.1268443595618"><ele>686.800048828125</ele><time>2025-03-15T03:34:37.000Z</time></trkpt><trkpt lat="35.40984104387462" lon="139.12694125436246"><ele>684.5999755859375</ele><time>2025-03-15T03:34:44.000Z</time></trkpt><trkpt lat="35.409805085510015" lon="139.12696866318583"><ele>682.5999755859375</ele><time>2025-03-15T03:34:51.000Z</time></trkpt><trkpt lat="35.40973392315209" lon="139.12697268649936"><ele>680.0</ele><time>2025-03-15T03:35:00.000Z</time></trkpt><trkpt lat="35.40976485237479" lon="139.12707922048867"><ele>677.800048828125</ele><time>2025-03-15T03:35:10.000Z</time></trkpt><trkpt lat="35.40979804471135" lon="139.1271258238703"><ele>676.0</ele><time>2025-03-15T03:35:17.000Z</time></trkpt><trkpt lat="35.40982293896377" lon="139.1271821502596"><ele>674.0</ele><time>2025-03-15T03:35:24.000Z</time></trkpt><trkpt lat="35.4097746592015" lon="139.12722405977547"><ele>671.800048828125</ele><time>2025-03-15T03:35:33.000Z</time></trkpt><trkpt lat="35.409756219014525" lon="139.12722565233707"><ele>671.199951171875</ele><time>2025-03-15T03:35:35.000Z</time></trkpt><trkpt lat="35.4096900857985" lon="139.12721768952906"><ele>669.5999755859375</ele><time>2025-03-15T03:35:43.000Z</time></trkpt><trkpt lat="35.409684889018536" lon="139.12731491960585"><ele>667.4000244140625</ele><time>2025-03-15T03:35:52.000Z</time></trkpt><trkpt lat="35.40972478687763" lon="139.12739094346762"><ele>664.800048828125</ele><time>2025-03-15T03:36:02.000Z</time></trkpt><trkpt lat="35.409699473530054" lon="139.12747325375676"><ele>662.5999755859375</ele><time>2025-03-15T03:36:12.000Z</time></trkpt><trkpt lat="35.4096382856369" lon="139.12749588489532"><ele>660.4000244140625</ele><time>2025-03-15T03:36:20.000Z</time></trkpt><trkpt lat="35.40968396700919" lon="139.1275489423424"><ele>659.199951171875</ele><time>2025-03-15T03:36:29.000Z</time></trkpt><trkpt lat="35.40971003472805" lon="139.1275936178863"><ele>657.0</ele><time>2025-03-15T03:36:37.000Z</time></trkpt><trkpt lat="35.409699976444244" lon="139.12759956903756"><ele>656.5999755859375</ele><time>2025-03-15T03:36:38.000Z</time></trkpt><trkpt lat="35.40965806692839" lon="139.12761893123388"><ele>655.800048828125</ele><time>2025-03-15T03:36:42.000Z</time></trkpt><trkpt lat="35.409631663933396" lon="139.12765983492136"><ele>654.199951171875</ele><time>2025-03-15T03:36:49.000Z</time></trkpt><trkpt lat="35.409655552357435" lon="139.12766084074974"><ele>653.800048828125</ele><time>2025-03-15T03:36:52.000Z</time></trkpt><trkpt lat="35.40967139415443" lon="139.12770585156977"><ele>652.4000244140625</ele><time>2025-03-15T03:36:58.000Z</time></trkpt><trkpt lat="35.409636525437236" lon="139.1277228668332"><ele>651.4000244140625</ele><time>2025-03-15T03:37:02.000Z</time></trkpt><trkpt lat="35.40955404751003" lon="139.12776578217745"><ele>649.0</ele><time>2025-03-15T03:37:11.000Z</time></trkpt><trkpt lat="35.40952295064926" lon="139.12782135419548"><ele>647.0</ele><time>2025-03-15T03:37:19.000Z</time></trkpt><trkpt lat="35.40953133255243" lon="139.12782822735608"><ele>646.800048828125</ele><time>2025-03-15T03:37:20.000Z</time></trkpt><trkpt lat="35.409519262611866" lon="139.12787575274706"><ele>644.5999755859375</ele><time>2025-03-15T03:37:29.000Z</time></trkpt><trkpt lat="35.409515323117375" lon="139.1279392875731"><ele>642.4000244140625</ele><time>2025-03-15T03:37:37.000Z</time></trkpt><trkpt lat="35.40953359566629" lon="139.12796946242452"><ele>641.199951171875</ele><time>2025-03-15T03:37:41.000Z</time></trkpt><trkpt lat="35.40948523208499" lon="139.1280093602836"><ele>639.5999755859375</ele><time>2025-03-15T03:37:48.000Z</time></trkpt><trkpt lat="35.409407364204526" lon="139.127994524315"><ele>637.199951171875</ele><time>2025-03-15T03:37:57.000Z</time></trkpt><trkpt lat="35.40940694510937" lon="139.12800282239914"><ele>637.0</ele><time>2025-03-15T03:37:58.000Z</time></trkpt><trkpt lat="35.40940895676613" lon="139.12802813574672"><ele>636.4000244140625</ele><time>2025-03-15T03:38:00.000Z</time></trkpt><trkpt lat="35.409401999786496" lon="139.12811539135873"><ele>634.800048828125</ele><time>2025-03-15T03:38:06.000Z</time></trkpt><trkpt lat="35.409416668117046" lon="139.12822594866157"><ele>632.0</ele><time>2025-03-15T03:38:16.000Z</time></trkpt><trkpt lat="35.40945899672806" lon="139.12824355065823"><ele>629.5999755859375</ele><time>2025-03-15T03:38:24.000Z</time></trkpt><trkpt lat="35.40952647104859" lon="139.12822611629963"><ele>627.0</ele><time>2025-03-15T03:38:34.000Z</time></trkpt><trkpt lat="35.40953594259918" lon="139.12822728976607"><ele>626.5999755859375</ele><time>2025-03-15T03:38:35.000Z</time></trkpt><trkpt lat="35.40955748409033" lon="139.1282696183771"><ele>625.199951171875</ele><time>2025-03-15T03:38:40.000Z</time></trkpt><trkpt lat="35.40952546522021" lon="139.12839584983885"><ele>622.5999755859375</ele><time>2025-03-15T03:38:50.000Z</time></trkpt><trkpt lat="35.40947492234409" lon="139.12849777378142"><ele>620.4000244140625</ele><time>2025-03-15T03:38:58.000Z</time></trkpt><trkpt lat="35.40940987877548" lon="139.12861277349293"><ele>618.199951171875</ele><time>2025-03-15T03:39:06.000Z</time></trkpt><trkpt lat="35.409389762207866" lon="139.1286565270275"><ele>617.199951171875</ele><time>2025-03-15T03:39:10.000Z</time></trkpt><trkpt lat="35.40938464924693" lon="139.1287070699036"><ele>616.4000244140625</ele><time>2025-03-15T03:39:13.000Z</time></trkpt><trkpt lat="35.40931776165962" lon="139.1287429444492"><ele>614.5999755859375</ele><time>2025-03-15T03:39:20.000Z</time></trkpt><trkpt lat="35.409274427220225" lon="139.12881159223616"><ele>612.4000244140625</ele><time>2025-03-15T03:39:28.000Z</time></trkpt><trkpt lat="35.409277277067304" lon="139.1288407612592"><ele>611.5999755859375</ele><time>2025-03-15T03:39:31.000Z</time></trkpt><trkpt lat="35.409273924306035" lon="139.12896749563515"><ele>608.0</ele><time>2025-03-15T03:39:43.000Z</time></trkpt><trkpt lat="35.409275852143764" lon="139.1289763804525"><ele>605.800048828125</ele><time>2025-03-15T03:39:53.000Z</time></trkpt><trkpt lat="35.4092809651047" lon="139.12904125638306"><ele>605.0</ele><time>2025-03-15T03:40:00.000Z</time></trkpt><trkpt lat="35.40928725153208" lon="139.129056930542"><ele>604.5999755859375</ele><time>2025-03-15T03:40:02.000Z</time></trkpt><trkpt lat="35.409311056137085" lon="139.12915223278105"><ele>603.0</ele><time>2025-03-15T03:40:10.000Z</time></trkpt><trkpt lat="35.40928892791271" lon="139.12919724360108"><ele>602.0</ele><time>2025-03-15T03:40:14.000Z</time></trkpt><trkpt lat="35.40921449661255" lon="139.12918056361377"><ele>599.5999755859375</ele><time>2025-03-15T03:40:23.000Z</time></trkpt><trkpt lat="35.4091617744416" lon="139.129247199744"><ele>597.4000244140625</ele><time>2025-03-15T03:40:32.000Z</time></trkpt><trkpt lat="35.409119445830584" lon="139.1292067989707"><ele>595.4000244140625</ele><time>2025-03-15T03:40:40.000Z</time></trkpt><trkpt lat="35.40911148302257" lon="139.1291729360819"><ele>594.5999755859375</ele><time>2025-03-15T03:40:49.000Z</time></trkpt><trkpt lat="35.409088768064976" lon="139.1291095688939"><ele>594.800048828125</ele><time>2025-03-15T03:40:57.000Z</time></trkpt><trkpt lat="35.409082816913724" lon="139.1290976665914"><ele>594.800048828125</ele><time>2025-03-15T03:40:58.000Z</time></trkpt><trkpt lat="35.40906948968768" lon="139.12907394580543"><ele>594.5999755859375</ele><time>2025-03-15T03:41:00.000Z</time></trkpt><trkpt lat="35.40902942419052" lon="139.12894419394433"><ele>593.800048828125</ele><time>2025-03-15T03:41:10.000Z</time></trkpt><trkpt lat="35.40902397595346" lon="139.12893187254667"><ele>593.800048828125</ele><time>2025-03-15T03:41:11.000Z</time></trkpt><trkpt lat="35.409015929326415" lon="139.1288970876485"><ele>593.5999755859375</ele><time>2025-03-15T03:41:13.000Z</time></trkpt><trkpt lat="35.40899656713009" lon="139.1286544315517"><ele>592.199951171875</ele><time>2025-03-15T03:41:27.000Z</time></trkpt><trkpt lat="35.40898474864662" lon="139.12857019342482"><ele>592.4000244140625</ele><time>2025-03-15T03:41:33.000Z</time></trkpt><trkpt lat="35.40894526988268" lon="139.12842024117708"><ele>592.800048828125</ele><time>2025-03-15T03:41:43.000Z</time></trkpt><trkpt lat="35.40889053605497" lon="139.1282725520432"><ele>592.4000244140625</ele><time>2025-03-15T03:41:55.000Z</time></trkpt><trkpt lat="35.40887385606766" lon="139.12813575938344"><ele>592.4000244140625</ele><time>2025-03-15T03:42:06.000Z</time></trkpt><trkpt lat="35.408886428922415" lon="139.12799092009664"><ele>592.5999755859375</ele><time>2025-03-15T03:42:16.000Z</time></trkpt><trkpt lat="35.40889397263527" lon="139.12787416018546"><ele>592.800048828125</ele><time>2025-03-15T03:42:24.000Z</time></trkpt><trkpt lat="35.408870251849294" lon="139.12781339138746"><ele>592.4000244140625</ele><time>2025-03-15T03:42:30.000Z</time></trkpt><trkpt lat="35.40884653106332" lon="139.12771582603455"><ele>591.199951171875</ele><time>2025-03-15T03:42:39.000Z</time></trkpt><trkpt lat="35.408807219937444" lon="139.12761373445392"><ele>590.4000244140625</ele><time>2025-03-15T03:42:49.000Z</time></trkpt><trkpt lat="35.40878215804696" lon="139.12758733145893"><ele>590.0</ele><time>2025-03-15T03:42:52.000Z</time></trkpt><trkpt lat="35.40872583165765" lon="139.12748674862087"><ele>588.4000244140625</ele><time>2025-03-15T03:43:02.000Z</time></trkpt><trkpt lat="35.40866179391742" lon="139.12744249217212"><ele>586.4000244140625</ele><time>2025-03-15T03:43:11.000Z</time></trkpt><trkpt lat="35.40855299681425" lon="139.1273911949247"><ele>583.0</ele><time>2025-03-15T03:43:25.000Z</time></trkpt><trkpt lat="35.40854578837752" lon="139.12739505060017"><ele>580.0</ele><time>2025-03-15T03:43:34.000Z</time></trkpt><trkpt lat="35.40856548584998" lon="139.12744106724858"><ele>580.0</ele><time>2025-03-15T03:43:44.000Z</time></trkpt><trkpt lat="35.408538496121764" lon="139.12743251770735"><ele>578.800048828125</ele><time>2025-03-15T03:43:54.000Z</time></trkpt><trkpt lat="35.4084709379822" lon="139.12742346525192"><ele>578.0</ele><time>2025-03-15T03:44:01.000Z</time></trkpt><trkpt lat="35.408372869715095" lon="139.12733973003924"><ele>576.0</ele><time>2025-03-15T03:44:11.000Z</time></trkpt><trkpt lat="35.40833204984665" lon="139.12730829790235"><ele>575.5999755859375</ele><time>2025-03-15T03:44:15.000Z</time></trkpt><trkpt lat="35.408286368474364" lon="139.1272415779531"><ele>574.199951171875</ele><time>2025-03-15T03:44:23.000Z</time></trkpt><trkpt lat="35.408249320462346" lon="139.12722405977547"><ele>572.199951171875</ele><time>2025-03-15T03:44:31.000Z</time></trkpt><trkpt lat="35.40816164575517" lon="139.12719463929534"><ele>570.0</ele><time>2025-03-15T03:44:40.000Z</time></trkpt><trkpt lat="35.408048992976546" lon="139.12720737978816"><ele>568.0</ele><time>2025-03-15T03:44:49.000Z</time></trkpt><trkpt lat="35.40797213092446" lon="139.12721534259617"><ele>566.0</ele><time>2025-03-15T03:44:55.000Z</time></trkpt><trkpt lat="35.407942878082395" lon="139.1271900292486"><ele>563.800048828125</ele><time>2025-03-15T03:45:03.000Z</time></trkpt><trkpt lat="35.40793877094984" lon="139.12718717940152"><ele>562.5999755859375</ele><time>2025-03-15T03:45:11.000Z</time></trkpt><trkpt lat="35.40788806043565" lon="139.12718432955444"><ele>563.0</ele><time>2025-03-15T03:45:21.000Z</time></trkpt><trkpt lat="35.40789275430143" lon="139.1272394824773"><ele>562.5999755859375</ele><time>2025-03-15T03:45:28.000Z</time></trkpt><trkpt lat="35.40789334103465" lon="139.12728432565928"><ele>560.800048828125</ele><time>2025-03-15T03:45:35.000Z</time></trkpt><trkpt lat="35.40782729163766" lon="139.1272851638496"><ele>559.4000244140625</ele><time>2025-03-15T03:45:42.000Z</time></trkpt><trkpt lat="35.40775244124234" lon="139.1273163445294"><ele>558.0</ele><time>2025-03-15T03:45:49.000Z</time></trkpt><trkpt lat="35.40772226639092" lon="139.12732698954642"><ele>557.4000244140625</ele><time>2025-03-15T03:45:52.000Z</time></trkpt><trkpt lat="35.407656133174896" lon="139.12735934369266"><ele>555.199951171875</ele><time>2025-03-15T03:46:00.000Z</time></trkpt><trkpt lat="35.40758195333183" lon="139.12736043334007"><ele>553.4000244140625</ele><time>2025-03-15T03:46:09.000Z</time></trkpt><trkpt lat="35.407562674954534" lon="139.1273594275117"><ele>552.5999755859375</ele><time>2025-03-15T03:46:14.000Z</time></trkpt><trkpt lat="35.40753417648375" lon="139.12740318104625"><ele>552.199951171875</ele><time>2025-03-15T03:46:18.000Z</time></trkpt><trkpt lat="35.4074711445719" lon="139.12750594317913"><ele>551.4000244140625</ele><time>2025-03-15T03:46:28.000Z</time></trkpt><trkpt lat="35.407465528696775" lon="139.1275621857494"><ele>549.4000244140625</ele><time>2025-03-15T03:46:38.000Z</time></trkpt><trkpt lat="35.407376261428" lon="139.12764315493405"><ele>546.199951171875</ele><time>2025-03-15T03:46:50.000Z</time></trkpt><trkpt lat="35.407357485964894" lon="139.127653632313"><ele>545.5999755859375</ele><time>2025-03-15T03:46:52.000Z</time></trkpt><trkpt lat="35.407234942540526" lon="139.12772194482386"><ele>542.4000244140625</ele><time>2025-03-15T03:47:03.000Z</time></trkpt><trkpt lat="35.407224129885435" lon="139.1277281474322"><ele>542.199951171875</ele><time>2025-03-15T03:47:04.000Z</time></trkpt><trkpt lat="35.40720191784203" lon="139.1277334280312"><ele>541.800048828125</ele><time>2025-03-15T03:47:06.000Z</time></trkpt><trkpt lat="35.40712237358093" lon="139.12779386155307"><ele>541.0</ele><time>2025-03-15T03:47:14.000Z</time></trkpt><trkpt lat="35.40701458230615" lon="139.12790383212268"><ele>540.4000244140625</ele><time>2025-03-15T03:47:26.000Z</time></trkpt><trkpt lat="35.40696336887777" lon="139.12796133197844"><ele>540.5999755859375</ele><time>2025-03-15T03:47:32.000Z</time></trkpt><trkpt lat="35.406908467411995" lon="139.12806124426425"><ele>540.199951171875</ele><time>2025-03-15T03:47:41.000Z</time></trkpt><trkpt lat="35.406855158507824" lon="139.12810357287526"><ele>540.800048828125</ele><time>2025-03-15T03:47:46.000Z</time></trkpt><trkpt lat="35.40681065060198" lon="139.12812226451933"><ele>540.800048828125</ele><time>2025-03-15T03:47:50.000Z</time></trkpt><trkpt lat="35.40667712688446" lon="139.12815646268427"><ele>541.199951171875</ele><time>2025-03-15T03:48:00.000Z</time></trkpt><trkpt lat="35.406577717512846" lon="139.12819258868694"><ele>541.199951171875</ele><time>2025-03-15T03:48:07.000Z</time></trkpt><trkpt lat="35.40649079717696" lon="139.12823189981282"><ele>540.800048828125</ele><time>2025-03-15T03:48:14.000Z</time></trkpt><trkpt lat="35.40639138780534" lon="139.12828755564988"><ele>540.4000244140625</ele><time>2025-03-15T03:48:22.000Z</time></trkpt><trkpt lat="35.40629642084241" lon="139.1283417865634"><ele>539.800048828125</ele><time>2025-03-15T03:48:30.000Z</time></trkpt><trkpt lat="35.40621838532388" lon="139.12841169163585"><ele>539.0</ele><time>2025-03-15T03:48:37.000Z</time></trkpt><trkpt lat="35.40616909973323" lon="139.12845427170396"><ele>538.0</ele><time>2025-03-15T03:48:46.000Z</time></trkpt><trkpt lat="35.40616457350552" lon="139.12845829501748"><ele>537.4000244140625</ele><time>2025-03-15T03:48:56.000Z</time></trkpt><trkpt lat="35.406113443896174" lon="139.12853582762182"><ele>536.4000244140625</ele><time>2025-03-15T03:49:05.000Z</time></trkpt><trkpt lat="35.40598025545478" lon="139.12865987978876"><ele>533.800048828125</ele><time>2025-03-15T03:49:18.000Z</time></trkpt><trkpt lat="35.40590741671622" lon="139.12874839268625"><ele>532.0</ele><time>2025-03-15T03:49:26.000Z</time></trkpt><trkpt lat="35.4058875516057" lon="139.12875635549426"><ele>531.4000244140625</ele><time>2025-03-15T03:49:32.000Z</time></trkpt><trkpt lat="35.405891658738256" lon="139.12877303548157"><ele>530.800048828125</ele><time>2025-03-15T03:49:39.000Z</time></trkpt><trkpt lat="35.40588662959635" lon="139.12877412512898"><ele>529.800048828125</ele><time>2025-03-15T03:49:49.000Z</time></trkpt><trkpt lat="35.40588545612991" lon="139.12877303548157"><ele>529.4000244140625</ele><time>2025-03-15T03:50:08.000Z</time></trkpt><trkpt lat="35.40588537231088" lon="139.12877303548157"><ele>529.4000244140625</ele><time>2025-03-15T03:50:27.000Z</time></trkpt><trkpt lat="35.40588503703475" lon="139.12876985035837"><ele>529.5999755859375</ele><time>2025-03-15T03:50:49.000Z</time></trkpt><trkpt lat="35.40588394738734" lon="139.1287667490542"><ele>529.800048828125</ele><time>2025-03-15T03:51:07.000Z</time></trkpt><trkpt lat="35.40588445030153" lon="139.1287694312632"><ele>529.800048828125</ele><time>2025-03-15T03:51:23.000Z</time></trkpt><trkpt lat="35.40588294155896" lon="139.1287683416158"><ele>530.0</ele><time>2025-03-15T03:51:38.000Z</time></trkpt><trkpt lat="35.40588151663542" lon="139.12876892834902"><ele>530.0</ele><time>2025-03-15T03:51:53.000Z</time></trkpt><trkpt lat="35.40588009171188" lon="139.1287685930729"><ele>530.199951171875</ele><time>2025-03-15T03:52:10.000Z</time></trkpt><trkpt lat="35.40587757714093" lon="139.1287683416158"><ele>530.4000244140625</ele><time>2025-03-15T03:52:30.000Z</time></trkpt><trkpt lat="35.405872631818056" lon="139.12876708433032"><ele>530.5999755859375</ele><time>2025-03-15T03:52:53.000Z</time></trkpt><trkpt lat="35.40587028488517" lon="139.12876448594034"><ele>530.800048828125</ele><time>2025-03-15T03:53:16.000Z</time></trkpt><trkpt lat="35.40586894378066" lon="139.12876456975937"><ele>528.0</ele><time>2025-03-15T03:53:27.000Z</time></trkpt><trkpt lat="35.405864752829075" lon="139.12876272574067"><ele>530.800048828125</ele><time>2025-03-15T03:53:43.000Z</time></trkpt><trkpt lat="35.4058634955436" lon="139.12876029498875"><ele>532.5999755859375</ele><time>2025-03-15T03:53:58.000Z</time></trkpt><trkpt lat="35.405862741172314" lon="139.1287591215223"><ele>530.0</ele><time>2025-03-15T03:54:10.000Z</time></trkpt><trkpt lat="35.4058600589633" lon="139.1287593729794"><ele>531.199951171875</ele><time>2025-03-15T03:54:26.000Z</time></trkpt><trkpt lat="35.40585285052657" lon="139.1287593729794"><ele>531.199951171875</ele><time>2025-03-15T03:54:43.000Z</time></trkpt><trkpt lat="35.405846228823066" lon="139.12875819951296"><ele>531.4000244140625</ele><time>2025-03-15T03:55:01.000Z</time></trkpt><trkpt lat="35.40583994239569" lon="139.12875576876104"><ele>531.4000244140625</ele><time>2025-03-15T03:55:19.000Z</time></trkpt><trkpt lat="35.40583608672023" lon="139.12875509820879"><ele>531.5999755859375</ele><time>2025-03-15T03:55:34.000Z</time></trkpt><trkpt lat="35.40583189576864" lon="139.12875526584685"><ele>531.5999755859375</ele><time>2025-03-15T03:55:54.000Z</time></trkpt><trkpt lat="35.405829045921564" lon="139.1287561878562"><ele>531.5999755859375</ele><time>2025-03-15T03:56:07.000Z</time></trkpt><trkpt lat="35.40582753717899" lon="139.12875736132264"><ele>531.4000244140625</ele><time>2025-03-15T03:56:19.000Z</time></trkpt><trkpt lat="35.4058254417032" lon="139.12875627167523"><ele>531.800048828125</ele><time>2025-03-15T03:56:37.000Z</time></trkpt><trkpt lat="35.40582493878901" lon="139.12876297719777"><ele>533.800048828125</ele><time>2025-03-15T03:56:45.000Z</time></trkpt><trkpt lat="35.40582451969385" lon="139.12876389920712"><ele>532.0</ele><time>2025-03-15T03:56:49.000Z</time></trkpt><trkpt lat="35.40581923909485" lon="139.1287717781961"><ele>534.4000244140625</ele><time>2025-03-15T03:56:59.000Z</time></trkpt><trkpt lat="35.405820831656456" lon="139.1287704370916"><ele>534.4000244140625</ele><time>2025-03-15T03:57:08.000Z</time></trkpt><trkpt lat="35.405822675675154" lon="139.12877119146287"><ele>531.4000244140625</ele><time>2025-03-15T03:57:18.000Z</time></trkpt><trkpt lat="35.40582108311355" lon="139.12877219729125"><ele>534.199951171875</ele><time>2025-03-15T03:57:27.000Z</time></trkpt><trkpt lat="35.40582208894193" lon="139.12877739407122"><ele>533.0</ele><time>2025-03-15T03:57:41.000Z</time></trkpt><trkpt lat="35.40582602843642" lon="139.12878585979342"><ele>533.199951171875</ele><time>2025-03-15T03:57:51.000Z</time></trkpt><trkpt lat="35.40583482943475" lon="139.12878795526922"><ele>533.199951171875</ele><time>2025-03-15T03:58:04.000Z</time></trkpt><trkpt lat="35.405838349834085" lon="139.12878594361246"><ele>533.0</ele><time>2025-03-15T03:58:20.000Z</time></trkpt><trkpt lat="35.405829548835754" lon="139.12880253978074"><ele>532.800048828125</ele><time>2025-03-15T03:58:25.000Z</time></trkpt><trkpt lat="35.40579115971923" lon="139.12889583036304"><ele>533.0</ele><time>2025-03-15T03:58:33.000Z</time></trkpt><trkpt lat="35.4057857953012" lon="139.12890614010394"><ele>532.5999755859375</ele><time>2025-03-15T03:58:35.000Z</time></trkpt><trkpt lat="35.40577607229352" lon="139.1289491392672"><ele>532.199951171875</ele><time>2025-03-15T03:58:39.000Z</time></trkpt><trkpt lat="35.4057789221406" lon="139.12904301658273"><ele>531.199951171875</ele><time>2025-03-15T03:58:46.000Z</time></trkpt><trkpt lat="35.405779760330915" lon="139.1291439346969"><ele>529.5999755859375</ele><time>2025-03-15T03:58:55.000Z</time></trkpt><trkpt lat="35.40578864514828" lon="139.12917369045317"><ele>529.0</ele><time>2025-03-15T03:59:04.000Z</time></trkpt><trkpt lat="35.40579333901405" lon="139.12920461967587"><ele>528.4000244140625</ele><time>2025-03-15T03:59:14.000Z</time></trkpt><trkpt lat="35.40580088272691" lon="139.12921518087387"><ele>528.199951171875</ele><time>2025-03-15T03:59:36.000Z</time></trkpt><trkpt lat="35.40579593740404" lon="139.12932272069156"><ele>528.0</ele><time>2025-03-15T03:59:46.000Z</time></trkpt><trkpt lat="35.40580046363175" lon="139.12933931685984"><ele>527.199951171875</ele><time>2025-03-15T03:59:53.000Z</time></trkpt><trkpt lat="35.40577934123576" lon="139.1294652968645"><ele>525.4000244140625</ele><time>2025-03-15T04:00:03.000Z</time></trkpt><trkpt lat="35.405766516923904" lon="139.12950603291392"><ele>524.5999755859375</ele><time>2025-03-15T04:00:07.000Z</time></trkpt><trkpt lat="35.40575905703008" lon="139.12957476451993"><ele>522.0</ele><time>2025-03-15T04:00:16.000Z</time></trkpt><trkpt lat="35.40573013946414" lon="139.12961172871292"><ele>518.7999877929688</ele><time>2025-03-15T04:00:25.000Z</time></trkpt><trkpt lat="35.40572075173259" lon="139.12961893714964"><ele>517.5999755859375</ele><time>2025-03-15T04:00:32.000Z</time></trkpt><trkpt lat="35.40571195073426" lon="139.12962765432894"><ele>517.2000122070312</ele><time>2025-03-15T04:00:35.000Z</time></trkpt><trkpt lat="35.40566752664745" lon="139.12967702373862"><ele>516.2000122070312</ele><time>2025-03-15T04:00:42.000Z</time></trkpt><trkpt lat="35.405608182772994" lon="139.1297293268144"><ele>514.5999755859375</ele><time>2025-03-15T04:00:49.000Z</time></trkpt><trkpt lat="35.40559669956565" lon="139.12972865626216"><ele>514.4000244140625</ele><time>2025-03-15T04:00:50.000Z</time></trkpt><trkpt lat="35.405503660440445" lon="139.12978565320373"><ele>511.20001220703125</ele><time>2025-03-15T04:01:00.000Z</time></trkpt><trkpt lat="35.405392264947295" lon="139.1298032552004"><ele>508.4000244140625</ele><time>2025-03-15T04:01:09.000Z</time></trkpt><trkpt lat="35.40534465573728" lon="139.12984893657267"><ele>506.20001220703125</ele><time>2025-03-15T04:01:15.000Z</time></trkpt><trkpt lat="35.40527919307351" lon="139.1298698913306"><ele>503.79998779296875</ele><time>2025-03-15T04:01:24.000Z</time></trkpt><trkpt lat="35.405198726803064" lon="139.12993074394763"><ele>502.4000244140625</ele><time>2025-03-15T04:01:31.000Z</time></trkpt><trkpt lat="35.40516033768654" lon="139.12995563820004"><ele>501.5999755859375</ele><time>2025-03-15T04:01:35.000Z</time></trkpt><trkpt lat="35.40507785975933" lon="139.13006083108485"><ele>499.5999755859375</ele><time>2025-03-15T04:01:45.000Z</time></trkpt><trkpt lat="35.40507048368454" lon="139.13008807227015"><ele>498.4000244140625</ele><time>2025-03-15T04:01:56.000Z</time></trkpt><trkpt lat="35.40507668629289" lon="139.1301249526441"><ele>498.79998779296875</ele><time>2025-03-15T04:01:59.000Z</time></trkpt><trkpt lat="35.40508959442377" lon="139.13020483218133"><ele>497.20001220703125</ele><time>2025-03-15T04:02:04.000Z</time></trkpt><trkpt lat="35.40512898936868" lon="139.13033617660403"><ele>497.0</ele><time>2025-03-15T04:02:13.000Z</time></trkpt><trkpt lat="35.405153632164" lon="139.1304520983249"><ele>495.79998779296875</ele><time>2025-03-15T04:02:21.000Z</time></trkpt><trkpt lat="35.4051710665226" lon="139.13058989681304"><ele>494.0</ele><time>2025-03-15T04:02:30.000Z</time></trkpt><trkpt lat="35.405187075957656" lon="139.13065946660936"><ele>492.4000244140625</ele><time>2025-03-15T04:02:37.000Z</time></trkpt><trkpt lat="35.405211886391044" lon="139.13070414215326"><ele>491.4000244140625</ele><time>2025-03-15T04:02:41.000Z</time></trkpt><trkpt lat="35.40527022443712" lon="139.130777483806"><ele>488.4000244140625</ele><time>2025-03-15T04:02:51.000Z</time></trkpt><trkpt lat="35.40528103709221" lon="139.13086473941803"><ele>485.4000244140625</ele><time>2025-03-15T04:02:59.000Z</time></trkpt><trkpt lat="35.405270559713244" lon="139.13089818321168"><ele>484.4000244140625</ele><time>2025-03-15T04:03:02.000Z</time></trkpt><trkpt lat="35.40527475066483" lon="139.13095392286777"><ele>482.4000244140625</ele><time>2025-03-15T04:03:07.000Z</time></trkpt><trkpt lat="35.40529319085181" lon="139.13100086152554"><ele>480.5999755859375</ele><time>2025-03-15T04:03:12.000Z</time></trkpt><trkpt lat="35.40530987083912" lon="139.13106758147478"><ele>478.0</ele><time>2025-03-15T04:03:19.000Z</time></trkpt><trkpt lat="35.40535002015531" lon="139.13113614544272"><ele>475.20001220703125</ele><time>2025-03-15T04:03:26.000Z</time></trkpt><trkpt lat="35.40538455359638" lon="139.13117612712085"><ele>473.5999755859375</ele><time>2025-03-15T04:03:31.000Z</time></trkpt><trkpt lat="35.40545982308686" lon="139.1311759594828"><ele>470.5999755859375</ele><time>2025-03-15T04:03:41.000Z</time></trkpt><trkpt lat="35.405462170019746" lon="139.13116816431284"><ele>469.0</ele><time>2025-03-15T04:03:52.000Z</time></trkpt><trkpt lat="35.40546183474362" lon="139.13117034360766"><ele>468.5999755859375</ele><time>2025-03-15T04:04:06.000Z</time></trkpt><trkpt lat="35.40546376258135" lon="139.131168583408"><ele>468.4000244140625</ele><time>2025-03-15T04:04:14.000Z</time></trkpt><trkpt lat="35.4054612480104" lon="139.1311754565686"><ele>468.79998779296875</ele><time>2025-03-15T04:04:23.000Z</time></trkpt><trkpt lat="35.40546644479036" lon="139.13121493533254"><ele>468.4000244140625</ele><time>2025-03-15T04:04:32.000Z</time></trkpt><trkpt lat="35.40546325966716" lon="139.1312325373292"><ele>467.5999755859375</ele><time>2025-03-15T04:04:41.000Z</time></trkpt><trkpt lat="35.40549712255597" lon="139.131329767406"><ele>466.4000244140625</ele><time>2025-03-15T04:04:50.000Z</time></trkpt><trkpt lat="35.40551112033427" lon="139.1313707549125"><ele>465.79998779296875</ele><time>2025-03-15T04:04:53.000Z</time></trkpt><trkpt lat="35.40556937456131" lon="139.13151986896992"><ele>462.4000244140625</ele><time>2025-03-15T04:05:03.000Z</time></trkpt><trkpt lat="35.40561044588685" lon="139.13163855671883"><ele>459.0</ele><time>2025-03-15T04:05:13.000Z</time></trkpt><trkpt lat="35.40567305870354" lon="139.13174467161298"><ele>455.5999755859375</ele><time>2025-03-15T04:05:22.000Z</time></trkpt><trkpt lat="35.40565453469753" lon="139.13184475153685"><ele>452.79998779296875</ele><time>2025-03-15T04:05:29.000Z</time></trkpt><trkpt lat="35.40555068291724" lon="139.1319212783128"><ele>449.0</ele><time>2025-03-15T04:05:38.000Z</time></trkpt><trkpt lat="35.405490417033434" lon="139.1319593321532"><ele>446.5999755859375</ele><time>2025-03-15T04:05:44.000Z</time></trkpt><trkpt lat="35.405415734276175" lon="139.13201767019928"><ele>444.0</ele><time>2025-03-15T04:05:51.000Z</time></trkpt><trkpt lat="35.405399557203054" lon="139.13209076039493"><ele>441.5999755859375</ele><time>2025-03-15T04:05:57.000Z</time></trkpt><trkpt lat="35.405411291867495" lon="139.13219863548875"><ele>437.79998779296875</ele><time>2025-03-15T04:06:06.000Z</time></trkpt><trkpt lat="35.4054160695523" lon="139.13228346034884"><ele>434.79998779296875</ele><time>2025-03-15T04:06:13.000Z</time></trkpt><trkpt lat="35.40542336180806" lon="139.1323874797672"><ele>431.5999755859375</ele><time>2025-03-15T04:06:21.000Z</time></trkpt><trkpt lat="35.40543518029153" lon="139.13249535486102"><ele>428.20001220703125</ele><time>2025-03-15T04:06:29.000Z</time></trkpt><trkpt lat="35.40540609508753" lon="139.1325695347041"><ele>424.79998779296875</ele><time>2025-03-15T04:06:38.000Z</time></trkpt><trkpt lat="35.40538606233895" lon="139.13263097405434"><ele>422.4000244140625</ele><time>2025-03-15T04:06:47.000Z</time></trkpt><trkpt lat="35.40531297214329" lon="139.13273507729173"><ele>419.20001220703125</ele><time>2025-03-15T04:06:59.000Z</time></trkpt><trkpt lat="35.40528648532927" lon="139.1328383423388"><ele>416.0</ele><time>2025-03-15T04:07:08.000Z</time></trkpt><trkpt lat="35.40526636876166" lon="139.13293791934848"><ele>413.0</ele><time>2025-03-15T04:07:16.000Z</time></trkpt><trkpt lat="35.405253963544965" lon="139.1330571938306"><ele>410.0</ele><time>2025-03-15T04:07:24.000Z</time></trkpt><trkpt lat="35.40522697381675" lon="139.1331583634019"><ele>406.79998779296875</ele><time>2025-03-15T04:07:31.000Z</time></trkpt><trkpt lat="35.405155224725604" lon="139.13326632231474"><ele>406.0</ele><time>2025-03-15T04:07:39.000Z</time></trkpt><trkpt lat="35.40503301657736" lon="139.13333404809237"><ele>402.79998779296875</ele><time>2025-03-15T04:07:49.000Z</time></trkpt><trkpt lat="35.40489882230759" lon="139.13337763398886"><ele>399.79998779296875</ele><time>2025-03-15T04:07:59.000Z</time></trkpt><trkpt lat="35.404738895595074" lon="139.13341241888702"><ele>396.79998779296875</ele><time>2025-03-15T04:08:10.000Z</time></trkpt><trkpt lat="35.40463202632964" lon="139.13352037779987"><ele>394.0</ele><time>2025-03-15T04:08:20.000Z</time></trkpt><trkpt lat="35.40457796305418" lon="139.1336451843381"><ele>391.5999755859375</ele><time>2025-03-15T04:08:29.000Z</time></trkpt><trkpt lat="35.404523983597755" lon="139.13376898504794"><ele>389.20001220703125</ele><time>2025-03-15T04:08:38.000Z</time></trkpt><trkpt lat="35.404513170942664" lon="139.13381944410503"><ele>387.4000244140625</ele><time>2025-03-15T04:08:45.000Z</time></trkpt><trkpt lat="35.40449992753565" lon="139.13384333252907"><ele>386.0</ele><time>2025-03-15T04:08:54.000Z</time></trkpt><trkpt lat="35.404501017183065" lon="139.13384417071939"><ele>385.4000244140625</ele><time>2025-03-15T04:09:04.000Z</time></trkpt><trkpt lat="35.40450059808791" lon="139.13385707885027"><ele>385.20001220703125</ele><time>2025-03-15T04:09:07.000Z</time></trkpt><trkpt lat="35.40449724532664" lon="139.13389454595745"><ele>385.20001220703125</ele><time>2025-03-15T04:09:10.000Z</time></trkpt><trkpt lat="35.40454166941345" lon="139.13406394422054"><ele>384.0</ele><time>2025-03-15T04:09:22.000Z</time></trkpt><trkpt lat="35.404635882005095" lon="139.13409722037613"><ele>382.5999755859375</ele><time>2025-03-15T04:09:29.000Z</time></trkpt><trkpt lat="35.40470972657204" lon="139.13416519761086"><ele>381.4000244140625</ele><time>2025-03-15T04:09:36.000Z</time></trkpt><trkpt lat="35.404783487319946" lon="139.13419947959483"><ele>380.4000244140625</ele><time>2025-03-15T04:09:42.000Z</time></trkpt><trkpt lat="35.40488029830158" lon="139.1342866513878"><ele>379.0</ele><time>2025-03-15T04:09:51.000Z</time></trkpt><trkpt lat="35.405011558905244" lon="139.13435027003288"><ele>377.4000244140625</ele><time>2025-03-15T04:10:01.000Z</time></trkpt><trkpt lat="35.40512186475098" lon="139.1344237793237"><ele>375.79998779296875</ele><time>2025-03-15T04:10:10.000Z</time></trkpt><trkpt lat="35.405211886391044" lon="139.1345009766519"><ele>374.20001220703125</ele><time>2025-03-15T04:10:18.000Z</time></trkpt><trkpt lat="35.405308278277516" lon="139.13458881899714"><ele>372.0</ele><time>2025-03-15T04:10:26.000Z</time></trkpt><trkpt lat="35.40528112091124" lon="139.13472971878946"><ele>369.5999755859375</ele><time>2025-03-15T04:10:34.000Z</time></trkpt><trkpt lat="35.40522311814129" lon="139.13478009402752"><ele>367.4000244140625</ele><time>2025-03-15T04:10:41.000Z</time></trkpt><trkpt lat="35.405115159228444" lon="139.1348585486412"><ele>365.4000244140625</ele><time>2025-03-15T04:10:50.000Z</time></trkpt><trkpt lat="35.40497166104615" lon="139.13493524305522"><ele>362.20001220703125</ele><time>2025-03-15T04:11:01.000Z</time></trkpt><trkpt lat="35.404831264168024" lon="139.1350136976689"><ele>359.0</ele><time>2025-03-15T04:11:12.000Z</time></trkpt><trkpt lat="35.404761442914605" lon="139.13504018448293"><ele>355.79998779296875</ele><time>2025-03-15T04:11:18.000Z</time></trkpt><trkpt lat="35.40473839268088" lon="139.1350485663861"><ele>355.20001220703125</ele><time>2025-03-15T04:11:20.000Z</time></trkpt><trkpt lat="35.40470662526786" lon="139.1350691858679"><ele>354.79998779296875</ele><time>2025-03-15T04:11:23.000Z</time></trkpt><trkpt lat="35.404646191746" lon="139.13509072735906"><ele>354.4000244140625</ele><time>2025-03-15T04:11:28.000Z</time></trkpt><trkpt lat="35.40457888506353" lon="139.13513096049428"><ele>351.79998779296875</ele><time>2025-03-15T04:11:34.000Z</time></trkpt><trkpt lat="35.40449967607856" lon="139.1351661644876"><ele>350.5999755859375</ele><time>2025-03-15T04:11:41.000Z</time></trkpt><trkpt lat="35.404374450445175" lon="139.13523104041815"><ele>349.0</ele><time>2025-03-15T04:11:50.000Z</time></trkpt><trkpt lat="35.404240591451526" lon="139.13523615337908"><ele>347.4000244140625</ele><time>2025-03-15T04:11:59.000Z</time></trkpt><trkpt lat="35.40405107662082" lon="139.13521008566022"><ele>344.79998779296875</ele><time>2025-03-15T04:12:13.000Z</time></trkpt><trkpt lat="35.40396583266556" lon="139.13519826717675"><ele>342.5999755859375</ele><time>2025-03-15T04:12:20.000Z</time></trkpt><trkpt lat="35.40382166393101" lon="139.1351941600442"><ele>340.79998779296875</ele><time>2025-03-15T04:12:31.000Z</time></trkpt><trkpt lat="35.40373348630965" lon="139.1352319624275"><ele>339.4000244140625</ele><time>2025-03-15T04:12:38.000Z</time></trkpt><trkpt lat="35.40364187210798" lon="139.1352885402739"><ele>336.0</ele><time>2025-03-15T04:12:47.000Z</time></trkpt><trkpt lat="35.4036255273968" lon="139.135299352929"><ele>335.0</ele><time>2025-03-15T04:12:49.000Z</time></trkpt><trkpt lat="35.40358688682318" lon="139.13531745783985"><ele>330.79998779296875</ele><time>2025-03-15T04:12:55.000Z</time></trkpt><trkpt lat="35.40357414633036" lon="139.1353376582265"><ele>330.0</ele><time>2025-03-15T04:12:57.000Z</time></trkpt><trkpt lat="35.403524190187454" lon="139.13544519804418"><ele>330.5999755859375</ele><time>2025-03-15T04:13:05.000Z</time></trkpt><trkpt lat="35.403483118861914" lon="139.13556078448892"><ele>330.4000244140625</ele><time>2025-03-15T04:13:12.000Z</time></trkpt><trkpt lat="35.40343073196709" lon="139.13567343726754"><ele>328.4000244140625</ele><time>2025-03-15T04:13:20.000Z</time></trkpt><trkpt lat="35.40337884798646" lon="139.13573873229325"><ele>328.20001220703125</ele><time>2025-03-15T04:13:28.000Z</time></trkpt><trkpt lat="35.40331187658012" lon="139.135738061741"><ele>326.4000244140625</ele><time>2025-03-15T04:13:33.000Z</time></trkpt><trkpt lat="35.403186148032546" lon="139.13573722355068"><ele>323.79998779296875</ele><time>2025-03-15T04:13:42.000Z</time></trkpt><trkpt lat="35.403063436970115" lon="139.13568827323616"><ele>322.4000244140625</ele><time>2025-03-15T04:13:52.000Z</time></trkpt><trkpt lat="35.403038542717695" lon="139.13573454134166"><ele>322.0</ele><time>2025-03-15T04:14:00.000Z</time></trkpt><trkpt lat="35.40298758074641" lon="139.13564183749259"><ele>320.0</ele><time>2025-03-15T04:14:08.000Z</time></trkpt><trkpt lat="35.402872329577804" lon="139.13559414446354"><ele>321.0</ele><time>2025-03-15T04:14:17.000Z</time></trkpt><trkpt lat="35.40273478254676" lon="139.13553706370294"><ele>321.20001220703125</ele><time>2025-03-15T04:14:27.000Z</time></trkpt><trkpt lat="35.402610562741756" lon="139.13550512865186"><ele>319.5999755859375</ele><time>2025-03-15T04:14:35.000Z</time></trkpt><trkpt lat="35.40247938595712" lon="139.13547478616238"><ele>322.79998779296875</ele><time>2025-03-15T04:14:44.000Z</time></trkpt><trkpt lat="35.402436973527074" lon="139.13546447642148"><ele>324.4000244140625</ele><time>2025-03-15T04:14:47.000Z</time></trkpt><trkpt lat="35.402332032099366" lon="139.13543111644685"><ele>323.5999755859375</ele><time>2025-03-15T04:14:56.000Z</time></trkpt><trkpt lat="35.40220806375146" lon="139.1354357264936"><ele>321.79998779296875</ele><time>2025-03-15T04:15:04.000Z</time></trkpt><trkpt lat="35.40213757194579" lon="139.13554259575903"><ele>320.4000244140625</ele><time>2025-03-15T04:15:12.000Z</time></trkpt><trkpt lat="35.40205744095147" lon="139.13577318191528"><ele>319.79998779296875</ele><time>2025-03-15T04:15:26.000Z</time></trkpt><trkpt lat="35.40196834132075" lon="139.13584074005485"><ele>318.5999755859375</ele><time>2025-03-15T04:15:34.000Z</time></trkpt><trkpt lat="35.401806738227606" lon="139.13578189909458"><ele>318.0</ele><time>2025-03-15T04:15:46.000Z</time></trkpt><trkpt lat="35.401684027165174" lon="139.1357613634318"><ele>316.0</ele><time>2025-03-15T04:15:55.000Z</time></trkpt><trkpt lat="35.40161931887269" lon="139.1358712501824"><ele>313.20001220703125</ele><time>2025-03-15T04:16:03.000Z</time></trkpt><trkpt lat="35.40156894363463" lon="139.13594283163548"><ele>310.20001220703125</ele><time>2025-03-15T04:16:09.000Z</time></trkpt><trkpt lat="35.40151219815016" lon="139.13607459515333"><ele>310.4000244140625</ele><time>2025-03-15T04:16:19.000Z</time></trkpt><trkpt lat="35.4014425445348" lon="139.13624122738838"><ele>307.79998779296875</ele><time>2025-03-15T04:16:30.000Z</time></trkpt><trkpt lat="35.401425026357174" lon="139.1362796165049"><ele>306.79998779296875</ele><time>2025-03-15T04:16:36.000Z</time></trkpt><trkpt lat="35.40139015763998" lon="139.13636167533696"><ele>306.20001220703125</ele><time>2025-03-15T04:16:42.000Z</time></trkpt><trkpt lat="35.4013907443732" lon="139.1365975420922"><ele>305.5999755859375</ele><time>2025-03-15T04:16:55.000Z</time></trkpt><trkpt lat="35.40138118900359" lon="139.13677984848619"><ele>304.4000244140625</ele><time>2025-03-15T04:17:07.000Z</time></trkpt><trkpt lat="35.401380099356174" lon="139.13683919236064"><ele>304.4000244140625</ele><time>2025-03-15T04:17:18.000Z</time></trkpt><trkpt lat="35.40137942880392" lon="139.13683919236064"><ele>304.20001220703125</ele><time>2025-03-15T04:17:21.000Z</time></trkpt><trkpt lat="35.401375656947494" lon="139.13690155372024"><ele>304.0</ele><time>2025-03-15T04:17:26.000Z</time></trkpt><trkpt lat="35.40138361975551" lon="139.1369714587927"><ele>303.79998779296875</ele><time>2025-03-15T04:17:34.000Z</time></trkpt><trkpt lat="35.40139057673514" lon="139.13697355426848"><ele>303.79998779296875</ele><time>2025-03-15T04:17:35.000Z</time></trkpt><trkpt lat="35.40149283595383" lon="139.13709735497832"><ele>303.4000244140625</ele><time>2025-03-15T04:17:46.000Z</time></trkpt><trkpt lat="35.401552179828286" lon="139.13722853176296"><ele>302.5999755859375</ele><time>2025-03-15T04:17:55.000Z</time></trkpt><trkpt lat="35.401591239497066" lon="139.13733028806746"><ele>301.79998779296875</ele><time>2025-03-15T04:18:05.000Z</time></trkpt><trkpt lat="35.401593670248985" lon="139.13736624643207"><ele>302.20001220703125</ele><time>2025-03-15T04:18:16.000Z</time></trkpt><trkpt lat="35.40156751871109" lon="139.13737043738365"><ele>301.5999755859375</ele><time>2025-03-15T04:18:23.000Z</time></trkpt></trkseg></trk></gpx>