<?xml version="1.0" encoding="UTF-8"?><gpx version="1.1" creator="Garmin Explore App" xmlns="http://www.topografix.com/GPX/1/1" xmlns:adv="http://www.garmin.com/xmlschemas/AdventuresExtensions/v1" xmlns:gpxtpx="http://www.garmin.com/xmlschemas/TrackPointExtension/v1" xmlns:gpxtrx="http://www.garmin.com/xmlschemas/GpxExtensions/v3" xmlns:gpxx="http://www.garmin.com/xmlschemas/GpxExtensions/v3" xmlns:trp="http://www.garmin.com/xmlschemas/TripExtensions/v1" xmlns:wptx1="http://www.garmin.com/xmlschemas/WaypointExtension/v1" xmlns:xsi="http://www.w3.org/2001/XMLSchema-instance" xsi:schemaLocation="http://www.topografix.com/GPX/1/1 http://www.topografix.com/GPX/1/1/gpx.xsd http://www.garmin.com/xmlschemas/WaypointExtension/v1 http://www8.garmin.com/xmlschemas/WaypointExtensionv1.xsd http://www.garmin.com/xmlschemas/TrackPointExtension/v1 http://www.garmin.com/xmlschemas/TrackPointExtensionv1.xsd http://www.garmin.com/xmlschemas/GpxExtensions/v3 http://www8.garmin.com/xmlschemas/GpxExtensionsv3.xsd http://www.garmin.com/xmlschemas/ActivityExtension/v1 http://www8.garmin.com/xmlschemas/ActivityExtensionv1.xsd http://www.garmin.com/xmlschemas/AdventuresExtensions/v1 http://www8.garmin.com/xmlschemas/AdventuresExtensionv1.xsd http://www.garmin.com/xmlschemas/PressureExtension/v1 http://www.garmin.com/xmlschemas/PressureExtensionv1.xsd"><metadata><name>ハイキング near 富士箱根伊豆国立公園.gpx</name><link href="http://www.garmin.com"><text>Garmin International</text></link><time>2025-12-06T11:06:34.130Z</time></metadata><trk><name>2025-12-06 15.06.41</name><extensions><gpxx:TrackExtension xmlns:gpxx="http://www.garmin.com/xmlschemas/GpxExtensions/v3"><gpxx:DisplayColor>Blue</gpxx:DisplayColor></gpxx:TrackExtension></extensions><trkseg><trkpt lat="35.51191996783018" lon="138.96773437969387"><ele>1013.800048828125</ele><time>2025-12-06T00:06:39.000Z</time><extensions/></trkpt><trkpt lat="35.51191695034504" lon="138.96774787455797"><ele>1013.800048828125</ele><time>2025-12-06T00:06:40.000Z</time><extensions/></trkpt><trkpt lat="35.51191342994571" lon="138.96776338107884"><ele>1013.800048828125</ele><time>2025-12-06T00:06:41.000Z</time><extensions/></trkpt><trkpt lat="35.51191058009863" lon="138.96777955815196"><ele>1013.800048828125</ele><time>2025-12-06T00:06:42.000Z</time><extensions/></trkpt><trkpt lat="35.51192432641983" lon="138.96786857396364"><ele>1013.800048828125</ele><time>2025-12-06T00:06:51.000Z</time><extensions/></trkpt><trkpt lat="35.511932373046875" lon="138.96797703579068"><ele>1016.800048828125</ele><time>2025-12-06T00:07:02.000Z</time><extensions/></trkpt><trkpt lat="35.5119448620826" lon="138.96801819093525"><ele>1019.800048828125</ele><time>2025-12-06T00:07:06.000Z</time><extensions/></trkpt><trkpt lat="35.51197067834437" lon="138.96811835467815"><ele>1021.800048828125</ele><time>2025-12-06T00:07:18.000Z</time><extensions/></trkpt><trkpt lat="35.511954836547375" lon="138.96815213374794"><ele>1023.800048828125</ele><time>2025-12-06T00:07:28.000Z</time><extensions/></trkpt><trkpt lat="35.51194075495005" lon="138.96819253452122"><ele>1025.199951171875</ele><time>2025-12-06T00:07:38.000Z</time><extensions/></trkpt><trkpt lat="35.51186623983085" lon="138.96823301911354"><ele>1026.5999755859375</ele><time>2025-12-06T00:07:46.000Z</time><extensions/></trkpt><trkpt lat="35.51177906803787" lon="138.96825145930052"><ele>1028.0</ele><time>2025-12-06T00:07:56.000Z</time><extensions/></trkpt><trkpt lat="35.511613273993134" lon="138.9683367870748"><ele>1030.199951171875</ele><time>2025-12-06T00:08:11.000Z</time><extensions/></trkpt><trkpt lat="35.51156809553504" lon="138.96846645511687"><ele>1031.199951171875</ele><time>2025-12-06T00:08:19.000Z</time><extensions/></trkpt><trkpt lat="35.51155233755708" lon="138.96859796717763"><ele>1032.5999755859375</ele><time>2025-12-06T00:08:27.000Z</time><extensions/></trkpt><trkpt lat="35.511533645913005" lon="138.96868078038096"><ele>1033.5999755859375</ele><time>2025-12-06T00:08:34.000Z</time><extensions/></trkpt><trkpt lat="35.51149827428162" lon="138.9687646832317"><ele>1034.800048828125</ele><time>2025-12-06T00:08:43.000Z</time><extensions/></trkpt><trkpt lat="35.511477487161756" lon="138.968871133402"><ele>1036.199951171875</ele><time>2025-12-06T00:08:56.000Z</time><extensions/></trkpt><trkpt lat="35.51149726845324" lon="138.9689091872424"><ele>1037.0</ele><time>2025-12-06T00:09:05.000Z</time><extensions/></trkpt><trkpt lat="35.511517468839884" lon="138.9689380209893"><ele>1037.800048828125</ele><time>2025-12-06T00:09:12.000Z</time><extensions/></trkpt><trkpt lat="35.511555187404156" lon="138.96893944591284"><ele>1039.5999755859375</ele><time>2025-12-06T00:09:23.000Z</time><extensions/></trkpt><trkpt lat="35.51158335059881" lon="138.96889083087444"><ele>1041.0</ele><time>2025-12-06T00:09:32.000Z</time><extensions/></trkpt><trkpt lat="35.51157974638045" lon="138.96884623914957"><ele>1042.5999755859375</ele><time>2025-12-06T00:09:41.000Z</time><extensions/></trkpt><trkpt lat="35.511589888483286" lon="138.9688190817833"><ele>1043.800048828125</ele><time>2025-12-06T00:09:48.000Z</time><extensions/></trkpt><trkpt lat="35.51161587238312" lon="138.96882872097194"><ele>1047.0</ele><time>2025-12-06T00:10:04.000Z</time><extensions/></trkpt><trkpt lat="35.51166046410799" lon="138.96888689137995"><ele>1048.4000244140625</ele><time>2025-12-06T00:10:11.000Z</time><extensions/></trkpt><trkpt lat="35.51170094870031" lon="138.96894137375057"><ele>1050.800048828125</ele><time>2025-12-06T00:10:19.000Z</time><extensions/></trkpt><trkpt lat="35.51172676496208" lon="138.96900189109147"><ele>1054.0</ele><time>2025-12-06T00:10:30.000Z</time><extensions/></trkpt><trkpt lat="35.51171125844121" lon="138.96909719333053"><ele>1056.5999755859375</ele><time>2025-12-06T00:10:44.000Z</time><extensions/></trkpt><trkpt lat="35.511703630909324" lon="138.96914429962635"><ele>1058.5999755859375</ele><time>2025-12-06T00:10:59.000Z</time><extensions/></trkpt><trkpt lat="35.51173162646592" lon="138.9692210778594"><ele>1061.5999755859375</ele><time>2025-12-06T00:11:22.000Z</time><extensions/></trkpt><trkpt lat="35.51174344494939" lon="138.96922644227743"><ele>1061.800048828125</ele><time>2025-12-06T00:11:23.000Z</time><extensions/></trkpt><trkpt lat="35.51175459288061" lon="138.96922803483903"><ele>1062.0</ele><time>2025-12-06T00:11:24.000Z</time><extensions/></trkpt><trkpt lat="35.51176582463086" lon="138.96923239342868"><ele>1062.199951171875</ele><time>2025-12-06T00:11:25.000Z</time><extensions/></trkpt><trkpt lat="35.51177688874304" lon="138.9692371711135"><ele>1062.4000244140625</ele><time>2025-12-06T00:11:26.000Z</time><extensions/></trkpt><trkpt lat="35.51179968751967" lon="138.96922803483903"><ele>1063.0</ele><time>2025-12-06T00:11:28.000Z</time><extensions/></trkpt><trkpt lat="35.51183816045523" lon="138.9692107681185"><ele>1064.199951171875</ele><time>2025-12-06T00:11:33.000Z</time><extensions/></trkpt><trkpt lat="35.51185936667025" lon="138.9692054875195"><ele>1065.0</ele><time>2025-12-06T00:11:36.000Z</time><extensions/></trkpt><trkpt lat="35.511912759393454" lon="138.9691793359816"><ele>1067.4000244140625</ele><time>2025-12-06T00:11:44.000Z</time><extensions/></trkpt><trkpt lat="35.51195986568928" lon="138.96916022524238"><ele>1069.199951171875</ele><time>2025-12-06T00:11:51.000Z</time><extensions/></trkpt><trkpt lat="35.51198484376073" lon="138.96918025799096"><ele>1069.800048828125</ele><time>2025-12-06T00:11:54.000Z</time><extensions/></trkpt><trkpt lat="35.51200948655605" lon="138.96925846114755"><ele>1071.800048828125</ele><time>2025-12-06T00:12:02.000Z</time><extensions/></trkpt><trkpt lat="35.512028681114316" lon="138.96933322772384"><ele>1072.0</ele><time>2025-12-06T00:12:10.000Z</time><extensions/></trkpt><trkpt lat="35.51204988732934" lon="138.96947077475488"><ele>1075.0</ele><time>2025-12-06T00:12:23.000Z</time><extensions/></trkpt><trkpt lat="35.512022562325" lon="138.96959985606372"><ele>1076.800048828125</ele><time>2025-12-06T00:12:34.000Z</time><extensions/></trkpt><trkpt lat="35.512008648365736" lon="138.96964335814118"><ele>1077.0</ele><time>2025-12-06T00:12:37.000Z</time><extensions/></trkpt><trkpt lat="35.512006133794785" lon="138.96965643391013"><ele>1077.199951171875</ele><time>2025-12-06T00:12:38.000Z</time><extensions/></trkpt><trkpt lat="35.51200252957642" lon="138.96976833231747"><ele>1079.0</ele><time>2025-12-06T00:12:48.000Z</time><extensions/></trkpt><trkpt lat="35.511987525969744" lon="138.96986522711813"><ele>1080.199951171875</ele><time>2025-12-06T00:12:58.000Z</time><extensions/></trkpt><trkpt lat="35.511985095217824" lon="138.96995767951012"><ele>1081.5999755859375</ele><time>2025-12-06T00:13:06.000Z</time><extensions/></trkpt><trkpt lat="35.511985598132014" lon="138.9700400736183"><ele>1083.0</ele><time>2025-12-06T00:13:13.000Z</time><extensions/></trkpt><trkpt lat="35.51198065280914" lon="138.97006899118423"><ele>1083.800048828125</ele><time>2025-12-06T00:13:16.000Z</time><extensions/></trkpt><trkpt lat="35.511982664465904" lon="138.97012875415385"><ele>1085.0</ele><time>2025-12-06T00:13:21.000Z</time><extensions/></trkpt><trkpt lat="35.51195257343352" lon="138.97020536474884"><ele>1087.0</ele><time>2025-12-06T00:13:29.000Z</time><extensions/></trkpt><trkpt lat="35.51202314905822" lon="138.9702440891415"><ele>1089.4000244140625</ele><time>2025-12-06T00:13:38.000Z</time><extensions/></trkpt><trkpt lat="35.51203329116106" lon="138.970245430246"><ele>1089.5999755859375</ele><time>2025-12-06T00:13:39.000Z</time><extensions/></trkpt><trkpt lat="35.51208693534136" lon="138.97026202641428"><ele>1091.5999755859375</ele><time>2025-12-06T00:13:47.000Z</time><extensions/></trkpt><trkpt lat="35.51216564141214" lon="138.97024962119758"><ele>1094.199951171875</ele><time>2025-12-06T00:13:57.000Z</time><extensions/></trkpt><trkpt lat="35.51220788620412" lon="138.97031013853848"><ele>1097.0</ele><time>2025-12-06T00:14:10.000Z</time><extensions/></trkpt><trkpt lat="35.512203527614474" lon="138.97041943855584"><ele>1099.5999755859375</ele><time>2025-12-06T00:14:22.000Z</time><extensions/></trkpt><trkpt lat="35.512272929772735" lon="138.97044433280826"><ele>1102.5999755859375</ele><time>2025-12-06T00:14:44.000Z</time><extensions/></trkpt><trkpt lat="35.51233034580946" lon="138.97041709162295"><ele>1104.800048828125</ele><time>2025-12-06T00:14:55.000Z</time><extensions/></trkpt><trkpt lat="35.512386756017804" lon="138.97041499614716"><ele>1107.800048828125</ele><time>2025-12-06T00:15:06.000Z</time><extensions/></trkpt><trkpt lat="35.512466384097934" lon="138.97045439109206"><ele>1111.0</ele><time>2025-12-06T00:15:18.000Z</time><extensions/></trkpt><trkpt lat="35.5125043541193" lon="138.97054642438889"><ele>1113.5999755859375</ele><time>2025-12-06T00:15:29.000Z</time><extensions/></trkpt><trkpt lat="35.512493290007114" lon="138.97063795477152"><ele>1116.199951171875</ele><time>2025-12-06T00:15:40.000Z</time><extensions/></trkpt><trkpt lat="35.512510975822806" lon="138.97066611796618"><ele>1118.5999755859375</ele><time>2025-12-06T00:15:51.000Z</time><extensions/></trkpt><trkpt lat="35.512499157339334" lon="138.97074138745666"><ele>1121.0</ele><time>2025-12-06T00:16:02.000Z</time><extensions/></trkpt><trkpt lat="35.512533355504274" lon="138.97079578600824"><ele>1124.199951171875</ele><time>2025-12-06T00:16:18.000Z</time><extensions/></trkpt><trkpt lat="35.51251508295536" lon="138.97082168608904"><ele>1126.0</ele><time>2025-12-06T00:16:27.000Z</time><extensions/></trkpt><trkpt lat="35.51252036355436" lon="138.97086049430072"><ele>1127.800048828125</ele><time>2025-12-06T00:16:37.000Z</time><extensions/></trkpt><trkpt lat="35.512506449595094" lon="138.97091598249972"><ele>1129.199951171875</ele><time>2025-12-06T00:16:46.000Z</time><extensions/></trkpt><trkpt lat="35.51246219314635" lon="138.9710425492376"><ele>1132.0</ele><time>2025-12-06T00:16:59.000Z</time><extensions/></trkpt><trkpt lat="35.512473760172725" lon="138.9711347501725"><ele>1135.199951171875</ele><time>2025-12-06T00:17:11.000Z</time><extensions/></trkpt><trkpt lat="35.51250234246254" lon="138.97113198414445"><ele>1137.0</ele><time>2025-12-06T00:17:21.000Z</time><extensions/></trkpt><trkpt lat="35.512467389926314" lon="138.97113298997283"><ele>1137.4000244140625</ele><time>2025-12-06T00:17:25.000Z</time><extensions/></trkpt><trkpt lat="35.51245632581413" lon="138.9711342472583"><ele>1137.5999755859375</ele><time>2025-12-06T00:17:26.000Z</time><extensions/></trkpt><trkpt lat="35.512445429340005" lon="138.97113617509604"><ele>1137.5999755859375</ele><time>2025-12-06T00:17:27.000Z</time><extensions/></trkpt><trkpt lat="35.51243394613266" lon="138.9711395278573"><ele>1137.5999755859375</ele><time>2025-12-06T00:17:28.000Z</time><extensions/></trkpt><trkpt lat="35.51242279820144" lon="138.9711429644376"><ele>1137.5999755859375</ele><time>2025-12-06T00:17:29.000Z</time><extensions/></trkpt><trkpt lat="35.51240377128124" lon="138.97114916704595"><ele>1137.4000244140625</ele><time>2025-12-06T00:17:31.000Z</time><extensions/></trkpt><trkpt lat="35.51238348707557" lon="138.97116257809103"><ele>1137.0</ele><time>2025-12-06T00:17:33.000Z</time><extensions/></trkpt><trkpt lat="35.512293046340346" lon="138.97117188200355"><ele>1135.4000244140625</ele><time>2025-12-06T00:17:41.000Z</time><extensions/></trkpt><trkpt lat="35.51222347654402" lon="138.9712005481124"><ele>1134.4000244140625</ele><time>2025-12-06T00:17:47.000Z</time><extensions/></trkpt><trkpt lat="35.51221358589828" lon="138.97120675072074"><ele>1134.4000244140625</ele><time>2025-12-06T00:17:48.000Z</time><extensions/></trkpt><trkpt lat="35.51218424923718" lon="138.97120473906398"><ele>1134.199951171875</ele><time>2025-12-06T00:17:51.000Z</time><extensions/></trkpt><trkpt lat="35.51217041909695" lon="138.97120599634945"><ele>1134.199951171875</ele><time>2025-12-06T00:17:52.000Z</time><extensions/></trkpt><trkpt lat="35.51215901970863" lon="138.97120624780655"><ele>1134.199951171875</ele><time>2025-12-06T00:17:53.000Z</time><extensions/></trkpt><trkpt lat="35.51214669831097" lon="138.97120792418718"><ele>1134.199951171875</ele><time>2025-12-06T00:17:54.000Z</time><extensions/></trkpt><trkpt lat="35.51213311962783" lon="138.9712116960436"><ele>1134.4000244140625</ele><time>2025-12-06T00:17:55.000Z</time><extensions/></trkpt><trkpt lat="35.5121211335063" lon="138.97121664136648"><ele>1134.4000244140625</ele><time>2025-12-06T00:17:56.000Z</time><extensions/></trkpt><trkpt lat="35.51208953373134" lon="138.971231225878"><ele>1134.800048828125</ele><time>2025-12-06T00:17:59.000Z</time><extensions/></trkpt><trkpt lat="35.512060448527336" lon="138.9712404459715"><ele>1135.0</ele><time>2025-12-06T00:18:02.000Z</time><extensions/></trkpt><trkpt lat="35.51200923509896" lon="138.97126173600554"><ele>1136.199951171875</ele><time>2025-12-06T00:18:09.000Z</time><extensions/></trkpt><trkpt lat="35.51194008439779" lon="138.97132568992674"><ele>1138.5999755859375</ele><time>2025-12-06T00:18:19.000Z</time><extensions/></trkpt><trkpt lat="35.511862467974424" lon="138.9713432919234"><ele>1140.5999755859375</ele><time>2025-12-06T00:18:27.000Z</time><extensions/></trkpt><trkpt lat="35.51180857233703" lon="138.9713337365538"><ele>1141.800048828125</ele><time>2025-12-06T00:18:32.000Z</time><extensions/></trkpt><trkpt lat="35.51180027425289" lon="138.97132334299386"><ele>1142.0</ele><time>2025-12-06T00:18:33.000Z</time><extensions/></trkpt><trkpt lat="35.51171712577343" lon="138.97124773822725"><ele>1142.800048828125</ele><time>2025-12-06T00:18:42.000Z</time><extensions/></trkpt><trkpt lat="35.511612351983786" lon="138.9711886458099"><ele>1142.199951171875</ele><time>2025-12-06T00:18:51.000Z</time><extensions/></trkpt><trkpt lat="35.511534148827195" lon="138.9711289666593"><ele>1141.4000244140625</ele><time>2025-12-06T00:18:59.000Z</time><extensions/></trkpt><trkpt lat="35.51144018769264" lon="138.9711085986346"><ele>1140.5999755859375</ele><time>2025-12-06T00:19:07.000Z</time><extensions/></trkpt><trkpt lat="35.51135008223355" lon="138.97111765109003"><ele>1139.199951171875</ele><time>2025-12-06T00:19:15.000Z</time><extensions/></trkpt><trkpt lat="35.51125134341419" lon="138.9711257815361"><ele>1137.199951171875</ele><time>2025-12-06T00:19:23.000Z</time><extensions/></trkpt><trkpt lat="35.511183785274625" lon="138.9711299724877"><ele>1135.199951171875</ele><time>2025-12-06T00:19:30.000Z</time><extensions/></trkpt><trkpt lat="35.51116215996444" lon="138.97113307379186"><ele>1134.5999755859375</ele><time>2025-12-06T00:19:32.000Z</time><extensions/></trkpt><trkpt lat="35.51115126349032" lon="138.97113332524896"><ele>1134.199951171875</ele><time>2025-12-06T00:19:33.000Z</time><extensions/></trkpt><trkpt lat="35.5111382715404" lon="138.97113089449704"><ele>1134.0</ele><time>2025-12-06T00:19:34.000Z</time><extensions/></trkpt><trkpt lat="35.51112695597112" lon="138.97112435661256"><ele>1133.800048828125</ele><time>2025-12-06T00:19:35.000Z</time><extensions/></trkpt><trkpt lat="35.511117316782475" lon="138.9711138792336"><ele>1133.4000244140625</ele><time>2025-12-06T00:19:36.000Z</time><extensions/></trkpt><trkpt lat="35.51110742613673" lon="138.9711040724069"><ele>1133.199951171875</ele><time>2025-12-06T00:19:37.000Z</time><extensions/></trkpt><trkpt lat="35.51109845750034" lon="138.97109233774245"><ele>1133.0</ele><time>2025-12-06T00:19:38.000Z</time><extensions/></trkpt><trkpt lat="35.51107741892338" lon="138.97107892669737"><ele>1132.4000244140625</ele><time>2025-12-06T00:19:40.000Z</time><extensions/></trkpt><trkpt lat="35.5110642593354" lon="138.97107196971774"><ele>1132.0</ele><time>2025-12-06T00:19:41.000Z</time><extensions/></trkpt><trkpt lat="35.51105177029967" lon="138.97106467746198"><ele>1131.800048828125</ele><time>2025-12-06T00:19:42.000Z</time><extensions/></trkpt><trkpt lat="35.51103928126395" lon="138.97105964832008"><ele>1131.4000244140625</ele><time>2025-12-06T00:19:43.000Z</time><extensions/></trkpt><trkpt lat="35.51102729514241" lon="138.97105579264462"><ele>1131.199951171875</ele><time>2025-12-06T00:19:44.000Z</time><extensions/></trkpt><trkpt lat="35.51101639866829" lon="138.97104925476015"><ele>1131.0</ele><time>2025-12-06T00:19:45.000Z</time><extensions/></trkpt><trkpt lat="35.51100625656545" lon="138.97103902883828"><ele>1130.800048828125</ele><time>2025-12-06T00:19:46.000Z</time><extensions/></trkpt><trkpt lat="35.51093836314976" lon="138.9709944371134"><ele>1130.199951171875</ele><time>2025-12-06T00:19:52.000Z</time><extensions/></trkpt><trkpt lat="35.510880360379815" lon="138.97095118649304"><ele>1130.0</ele><time>2025-12-06T00:19:59.000Z</time><extensions/></trkpt><trkpt lat="35.510815316811204" lon="138.97092738188803"><ele>1130.199951171875</ele><time>2025-12-06T00:20:05.000Z</time><extensions/></trkpt><trkpt lat="35.51080148667097" lon="138.97092654369771"><ele>1130.199951171875</ele><time>2025-12-06T00:20:06.000Z</time><extensions/></trkpt><trkpt lat="35.51078765653074" lon="138.97092444822192"><ele>1130.4000244140625</ele><time>2025-12-06T00:20:07.000Z</time><extensions/></trkpt><trkpt lat="35.510760666802526" lon="138.97092503495514"><ele>1130.199951171875</ele><time>2025-12-06T00:20:10.000Z</time><extensions/></trkpt><trkpt lat="35.510751865804195" lon="138.970935260877"><ele>1130.199951171875</ele><time>2025-12-06T00:20:11.000Z</time><extensions/></trkpt><trkpt lat="35.510740131139755" lon="138.97094305604696"><ele>1130.199951171875</ele><time>2025-12-06T00:20:12.000Z</time><extensions/></trkpt><trkpt lat="35.51072286441922" lon="138.97094674408436"><ele>1128.5999755859375</ele><time>2025-12-06T00:20:19.000Z</time><extensions/></trkpt><trkpt lat="35.510692689567804" lon="138.9709410443902"><ele>1128.199951171875</ele><time>2025-12-06T00:20:22.000Z</time><extensions/></trkpt><trkpt lat="35.51068305037916" lon="138.9709336683154"><ele>1128.0</ele><time>2025-12-06T00:20:23.000Z</time><extensions/></trkpt><trkpt lat="35.5106757581234" lon="138.97092243656516"><ele>1127.800048828125</ele><time>2025-12-06T00:20:24.000Z</time><extensions/></trkpt><trkpt lat="35.51067039370537" lon="138.97090835496783"><ele>1127.800048828125</ele><time>2025-12-06T00:20:25.000Z</time><extensions/></trkpt><trkpt lat="35.51066377200186" lon="138.97089226171374"><ele>1127.5999755859375</ele><time>2025-12-06T00:20:26.000Z</time><extensions/></trkpt><trkpt lat="35.51064508035779" lon="138.97086602635682"><ele>1127.199951171875</ele><time>2025-12-06T00:20:28.000Z</time><extensions/></trkpt><trkpt lat="35.510633178055286" lon="138.97085915319622"><ele>1127.0</ele><time>2025-12-06T00:20:29.000Z</time><extensions/></trkpt><trkpt lat="35.51060903817415" lon="138.97085714153945"><ele>1126.5999755859375</ele><time>2025-12-06T00:20:31.000Z</time><extensions/></trkpt><trkpt lat="35.51059562712908" lon="138.97085705772042"><ele>1126.4000244140625</ele><time>2025-12-06T00:20:32.000Z</time><extensions/></trkpt><trkpt lat="35.510581796988845" lon="138.97086024284363"><ele>1126.199951171875</ele><time>2025-12-06T00:20:33.000Z</time><extensions/></trkpt><trkpt lat="35.51056603901088" lon="138.97086527198553"><ele>1126.0</ele><time>2025-12-06T00:20:34.000Z</time><extensions/></trkpt><trkpt lat="35.51055078394711" lon="138.97087088786066"><ele>1125.800048828125</ele><time>2025-12-06T00:20:35.000Z</time><extensions/></trkpt><trkpt lat="35.510536786168814" lon="138.9708765875548"><ele>1125.4000244140625</ele><time>2025-12-06T00:20:36.000Z</time><extensions/></trkpt><trkpt lat="35.510524632409215" lon="138.97088304162025"><ele>1125.199951171875</ele><time>2025-12-06T00:20:37.000Z</time><extensions/></trkpt><trkpt lat="35.51051457412541" lon="138.97089075297117"><ele>1125.0</ele><time>2025-12-06T00:20:38.000Z</time><extensions/></trkpt><trkpt lat="35.51050594076514" lon="138.9709013979882"><ele>1124.800048828125</ele><time>2025-12-06T00:20:39.000Z</time><extensions/></trkpt><trkpt lat="35.5104978941381" lon="138.97091346792877"><ele>1124.5999755859375</ele><time>2025-12-06T00:20:40.000Z</time><extensions/></trkpt><trkpt lat="35.51038457080722" lon="138.970998628065"><ele>1123.5999755859375</ele><time>2025-12-06T00:20:49.000Z</time><extensions/></trkpt><trkpt lat="35.51027996465564" lon="138.9710380230099"><ele>1123.5999755859375</ele><time>2025-12-06T00:20:57.000Z</time><extensions/></trkpt><trkpt lat="35.51022724248469" lon="138.97104933857918"><ele>1124.199951171875</ele><time>2025-12-06T00:21:01.000Z</time><extensions/></trkpt><trkpt lat="35.510172843933105" lon="138.9710993785411"><ele>1125.199951171875</ele><time>2025-12-06T00:21:08.000Z</time><extensions/></trkpt><trkpt lat="35.51015205681324" lon="138.97109183482826"><ele>1125.5999755859375</ele><time>2025-12-06T00:21:10.000Z</time><extensions/></trkpt><trkpt lat="35.51013546064496" lon="138.97109476849437"><ele>1125.800048828125</ele><time>2025-12-06T00:21:11.000Z</time><extensions/></trkpt><trkpt lat="35.510122552514076" lon="138.97109426558018"><ele>1126.0</ele><time>2025-12-06T00:21:12.000Z</time><extensions/></trkpt><trkpt lat="35.51010964438319" lon="138.9710900746286"><ele>1126.199951171875</ele><time>2025-12-06T00:21:13.000Z</time><extensions/></trkpt><trkpt lat="35.5100972391665" lon="138.9710877276957"><ele>1126.4000244140625</ele><time>2025-12-06T00:21:14.000Z</time><extensions/></trkpt><trkpt lat="35.510085336863995" lon="138.97108881734312"><ele>1126.5999755859375</ele><time>2025-12-06T00:21:15.000Z</time><extensions/></trkpt><trkpt lat="35.510073183104396" lon="138.97108881734312"><ele>1126.800048828125</ele><time>2025-12-06T00:21:16.000Z</time><extensions/></trkpt><trkpt lat="35.51006128080189" lon="138.9710872247815"><ele>1127.0</ele><time>2025-12-06T00:21:17.000Z</time><extensions/></trkpt><trkpt lat="35.50998726859689" lon="138.97109493613243"><ele>1127.4000244140625</ele><time>2025-12-06T00:21:25.000Z</time><extensions/></trkpt><trkpt lat="35.50984309986234" lon="138.97112242877483"><ele>1128.0</ele><time>2025-12-06T00:21:38.000Z</time><extensions/></trkpt><trkpt lat="35.50969574600458" lon="138.97113885730505"><ele>1129.800048828125</ele><time>2025-12-06T00:21:50.000Z</time><extensions/></trkpt><trkpt lat="35.509684681892395" lon="138.97113986313343"><ele>1131.199951171875</ele><time>2025-12-06T00:21:58.000Z</time><extensions/></trkpt><trkpt lat="35.5096741206944" lon="138.97114103659987"><ele>1131.199951171875</ele><time>2025-12-06T00:21:59.000Z</time><extensions/></trkpt><trkpt lat="35.50966389477253" lon="138.97114279679954"><ele>1131.4000244140625</ele><time>2025-12-06T00:22:00.000Z</time><extensions/></trkpt><trkpt lat="35.509623158723116" lon="138.97109501995146"><ele>1132.800048828125</ele><time>2025-12-06T00:22:09.000Z</time><extensions/></trkpt><trkpt lat="35.50956959836185" lon="138.97112226113677"><ele>1134.800048828125</ele><time>2025-12-06T00:22:18.000Z</time><extensions/></trkpt><trkpt lat="35.509498016908765" lon="138.97110415622592"><ele>1138.0</ele><time>2025-12-06T00:22:31.000Z</time><extensions/></trkpt><trkpt lat="35.50943196751177" lon="138.97112661972642"><ele>1139.800048828125</ele><time>2025-12-06T00:22:40.000Z</time><extensions/></trkpt><trkpt lat="35.50934974104166" lon="138.9711670204997"><ele>1142.800048828125</ele><time>2025-12-06T00:22:51.000Z</time><extensions/></trkpt><trkpt lat="35.50928293727338" lon="138.9712058287114"><ele>1146.0</ele><time>2025-12-06T00:23:03.000Z</time><extensions/></trkpt><trkpt lat="35.50924714654684" lon="138.9711791742593"><ele>1148.4000244140625</ele><time>2025-12-06T00:23:12.000Z</time><extensions/></trkpt><trkpt lat="35.509209763258696" lon="138.97119577042758"><ele>1150.4000244140625</ele><time>2025-12-06T00:23:21.000Z</time><extensions/></trkpt><trkpt lat="35.5091785825789" lon="138.9712121989578"><ele>1153.4000244140625</ele><time>2025-12-06T00:23:33.000Z</time><extensions/></trkpt><trkpt lat="35.509133571758866" lon="138.97121496498585"><ele>1156.199951171875</ele><time>2025-12-06T00:23:45.000Z</time><extensions/></trkpt><trkpt lat="35.50911722704768" lon="138.97123583592474"><ele>1158.4000244140625</ele><time>2025-12-06T00:23:56.000Z</time><extensions/></trkpt><trkpt lat="35.509078754112124" lon="138.97124254144728"><ele>1160.199951171875</ele><time>2025-12-06T00:24:05.000Z</time><extensions/></trkpt><trkpt lat="35.50902519375086" lon="138.9712547790259"><ele>1162.199951171875</ele><time>2025-12-06T00:24:14.000Z</time><extensions/></trkpt><trkpt lat="35.5089935939759" lon="138.97127657197416"><ele>1164.199951171875</ele><time>2025-12-06T00:24:24.000Z</time><extensions/></trkpt><trkpt lat="35.50892888568342" lon="138.9712777454406"><ele>1166.199951171875</ele><time>2025-12-06T00:24:35.000Z</time><extensions/></trkpt><trkpt lat="35.50885956734419" lon="138.97125268355012"><ele>1167.800048828125</ele><time>2025-12-06T00:24:45.000Z</time><extensions/></trkpt><trkpt lat="35.508805084973574" lon="138.97121077403426"><ele>1170.4000244140625</ele><time>2025-12-06T00:24:56.000Z</time><extensions/></trkpt><trkpt lat="35.50878144800663" lon="138.97117129527032"><ele>1173.4000244140625</ele><time>2025-12-06T00:25:09.000Z</time><extensions/></trkpt><trkpt lat="35.50874238833785" lon="138.97111454978585"><ele>1175.4000244140625</ele><time>2025-12-06T00:25:19.000Z</time><extensions/></trkpt><trkpt lat="35.508709866553545" lon="138.97111773490906"><ele>1176.800048828125</ele><time>2025-12-06T00:25:27.000Z</time><extensions/></trkpt><trkpt lat="35.50867499783635" lon="138.97107984870672"><ele>1180.0</ele><time>2025-12-06T00:25:45.000Z</time><extensions/></trkpt><trkpt lat="35.50862898118794" lon="138.97106585092843"><ele>1182.199951171875</ele><time>2025-12-06T00:25:56.000Z</time><extensions/></trkpt><trkpt lat="35.50857776775956" lon="138.97107138298452"><ele>1184.0</ele><time>2025-12-06T00:26:06.000Z</time><extensions/></trkpt><trkpt lat="35.50854591652751" lon="138.97104187868536"><ele>1185.5999755859375</ele><time>2025-12-06T00:26:14.000Z</time><extensions/></trkpt><trkpt lat="35.50851498730481" lon="138.97099133580923"><ele>1188.0</ele><time>2025-12-06T00:26:25.000Z</time><extensions/></trkpt><trkpt lat="35.50850342027843" lon="138.97092327475548"><ele>1190.5999755859375</ele><time>2025-12-06T00:26:36.000Z</time><extensions/></trkpt><trkpt lat="35.508467545732856" lon="138.9708921778947"><ele>1192.0</ele><time>2025-12-06T00:26:45.000Z</time><extensions/></trkpt><trkpt lat="35.508419182151556" lon="138.97084758616984"><ele>1194.199951171875</ele><time>2025-12-06T00:26:56.000Z</time><extensions/></trkpt><trkpt lat="35.50835673697293" lon="138.97080165334046"><ele>1196.800048828125</ele><time>2025-12-06T00:27:07.000Z</time><extensions/></trkpt><trkpt lat="35.508287167176604" lon="138.9707620907575"><ele>1199.0</ele><time>2025-12-06T00:27:18.000Z</time><extensions/></trkpt><trkpt lat="35.50820644944906" lon="138.97073552012444"><ele>1201.199951171875</ele><time>2025-12-06T00:27:29.000Z</time><extensions/></trkpt><trkpt lat="35.508142076432705" lon="138.9707187563181"><ele>1203.4000244140625</ele><time>2025-12-06T00:27:39.000Z</time><extensions/></trkpt><trkpt lat="35.508069740608335" lon="138.9706952869892"><ele>1205.800048828125</ele><time>2025-12-06T00:27:51.000Z</time><extensions/></trkpt><trkpt lat="35.507984748110175" lon="138.97066242992878"><ele>1208.4000244140625</ele><time>2025-12-06T00:28:03.000Z</time><extensions/></trkpt><trkpt lat="35.50789464265108" lon="138.9706357754767"><ele>1211.199951171875</ele><time>2025-12-06T00:28:16.000Z</time><extensions/></trkpt><trkpt lat="35.50781149417162" lon="138.97063493728638"><ele>1213.5999755859375</ele><time>2025-12-06T00:28:27.000Z</time><extensions/></trkpt><trkpt lat="35.507738990709186" lon="138.97063141688704"><ele>1216.199951171875</ele><time>2025-12-06T00:28:39.000Z</time><extensions/></trkpt><trkpt lat="35.50769029185176" lon="138.9706275612116"><ele>1218.0</ele><time>2025-12-06T00:28:48.000Z</time><extensions/></trkpt><trkpt lat="35.507638072595" lon="138.97061716765165"><ele>1220.0</ele><time>2025-12-06T00:28:58.000Z</time><extensions/></trkpt><trkpt lat="35.507584596052766" lon="138.9706082828343"><ele>1222.0</ele><time>2025-12-06T00:29:09.000Z</time><extensions/></trkpt><trkpt lat="35.50754268653691" lon="138.97061289288104"><ele>1224.199951171875</ele><time>2025-12-06T00:29:19.000Z</time><extensions/></trkpt><trkpt lat="35.50748124718666" lon="138.97061138413846"><ele>1226.5999755859375</ele><time>2025-12-06T00:29:30.000Z</time><extensions/></trkpt><trkpt lat="35.507410587742925" lon="138.970604846254"><ele>1229.4000244140625</ele><time>2025-12-06T00:29:42.000Z</time><extensions/></trkpt><trkpt lat="35.507338335737586" lon="138.97059177048504"><ele>1231.800048828125</ele><time>2025-12-06T00:29:53.000Z</time><extensions/></trkpt><trkpt lat="35.50729466602206" lon="138.97058305330575"><ele>1233.4000244140625</ele><time>2025-12-06T00:30:03.000Z</time><extensions/></trkpt><trkpt lat="35.50727454945445" lon="138.97052245214581"><ele>1234.5999755859375</ele><time>2025-12-06T00:30:10.000Z</time><extensions/></trkpt><trkpt lat="35.50726633518934" lon="138.97051096893847"><ele>1234.5999755859375</ele><time>2025-12-06T00:30:11.000Z</time><extensions/></trkpt><trkpt lat="35.50725686363876" lon="138.970501832664"><ele>1234.800048828125</ele><time>2025-12-06T00:30:12.000Z</time><extensions/></trkpt><trkpt lat="35.5071906466037" lon="138.97039177827537"><ele>1234.199951171875</ele><time>2025-12-06T00:30:21.000Z</time><extensions/></trkpt><trkpt lat="35.50716013647616" lon="138.9703535567969"><ele>1234.0</ele><time>2025-12-06T00:30:24.000Z</time><extensions/></trkpt><trkpt lat="35.50714706070721" lon="138.97034525871277"><ele>1234.0</ele><time>2025-12-06T00:30:25.000Z</time><extensions/></trkpt><trkpt lat="35.50713465549052" lon="138.97033696062863"><ele>1233.800048828125</ele><time>2025-12-06T00:30:26.000Z</time><extensions/></trkpt><trkpt lat="35.50712216645479" lon="138.97032824344933"><ele>1233.800048828125</ele><time>2025-12-06T00:30:27.000Z</time><extensions/></trkpt><trkpt lat="35.50711177289486" lon="138.97031726315618"><ele>1233.4000244140625</ele><time>2025-12-06T00:30:28.000Z</time><extensions/></trkpt><trkpt lat="35.507105654105544" lon="138.97030477412045"><ele>1233.199951171875</ele><time>2025-12-06T00:30:29.000Z</time><extensions/></trkpt><trkpt lat="35.507097858935595" lon="138.9702940452844"><ele>1233.0</ele><time>2025-12-06T00:30:30.000Z</time><extensions/></trkpt><trkpt lat="35.50708821974695" lon="138.97028516046703"><ele>1232.800048828125</ele><time>2025-12-06T00:30:31.000Z</time><extensions/></trkpt><trkpt lat="35.507079334929585" lon="138.9702768623829"><ele>1232.5999755859375</ele><time>2025-12-06T00:30:32.000Z</time><extensions/></trkpt><trkpt lat="35.507071036845446" lon="138.97026353515685"><ele>1232.5999755859375</ele><time>2025-12-06T00:30:33.000Z</time><extensions/></trkpt><trkpt lat="35.50706407986581" lon="138.97024777717888"><ele>1232.5999755859375</ele><time>2025-12-06T00:30:34.000Z</time><extensions/></trkpt><trkpt lat="35.5070579610765" lon="138.97023562341928"><ele>1232.4000244140625</ele><time>2025-12-06T00:30:35.000Z</time><extensions/></trkpt><trkpt lat="35.507049076259136" lon="138.97022338584065"><ele>1232.4000244140625</ele><time>2025-12-06T00:30:36.000Z</time><extensions/></trkpt><trkpt lat="35.50695846788585" lon="138.97011769004166"><ele>1233.0</ele><time>2025-12-06T00:30:45.000Z</time><extensions/></trkpt><trkpt lat="35.506919575855136" lon="138.97008877247572"><ele>1232.800048828125</ele><time>2025-12-06T00:30:49.000Z</time><extensions/></trkpt><trkpt lat="35.50684925168753" lon="138.9700028579682"><ele>1233.199951171875</ele><time>2025-12-06T00:30:57.000Z</time><extensions/></trkpt><trkpt lat="35.506793428212404" lon="138.9699623733759"><ele>1233.5999755859375</ele><time>2025-12-06T00:31:02.000Z</time><extensions/></trkpt><trkpt lat="35.506787057965994" lon="138.96995164453983"><ele>1233.800048828125</ele><time>2025-12-06T00:31:03.000Z</time><extensions/></trkpt><trkpt lat="35.50678043626249" lon="138.96994049660861"><ele>1233.800048828125</ele><time>2025-12-06T00:31:04.000Z</time><extensions/></trkpt><trkpt lat="35.50677314400673" lon="138.96992918103933"><ele>1234.0</ele><time>2025-12-06T00:31:05.000Z</time><extensions/></trkpt><trkpt lat="35.50676551647484" lon="138.9699174463749"><ele>1234.199951171875</ele><time>2025-12-06T00:31:06.000Z</time><extensions/></trkpt><trkpt lat="35.5067590624094" lon="138.96990646608174"><ele>1234.4000244140625</ele><time>2025-12-06T00:31:07.000Z</time><extensions/></trkpt><trkpt lat="35.50671463832259" lon="138.96983639337122"><ele>1235.800048828125</ele><time>2025-12-06T00:31:14.000Z</time><extensions/></trkpt><trkpt lat="35.50670835189521" lon="138.96982423961163"><ele>1235.800048828125</ele><time>2025-12-06T00:31:15.000Z</time><extensions/></trkpt><trkpt lat="35.50670005381107" lon="138.96981803700328"><ele>1236.199951171875</ele><time>2025-12-06T00:31:16.000Z</time><extensions/></trkpt><trkpt lat="35.50668882206082" lon="138.9698130916804"><ele>1236.4000244140625</ele><time>2025-12-06T00:31:17.000Z</time><extensions/></trkpt><trkpt lat="35.50667499192059" lon="138.9697932265699"><ele>1236.5999755859375</ele><time>2025-12-06T00:31:19.000Z</time><extensions/></trkpt><trkpt lat="35.50665797665715" lon="138.9697596989572"><ele>1237.199951171875</ele><time>2025-12-06T00:31:22.000Z</time><extensions/></trkpt><trkpt lat="35.50665009766817" lon="138.96974972449243"><ele>1237.4000244140625</ele><time>2025-12-06T00:31:23.000Z</time><extensions/></trkpt><trkpt lat="35.50664456561208" lon="138.96973622962832"><ele>1237.5999755859375</ele><time>2025-12-06T00:31:24.000Z</time><extensions/></trkpt><trkpt lat="35.50664163194597" lon="138.96972072310746"><ele>1237.800048828125</ele><time>2025-12-06T00:31:25.000Z</time><extensions/></trkpt><trkpt lat="35.50663962028921" lon="138.96970437839627"><ele>1238.0</ele><time>2025-12-06T00:31:26.000Z</time><extensions/></trkpt><trkpt lat="35.50661816261709" lon="138.96959809586406"><ele>1238.800048828125</ele><time>2025-12-06T00:31:33.000Z</time><extensions/></trkpt><trkpt lat="35.50660843960941" lon="138.96957538090646"><ele>1239.0</ele><time>2025-12-06T00:31:35.000Z</time><extensions/></trkpt><trkpt lat="35.506607266142964" lon="138.96956138312817"><ele>1239.199951171875</ele><time>2025-12-06T00:31:36.000Z</time><extensions/></trkpt><trkpt lat="35.50660508684814" lon="138.96950455382466"><ele>1239.5999755859375</ele><time>2025-12-06T00:31:43.000Z</time><extensions/></trkpt><trkpt lat="35.506604416295886" lon="138.9694898854941"><ele>1239.5999755859375</ele><time>2025-12-06T00:31:44.000Z</time><extensions/></trkpt><trkpt lat="35.50660408101976" lon="138.96947379224002"><ele>1239.5999755859375</ele><time>2025-12-06T00:31:45.000Z</time><extensions/></trkpt><trkpt lat="35.50660408101976" lon="138.96945753134787"><ele>1239.5999755859375</ele><time>2025-12-06T00:31:46.000Z</time><extensions/></trkpt><trkpt lat="35.50660416483879" lon="138.96944286301732"><ele>1239.5999755859375</ele><time>2025-12-06T00:31:47.000Z</time><extensions/></trkpt><trkpt lat="35.50660466775298" lon="138.96942819468677"><ele>1239.5999755859375</ele><time>2025-12-06T00:31:48.000Z</time><extensions/></trkpt><trkpt lat="35.50659444183111" lon="138.96937211975455"><ele>1239.800048828125</ele><time>2025-12-06T00:31:52.000Z</time><extensions/></trkpt><trkpt lat="35.50658698193729" lon="138.96936055272818"><ele>1239.800048828125</ele><time>2025-12-06T00:31:53.000Z</time><extensions/></trkpt><trkpt lat="35.50657239742577" lon="138.96931814029813"><ele>1239.800048828125</ele><time>2025-12-06T00:31:56.000Z</time><extensions/></trkpt><trkpt lat="35.50656368024647" lon="138.96917707286775"><ele>1240.0</ele><time>2025-12-06T00:32:05.000Z</time><extensions/></trkpt><trkpt lat="35.506528560072184" lon="138.96907925605774"><ele>1239.5999755859375</ele><time>2025-12-06T00:32:12.000Z</time><extensions/></trkpt><trkpt lat="35.50646142102778" lon="138.96894522942603"><ele>1239.4000244140625</ele><time>2025-12-06T00:32:22.000Z</time><extensions/></trkpt><trkpt lat="35.50641247071326" lon="138.9688074309379"><ele>1238.4000244140625</ele><time>2025-12-06T00:32:31.000Z</time><extensions/></trkpt><trkpt lat="35.5063446611166" lon="138.96868287585676"><ele>1238.0</ele><time>2025-12-06T00:32:41.000Z</time><extensions/></trkpt><trkpt lat="35.50630912184715" lon="138.96861179731786"><ele>1237.800048828125</ele><time>2025-12-06T00:32:46.000Z</time><extensions/></trkpt><trkpt lat="35.50630174577236" lon="138.9686005655676"><ele>1237.800048828125</ele><time>2025-12-06T00:32:47.000Z</time><extensions/></trkpt><trkpt lat="35.50629386678338" lon="138.96858899854124"><ele>1237.800048828125</ele><time>2025-12-06T00:32:48.000Z</time><extensions/></trkpt><trkpt lat="35.506202671676874" lon="138.9684688858688"><ele>1238.4000244140625</ele><time>2025-12-06T00:32:58.000Z</time><extensions/></trkpt><trkpt lat="35.50611457787454" lon="138.96839034743607"><ele>1238.4000244140625</ele><time>2025-12-06T00:33:06.000Z</time><extensions/></trkpt><trkpt lat="35.50600276328623" lon="138.96835966967046"><ele>1238.0</ele><time>2025-12-06T00:33:15.000Z</time><extensions/></trkpt><trkpt lat="35.505911987274885" lon="138.96829906851053"><ele>1238.199951171875</ele><time>2025-12-06T00:33:24.000Z</time><extensions/></trkpt><trkpt lat="35.50582582131028" lon="138.96821742877364"><ele>1239.199951171875</ele><time>2025-12-06T00:33:33.000Z</time><extensions/></trkpt><trkpt lat="35.505779134109616" lon="138.96812103688717"><ele>1239.5999755859375</ele><time>2025-12-06T00:33:41.000Z</time><extensions/></trkpt><trkpt lat="35.50573135726154" lon="138.96803537383676"><ele>1238.800048828125</ele><time>2025-12-06T00:33:48.000Z</time><extensions/></trkpt><trkpt lat="35.50568056292832" lon="138.9679281692952"><ele>1236.5999755859375</ele><time>2025-12-06T00:33:56.000Z</time><extensions/></trkpt><trkpt lat="35.50559205003083" lon="138.96781643852592"><ele>1234.4000244140625</ele><time>2025-12-06T00:34:05.000Z</time><extensions/></trkpt><trkpt lat="35.50549188628793" lon="138.96774728782475"><ele>1233.4000244140625</ele><time>2025-12-06T00:34:14.000Z</time><extensions/></trkpt><trkpt lat="35.50543178804219" lon="138.96764611825347"><ele>1233.0</ele><time>2025-12-06T00:34:22.000Z</time><extensions/></trkpt><trkpt lat="35.50534436479211" lon="138.96755886264145"><ele>1232.199951171875</ele><time>2025-12-06T00:34:32.000Z</time><extensions/></trkpt><trkpt lat="35.50526624545455" lon="138.96749641746283"><ele>1233.800048828125</ele><time>2025-12-06T00:34:40.000Z</time><extensions/></trkpt><trkpt lat="35.505211343988776" lon="138.96751728840172"><ele>1234.0</ele><time>2025-12-06T00:34:45.000Z</time><extensions/></trkpt><trkpt lat="35.505201453343034" lon="138.96752156317234"><ele>1234.0</ele><time>2025-12-06T00:34:46.000Z</time><extensions/></trkpt><trkpt lat="35.50518468953669" lon="138.96751452237368"><ele>1234.0</ele><time>2025-12-06T00:34:48.000Z</time><extensions/></trkpt><trkpt lat="35.50517521798611" lon="138.9675082359463"><ele>1234.199951171875</ele><time>2025-12-06T00:34:49.000Z</time><extensions/></trkpt><trkpt lat="35.505098858848214" lon="138.96750907413661"><ele>1235.0</ele><time>2025-12-06T00:34:57.000Z</time><extensions/></trkpt><trkpt lat="35.5050599668175" lon="138.96751284599304"><ele>1235.5999755859375</ele><time>2025-12-06T00:35:01.000Z</time><extensions/></trkpt><trkpt lat="35.50504839979112" lon="138.96751628257334"><ele>1235.800048828125</ele><time>2025-12-06T00:35:02.000Z</time><extensions/></trkpt><trkpt lat="35.504970867186785" lon="138.96749599836767"><ele>1237.0</ele><time>2025-12-06T00:35:11.000Z</time><extensions/></trkpt><trkpt lat="35.50491596572101" lon="138.96747529506683"><ele>1237.800048828125</ele><time>2025-12-06T00:35:19.000Z</time><extensions/></trkpt><trkpt lat="35.50483952276409" lon="138.9674273505807"><ele>1239.199951171875</ele><time>2025-12-06T00:35:31.000Z</time><extensions/></trkpt><trkpt lat="35.504799373447895" lon="138.96737487986684"><ele>1240.800048828125</ele><time>2025-12-06T00:35:43.000Z</time><extensions/></trkpt><trkpt lat="35.50475327298045" lon="138.96734512411058"><ele>1242.0</ele><time>2025-12-06T00:35:55.000Z</time><extensions/></trkpt><trkpt lat="35.50469703041017" lon="138.9673184696585"><ele>1243.199951171875</ele><time>2025-12-06T00:36:08.000Z</time><extensions/></trkpt><trkpt lat="35.504654785618186" lon="138.9672778174281"><ele>1244.4000244140625</ele><time>2025-12-06T00:36:19.000Z</time><extensions/></trkpt><trkpt lat="35.50461237318814" lon="138.96721034310758"><ele>1246.199951171875</ele><time>2025-12-06T00:36:31.000Z</time><extensions/></trkpt><trkpt lat="35.50457306206226" lon="138.96714638918638"><ele>1247.199951171875</ele><time>2025-12-06T00:36:43.000Z</time><extensions/></trkpt><trkpt lat="35.504528135061264" lon="138.96706332452595"><ele>1248.199951171875</ele><time>2025-12-06T00:36:56.000Z</time><extensions/></trkpt><trkpt lat="35.50451522693038" lon="138.96700783632696"><ele>1249.4000244140625</ele><time>2025-12-06T00:37:06.000Z</time><extensions/></trkpt><trkpt lat="35.50449896603823" lon="138.96692384965718"><ele>1251.199951171875</ele><time>2025-12-06T00:37:20.000Z</time><extensions/></trkpt><trkpt lat="35.50448932684958" lon="138.96685947664082"><ele>1251.800048828125</ele><time>2025-12-06T00:37:31.000Z</time><extensions/></trkpt><trkpt lat="35.50446376204491" lon="138.96678982302547"><ele>1253.0</ele><time>2025-12-06T00:37:43.000Z</time><extensions/></trkpt><trkpt lat="35.50445412285626" lon="138.9667417947203"><ele>1254.4000244140625</ele><time>2025-12-06T00:37:53.000Z</time><extensions/></trkpt><trkpt lat="35.50444439984858" lon="138.9666805230081"><ele>1255.5999755859375</ele><time>2025-12-06T00:38:05.000Z</time><extensions/></trkpt><trkpt lat="35.50443987362087" lon="138.96659242920578"><ele>1257.5999755859375</ele><time>2025-12-06T00:38:20.000Z</time><extensions/></trkpt><trkpt lat="35.5044225230813" lon="138.96654272451997"><ele>1258.800048828125</ele><time>2025-12-06T00:38:33.000Z</time><extensions/></trkpt><trkpt lat="35.50441296771169" lon="138.96643644198775"><ele>1261.4000244140625</ele><time>2025-12-06T00:38:44.000Z</time><extensions/></trkpt><trkpt lat="35.50439695827663" lon="138.96635547280312"><ele>1264.5999755859375</ele><time>2025-12-06T00:38:55.000Z</time><extensions/></trkpt><trkpt lat="35.504366448149085" lon="138.96625706925988"><ele>1267.0</ele><time>2025-12-06T00:39:06.000Z</time><extensions/></trkpt><trkpt lat="35.50434876233339" lon="138.96621239371598"><ele>1267.800048828125</ele><time>2025-12-06T00:39:10.000Z</time><extensions/></trkpt><trkpt lat="35.504342056810856" lon="138.96620283834636"><ele>1268.0</ele><time>2025-12-06T00:39:11.000Z</time><extensions/></trkpt><trkpt lat="35.50433509983122" lon="138.96619336679578"><ele>1268.199951171875</ele><time>2025-12-06T00:39:12.000Z</time><extensions/></trkpt><trkpt lat="35.5042639374733" lon="138.96611139178276"><ele>1269.800048828125</ele><time>2025-12-06T00:39:21.000Z</time><extensions/></trkpt><trkpt lat="35.504202330484986" lon="138.96603704430163"><ele>1270.800048828125</ele><time>2025-12-06T00:39:29.000Z</time><extensions/></trkpt><trkpt lat="35.504142651334405" lon="138.96595096215606"><ele>1272.199951171875</ele><time>2025-12-06T00:39:38.000Z</time><extensions/></trkpt><trkpt lat="35.50410862080753" lon="138.96588164381683"><ele>1273.0</ele><time>2025-12-06T00:39:45.000Z</time><extensions/></trkpt><trkpt lat="35.504072243347764" lon="138.96581618115306"><ele>1274.0</ele><time>2025-12-06T00:39:52.000Z</time><extensions/></trkpt><trkpt lat="35.50400988198817" lon="138.96572733297944"><ele>1275.4000244140625</ele><time>2025-12-06T00:40:01.000Z</time><extensions/></trkpt><trkpt lat="35.50395179539919" lon="138.9656505547464"><ele>1276.5999755859375</ele><time>2025-12-06T00:40:09.000Z</time><extensions/></trkpt><trkpt lat="35.5039185192436" lon="138.9656212180853"><ele>1277.199951171875</ele><time>2025-12-06T00:40:13.000Z</time><extensions/></trkpt><trkpt lat="35.50391189754009" lon="138.96560738794506"><ele>1277.4000244140625</ele><time>2025-12-06T00:40:14.000Z</time><extensions/></trkpt><trkpt lat="35.503905694931746" lon="138.96559473127127"><ele>1277.5999755859375</ele><time>2025-12-06T00:40:15.000Z</time><extensions/></trkpt><trkpt lat="35.50389907322824" lon="138.96558333188295"><ele>1277.800048828125</ele><time>2025-12-06T00:40:16.000Z</time><extensions/></trkpt><trkpt lat="35.503894379362464" lon="138.96557402797043"><ele>1278.0</ele><time>2025-12-06T00:40:17.000Z</time><extensions/></trkpt><trkpt lat="35.50389069132507" lon="138.96556237712502"><ele>1278.199951171875</ele><time>2025-12-06T00:40:18.000Z</time><extensions/></trkpt><trkpt lat="35.50387375988066" lon="138.9655070565641"><ele>1279.0</ele><time>2025-12-06T00:40:23.000Z</time><extensions/></trkpt><trkpt lat="35.50386495888233" lon="138.9654957409948"><ele>1279.199951171875</ele><time>2025-12-06T00:40:24.000Z</time><extensions/></trkpt><trkpt lat="35.503824055194855" lon="138.96544452756643"><ele>1280.0</ele><time>2025-12-06T00:40:29.000Z</time><extensions/></trkpt><trkpt lat="35.50374702550471" lon="138.96539247594774"><ele>1281.199951171875</ele><time>2025-12-06T00:40:39.000Z</time><extensions/></trkpt><trkpt lat="35.50370352342725" lon="138.96534704603255"><ele>1282.5999755859375</ele><time>2025-12-06T00:40:46.000Z</time><extensions/></trkpt><trkpt lat="35.5036386474967" lon="138.9653371553868"><ele>1285.199951171875</ele><time>2025-12-06T00:40:58.000Z</time><extensions/></trkpt><trkpt lat="35.50354837439954" lon="138.9652988500893"><ele>1288.4000244140625</ele><time>2025-12-06T00:41:13.000Z</time><extensions/></trkpt><trkpt lat="35.50348877906799" lon="138.96523623727262"><ele>1290.5999755859375</ele><time>2025-12-06T00:41:25.000Z</time><extensions/></trkpt><trkpt lat="35.50344024784863" lon="138.96518007852137"><ele>1292.0</ele><time>2025-12-06T00:41:32.000Z</time><extensions/></trkpt><trkpt lat="35.50338459201157" lon="138.9651201479137"><ele>1293.199951171875</ele><time>2025-12-06T00:41:39.000Z</time><extensions/></trkpt><trkpt lat="35.50329708494246" lon="138.96507664583623"><ele>1294.4000244140625</ele><time>2025-12-06T00:41:48.000Z</time><extensions/></trkpt><trkpt lat="35.50325903110206" lon="138.96502912044525"><ele>1294.800048828125</ele><time>2025-12-06T00:41:53.000Z</time><extensions/></trkpt><trkpt lat="35.50324494950473" lon="138.96499718539417"><ele>1295.199951171875</ele><time>2025-12-06T00:41:56.000Z</time><extensions/></trkpt><trkpt lat="35.50323681905866" lon="138.96498796530068"><ele>1295.199951171875</ele><time>2025-12-06T00:41:57.000Z</time><extensions/></trkpt><trkpt lat="35.50322969444096" lon="138.96497723646462"><ele>1295.199951171875</ele><time>2025-12-06T00:41:58.000Z</time><extensions/></trkpt><trkpt lat="35.503221563994884" lon="138.9649663399905"><ele>1295.199951171875</ele><time>2025-12-06T00:41:59.000Z</time><extensions/></trkpt><trkpt lat="35.50321259535849" lon="138.96495636552572"><ele>1295.199951171875</ele><time>2025-12-06T00:42:00.000Z</time><extensions/></trkpt><trkpt lat="35.50320513546467" lon="138.9649422839284"><ele>1295.4000244140625</ele><time>2025-12-06T00:42:01.000Z</time><extensions/></trkpt><trkpt lat="35.503197591751814" lon="138.96492904052138"><ele>1295.4000244140625</ele><time>2025-12-06T00:42:02.000Z</time><extensions/></trkpt><trkpt lat="35.503189796581864" lon="138.9649190660566"><ele>1295.4000244140625</ele><time>2025-12-06T00:42:03.000Z</time><extensions/></trkpt><trkpt lat="35.50318258814514" lon="138.96490758284926"><ele>1295.4000244140625</ele><time>2025-12-06T00:42:04.000Z</time><extensions/></trkpt><trkpt lat="35.503176636993885" lon="138.9648957643658"><ele>1295.4000244140625</ele><time>2025-12-06T00:42:05.000Z</time><extensions/></trkpt><trkpt lat="35.503163477405906" lon="138.96487774327397"><ele>1295.199951171875</ele><time>2025-12-06T00:42:07.000Z</time><extensions/></trkpt><trkpt lat="35.503153251484036" lon="138.964869864285"><ele>1295.199951171875</ele><time>2025-12-06T00:42:08.000Z</time><extensions/></trkpt><trkpt lat="35.503104384988546" lon="138.96483784541488"><ele>1294.800048828125</ele><time>2025-12-06T00:42:13.000Z</time><extensions/></trkpt><trkpt lat="35.50307856872678" lon="138.9647432975471"><ele>1294.0</ele><time>2025-12-06T00:42:20.000Z</time><extensions/></trkpt><trkpt lat="35.50305468030274" lon="138.96464564837515"><ele>1292.5999755859375</ele><time>2025-12-06T00:42:27.000Z</time><extensions/></trkpt><trkpt lat="35.50304554402828" lon="138.96463659591973"><ele>1292.4000244140625</ele><time>2025-12-06T00:42:28.000Z</time><extensions/></trkpt><trkpt lat="35.50303816795349" lon="138.96462863311172"><ele>1292.4000244140625</ele><time>2025-12-06T00:42:29.000Z</time><extensions/></trkpt><trkpt lat="35.50297329202294" lon="138.96453643217683"><ele>1291.5999755859375</ele><time>2025-12-06T00:42:38.000Z</time><extensions/></trkpt><trkpt lat="35.50293322652578" lon="138.9644430577755"><ele>1290.4000244140625</ele><time>2025-12-06T00:42:46.000Z</time><extensions/></trkpt><trkpt lat="35.50287145189941" lon="138.96435915492475"><ele>1289.4000244140625</ele><time>2025-12-06T00:42:55.000Z</time><extensions/></trkpt><trkpt lat="35.502836583182216" lon="138.96425765007734"><ele>1287.4000244140625</ele><time>2025-12-06T00:43:05.000Z</time><extensions/></trkpt><trkpt lat="35.50280464813113" lon="138.96413418464363"><ele>1284.199951171875</ele><time>2025-12-06T00:43:15.000Z</time><extensions/></trkpt><trkpt lat="35.5027976911515" lon="138.96412362344563"><ele>1284.0</ele><time>2025-12-06T00:43:16.000Z</time><extensions/></trkpt><trkpt lat="35.5027493275702" lon="138.96405556239188"><ele>1281.800048828125</ele><time>2025-12-06T00:43:24.000Z</time><extensions/></trkpt><trkpt lat="35.50269107334316" lon="138.96393335424364"><ele>1279.0</ele><time>2025-12-06T00:43:35.000Z</time><extensions/></trkpt><trkpt lat="35.502625023946166" lon="138.9638113975525"><ele>1276.4000244140625</ele><time>2025-12-06T00:43:45.000Z</time><extensions/></trkpt><trkpt lat="35.5025661829859" lon="138.96370008587837"><ele>1273.800048828125</ele><time>2025-12-06T00:43:54.000Z</time><extensions/></trkpt><trkpt lat="35.50250004976988" lon="138.9635938871652"><ele>1271.4000244140625</ele><time>2025-12-06T00:44:04.000Z</time><extensions/></trkpt><trkpt lat="35.502479849383235" lon="138.96355977281928"><ele>1270.199951171875</ele><time>2025-12-06T00:44:08.000Z</time><extensions/></trkpt><trkpt lat="35.502472054213285" lon="138.9635505527258"><ele>1270.0</ele><time>2025-12-06T00:44:09.000Z</time><extensions/></trkpt><trkpt lat="35.50246383994818" lon="138.9635429251939"><ele>1269.5999755859375</ele><time>2025-12-06T00:44:10.000Z</time><extensions/></trkpt><trkpt lat="35.50245705060661" lon="138.9635331183672"><ele>1269.199951171875</ele><time>2025-12-06T00:44:11.000Z</time><extensions/></trkpt><trkpt lat="35.50245084799826" lon="138.96352356299758"><ele>1269.0</ele><time>2025-12-06T00:44:12.000Z</time><extensions/></trkpt><trkpt lat="35.50244389101863" lon="138.96351442672312"><ele>1268.800048828125</ele><time>2025-12-06T00:44:13.000Z</time><extensions/></trkpt><trkpt lat="35.502435928210616" lon="138.963503530249"><ele>1268.4000244140625</ele><time>2025-12-06T00:44:14.000Z</time><extensions/></trkpt><trkpt lat="35.50236275419593" lon="138.9634178671986"><ele>1267.0</ele><time>2025-12-06T00:44:22.000Z</time><extensions/></trkpt><trkpt lat="35.50235194154084" lon="138.96340965293348"><ele>1266.5999755859375</ele><time>2025-12-06T00:44:23.000Z</time><extensions/></trkpt><trkpt lat="35.50234196707606" lon="138.9633985888213"><ele>1266.4000244140625</ele><time>2025-12-06T00:44:24.000Z</time><extensions/></trkpt><trkpt lat="35.50233358517289" lon="138.96338492631912"><ele>1266.199951171875</ele><time>2025-12-06T00:44:25.000Z</time><extensions/></trkpt><trkpt lat="35.50232713110745" lon="138.96337143145502"><ele>1266.199951171875</ele><time>2025-12-06T00:44:26.000Z</time><extensions/></trkpt><trkpt lat="35.50225638784468" lon="138.96328199654818"><ele>1265.0</ele><time>2025-12-06T00:44:34.000Z</time><extensions/></trkpt><trkpt lat="35.50220827572048" lon="138.96321955136955"><ele>1264.4000244140625</ele><time>2025-12-06T00:44:39.000Z</time><extensions/></trkpt><trkpt lat="35.502198468893766" lon="138.9632122591138"><ele>1264.4000244140625</ele><time>2025-12-06T00:44:40.000Z</time><extensions/></trkpt><trkpt lat="35.50218849442899" lon="138.96320345811546"><ele>1264.199951171875</ele><time>2025-12-06T00:44:41.000Z</time><extensions/></trkpt><trkpt lat="35.50217851996422" lon="138.96319306455553"><ele>1264.0</ele><time>2025-12-06T00:44:42.000Z</time><extensions/></trkpt><trkpt lat="35.50216879695654" lon="138.9631824195385"><ele>1264.0</ele><time>2025-12-06T00:44:43.000Z</time><extensions/></trkpt><trkpt lat="35.50215999595821" lon="138.9631689246744"><ele>1264.0</ele><time>2025-12-06T00:44:44.000Z</time><extensions/></trkpt><trkpt lat="35.50215169787407" lon="138.96315593272448"><ele>1264.0</ele><time>2025-12-06T00:44:45.000Z</time><extensions/></trkpt><trkpt lat="35.50207802094519" lon="138.96305174566805"><ele>1264.199951171875</ele><time>2025-12-06T00:44:54.000Z</time><extensions/></trkpt><trkpt lat="35.502037871629" lon="138.96298963576555"><ele>1264.199951171875</ele><time>2025-12-06T00:44:59.000Z</time><extensions/></trkpt><trkpt lat="35.50202856771648" lon="138.96298293024302"><ele>1264.199951171875</ele><time>2025-12-06T00:45:00.000Z</time><extensions/></trkpt><trkpt lat="35.5019514542073" lon="138.96291436627507"><ele>1265.0</ele><time>2025-12-06T00:45:08.000Z</time><extensions/></trkpt><trkpt lat="35.50192597322166" lon="138.96288846619427"><ele>1265.5999755859375</ele><time>2025-12-06T00:45:11.000Z</time><extensions/></trkpt><trkpt lat="35.501919938251376" lon="138.96287648007274"><ele>1265.5999755859375</ele><time>2025-12-06T00:45:12.000Z</time><extensions/></trkpt><trkpt lat="35.50191247835755" lon="138.96286667324603"><ele>1265.800048828125</ele><time>2025-12-06T00:45:13.000Z</time><extensions/></trkpt><trkpt lat="35.50182639621198" lon="138.96279425360262"><ele>1267.199951171875</ele><time>2025-12-06T00:45:22.000Z</time><extensions/></trkpt><trkpt lat="35.50177736207843" lon="138.96277128718793"><ele>1268.0</ele><time>2025-12-06T00:45:27.000Z</time><extensions/></trkpt><trkpt lat="35.501713743433356" lon="138.96273407153785"><ele>1268.199951171875</ele><time>2025-12-06T00:45:36.000Z</time><extensions/></trkpt><trkpt lat="35.50168457441032" lon="138.96271881647408"><ele>1266.5999755859375</ele><time>2025-12-06T00:45:44.000Z</time><extensions/></trkpt><trkpt lat="35.50165188498795" lon="138.9626485761255"><ele>1263.800048828125</ele><time>2025-12-06T00:45:56.000Z</time><extensions/></trkpt><trkpt lat="35.50164844840765" lon="138.9625592250377"><ele>1262.199951171875</ele><time>2025-12-06T00:46:04.000Z</time><extensions/></trkpt><trkpt lat="35.50161416642368" lon="138.96248823031783"><ele>1259.4000244140625</ele><time>2025-12-06T00:46:13.000Z</time><extensions/></trkpt><trkpt lat="35.50159078091383" lon="138.96246291697025"><ele>1258.0</ele><time>2025-12-06T00:46:17.000Z</time><extensions/></trkpt><trkpt lat="35.50158524885774" lon="138.96245235577226"><ele>1257.5999755859375</ele><time>2025-12-06T00:46:18.000Z</time><extensions/></trkpt><trkpt lat="35.50157988443971" lon="138.96244104020298"><ele>1257.4000244140625</ele><time>2025-12-06T00:46:19.000Z</time><extensions/></trkpt><trkpt lat="35.50157275982201" lon="138.962430562824"><ele>1257.0</ele><time>2025-12-06T00:46:20.000Z</time><extensions/></trkpt><trkpt lat="35.50153939984739" lon="138.96235713735223"><ele>1254.5999755859375</ele><time>2025-12-06T00:46:27.000Z</time><extensions/></trkpt><trkpt lat="35.50153403542936" lon="138.9623467437923"><ele>1254.199951171875</ele><time>2025-12-06T00:46:28.000Z</time><extensions/></trkpt><trkpt lat="35.501515259966254" lon="138.96225286647677"><ele>1252.199951171875</ele><time>2025-12-06T00:46:36.000Z</time><extensions/></trkpt><trkpt lat="35.5015129968524" lon="138.96224037744105"><ele>1251.800048828125</ele><time>2025-12-06T00:46:37.000Z</time><extensions/></trkpt><trkpt lat="35.50151098519564" lon="138.96222579292953"><ele>1251.5999755859375</ele><time>2025-12-06T00:46:38.000Z</time><extensions/></trkpt><trkpt lat="35.50150805152953" lon="138.96220995113254"><ele>1251.199951171875</ele><time>2025-12-06T00:46:39.000Z</time><extensions/></trkpt><trkpt lat="35.50150142982602" lon="138.96219536662102"><ele>1250.800048828125</ele><time>2025-12-06T00:46:40.000Z</time><extensions/></trkpt><trkpt lat="35.50149489194155" lon="138.96218229085207"><ele>1250.5999755859375</ele><time>2025-12-06T00:46:41.000Z</time><extensions/></trkpt><trkpt lat="35.50148927606642" lon="138.96216854453087"><ele>1250.199951171875</ele><time>2025-12-06T00:46:42.000Z</time><extensions/></trkpt><trkpt lat="35.501486929133534" lon="138.96215312182903"><ele>1249.800048828125</ele><time>2025-12-06T00:46:43.000Z</time><extensions/></trkpt><trkpt lat="35.50148575566709" lon="138.9621376991272"><ele>1249.5999755859375</ele><time>2025-12-06T00:46:44.000Z</time><extensions/></trkpt><trkpt lat="35.50146035850048" lon="138.96203124895692"><ele>1248.199951171875</ele><time>2025-12-06T00:46:52.000Z</time><extensions/></trkpt><trkpt lat="35.50144124776125" lon="138.96199428476393"><ele>1248.199951171875</ele><time>2025-12-06T00:46:55.000Z</time><extensions/></trkpt><trkpt lat="35.501431692391634" lon="138.96198322065175"><ele>1248.4000244140625</ele><time>2025-12-06T00:46:56.000Z</time><extensions/></trkpt><trkpt lat="35.5014231428504" lon="138.9619714859873"><ele>1248.4000244140625</ele><time>2025-12-06T00:46:57.000Z</time><extensions/></trkpt><trkpt lat="35.50142255611718" lon="138.9619228709489"><ele>1249.199951171875</ele><time>2025-12-06T00:47:02.000Z</time><extensions/></trkpt><trkpt lat="35.50141836516559" lon="138.96180887706578"><ele>1252.199951171875</ele><time>2025-12-06T00:47:14.000Z</time><extensions/></trkpt><trkpt lat="35.50140503793955" lon="138.96177149377763"><ele>1254.199951171875</ele><time>2025-12-06T00:47:22.000Z</time><extensions/></trkpt><trkpt lat="35.501374527812004" lon="138.96171952597797"><ele>1257.0</ele><time>2025-12-06T00:47:34.000Z</time><extensions/></trkpt><trkpt lat="35.501384334638715" lon="138.96168415434659"><ele>1260.199951171875</ele><time>2025-12-06T00:47:47.000Z</time><extensions/></trkpt><trkpt lat="35.501388777047396" lon="138.9616286661476"><ele>1262.4000244140625</ele><time>2025-12-06T00:47:57.000Z</time><extensions/></trkpt><trkpt lat="35.50138995051384" lon="138.96159597672522"><ele>1264.4000244140625</ele><time>2025-12-06T00:48:06.000Z</time><extensions/></trkpt><trkpt lat="35.50138425081968" lon="138.9615440927446"><ele>1266.4000244140625</ele><time>2025-12-06T00:48:16.000Z</time><extensions/></trkpt><trkpt lat="35.50141668878496" lon="138.96149765700102"><ele>1269.0</ele><time>2025-12-06T00:48:28.000Z</time><extensions/></trkpt><trkpt lat="35.50141543149948" lon="138.96143613383174"><ele>1271.5999755859375</ele><time>2025-12-06T00:48:40.000Z</time><extensions/></trkpt><trkpt lat="35.501422388479114" lon="138.96139363758266"><ele>1274.0</ele><time>2025-12-06T00:48:52.000Z</time><extensions/></trkpt><trkpt lat="35.50143538042903" lon="138.96136874333024"><ele>1277.0</ele><time>2025-12-06T00:49:06.000Z</time><extensions/></trkpt><trkpt lat="35.50144325941801" lon="138.96133077330887"><ele>1278.199951171875</ele><time>2025-12-06T00:49:21.000Z</time><extensions/></trkpt><trkpt lat="35.501445941627026" lon="138.96128157153726"><ele>1280.0</ele><time>2025-12-06T00:49:32.000Z</time><extensions/></trkpt><trkpt lat="35.50145625136793" lon="138.96126204170287"><ele>1282.0</ele><time>2025-12-06T00:49:44.000Z</time><extensions/></trkpt><trkpt lat="35.50146899186075" lon="138.96120906807482"><ele>1284.0</ele><time>2025-12-06T00:49:53.000Z</time><extensions/></trkpt><trkpt lat="35.501503022387624" lon="138.96116414107382"><ele>1286.0</ele><time>2025-12-06T00:50:03.000Z</time><extensions/></trkpt><trkpt lat="35.501471757888794" lon="138.9611188787967"><ele>1287.5999755859375</ele><time>2025-12-06T00:50:13.000Z</time><extensions/></trkpt><trkpt lat="35.50149019807577" lon="138.96105961874127"><ele>1289.0</ele><time>2025-12-06T00:50:22.000Z</time><extensions/></trkpt><trkpt lat="35.50150687806308" lon="138.9609735365957"><ele>1290.800048828125</ele><time>2025-12-06T00:50:33.000Z</time><extensions/></trkpt><trkpt lat="35.5014870967716" lon="138.96092324517667"><ele>1292.199951171875</ele><time>2025-12-06T00:50:40.000Z</time><extensions/></trkpt><trkpt lat="35.50148122943938" lon="138.96091368980706"><ele>1292.199951171875</ele><time>2025-12-06T00:50:41.000Z</time><extensions/></trkpt><trkpt lat="35.50147905014455" lon="138.96090287715197"><ele>1292.4000244140625</ele><time>2025-12-06T00:50:42.000Z</time><extensions/></trkpt><trkpt lat="35.50146228633821" lon="138.96086163818836"><ele>1293.199951171875</ele><time>2025-12-06T00:50:47.000Z</time><extensions/></trkpt><trkpt lat="35.50144434906542" lon="138.96078385412693"><ele>1294.5999755859375</ele><time>2025-12-06T00:50:55.000Z</time><extensions/></trkpt><trkpt lat="35.501436637714505" lon="138.96074789576232"><ele>1295.0</ele><time>2025-12-06T00:50:58.000Z</time><extensions/></trkpt><trkpt lat="35.501432782039046" lon="138.9607340656221"><ele>1295.199951171875</ele><time>2025-12-06T00:50:59.000Z</time><extensions/></trkpt><trkpt lat="35.501421466469765" lon="138.96071151830256"><ele>1295.4000244140625</ele><time>2025-12-06T00:51:01.000Z</time><extensions/></trkpt><trkpt lat="35.501414593309164" lon="138.9606991969049"><ele>1295.4000244140625</ele><time>2025-12-06T00:51:02.000Z</time><extensions/></trkpt><trkpt lat="35.501409228891134" lon="138.9606854505837"><ele>1295.4000244140625</ele><time>2025-12-06T00:51:03.000Z</time><extensions/></trkpt><trkpt lat="35.50140562467277" lon="138.96067027933896"><ele>1295.4000244140625</ele><time>2025-12-06T00:51:04.000Z</time><extensions/></trkpt><trkpt lat="35.50140118226409" lon="138.96065577864647"><ele>1295.4000244140625</ele><time>2025-12-06T00:51:05.000Z</time><extensions/></trkpt><trkpt lat="35.50139715895057" lon="138.96064144559205"><ele>1295.4000244140625</ele><time>2025-12-06T00:51:06.000Z</time><extensions/></trkpt><trkpt lat="35.50139422528446" lon="138.96062778308988"><ele>1295.4000244140625</ele><time>2025-12-06T00:51:07.000Z</time><extensions/></trkpt><trkpt lat="35.501384334638715" lon="138.96060716360807"><ele>1295.0</ele><time>2025-12-06T00:51:09.000Z</time><extensions/></trkpt><trkpt lat="35.50137645564973" lon="138.96059576421976"><ele>1295.0</ele><time>2025-12-06T00:51:10.000Z</time><extensions/></trkpt><trkpt lat="35.50134116783738" lon="138.96054706536233"><ele>1294.0</ele><time>2025-12-06T00:51:18.000Z</time><extensions/></trkpt><trkpt lat="35.50133119337261" lon="138.96053843200207"><ele>1294.0</ele><time>2025-12-06T00:51:19.000Z</time><extensions/></trkpt><trkpt lat="35.50130948424339" lon="138.96052141673863"><ele>1293.800048828125</ele><time>2025-12-06T00:51:21.000Z</time><extensions/></trkpt><trkpt lat="35.50130135379732" lon="138.96051035262644"><ele>1293.800048828125</ele><time>2025-12-06T00:51:22.000Z</time><extensions/></trkpt><trkpt lat="35.50129456445575" lon="138.96049635484815"><ele>1293.800048828125</ele><time>2025-12-06T00:51:23.000Z</time><extensions/></trkpt><trkpt lat="35.50128685310483" lon="138.96048386581242"><ele>1293.800048828125</ele><time>2025-12-06T00:51:24.000Z</time><extensions/></trkpt><trkpt lat="35.50127763301134" lon="138.96047548390925"><ele>1293.800048828125</ele><time>2025-12-06T00:51:25.000Z</time><extensions/></trkpt><trkpt lat="35.5012677423656" lon="138.96046986803412"><ele>1293.800048828125</ele><time>2025-12-06T00:51:26.000Z</time><extensions/></trkpt><trkpt lat="35.501259192824364" lon="138.96046198904514"><ele>1293.800048828125</ele><time>2025-12-06T00:51:27.000Z</time><extensions/></trkpt><trkpt lat="35.50125407986343" lon="138.9604502543807"><ele>1293.800048828125</ele><time>2025-12-06T00:51:28.000Z</time><extensions/></trkpt><trkpt lat="35.501213343814015" lon="138.9603437203914"><ele>1294.4000244140625</ele><time>2025-12-06T00:51:37.000Z</time><extensions/></trkpt><trkpt lat="35.50119305960834" lon="138.96030005067587"><ele>1294.5999755859375</ele><time>2025-12-06T00:51:41.000Z</time><extensions/></trkpt><trkpt lat="35.501187359914184" lon="138.96028898656368"><ele>1294.5999755859375</ele><time>2025-12-06T00:51:42.000Z</time><extensions/></trkpt><trkpt lat="35.50118124112487" lon="138.9602781739086"><ele>1294.5999755859375</ele><time>2025-12-06T00:51:43.000Z</time><extensions/></trkpt><trkpt lat="35.50111963413656" lon="138.9601748250425"><ele>1294.5999755859375</ele><time>2025-12-06T00:51:52.000Z</time><extensions/></trkpt><trkpt lat="35.50111133605242" lon="138.96016912534833"><ele>1294.5999755859375</ele><time>2025-12-06T00:51:53.000Z</time><extensions/></trkpt><trkpt lat="35.5011020321399" lon="138.9601642638445"><ele>1294.4000244140625</ele><time>2025-12-06T00:51:54.000Z</time><extensions/></trkpt><trkpt lat="35.50108736380935" lon="138.96014724858105"><ele>1294.4000244140625</ele><time>2025-12-06T00:51:56.000Z</time><extensions/></trkpt><trkpt lat="35.50104319117963" lon="138.9601053390652"><ele>1294.800048828125</ele><time>2025-12-06T00:52:04.000Z</time><extensions/></trkpt><trkpt lat="35.50099625252187" lon="138.96005949005485"><ele>1297.0</ele><time>2025-12-06T00:52:15.000Z</time><extensions/></trkpt><trkpt lat="35.500964066013694" lon="138.9600289799273"><ele>1299.0</ele><time>2025-12-06T00:52:25.000Z</time><extensions/></trkpt><trkpt lat="35.50091804936528" lon="138.9599716477096"><ele>1301.5999755859375</ele><time>2025-12-06T00:52:38.000Z</time><extensions/></trkpt><trkpt lat="35.500860046595335" lon="138.9599226973951"><ele>1304.199951171875</ele><time>2025-12-06T00:52:50.000Z</time><extensions/></trkpt><trkpt lat="35.50080858170986" lon="138.95986938849092"><ele>1306.199951171875</ele><time>2025-12-06T00:53:00.000Z</time><extensions/></trkpt><trkpt lat="35.500777987763286" lon="138.95983292721212"><ele>1308.199951171875</ele><time>2025-12-06T00:53:10.000Z</time><extensions/></trkpt><trkpt lat="35.50072266720235" lon="138.9598006568849"><ele>1310.0</ele><time>2025-12-06T00:53:22.000Z</time><extensions/></trkpt><trkpt lat="35.500697940588" lon="138.9597678836435"><ele>1311.800048828125</ele><time>2025-12-06T00:53:32.000Z</time><extensions/></trkpt><trkpt lat="35.50066038966179" lon="138.95974055863917"><ele>1313.199951171875</ele><time>2025-12-06T00:53:42.000Z</time><extensions/></trkpt><trkpt lat="35.500628957524896" lon="138.95970912650228"><ele>1315.199951171875</ele><time>2025-12-06T00:53:51.000Z</time><extensions/></trkpt><trkpt lat="35.50061026588082" lon="138.9596565719694"><ele>1315.5999755859375</ele><time>2025-12-06T00:54:01.000Z</time><extensions/></trkpt><trkpt lat="35.50057053565979" lon="138.95960938185453"><ele>1315.5999755859375</ele><time>2025-12-06T00:54:12.000Z</time><extensions/></trkpt><trkpt lat="35.50052711740136" lon="138.95949454978108"><ele>1316.199951171875</ele><time>2025-12-06T00:54:24.000Z</time><extensions/></trkpt><trkpt lat="35.50050884485245" lon="138.95946412347257"><ele>1319.4000244140625</ele><time>2025-12-06T00:54:28.000Z</time><extensions/></trkpt><trkpt lat="35.50050314515829" lon="138.95946135744452"><ele>1319.5999755859375</ele><time>2025-12-06T00:54:29.000Z</time><extensions/></trkpt><trkpt lat="35.500499373301864" lon="138.95941777154803"><ele>1320.199951171875</ele><time>2025-12-06T00:54:38.000Z</time><extensions/></trkpt><trkpt lat="35.50050272606313" lon="138.95940913818777"><ele>1320.199951171875</ele><time>2025-12-06T00:54:45.000Z</time><extensions/></trkpt><trkpt lat="35.500535164028406" lon="138.95934166386724"><ele>1320.199951171875</ele><time>2025-12-06T00:54:53.000Z</time><extensions/></trkpt><trkpt lat="35.50057439133525" lon="138.95924946293235"><ele>1318.199951171875</ele><time>2025-12-06T00:55:04.000Z</time><extensions/></trkpt><trkpt lat="35.500607918947935" lon="138.95919917151332"><ele>1316.800048828125</ele><time>2025-12-06T00:55:09.000Z</time><extensions/></trkpt><trkpt lat="35.50061403773725" lon="138.95918609574437"><ele>1316.5999755859375</ele><time>2025-12-06T00:55:10.000Z</time><extensions/></trkpt><trkpt lat="35.50064278766513" lon="138.9591309428215"><ele>1315.4000244140625</ele><time>2025-12-06T00:55:15.000Z</time><extensions/></trkpt><trkpt lat="35.500680170953274" lon="138.95907537080348"><ele>1313.800048828125</ele><time>2025-12-06T00:55:21.000Z</time><extensions/></trkpt><trkpt lat="35.50068377517164" lon="138.95906313322484"><ele>1313.5999755859375</ele><time>2025-12-06T00:55:22.000Z</time><extensions/></trkpt><trkpt lat="35.50069123506546" lon="138.95901334472"><ele>1312.5999755859375</ele><time>2025-12-06T00:55:26.000Z</time><extensions/></trkpt><trkpt lat="35.50070188008249" lon="138.95891779102385"><ele>1310.4000244140625</ele><time>2025-12-06T00:55:34.000Z</time><extensions/></trkpt><trkpt lat="35.500706071034074" lon="138.95884545519948"><ele>1308.5999755859375</ele><time>2025-12-06T00:55:40.000Z</time><extensions/></trkpt><trkpt lat="35.50069073215127" lon="138.95872299559414"><ele>1306.199951171875</ele><time>2025-12-06T00:55:48.000Z</time><extensions/></trkpt><trkpt lat="35.50068243406713" lon="138.9587144460529"><ele>1306.0</ele><time>2025-12-06T00:55:49.000Z</time><extensions/></trkpt><trkpt lat="35.5006717890501" lon="138.95870497450233"><ele>1305.5999755859375</ele><time>2025-12-06T00:55:50.000Z</time><extensions/></trkpt><trkpt lat="35.50066273659468" lon="138.95868997089565"><ele>1305.4000244140625</ele><time>2025-12-06T00:55:51.000Z</time><extensions/></trkpt><trkpt lat="35.500655360519886" lon="138.95867488346994"><ele>1305.199951171875</ele><time>2025-12-06T00:55:52.000Z</time><extensions/></trkpt><trkpt lat="35.50062912516296" lon="138.95865585654974"><ele>1304.800048828125</ele><time>2025-12-06T00:55:55.000Z</time><extensions/></trkpt><trkpt lat="35.5006202403456" lon="138.9586544316262"><ele>1304.5999755859375</ele><time>2025-12-06T00:55:56.000Z</time><extensions/></trkpt><trkpt lat="35.50061118789017" lon="138.95864822901785"><ele>1304.4000244140625</ele><time>2025-12-06T00:55:57.000Z</time><extensions/></trkpt><trkpt lat="35.50060573965311" lon="138.95863473415375"><ele>1304.199951171875</ele><time>2025-12-06T00:55:58.000Z</time><extensions/></trkpt><trkpt lat="35.50060364417732" lon="138.95861998200417"><ele>1304.0</ele><time>2025-12-06T00:55:59.000Z</time><extensions/></trkpt><trkpt lat="35.500599620863795" lon="138.95860623568296"><ele>1304.0</ele><time>2025-12-06T00:56:00.000Z</time><extensions/></trkpt><trkpt lat="35.50059266388416" lon="138.95859274081886"><ele>1303.800048828125</ele><time>2025-12-06T00:56:01.000Z</time><extensions/></trkpt><trkpt lat="35.50054564140737" lon="138.95843834616244"><ele>1301.199951171875</ele><time>2025-12-06T00:56:11.000Z</time><extensions/></trkpt><trkpt lat="35.500522339716554" lon="138.95833935588598"><ele>1299.5999755859375</ele><time>2025-12-06T00:56:17.000Z</time><extensions/></trkpt><trkpt lat="35.500515131279826" lon="138.95830859430134"><ele>1299.199951171875</ele><time>2025-12-06T00:56:19.000Z</time><extensions/></trkpt><trkpt lat="35.500515047460794" lon="138.95829384215176"><ele>1299.0</ele><time>2025-12-06T00:56:20.000Z</time><extensions/></trkpt><trkpt lat="35.5005147960037" lon="138.9582783356309"><ele>1299.0</ele><time>2025-12-06T00:56:21.000Z</time><extensions/></trkpt><trkpt lat="35.50051236525178" lon="138.95826349966228"><ele>1298.800048828125</ele><time>2025-12-06T00:56:22.000Z</time><extensions/></trkpt><trkpt lat="35.50050741992891" lon="138.9582484960556"><ele>1298.800048828125</ele><time>2025-12-06T00:56:23.000Z</time><extensions/></trkpt><trkpt lat="35.50050113350153" lon="138.95823407918215"><ele>1298.5999755859375</ele><time>2025-12-06T00:56:24.000Z</time><extensions/></trkpt><trkpt lat="35.500482358038425" lon="138.95819636061788"><ele>1298.0</ele><time>2025-12-06T00:56:27.000Z</time><extensions/></trkpt><trkpt lat="35.50043223425746" lon="138.95814766176045"><ele>1297.199951171875</ele><time>2025-12-06T00:56:32.000Z</time><extensions/></trkpt><trkpt lat="35.500427121296525" lon="138.95813332870603"><ele>1297.0</ele><time>2025-12-06T00:56:33.000Z</time><extensions/></trkpt><trkpt lat="35.50042544491589" lon="138.95811757072806"><ele>1296.800048828125</ele><time>2025-12-06T00:56:34.000Z</time><extensions/></trkpt><trkpt lat="35.50042485818267" lon="138.95809954963624"><ele>1296.5999755859375</ele><time>2025-12-06T00:56:35.000Z</time><extensions/></trkpt><trkpt lat="35.50042795948684" lon="138.9580832887441"><ele>1296.4000244140625</ele><time>2025-12-06T00:56:36.000Z</time><extensions/></trkpt><trkpt lat="35.50042829476297" lon="138.9580666925758"><ele>1296.199951171875</ele><time>2025-12-06T00:56:37.000Z</time><extensions/></trkpt><trkpt lat="35.500425696372986" lon="138.95805244334042"><ele>1296.0</ele><time>2025-12-06T00:56:38.000Z</time><extensions/></trkpt><trkpt lat="35.500411447137594" lon="138.95799703896046"><ele>1294.800048828125</ele><time>2025-12-06T00:56:42.000Z</time><extensions/></trkpt><trkpt lat="35.50041597336531" lon="138.95796133205295"><ele>1293.800048828125</ele><time>2025-12-06T00:56:45.000Z</time><extensions/></trkpt><trkpt lat="35.50041379407048" lon="138.95794599317014"><ele>1293.4000244140625</ele><time>2025-12-06T00:56:46.000Z</time><extensions/></trkpt><trkpt lat="35.50041379407048" lon="138.95793048664927"><ele>1293.0</ele><time>2025-12-06T00:56:47.000Z</time><extensions/></trkpt><trkpt lat="35.50041362643242" lon="138.95791715942323"><ele>1292.5999755859375</ele><time>2025-12-06T00:56:48.000Z</time><extensions/></trkpt><trkpt lat="35.500405160710216" lon="138.95789427682757"><ele>1291.800048828125</ele><time>2025-12-06T00:56:50.000Z</time><extensions/></trkpt><trkpt lat="35.500397868454456" lon="138.95788262598217"><ele>1291.4000244140625</ele><time>2025-12-06T00:56:51.000Z</time><extensions/></trkpt><trkpt lat="35.50039225257933" lon="138.9578576479107"><ele>1290.4000244140625</ele><time>2025-12-06T00:56:53.000Z</time><extensions/></trkpt><trkpt lat="35.500357719138265" lon="138.95777609199286"><ele>1288.199951171875</ele><time>2025-12-06T00:57:00.000Z</time><extensions/></trkpt><trkpt lat="35.500343553721905" lon="138.9577518682927"><ele>1287.5999755859375</ele><time>2025-12-06T00:57:02.000Z</time><extensions/></trkpt><trkpt lat="35.50033265724778" lon="138.95774382166564"><ele>1287.199951171875</ele><time>2025-12-06T00:57:03.000Z</time><extensions/></trkpt><trkpt lat="35.5003160610795" lon="138.95769973285496"><ele>1285.0</ele><time>2025-12-06T00:57:09.000Z</time><extensions/></trkpt><trkpt lat="35.50027834251523" lon="138.95761172287166"><ele>1282.0</ele><time>2025-12-06T00:57:18.000Z</time><extensions/></trkpt><trkpt lat="35.50026468001306" lon="138.95756763406098"><ele>1280.5999755859375</ele><time>2025-12-06T00:57:22.000Z</time><extensions/></trkpt><trkpt lat="35.500246826559305" lon="138.95747409202158"><ele>1277.4000244140625</ele><time>2025-12-06T00:57:29.000Z</time><extensions/></trkpt><trkpt lat="35.500227296724916" lon="138.95735607482493"><ele>1274.4000244140625</ele><time>2025-12-06T00:57:37.000Z</time><extensions/></trkpt><trkpt lat="35.500233666971326" lon="138.95734056830406"><ele>1274.0</ele><time>2025-12-06T00:57:38.000Z</time><extensions/></trkpt><trkpt lat="35.500236097723246" lon="138.95732623524964"><ele>1273.800048828125</ele><time>2025-12-06T00:57:39.000Z</time><extensions/></trkpt><trkpt lat="35.50023475661874" lon="138.95731005817652"><ele>1273.5999755859375</ele><time>2025-12-06T00:57:40.000Z</time><extensions/></trkpt><trkpt lat="35.50023048184812" lon="138.95729505456984"><ele>1273.199951171875</ele><time>2025-12-06T00:57:41.000Z</time><extensions/></trkpt><trkpt lat="35.5002230219543" lon="138.95728114061058"><ele>1273.0</ele><time>2025-12-06T00:57:42.000Z</time><extensions/></trkpt><trkpt lat="35.50021732226014" lon="138.95726605318487"><ele>1272.5999755859375</ele><time>2025-12-06T00:57:43.000Z</time><extensions/></trkpt><trkpt lat="35.50021346658468" lon="138.9572484511882"><ele>1272.199951171875</ele><time>2025-12-06T00:57:44.000Z</time><extensions/></trkpt><trkpt lat="35.50020944327116" lon="138.9572312682867"><ele>1271.800048828125</ele><time>2025-12-06T00:57:45.000Z</time><extensions/></trkpt><trkpt lat="35.500205252319574" lon="138.9572145882994"><ele>1271.4000244140625</ele><time>2025-12-06T00:57:46.000Z</time><extensions/></trkpt><trkpt lat="35.50020206719637" lon="138.957197656855"><ele>1271.199951171875</ele><time>2025-12-06T00:57:47.000Z</time><extensions/></trkpt><trkpt lat="35.500199468806386" lon="138.95718097686768"><ele>1270.800048828125</ele><time>2025-12-06T00:57:48.000Z</time><extensions/></trkpt><trkpt lat="35.50016216933727" lon="138.95705122500658"><ele>1267.800048828125</ele><time>2025-12-06T00:57:56.000Z</time><extensions/></trkpt><trkpt lat="35.50010282546282" lon="138.95691669546068"><ele>1265.800048828125</ele><time>2025-12-06T00:58:05.000Z</time><extensions/></trkpt><trkpt lat="35.50007902085781" lon="138.95689791999757"><ele>1265.5999755859375</ele><time>2025-12-06T00:58:07.000Z</time><extensions/></trkpt><trkpt lat="35.50006862729788" lon="138.95688735879958"><ele>1265.5999755859375</ele><time>2025-12-06T00:58:08.000Z</time><extensions/></trkpt><trkpt lat="35.50006317906082" lon="138.95687243901193"><ele>1265.4000244140625</ele><time>2025-12-06T00:58:09.000Z</time><extensions/></trkpt><trkpt lat="35.50005353987217" lon="138.9568393304944"><ele>1265.199951171875</ele><time>2025-12-06T00:58:11.000Z</time><extensions/></trkpt><trkpt lat="35.500042559579015" lon="138.95682566799223"><ele>1265.199951171875</ele><time>2025-12-06T00:58:12.000Z</time><extensions/></trkpt><trkpt lat="35.500029399991035" lon="138.9568134304136"><ele>1265.0</ele><time>2025-12-06T00:58:13.000Z</time><extensions/></trkpt><trkpt lat="35.500023029744625" lon="138.95680278539658"><ele>1264.800048828125</ele><time>2025-12-06T00:58:14.000Z</time><extensions/></trkpt><trkpt lat="35.50001934170723" lon="138.95679155364633"><ele>1264.5999755859375</ele><time>2025-12-06T00:58:15.000Z</time><extensions/></trkpt><trkpt lat="35.5000155698508" lon="138.95678074099123"><ele>1264.4000244140625</ele><time>2025-12-06T00:58:16.000Z</time><extensions/></trkpt><trkpt lat="35.5000123847276" lon="138.95676909014583"><ele>1264.199951171875</ele><time>2025-12-06T00:58:17.000Z</time><extensions/></trkpt><trkpt lat="35.499999560415745" lon="138.95673749037087"><ele>1263.0</ele><time>2025-12-06T00:58:23.000Z</time><extensions/></trkpt><trkpt lat="35.499980952590704" lon="138.95671653561294"><ele>1262.5999755859375</ele><time>2025-12-06T00:58:25.000Z</time><extensions/></trkpt><trkpt lat="35.499957986176014" lon="138.95667613483965"><ele>1262.199951171875</ele><time>2025-12-06T00:58:28.000Z</time><extensions/></trkpt><trkpt lat="35.49995387904346" lon="138.9566593710333"><ele>1262.0</ele><time>2025-12-06T00:58:29.000Z</time><extensions/></trkpt><trkpt lat="35.49994717352092" lon="138.95664151757956"><ele>1261.800048828125</ele><time>2025-12-06T00:58:30.000Z</time><extensions/></trkpt><trkpt lat="35.49987953156233" lon="138.95650782622397"><ele>1260.199951171875</ele><time>2025-12-06T00:58:39.000Z</time><extensions/></trkpt><trkpt lat="35.499871065840125" lon="138.95649843849242"><ele>1260.0</ele><time>2025-12-06T00:58:40.000Z</time><extensions/></trkpt><trkpt lat="35.499865198507905" lon="138.95648636855185"><ele>1259.5999755859375</ele><time>2025-12-06T00:58:41.000Z</time><extensions/></trkpt><trkpt lat="35.49985572695732" lon="138.95647781901062"><ele>1259.4000244140625</ele><time>2025-12-06T00:58:42.000Z</time><extensions/></trkpt><trkpt lat="35.49984499812126" lon="138.95646859891713"><ele>1259.199951171875</ele><time>2025-12-06T00:58:43.000Z</time><extensions/></trkpt><trkpt lat="35.49983527511358" lon="138.9564571995288"><ele>1259.0</ele><time>2025-12-06T00:58:44.000Z</time><extensions/></trkpt><trkpt lat="35.499744080007076" lon="138.9563726261258"><ele>1256.199951171875</ele><time>2025-12-06T00:58:53.000Z</time><extensions/></trkpt><trkpt lat="35.49973888322711" lon="138.95635846070945"><ele>1255.800048828125</ele><time>2025-12-06T00:58:54.000Z</time><extensions/></trkpt><trkpt lat="35.499734189361334" lon="138.95634504966438"><ele>1255.4000244140625</ele><time>2025-12-06T00:58:55.000Z</time><extensions/></trkpt><trkpt lat="35.49972857348621" lon="138.95633121952415"><ele>1255.0</ele><time>2025-12-06T00:58:56.000Z</time><extensions/></trkpt><trkpt lat="35.499722454696894" lon="138.95631487481296"><ele>1254.5999755859375</ele><time>2025-12-06T00:58:57.000Z</time><extensions/></trkpt><trkpt lat="35.49969437532127" lon="138.95621705800295"><ele>1252.0</ele><time>2025-12-06T00:59:04.000Z</time><extensions/></trkpt><trkpt lat="35.499677527695894" lon="138.9561897329986"><ele>1249.5999755859375</ele><time>2025-12-06T00:59:12.000Z</time><extensions/></trkpt><trkpt lat="35.499610556289554" lon="138.95605084486306"><ele>1247.4000244140625</ele><time>2025-12-06T00:59:23.000Z</time><extensions/></trkpt><trkpt lat="35.49957384355366" lon="138.95601966418326"><ele>1246.5999755859375</ele><time>2025-12-06T00:59:26.000Z</time><extensions/></trkpt><trkpt lat="35.4995596781373" lon="138.95601589232683"><ele>1246.4000244140625</ele><time>2025-12-06T00:59:27.000Z</time><extensions/></trkpt><trkpt lat="35.49954727292061" lon="138.95601036027074"><ele>1246.199951171875</ele><time>2025-12-06T00:59:28.000Z</time><extensions/></trkpt><trkpt lat="35.49953897483647" lon="138.95599896088243"><ele>1246.0</ele><time>2025-12-06T00:59:29.000Z</time><extensions/></trkpt><trkpt lat="35.499536879360676" lon="138.9559816941619"><ele>1245.800048828125</ele><time>2025-12-06T00:59:30.000Z</time><extensions/></trkpt><trkpt lat="35.49953604117036" lon="138.95596317015588"><ele>1245.5999755859375</ele><time>2025-12-06T00:59:31.000Z</time><extensions/></trkpt><trkpt lat="35.49953302368522" lon="138.95594724453986"><ele>1245.4000244140625</ele><time>2025-12-06T00:59:32.000Z</time><extensions/></trkpt><trkpt lat="35.499524641782045" lon="138.95593618042767"><ele>1245.0</ele><time>2025-12-06T00:59:33.000Z</time><extensions/></trkpt><trkpt lat="35.49951592460275" lon="138.9559232722968"><ele>1244.800048828125</ele><time>2025-12-06T00:59:34.000Z</time><extensions/></trkpt><trkpt lat="35.49951173365116" lon="138.9559058379382"><ele>1244.5999755859375</ele><time>2025-12-06T00:59:35.000Z</time><extensions/></trkpt><trkpt lat="35.49951399676502" lon="138.9558860566467"><ele>1244.4000244140625</ele><time>2025-12-06T00:59:36.000Z</time><extensions/></trkpt><trkpt lat="35.49951768480241" lon="138.95586853846908"><ele>1244.0</ele><time>2025-12-06T00:59:37.000Z</time><extensions/></trkpt><trkpt lat="35.49950075335801" lon="138.95574934780598"><ele>1241.800048828125</ele><time>2025-12-06T00:59:44.000Z</time><extensions/></trkpt><trkpt lat="35.49942942336202" lon="138.95562512800097"><ele>1239.0</ele><time>2025-12-06T00:59:53.000Z</time><extensions/></trkpt><trkpt lat="35.49941391684115" lon="138.95559713244438"><ele>1238.5999755859375</ele><time>2025-12-06T00:59:55.000Z</time><extensions/></trkpt><trkpt lat="35.49940134398639" lon="138.95558833144605"><ele>1238.4000244140625</ele><time>2025-12-06T00:59:56.000Z</time><extensions/></trkpt><trkpt lat="35.49930268898606" lon="138.95547274500132"><ele>1236.800048828125</ele><time>2025-12-06T01:00:06.000Z</time><extensions/></trkpt><trkpt lat="35.49925088882446" lon="138.95534223876894"><ele>1236.0</ele><time>2025-12-06T01:00:14.000Z</time><extensions/></trkpt><trkpt lat="35.499178133904934" lon="138.95526319742203"><ele>1236.199951171875</ele><time>2025-12-06T01:00:22.000Z</time><extensions/></trkpt><trkpt lat="35.49912549555302" lon="138.9551457669586"><ele>1237.199951171875</ele><time>2025-12-06T01:00:31.000Z</time><extensions/></trkpt><trkpt lat="35.49908182583749" lon="138.95505054853857"><ele>1238.4000244140625</ele><time>2025-12-06T01:00:40.000Z</time><extensions/></trkpt><trkpt lat="35.4990279302001" lon="138.9549747761339"><ele>1240.4000244140625</ele><time>2025-12-06T01:00:50.000Z</time><extensions/></trkpt><trkpt lat="35.49898006953299" lon="138.95493906922638"><ele>1242.4000244140625</ele><time>2025-12-06T01:00:57.000Z</time><extensions/></trkpt><trkpt lat="35.498925084248185" lon="138.95489783026278"><ele>1244.0</ele><time>2025-12-06T01:01:05.000Z</time><extensions/></trkpt><trkpt lat="35.498898262158036" lon="138.95487762987614"><ele>1245.0</ele><time>2025-12-06T01:01:11.000Z</time><extensions/></trkpt><trkpt lat="35.49885828047991" lon="138.95481979474425"><ele>1245.800048828125</ele><time>2025-12-06T01:01:18.000Z</time><extensions/></trkpt><trkpt lat="35.49881058745086" lon="138.95474368706346"><ele>1247.5999755859375</ele><time>2025-12-06T01:01:28.000Z</time><extensions/></trkpt><trkpt lat="35.498753087595105" lon="138.95465693436563"><ele>1249.800048828125</ele><time>2025-12-06T01:01:39.000Z</time><extensions/></trkpt><trkpt lat="35.498733473941684" lon="138.95463111810386"><ele>1250.199951171875</ele><time>2025-12-06T01:01:42.000Z</time><extensions/></trkpt><trkpt lat="35.49872366711497" lon="138.95462449640036"><ele>1250.4000244140625</ele><time>2025-12-06T01:01:43.000Z</time><extensions/></trkpt><trkpt lat="35.498714447021484" lon="138.95461753942072"><ele>1250.5999755859375</ele><time>2025-12-06T01:01:44.000Z</time><extensions/></trkpt><trkpt lat="35.49870832823217" lon="138.9546068944037"><ele>1250.800048828125</ele><time>2025-12-06T01:01:45.000Z</time><extensions/></trkpt><trkpt lat="35.49870539456606" lon="138.954594489187"><ele>1251.0</ele><time>2025-12-06T01:01:46.000Z</time><extensions/></trkpt><trkpt lat="35.49869215115905" lon="138.95456481724977"><ele>1251.4000244140625</ele><time>2025-12-06T01:01:49.000Z</time><extensions/></trkpt><trkpt lat="35.498681757599115" lon="138.95455576479435"><ele>1251.4000244140625</ele><time>2025-12-06T01:01:50.000Z</time><extensions/></trkpt><trkpt lat="35.49867253750563" lon="138.95454595796764"><ele>1251.5999755859375</ele><time>2025-12-06T01:01:51.000Z</time><extensions/></trkpt><trkpt lat="35.49866667017341" lon="138.95453506149352"><ele>1251.800048828125</ele><time>2025-12-06T01:01:52.000Z</time><extensions/></trkpt><trkpt lat="35.498661641031504" lon="138.95452332682908"><ele>1251.800048828125</ele><time>2025-12-06T01:01:53.000Z</time><extensions/></trkpt><trkpt lat="35.49860833212733" lon="138.95445275120437"><ele>1252.4000244140625</ele><time>2025-12-06T01:02:01.000Z</time><extensions/></trkpt><trkpt lat="35.498525518924" lon="138.9543621428311"><ele>1252.800048828125</ele><time>2025-12-06T01:02:10.000Z</time><extensions/></trkpt><trkpt lat="35.49844563938677" lon="138.95428092218935"><ele>1253.0</ele><time>2025-12-06T01:02:18.000Z</time><extensions/></trkpt><trkpt lat="35.49836492165923" lon="138.95421504043043"><ele>1253.4000244140625</ele><time>2025-12-06T01:02:26.000Z</time><extensions/></trkpt><trkpt lat="35.498338267207146" lon="138.95420657470822"><ele>1253.4000244140625</ele><time>2025-12-06T01:02:28.000Z</time><extensions/></trkpt><trkpt lat="35.49823575653136" lon="138.95412946119905"><ele>1252.4000244140625</ele><time>2025-12-06T01:02:38.000Z</time><extensions/></trkpt><trkpt lat="35.498130563646555" lon="138.95406584255397"><ele>1251.4000244140625</ele><time>2025-12-06T01:02:47.000Z</time><extensions/></trkpt><trkpt lat="35.498102735728025" lon="138.95403373986483"><ele>1251.0</ele><time>2025-12-06T01:02:50.000Z</time><extensions/></trkpt><trkpt lat="35.498096868395805" lon="138.95402066409588"><ele>1251.0</ele><time>2025-12-06T01:02:51.000Z</time><extensions/></trkpt><trkpt lat="35.49808546900749" lon="138.95401177927852"><ele>1251.0</ele><time>2025-12-06T01:02:52.000Z</time><extensions/></trkpt><trkpt lat="35.49798958003521" lon="138.953936425969"><ele>1251.0</ele><time>2025-12-06T01:03:01.000Z</time><extensions/></trkpt><trkpt lat="35.49790425226092" lon="138.95388588309288"><ele>1251.5999755859375</ele><time>2025-12-06T01:03:09.000Z</time><extensions/></trkpt><trkpt lat="35.49779713153839" lon="138.95383684895933"><ele>1253.4000244140625</ele><time>2025-12-06T01:03:20.000Z</time><extensions/></trkpt><trkpt lat="35.497716749086976" lon="138.9537915866822"><ele>1254.4000244140625</ele><time>2025-12-06T01:03:28.000Z</time><extensions/></trkpt><trkpt lat="35.497706858441234" lon="138.95378479734063"><ele>1254.5999755859375</ele><time>2025-12-06T01:03:29.000Z</time><extensions/></trkpt><trkpt lat="35.49763888120651" lon="138.95371958613396"><ele>1255.0</ele><time>2025-12-06T01:03:37.000Z</time><extensions/></trkpt><trkpt lat="35.49763829447329" lon="138.95370298996568"><ele>1255.0</ele><time>2025-12-06T01:03:38.000Z</time><extensions/></trkpt><trkpt lat="35.49763921648264" lon="138.9536863937974"><ele>1255.0</ele><time>2025-12-06T01:03:39.000Z</time><extensions/></trkpt><trkpt lat="35.4976377915591" lon="138.9536705520004"><ele>1255.0</ele><time>2025-12-06T01:03:40.000Z</time><extensions/></trkpt><trkpt lat="35.497631253674626" lon="138.95365672186017"><ele>1254.800048828125</ele><time>2025-12-06T01:03:41.000Z</time><extensions/></trkpt><trkpt lat="35.497624799609184" lon="138.95364264026284"><ele>1254.800048828125</ele><time>2025-12-06T01:03:42.000Z</time><extensions/></trkpt><trkpt lat="35.49761809408665" lon="138.95362788811326"><ele>1254.5999755859375</ele><time>2025-12-06T01:03:43.000Z</time><extensions/></trkpt><trkpt lat="35.49761247821152" lon="138.95361389033496"><ele>1254.4000244140625</ele><time>2025-12-06T01:03:44.000Z</time><extensions/></trkpt><trkpt lat="35.49760635942221" lon="138.9536020718515"><ele>1254.0</ele><time>2025-12-06T01:03:45.000Z</time><extensions/></trkpt><trkpt lat="35.49759722314775" lon="138.95359033718705"><ele>1253.800048828125</ele><time>2025-12-06T01:03:46.000Z</time><extensions/></trkpt><trkpt lat="35.49751893617213" lon="138.95350065082312"><ele>1251.800048828125</ele><time>2025-12-06T01:03:54.000Z</time><extensions/></trkpt><trkpt lat="35.497499741613865" lon="138.95347584038973"><ele>1251.199951171875</ele><time>2025-12-06T01:03:56.000Z</time><extensions/></trkpt><trkpt lat="35.497493874281645" lon="138.9534578192979"><ele>1251.0</ele><time>2025-12-06T01:03:57.000Z</time><extensions/></trkpt><trkpt lat="35.49748867750168" lon="138.9534413907677"><ele>1250.800048828125</ele><time>2025-12-06T01:03:58.000Z</time><extensions/></trkpt><trkpt lat="35.49747912213206" lon="138.95342429168522"><ele>1250.5999755859375</ele><time>2025-12-06T01:03:59.000Z</time><extensions/></trkpt><trkpt lat="35.49747015349567" lon="138.95341138355434"><ele>1250.4000244140625</ele><time>2025-12-06T01:04:00.000Z</time><extensions/></trkpt><trkpt lat="35.4974583350122" lon="138.9533988945186"><ele>1250.199951171875</ele><time>2025-12-06T01:04:01.000Z</time><extensions/></trkpt><trkpt lat="35.49744525924325" lon="138.9533890876919"><ele>1250.0</ele><time>2025-12-06T01:04:02.000Z</time><extensions/></trkpt><trkpt lat="35.49743159674108" lon="138.95337844267488"><ele>1249.800048828125</ele><time>2025-12-06T01:04:03.000Z</time><extensions/></trkpt><trkpt lat="35.49733185209334" lon="138.9532614313066"><ele>1249.0</ele><time>2025-12-06T01:04:12.000Z</time><extensions/></trkpt><trkpt lat="35.49723939970136" lon="138.95320426672697"><ele>1248.4000244140625</ele><time>2025-12-06T01:04:19.000Z</time><extensions/></trkpt><trkpt lat="35.49715356901288" lon="138.953119777143"><ele>1248.0</ele><time>2025-12-06T01:04:27.000Z</time><extensions/></trkpt><trkpt lat="35.497108893468976" lon="138.95308759063482"><ele>1247.4000244140625</ele><time>2025-12-06T01:04:31.000Z</time><extensions/></trkpt><trkpt lat="35.49709749408066" lon="138.9530796278268"><ele>1247.199951171875</ele><time>2025-12-06T01:04:32.000Z</time><extensions/></trkpt><trkpt lat="35.49706916324794" lon="138.95303428173065"><ele>1246.5999755859375</ele><time>2025-12-06T01:04:36.000Z</time><extensions/></trkpt><trkpt lat="35.497060948982835" lon="138.95302321761847"><ele>1246.199951171875</ele><time>2025-12-06T01:04:37.000Z</time><extensions/></trkpt><trkpt lat="35.49704695120454" lon="138.95301542244852"><ele>1246.0</ele><time>2025-12-06T01:04:38.000Z</time><extensions/></trkpt><trkpt lat="35.497032199054956" lon="138.95300921984017"><ele>1245.800048828125</ele><time>2025-12-06T01:04:39.000Z</time><extensions/></trkpt><trkpt lat="35.49701635725796" lon="138.95300419069827"><ele>1245.4000244140625</ele><time>2025-12-06T01:04:40.000Z</time><extensions/></trkpt><trkpt lat="35.4970024432987" lon="138.95299647934735"><ele>1245.0</ele><time>2025-12-06T01:04:41.000Z</time><extensions/></trkpt><trkpt lat="35.49698903225362" lon="138.95298725925386"><ele>1244.5999755859375</ele><time>2025-12-06T01:04:42.000Z</time><extensions/></trkpt><trkpt lat="35.49690496176481" lon="138.9529120735824"><ele>1243.0</ele><time>2025-12-06T01:04:49.000Z</time><extensions/></trkpt><trkpt lat="35.4968158621341" lon="138.95280838944018"><ele>1242.199951171875</ele><time>2025-12-06T01:04:58.000Z</time><extensions/></trkpt><trkpt lat="35.496767247095704" lon="138.952768240124"><ele>1243.199951171875</ele><time>2025-12-06T01:05:05.000Z</time><extensions/></trkpt><trkpt lat="35.49671117216349" lon="138.95270763896406"><ele>1245.5999755859375</ele><time>2025-12-06T01:05:16.000Z</time><extensions/></trkpt><trkpt lat="35.496664652600884" lon="138.95264108665287"><ele>1248.4000244140625</ele><time>2025-12-06T01:05:28.000Z</time><extensions/></trkpt><trkpt lat="35.49662475474179" lon="138.9525983389467"><ele>1251.0</ele><time>2025-12-06T01:05:39.000Z</time><extensions/></trkpt><trkpt lat="35.49659323878586" lon="138.95258031785488"><ele>1253.800048828125</ele><time>2025-12-06T01:05:51.000Z</time><extensions/></trkpt><trkpt lat="35.49656323157251" lon="138.9525626320392"><ele>1255.4000244140625</ele><time>2025-12-06T01:05:59.000Z</time><extensions/></trkpt><trkpt lat="35.49652802757919" lon="138.9525642246008"><ele>1257.5999755859375</ele><time>2025-12-06T01:06:08.000Z</time><extensions/></trkpt><trkpt lat="35.49649617634714" lon="138.95252466201782"><ele>1260.0</ele><time>2025-12-06T01:06:19.000Z</time><extensions/></trkpt><trkpt lat="35.496460888534784" lon="138.95247126929462"><ele>1262.199951171875</ele><time>2025-12-06T01:06:29.000Z</time><extensions/></trkpt><trkpt lat="35.496415458619595" lon="138.95239893347025"><ele>1264.800048828125</ele><time>2025-12-06T01:06:41.000Z</time><extensions/></trkpt><trkpt lat="35.49637908115983" lon="138.95233606919646"><ele>1266.800048828125</ele><time>2025-12-06T01:06:52.000Z</time><extensions/></trkpt><trkpt lat="35.49634722992778" lon="138.95227622240782"><ele>1268.5999755859375</ele><time>2025-12-06T01:07:02.000Z</time><extensions/></trkpt><trkpt lat="35.49632275477052" lon="138.9522230811417"><ele>1271.0</ele><time>2025-12-06T01:07:18.000Z</time><extensions/></trkpt><trkpt lat="35.49630372785032" lon="138.95218854770064"><ele>1272.800048828125</ele><time>2025-12-06T01:07:29.000Z</time><extensions/></trkpt><trkpt lat="35.49626969732344" lon="138.9521591272205"><ele>1274.4000244140625</ele><time>2025-12-06T01:07:39.000Z</time><extensions/></trkpt><trkpt lat="35.49626994878054" lon="138.95212149247527"><ele>1276.800048828125</ele><time>2025-12-06T01:07:50.000Z</time><extensions/></trkpt><trkpt lat="35.49624463543296" lon="138.95206483080983"><ele>1279.5999755859375</ele><time>2025-12-06T01:08:09.000Z</time><extensions/></trkpt><trkpt lat="35.49622904509306" lon="138.95203666761518"><ele>1282.800048828125</ele><time>2025-12-06T01:08:22.000Z</time><extensions/></trkpt><trkpt lat="35.49618068151176" lon="138.95198377780616"><ele>1285.800048828125</ele><time>2025-12-06T01:08:42.000Z</time><extensions/></trkpt><trkpt lat="35.496151093393564" lon="138.95193968899548"><ele>1287.800048828125</ele><time>2025-12-06T01:08:55.000Z</time><extensions/></trkpt><trkpt lat="35.496140867471695" lon="138.95188386552036"><ele>1289.5999755859375</ele><time>2025-12-06T01:09:07.000Z</time><extensions/></trkpt><trkpt lat="35.496123181656" lon="138.95184757187963"><ele>1291.800048828125</ele><time>2025-12-06T01:09:19.000Z</time><extensions/></trkpt><trkpt lat="35.49610331654549" lon="138.9517970290035"><ele>1293.5999755859375</ele><time>2025-12-06T01:09:30.000Z</time><extensions/></trkpt><trkpt lat="35.4960716329515" lon="138.95173978060484"><ele>1295.0</ele><time>2025-12-06T01:09:39.000Z</time><extensions/></trkpt><trkpt lat="35.49606434069574" lon="138.9517169818282"><ele>1295.4000244140625</ele><time>2025-12-06T01:09:41.000Z</time><extensions/></trkpt><trkpt lat="35.49606576561928" lon="138.95170516334474"><ele>1295.5999755859375</ele><time>2025-12-06T01:09:42.000Z</time><extensions/></trkpt><trkpt lat="35.49606626853347" lon="138.95166333764791"><ele>1296.199951171875</ele><time>2025-12-06T01:09:46.000Z</time><extensions/></trkpt><trkpt lat="35.496047073975205" lon="138.95158094353974"><ele>1297.0</ele><time>2025-12-06T01:09:53.000Z</time><extensions/></trkpt><trkpt lat="35.49603466875851" lon="138.9514830429107"><ele>1297.199951171875</ele><time>2025-12-06T01:10:00.000Z</time><extensions/></trkpt><trkpt lat="35.496045649051666" lon="138.95136686973274"><ele>1298.0</ele><time>2025-12-06T01:10:08.000Z</time><extensions/></trkpt><trkpt lat="35.49605512060225" lon="138.95128388889134"><ele>1298.4000244140625</ele><time>2025-12-06T01:10:14.000Z</time><extensions/></trkpt><trkpt lat="35.49606232903898" lon="138.9511915203184"><ele>1299.4000244140625</ele><time>2025-12-06T01:10:22.000Z</time><extensions/></trkpt><trkpt lat="35.49606492742896" lon="138.95117869600654"><ele>1299.5999755859375</ele><time>2025-12-06T01:10:23.000Z</time><extensions/></trkpt><trkpt lat="35.49607314169407" lon="138.95116704516113"><ele>1299.800048828125</ele><time>2025-12-06T01:10:24.000Z</time><extensions/></trkpt><trkpt lat="35.49607942812145" lon="138.95115355029702"><ele>1299.800048828125</ele><time>2025-12-06T01:10:25.000Z</time><extensions/></trkpt><trkpt lat="35.496100299060345" lon="138.95107216201723"><ele>1300.4000244140625</ele><time>2025-12-06T01:10:32.000Z</time><extensions/></trkpt><trkpt lat="35.4961128719151" lon="138.95103067159653"><ele>1301.4000244140625</ele><time>2025-12-06T01:10:40.000Z</time><extensions/></trkpt><trkpt lat="35.496113542467356" lon="138.95102782174945"><ele>1301.5999755859375</ele><time>2025-12-06T01:10:41.000Z</time><extensions/></trkpt><trkpt lat="35.49611513502896" lon="138.95099085755646"><ele>1302.0</ele><time>2025-12-06T01:10:44.000Z</time><extensions/></trkpt><trkpt lat="35.496117398142815" lon="138.950976440683"><ele>1302.199951171875</ele><time>2025-12-06T01:10:45.000Z</time><extensions/></trkpt><trkpt lat="35.49614162184298" lon="138.95086839795113"><ele>1302.800048828125</ele><time>2025-12-06T01:10:53.000Z</time><extensions/></trkpt><trkpt lat="35.49614497460425" lon="138.95074023865163"><ele>1304.5999755859375</ele><time>2025-12-06T01:11:02.000Z</time><extensions/></trkpt><trkpt lat="35.496130138635635" lon="138.95061308518052"><ele>1305.0</ele><time>2025-12-06T01:11:11.000Z</time><extensions/></trkpt><trkpt lat="35.496127121150494" lon="138.95054083317518"><ele>1304.800048828125</ele><time>2025-12-06T01:11:16.000Z</time><extensions/></trkpt><trkpt lat="35.4961234331131" lon="138.95052624866366"><ele>1304.800048828125</ele><time>2025-12-06T01:11:17.000Z</time><extensions/></trkpt><trkpt lat="35.49612385220826" lon="138.95051292143762"><ele>1304.800048828125</ele><time>2025-12-06T01:11:18.000Z</time><extensions/></trkpt><trkpt lat="35.49612586386502" lon="138.95049934275448"><ele>1304.800048828125</ele><time>2025-12-06T01:11:19.000Z</time><extensions/></trkpt><trkpt lat="35.496126199141145" lon="138.95048366859555"><ele>1304.800048828125</ele><time>2025-12-06T01:11:20.000Z</time><extensions/></trkpt><trkpt lat="35.49612552858889" lon="138.9504697546363"><ele>1304.5999755859375</ele><time>2025-12-06T01:11:21.000Z</time><extensions/></trkpt><trkpt lat="35.496123349294066" lon="138.95045483484864"><ele>1304.5999755859375</ele><time>2025-12-06T01:11:22.000Z</time><extensions/></trkpt><trkpt lat="35.496122846379876" lon="138.9504417590797"><ele>1304.5999755859375</ele><time>2025-12-06T01:11:23.000Z</time><extensions/></trkpt><trkpt lat="35.49612259492278" lon="138.95042792893946"><ele>1304.4000244140625</ele><time>2025-12-06T01:11:24.000Z</time><extensions/></trkpt><trkpt lat="35.496119828894734" lon="138.95041158422828"><ele>1304.4000244140625</ele><time>2025-12-06T01:11:25.000Z</time><extensions/></trkpt><trkpt lat="35.49609996378422" lon="138.9503053855151"><ele>1303.0</ele><time>2025-12-06T01:11:32.000Z</time><extensions/></trkpt><trkpt lat="35.496084121987224" lon="138.95016808994114"><ele>1300.800048828125</ele><time>2025-12-06T01:11:40.000Z</time><extensions/></trkpt><trkpt lat="35.4960732255131" lon="138.95009617321193"><ele>1299.5999755859375</ele><time>2025-12-06T01:11:45.000Z</time><extensions/></trkpt><trkpt lat="35.496038692072034" lon="138.9499663375318"><ele>1298.4000244140625</ele><time>2025-12-06T01:11:53.000Z</time><extensions/></trkpt><trkpt lat="35.496021090075374" lon="138.94989693537354"><ele>1297.5999755859375</ele><time>2025-12-06T01:11:58.000Z</time><extensions/></trkpt><trkpt lat="35.49602192826569" lon="138.949879668653"><ele>1297.4000244140625</ele><time>2025-12-06T01:11:59.000Z</time><extensions/></trkpt><trkpt lat="35.4960248619318" lon="138.9496835321188"><ele>1294.5999755859375</ele><time>2025-12-06T01:12:11.000Z</time><extensions/></trkpt><trkpt lat="35.4960163962096" lon="138.94953902810812"><ele>1292.800048828125</ele><time>2025-12-06T01:12:20.000Z</time><extensions/></trkpt><trkpt lat="35.495975157245994" lon="138.94943224266171"><ele>1292.4000244140625</ele><time>2025-12-06T01:12:27.000Z</time><extensions/></trkpt><trkpt lat="35.495936181396246" lon="138.94929913803935"><ele>1292.800048828125</ele><time>2025-12-06T01:12:36.000Z</time><extensions/></trkpt><trkpt lat="35.49591229297221" lon="138.94924859516323"><ele>1293.4000244140625</ele><time>2025-12-06T01:12:41.000Z</time><extensions/></trkpt><trkpt lat="35.49590256996453" lon="138.94924038089812"><ele>1293.4000244140625</ele><time>2025-12-06T01:12:42.000Z</time><extensions/></trkpt><trkpt lat="35.49589728936553" lon="138.9492292329669"><ele>1293.5999755859375</ele><time>2025-12-06T01:12:43.000Z</time><extensions/></trkpt><trkpt lat="35.495896032080054" lon="138.94921565428376"><ele>1293.800048828125</ele><time>2025-12-06T01:12:44.000Z</time><extensions/></trkpt><trkpt lat="35.49589527770877" lon="138.9492022432387"><ele>1293.800048828125</ele><time>2025-12-06T01:12:45.000Z</time><extensions/></trkpt><trkpt lat="35.495893098413944" lon="138.94918765872717"><ele>1294.199951171875</ele><time>2025-12-06T01:12:46.000Z</time><extensions/></trkpt><trkpt lat="35.49588957801461" lon="138.94917382858694"><ele>1294.4000244140625</ele><time>2025-12-06T01:12:47.000Z</time><extensions/></trkpt><trkpt lat="35.49588396213949" lon="138.94916117191315"><ele>1294.5999755859375</ele><time>2025-12-06T01:12:48.000Z</time><extensions/></trkpt><trkpt lat="35.49587465822697" lon="138.94915035925806"><ele>1294.800048828125</ele><time>2025-12-06T01:12:49.000Z</time><extensions/></trkpt><trkpt lat="35.49586409702897" lon="138.94914323464036"><ele>1295.0</ele><time>2025-12-06T01:12:50.000Z</time><extensions/></trkpt><trkpt lat="35.49585378728807" lon="138.94913686439395"><ele>1295.199951171875</ele><time>2025-12-06T01:12:51.000Z</time><extensions/></trkpt><trkpt lat="35.49577172845602" lon="138.9490582421422"><ele>1295.800048828125</ele><time>2025-12-06T01:12:59.000Z</time><extensions/></trkpt><trkpt lat="35.4956794437021" lon="138.9489839784801"><ele>1294.5999755859375</ele><time>2025-12-06T01:13:08.000Z</time><extensions/></trkpt><trkpt lat="35.495607778429985" lon="138.94894609227777"><ele>1294.199951171875</ele><time>2025-12-06T01:13:15.000Z</time><extensions/></trkpt><trkpt lat="35.49559587612748" lon="138.94895112141967"><ele>1294.199951171875</ele><time>2025-12-06T01:13:16.000Z</time><extensions/></trkpt><trkpt lat="35.49557684920728" lon="138.94894399680197"><ele>1294.4000244140625</ele><time>2025-12-06T01:13:18.000Z</time><extensions/></trkpt><trkpt lat="35.495565533638" lon="138.9489379618317"><ele>1294.4000244140625</ele><time>2025-12-06T01:13:19.000Z</time><extensions/></trkpt><trkpt lat="35.495503675192595" lon="138.9488771930337"><ele>1295.199951171875</ele><time>2025-12-06T01:13:27.000Z</time><extensions/></trkpt><trkpt lat="35.49545656889677" lon="138.94881147891283"><ele>1295.199951171875</ele><time>2025-12-06T01:13:33.000Z</time><extensions/></trkpt><trkpt lat="35.495445085689425" lon="138.94880468957126"><ele>1295.199951171875</ele><time>2025-12-06T01:13:34.000Z</time><extensions/></trkpt><trkpt lat="35.495433770120144" lon="138.94879932515323"><ele>1295.199951171875</ele><time>2025-12-06T01:13:35.000Z</time><extensions/></trkpt><trkpt lat="35.495422035455704" lon="138.94879295490682"><ele>1295.0</ele><time>2025-12-06T01:13:36.000Z</time><extensions/></trkpt><trkpt lat="35.49541046842933" lon="138.94878298044205"><ele>1295.0</ele><time>2025-12-06T01:13:37.000Z</time><extensions/></trkpt><trkpt lat="35.4953998234123" lon="138.94877317361534"><ele>1295.0</ele><time>2025-12-06T01:13:38.000Z</time><extensions/></trkpt><trkpt lat="35.49539001658559" lon="138.94876294769347"><ele>1295.0</ele><time>2025-12-06T01:13:39.000Z</time><extensions/></trkpt><trkpt lat="35.495380042120814" lon="138.94875355996192"><ele>1295.0</ele><time>2025-12-06T01:13:40.000Z</time><extensions/></trkpt><trkpt lat="35.49528859555721" lon="138.94868306815624"><ele>1294.800048828125</ele><time>2025-12-06T01:13:49.000Z</time><extensions/></trkpt><trkpt lat="35.49527912400663" lon="138.94867904484272"><ele>1295.0</ele><time>2025-12-06T01:13:50.000Z</time><extensions/></trkpt><trkpt lat="35.49521089531481" lon="138.9486396498978"><ele>1296.4000244140625</ele><time>2025-12-06T01:13:59.000Z</time><extensions/></trkpt><trkpt lat="35.49517376348376" lon="138.94856655970216"><ele>1298.5999755859375</ele><time>2025-12-06T01:14:10.000Z</time><extensions/></trkpt><trkpt lat="35.49514224752784" lon="138.94857209175825"><ele>1300.5999755859375</ele><time>2025-12-06T01:14:19.000Z</time><extensions/></trkpt><trkpt lat="35.495103523135185" lon="138.9485214650631"><ele>1300.5999755859375</ele><time>2025-12-06T01:14:30.000Z</time><extensions/></trkpt><trkpt lat="35.495045352727175" lon="138.94846329465508"><ele>1303.5999755859375</ele><time>2025-12-06T01:14:39.000Z</time><extensions/></trkpt><trkpt lat="35.4950094781816" lon="138.94840797409415"><ele>1306.4000244140625</ele><time>2025-12-06T01:14:47.000Z</time><extensions/></trkpt><trkpt lat="35.494961785152555" lon="138.9483385719359"><ele>1307.199951171875</ele><time>2025-12-06T01:14:58.000Z</time><extensions/></trkpt><trkpt lat="35.49494787119329" lon="138.94831568934023"><ele>1307.4000244140625</ele><time>2025-12-06T01:15:00.000Z</time><extensions/></trkpt><trkpt lat="35.494941752403975" lon="138.94830512814224"><ele>1307.4000244140625</ele><time>2025-12-06T01:15:01.000Z</time><extensions/></trkpt><trkpt lat="35.49493228085339" lon="138.9482960756868"><ele>1307.5999755859375</ele><time>2025-12-06T01:15:02.000Z</time><extensions/></trkpt><trkpt lat="35.494927167892456" lon="138.9482867717743"><ele>1307.5999755859375</ele><time>2025-12-06T01:15:03.000Z</time><extensions/></trkpt><trkpt lat="35.49492188729346" lon="138.94827579148114"><ele>1307.5999755859375</ele><time>2025-12-06T01:15:04.000Z</time><extensions/></trkpt><trkpt lat="35.49488668330014" lon="138.94820387475193"><ele>1309.0</ele><time>2025-12-06T01:15:12.000Z</time><extensions/></trkpt><trkpt lat="35.494888946413994" lon="138.94818987697363"><ele>1309.0</ele><time>2025-12-06T01:15:13.000Z</time><extensions/></trkpt><trkpt lat="35.494888527318835" lon="138.94817705266178"><ele>1309.199951171875</ele><time>2025-12-06T01:15:14.000Z</time><extensions/></trkpt><trkpt lat="35.4948852583766" lon="138.9481641445309"><ele>1309.4000244140625</ele><time>2025-12-06T01:15:15.000Z</time><extensions/></trkpt><trkpt lat="35.49488006159663" lon="138.94815182313323"><ele>1309.5999755859375</ele><time>2025-12-06T01:15:16.000Z</time><extensions/></trkpt><trkpt lat="35.49487704411149" lon="138.94813975319266"><ele>1309.800048828125</ele><time>2025-12-06T01:15:17.000Z</time><extensions/></trkpt><trkpt lat="35.49485784955323" lon="138.94809901714325"><ele>1310.5999755859375</ele><time>2025-12-06T01:15:21.000Z</time><extensions/></trkpt><trkpt lat="35.49484862945974" lon="138.94809046760201"><ele>1310.800048828125</ele><time>2025-12-06T01:15:22.000Z</time><extensions/></trkpt><trkpt lat="35.49480361863971" lon="138.94797404296696"><ele>1311.800048828125</ele><time>2025-12-06T01:15:31.000Z</time><extensions/></trkpt><trkpt lat="35.49473538994789" lon="138.94787035882473"><ele>1312.0</ele><time>2025-12-06T01:15:40.000Z</time><extensions/></trkpt><trkpt lat="35.49464796669781" lon="138.94778234884143"><ele>1313.199951171875</ele><time>2025-12-06T01:15:49.000Z</time><extensions/></trkpt><trkpt lat="35.49461401998997" lon="138.9477402716875"><ele>1313.5999755859375</ele><time>2025-12-06T01:15:53.000Z</time><extensions/></trkpt><trkpt lat="35.494609577581286" lon="138.94757866859436"><ele>1312.800048828125</ele><time>2025-12-06T01:16:03.000Z</time><extensions/></trkpt><trkpt lat="35.49459767527878" lon="138.94742569886148"><ele>1311.0</ele><time>2025-12-06T01:16:12.000Z</time><extensions/></trkpt><trkpt lat="35.49459449015558" lon="138.94736006855965"><ele>1310.0</ele><time>2025-12-06T01:16:16.000Z</time><extensions/></trkpt><trkpt lat="35.49459373578429" lon="138.94734187982976"><ele>1309.800048828125</ele><time>2025-12-06T01:16:17.000Z</time><extensions/></trkpt><trkpt lat="35.49459759145975" lon="138.9472743216902"><ele>1309.199951171875</ele><time>2025-12-06T01:16:21.000Z</time><extensions/></trkpt><trkpt lat="35.49459792673588" lon="138.947197124362"><ele>1308.5999755859375</ele><time>2025-12-06T01:16:26.000Z</time><extensions/></trkpt><trkpt lat="35.49460186623037" lon="138.9471817854792"><ele>1308.5999755859375</ele><time>2025-12-06T01:16:27.000Z</time><extensions/></trkpt><trkpt lat="35.49460404552519" lon="138.94716686569154"><ele>1308.5999755859375</ele><time>2025-12-06T01:16:28.000Z</time><extensions/></trkpt><trkpt lat="35.494605051353574" lon="138.94715295173228"><ele>1308.5999755859375</ele><time>2025-12-06T01:16:29.000Z</time><extensions/></trkpt><trkpt lat="35.494607985019684" lon="138.94713912159204"><ele>1308.5999755859375</ele><time>2025-12-06T01:16:30.000Z</time><extensions/></trkpt><trkpt lat="35.49461175687611" lon="138.94712587818503"><ele>1308.5999755859375</ele><time>2025-12-06T01:16:31.000Z</time><extensions/></trkpt><trkpt lat="35.4946228209883" lon="138.94703518599272"><ele>1308.199951171875</ele><time>2025-12-06T01:16:37.000Z</time><extensions/></trkpt><trkpt lat="35.494618797674775" lon="138.94702018238604"><ele>1308.199951171875</ele><time>2025-12-06T01:16:38.000Z</time><extensions/></trkpt><trkpt lat="35.49460278823972" lon="138.94698715768754"><ele>1308.0</ele><time>2025-12-06T01:16:41.000Z</time><extensions/></trkpt><trkpt lat="35.49459574744105" lon="138.946977769956"><ele>1308.0</ele><time>2025-12-06T01:16:42.000Z</time><extensions/></trkpt><trkpt lat="35.494574373587966" lon="138.94694021902978"><ele>1307.800048828125</ele><time>2025-12-06T01:16:45.000Z</time><extensions/></trkpt><trkpt lat="35.494568925350904" lon="138.94692655652761"><ele>1307.800048828125</ele><time>2025-12-06T01:16:46.000Z</time><extensions/></trkpt><trkpt lat="35.49453204497695" lon="138.94688297063112"><ele>1307.199951171875</ele><time>2025-12-06T01:16:50.000Z</time><extensions/></trkpt><trkpt lat="35.494522070512176" lon="138.9468752592802"><ele>1307.0</ele><time>2025-12-06T01:16:51.000Z</time><extensions/></trkpt><trkpt lat="35.49451259896159" lon="138.94686268642545"><ele>1306.800048828125</ele><time>2025-12-06T01:16:52.000Z</time><extensions/></trkpt><trkpt lat="35.494507318362594" lon="138.94684885628521"><ele>1306.5999755859375</ele><time>2025-12-06T01:16:53.000Z</time><extensions/></trkpt><trkpt lat="35.49450555816293" lon="138.94683443941176"><ele>1306.5999755859375</ele><time>2025-12-06T01:16:54.000Z</time><extensions/></trkpt><trkpt lat="35.49450471997261" lon="138.94681901670992"><ele>1306.5999755859375</ele><time>2025-12-06T01:16:55.000Z</time><extensions/></trkpt><trkpt lat="35.49449985846877" lon="138.9468046836555"><ele>1306.5999755859375</ele><time>2025-12-06T01:16:56.000Z</time><extensions/></trkpt><trkpt lat="35.494493655860424" lon="138.9467920269817"><ele>1306.4000244140625</ele><time>2025-12-06T01:16:57.000Z</time><extensions/></trkpt><trkpt lat="35.49445677548647" lon="138.94666294567287"><ele>1306.5999755859375</ele><time>2025-12-06T01:17:06.000Z</time><extensions/></trkpt><trkpt lat="35.494417967274785" lon="138.9465713314712"><ele>1307.800048828125</ele><time>2025-12-06T01:17:14.000Z</time><extensions/></trkpt><trkpt lat="35.49441486597061" lon="138.94654735922813"><ele>1308.199951171875</ele><time>2025-12-06T01:17:16.000Z</time><extensions/></trkpt><trkpt lat="35.494418470188975" lon="138.94648055545986"><ele>1309.199951171875</ele><time>2025-12-06T01:17:21.000Z</time><extensions/></trkpt><trkpt lat="35.49441318958998" lon="138.94646655768156"><ele>1309.4000244140625</ele><time>2025-12-06T01:17:22.000Z</time><extensions/></trkpt><trkpt lat="35.49441662617028" lon="138.9464418310672"><ele>1309.5999755859375</ele><time>2025-12-06T01:17:24.000Z</time><extensions/></trkpt><trkpt lat="35.49441427923739" lon="138.94634569063783"><ele>1308.800048828125</ele><time>2025-12-06T01:17:33.000Z</time><extensions/></trkpt><trkpt lat="35.49440631642938" lon="138.94631585106254"><ele>1308.4000244140625</ele><time>2025-12-06T01:17:35.000Z</time><extensions/></trkpt><trkpt lat="35.49438192509115" lon="138.94622373394668"><ele>1306.800048828125</ele><time>2025-12-06T01:17:43.000Z</time><extensions/></trkpt><trkpt lat="35.494341272860765" lon="138.94612357020378"><ele>1309.199951171875</ele><time>2025-12-06T01:17:54.000Z</time><extensions/></trkpt><trkpt lat="35.49431512132287" lon="138.94603128544986"><ele>1311.5999755859375</ele><time>2025-12-06T01:18:03.000Z</time><extensions/></trkpt><trkpt lat="35.49429441802204" lon="138.94594713114202"><ele>1312.199951171875</ele><time>2025-12-06T01:18:10.000Z</time><extensions/></trkpt><trkpt lat="35.49427639693022" lon="138.9459050539881"><ele>1311.800048828125</ele><time>2025-12-06T01:18:13.000Z</time><extensions/></trkpt><trkpt lat="35.494256783276796" lon="138.94583732821047"><ele>1311.0</ele><time>2025-12-06T01:18:20.000Z</time><extensions/></trkpt><trkpt lat="35.494262566789985" lon="138.94581033848226"><ele>1311.0</ele><time>2025-12-06T01:18:22.000Z</time><extensions/></trkpt><trkpt lat="35.49427748657763" lon="138.94578645005822"><ele>1311.4000244140625</ele><time>2025-12-06T01:18:24.000Z</time><extensions/></trkpt><trkpt lat="35.494286036118865" lon="138.94577588886023"><ele>1311.4000244140625</ele><time>2025-12-06T01:18:25.000Z</time><extensions/></trkpt><trkpt lat="35.49429215490818" lon="138.94576432183385"><ele>1311.5999755859375</ele><time>2025-12-06T01:18:26.000Z</time><extensions/></trkpt><trkpt lat="35.49429852515459" lon="138.94575225189328"><ele>1312.0</ele><time>2025-12-06T01:18:27.000Z</time><extensions/></trkpt><trkpt lat="35.49432358704507" lon="138.9456833526492"><ele>1313.199951171875</ele><time>2025-12-06T01:18:36.000Z</time><extensions/></trkpt><trkpt lat="35.49432157538831" lon="138.94566767849028"><ele>1312.4000244140625</ele><time>2025-12-06T01:18:49.000Z</time><extensions/></trkpt><trkpt lat="35.49430472776294" lon="138.94559282809496"><ele>1311.5999755859375</ele><time>2025-12-06T01:18:58.000Z</time><extensions/></trkpt><trkpt lat="35.49430447630584" lon="138.94557774066925"><ele>1311.4000244140625</ele><time>2025-12-06T01:18:59.000Z</time><extensions/></trkpt><trkpt lat="35.494306990876794" lon="138.94556265324354"><ele>1311.199951171875</ele><time>2025-12-06T01:19:00.000Z</time><extensions/></trkpt><trkpt lat="35.49431227147579" lon="138.9455463923514"><ele>1311.199951171875</ele><time>2025-12-06T01:19:01.000Z</time><extensions/></trkpt><trkpt lat="35.49431839026511" lon="138.9455316402018"><ele>1311.0</ele><time>2025-12-06T01:19:02.000Z</time><extensions/></trkpt><trkpt lat="35.49432358704507" lon="138.94551646895707"><ele>1310.5999755859375</ele><time>2025-12-06T01:19:03.000Z</time><extensions/></trkpt><trkpt lat="35.49432786181569" lon="138.9455020520836"><ele>1310.4000244140625</ele><time>2025-12-06T01:19:04.000Z</time><extensions/></trkpt><trkpt lat="35.49432987347245" lon="138.94548704847693"><ele>1310.199951171875</ele><time>2025-12-06T01:19:05.000Z</time><extensions/></trkpt><trkpt lat="35.494330041110516" lon="138.94547078758478"><ele>1310.199951171875</ele><time>2025-12-06T01:19:06.000Z</time><extensions/></trkpt><trkpt lat="35.4943289514631" lon="138.94545377232134"><ele>1310.0</ele><time>2025-12-06T01:19:07.000Z</time><extensions/></trkpt><trkpt lat="35.49432677216828" lon="138.94543793052435"><ele>1310.0</ele><time>2025-12-06T01:19:08.000Z</time><extensions/></trkpt><trkpt lat="35.49432484433055" lon="138.94542183727026"><ele>1310.0</ele><time>2025-12-06T01:19:09.000Z</time><extensions/></trkpt><trkpt lat="35.4943223297596" lon="138.9454060792923"><ele>1310.0</ele><time>2025-12-06T01:19:10.000Z</time><extensions/></trkpt><trkpt lat="35.49432006664574" lon="138.94539216533303"><ele>1309.800048828125</ele><time>2025-12-06T01:19:11.000Z</time><extensions/></trkpt><trkpt lat="35.49431847408414" lon="138.9453785866499"><ele>1309.800048828125</ele><time>2025-12-06T01:19:12.000Z</time><extensions/></trkpt><trkpt lat="35.494315791875124" lon="138.9453643374145"><ele>1309.800048828125</ele><time>2025-12-06T01:19:13.000Z</time><extensions/></trkpt><trkpt lat="35.49431327730417" lon="138.94534983672202"><ele>1309.800048828125</ele><time>2025-12-06T01:19:14.000Z</time><extensions/></trkpt><trkpt lat="35.49431076273322" lon="138.945336593315"><ele>1309.800048828125</ele><time>2025-12-06T01:19:15.000Z</time><extensions/></trkpt><trkpt lat="35.49430715851486" lon="138.94532393664122"><ele>1309.5999755859375</ele><time>2025-12-06T01:19:16.000Z</time><extensions/></trkpt><trkpt lat="35.49428863450885" lon="138.94523869268596"><ele>1309.5999755859375</ele><time>2025-12-06T01:19:24.000Z</time><extensions/></trkpt><trkpt lat="35.49429902806878" lon="138.94514674320817"><ele>1311.4000244140625</ele><time>2025-12-06T01:19:33.000Z</time><extensions/></trkpt><trkpt lat="35.49430581741035" lon="138.9450979605317"><ele>1312.199951171875</ele><time>2025-12-06T01:19:37.000Z</time><extensions/></trkpt><trkpt lat="35.49431218765676" lon="138.9450849685818"><ele>1312.4000244140625</ele><time>2025-12-06T01:19:38.000Z</time><extensions/></trkpt><trkpt lat="35.494319731369615" lon="138.9450656902045"><ele>1313.199951171875</ele><time>2025-12-06T01:19:43.000Z</time><extensions/></trkpt><trkpt lat="35.494327526539564" lon="138.94505613483489"><ele>1313.4000244140625</ele><time>2025-12-06T01:19:44.000Z</time><extensions/></trkpt><trkpt lat="35.49433565698564" lon="138.94504632800817"><ele>1313.4000244140625</ele><time>2025-12-06T01:19:45.000Z</time><extensions/></trkpt><trkpt lat="35.494339847937226" lon="138.94503224641085"><ele>1313.5999755859375</ele><time>2025-12-06T01:19:46.000Z</time><extensions/></trkpt><trkpt lat="35.49434378743172" lon="138.94501883536577"><ele>1313.5999755859375</ele><time>2025-12-06T01:19:47.000Z</time><extensions/></trkpt><trkpt lat="35.49434596672654" lon="138.9450040832162"><ele>1313.800048828125</ele><time>2025-12-06T01:19:48.000Z</time><extensions/></trkpt><trkpt lat="35.494387121871114" lon="138.94488338381052"><ele>1313.4000244140625</ele><time>2025-12-06T01:19:56.000Z</time><extensions/></trkpt><trkpt lat="35.494419978931546" lon="138.94479017704725"><ele>1313.5999755859375</ele><time>2025-12-06T01:20:05.000Z</time><extensions/></trkpt><trkpt lat="35.49444763921201" lon="138.94466042518616"><ele>1315.4000244140625</ele><time>2025-12-06T01:20:16.000Z</time><extensions/></trkpt><trkpt lat="35.494529530406" lon="138.9445632789284"><ele>1318.5999755859375</ele><time>2025-12-06T01:20:28.000Z</time><extensions/></trkpt><trkpt lat="35.49458057619631" lon="138.94448842853308"><ele>1318.199951171875</ele><time>2025-12-06T01:20:38.000Z</time><extensions/></trkpt><trkpt lat="35.4945950768888" lon="138.9444419927895"><ele>1317.4000244140625</ele><time>2025-12-06T01:20:42.000Z</time><extensions/></trkpt><trkpt lat="35.49464645795524" lon="138.9443843252957"><ele>1315.4000244140625</ele><time>2025-12-06T01:20:50.000Z</time><extensions/></trkpt><trkpt lat="35.494700437411666" lon="138.94429958425462"><ele>1313.199951171875</ele><time>2025-12-06T01:21:00.000Z</time><extensions/></trkpt><trkpt lat="35.49472658894956" lon="138.94422414712608"><ele>1314.0</ele><time>2025-12-06T01:21:10.000Z</time><extensions/></trkpt><trkpt lat="35.49477495253086" lon="138.94417075440288"><ele>1316.4000244140625</ele><time>2025-12-06T01:21:19.000Z</time><extensions/></trkpt><trkpt lat="35.49481702968478" lon="138.9440949819982"><ele>1319.5999755859375</ele><time>2025-12-06T01:21:30.000Z</time><extensions/></trkpt><trkpt lat="35.49484779126942" lon="138.9440180361271"><ele>1321.800048828125</ele><time>2025-12-06T01:21:39.000Z</time><extensions/></trkpt><trkpt lat="35.49489908851683" lon="138.94391175359488"><ele>1323.800048828125</ele><time>2025-12-06T01:21:49.000Z</time><extensions/></trkpt><trkpt lat="35.49495172686875" lon="138.94372475333512"><ele>1325.199951171875</ele><time>2025-12-06T01:22:03.000Z</time><extensions/></trkpt><trkpt lat="35.494952565059066" lon="138.9436840172857"><ele>1325.5999755859375</ele><time>2025-12-06T01:22:06.000Z</time><extensions/></trkpt><trkpt lat="35.49492297694087" lon="138.943579075858"><ele>1326.0</ele><time>2025-12-06T01:22:14.000Z</time><extensions/></trkpt><trkpt lat="35.49490638077259" lon="138.9435206539929"><ele>1325.199951171875</ele><time>2025-12-06T01:22:18.000Z</time><extensions/></trkpt><trkpt lat="35.494904620572925" lon="138.94350657239556"><ele>1325.199951171875</ele><time>2025-12-06T01:22:19.000Z</time><extensions/></trkpt><trkpt lat="35.49488148652017" lon="138.94342937506735"><ele>1324.5999755859375</ele><time>2025-12-06T01:22:26.000Z</time><extensions/></trkpt><trkpt lat="35.494857262820005" lon="138.94336123019457"><ele>1325.0</ele><time>2025-12-06T01:22:33.000Z</time><extensions/></trkpt><trkpt lat="35.49483404494822" lon="138.94328478723764"><ele>1327.0</ele><time>2025-12-06T01:22:42.000Z</time><extensions/></trkpt><trkpt lat="35.494794733822346" lon="138.94318604841828"><ele>1330.0</ele><time>2025-12-06T01:22:55.000Z</time><extensions/></trkpt><trkpt lat="35.49475969746709" lon="138.94309736788273"><ele>1333.0</ele><time>2025-12-06T01:23:06.000Z</time><extensions/></trkpt><trkpt lat="35.494713596999645" lon="138.94303919747472"><ele>1335.199951171875</ele><time>2025-12-06T01:23:17.000Z</time><extensions/></trkpt><trkpt lat="35.49468509852886" lon="138.94299427047372"><ele>1337.199951171875</ele><time>2025-12-06T01:23:29.000Z</time><extensions/></trkpt><trkpt lat="35.494666239246726" lon="138.9429267961532"><ele>1338.0</ele><time>2025-12-06T01:23:51.000Z</time><extensions/></trkpt><trkpt lat="35.49466012045741" lon="138.94283836707473"><ele>1339.800048828125</ele><time>2025-12-06T01:24:02.000Z</time><extensions/></trkpt><trkpt lat="35.494644194841385" lon="138.94279008731246"><ele>1342.5999755859375</ele><time>2025-12-06T01:24:13.000Z</time><extensions/></trkpt><trkpt lat="35.49464939162135" lon="138.94274432212114"><ele>1345.5999755859375</ele><time>2025-12-06T01:24:37.000Z</time><extensions/></trkpt><trkpt lat="35.49464193172753" lon="138.94267374649644"><ele>1348.4000244140625</ele><time>2025-12-06T01:24:48.000Z</time><extensions/></trkpt><trkpt lat="35.49464729614556" lon="138.94258213229477"><ele>1350.4000244140625</ele><time>2025-12-06T01:24:58.000Z</time><extensions/></trkpt><trkpt lat="35.494648050516844" lon="138.94250149838626"><ele>1351.800048828125</ele><time>2025-12-06T01:25:06.000Z</time><extensions/></trkpt><trkpt lat="35.49465316347778" lon="138.94241927191615"><ele>1352.800048828125</ele><time>2025-12-06T01:25:13.000Z</time><extensions/></trkpt><trkpt lat="35.49465039744973" lon="138.9424061961472"><ele>1352.800048828125</ele><time>2025-12-06T01:25:14.000Z</time><extensions/></trkpt><trkpt lat="35.49466188065708" lon="138.94235112704337"><ele>1352.0</ele><time>2025-12-06T01:25:22.000Z</time><extensions/></trkpt><trkpt lat="35.49464042298496" lon="138.94230888225138"><ele>1350.800048828125</ele><time>2025-12-06T01:25:27.000Z</time><extensions/></trkpt><trkpt lat="35.494622737169266" lon="138.94229505211115"><ele>1350.4000244140625</ele><time>2025-12-06T01:25:29.000Z</time><extensions/></trkpt><trkpt lat="35.49461184069514" lon="138.94228314980865"><ele>1350.199951171875</ele><time>2025-12-06T01:25:30.000Z</time><extensions/></trkpt><trkpt lat="35.49460278823972" lon="138.94227066077292"><ele>1350.199951171875</ele><time>2025-12-06T01:25:31.000Z</time><extensions/></trkpt><trkpt lat="35.49455794505775" lon="138.94215557724237"><ele>1349.4000244140625</ele><time>2025-12-06T01:25:41.000Z</time><extensions/></trkpt><trkpt lat="35.49453707411885" lon="138.9421263244003"><ele>1350.4000244140625</ele><time>2025-12-06T01:25:50.000Z</time><extensions/></trkpt><trkpt lat="35.494488291442394" lon="138.9420948922634"><ele>1350.800048828125</ele><time>2025-12-06T01:26:11.000Z</time><extensions/></trkpt><trkpt lat="35.4944864474237" lon="138.94207142293453"><ele>1349.5999755859375</ele><time>2025-12-06T01:26:21.000Z</time><extensions/></trkpt><trkpt lat="35.494487285614014" lon="138.942048875615"><ele>1349.4000244140625</ele><time>2025-12-06T01:26:26.000Z</time><extensions/></trkpt><trkpt lat="35.494483429938555" lon="138.94202046096325"><ele>1349.4000244140625</ele><time>2025-12-06T01:26:28.000Z</time><extensions/></trkpt><trkpt lat="35.49447982572019" lon="138.94193555228412"><ele>1348.4000244140625</ele><time>2025-12-06T01:26:36.000Z</time><extensions/></trkpt><trkpt lat="35.494478065520525" lon="138.94192205742002"><ele>1348.4000244140625</ele><time>2025-12-06T01:26:37.000Z</time><extensions/></trkpt><trkpt lat="35.49447638913989" lon="138.94188936799765"><ele>1348.4000244140625</ele><time>2025-12-06T01:26:40.000Z</time><extensions/></trkpt><trkpt lat="35.49447739496827" lon="138.94187511876225"><ele>1348.4000244140625</ele><time>2025-12-06T01:26:41.000Z</time><extensions/></trkpt><trkpt lat="35.49447504803538" lon="138.94185156561434"><ele>1348.5999755859375</ele><time>2025-12-06T01:26:43.000Z</time><extensions/></trkpt><trkpt lat="35.49447328783572" lon="138.94178057089448"><ele>1349.4000244140625</ele><time>2025-12-06T01:26:51.000Z</time><extensions/></trkpt><trkpt lat="35.49447823315859" lon="138.94173497334123"><ele>1350.0</ele><time>2025-12-06T01:26:56.000Z</time><extensions/></trkpt><trkpt lat="35.494478987529874" lon="138.9416482206434"><ele>1353.0</ele><time>2025-12-06T01:27:07.000Z</time><extensions/></trkpt><trkpt lat="35.49447638913989" lon="138.94157865084708"><ele>1355.4000244140625</ele><time>2025-12-06T01:27:17.000Z</time><extensions/></trkpt><trkpt lat="35.49450312741101" lon="138.94149768166244"><ele>1357.800048828125</ele><time>2025-12-06T01:27:28.000Z</time><extensions/></trkpt><trkpt lat="35.49447488039732" lon="138.94137505441904"><ele>1361.0</ele><time>2025-12-06T01:27:42.000Z</time><extensions/></trkpt><trkpt lat="35.49446524120867" lon="138.94135309383273"><ele>1361.4000244140625</ele><time>2025-12-06T01:27:44.000Z</time><extensions/></trkpt><trkpt lat="35.494459960609674" lon="138.9413424488157"><ele>1361.5999755859375</ele><time>2025-12-06T01:27:45.000Z</time><extensions/></trkpt><trkpt lat="35.494427690282464" lon="138.94126508384943"><ele>1362.5999755859375</ele><time>2025-12-06T01:27:52.000Z</time><extensions/></trkpt><trkpt lat="35.494385696947575" lon="138.94117338582873"><ele>1363.5999755859375</ele><time>2025-12-06T01:28:01.000Z</time><extensions/></trkpt><trkpt lat="35.49437094479799" lon="138.94115787930787"><ele>1364.0</ele><time>2025-12-06T01:28:03.000Z</time><extensions/></trkpt><trkpt lat="35.49436893314123" lon="138.94114539027214"><ele>1364.0</ele><time>2025-12-06T01:28:04.000Z</time><extensions/></trkpt><trkpt lat="35.494364155456424" lon="138.941123848781"><ele>1364.4000244140625</ele><time>2025-12-06T01:28:06.000Z</time><extensions/></trkpt><trkpt lat="35.49435703083873" lon="138.94111613743007"><ele>1364.5999755859375</ele><time>2025-12-06T01:28:07.000Z</time><extensions/></trkpt><trkpt lat="35.49429668113589" lon="138.9410355873406"><ele>1366.0</ele><time>2025-12-06T01:28:15.000Z</time><extensions/></trkpt><trkpt lat="35.49423314630985" lon="138.94096593372524"><ele>1366.5999755859375</ele><time>2025-12-06T01:28:23.000Z</time><extensions/></trkpt><trkpt lat="35.494226859882474" lon="138.9409539476037"><ele>1366.5999755859375</ele><time>2025-12-06T01:28:24.000Z</time><extensions/></trkpt><trkpt lat="35.49417179077864" lon="138.94087884575129"><ele>1367.5999755859375</ele><time>2025-12-06T01:28:32.000Z</time><extensions/></trkpt><trkpt lat="35.49412317574024" lon="138.94078656099737"><ele>1368.800048828125</ele><time>2025-12-06T01:28:40.000Z</time><extensions/></trkpt><trkpt lat="35.49409777857363" lon="138.9407205954194"><ele>1369.4000244140625</ele><time>2025-12-06T01:28:46.000Z</time><extensions/></trkpt><trkpt lat="35.49409115687013" lon="138.94070492126048"><ele>1369.4000244140625</ele><time>2025-12-06T01:28:47.000Z</time><extensions/></trkpt><trkpt lat="35.49408461898565" lon="138.94069092348218"><ele>1369.4000244140625</ele><time>2025-12-06T01:28:48.000Z</time><extensions/></trkpt><trkpt lat="35.494055869057775" lon="138.94058195874095"><ele>1369.0</ele><time>2025-12-06T01:28:55.000Z</time><extensions/></trkpt><trkpt lat="35.4940477386117" lon="138.9405702240765"><ele>1369.0</ele><time>2025-12-06T01:28:56.000Z</time><extensions/></trkpt><trkpt lat="35.49403818324208" lon="138.94055899232626"><ele>1368.800048828125</ele><time>2025-12-06T01:28:57.000Z</time><extensions/></trkpt><trkpt lat="35.49403156153858" lon="138.9405464194715"><ele>1368.800048828125</ele><time>2025-12-06T01:28:58.000Z</time><extensions/></trkpt><trkpt lat="35.49402837641537" lon="138.94053409807384"><ele>1368.800048828125</ele><time>2025-12-06T01:28:59.000Z</time><extensions/></trkpt><trkpt lat="35.49402628093958" lon="138.94051884301007"><ele>1368.800048828125</ele><time>2025-12-06T01:29:00.000Z</time><extensions/></trkpt><trkpt lat="35.49399342387915" lon="138.940405016765"><ele>1368.0</ele><time>2025-12-06T01:29:08.000Z</time><extensions/></trkpt><trkpt lat="35.49397749826312" lon="138.94035288132727"><ele>1367.5999755859375</ele><time>2025-12-06T01:29:11.000Z</time><extensions/></trkpt><trkpt lat="35.49393659457564" lon="138.94023335538805"><ele>1366.5999755859375</ele><time>2025-12-06T01:29:20.000Z</time><extensions/></trkpt><trkpt lat="35.493885884061456" lon="138.94013553857803"><ele>1366.5999755859375</ele><time>2025-12-06T01:29:29.000Z</time><extensions/></trkpt><trkpt lat="35.49387884326279" lon="138.94012707285583"><ele>1366.4000244140625</ele><time>2025-12-06T01:29:30.000Z</time><extensions/></trkpt><trkpt lat="35.49382025375962" lon="138.94004593603313"><ele>1365.4000244140625</ele><time>2025-12-06T01:29:38.000Z</time><extensions/></trkpt><trkpt lat="35.493789156898856" lon="138.94001525826752"><ele>1364.800048828125</ele><time>2025-12-06T01:29:41.000Z</time><extensions/></trkpt><trkpt lat="35.493781277909875" lon="138.94000033847988"><ele>1364.5999755859375</ele><time>2025-12-06T01:29:42.000Z</time><extensions/></trkpt><trkpt lat="35.493773398920894" lon="138.93998818472028"><ele>1364.4000244140625</ele><time>2025-12-06T01:29:43.000Z</time><extensions/></trkpt><trkpt lat="35.4937091935426" lon="138.93989087082446"><ele>1363.0</ele><time>2025-12-06T01:29:51.000Z</time><extensions/></trkpt><trkpt lat="35.49364557489753" lon="138.93985248170793"><ele>1361.800048828125</ele><time>2025-12-06T01:29:58.000Z</time><extensions/></trkpt><trkpt lat="35.49354616552591" lon="138.93980805762112"><ele>1360.5999755859375</ele><time>2025-12-06T01:30:06.000Z</time><extensions/></trkpt><trkpt lat="35.493446588516235" lon="138.93976933322847"><ele>1359.4000244140625</ele><time>2025-12-06T01:30:14.000Z</time><extensions/></trkpt><trkpt lat="35.49339177086949" lon="138.9397414214909"><ele>1358.800048828125</ele><time>2025-12-06T01:30:18.000Z</time><extensions/></trkpt><trkpt lat="35.49332178197801" lon="138.9396903757006"><ele>1358.4000244140625</ele><time>2025-12-06T01:30:25.000Z</time><extensions/></trkpt><trkpt lat="35.49325522966683" lon="138.9396428503096"><ele>1359.4000244140625</ele><time>2025-12-06T01:30:33.000Z</time><extensions/></trkpt><trkpt lat="35.493170488625765" lon="138.93957378342748"><ele>1361.199951171875</ele><time>2025-12-06T01:30:42.000Z</time><extensions/></trkpt><trkpt lat="35.493138721212745" lon="138.93956716172397"><ele>1362.0</ele><time>2025-12-06T01:30:45.000Z</time><extensions/></trkpt><trkpt lat="35.49312816001475" lon="138.93955634906888"><ele>1362.199951171875</ele><time>2025-12-06T01:30:46.000Z</time><extensions/></trkpt><trkpt lat="35.49299857579172" lon="138.93949977122247"><ele>1363.0</ele><time>2025-12-06T01:30:56.000Z</time><extensions/></trkpt><trkpt lat="35.49299027770758" lon="138.9394874498248"><ele>1362.800048828125</ele><time>2025-12-06T01:30:57.000Z</time><extensions/></trkpt><trkpt lat="35.4929839912802" lon="138.93947361968458"><ele>1362.800048828125</ele><time>2025-12-06T01:30:58.000Z</time><extensions/></trkpt><trkpt lat="35.49297535791993" lon="138.93946222029626"><ele>1362.800048828125</ele><time>2025-12-06T01:30:59.000Z</time><extensions/></trkpt><trkpt lat="35.49296353943646" lon="138.93945216201246"><ele>1362.5999755859375</ele><time>2025-12-06T01:31:00.000Z</time><extensions/></trkpt><trkpt lat="35.49295222386718" lon="138.93944151699543"><ele>1362.5999755859375</ele><time>2025-12-06T01:31:01.000Z</time><extensions/></trkpt><trkpt lat="35.49294258467853" lon="138.9394393377006"><ele>1362.4000244140625</ele><time>2025-12-06T01:31:02.000Z</time><extensions/></trkpt><trkpt lat="35.49292925745249" lon="138.93943833187222"><ele>1362.4000244140625</ele><time>2025-12-06T01:31:03.000Z</time><extensions/></trkpt><trkpt lat="35.49284007400274" lon="138.93939265049994"><ele>1362.0</ele><time>2025-12-06T01:31:10.000Z</time><extensions/></trkpt><trkpt lat="35.49277989193797" lon="138.9393338933587"><ele>1362.199951171875</ele><time>2025-12-06T01:31:16.000Z</time><extensions/></trkpt><trkpt lat="35.49271434545517" lon="138.93928318284452"><ele>1362.4000244140625</ele><time>2025-12-06T01:31:24.000Z</time><extensions/></trkpt><trkpt lat="35.49268115311861" lon="138.9392601326108"><ele>1362.4000244140625</ele><time>2025-12-06T01:31:28.000Z</time><extensions/></trkpt><trkpt lat="35.492671597748995" lon="138.93925057724118"><ele>1362.4000244140625</ele><time>2025-12-06T01:31:29.000Z</time><extensions/></trkpt><trkpt lat="35.49264972098172" lon="138.93921746872365"><ele>1362.4000244140625</ele><time>2025-12-06T01:31:32.000Z</time><extensions/></trkpt><trkpt lat="35.492634046822786" lon="138.93920389004052"><ele>1362.4000244140625</ele><time>2025-12-06T01:31:34.000Z</time><extensions/></trkpt><trkpt lat="35.49262432381511" lon="138.93919626250863"><ele>1362.4000244140625</ele><time>2025-12-06T01:31:35.000Z</time><extensions/></trkpt><trkpt lat="35.492614936083555" lon="138.93918964080513"><ele>1362.4000244140625</ele><time>2025-12-06T01:31:36.000Z</time><extensions/></trkpt><trkpt lat="35.49258668906987" lon="138.93916675820947"><ele>1362.5999755859375</ele><time>2025-12-06T01:31:39.000Z</time><extensions/></trkpt><trkpt lat="35.492581659927964" lon="138.9391533471644"><ele>1362.800048828125</ele><time>2025-12-06T01:31:40.000Z</time><extensions/></trkpt><trkpt lat="35.49257562495768" lon="138.9391411934048"><ele>1362.800048828125</ele><time>2025-12-06T01:31:41.000Z</time><extensions/></trkpt><trkpt lat="35.49256732687354" lon="138.93913054838777"><ele>1363.0</ele><time>2025-12-06T01:31:42.000Z</time><extensions/></trkpt><trkpt lat="35.492557268589735" lon="138.93912015482783"><ele>1363.0</ele><time>2025-12-06T01:31:43.000Z</time><extensions/></trkpt><trkpt lat="35.492468336597085" lon="138.93904362805188"><ele>1363.4000244140625</ele><time>2025-12-06T01:31:52.000Z</time><extensions/></trkpt><trkpt lat="35.492459116503596" lon="138.93903742544353"><ele>1363.5999755859375</ele><time>2025-12-06T01:31:53.000Z</time><extensions/></trkpt><trkpt lat="35.49244704656303" lon="138.93901823088527"><ele>1363.5999755859375</ele><time>2025-12-06T01:31:55.000Z</time><extensions/></trkpt><trkpt lat="35.49244076013565" lon="138.93900699913502"><ele>1363.5999755859375</ele><time>2025-12-06T01:31:56.000Z</time><extensions/></trkpt><trkpt lat="35.49243346787989" lon="138.93899844959378"><ele>1363.800048828125</ele><time>2025-12-06T01:31:57.000Z</time><extensions/></trkpt><trkpt lat="35.4924244992435" lon="138.9389913249761"><ele>1363.800048828125</ele><time>2025-12-06T01:31:58.000Z</time><extensions/></trkpt><trkpt lat="35.492415027692914" lon="138.93898428417742"><ele>1363.800048828125</ele><time>2025-12-06T01:31:59.000Z</time><extensions/></trkpt><trkpt lat="35.49240857362747" lon="138.93897246569395"><ele>1364.0</ele><time>2025-12-06T01:32:00.000Z</time><extensions/></trkpt><trkpt lat="35.492401449009776" lon="138.9389625750482"><ele>1364.199951171875</ele><time>2025-12-06T01:32:01.000Z</time><extensions/></trkpt><trkpt lat="35.49239189364016" lon="138.9389538578689"><ele>1364.4000244140625</ele><time>2025-12-06T01:32:02.000Z</time><extensions/></trkpt><trkpt lat="35.49237362109125" lon="138.9389358367771"><ele>1364.800048828125</ele><time>2025-12-06T01:32:04.000Z</time><extensions/></trkpt><trkpt lat="35.492315450683236" lon="138.93882745876908"><ele>1366.5999755859375</ele><time>2025-12-06T01:32:13.000Z</time><extensions/></trkpt><trkpt lat="35.4922897182405" lon="138.93877314403653"><ele>1367.0</ele><time>2025-12-06T01:32:17.000Z</time><extensions/></trkpt><trkpt lat="35.49222425557673" lon="138.93868697807193"><ele>1367.5999755859375</ele><time>2025-12-06T01:32:24.000Z</time><extensions/></trkpt><trkpt lat="35.4922085814178" lon="138.93864213488996"><ele>1367.5999755859375</ele><time>2025-12-06T01:32:27.000Z</time><extensions/></trkpt><trkpt lat="35.492192320525646" lon="138.93861087039113"><ele>1367.800048828125</ele><time>2025-12-06T01:32:33.000Z</time><extensions/></trkpt><trkpt lat="35.49216164276004" lon="138.93854666501284"><ele>1368.4000244140625</ele><time>2025-12-06T01:32:47.000Z</time><extensions/></trkpt><trkpt lat="35.49215527251363" lon="138.93853476271033"><ele>1368.4000244140625</ele><time>2025-12-06T01:32:48.000Z</time><extensions/></trkpt><trkpt lat="35.49209483899176" lon="138.93845228478312"><ele>1370.0</ele><time>2025-12-06T01:32:59.000Z</time><extensions/></trkpt><trkpt lat="35.49203272908926" lon="138.93839294090867"><ele>1372.5999755859375</ele><time>2025-12-06T01:33:11.000Z</time><extensions/></trkpt><trkpt lat="35.49199559725821" lon="138.93836293369532"><ele>1374.800048828125</ele><time>2025-12-06T01:33:21.000Z</time><extensions/></trkpt><trkpt lat="35.49195888452232" lon="138.93834424205124"><ele>1376.5999755859375</ele><time>2025-12-06T01:33:30.000Z</time><extensions/></trkpt><trkpt lat="35.491942036896944" lon="138.9383113849908"><ele>1378.4000244140625</ele><time>2025-12-06T01:33:40.000Z</time><extensions/></trkpt><trkpt lat="35.49191387370229" lon="138.93830543383956"><ele>1380.0</ele><time>2025-12-06T01:33:47.000Z</time><extensions/></trkpt><trkpt lat="35.49185922369361" lon="138.9382992312312"><ele>1382.0</ele><time>2025-12-06T01:33:56.000Z</time><extensions/></trkpt><trkpt lat="35.491815470159054" lon="138.93827442079782"><ele>1383.800048828125</ele><time>2025-12-06T01:34:07.000Z</time><extensions/></trkpt><trkpt lat="35.49181077629328" lon="138.93825103528798"><ele>1386.199951171875</ele><time>2025-12-06T01:34:19.000Z</time><extensions/></trkpt><trkpt lat="35.49179443158209" lon="138.93823016434908"><ele>1387.5999755859375</ele><time>2025-12-06T01:34:29.000Z</time><extensions/></trkpt><trkpt lat="35.4917645920068" lon="138.93820887431502"><ele>1389.5999755859375</ele><time>2025-12-06T01:34:43.000Z</time><extensions/></trkpt><trkpt lat="35.491743721067905" lon="138.93817928619683"><ele>1391.4000244140625</ele><time>2025-12-06T01:34:55.000Z</time><extensions/></trkpt><trkpt lat="35.491726538166404" lon="138.9381459262222"><ele>1393.5999755859375</ele><time>2025-12-06T01:35:05.000Z</time><extensions/></trkpt><trkpt lat="35.49169443547726" lon="138.9380827266723"><ele>1396.0</ele><time>2025-12-06T01:35:17.000Z</time><extensions/></trkpt><trkpt lat="35.49168622121215" lon="138.93801994621754"><ele>1397.5999755859375</ele><time>2025-12-06T01:35:27.000Z</time><extensions/></trkpt><trkpt lat="35.49164959229529" lon="138.93797183409333"><ele>1399.4000244140625</ele><time>2025-12-06T01:35:38.000Z</time><extensions/></trkpt><trkpt lat="35.4916007257998" lon="138.93792137503624"><ele>1401.199951171875</ele><time>2025-12-06T01:35:48.000Z</time><extensions/></trkpt><trkpt lat="35.49153434112668" lon="138.93785842694342"><ele>1402.800048828125</ele><time>2025-12-06T01:36:00.000Z</time><extensions/></trkpt><trkpt lat="35.49148824065924" lon="138.9378007594496"><ele>1404.4000244140625</ele><time>2025-12-06T01:36:11.000Z</time><extensions/></trkpt><trkpt lat="35.491445660591125" lon="138.93775113858283"><ele>1405.800048828125</ele><time>2025-12-06T01:36:21.000Z</time><extensions/></trkpt><trkpt lat="35.49138086847961" lon="138.93768643029034"><ele>1406.5999755859375</ele><time>2025-12-06T01:36:31.000Z</time><extensions/></trkpt><trkpt lat="35.49132018350065" lon="138.9376389887184"><ele>1408.0</ele><time>2025-12-06T01:36:40.000Z</time><extensions/></trkpt><trkpt lat="35.4912621807307" lon="138.9375724364072"><ele>1409.199951171875</ele><time>2025-12-06T01:36:50.000Z</time><extensions/></trkpt><trkpt lat="35.491254553198814" lon="138.93756623379886"><ele>1409.4000244140625</ele><time>2025-12-06T01:36:51.000Z</time><extensions/></trkpt><trkpt lat="35.491246338933706" lon="138.9375594444573"><ele>1409.4000244140625</ele><time>2025-12-06T01:36:52.000Z</time><extensions/></trkpt><trkpt lat="35.49118062481284" lon="138.93747352994978"><ele>1410.4000244140625</ele><time>2025-12-06T01:37:01.000Z</time><extensions/></trkpt><trkpt lat="35.49116939306259" lon="138.93746363930404"><ele>1410.5999755859375</ele><time>2025-12-06T01:37:02.000Z</time><extensions/></trkpt><trkpt lat="35.49112882465124" lon="138.93742214888334"><ele>1410.800048828125</ele><time>2025-12-06T01:37:06.000Z</time><extensions/></trkpt><trkpt lat="35.491121197119355" lon="138.9374101627618"><ele>1411.0</ele><time>2025-12-06T01:37:07.000Z</time><extensions/></trkpt><trkpt lat="35.491085071116686" lon="138.93734998069704"><ele>1411.4000244140625</ele><time>2025-12-06T01:37:14.000Z</time><extensions/></trkpt><trkpt lat="35.49103687517345" lon="138.93730899319053"><ele>1413.199951171875</ele><time>2025-12-06T01:37:24.000Z</time><extensions/></trkpt><trkpt lat="35.490978956222534" lon="138.93726699985564"><ele>1415.5999755859375</ele><time>2025-12-06T01:37:36.000Z</time><extensions/></trkpt><trkpt lat="35.49092908389866" lon="138.93723933957517"><ele>1417.199951171875</ele><time>2025-12-06T01:37:46.000Z</time><extensions/></trkpt><trkpt lat="35.49088038504124" lon="138.9371949993074"><ele>1419.800048828125</ele><time>2025-12-06T01:37:57.000Z</time><extensions/></trkpt><trkpt lat="35.4908165987581" lon="138.9371318835765"><ele>1421.5999755859375</ele><time>2025-12-06T01:38:08.000Z</time><extensions/></trkpt><trkpt lat="35.49077586270869" lon="138.93712509423494"><ele>1422.5999755859375</ele><time>2025-12-06T01:38:17.000Z</time><extensions/></trkpt><trkpt lat="35.49071836285293" lon="138.93711646087468"><ele>1424.4000244140625</ele><time>2025-12-06T01:38:27.000Z</time><extensions/></trkpt><trkpt lat="35.490651559084654" lon="138.93709399737418"><ele>1426.4000244140625</ele><time>2025-12-06T01:38:39.000Z</time><extensions/></trkpt><trkpt lat="35.49061166122556" lon="138.9370551891625"><ele>1428.199951171875</ele><time>2025-12-06T01:38:48.000Z</time><extensions/></trkpt><trkpt lat="35.49056455492973" lon="138.9370306301862"><ele>1429.800048828125</ele><time>2025-12-06T01:38:59.000Z</time><extensions/></trkpt><trkpt lat="35.4905264172703" lon="138.9370171353221"><ele>1431.800048828125</ele><time>2025-12-06T01:39:08.000Z</time><extensions/></trkpt><trkpt lat="35.49048962071538" lon="138.93701076507568"><ele>1433.199951171875</ele><time>2025-12-06T01:39:17.000Z</time><extensions/></trkpt><trkpt lat="35.49046095460653" lon="138.93699458800256"><ele>1435.0</ele><time>2025-12-06T01:39:25.000Z</time><extensions/></trkpt><trkpt lat="35.49043723382056" lon="138.9369864575565"><ele>1436.5999755859375</ele><time>2025-12-06T01:39:33.000Z</time><extensions/></trkpt><trkpt lat="35.49040806479752" lon="138.93698344007134"><ele>1438.0</ele><time>2025-12-06T01:39:43.000Z</time><extensions/></trkpt><trkpt lat="35.49039683304727" lon="138.93696416169405"><ele>1439.800048828125</ele><time>2025-12-06T01:39:56.000Z</time><extensions/></trkpt><trkpt lat="35.49038518220186" lon="138.9369505830109"><ele>1440.5999755859375</ele><time>2025-12-06T01:40:11.000Z</time><extensions/></trkpt><trkpt lat="35.49035836011171" lon="138.93695494160056"><ele>1441.5999755859375</ele><time>2025-12-06T01:40:21.000Z</time><extensions/></trkpt><trkpt lat="35.49033522605896" lon="138.93691915087402"><ele>1444.800048828125</ele><time>2025-12-06T01:40:38.000Z</time><extensions/></trkpt><trkpt lat="35.49032114446163" lon="138.93687958829105"><ele>1446.4000244140625</ele><time>2025-12-06T01:40:47.000Z</time><extensions/></trkpt><trkpt lat="35.490297339856625" lon="138.93685586750507"><ele>1448.800048828125</ele><time>2025-12-06T01:40:58.000Z</time><extensions/></trkpt><trkpt lat="35.49026004038751" lon="138.93683675676584"><ele>1450.4000244140625</ele><time>2025-12-06T01:41:10.000Z</time><extensions/></trkpt><trkpt lat="35.49022684805095" lon="138.93679769709706"><ele>1451.800048828125</ele><time>2025-12-06T01:41:19.000Z</time><extensions/></trkpt><trkpt lat="35.490222573280334" lon="138.93675503320992"><ele>1453.0</ele><time>2025-12-06T01:41:27.000Z</time><extensions/></trkpt><trkpt lat="35.49021553248167" lon="138.9367610681802"><ele>1454.4000244140625</ele><time>2025-12-06T01:43:54.000Z</time><extensions/></trkpt><trkpt lat="35.490182591602206" lon="138.93671572208405"><ele>1454.4000244140625</ele><time>2025-12-06T01:44:15.000Z</time><extensions/></trkpt><trkpt lat="35.4901484772563" lon="138.93667448312044"><ele>1455.5999755859375</ele><time>2025-12-06T01:44:24.000Z</time><extensions/></trkpt><trkpt lat="35.49011453054845" lon="138.9366304781288"><ele>1456.5999755859375</ele><time>2025-12-06T01:44:32.000Z</time><extensions/></trkpt><trkpt lat="35.49007781781256" lon="138.9365733973682"><ele>1458.5999755859375</ele><time>2025-12-06T01:44:43.000Z</time><extensions/></trkpt><trkpt lat="35.49002249725163" lon="138.93652972765267"><ele>1460.800048828125</ele><time>2025-12-06T01:44:54.000Z</time><extensions/></trkpt><trkpt lat="35.489977318793535" lon="138.9364766702056"><ele>1463.199951171875</ele><time>2025-12-06T01:45:04.000Z</time><extensions/></trkpt><trkpt lat="35.48993742093444" lon="138.9364669471979"><ele>1466.199951171875</ele><time>2025-12-06T01:45:15.000Z</time><extensions/></trkpt><trkpt lat="35.489912861958146" lon="138.9364528656006"><ele>1468.4000244140625</ele><time>2025-12-06T01:45:24.000Z</time><extensions/></trkpt><trkpt lat="35.48988964408636" lon="138.9364325813949"><ele>1471.4000244140625</ele><time>2025-12-06T01:45:45.000Z</time><extensions/></trkpt><trkpt lat="35.48986843787134" lon="138.93640751950443"><ele>1472.800048828125</ele><time>2025-12-06T01:45:57.000Z</time><extensions/></trkpt><trkpt lat="35.4898445494473" lon="138.936350857839"><ele>1475.800048828125</ele><time>2025-12-06T01:46:12.000Z</time><extensions/></trkpt><trkpt lat="35.489812195301056" lon="138.93630869686604"><ele>1478.4000244140625</ele><time>2025-12-06T01:46:26.000Z</time><extensions/></trkpt><trkpt lat="35.489796185866" lon="138.93630878068507"><ele>1479.800048828125</ele><time>2025-12-06T01:46:35.000Z</time><extensions/></trkpt><trkpt lat="35.48977657221258" lon="138.9363194257021"><ele>1480.800048828125</ele><time>2025-12-06T01:46:45.000Z</time><extensions/></trkpt><trkpt lat="35.4897478222847" lon="138.93631791695952"><ele>1481.5999755859375</ele><time>2025-12-06T01:47:00.000Z</time><extensions/></trkpt><trkpt lat="35.489723766222596" lon="138.93631012178957"><ele>1483.5999755859375</ele><time>2025-12-06T01:47:09.000Z</time><extensions/></trkpt><trkpt lat="35.48969132825732" lon="138.93632143735886"><ele>1485.199951171875</ele><time>2025-12-06T01:47:16.000Z</time><extensions/></trkpt><trkpt lat="35.48967867158353" lon="138.93629604019225"><ele>1487.0</ele><time>2025-12-06T01:47:24.000Z</time><extensions/></trkpt><trkpt lat="35.48965344205499" lon="138.93628598190844"><ele>1489.5999755859375</ele><time>2025-12-06T01:47:36.000Z</time><extensions/></trkpt><trkpt lat="35.489647993817925" lon="138.93625538796186"><ele>1491.199951171875</ele><time>2025-12-06T01:47:50.000Z</time><extensions/></trkpt><trkpt lat="35.48963223583996" lon="138.9362361934036"><ele>1493.5999755859375</ele><time>2025-12-06T01:48:02.000Z</time><extensions/></trkpt><trkpt lat="35.48961781896651" lon="138.93615907989442"><ele>1496.199951171875</ele><time>2025-12-06T01:48:13.000Z</time><extensions/></trkpt><trkpt lat="35.48959887586534" lon="138.9361280668527"><ele>1497.800048828125</ele><time>2025-12-06T01:48:21.000Z</time><extensions/></trkpt><trkpt lat="35.48957389779389" lon="138.9361069444567"><ele>1499.199951171875</ele><time>2025-12-06T01:48:30.000Z</time><extensions/></trkpt><trkpt lat="35.48955453559756" lon="138.93604793585837"><ele>1501.0</ele><time>2025-12-06T01:48:41.000Z</time><extensions/></trkpt><trkpt lat="35.48954162746668" lon="138.93604382872581"><ele>1502.800048828125</ele><time>2025-12-06T01:48:52.000Z</time><extensions/></trkpt><trkpt lat="35.489518996328115" lon="138.93601348623633"><ele>1504.800048828125</ele><time>2025-12-06T01:49:04.000Z</time><extensions/></trkpt><trkpt lat="35.48950214870274" lon="138.93597635440528"><ele>1506.199951171875</ele><time>2025-12-06T01:49:12.000Z</time><extensions/></trkpt><trkpt lat="35.48948563635349" lon="138.93595053814352"><ele>1507.0</ele><time>2025-12-06T01:49:20.000Z</time><extensions/></trkpt><trkpt lat="35.48947046510875" lon="138.93595506437123"><ele>1508.0</ele><time>2025-12-06T01:49:28.000Z</time><extensions/></trkpt><trkpt lat="35.48945772461593" lon="138.93593536689878"><ele>1509.199951171875</ele><time>2025-12-06T01:49:38.000Z</time><extensions/></trkpt><trkpt lat="35.48944456502795" lon="138.93591944128275"><ele>1510.800048828125</ele><time>2025-12-06T01:50:00.000Z</time><extensions/></trkpt><trkpt lat="35.48944154754281" lon="138.9358632825315"><ele>1512.800048828125</ele><time>2025-12-06T01:50:09.000Z</time><extensions/></trkpt><trkpt lat="35.48942495137453" lon="138.9358529727906"><ele>1514.5999755859375</ele><time>2025-12-06T01:50:17.000Z</time><extensions/></trkpt><trkpt lat="35.489392932504416" lon="138.93585238605738"><ele>1516.800048828125</ele><time>2025-12-06T01:50:31.000Z</time><extensions/></trkpt><trkpt lat="35.489379689097404" lon="138.93582464195788"><ele>1518.5999755859375</ele><time>2025-12-06T01:50:39.000Z</time><extensions/></trkpt><trkpt lat="35.48936225473881" lon="138.9358257316053"><ele>1520.5999755859375</ele><time>2025-12-06T01:50:48.000Z</time><extensions/></trkpt><trkpt lat="35.48934666439891" lon="138.93578407354653"><ele>1523.4000244140625</ele><time>2025-12-06T01:51:06.000Z</time><extensions/></trkpt><trkpt lat="35.489344066008925" lon="138.9357067923993"><ele>1525.0</ele><time>2025-12-06T01:51:17.000Z</time><extensions/></trkpt><trkpt lat="35.48933903686702" lon="138.93567862920463"><ele>1526.199951171875</ele><time>2025-12-06T01:51:25.000Z</time><extensions/></trkpt><trkpt lat="35.48931682482362" lon="138.93562976270914"><ele>1528.800048828125</ele><time>2025-12-06T01:51:36.000Z</time><extensions/></trkpt><trkpt lat="35.48931053839624" lon="138.93558559007943"><ele>1531.0</ele><time>2025-12-06T01:51:45.000Z</time><extensions/></trkpt><trkpt lat="35.489316657185555" lon="138.93556664697826"><ele>1532.800048828125</ele><time>2025-12-06T01:51:57.000Z</time><extensions/></trkpt><trkpt lat="35.489300983026624" lon="138.9355284254998"><ele>1534.5999755859375</ele><time>2025-12-06T01:52:08.000Z</time><extensions/></trkpt><trkpt lat="35.48926846124232" lon="138.93554602749646"><ele>1536.199951171875</ele><time>2025-12-06T01:52:18.000Z</time><extensions/></trkpt><trkpt lat="35.48923627473414" lon="138.93554384820163"><ele>1538.0</ele><time>2025-12-06T01:52:29.000Z</time><extensions/></trkpt><trkpt lat="35.4892229475081" lon="138.93552037887275"><ele>1539.199951171875</ele><time>2025-12-06T01:52:40.000Z</time><extensions/></trkpt><trkpt lat="35.48919277265668" lon="138.93550981767476"><ele>1540.5999755859375</ele><time>2025-12-06T01:52:50.000Z</time><extensions/></trkpt><trkpt lat="35.48916838131845" lon="138.9355178643018"><ele>1542.800048828125</ele><time>2025-12-06T01:53:00.000Z</time><extensions/></trkpt><trkpt lat="35.48914088867605" lon="138.9355284254998"><ele>1545.0</ele><time>2025-12-06T01:53:10.000Z</time><extensions/></trkpt><trkpt lat="35.48913502134383" lon="138.9355178643018"><ele>1546.4000244140625</ele><time>2025-12-06T01:53:18.000Z</time><extensions/></trkpt><trkpt lat="35.489111887291074" lon="138.93550696782768"><ele>1547.4000244140625</ele><time>2025-12-06T01:53:29.000Z</time><extensions/></trkpt><trkpt lat="35.48910526558757" lon="138.93545215018094"><ele>1549.60009765625</ele><time>2025-12-06T01:53:40.000Z</time><extensions/></trkpt><trkpt lat="35.48906838521361" lon="138.93548525869846"><ele>1551.199951171875</ele><time>2025-12-06T01:53:49.000Z</time><extensions/></trkpt><trkpt lat="35.489055225625634" lon="138.93546329811215"><ele>1552.60009765625</ele><time>2025-12-06T01:53:59.000Z</time><extensions/></trkpt><trkpt lat="35.48903209157288" lon="138.9354557543993"><ele>1554.199951171875</ele><time>2025-12-06T01:54:08.000Z</time><extensions/></trkpt><trkpt lat="35.48901407048106" lon="138.935441756621"><ele>1556.199951171875</ele><time>2025-12-06T01:54:24.000Z</time><extensions/></trkpt><trkpt lat="35.4889877513051" lon="138.93542742356658"><ele>1557.39990234375</ele><time>2025-12-06T01:54:33.000Z</time><extensions/></trkpt><trkpt lat="35.48894349485636" lon="138.93539699725807"><ele>1559.39990234375</ele><time>2025-12-06T01:54:45.000Z</time><extensions/></trkpt><trkpt lat="35.48893176019192" lon="138.93532851710916"><ele>1561.39990234375</ele><time>2025-12-06T01:54:57.000Z</time><extensions/></trkpt><trkpt lat="35.48887484706938" lon="138.93534494563937"><ele>1563.0</ele><time>2025-12-06T01:55:07.000Z</time><extensions/></trkpt><trkpt lat="35.48886151984334" lon="138.9353233203292"><ele>1564.60009765625</ele><time>2025-12-06T01:55:16.000Z</time><extensions/></trkpt><trkpt lat="35.48881868831813" lon="138.93530546687543"><ele>1567.0</ele><time>2025-12-06T01:55:29.000Z</time><extensions/></trkpt><trkpt lat="35.48877703025937" lon="138.93527378328145"><ele>1569.60009765625</ele><time>2025-12-06T01:55:42.000Z</time><extensions/></trkpt><trkpt lat="35.488723469898105" lon="138.93524712882936"><ele>1571.199951171875</ele><time>2025-12-06T01:55:53.000Z</time><extensions/></trkpt><trkpt lat="35.48871852457523" lon="138.9352371543646"><ele>1573.0</ele><time>2025-12-06T01:56:04.000Z</time><extensions/></trkpt><trkpt lat="35.488697150722146" lon="138.93519633449614"><ele>1574.199951171875</ele><time>2025-12-06T01:56:12.000Z</time><extensions/></trkpt><trkpt lat="35.488642416894436" lon="138.9351655729115"><ele>1576.60009765625</ele><time>2025-12-06T01:56:24.000Z</time><extensions/></trkpt><trkpt lat="35.48860251903534" lon="138.9350936561823"><ele>1579.199951171875</ele><time>2025-12-06T01:56:34.000Z</time><extensions/></trkpt><trkpt lat="35.488544180989265" lon="138.93503523431718"><ele>1580.60009765625</ele><time>2025-12-06T01:56:45.000Z</time><extensions/></trkpt><trkpt lat="35.48851165920496" lon="138.93496331758797"><ele>1582.199951171875</ele><time>2025-12-06T01:56:54.000Z</time><extensions/></trkpt><trkpt lat="35.48844963312149" lon="138.93489014357328"><ele>1583.39990234375</ele><time>2025-12-06T01:57:04.000Z</time><extensions/></trkpt><trkpt lat="35.488409735262394" lon="138.93481705337763"><ele>1584.800048828125</ele><time>2025-12-06T01:57:15.000Z</time><extensions/></trkpt><trkpt lat="35.48837377689779" lon="138.93478905782104"><ele>1586.0</ele><time>2025-12-06T01:57:23.000Z</time><extensions/></trkpt><trkpt lat="35.48834519460797" lon="138.93472543917596"><ele>1588.39990234375</ele><time>2025-12-06T01:57:35.000Z</time><extensions/></trkpt><trkpt lat="35.48831032589078" lon="138.9346745610237"><ele>1590.800048828125</ele><time>2025-12-06T01:57:51.000Z</time><extensions/></trkpt><trkpt lat="35.48828694038093" lon="138.93457892350852"><ele>1594.0</ele><time>2025-12-06T01:58:00.000Z</time><extensions/></trkpt><trkpt lat="35.48827386461198" lon="138.934532571584"><ele>1594.60009765625</ele><time>2025-12-06T01:58:05.000Z</time><extensions/></trkpt><trkpt lat="35.488269589841366" lon="138.93452083691955"><ele>1594.800048828125</ele><time>2025-12-06T01:58:06.000Z</time><extensions/></trkpt><trkpt lat="35.48826288431883" lon="138.93450977280736"><ele>1594.800048828125</ele><time>2025-12-06T01:58:07.000Z</time><extensions/></trkpt><trkpt lat="35.488254921510816" lon="138.93449828960001"><ele>1594.800048828125</ele><time>2025-12-06T01:58:08.000Z</time><extensions/></trkpt><trkpt lat="35.488248048350215" lon="138.93448613584042"><ele>1595.0</ele><time>2025-12-06T01:58:09.000Z</time><extensions/></trkpt><trkpt lat="35.48822918906808" lon="138.9344596490264"><ele>1595.199951171875</ele><time>2025-12-06T01:58:17.000Z</time><extensions/></trkpt><trkpt lat="35.48821452073753" lon="138.93441539257765"><ele>1595.39990234375</ele><time>2025-12-06T01:58:30.000Z</time><extensions/></trkpt><trkpt lat="35.48817504197359" lon="138.93435915000737"><ele>1596.60009765625</ele><time>2025-12-06T01:58:41.000Z</time><extensions/></trkpt><trkpt lat="35.48815886490047" lon="138.93429586663842"><ele>1599.0</ele><time>2025-12-06T01:58:53.000Z</time><extensions/></trkpt><trkpt lat="35.48812902532518" lon="138.93426242284477"><ele>1601.199951171875</ele><time>2025-12-06T01:59:04.000Z</time><extensions/></trkpt><trkpt lat="35.48810807056725" lon="138.93421422690153"><ele>1602.60009765625</ele><time>2025-12-06T01:59:15.000Z</time><extensions/></trkpt><trkpt lat="35.488082924857736" lon="138.93414951860905"><ele>1604.199951171875</ele><time>2025-12-06T01:59:24.000Z</time><extensions/></trkpt><trkpt lat="35.48808108083904" lon="138.93411749973893"><ele>1604.800048828125</ele><time>2025-12-06T01:59:27.000Z</time><extensions/></trkpt><trkpt lat="35.48806716687977" lon="138.93405253998935"><ele>1606.39990234375</ele><time>2025-12-06T01:59:34.000Z</time><extensions/></trkpt><trkpt lat="35.488048642873764" lon="138.93399562686682"><ele>1608.199951171875</ele><time>2025-12-06T01:59:44.000Z</time><extensions/></trkpt><trkpt lat="35.4880347289145" lon="138.93397173844278"><ele>1609.60009765625</ele><time>2025-12-06T01:59:53.000Z</time><extensions/></trkpt><trkpt lat="35.488018887117505" lon="138.93391775898635"><ele>1611.0</ele><time>2025-12-06T02:00:14.000Z</time><extensions/></trkpt><trkpt lat="35.48801561817527" lon="138.93387014977634"><ele>1612.39990234375</ele><time>2025-12-06T02:00:24.000Z</time><extensions/></trkpt><trkpt lat="35.48800648190081" lon="138.93383855000138"><ele>1614.199951171875</ele><time>2025-12-06T02:00:34.000Z</time><extensions/></trkpt><trkpt lat="35.487996423617005" lon="138.93379806540906"><ele>1616.39990234375</ele><time>2025-12-06T02:00:46.000Z</time><extensions/></trkpt><trkpt lat="35.4879950825125" lon="138.933729166165"><ele>1618.39990234375</ele><time>2025-12-06T02:00:56.000Z</time><extensions/></trkpt><trkpt lat="35.48798988573253" lon="138.9336794614792"><ele>1620.60009765625</ele><time>2025-12-06T02:01:06.000Z</time><extensions/></trkpt><trkpt lat="35.487997848540545" lon="138.9336232189089"><ele>1622.60009765625</ele><time>2025-12-06T02:01:24.000Z</time><extensions/></trkpt><trkpt lat="35.48797613941133" lon="138.93357636407018"><ele>1624.199951171875</ele><time>2025-12-06T02:01:34.000Z</time><extensions/></trkpt><trkpt lat="35.48795912414789" lon="138.93351685255766"><ele>1626.199951171875</ele><time>2025-12-06T02:01:44.000Z</time><extensions/></trkpt><trkpt lat="35.48795996233821" lon="138.93344384618104"><ele>1628.60009765625</ele><time>2025-12-06T02:01:56.000Z</time><extensions/></trkpt><trkpt lat="35.487940181046724" lon="138.93341216258705"><ele>1629.800048828125</ele><time>2025-12-06T02:02:05.000Z</time><extensions/></trkpt><trkpt lat="35.487908916547894" lon="138.93337762914598"><ele>1632.0</ele><time>2025-12-06T02:02:15.000Z</time><extensions/></trkpt><trkpt lat="35.48789315856993" lon="138.93331543542445"><ele>1634.60009765625</ele><time>2025-12-06T02:02:34.000Z</time><extensions/></trkpt><trkpt lat="35.487879076972604" lon="138.93327562138438"><ele>1636.39990234375</ele><time>2025-12-06T02:02:47.000Z</time><extensions/></trkpt><trkpt lat="35.48788318410516" lon="138.93322583287954"><ele>1639.0</ele><time>2025-12-06T02:03:04.000Z</time><extensions/></trkpt><trkpt lat="35.48787262290716" lon="138.9331773854792"><ele>1640.60009765625</ele><time>2025-12-06T02:03:19.000Z</time><extensions/></trkpt><trkpt lat="35.48786164261401" lon="138.93314343877137"><ele>1643.60009765625</ele><time>2025-12-06T02:03:34.000Z</time><extensions/></trkpt><trkpt lat="35.48785443417728" lon="138.93311426974833"><ele>1645.199951171875</ele><time>2025-12-06T02:03:52.000Z</time><extensions/></trkpt><trkpt lat="35.487862983718514" lon="138.9330621343106"><ele>1646.800048828125</ele><time>2025-12-06T02:04:03.000Z</time><extensions/></trkpt><trkpt lat="35.48785099759698" lon="138.93304008990526"><ele>1648.60009765625</ele><time>2025-12-06T02:04:13.000Z</time><extensions/></trkpt><trkpt lat="35.48782182857394" lon="138.93298619426787"><ele>1650.60009765625</ele><time>2025-12-06T02:04:26.000Z</time><extensions/></trkpt><trkpt lat="35.48779827542603" lon="138.93293757922947"><ele>1653.199951171875</ele><time>2025-12-06T02:04:35.000Z</time><extensions/></trkpt><trkpt lat="35.48775385133922" lon="138.93286985345185"><ele>1654.60009765625</ele><time>2025-12-06T02:04:47.000Z</time><extensions/></trkpt><trkpt lat="35.48771613277495" lon="138.93279718235135"><ele>1656.0</ele><time>2025-12-06T02:04:58.000Z</time><extensions/></trkpt><trkpt lat="35.48767749220133" lon="138.9327811729163"><ele>1657.60009765625</ele><time>2025-12-06T02:05:09.000Z</time><extensions/></trkpt><trkpt lat="35.487619657069445" lon="138.93274144269526"><ele>1659.800048828125</ele><time>2025-12-06T02:05:21.000Z</time><extensions/></trkpt><trkpt lat="35.48756944946945" lon="138.9327531773597"><ele>1661.199951171875</ele><time>2025-12-06T02:05:30.000Z</time><extensions/></trkpt><trkpt lat="35.48753634095192" lon="138.9327325578779"><ele>1662.800048828125</ele><time>2025-12-06T02:05:41.000Z</time><extensions/></trkpt><trkpt lat="35.48750055022538" lon="138.9327256847173"><ele>1664.39990234375</ele><time>2025-12-06T02:05:51.000Z</time><extensions/></trkpt><trkpt lat="35.4874649271369" lon="138.9327240921557"><ele>1666.0</ele><time>2025-12-06T02:06:03.000Z</time><extensions/></trkpt><trkpt lat="35.48742603510618" lon="138.93271579407156"><ele>1668.0</ele><time>2025-12-06T02:06:13.000Z</time><extensions/></trkpt><trkpt lat="35.48739418387413" lon="138.93272417597473"><ele>1670.39990234375</ele><time>2025-12-06T02:06:26.000Z</time><extensions/></trkpt><trkpt lat="35.48737549223006" lon="138.9327105972916"><ele>1672.199951171875</ele><time>2025-12-06T02:06:42.000Z</time><extensions/></trkpt><trkpt lat="35.48735168762505" lon="138.9326630719006"><ele>1673.800048828125</ele><time>2025-12-06T02:06:51.000Z</time><extensions/></trkpt><trkpt lat="35.487328888848424" lon="138.9326598867774"><ele>1675.39990234375</ele><time>2025-12-06T02:07:01.000Z</time><extensions/></trkpt><trkpt lat="35.48732587136328" lon="138.93265427090228"><ele>1677.199951171875</ele><time>2025-12-06T02:07:19.000Z</time><extensions/></trkpt><trkpt lat="35.48727063462138" lon="138.93265745602548"><ele>1678.60009765625</ele><time>2025-12-06T02:07:30.000Z</time><extensions/></trkpt><trkpt lat="35.48723056912422" lon="138.9326612278819"><ele>1680.199951171875</ele><time>2025-12-06T02:07:40.000Z</time><extensions/></trkpt><trkpt lat="35.487187234684825" lon="138.9326392672956"><ele>1682.0</ele><time>2025-12-06T02:07:51.000Z</time><extensions/></trkpt><trkpt lat="35.48716242425144" lon="138.93263599835336"><ele>1682.800048828125</ele><time>2025-12-06T02:07:58.000Z</time><extensions/></trkpt><trkpt lat="35.4871472530067" lon="138.93262702971697"><ele>1684.199951171875</ele><time>2025-12-06T02:08:09.000Z</time><extensions/></trkpt><trkpt lat="35.48711473122239" lon="138.93255067057908"><ele>1687.0</ele><time>2025-12-06T02:08:32.000Z</time><extensions/></trkpt><trkpt lat="35.487087070941925" lon="138.9325179811567"><ele>1689.39990234375</ele><time>2025-12-06T02:08:42.000Z</time><extensions/></trkpt><trkpt lat="35.48705077730119" lon="138.93247297033668"><ele>1691.800048828125</ele><time>2025-12-06T02:08:54.000Z</time><extensions/></trkpt><trkpt lat="35.487017249688506" lon="138.9324249420315"><ele>1693.199951171875</ele><time>2025-12-06T02:09:05.000Z</time><extensions/></trkpt><trkpt lat="35.48699252307415" lon="138.932376075536"><ele>1694.60009765625</ele><time>2025-12-06T02:09:15.000Z</time><extensions/></trkpt><trkpt lat="35.48696125857532" lon="138.93231363035738"><ele>1696.0</ele><time>2025-12-06T02:09:25.000Z</time><extensions/></trkpt><trkpt lat="35.48694089055061" lon="138.93225856125355"><ele>1697.199951171875</ele><time>2025-12-06T02:09:34.000Z</time><extensions/></trkpt><trkpt lat="35.48693628050387" lon="138.9321775920689"><ele>1699.199951171875</ele><time>2025-12-06T02:09:45.000Z</time><extensions/></trkpt><trkpt lat="35.48691155388951" lon="138.93212386406958"><ele>1700.800048828125</ele><time>2025-12-06T02:09:54.000Z</time><extensions/></trkpt><trkpt lat="35.48688305541873" lon="138.93207382410765"><ele>1701.60009765625</ele><time>2025-12-06T02:10:03.000Z</time><extensions/></trkpt><trkpt lat="35.486870650202036" lon="138.93199327401817"><ele>1703.39990234375</ele><time>2025-12-06T02:10:16.000Z</time><extensions/></trkpt><trkpt lat="35.4868692252785" lon="138.9319640211761"><ele>1704.800048828125</ele><time>2025-12-06T02:10:27.000Z</time><extensions/></trkpt><trkpt lat="35.48687383532524" lon="138.93188271671534"><ele>1705.60009765625</ele><time>2025-12-06T02:10:36.000Z</time><extensions/></trkpt><trkpt lat="35.48687526024878" lon="138.93179705366492"><ele>1708.0</ele><time>2025-12-06T02:10:46.000Z</time><extensions/></trkpt><trkpt lat="35.48688556998968" lon="138.93175195902586"><ele>1709.199951171875</ele><time>2025-12-06T02:10:55.000Z</time><extensions/></trkpt><trkpt lat="35.48689973540604" lon="138.93169647082686"><ele>1710.0</ele><time>2025-12-06T02:11:03.000Z</time><extensions/></trkpt><trkpt lat="35.48689437098801" lon="138.93164416775107"><ele>1710.199951171875</ele><time>2025-12-06T02:11:13.000Z</time><extensions/></trkpt><trkpt lat="35.48689923249185" lon="138.9316336903721"><ele>1710.0</ele><time>2025-12-06T02:11:14.000Z</time><extensions/></trkpt><trkpt lat="35.486914068460464" lon="138.93159949220717"><ele>1710.0</ele><time>2025-12-06T02:11:22.000Z</time><extensions/></trkpt><trkpt lat="35.486911218613386" lon="138.93165783025324"><ele>1710.0</ele><time>2025-12-06T02:11:30.000Z</time><extensions/></trkpt><trkpt lat="35.48687735572457" lon="138.9316825568676"><ele>1709.800048828125</ele><time>2025-12-06T02:11:39.000Z</time><extensions/></trkpt><trkpt lat="35.486873583868146" lon="138.9316534716636"><ele>1709.0</ele><time>2025-12-06T02:14:51.000Z</time><extensions/></trkpt><trkpt lat="35.48688196577132" lon="138.931622793898"><ele>1709.800048828125</ele><time>2025-12-06T02:15:38.000Z</time><extensions/></trkpt><trkpt lat="35.48686008900404" lon="138.93160552717745"><ele>1710.0</ele><time>2025-12-06T02:15:57.000Z</time><extensions/></trkpt><trkpt lat="35.48681222833693" lon="138.9315649587661"><ele>1710.0</ele><time>2025-12-06T02:16:08.000Z</time><extensions/></trkpt><trkpt lat="35.48680669628084" lon="138.93155163154006"><ele>1710.0</ele><time>2025-12-06T02:16:09.000Z</time><extensions/></trkpt><trkpt lat="35.48677543178201" lon="138.93150854855776"><ele>1709.800048828125</ele><time>2025-12-06T02:16:14.000Z</time><extensions/></trkpt><trkpt lat="35.486709885299206" lon="138.93149614334106"><ele>1709.0</ele><time>2025-12-06T02:16:20.000Z</time><extensions/></trkpt><trkpt lat="35.48669253475964" lon="138.93146672286093"><ele>1708.39990234375</ele><time>2025-12-06T02:16:23.000Z</time><extensions/></trkpt><trkpt lat="35.486684488132596" lon="138.9314581733197"><ele>1708.39990234375</ele><time>2025-12-06T02:16:24.000Z</time><extensions/></trkpt><trkpt lat="35.48667359165847" lon="138.93145431764424"><ele>1708.199951171875</ele><time>2025-12-06T02:16:25.000Z</time><extensions/></trkpt><trkpt lat="35.486661940813065" lon="138.9314531441778"><ele>1708.0</ele><time>2025-12-06T02:16:26.000Z</time><extensions/></trkpt><trkpt lat="35.48665037378669" lon="138.9314489532262"><ele>1707.800048828125</ele><time>2025-12-06T02:16:27.000Z</time><extensions/></trkpt><trkpt lat="35.486638555303216" lon="138.93144199624658"><ele>1707.60009765625</ele><time>2025-12-06T02:16:28.000Z</time><extensions/></trkpt><trkpt lat="35.486559849232435" lon="138.9314206223935"><ele>1706.39990234375</ele><time>2025-12-06T02:16:35.000Z</time><extensions/></trkpt><trkpt lat="35.48651416786015" lon="138.931366475299"><ele>1705.60009765625</ele><time>2025-12-06T02:16:40.000Z</time><extensions/></trkpt><trkpt lat="35.486504193395376" lon="138.93135348334908"><ele>1705.39990234375</ele><time>2025-12-06T02:16:41.000Z</time><extensions/></trkpt><trkpt lat="35.48649463802576" lon="138.93134367652237"><ele>1705.199951171875</ele><time>2025-12-06T02:16:42.000Z</time><extensions/></trkpt><trkpt lat="35.48648424446583" lon="138.93133797682822"><ele>1705.0</ele><time>2025-12-06T02:16:43.000Z</time><extensions/></trkpt><trkpt lat="35.486472845077515" lon="138.93133252859116"><ele>1704.800048828125</ele><time>2025-12-06T02:16:44.000Z</time><extensions/></trkpt><trkpt lat="35.4864614456892" lon="138.9313257392496"><ele>1704.60009765625</ele><time>2025-12-06T02:16:45.000Z</time><extensions/></trkpt><trkpt lat="35.48641752451658" lon="138.9312935527414"><ele>1704.39990234375</ele><time>2025-12-06T02:16:49.000Z</time><extensions/></trkpt><trkpt lat="35.48641048371792" lon="138.93127997405827"><ele>1704.39990234375</ele><time>2025-12-06T02:16:50.000Z</time><extensions/></trkpt><trkpt lat="35.486390283331275" lon="138.93124502152205"><ele>1704.800048828125</ele><time>2025-12-06T02:16:54.000Z</time><extensions/></trkpt><trkpt lat="35.48639506101608" lon="138.93121727742255"><ele>1705.0</ele><time>2025-12-06T02:16:56.000Z</time><extensions/></trkpt><trkpt lat="35.486394222825766" lon="138.93120386637747"><ele>1705.199951171875</ele><time>2025-12-06T02:16:57.000Z</time><extensions/></trkpt><trkpt lat="35.4863908700645" lon="138.93119104206562"><ele>1705.199951171875</ele><time>2025-12-06T02:16:58.000Z</time><extensions/></trkpt><trkpt lat="35.48638609237969" lon="138.93117821775377"><ele>1705.39990234375</ele><time>2025-12-06T02:16:59.000Z</time><extensions/></trkpt><trkpt lat="35.486380560323596" lon="138.93116656690836"><ele>1705.60009765625</ele><time>2025-12-06T02:17:00.000Z</time><extensions/></trkpt><trkpt lat="35.48634837381542" lon="138.93111082725227"><ele>1705.800048828125</ele><time>2025-12-06T02:17:08.000Z</time><extensions/></trkpt><trkpt lat="35.486330185085535" lon="138.93109087832272"><ele>1705.39990234375</ele><time>2025-12-06T02:17:14.000Z</time><extensions/></trkpt><trkpt lat="35.48632171936333" lon="138.93108224496245"><ele>1705.39990234375</ele><time>2025-12-06T02:17:15.000Z</time><extensions/></trkpt><trkpt lat="35.48629322089255" lon="138.93109096214175"><ele>1705.199951171875</ele><time>2025-12-06T02:17:18.000Z</time><extensions/></trkpt><trkpt lat="35.48628165386617" lon="138.9310974162072"><ele>1705.199951171875</ele><time>2025-12-06T02:17:19.000Z</time><extensions/></trkpt><trkpt lat="35.486269164830446" lon="138.93109682947397"><ele>1705.199951171875</ele><time>2025-12-06T02:17:20.000Z</time><extensions/></trkpt><trkpt lat="35.48625776544213" lon="138.9310907945037"><ele>1705.199951171875</ele><time>2025-12-06T02:17:21.000Z</time><extensions/></trkpt><trkpt lat="35.48624837771058" lon="138.9310815744102"><ele>1705.0</ele><time>2025-12-06T02:17:22.000Z</time><extensions/></trkpt><trkpt lat="35.486239744350314" lon="138.93107227049768"><ele>1705.0</ele><time>2025-12-06T02:17:23.000Z</time><extensions/></trkpt><trkpt lat="35.48623035661876" lon="138.93106321804225"><ele>1704.800048828125</ele><time>2025-12-06T02:17:24.000Z</time><extensions/></trkpt><trkpt lat="35.48621887341142" lon="138.93105508759618"><ele>1704.800048828125</ele><time>2025-12-06T02:17:25.000Z</time><extensions/></trkpt><trkpt lat="35.486207557842135" lon="138.9310482982546"><ele>1704.60009765625</ele><time>2025-12-06T02:17:26.000Z</time><extensions/></trkpt><trkpt lat="35.486198673024774" lon="138.9310379885137"><ele>1704.39990234375</ele><time>2025-12-06T02:17:27.000Z</time><extensions/></trkpt><trkpt lat="35.486190374940634" lon="138.9310263376683"><ele>1704.39990234375</ele><time>2025-12-06T02:17:28.000Z</time><extensions/></trkpt><trkpt lat="35.48618132248521" lon="138.93101694993675"><ele>1704.199951171875</ele><time>2025-12-06T02:17:29.000Z</time><extensions/></trkpt><trkpt lat="35.48615072853863" lon="138.93101795576513"><ele>1703.800048828125</ele><time>2025-12-06T02:17:32.000Z</time><extensions/></trkpt><trkpt lat="35.48614025115967" lon="138.93102466128767"><ele>1703.60009765625</ele><time>2025-12-06T02:17:33.000Z</time><extensions/></trkpt><trkpt lat="35.486119044944644" lon="138.931033462286"><ele>1703.39990234375</ele><time>2025-12-06T02:17:35.000Z</time><extensions/></trkpt><trkpt lat="35.486075626686215" lon="138.93101007677615"><ele>1702.60009765625</ele><time>2025-12-06T02:17:41.000Z</time><extensions/></trkpt><trkpt lat="35.486070178449154" lon="138.93099457025528"><ele>1702.60009765625</ele><time>2025-12-06T02:17:50.000Z</time><extensions/></trkpt><trkpt lat="35.48606506548822" lon="138.9309914689511"><ele>1702.60009765625</ele><time>2025-12-06T02:17:52.000Z</time><extensions/></trkpt><trkpt lat="35.486058443784714" lon="138.9309795666486"><ele>1702.800048828125</ele><time>2025-12-06T02:17:53.000Z</time><extensions/></trkpt><trkpt lat="35.48605131916702" lon="138.93096825107932"><ele>1702.800048828125</ele><time>2025-12-06T02:17:54.000Z</time><extensions/></trkpt><trkpt lat="35.486042434349656" lon="138.93095886334777"><ele>1702.800048828125</ele><time>2025-12-06T02:17:55.000Z</time><extensions/></trkpt><trkpt lat="35.486033130437136" lon="138.9309499785304"><ele>1702.800048828125</ele><time>2025-12-06T02:17:56.000Z</time><extensions/></trkpt><trkpt lat="35.48602365888655" lon="138.93093849532306"><ele>1702.800048828125</ele><time>2025-12-06T02:17:57.000Z</time><extensions/></trkpt><trkpt lat="35.48601343296468" lon="138.93092785030603"><ele>1702.800048828125</ele><time>2025-12-06T02:17:58.000Z</time><extensions/></trkpt><trkpt lat="35.48600647598505" lon="138.93091393634677"><ele>1702.800048828125</ele><time>2025-12-06T02:17:59.000Z</time><extensions/></trkpt><trkpt lat="35.48600102774799" lon="138.93089826218784"><ele>1702.800048828125</ele><time>2025-12-06T02:18:00.000Z</time><extensions/></trkpt><trkpt lat="35.485959872603416" lon="138.93078024499118"><ele>1702.800048828125</ele><time>2025-12-06T02:18:09.000Z</time><extensions/></trkpt><trkpt lat="35.48591452650726" lon="138.93069433048368"><ele>1703.39990234375</ele><time>2025-12-06T02:18:18.000Z</time><extensions/></trkpt><trkpt lat="35.485842525959015" lon="138.9306460507214"><ele>1703.60009765625</ele><time>2025-12-06T02:18:28.000Z</time><extensions/></trkpt><trkpt lat="35.4857655800879" lon="138.93059894442558"><ele>1701.800048828125</ele><time>2025-12-06T02:18:38.000Z</time><extensions/></trkpt><trkpt lat="35.485757030546665" lon="138.9305883832276"><ele>1701.60009765625</ele><time>2025-12-06T02:18:39.000Z</time><extensions/></trkpt><trkpt lat="35.485746720805764" lon="138.93057748675346"><ele>1701.199951171875</ele><time>2025-12-06T02:18:40.000Z</time><extensions/></trkpt><trkpt lat="35.48573716543615" lon="138.9305638242513"><ele>1701.0</ele><time>2025-12-06T02:18:41.000Z</time><extensions/></trkpt><trkpt lat="35.48573129810393" lon="138.9305500779301"><ele>1700.800048828125</ele><time>2025-12-06T02:18:42.000Z</time><extensions/></trkpt><trkpt lat="35.48572316765785" lon="138.9305347390473"><ele>1700.800048828125</ele><time>2025-12-06T02:18:43.000Z</time><extensions/></trkpt><trkpt lat="35.48564446158707" lon="138.93042577430606"><ele>1699.39990234375</ele><time>2025-12-06T02:18:52.000Z</time><extensions/></trkpt><trkpt lat="35.48561277799308" lon="138.9303849544376"><ele>1699.199951171875</ele><time>2025-12-06T02:18:57.000Z</time><extensions/></trkpt><trkpt lat="35.48560104332864" lon="138.93038327805698"><ele>1699.199951171875</ele><time>2025-12-06T02:18:58.000Z</time><extensions/></trkpt><trkpt lat="35.485589895397425" lon="138.93037959001958"><ele>1699.199951171875</ele><time>2025-12-06T02:18:59.000Z</time><extensions/></trkpt><trkpt lat="35.48558025620878" lon="138.93037372268736"><ele>1699.0</ele><time>2025-12-06T02:19:00.000Z</time><extensions/></trkpt><trkpt lat="35.485540023073554" lon="138.93035695888102"><ele>1698.60009765625</ele><time>2025-12-06T02:19:04.000Z</time><extensions/></trkpt><trkpt lat="35.48552812077105" lon="138.93035486340523"><ele>1698.60009765625</ele><time>2025-12-06T02:19:05.000Z</time><extensions/></trkpt><trkpt lat="35.48547548241913" lon="138.9303288795054"><ele>1697.60009765625</ele><time>2025-12-06T02:19:10.000Z</time><extensions/></trkpt><trkpt lat="35.485468190163374" lon="138.9303103554994"><ele>1697.199951171875</ele><time>2025-12-06T02:19:11.000Z</time><extensions/></trkpt><trkpt lat="35.48546249046922" lon="138.93029208295047"><ele>1697.0</ele><time>2025-12-06T02:19:12.000Z</time><extensions/></trkpt><trkpt lat="35.48543139360845" lon="138.930235337466"><ele>1696.0</ele><time>2025-12-06T02:19:16.000Z</time><extensions/></trkpt><trkpt lat="35.48541764728725" lon="138.9302268717438"><ele>1695.800048828125</ele><time>2025-12-06T02:19:17.000Z</time><extensions/></trkpt><trkpt lat="35.48540381714702" lon="138.93022117204964"><ele>1695.60009765625</ele><time>2025-12-06T02:19:18.000Z</time><extensions/></trkpt><trkpt lat="35.48538948409259" lon="138.93021463416517"><ele>1695.39990234375</ele><time>2025-12-06T02:19:19.000Z</time><extensions/></trkpt><trkpt lat="35.485376324504614" lon="138.93020055256784"><ele>1695.199951171875</ele><time>2025-12-06T02:19:20.000Z</time><extensions/></trkpt><trkpt lat="35.485364589840174" lon="138.9301842916757"><ele>1695.0</ele><time>2025-12-06T02:19:21.000Z</time><extensions/></trkpt><trkpt lat="35.485289823263884" lon="138.93011924810708"><ele>1693.39990234375</ele><time>2025-12-06T02:19:28.000Z</time><extensions/></trkpt><trkpt lat="35.48523307777941" lon="138.93006015568972"><ele>1692.199951171875</ele><time>2025-12-06T02:19:34.000Z</time><extensions/></trkpt><trkpt lat="35.48522058874369" lon="138.93005076795816"><ele>1692.199951171875</ele><time>2025-12-06T02:19:35.000Z</time><extensions/></trkpt><trkpt lat="35.48520809970796" lon="138.9300426375121"><ele>1692.0</ele><time>2025-12-06T02:19:36.000Z</time><extensions/></trkpt><trkpt lat="35.4851957783103" lon="138.9300352614373"><ele>1692.0</ele><time>2025-12-06T02:19:37.000Z</time><extensions/></trkpt><trkpt lat="35.48518639057875" lon="138.93002696335316"><ele>1692.0</ele><time>2025-12-06T02:19:38.000Z</time><extensions/></trkpt><trkpt lat="35.48517767339945" lon="138.9300154801458"><ele>1692.0</ele><time>2025-12-06T02:19:39.000Z</time><extensions/></trkpt><trkpt lat="35.48516786657274" lon="138.9300019852817"><ele>1692.0</ele><time>2025-12-06T02:19:40.000Z</time><extensions/></trkpt><trkpt lat="35.48516074195504" lon="138.92999159172177"><ele>1692.0</ele><time>2025-12-06T02:19:41.000Z</time><extensions/></trkpt><trkpt lat="35.48515227623284" lon="138.92998144961894"><ele>1692.0</ele><time>2025-12-06T02:19:42.000Z</time><extensions/></trkpt><trkpt lat="35.48514263704419" lon="138.92997549846768"><ele>1692.199951171875</ele><time>2025-12-06T02:19:43.000Z</time><extensions/></trkpt><trkpt lat="35.48513174057007" lon="138.92997046932578"><ele>1692.39990234375</ele><time>2025-12-06T02:19:44.000Z</time><extensions/></trkpt><trkpt lat="35.485079269856215" lon="138.92996862530708"><ele>1692.60009765625</ele><time>2025-12-06T02:19:48.000Z</time><extensions/></trkpt><trkpt lat="35.485067535191774" lon="138.929949933663"><ele>1692.60009765625</ele><time>2025-12-06T02:19:50.000Z</time><extensions/></trkpt><trkpt lat="35.48506049439311" lon="138.9299401268363"><ele>1692.60009765625</ele><time>2025-12-06T02:19:51.000Z</time><extensions/></trkpt><trkpt lat="35.485051022842526" lon="138.9299311581999"><ele>1692.39990234375</ele><time>2025-12-06T02:19:52.000Z</time><extensions/></trkpt><trkpt lat="35.48496074974537" lon="138.92986812628806"><ele>1691.0</ele><time>2025-12-06T02:20:00.000Z</time><extensions/></trkpt><trkpt lat="35.48494968563318" lon="138.9298608340323"><ele>1690.800048828125</ele><time>2025-12-06T02:20:01.000Z</time><extensions/></trkpt><trkpt lat="35.48494071699679" lon="138.92984692007303"><ele>1690.60009765625</ele><time>2025-12-06T02:20:02.000Z</time><extensions/></trkpt><trkpt lat="35.48493409529328" lon="138.92983166500926"><ele>1690.199951171875</ele><time>2025-12-06T02:20:03.000Z</time><extensions/></trkpt><trkpt lat="35.484925797209144" lon="138.9298220258206"><ele>1690.0</ele><time>2025-12-06T02:20:04.000Z</time><extensions/></trkpt><trkpt lat="35.484915152192116" lon="138.92981967888772"><ele>1689.60009765625</ele><time>2025-12-06T02:20:05.000Z</time><extensions/></trkpt><trkpt lat="35.484900986775756" lon="138.92981582321227"><ele>1689.39990234375</ele><time>2025-12-06T02:20:06.000Z</time><extensions/></trkpt><trkpt lat="35.48488698899746" lon="138.9298090338707"><ele>1689.0</ele><time>2025-12-06T02:20:07.000Z</time><extensions/></trkpt><trkpt lat="35.48487324267626" lon="138.9298016577959"><ele>1688.800048828125</ele><time>2025-12-06T02:20:08.000Z</time><extensions/></trkpt><trkpt lat="35.4848606698215" lon="138.929791348055"><ele>1688.60009765625</ele><time>2025-12-06T02:20:09.000Z</time><extensions/></trkpt><trkpt lat="35.48484985716641" lon="138.9297770988196"><ele>1688.39990234375</ele><time>2025-12-06T02:20:10.000Z</time><extensions/></trkpt><trkpt lat="35.484750950708985" lon="138.9296568185091"><ele>1685.800048828125</ele><time>2025-12-06T02:20:19.000Z</time><extensions/></trkpt><trkpt lat="35.48467685468495" lon="138.92952899448574"><ele>1684.39990234375</ele><time>2025-12-06T02:20:28.000Z</time><extensions/></trkpt><trkpt lat="35.48463829793036" lon="138.9294065348804"><ele>1683.60009765625</ele><time>2025-12-06T02:20:36.000Z</time><extensions/></trkpt><trkpt lat="35.48463435843587" lon="138.92939102835953"><ele>1683.39990234375</ele><time>2025-12-06T02:20:37.000Z</time><extensions/></trkpt><trkpt lat="35.48462849110365" lon="138.9293774496764"><ele>1683.199951171875</ele><time>2025-12-06T02:20:38.000Z</time><extensions/></trkpt><trkpt lat="35.48461977392435" lon="138.9293666370213"><ele>1683.0</ele><time>2025-12-06T02:20:39.000Z</time><extensions/></trkpt><trkpt lat="35.48460946418345" lon="138.92935724928975"><ele>1682.800048828125</ele><time>2025-12-06T02:20:40.000Z</time><extensions/></trkpt><trkpt lat="35.484545677900314" lon="138.92928013578057"><ele>1681.0</ele><time>2025-12-06T02:20:48.000Z</time><extensions/></trkpt><trkpt lat="35.484534949064255" lon="138.92927904613316"><ele>1680.800048828125</ele><time>2025-12-06T02:20:49.000Z</time><extensions/></trkpt><trkpt lat="35.48447795212269" lon="138.92924962565303"><ele>1679.0</ele><time>2025-12-06T02:20:56.000Z</time><extensions/></trkpt><trkpt lat="35.48443168401718" lon="138.92925448715687"><ele>1678.0</ele><time>2025-12-06T02:21:00.000Z</time><extensions/></trkpt><trkpt lat="35.48439304344356" lon="138.92925892956555"><ele>1676.800048828125</ele><time>2025-12-06T02:21:04.000Z</time><extensions/></trkpt><trkpt lat="35.48438365571201" lon="138.92926999367774"><ele>1676.39990234375</ele><time>2025-12-06T02:21:05.000Z</time><extensions/></trkpt><trkpt lat="35.48437502235174" lon="138.92928038723767"><ele>1676.199951171875</ele><time>2025-12-06T02:21:06.000Z</time><extensions/></trkpt><trkpt lat="35.48436462879181" lon="138.92928617075086"><ele>1675.800048828125</ele><time>2025-12-06T02:21:07.000Z</time><extensions/></trkpt><trkpt lat="35.48435389995575" lon="138.9292878471315"><ele>1675.39990234375</ele><time>2025-12-06T02:21:08.000Z</time><extensions/></trkpt><trkpt lat="35.48434409312904" lon="138.9292841590941"><ele>1675.199951171875</ele><time>2025-12-06T02:21:09.000Z</time><extensions/></trkpt><trkpt lat="35.484336549416184" lon="138.92927158623934"><ele>1674.800048828125</ele><time>2025-12-06T02:21:10.000Z</time><extensions/></trkpt><trkpt lat="35.48433101736009" lon="138.92925364896655"><ele>1674.60009765625</ele><time>2025-12-06T02:21:11.000Z</time><extensions/></trkpt><trkpt lat="35.48432615585625" lon="138.9292350411415"><ele>1674.39990234375</ele><time>2025-12-06T02:21:12.000Z</time><extensions/></trkpt><trkpt lat="35.48428801819682" lon="138.92916698008776"><ele>1672.199951171875</ele><time>2025-12-06T02:21:18.000Z</time><extensions/></trkpt><trkpt lat="35.48427578061819" lon="138.92916756682098"><ele>1671.800048828125</ele><time>2025-12-06T02:21:19.000Z</time><extensions/></trkpt><trkpt lat="35.48426304012537" lon="138.92917117103934"><ele>1671.60009765625</ele><time>2025-12-06T02:21:20.000Z</time><extensions/></trkpt><trkpt lat="35.484250131994486" lon="138.9291763678193"><ele>1671.39990234375</ele><time>2025-12-06T02:21:21.000Z</time><extensions/></trkpt><trkpt lat="35.4842374753207" lon="138.92918148078024"><ele>1671.199951171875</ele><time>2025-12-06T02:21:22.000Z</time><extensions/></trkpt><trkpt lat="35.48422624357045" lon="138.9291858393699"><ele>1671.0</ele><time>2025-12-06T02:21:23.000Z</time><extensions/></trkpt><trkpt lat="35.48421367071569" lon="138.92918801866472"><ele>1670.800048828125</ele><time>2025-12-06T02:21:24.000Z</time><extensions/></trkpt><trkpt lat="35.48420327715576" lon="138.9291956461966"><ele>1670.60009765625</ele><time>2025-12-06T02:21:25.000Z</time><extensions/></trkpt><trkpt lat="35.484190452843904" lon="138.92920402809978"><ele>1670.60009765625</ele><time>2025-12-06T02:21:26.000Z</time><extensions/></trkpt><trkpt lat="35.48417896963656" lon="138.92920922487974"><ele>1670.199951171875</ele><time>2025-12-06T02:21:27.000Z</time><extensions/></trkpt><trkpt lat="35.48413789831102" lon="138.92923227511346"><ele>1669.199951171875</ele><time>2025-12-06T02:21:31.000Z</time><extensions/></trkpt><trkpt lat="35.48412784002721" lon="138.92923252657056"><ele>1669.0</ele><time>2025-12-06T02:21:32.000Z</time><extensions/></trkpt><trkpt lat="35.48404913395643" lon="138.92922959290445"><ele>1668.39990234375</ele><time>2025-12-06T02:21:39.000Z</time><extensions/></trkpt><trkpt lat="35.48403765074909" lon="138.9292344544083"><ele>1668.199951171875</ele><time>2025-12-06T02:21:40.000Z</time><extensions/></trkpt><trkpt lat="35.48397378064692" lon="138.9292886853218"><ele>1666.0</ele><time>2025-12-06T02:21:49.000Z</time><extensions/></trkpt><trkpt lat="35.48394259996712" lon="138.9293240569532"><ele>1665.199951171875</ele><time>2025-12-06T02:21:53.000Z</time><extensions/></trkpt><trkpt lat="35.48393899574876" lon="138.92933738417923"><ele>1665.0</ele><time>2025-12-06T02:21:54.000Z</time><extensions/></trkpt><trkpt lat="35.483937319368124" lon="138.9293507952243"><ele>1664.800048828125</ele><time>2025-12-06T02:21:55.000Z</time><extensions/></trkpt><trkpt lat="35.48393086530268" lon="138.92941223457456"><ele>1664.800048828125</ele><time>2025-12-06T02:21:59.000Z</time><extensions/></trkpt><trkpt lat="35.483923237770796" lon="138.9294255618006"><ele>1664.800048828125</ele><time>2025-12-06T02:22:00.000Z</time><extensions/></trkpt><trkpt lat="35.48391376622021" lon="138.92943729646504"><ele>1665.0</ele><time>2025-12-06T02:22:01.000Z</time><extensions/></trkpt><trkpt lat="35.4839039593935" lon="138.92944869585335"><ele>1665.0</ele><time>2025-12-06T02:22:02.000Z</time><extensions/></trkpt><trkpt lat="35.483892392367125" lon="138.9294604305178"><ele>1665.0</ele><time>2025-12-06T02:22:03.000Z</time><extensions/></trkpt><trkpt lat="35.48388225026429" lon="138.9294739253819"><ele>1665.0</ele><time>2025-12-06T02:22:04.000Z</time><extensions/></trkpt><trkpt lat="35.48387411981821" lon="138.92948985099792"><ele>1665.0</ele><time>2025-12-06T02:22:05.000Z</time><extensions/></trkpt><trkpt lat="35.48383413814008" lon="138.9295360352844"><ele>1664.199951171875</ele><time>2025-12-06T02:22:09.000Z</time><extensions/></trkpt><trkpt lat="35.48382424749434" lon="138.92954223789275"><ele>1664.0</ele><time>2025-12-06T02:22:10.000Z</time><extensions/></trkpt><trkpt lat="35.48381402157247" lon="138.92955078743398"><ele>1664.0</ele><time>2025-12-06T02:22:11.000Z</time><extensions/></trkpt><trkpt lat="35.483802454546094" lon="138.92955833114684"><ele>1663.800048828125</ele><time>2025-12-06T02:22:12.000Z</time><extensions/></trkpt><trkpt lat="35.483790719881654" lon="138.92956579104066"><ele>1663.800048828125</ele><time>2025-12-06T02:22:13.000Z</time><extensions/></trkpt><trkpt lat="35.483751241117716" lon="138.9295944571495"><ele>1663.0</ele><time>2025-12-06T02:22:17.000Z</time><extensions/></trkpt><trkpt lat="35.4837416857481" lon="138.92958934418857"><ele>1662.800048828125</ele><time>2025-12-06T02:22:18.000Z</time><extensions/></trkpt><trkpt lat="35.483731627464294" lon="138.92958138138056"><ele>1662.60009765625</ele><time>2025-12-06T02:22:19.000Z</time><extensions/></trkpt><trkpt lat="35.48372056335211" lon="138.92957467585802"><ele>1662.39990234375</ele><time>2025-12-06T02:22:20.000Z</time><extensions/></trkpt><trkpt lat="35.483709666877985" lon="138.92956604249775"><ele>1662.199951171875</ele><time>2025-12-06T02:22:21.000Z</time><extensions/></trkpt><trkpt lat="35.483700446784496" lon="138.92955548129976"><ele>1662.199951171875</ele><time>2025-12-06T02:22:22.000Z</time><extensions/></trkpt><trkpt lat="35.48366943374276" lon="138.9295518770814"><ele>1661.800048828125</ele><time>2025-12-06T02:22:25.000Z</time><extensions/></trkpt><trkpt lat="35.48361117951572" lon="138.92954902723432"><ele>1660.0</ele><time>2025-12-06T02:22:31.000Z</time><extensions/></trkpt><trkpt lat="35.48352526500821" lon="138.92955766059458"><ele>1657.60009765625</ele><time>2025-12-06T02:22:38.000Z</time><extensions/></trkpt><trkpt lat="35.483501544222236" lon="138.9295474346727"><ele>1657.0</ele><time>2025-12-06T02:22:40.000Z</time><extensions/></trkpt><trkpt lat="35.48345443792641" lon="138.92953695729375"><ele>1655.60009765625</ele><time>2025-12-06T02:22:45.000Z</time><extensions/></trkpt><trkpt lat="35.483379419893026" lon="138.92954517155886"><ele>1653.199951171875</ele><time>2025-12-06T02:22:52.000Z</time><extensions/></trkpt><trkpt lat="35.48336818814278" lon="138.92953963950276"><ele>1652.800048828125</ele><time>2025-12-06T02:22:53.000Z</time><extensions/></trkpt><trkpt lat="35.483357794582844" lon="138.92953176051378"><ele>1652.60009765625</ele><time>2025-12-06T02:22:54.000Z</time><extensions/></trkpt><trkpt lat="35.483338767662644" lon="138.92952899448574"><ele>1651.800048828125</ele><time>2025-12-06T02:22:56.000Z</time><extensions/></trkpt><trkpt lat="35.48330616205931" lon="138.9295320957899"><ele>1650.39990234375</ele><time>2025-12-06T02:23:00.000Z</time><extensions/></trkpt><trkpt lat="35.48328864388168" lon="138.9295122306794"><ele>1649.800048828125</ele><time>2025-12-06T02:23:02.000Z</time><extensions/></trkpt><trkpt lat="35.4832770768553" lon="138.9294818881899"><ele>1647.39990234375</ele><time>2025-12-06T02:23:10.000Z</time><extensions/></trkpt><trkpt lat="35.48330205492675" lon="138.92950812354684"><ele>1646.199951171875</ele><time>2025-12-06T02:23:25.000Z</time><extensions/></trkpt><trkpt lat="35.4833066649735" lon="138.92947426065803"><ele>1646.60009765625</ele><time>2025-12-06T02:25:42.000Z</time><extensions/></trkpt><trkpt lat="35.483269952237606" lon="138.92943578772247"><ele>1647.199951171875</ele><time>2025-12-06T02:25:54.000Z</time><extensions/></trkpt><trkpt lat="35.48321479931474" lon="138.92941273748875"><ele>1645.199951171875</ele><time>2025-12-06T02:26:02.000Z</time><extensions/></trkpt><trkpt lat="35.48315193504095" lon="138.92940226010978"><ele>1642.0</ele><time>2025-12-06T02:26:12.000Z</time><extensions/></trkpt><trkpt lat="35.483096446841955" lon="138.9293748512864"><ele>1639.0</ele><time>2025-12-06T02:26:21.000Z</time><extensions/></trkpt><trkpt lat="35.483051938936114" lon="138.9293248951435"><ele>1636.0</ele><time>2025-12-06T02:26:30.000Z</time><extensions/></trkpt><trkpt lat="35.48299653455615" lon="138.92931735143065"><ele>1633.0</ele><time>2025-12-06T02:26:40.000Z</time><extensions/></trkpt><trkpt lat="35.48291866667569" lon="138.92932388931513"><ele>1630.199951171875</ele><time>2025-12-06T02:26:51.000Z</time><extensions/></trkpt><trkpt lat="35.482863429933786" lon="138.9292889367789"><ele>1627.0</ele><time>2025-12-06T02:27:01.000Z</time><extensions/></trkpt><trkpt lat="35.48282537609339" lon="138.92929304391146"><ele>1625.0</ele><time>2025-12-06T02:27:08.000Z</time><extensions/></trkpt><trkpt lat="35.48278053291142" lon="138.92933143302798"><ele>1622.39990234375</ele><time>2025-12-06T02:27:18.000Z</time><extensions/></trkpt><trkpt lat="35.48273669555783" lon="138.92933419905603"><ele>1619.800048828125</ele><time>2025-12-06T02:27:28.000Z</time><extensions/></trkpt><trkpt lat="35.48268816433847" lon="138.92933662980795"><ele>1617.60009765625</ele><time>2025-12-06T02:27:37.000Z</time><extensions/></trkpt><trkpt lat="35.482621528208256" lon="138.92929572612047"><ele>1614.60009765625</ele><time>2025-12-06T02:27:47.000Z</time><extensions/></trkpt><trkpt lat="35.482563273981214" lon="138.929297151044"><ele>1611.39990234375</ele><time>2025-12-06T02:27:57.000Z</time><extensions/></trkpt><trkpt lat="35.48248683102429" lon="138.9292926248163"><ele>1608.199951171875</ele><time>2025-12-06T02:28:08.000Z</time><extensions/></trkpt><trkpt lat="35.48241684213281" lon="138.9293116517365"><ele>1605.60009765625</ele><time>2025-12-06T02:28:17.000Z</time><extensions/></trkpt><trkpt lat="35.48237015493214" lon="138.92929589375854"><ele>1603.800048828125</ele><time>2025-12-06T02:28:23.000Z</time><extensions/></trkpt><trkpt lat="35.48233184963465" lon="138.9292550738901"><ele>1602.199951171875</ele><time>2025-12-06T02:28:29.000Z</time><extensions/></trkpt><trkpt lat="35.48226906917989" lon="138.92923386767507"><ele>1599.0</ele><time>2025-12-06T02:28:39.000Z</time><extensions/></trkpt><trkpt lat="35.482242750003934" lon="138.9292429201305"><ele>1596.60009765625</ele><time>2025-12-06T02:28:47.000Z</time><extensions/></trkpt><trkpt lat="35.48220503143966" lon="138.92925146967173"><ele>1594.199951171875</ele><time>2025-12-06T02:28:56.000Z</time><extensions/></trkpt><trkpt lat="35.48218156211078" lon="138.92925943247974"><ele>1591.39990234375</ele><time>2025-12-06T02:29:06.000Z</time><extensions/></trkpt><trkpt lat="35.482165049761534" lon="138.92925742082298"><ele>1589.60009765625</ele><time>2025-12-06T02:29:16.000Z</time><extensions/></trkpt><trkpt lat="35.48212297260761" lon="138.92924099229276"><ele>1587.39990234375</ele><time>2025-12-06T02:29:29.000Z</time><extensions/></trkpt><trkpt lat="35.482102520763874" lon="138.92922825179994"><ele>1584.800048828125</ele><time>2025-12-06T02:29:40.000Z</time><extensions/></trkpt><trkpt lat="35.482070250436664" lon="138.9292915351689"><ele>1582.60009765625</ele><time>2025-12-06T02:29:48.000Z</time><extensions/></trkpt><trkpt lat="35.482005374506116" lon="138.92933319322765"><ele>1581.60009765625</ele><time>2025-12-06T02:29:57.000Z</time><extensions/></trkpt><trkpt lat="35.481947120279074" lon="138.9293320197612"><ele>1580.0</ele><time>2025-12-06T02:30:07.000Z</time><extensions/></trkpt><trkpt lat="35.48193287104368" lon="138.92930352129042"><ele>1577.60009765625</ele><time>2025-12-06T02:30:16.000Z</time><extensions/></trkpt><trkpt lat="35.481880735605955" lon="138.92927007749677"><ele>1575.800048828125</ele><time>2025-12-06T02:30:30.000Z</time><extensions/></trkpt><trkpt lat="35.48184519633651" lon="138.92930041998625"><ele>1572.60009765625</ele><time>2025-12-06T02:30:40.000Z</time><extensions/></trkpt><trkpt lat="35.48180437646806" lon="138.9292875956744"><ele>1569.199951171875</ele><time>2025-12-06T02:30:49.000Z</time><extensions/></trkpt><trkpt lat="35.481761544942856" lon="138.92929798923433"><ele>1566.800048828125</ele><time>2025-12-06T02:30:58.000Z</time><extensions/></trkpt><trkpt lat="35.48170312307775" lon="138.92926429398358"><ele>1564.0</ele><time>2025-12-06T02:31:09.000Z</time><extensions/></trkpt><trkpt lat="35.48167185857892" lon="138.9292603544891"><ele>1561.60009765625</ele><time>2025-12-06T02:31:18.000Z</time><extensions/></trkpt><trkpt lat="35.48164495266974" lon="138.92926798202097"><ele>1560.199951171875</ele><time>2025-12-06T02:31:33.000Z</time><extensions/></trkpt><trkpt lat="35.48161209560931" lon="138.92927577719092"><ele>1558.0</ele><time>2025-12-06T02:31:41.000Z</time><extensions/></trkpt><trkpt lat="35.481564570218325" lon="138.92926957458258"><ele>1555.199951171875</ele><time>2025-12-06T02:31:49.000Z</time><extensions/></trkpt><trkpt lat="35.48151645809412" lon="138.92924887128174"><ele>1552.39990234375</ele><time>2025-12-06T02:31:57.000Z</time><extensions/></trkpt><trkpt lat="35.48146775923669" lon="138.92924811691046"><ele>1549.800048828125</ele><time>2025-12-06T02:32:06.000Z</time><extensions/></trkpt><trkpt lat="35.48142274841666" lon="138.9292857516557"><ele>1546.5999755859375</ele><time>2025-12-06T02:32:15.000Z</time><extensions/></trkpt><trkpt lat="35.48138704150915" lon="138.9292815607041"><ele>1543.5999755859375</ele><time>2025-12-06T02:32:23.000Z</time><extensions/></trkpt><trkpt lat="35.481336833909154" lon="138.92931492067873"><ele>1540.800048828125</ele><time>2025-12-06T02:32:32.000Z</time><extensions/></trkpt><trkpt lat="35.4812618996948" lon="138.9293338637799"><ele>1537.5999755859375</ele><time>2025-12-06T02:32:42.000Z</time><extensions/></trkpt><trkpt lat="35.481202472001314" lon="138.92926446162164"><ele>1534.5999755859375</ele><time>2025-12-06T02:32:52.000Z</time><extensions/></trkpt><trkpt lat="35.48117036931217" lon="138.92924124374986"><ele>1532.199951171875</ele><time>2025-12-06T02:33:00.000Z</time><extensions/></trkpt><trkpt lat="35.48113206401467" lon="138.9292474463582"><ele>1530.199951171875</ele><time>2025-12-06T02:33:07.000Z</time><extensions/></trkpt><trkpt lat="35.48109342344105" lon="138.9292263239622"><ele>1528.0</ele><time>2025-12-06T02:33:15.000Z</time><extensions/></trkpt><trkpt lat="35.48104648478329" lon="138.92922238446772"><ele>1525.5999755859375</ele><time>2025-12-06T02:33:25.000Z</time><extensions/></trkpt><trkpt lat="35.48101119697094" lon="138.92919371835887"><ele>1523.5999755859375</ele><time>2025-12-06T02:33:33.000Z</time><extensions/></trkpt><trkpt lat="35.480961576104164" lon="138.9292378909886"><ele>1521.4000244140625</ele><time>2025-12-06T02:33:42.000Z</time><extensions/></trkpt><trkpt lat="35.480896197259426" lon="138.92920126207173"><ele>1518.4000244140625</ele><time>2025-12-06T02:33:52.000Z</time><extensions/></trkpt><trkpt lat="35.480846241116524" lon="138.9292413275689"><ele>1516.199951171875</ele><time>2025-12-06T02:34:01.000Z</time><extensions/></trkpt><trkpt lat="35.48080558888614" lon="138.9292263239622"><ele>1513.800048828125</ele><time>2025-12-06T02:34:09.000Z</time><extensions/></trkpt><trkpt lat="35.480727134272456" lon="138.92923269420862"><ele>1510.800048828125</ele><time>2025-12-06T02:34:20.000Z</time><extensions/></trkpt><trkpt lat="35.48068396747112" lon="138.9292032737285"><ele>1508.4000244140625</ele><time>2025-12-06T02:34:28.000Z</time><extensions/></trkpt><trkpt lat="35.480633424595" lon="138.929209895432"><ele>1506.199951171875</ele><time>2025-12-06T02:34:37.000Z</time><extensions/></trkpt><trkpt lat="35.48056477680802" lon="138.92920377664268"><ele>1503.4000244140625</ele><time>2025-12-06T02:34:48.000Z</time><extensions/></trkpt><trkpt lat="35.480528734624386" lon="138.92920335754752"><ele>1501.0</ele><time>2025-12-06T02:34:57.000Z</time><extensions/></trkpt><trkpt lat="35.4805036727339" lon="138.9292025193572"><ele>1498.800048828125</ele><time>2025-12-06T02:35:06.000Z</time><extensions/></trkpt><trkpt lat="35.48044449649751" lon="138.92919573001564"><ele>1496.800048828125</ele><time>2025-12-06T02:35:15.000Z</time><extensions/></trkpt><trkpt lat="35.48039512708783" lon="138.9291422534734"><ele>1494.4000244140625</ele><time>2025-12-06T02:35:26.000Z</time><extensions/></trkpt><trkpt lat="35.48033544793725" lon="138.92916253767908"><ele>1491.5999755859375</ele><time>2025-12-06T02:35:37.000Z</time><extensions/></trkpt><trkpt lat="35.48029638826847" lon="138.9291023556143"><ele>1489.199951171875</ele><time>2025-12-06T02:35:46.000Z</time><extensions/></trkpt><trkpt lat="35.48025129362941" lon="138.92908626236022"><ele>1486.800048828125</ele><time>2025-12-06T02:35:55.000Z</time><extensions/></trkpt><trkpt lat="35.48018314875662" lon="138.92907494679093"><ele>1484.199951171875</ele><time>2025-12-06T02:36:04.000Z</time><extensions/></trkpt><trkpt lat="35.48012103885412" lon="138.92906229011714"><ele>1482.0</ele><time>2025-12-06T02:36:14.000Z</time><extensions/></trkpt><trkpt lat="35.48006999306381" lon="138.92908584326506"><ele>1480.199951171875</ele><time>2025-12-06T02:36:23.000Z</time><extensions/></trkpt><trkpt lat="35.47999329864979" lon="138.92909925431013"><ele>1478.0</ele><time>2025-12-06T02:36:35.000Z</time><extensions/></trkpt><trkpt lat="35.47995172441006" lon="138.92909816466272"><ele>1476.800048828125</ele><time>2025-12-06T02:36:43.000Z</time><extensions/></trkpt><trkpt lat="35.47992448322475" lon="138.92908802255988"><ele>1475.800048828125</ele><time>2025-12-06T02:36:58.000Z</time><extensions/></trkpt><trkpt lat="35.47987896949053" lon="138.92906312830746"><ele>1475.199951171875</ele><time>2025-12-06T02:37:10.000Z</time><extensions/></trkpt><trkpt lat="35.479841167107224" lon="138.92903613857925"><ele>1473.0</ele><time>2025-12-06T02:37:20.000Z</time><extensions/></trkpt><trkpt lat="35.479826582595706" lon="138.92904175445437"><ele>1471.4000244140625</ele><time>2025-12-06T02:37:31.000Z</time><extensions/></trkpt><trkpt lat="35.479807052761316" lon="138.9290452748537"><ele>1471.4000244140625</ele><time>2025-12-06T02:37:35.000Z</time><extensions/></trkpt><trkpt lat="35.47978609800339" lon="138.9290500525385"><ele>1471.4000244140625</ele><time>2025-12-06T02:37:37.000Z</time><extensions/></trkpt><trkpt lat="35.479774698615074" lon="138.92905198037624"><ele>1471.4000244140625</ele><time>2025-12-06T02:37:38.000Z</time><extensions/></trkpt><trkpt lat="35.47968744300306" lon="138.92906438559294"><ele>1471.199951171875</ele><time>2025-12-06T02:37:46.000Z</time><extensions/></trkpt><trkpt lat="35.479625752195716" lon="138.9291115757078"><ele>1471.199951171875</ele><time>2025-12-06T02:37:55.000Z</time><extensions/></trkpt><trkpt lat="35.479596331715584" lon="138.9291131682694"><ele>1471.800048828125</ele><time>2025-12-06T02:37:58.000Z</time><extensions/></trkpt><trkpt lat="35.47958551906049" lon="138.92911484465003"><ele>1471.800048828125</ele><time>2025-12-06T02:37:59.000Z</time><extensions/></trkpt><trkpt lat="35.47952181659639" lon="138.92912942916155"><ele>1473.199951171875</ele><time>2025-12-06T02:38:07.000Z</time><extensions/></trkpt><trkpt lat="35.47946959733963" lon="138.92914636060596"><ele>1474.4000244140625</ele><time>2025-12-06T02:38:15.000Z</time><extensions/></trkpt><trkpt lat="35.47937446273863" lon="138.92916765064"><ele>1476.800048828125</ele><time>2025-12-06T02:38:28.000Z</time><extensions/></trkpt><trkpt lat="35.47931134700775" lon="138.92920478247106"><ele>1478.4000244140625</ele><time>2025-12-06T02:38:39.000Z</time><extensions/></trkpt><trkpt lat="35.4792691860348" lon="138.92921567894518"><ele>1480.0</ele><time>2025-12-06T02:38:49.000Z</time><extensions/></trkpt><trkpt lat="35.47924244776368" lon="138.92923252657056"><ele>1481.199951171875</ele><time>2025-12-06T02:38:57.000Z</time><extensions/></trkpt><trkpt lat="35.47918218187988" lon="138.92924384213984"><ele>1483.199951171875</ele><time>2025-12-06T02:39:14.000Z</time><extensions/></trkpt><trkpt lat="35.47909593209624" lon="138.92926337197423"><ele>1485.199951171875</ele><time>2025-12-06T02:39:28.000Z</time><extensions/></trkpt><trkpt lat="35.47900406643748" lon="138.9292852487415"><ele>1487.4000244140625</ele><time>2025-12-06T02:39:39.000Z</time><extensions/></trkpt><trkpt lat="35.4789599776268" lon="138.92930075526237"><ele>1488.4000244140625</ele><time>2025-12-06T02:39:47.000Z</time><extensions/></trkpt><trkpt lat="35.4788962751627" lon="138.92932606860995"><ele>1489.199951171875</ele><time>2025-12-06T02:39:59.000Z</time><extensions/></trkpt><trkpt lat="35.47878948971629" lon="138.92937174998224"><ele>1490.4000244140625</ele><time>2025-12-06T02:40:11.000Z</time><extensions/></trkpt><trkpt lat="35.47872042283416" lon="138.92939588986337"><ele>1491.0</ele><time>2025-12-06T02:40:18.000Z</time><extensions/></trkpt><trkpt lat="35.47870885580778" lon="138.92939379438758"><ele>1491.0</ele><time>2025-12-06T02:40:19.000Z</time><extensions/></trkpt><trkpt lat="35.47867717221379" lon="138.92940267920494"><ele>1491.0</ele><time>2025-12-06T02:40:22.000Z</time><extensions/></trkpt><trkpt lat="35.47864867374301" lon="138.92941223457456"><ele>1491.0</ele><time>2025-12-06T02:40:25.000Z</time><extensions/></trkpt><trkpt lat="35.47857114113867" lon="138.92941483296454"><ele>1490.800048828125</ele><time>2025-12-06T02:40:32.000Z</time><extensions/></trkpt><trkpt lat="35.47848195768893" lon="138.92941852100194"><ele>1490.800048828125</ele><time>2025-12-06T02:40:40.000Z</time><extensions/></trkpt><trkpt lat="35.47847072593868" lon="138.92941826954484"><ele>1490.4000244140625</ele><time>2025-12-06T02:40:50.000Z</time><extensions/></trkpt><trkpt lat="35.478401742875576" lon="138.92941307276487"><ele>1490.0</ele><time>2025-12-06T02:41:04.000Z</time><extensions/></trkpt><trkpt lat="35.478273248299956" lon="138.92942799255252"><ele>1489.4000244140625</ele><time>2025-12-06T02:41:15.000Z</time><extensions/></trkpt><trkpt lat="35.47819051891565" lon="138.92942363396287"><ele>1489.0</ele><time>2025-12-06T02:41:22.000Z</time><extensions/></trkpt><trkpt lat="35.47814869321883" lon="138.92940393649042"><ele>1488.4000244140625</ele><time>2025-12-06T02:41:26.000Z</time><extensions/></trkpt><trkpt lat="35.47813762910664" lon="138.92939748242497"><ele>1488.199951171875</ele><time>2025-12-06T02:41:27.000Z</time><extensions/></trkpt><trkpt lat="35.47812455333769" lon="138.92939471639693"><ele>1488.0</ele><time>2025-12-06T02:41:28.000Z</time><extensions/></trkpt><trkpt lat="35.478112399578094" lon="138.92938968725502"><ele>1487.800048828125</ele><time>2025-12-06T02:41:29.000Z</time><extensions/></trkpt><trkpt lat="35.47801734879613" lon="138.92936697229743"><ele>1486.199951171875</ele><time>2025-12-06T02:41:37.000Z</time><extensions/></trkpt><trkpt lat="35.47796688973904" lon="138.92933839000762"><ele>1485.800048828125</ele><time>2025-12-06T02:41:45.000Z</time><extensions/></trkpt><trkpt lat="35.477914083749056" lon="138.92932707443833"><ele>1486.0</ele><time>2025-12-06T02:41:50.000Z</time><extensions/></trkpt><trkpt lat="35.477902851998806" lon="138.929323554039"><ele>1486.0</ele><time>2025-12-06T02:41:51.000Z</time><extensions/></trkpt><trkpt lat="35.477891117334366" lon="138.92931827344"><ele>1486.0</ele><time>2025-12-06T02:41:52.000Z</time><extensions/></trkpt><trkpt lat="35.477877873927355" lon="138.9293143339455"><ele>1486.0</ele><time>2025-12-06T02:41:53.000Z</time><extensions/></trkpt><trkpt lat="35.477865217253566" lon="138.92931014299393"><ele>1486.0</ele><time>2025-12-06T02:41:54.000Z</time><extensions/></trkpt><trkpt lat="35.47785113565624" lon="138.9293047785759"><ele>1486.0</ele><time>2025-12-06T02:41:55.000Z</time><extensions/></trkpt><trkpt lat="35.4777614492923" lon="138.92927736975253"><ele>1486.0</ele><time>2025-12-06T02:42:02.000Z</time><extensions/></trkpt><trkpt lat="35.47767444513738" lon="138.92925817519426"><ele>1486.4000244140625</ele><time>2025-12-06T02:42:10.000Z</time><extensions/></trkpt><trkpt lat="35.477632535621524" lon="138.92925423569977"><ele>1486.5999755859375</ele><time>2025-12-06T02:42:14.000Z</time><extensions/></trkpt><trkpt lat="35.477573024109006" lon="138.9292508829385"><ele>1486.800048828125</ele><time>2025-12-06T02:42:19.000Z</time><extensions/></trkpt><trkpt lat="35.47756405547261" lon="138.92924342304468"><ele>1486.800048828125</ele><time>2025-12-06T02:42:20.000Z</time><extensions/></trkpt><trkpt lat="35.47755558975041" lon="138.92923411913216"><ele>1486.800048828125</ele><time>2025-12-06T02:42:21.000Z</time><extensions/></trkpt><trkpt lat="35.477546034380794" lon="138.92922515049577"><ele>1486.800048828125</ele><time>2025-12-06T02:42:22.000Z</time><extensions/></trkpt><trkpt lat="35.477468417957425" lon="138.92919053323567"><ele>1487.5999755859375</ele><time>2025-12-06T02:42:30.000Z</time><extensions/></trkpt><trkpt lat="35.477421563118696" lon="138.92918257042766"><ele>1487.800048828125</ele><time>2025-12-06T02:42:35.000Z</time><extensions/></trkpt><trkpt lat="35.47740949317813" lon="138.92918039113283"><ele>1487.800048828125</ele><time>2025-12-06T02:42:36.000Z</time><extensions/></trkpt><trkpt lat="35.477358950302005" lon="138.92915826290846"><ele>1487.199951171875</ele><time>2025-12-06T02:42:44.000Z</time><extensions/></trkpt><trkpt lat="35.47733615152538" lon="138.92912632785738"><ele>1487.0</ele><time>2025-12-06T02:42:47.000Z</time><extensions/></trkpt><trkpt lat="35.47726524062455" lon="138.92904904671013"><ele>1486.4000244140625</ele><time>2025-12-06T02:42:55.000Z</time><extensions/></trkpt><trkpt lat="35.47720187343657" lon="138.9289723522961"><ele>1486.5999755859375</ele><time>2025-12-06T02:43:04.000Z</time><extensions/></trkpt><trkpt lat="35.47712895087898" lon="138.9288855995983"><ele>1485.4000244140625</ele><time>2025-12-06T02:43:14.000Z</time><extensions/></trkpt><trkpt lat="35.47710229642689" lon="138.9288562629372"><ele>1484.5999755859375</ele><time>2025-12-06T02:43:17.000Z</time><extensions/></trkpt><trkpt lat="35.47709257341921" lon="138.92885039560497"><ele>1484.4000244140625</ele><time>2025-12-06T02:43:18.000Z</time><extensions/></trkpt><trkpt lat="35.477053094655275" lon="138.92881309613585"><ele>1483.4000244140625</ele><time>2025-12-06T02:43:22.000Z</time><extensions/></trkpt><trkpt lat="35.47704387456179" lon="138.9288010261953"><ele>1483.0</ele><time>2025-12-06T02:43:23.000Z</time><extensions/></trkpt><trkpt lat="35.47703557647765" lon="138.9287888724357"><ele>1482.800048828125</ele><time>2025-12-06T02:43:24.000Z</time><extensions/></trkpt><trkpt lat="35.4769860394299" lon="138.92868007533252"><ele>1480.800048828125</ele><time>2025-12-06T02:43:32.000Z</time><extensions/></trkpt><trkpt lat="35.47693599946797" lon="138.92862517386675"><ele>1478.800048828125</ele><time>2025-12-06T02:43:39.000Z</time><extensions/></trkpt><trkpt lat="35.47689978964627" lon="138.92856432124972"><ele>1476.4000244140625</ele><time>2025-12-06T02:43:47.000Z</time><extensions/></trkpt><trkpt lat="35.47689006663859" lon="138.92855543643236"><ele>1476.199951171875</ele><time>2025-12-06T02:43:48.000Z</time><extensions/></trkpt><trkpt lat="35.47687975689769" lon="138.9285354875028"><ele>1475.5999755859375</ele><time>2025-12-06T02:43:50.000Z</time><extensions/></trkpt><trkpt lat="35.47684949822724" lon="138.92846927046776"><ele>1473.5999755859375</ele><time>2025-12-06T02:43:59.000Z</time><extensions/></trkpt><trkpt lat="35.47684329561889" lon="138.92845594324172"><ele>1473.4000244140625</ele><time>2025-12-06T02:44:00.000Z</time><extensions/></trkpt><trkpt lat="35.47682753764093" lon="138.92843389883637"><ele>1473.0</ele><time>2025-12-06T02:44:02.000Z</time><extensions/></trkpt><trkpt lat="35.4767650924623" lon="138.92834882251918"><ele>1472.800048828125</ele><time>2025-12-06T02:44:11.000Z</time><extensions/></trkpt><trkpt lat="35.47672603279352" lon="138.92826517112553"><ele>1474.4000244140625</ele><time>2025-12-06T02:44:22.000Z</time><extensions/></trkpt><trkpt lat="35.47670834697783" lon="138.9282087609172"><ele>1476.199951171875</ele><time>2025-12-06T02:44:33.000Z</time><extensions/></trkpt><trkpt lat="35.47669325955212" lon="138.92816609703004"><ele>1478.199951171875</ele><time>2025-12-06T02:44:44.000Z</time><extensions/></trkpt><trkpt lat="35.47665604390204" lon="138.92812376841903"><ele>1479.800048828125</ele><time>2025-12-06T02:44:53.000Z</time><extensions/></trkpt><trkpt lat="35.4766339994967" lon="138.92808848060668"><ele>1480.800048828125</ele><time>2025-12-06T02:44:58.000Z</time><extensions/></trkpt><trkpt lat="35.47662142664194" lon="138.92805461771786"><ele>1481.5999755859375</ele><time>2025-12-06T02:45:01.000Z</time><extensions/></trkpt><trkpt lat="35.47661145217717" lon="138.9280452299863"><ele>1481.5999755859375</ele><time>2025-12-06T02:45:02.000Z</time><extensions/></trkpt><trkpt lat="35.47659971751273" lon="138.92803852446377"><ele>1481.800048828125</ele><time>2025-12-06T02:45:03.000Z</time><extensions/></trkpt><trkpt lat="35.476588821038604" lon="138.9280346687883"><ele>1482.0</ele><time>2025-12-06T02:45:04.000Z</time><extensions/></trkpt><trkpt lat="35.476513132452965" lon="138.92803659662604"><ele>1482.800048828125</ele><time>2025-12-06T02:45:13.000Z</time><extensions/></trkpt><trkpt lat="35.47640198841691" lon="138.92799887806177"><ele>1484.800048828125</ele><time>2025-12-06T02:45:27.000Z</time><extensions/></trkpt><trkpt lat="35.4763781838119" lon="138.92798588611186"><ele>1485.4000244140625</ele><time>2025-12-06T02:45:34.000Z</time><extensions/></trkpt><trkpt lat="35.476367538794875" lon="138.92798186279833"><ele>1485.5999755859375</ele><time>2025-12-06T02:45:35.000Z</time><extensions/></trkpt><trkpt lat="35.47635588794947" lon="138.92797817476094"><ele>1486.4000244140625</ele><time>2025-12-06T02:45:43.000Z</time><extensions/></trkpt><trkpt lat="35.47629243694246" lon="138.92796183004975"><ele>1487.0</ele><time>2025-12-06T02:45:51.000Z</time><extensions/></trkpt><trkpt lat="35.47622018493712" lon="138.9280174858868"><ele>1486.4000244140625</ele><time>2025-12-06T02:46:00.000Z</time><extensions/></trkpt><trkpt lat="35.47612748108804" lon="138.9280230179429"><ele>1484.199951171875</ele><time>2025-12-06T02:46:10.000Z</time><extensions/></trkpt><trkpt lat="35.47605397179723" lon="138.928060233593"><ele>1482.199951171875</ele><time>2025-12-06T02:46:17.000Z</time><extensions/></trkpt><trkpt lat="35.476043075323105" lon="138.9280636701733"><ele>1482.0</ele><time>2025-12-06T02:46:18.000Z</time><extensions/></trkpt><trkpt lat="35.47598507255316" lon="138.92809317447245"><ele>1480.5999755859375</ele><time>2025-12-06T02:46:24.000Z</time><extensions/></trkpt><trkpt lat="35.47597627155483" lon="138.9281009696424"><ele>1480.199951171875</ele><time>2025-12-06T02:46:25.000Z</time><extensions/></trkpt><trkpt lat="35.47590552829206" lon="138.92813843674958"><ele>1478.5999755859375</ele><time>2025-12-06T02:46:33.000Z</time><extensions/></trkpt><trkpt lat="35.47582288272679" lon="138.92816961742938"><ele>1476.199951171875</ele><time>2025-12-06T02:46:42.000Z</time><extensions/></trkpt><trkpt lat="35.47578969039023" lon="138.92817783169448"><ele>1475.4000244140625</ele><time>2025-12-06T02:46:45.000Z</time><extensions/></trkpt><trkpt lat="35.47575373202562" lon="138.92817095853388"><ele>1473.199951171875</ele><time>2025-12-06T02:46:53.000Z</time><extensions/></trkpt><trkpt lat="35.4757341183722" lon="138.9281862974167"><ele>1472.199951171875</ele><time>2025-12-06T02:46:58.000Z</time><extensions/></trkpt><trkpt lat="35.475722048431635" lon="138.92819199711084"><ele>1472.199951171875</ele><time>2025-12-06T02:46:59.000Z</time><extensions/></trkpt><trkpt lat="35.475709391757846" lon="138.92819459550083"><ele>1472.0</ele><time>2025-12-06T02:47:00.000Z</time><extensions/></trkpt><trkpt lat="35.475698662921786" lon="138.928192416206"><ele>1471.800048828125</ele><time>2025-12-06T02:47:01.000Z</time><extensions/></trkpt><trkpt lat="35.47567745670676" lon="138.92819048836827"><ele>1471.5999755859375</ele><time>2025-12-06T02:47:03.000Z</time><extensions/></trkpt><trkpt lat="35.47566622495651" lon="138.92819392494857"><ele>1471.4000244140625</ele><time>2025-12-06T02:47:04.000Z</time><extensions/></trkpt><trkpt lat="35.47559095546603" lon="138.9282481558621"><ele>1469.5999755859375</ele><time>2025-12-06T02:47:12.000Z</time><extensions/></trkpt><trkpt lat="35.47553513199091" lon="138.928287550807"><ele>1468.4000244140625</ele><time>2025-12-06T02:47:19.000Z</time><extensions/></trkpt><trkpt lat="35.475523648783565" lon="138.92828998155892"><ele>1468.199951171875</ele><time>2025-12-06T02:47:20.000Z</time><extensions/></trkpt><trkpt lat="35.475479643791914" lon="138.928303392604"><ele>1466.5999755859375</ele><time>2025-12-06T02:47:27.000Z</time><extensions/></trkpt><trkpt lat="35.47543144784868" lon="138.92835955135524"><ele>1464.4000244140625</ele><time>2025-12-06T02:47:35.000Z</time><extensions/></trkpt><trkpt lat="35.47536154277623" lon="138.92842518165708"><ele>1462.0</ele><time>2025-12-06T02:47:43.000Z</time><extensions/></trkpt><trkpt lat="35.475347796455026" lon="138.92842954024673"><ele>1461.800048828125</ele><time>2025-12-06T02:47:44.000Z</time><extensions/></trkpt><trkpt lat="35.47533446922898" lon="138.92842861823738"><ele>1461.4000244140625</ele><time>2025-12-06T02:47:45.000Z</time><extensions/></trkpt><trkpt lat="35.47531049698591" lon="138.92842568457127"><ele>1461.0</ele><time>2025-12-06T02:47:47.000Z</time><extensions/></trkpt><trkpt lat="35.475289123132825" lon="138.92843917943537"><ele>1460.4000244140625</ele><time>2025-12-06T02:47:49.000Z</time><extensions/></trkpt><trkpt lat="35.47527914866805" lon="138.92844764515758"><ele>1460.199951171875</ele><time>2025-12-06T02:47:50.000Z</time><extensions/></trkpt><trkpt lat="35.47526841983199" lon="138.92845552414656"><ele>1459.800048828125</ele><time>2025-12-06T02:47:51.000Z</time><extensions/></trkpt><trkpt lat="35.47525433823466" lon="138.92845761962235"><ele>1459.5999755859375</ele><time>2025-12-06T02:47:52.000Z</time><extensions/></trkpt><trkpt lat="35.47524344176054" lon="138.92845569178462"><ele>1459.4000244140625</ele><time>2025-12-06T02:47:53.000Z</time><extensions/></trkpt><trkpt lat="35.47520329244435" lon="138.92846298404038"><ele>1458.0</ele><time>2025-12-06T02:47:59.000Z</time><extensions/></trkpt><trkpt lat="35.47514126636088" lon="138.92851226963103"><ele>1456.5999755859375</ele><time>2025-12-06T02:48:06.000Z</time><extensions/></trkpt><trkpt lat="35.47512869350612" lon="138.9285169634968"><ele>1456.4000244140625</ele><time>2025-12-06T02:48:07.000Z</time><extensions/></trkpt><trkpt lat="35.475115617737174" lon="138.92852123826742"><ele>1456.199951171875</ele><time>2025-12-06T02:48:08.000Z</time><extensions/></trkpt><trkpt lat="35.47509541735053" lon="138.92853456549346"><ele>1455.800048828125</ele><time>2025-12-06T02:48:10.000Z</time><extensions/></trkpt><trkpt lat="35.475067254155874" lon="138.92856457270682"><ele>1455.199951171875</ele><time>2025-12-06T02:48:13.000Z</time><extensions/></trkpt><trkpt lat="35.47505593858659" lon="138.92857077531517"><ele>1455.0</ele><time>2025-12-06T02:48:14.000Z</time><extensions/></trkpt><trkpt lat="35.47501587308943" lon="138.92859189771116"><ele>1454.199951171875</ele><time>2025-12-06T02:48:18.000Z</time><extensions/></trkpt><trkpt lat="35.47499433159828" lon="138.92858359962702"><ele>1453.800048828125</ele><time>2025-12-06T02:48:20.000Z</time><extensions/></trkpt><trkpt lat="35.474931970238686" lon="138.92860304564238"><ele>1452.4000244140625</ele><time>2025-12-06T02:48:27.000Z</time><extensions/></trkpt><trkpt lat="35.47492518089712" lon="138.92861276865005"><ele>1452.199951171875</ele><time>2025-12-06T02:48:28.000Z</time><extensions/></trkpt><trkpt lat="35.474883522838354" lon="138.92865953966975"><ele>1450.5999755859375</ele><time>2025-12-06T02:48:35.000Z</time><extensions/></trkpt><trkpt lat="35.47484178096056" lon="138.92872299067676"><ele>1447.800048828125</ele><time>2025-12-06T02:48:45.000Z</time><extensions/></trkpt><trkpt lat="35.474791657179594" lon="138.92878082580864"><ele>1445.0</ele><time>2025-12-06T02:48:54.000Z</time><extensions/></trkpt><trkpt lat="35.47472845762968" lon="138.92882022075355"><ele>1442.199951171875</ele><time>2025-12-06T02:49:03.000Z</time><extensions/></trkpt><trkpt lat="35.4746582172811" lon="138.9288631360978"><ele>1439.4000244140625</ele><time>2025-12-06T02:49:12.000Z</time><extensions/></trkpt><trkpt lat="35.47458806075156" lon="138.92888015136123"><ele>1437.4000244140625</ele><time>2025-12-06T02:49:19.000Z</time><extensions/></trkpt><trkpt lat="35.47452653758228" lon="138.92891108058393"><ele>1435.199951171875</ele><time>2025-12-06T02:49:27.000Z</time><extensions/></trkpt><trkpt lat="35.47449083067477" lon="138.9289680775255"><ele>1432.199951171875</ele><time>2025-12-06T02:49:37.000Z</time><extensions/></trkpt><trkpt lat="35.47443768940866" lon="138.92901258543134"><ele>1429.4000244140625</ele><time>2025-12-06T02:49:46.000Z</time><extensions/></trkpt><trkpt lat="35.47437264584005" lon="138.9290299359709"><ele>1426.800048828125</ele><time>2025-12-06T02:49:55.000Z</time><extensions/></trkpt><trkpt lat="35.47432126477361" lon="138.92904904671013"><ele>1424.199951171875</ele><time>2025-12-06T02:50:04.000Z</time><extensions/></trkpt><trkpt lat="35.47424825839698" lon="138.9291071332991"><ele>1421.4000244140625</ele><time>2025-12-06T02:50:15.000Z</time><extensions/></trkpt><trkpt lat="35.47423895448446" lon="138.92911199480295"><ele>1421.199951171875</ele><time>2025-12-06T02:50:16.000Z</time><extensions/></trkpt><trkpt lat="35.474135018885136" lon="138.9291239809245"><ele>1419.4000244140625</ele><time>2025-12-06T02:50:25.000Z</time><extensions/></trkpt><trkpt lat="35.47407844103873" lon="138.92912724986672"><ele>1418.5999755859375</ele><time>2025-12-06T02:50:30.000Z</time><extensions/></trkpt><trkpt lat="35.47406544908881" lon="138.92913202755153"><ele>1418.5999755859375</ele><time>2025-12-06T02:50:31.000Z</time><extensions/></trkpt><trkpt lat="35.47404969111085" lon="138.92913496121764"><ele>1418.4000244140625</ele><time>2025-12-06T02:50:32.000Z</time><extensions/></trkpt><trkpt lat="35.47403569333255" lon="138.92913177609444"><ele>1418.199951171875</ele><time>2025-12-06T02:50:33.000Z</time><extensions/></trkpt><trkpt lat="35.47402328811586" lon="138.92912842333317"><ele>1418.199951171875</ele><time>2025-12-06T02:50:34.000Z</time><extensions/></trkpt><trkpt lat="35.47401205636561" lon="138.92912842333317"><ele>1418.0</ele><time>2025-12-06T02:50:35.000Z</time><extensions/></trkpt><trkpt lat="35.47399981878698" lon="138.92913177609444"><ele>1417.800048828125</ele><time>2025-12-06T02:50:36.000Z</time><extensions/></trkpt><trkpt lat="35.47398774884641" lon="138.92913185991347"><ele>1417.800048828125</ele><time>2025-12-06T02:50:37.000Z</time><extensions/></trkpt><trkpt lat="35.47395849600434" lon="138.9291321951896"><ele>1417.4000244140625</ele><time>2025-12-06T02:50:40.000Z</time><extensions/></trkpt><trkpt lat="35.47394072636962" lon="138.9291377272457"><ele>1416.4000244140625</ele><time>2025-12-06T02:50:48.000Z</time><extensions/></trkpt><trkpt lat="35.47392019070685" lon="138.92913596704602"><ele>1416.4000244140625</ele><time>2025-12-06T02:50:50.000Z</time><extensions/></trkpt><trkpt lat="35.47391038388014" lon="138.92913445830345"><ele>1416.199951171875</ele><time>2025-12-06T02:50:51.000Z</time><extensions/></trkpt><trkpt lat="35.473877945914865" lon="138.92914158292115"><ele>1416.199951171875</ele><time>2025-12-06T02:50:54.000Z</time><extensions/></trkpt><trkpt lat="35.4737950488925" lon="138.9292043633759"><ele>1415.5999755859375</ele><time>2025-12-06T02:51:03.000Z</time><extensions/></trkpt><trkpt lat="35.473747523501515" lon="138.92920662648976"><ele>1415.199951171875</ele><time>2025-12-06T02:51:08.000Z</time><extensions/></trkpt><trkpt lat="35.47373536974192" lon="138.92920704558492"><ele>1415.0</ele><time>2025-12-06T02:51:09.000Z</time><extensions/></trkpt><trkpt lat="35.473608719184995" lon="138.92920704558492"><ele>1413.800048828125</ele><time>2025-12-06T02:51:19.000Z</time><extensions/></trkpt><trkpt lat="35.47351945191622" lon="138.92920704558492"><ele>1412.5999755859375</ele><time>2025-12-06T02:51:26.000Z</time><extensions/></trkpt><trkpt lat="35.47341417521238" lon="138.92921375110745"><ele>1411.5999755859375</ele><time>2025-12-06T02:51:35.000Z</time><extensions/></trkpt><trkpt lat="35.473317028954625" lon="138.92919832840562"><ele>1411.0</ele><time>2025-12-06T02:51:43.000Z</time><extensions/></trkpt><trkpt lat="35.47327243722975" lon="138.9291876833886"><ele>1410.800048828125</ele><time>2025-12-06T02:51:47.000Z</time><extensions/></trkpt><trkpt lat="35.47322197817266" lon="138.92919648438692"><ele>1410.4000244140625</ele><time>2025-12-06T02:51:52.000Z</time><extensions/></trkpt><trkpt lat="35.473149474710226" lon="138.92920863814652"><ele>1408.5999755859375</ele><time>2025-12-06T02:52:00.000Z</time><extensions/></trkpt><trkpt lat="35.473054088652134" lon="138.92917402088642"><ele>1405.199951171875</ele><time>2025-12-06T02:52:11.000Z</time><extensions/></trkpt><trkpt lat="35.473037995398045" lon="138.92914979718626"><ele>1404.800048828125</ele><time>2025-12-06T02:52:13.000Z</time><extensions/></trkpt><trkpt lat="35.47303145751357" lon="138.9291340392083"><ele>1404.4000244140625</ele><time>2025-12-06T02:52:14.000Z</time><extensions/></trkpt><trkpt lat="35.47300555743277" lon="138.9291089773178"><ele>1403.5999755859375</ele><time>2025-12-06T02:52:17.000Z</time><extensions/></trkpt><trkpt lat="35.472993571311235" lon="138.92909984104335"><ele>1403.4000244140625</ele><time>2025-12-06T02:52:18.000Z</time><extensions/></trkpt><trkpt lat="35.47298443503678" lon="138.92908844165504"><ele>1403.4000244140625</ele><time>2025-12-06T02:52:19.000Z</time><extensions/></trkpt><trkpt lat="35.47295509837568" lon="138.92906044609845"><ele>1402.5999755859375</ele><time>2025-12-06T02:52:22.000Z</time><extensions/></trkpt><trkpt lat="35.47294244170189" lon="138.92905323766172"><ele>1402.4000244140625</ele><time>2025-12-06T02:52:23.000Z</time><extensions/></trkpt><trkpt lat="35.472930958494544" lon="138.92904535867274"><ele>1402.199951171875</ele><time>2025-12-06T02:52:24.000Z</time><extensions/></trkpt><trkpt lat="35.472919223830104" lon="138.92903856933117"><ele>1402.0</ele><time>2025-12-06T02:52:25.000Z</time><extensions/></trkpt><trkpt lat="35.47290715388954" lon="138.9290349651128"><ele>1401.5999755859375</ele><time>2025-12-06T02:52:26.000Z</time><extensions/></trkpt><trkpt lat="35.472894832491875" lon="138.9290312770754"><ele>1401.4000244140625</ele><time>2025-12-06T02:52:27.000Z</time><extensions/></trkpt><trkpt lat="35.47280707396567" lon="138.9290386531502"><ele>1399.5999755859375</ele><time>2025-12-06T02:52:35.000Z</time><extensions/></trkpt><trkpt lat="35.47275527380407" lon="138.92905223183334"><ele>1398.0</ele><time>2025-12-06T02:52:43.000Z</time><extensions/></trkpt><trkpt lat="35.4726551938802" lon="138.92903831787407"><ele>1395.0</ele><time>2025-12-06T02:52:54.000Z</time><extensions/></trkpt><trkpt lat="35.47259735874832" lon="138.92903136089444"><ele>1393.4000244140625</ele><time>2025-12-06T02:52:59.000Z</time><extensions/></trkpt><trkpt lat="35.47258679755032" lon="138.92903446219862"><ele>1393.199951171875</ele><time>2025-12-06T02:53:00.000Z</time><extensions/></trkpt><trkpt lat="35.47248898074031" lon="138.92901945859194"><ele>1391.199951171875</ele><time>2025-12-06T02:53:08.000Z</time><extensions/></trkpt><trkpt lat="35.47238479368389" lon="138.92899749800563"><ele>1389.800048828125</ele><time>2025-12-06T02:53:17.000Z</time><extensions/></trkpt><trkpt lat="35.47229896299541" lon="138.92893932759762"><ele>1388.4000244140625</ele><time>2025-12-06T02:53:25.000Z</time><extensions/></trkpt><trkpt lat="35.47217306680977" lon="138.9289173670113"><ele>1386.199951171875</ele><time>2025-12-06T02:53:35.000Z</time><extensions/></trkpt><trkpt lat="35.472103245556355" lon="138.92886774614453"><ele>1385.4000244140625</ele><time>2025-12-06T02:53:42.000Z</time><extensions/></trkpt><trkpt lat="35.47206116840243" lon="138.92880538478494"><ele>1385.800048828125</ele><time>2025-12-06T02:53:49.000Z</time><extensions/></trkpt><trkpt lat="35.472045158967376" lon="138.92878912389278"><ele>1386.199951171875</ele><time>2025-12-06T02:53:51.000Z</time><extensions/></trkpt><trkpt lat="35.47198933549225" lon="138.92872869037092"><ele>1387.4000244140625</ele><time>2025-12-06T02:53:58.000Z</time><extensions/></trkpt><trkpt lat="35.4719421453774" lon="138.92867328599095"><ele>1388.5999755859375</ele><time>2025-12-06T02:54:04.000Z</time><extensions/></trkpt><trkpt lat="35.471899481490254" lon="138.92858443781734"><ele>1389.5999755859375</ele><time>2025-12-06T02:54:13.000Z</time><extensions/></trkpt><trkpt lat="35.47188053838909" lon="138.92856256105006"><ele>1390.5999755859375</ele><time>2025-12-06T02:54:23.000Z</time><extensions/></trkpt><trkpt lat="35.47186352312565" lon="138.92856658436358"><ele>1391.199951171875</ele><time>2025-12-06T02:56:23.000Z</time><extensions/></trkpt><trkpt lat="35.47180593945086" lon="138.92854504287243"><ele>1391.5999755859375</ele><time>2025-12-06T02:56:36.000Z</time><extensions/></trkpt><trkpt lat="35.47179504297674" lon="138.92854068428278"><ele>1391.5999755859375</ele><time>2025-12-06T02:56:37.000Z</time><extensions/></trkpt><trkpt lat="35.47173066996038" lon="138.9285394269973"><ele>1391.5999755859375</ele><time>2025-12-06T02:56:44.000Z</time><extensions/></trkpt><trkpt lat="35.47164995223284" lon="138.92850673757493"><ele>1392.4000244140625</ele><time>2025-12-06T02:56:53.000Z</time><extensions/></trkpt><trkpt lat="35.471560936421156" lon="138.92850866541266"><ele>1393.199951171875</ele><time>2025-12-06T02:57:03.000Z</time><extensions/></trkpt><trkpt lat="35.47149622812867" lon="138.9285071566701"><ele>1394.800048828125</ele><time>2025-12-06T02:57:13.000Z</time><extensions/></trkpt><trkpt lat="35.471444176509976" lon="138.92849374562502"><ele>1395.800048828125</ele><time>2025-12-06T02:57:20.000Z</time><extensions/></trkpt><trkpt lat="35.47138039022684" lon="138.928501624614"><ele>1397.4000244140625</ele><time>2025-12-06T02:57:30.000Z</time><extensions/></trkpt><trkpt lat="35.4713184479624" lon="138.92850464209914"><ele>1398.800048828125</ele><time>2025-12-06T02:57:40.000Z</time><extensions/></trkpt><trkpt lat="35.471241334453225" lon="138.92848871648312"><ele>1400.5999755859375</ele><time>2025-12-06T02:57:52.000Z</time><extensions/></trkpt><trkpt lat="35.47118593007326" lon="138.92851117998362"><ele>1402.0</ele><time>2025-12-06T02:58:01.000Z</time><extensions/></trkpt><trkpt lat="35.471131447702646" lon="138.92850472591817"><ele>1404.5999755859375</ele><time>2025-12-06T02:58:12.000Z</time><extensions/></trkpt><trkpt lat="35.47106523066759" lon="138.92850631847978"><ele>1406.4000244140625</ele><time>2025-12-06T02:58:23.000Z</time><extensions/></trkpt><trkpt lat="35.47099968418479" lon="138.9284833520651"><ele>1407.800048828125</ele><time>2025-12-06T02:58:34.000Z</time><extensions/></trkpt><trkpt lat="35.47095316462219" lon="138.9284970983863"><ele>1409.4000244140625</ele><time>2025-12-06T02:58:43.000Z</time><extensions/></trkpt><trkpt lat="35.47091175802052" lon="138.9284709468484"><ele>1411.4000244140625</ele><time>2025-12-06T02:58:54.000Z</time><extensions/></trkpt><trkpt lat="35.47086766920984" lon="138.92847312614322"><ele>1413.199951171875</ele><time>2025-12-06T02:59:04.000Z</time><extensions/></trkpt><trkpt lat="35.470823999494314" lon="138.92845309339464"><ele>1414.800048828125</ele><time>2025-12-06T02:59:13.000Z</time><extensions/></trkpt><trkpt lat="35.470810420811176" lon="138.9284580387175"><ele>1416.0</ele><time>2025-12-06T02:59:23.000Z</time><extensions/></trkpt><trkpt lat="35.470746383070946" lon="138.92845502123237"><ele>1416.800048828125</ele><time>2025-12-06T03:00:34.000Z</time><extensions/></trkpt><trkpt lat="35.47068192623556" lon="138.92844328656793"><ele>1418.4000244140625</ele><time>2025-12-06T03:00:46.000Z</time><extensions/></trkpt><trkpt lat="35.47060749493539" lon="138.92846005037427"><ele>1420.5999755859375</ele><time>2025-12-06T03:00:57.000Z</time><extensions/></trkpt><trkpt lat="35.470530884340405" lon="138.92845049500465"><ele>1422.800048828125</ele><time>2025-12-06T03:01:09.000Z</time><extensions/></trkpt><trkpt lat="35.470458464697" lon="138.92843565903604"><ele>1424.800048828125</ele><time>2025-12-06T03:01:21.000Z</time><extensions/></trkpt><trkpt lat="35.47040213830769" lon="138.92844513058662"><ele>1426.199951171875</ele><time>2025-12-06T03:01:30.000Z</time><extensions/></trkpt><trkpt lat="35.47035536728799" lon="138.92848016694188"><ele>1428.0</ele><time>2025-12-06T03:01:41.000Z</time><extensions/></trkpt><trkpt lat="35.47028789296746" lon="138.92846818082035"><ele>1429.0</ele><time>2025-12-06T03:01:51.000Z</time><extensions/></trkpt><trkpt lat="35.47021823935211" lon="138.9284762274474"><ele>1429.800048828125</ele><time>2025-12-06T03:02:01.000Z</time><extensions/></trkpt><trkpt lat="35.47012796625495" lon="138.92848745919764"><ele>1430.0</ele><time>2025-12-06T03:02:12.000Z</time><extensions/></trkpt><trkpt lat="35.470105335116386" lon="138.92849232070148"><ele>1430.0</ele><time>2025-12-06T03:02:23.000Z</time><extensions/></trkpt><trkpt lat="35.47009435482323" lon="138.92846373841166"><ele>1430.199951171875</ele><time>2025-12-06T03:02:28.000Z</time><extensions/></trkpt><trkpt lat="35.47012059018016" lon="138.92851344309747"><ele>1431.4000244140625</ele><time>2025-12-06T03:02:38.000Z</time><extensions/></trkpt><trkpt lat="35.47011874616146" lon="138.92850179225206"><ele>1432.800048828125</ele><time>2025-12-06T03:02:47.000Z</time><extensions/></trkpt><trkpt lat="35.470039285719395" lon="138.92843834124506"><ele>1432.800048828125</ele><time>2025-12-06T03:02:58.000Z</time><extensions/></trkpt><trkpt lat="35.46991397626698" lon="138.92835569567978"><ele>1431.800048828125</ele><time>2025-12-06T03:03:11.000Z</time><extensions/></trkpt><trkpt lat="35.469896625727415" lon="138.9283198211342"><ele>1431.5999755859375</ele><time>2025-12-06T03:03:14.000Z</time><extensions/></trkpt><trkpt lat="35.46986603178084" lon="138.9283028896898"><ele>1431.5999755859375</ele><time>2025-12-06T03:03:17.000Z</time><extensions/></trkpt><trkpt lat="35.46983191743493" lon="138.92828629352152"><ele>1431.5999755859375</ele><time>2025-12-06T03:03:20.000Z</time><extensions/></trkpt><trkpt lat="35.469823786988854" lon="138.92827279865742"><ele>1431.4000244140625</ele><time>2025-12-06T03:03:21.000Z</time><extensions/></trkpt><trkpt lat="35.4698006529361" lon="138.9282407797873"><ele>1431.4000244140625</ele><time>2025-12-06T03:03:24.000Z</time><extensions/></trkpt><trkpt lat="35.4697887506336" lon="138.92823675647378"><ele>1431.199951171875</ele><time>2025-12-06T03:03:25.000Z</time><extensions/></trkpt><trkpt lat="35.469775926321745" lon="138.9282325655222"><ele>1431.199951171875</ele><time>2025-12-06T03:03:26.000Z</time><extensions/></trkpt><trkpt lat="35.46976352110505" lon="138.9282302185893"><ele>1431.199951171875</ele><time>2025-12-06T03:03:27.000Z</time><extensions/></trkpt><trkpt lat="35.469751451164484" lon="138.9282275363803"><ele>1431.199951171875</ele><time>2025-12-06T03:03:28.000Z</time><extensions/></trkpt><trkpt lat="35.469662519171834" lon="138.92821152694523"><ele>1431.0</ele><time>2025-12-06T03:03:36.000Z</time><extensions/></trkpt><trkpt lat="35.46965413726866" lon="138.92820423468947"><ele>1431.0</ele><time>2025-12-06T03:03:37.000Z</time><extensions/></trkpt><trkpt lat="35.46963754110038" lon="138.92819015309215"><ele>1431.0</ele><time>2025-12-06T03:03:39.000Z</time><extensions/></trkpt><trkpt lat="35.46962857246399" lon="138.9281823579222"><ele>1431.0</ele><time>2025-12-06T03:03:40.000Z</time><extensions/></trkpt><trkpt lat="35.46956059522927" lon="138.92811429686844"><ele>1431.800048828125</ele><time>2025-12-06T03:03:48.000Z</time><extensions/></trkpt><trkpt lat="35.469550620764494" lon="138.92810289748013"><ele>1431.800048828125</ele><time>2025-12-06T03:03:49.000Z</time><extensions/></trkpt><trkpt lat="35.469543831422925" lon="138.92808948643506"><ele>1432.0</ele><time>2025-12-06T03:03:50.000Z</time><extensions/></trkpt><trkpt lat="35.46948054805398" lon="138.92803374677896"><ele>1432.4000244140625</ele><time>2025-12-06T03:03:57.000Z</time><extensions/></trkpt><trkpt lat="35.46947208233178" lon="138.92802477814257"><ele>1432.5999755859375</ele><time>2025-12-06T03:03:58.000Z</time><extensions/></trkpt><trkpt lat="35.46946445479989" lon="138.92801388166845"><ele>1432.5999755859375</ele><time>2025-12-06T03:03:59.000Z</time><extensions/></trkpt><trkpt lat="35.46941852197051" lon="138.92791715450585"><ele>1433.199951171875</ele><time>2025-12-06T03:04:07.000Z</time><extensions/></trkpt><trkpt lat="35.4694137442857" lon="138.92788513563573"><ele>1433.199951171875</ele><time>2025-12-06T03:04:09.000Z</time><extensions/></trkpt><trkpt lat="35.46934325248003" lon="138.92776711843908"><ele>1432.800048828125</ele><time>2025-12-06T03:04:18.000Z</time><extensions/></trkpt><trkpt lat="35.469280472025275" lon="138.92767458222806"><ele>1432.0</ele><time>2025-12-06T03:04:26.000Z</time><extensions/></trkpt><trkpt lat="35.46925398521125" lon="138.92764524556696"><ele>1431.0</ele><time>2025-12-06T03:04:30.000Z</time><extensions/></trkpt><trkpt lat="35.46924786642194" lon="138.92763225361705"><ele>1430.800048828125</ele><time>2025-12-06T03:04:31.000Z</time><extensions/></trkpt><trkpt lat="35.46917896717787" lon="138.92752278596163"><ele>1428.4000244140625</ele><time>2025-12-06T03:04:40.000Z</time><extensions/></trkpt><trkpt lat="35.46913789585233" lon="138.92742396332324"><ele>1426.0</ele><time>2025-12-06T03:04:49.000Z</time><extensions/></trkpt><trkpt lat="35.46910227276385" lon="138.92733025364578"><ele>1424.5999755859375</ele><time>2025-12-06T03:04:57.000Z</time><extensions/></trkpt><trkpt lat="35.469097746536136" lon="138.92730586230755"><ele>1424.4000244140625</ele><time>2025-12-06T03:04:59.000Z</time><extensions/></trkpt><trkpt lat="35.4690770432353" lon="138.92721709795296"><ele>1424.199951171875</ele><time>2025-12-06T03:05:07.000Z</time><extensions/></trkpt><trkpt lat="35.46905357390642" lon="138.92711559310555"><ele>1423.5999755859375</ele><time>2025-12-06T03:05:15.000Z</time><extensions/></trkpt><trkpt lat="35.46903102658689" lon="138.92706714570522"><ele>1423.0</ele><time>2025-12-06T03:05:19.000Z</time><extensions/></trkpt><trkpt lat="35.46901929192245" lon="138.92704795114696"><ele>1422.5999755859375</ele><time>2025-12-06T03:05:21.000Z</time><extensions/></trkpt><trkpt lat="35.46899825334549" lon="138.92699455842376"><ele>1422.4000244140625</ele><time>2025-12-06T03:05:25.000Z</time><extensions/></trkpt><trkpt lat="35.46899791806936" lon="138.92697687260807"><ele>1422.4000244140625</ele><time>2025-12-06T03:05:26.000Z</time><extensions/></trkpt><trkpt lat="35.46899481676519" lon="138.92696195282042"><ele>1422.199951171875</ele><time>2025-12-06T03:05:27.000Z</time><extensions/></trkpt><trkpt lat="35.46898769214749" lon="138.92695013433695"><ele>1422.199951171875</ele><time>2025-12-06T03:05:28.000Z</time><extensions/></trkpt><trkpt lat="35.46898165717721" lon="138.9269381482154"><ele>1422.199951171875</ele><time>2025-12-06T03:05:29.000Z</time><extensions/></trkpt><trkpt lat="35.468978555873036" lon="138.92692398279905"><ele>1422.199951171875</ele><time>2025-12-06T03:05:30.000Z</time><extensions/></trkpt><trkpt lat="35.468977466225624" lon="138.92691023647785"><ele>1422.199951171875</ele><time>2025-12-06T03:05:31.000Z</time><extensions/></trkpt><trkpt lat="35.46897679567337" lon="138.92689489759505"><ele>1422.0</ele><time>2025-12-06T03:05:32.000Z</time><extensions/></trkpt><trkpt lat="35.468961875885725" lon="138.926773192361"><ele>1421.5999755859375</ele><time>2025-12-06T03:05:40.000Z</time><extensions/></trkpt><trkpt lat="35.468923235312104" lon="138.92667319625616"><ele>1422.4000244140625</ele><time>2025-12-06T03:05:49.000Z</time><extensions/></trkpt><trkpt lat="35.46887545846403" lon="138.92660639248788"><ele>1423.5999755859375</ele><time>2025-12-06T03:05:57.000Z</time><extensions/></trkpt><trkpt lat="35.46881686896086" lon="138.92654394730926"><ele>1424.5999755859375</ele><time>2025-12-06T03:06:05.000Z</time><extensions/></trkpt><trkpt lat="35.468755681067705" lon="138.92648929730058"><ele>1424.800048828125</ele><time>2025-12-06T03:06:12.000Z</time><extensions/></trkpt><trkpt lat="35.46874629333615" lon="138.92648267559707"><ele>1425.0</ele><time>2025-12-06T03:06:13.000Z</time><extensions/></trkpt><trkpt lat="35.46873749233782" lon="138.92647345550358"><ele>1425.0</ele><time>2025-12-06T03:06:14.000Z</time><extensions/></trkpt><trkpt lat="35.468721985816956" lon="138.9264584518969"><ele>1425.199951171875</ele><time>2025-12-06T03:06:16.000Z</time><extensions/></trkpt><trkpt lat="35.46871209517121" lon="138.92645166255534"><ele>1425.4000244140625</ele><time>2025-12-06T03:06:17.000Z</time><extensions/></trkpt><trkpt lat="35.46870279125869" lon="138.92644646577537"><ele>1425.4000244140625</ele><time>2025-12-06T03:06:18.000Z</time><extensions/></trkpt><trkpt lat="35.468657948076725" lon="138.92641897313297"><ele>1425.5999755859375</ele><time>2025-12-06T03:06:23.000Z</time><extensions/></trkpt><trkpt lat="35.46861553564668" lon="138.92636918462813"><ele>1424.800048828125</ele><time>2025-12-06T03:06:31.000Z</time><extensions/></trkpt><trkpt lat="35.468635987490416" lon="138.92639466561377"><ele>1424.800048828125</ele><time>2025-12-06T03:06:36.000Z</time><extensions/></trkpt><trkpt lat="35.468676974996924" lon="138.92650463618338"><ele>1424.800048828125</ele><time>2025-12-06T03:06:48.000Z</time><extensions/></trkpt><trkpt lat="35.46867965720594" lon="138.9265047200024"><ele>1425.4000244140625</ele><time>2025-12-06T03:06:50.000Z</time><extensions/></trkpt><trkpt lat="35.46865778043866" lon="138.92646364867687"><ele>1425.199951171875</ele><time>2025-12-06T03:06:56.000Z</time><extensions/></trkpt><trkpt lat="35.46854428946972" lon="138.92644554376602"><ele>1425.0</ele><time>2025-12-06T03:07:07.000Z</time><extensions/></trkpt><trkpt lat="35.468449322506785" lon="138.92647144384682"><ele>1423.800048828125</ele><time>2025-12-06T03:07:15.000Z</time><extensions/></trkpt><trkpt lat="35.468367682769895" lon="138.92648158594966"><ele>1421.4000244140625</ele><time>2025-12-06T03:07:24.000Z</time><extensions/></trkpt><trkpt lat="35.468294844031334" lon="138.92647278495133"><ele>1418.199951171875</ele><time>2025-12-06T03:07:33.000Z</time><extensions/></trkpt><trkpt lat="35.46825989149511" lon="138.92647203058004"><ele>1415.800048828125</ele><time>2025-12-06T03:07:39.000Z</time><extensions/></trkpt><trkpt lat="35.468189399689436" lon="138.9264663308859"><ele>1412.800048828125</ele><time>2025-12-06T03:07:48.000Z</time><extensions/></trkpt><trkpt lat="35.46813307330012" lon="138.9264597930014"><ele>1409.800048828125</ele><time>2025-12-06T03:07:57.000Z</time><extensions/></trkpt><trkpt lat="35.46808797866106" lon="138.9264346472919"><ele>1406.5999755859375</ele><time>2025-12-06T03:08:06.000Z</time><extensions/></trkpt><trkpt lat="35.46806157566607" lon="138.9264385867864"><ele>1403.4000244140625</ele><time>2025-12-06T03:08:16.000Z</time><extensions/></trkpt><trkpt lat="35.468030478805304" lon="138.92643339000642"><ele>1402.800048828125</ele><time>2025-12-06T03:08:19.000Z</time><extensions/></trkpt><trkpt lat="35.4680029861629" lon="138.92644252628088"><ele>1402.199951171875</ele><time>2025-12-06T03:08:22.000Z</time><extensions/></trkpt><trkpt lat="35.46796392649412" lon="138.9264341443777"><ele>1400.800048828125</ele><time>2025-12-06T03:08:28.000Z</time><extensions/></trkpt><trkpt lat="35.46791539527476" lon="138.926440179348"><ele>1398.0</ele><time>2025-12-06T03:08:37.000Z</time><extensions/></trkpt><trkpt lat="35.467848340049386" lon="138.9264254271984"><ele>1394.800048828125</ele><time>2025-12-06T03:08:46.000Z</time><extensions/></trkpt><trkpt lat="35.46780358068645" lon="138.92642785795033"><ele>1392.0</ele><time>2025-12-06T03:08:54.000Z</time><extensions/></trkpt><trkpt lat="35.46774306334555" lon="138.9264407660812"><ele>1388.5999755859375</ele><time>2025-12-06T03:09:03.000Z</time><extensions/></trkpt><trkpt lat="35.467703165486455" lon="138.9264222420752"><ele>1385.4000244140625</ele><time>2025-12-06T03:09:12.000Z</time><extensions/></trkpt><trkpt lat="35.467633847147226" lon="138.92639935947955"><ele>1382.4000244140625</ele><time>2025-12-06T03:09:21.000Z</time><extensions/></trkpt><trkpt lat="35.46758548356593" lon="138.92638351768255"><ele>1379.0</ele><time>2025-12-06T03:09:30.000Z</time><extensions/></trkpt><trkpt lat="35.46757584437728" lon="138.92637957818806"><ele>1378.800048828125</ele><time>2025-12-06T03:09:31.000Z</time><extensions/></trkpt><trkpt lat="35.4675317555666" lon="138.92635837197304"><ele>1376.0</ele><time>2025-12-06T03:09:38.000Z</time><extensions/></trkpt><trkpt lat="35.4674902651459" lon="138.9263149537146"><ele>1372.800048828125</ele><time>2025-12-06T03:09:46.000Z</time><extensions/></trkpt><trkpt lat="35.467442739754915" lon="138.9263310469687"><ele>1369.5999755859375</ele><time>2025-12-06T03:09:55.000Z</time><extensions/></trkpt><trkpt lat="35.46741466037929" lon="138.92632911913097"><ele>1367.800048828125</ele><time>2025-12-06T03:10:02.000Z</time><extensions/></trkpt><trkpt lat="35.46737702563405" lon="138.92632828094065"><ele>1366.0</ele><time>2025-12-06T03:10:10.000Z</time><extensions/></trkpt><trkpt lat="35.467338720336556" lon="138.9263331424445"><ele>1363.5999755859375</ele><time>2025-12-06T03:10:20.000Z</time><extensions/></trkpt><trkpt lat="35.46729588881135" lon="138.9263601321727"><ele>1361.4000244140625</ele><time>2025-12-06T03:10:29.000Z</time><extensions/></trkpt><trkpt lat="35.46726169064641" lon="138.92637656070292"><ele>1359.199951171875</ele><time>2025-12-06T03:10:37.000Z</time><extensions/></trkpt><trkpt lat="35.46725397929549" lon="138.92638083547354"><ele>1356.4000244140625</ele><time>2025-12-06T03:10:46.000Z</time><extensions/></trkpt><trkpt lat="35.467192037031054" lon="138.9264076575637"><ele>1354.0</ele><time>2025-12-06T03:11:07.000Z</time><extensions/></trkpt><trkpt lat="35.467158844694495" lon="138.92642366699874"><ele>1352.0</ele><time>2025-12-06T03:11:22.000Z</time><extensions/></trkpt><trkpt lat="35.467141745612025" lon="138.9264523331076"><ele>1351.199951171875</ele><time>2025-12-06T03:11:25.000Z</time><extensions/></trkpt><trkpt lat="35.46712095849216" lon="138.92647949047387"><ele>1350.4000244140625</ele><time>2025-12-06T03:11:28.000Z</time><extensions/></trkpt><trkpt lat="35.46707259491086" lon="138.92648183740675"><ele>1348.4000244140625</ele><time>2025-12-06T03:11:35.000Z</time><extensions/></trkpt><trkpt lat="35.46702339313924" lon="138.92647253349423"><ele>1345.800048828125</ele><time>2025-12-06T03:11:43.000Z</time><extensions/></trkpt><trkpt lat="35.46697645448148" lon="138.92650715075433"><ele>1342.800048828125</ele><time>2025-12-06T03:11:51.000Z</time><extensions/></trkpt><trkpt lat="35.46691417694092" lon="138.9265136886388"><ele>1339.800048828125</ele><time>2025-12-06T03:11:59.000Z</time><extensions/></trkpt><trkpt lat="35.466860281303525" lon="138.92654495313764"><ele>1336.4000244140625</ele><time>2025-12-06T03:12:08.000Z</time><extensions/></trkpt><trkpt lat="35.46683572232723" lon="138.92656699754298"><ele>1335.5999755859375</ele><time>2025-12-06T03:12:11.000Z</time><extensions/></trkpt><trkpt lat="35.46682566404343" lon="138.926572361961"><ele>1335.199951171875</ele><time>2025-12-06T03:12:12.000Z</time><extensions/></trkpt><trkpt lat="35.466786436736584" lon="138.92657764256"><ele>1333.4000244140625</ele><time>2025-12-06T03:12:18.000Z</time><extensions/></trkpt><trkpt lat="35.4667079821229" lon="138.9266175404191"><ele>1331.199951171875</ele><time>2025-12-06T03:12:26.000Z</time><extensions/></trkpt><trkpt lat="35.46662835404277" lon="138.9266397524625"><ele>1329.5999755859375</ele><time>2025-12-06T03:12:33.000Z</time><extensions/></trkpt><trkpt lat="35.46661955304444" lon="138.92663405276835"><ele>1329.4000244140625</ele><time>2025-12-06T03:12:34.000Z</time><extensions/></trkpt><trkpt lat="35.46660882420838" lon="138.9266291912645"><ele>1329.199951171875</ele><time>2025-12-06T03:12:35.000Z</time><extensions/></trkpt><trkpt lat="35.46659616753459" lon="138.92662927508354"><ele>1329.199951171875</ele><time>2025-12-06T03:12:36.000Z</time><extensions/></trkpt><trkpt lat="35.46658216975629" lon="138.92663329839706"><ele>1329.0</ele><time>2025-12-06T03:12:37.000Z</time><extensions/></trkpt><trkpt lat="35.46656942926347" lon="138.92663799226284"><ele>1329.0</ele><time>2025-12-06T03:12:38.000Z</time><extensions/></trkpt><trkpt lat="35.46655744314194" lon="138.92664268612862"><ele>1328.800048828125</ele><time>2025-12-06T03:12:39.000Z</time><extensions/></trkpt><trkpt lat="35.46649927273393" lon="138.9266682509333"><ele>1328.4000244140625</ele><time>2025-12-06T03:12:46.000Z</time><extensions/></trkpt><trkpt lat="35.4664714448154" lon="138.9266904629767"><ele>1328.5999755859375</ele><time>2025-12-06T03:12:49.000Z</time><extensions/></trkpt><trkpt lat="35.46646096743643" lon="138.92669993452728"><ele>1328.5999755859375</ele><time>2025-12-06T03:12:50.000Z</time><extensions/></trkpt><trkpt lat="35.46644998714328" lon="138.92670705914497"><ele>1328.5999755859375</ele><time>2025-12-06T03:12:51.000Z</time><extensions/></trkpt><trkpt lat="35.46639818698168" lon="138.92675844021142"><ele>1328.5999755859375</ele><time>2025-12-06T03:12:57.000Z</time><extensions/></trkpt><trkpt lat="35.466365246102214" lon="138.9267771318555"><ele>1328.0</ele><time>2025-12-06T03:13:00.000Z</time><extensions/></trkpt><trkpt lat="35.46634303405881" lon="138.92678341828287"><ele>1327.5999755859375</ele><time>2025-12-06T03:13:02.000Z</time><extensions/></trkpt><trkpt lat="35.466331550851464" lon="138.92679045908153"><ele>1327.199951171875</ele><time>2025-12-06T03:13:03.000Z</time><extensions/></trkpt><trkpt lat="35.46631906181574" lon="138.92679481767118"><ele>1327.0</ele><time>2025-12-06T03:13:04.000Z</time><extensions/></trkpt><trkpt lat="35.46624077484012" lon="138.92681133002043"><ele>1325.199951171875</ele><time>2025-12-06T03:13:10.000Z</time><extensions/></trkpt><trkpt lat="35.46623004600406" lon="138.92680655233562"><ele>1325.0</ele><time>2025-12-06T03:13:11.000Z</time><extensions/></trkpt><trkpt lat="35.4661516752094" lon="138.92682272940874"><ele>1323.800048828125</ele><time>2025-12-06T03:13:19.000Z</time><extensions/></trkpt><trkpt lat="35.466145975515246" lon="138.9268249925226"><ele>1323.0</ele><time>2025-12-06T03:13:25.000Z</time><extensions/></trkpt><trkpt lat="35.46613306738436" lon="138.9268242381513"><ele>1322.800048828125</ele><time>2025-12-06T03:13:26.000Z</time><extensions/></trkpt><trkpt lat="35.46612066216767" lon="138.92682147212327"><ele>1322.800048828125</ele><time>2025-12-06T03:13:27.000Z</time><extensions/></trkpt><trkpt lat="35.466098953038454" lon="138.92681904137135"><ele>1322.5999755859375</ele><time>2025-12-06T03:13:29.000Z</time><extensions/></trkpt><trkpt lat="35.4660863801837" lon="138.9268183708191"><ele>1322.5999755859375</ele><time>2025-12-06T03:13:30.000Z</time><extensions/></trkpt><trkpt lat="35.46598479151726" lon="138.9268281776458"><ele>1321.800048828125</ele><time>2025-12-06T03:13:37.000Z</time><extensions/></trkpt><trkpt lat="35.46586317010224" lon="138.92687092535198"><ele>1319.800048828125</ele><time>2025-12-06T03:13:46.000Z</time><extensions/></trkpt><trkpt lat="35.46585151925683" lon="138.92687939107418"><ele>1319.5999755859375</ele><time>2025-12-06T03:13:47.000Z</time><extensions/></trkpt><trkpt lat="35.4658392816782" lon="138.92688115127385"><ele>1319.199951171875</ele><time>2025-12-06T03:13:48.000Z</time><extensions/></trkpt><trkpt lat="35.46582788228989" lon="138.92688098363578"><ele>1319.0</ele><time>2025-12-06T03:13:49.000Z</time><extensions/></trkpt><trkpt lat="35.46581438742578" lon="138.9268786367029"><ele>1318.5999755859375</ele><time>2025-12-06T03:13:50.000Z</time><extensions/></trkpt><trkpt lat="35.46579812653363" lon="138.92687318846583"><ele>1318.4000244140625</ele><time>2025-12-06T03:13:51.000Z</time><extensions/></trkpt><trkpt lat="35.46578295528889" lon="138.92686706967652"><ele>1318.199951171875</ele><time>2025-12-06T03:13:52.000Z</time><extensions/></trkpt><trkpt lat="35.46576878987253" lon="138.92686086706817"><ele>1318.0</ele><time>2025-12-06T03:13:53.000Z</time><extensions/></trkpt><trkpt lat="35.46565068885684" lon="138.9268141798675"><ele>1316.4000244140625</ele><time>2025-12-06T03:14:02.000Z</time><extensions/></trkpt><trkpt lat="35.46560198999941" lon="138.9267922192812"><ele>1316.4000244140625</ele><time>2025-12-06T03:14:06.000Z</time><extensions/></trkpt><trkpt lat="35.46559092588723" lon="138.92679154872894"><ele>1316.4000244140625</ele><time>2025-12-06T03:14:07.000Z</time><extensions/></trkpt><trkpt lat="35.46558019705117" lon="138.92678995616734"><ele>1316.4000244140625</ele><time>2025-12-06T03:14:08.000Z</time><extensions/></trkpt><trkpt lat="35.46556854620576" lon="138.92679054290056"><ele>1316.4000244140625</ele><time>2025-12-06T03:14:09.000Z</time><extensions/></trkpt><trkpt lat="35.465554632246494" lon="138.92679129727185"><ele>1316.5999755859375</ele><time>2025-12-06T03:14:10.000Z</time><extensions/></trkpt><trkpt lat="35.46554088592529" lon="138.92679029144347"><ele>1316.800048828125</ele><time>2025-12-06T03:14:11.000Z</time><extensions/></trkpt><trkpt lat="35.46552898362279" lon="138.92678702250123"><ele>1316.800048828125</ele><time>2025-12-06T03:14:12.000Z</time><extensions/></trkpt><trkpt lat="35.46551666222513" lon="138.92678425647318"><ele>1317.0</ele><time>2025-12-06T03:14:13.000Z</time><extensions/></trkpt><trkpt lat="35.46541658230126" lon="138.92677461728454"><ele>1318.0</ele><time>2025-12-06T03:14:22.000Z</time><extensions/></trkpt><trkpt lat="35.46534365974367" lon="138.92674846574664"><ele>1318.800048828125</ele><time>2025-12-06T03:14:30.000Z</time><extensions/></trkpt><trkpt lat="35.465335780754685" lon="138.9267417602241"><ele>1318.800048828125</ele><time>2025-12-06T03:14:31.000Z</time><extensions/></trkpt><trkpt lat="35.46532865613699" lon="138.9267330430448"><ele>1319.0</ele><time>2025-12-06T03:14:32.000Z</time><extensions/></trkpt><trkpt lat="35.46532119624317" lon="138.92672332003713"><ele>1319.0</ele><time>2025-12-06T03:14:33.000Z</time><extensions/></trkpt><trkpt lat="35.46531465835869" lon="138.9267131779343"><ele>1319.0</ele><time>2025-12-06T03:14:34.000Z</time><extensions/></trkpt><trkpt lat="35.46530677936971" lon="138.92670219764113"><ele>1319.0</ele><time>2025-12-06T03:14:35.000Z</time><extensions/></trkpt><trkpt lat="35.46527945436537" lon="138.9266706816852"><ele>1318.5999755859375</ele><time>2025-12-06T03:14:43.000Z</time><extensions/></trkpt><trkpt lat="35.46527534723282" lon="138.92666338942945"><ele>1318.5999755859375</ele><time>2025-12-06T03:14:47.000Z</time><extensions/></trkpt><trkpt lat="35.46521918848157" lon="138.92659918405116"><ele>1318.199951171875</ele><time>2025-12-06T03:14:54.000Z</time><extensions/></trkpt><trkpt lat="35.46521239914" lon="138.92658619210124"><ele>1318.199951171875</ele><time>2025-12-06T03:14:55.000Z</time><extensions/></trkpt><trkpt lat="35.46520493924618" lon="138.9265739545226"><ele>1318.199951171875</ele><time>2025-12-06T03:14:56.000Z</time><extensions/></trkpt><trkpt lat="35.465124724432826" lon="138.9265421871096"><ele>1318.199951171875</ele><time>2025-12-06T03:15:04.000Z</time><extensions/></trkpt><trkpt lat="35.46505616046488" lon="138.92652181908488"><ele>1318.800048828125</ele><time>2025-12-06T03:15:15.000Z</time><extensions/></trkpt><trkpt lat="35.46495733782649" lon="138.92649742774665"><ele>1320.0</ele><time>2025-12-06T03:15:26.000Z</time><extensions/></trkpt><trkpt lat="35.464886678382754" lon="138.92647127620876"><ele>1322.199951171875</ele><time>2025-12-06T03:15:37.000Z</time><extensions/></trkpt><trkpt lat="35.46479229815304" lon="138.92647915519774"><ele>1325.199951171875</ele><time>2025-12-06T03:15:49.000Z</time><extensions/></trkpt><trkpt lat="35.464750891551375" lon="138.92651041969657"><ele>1326.0</ele><time>2025-12-06T03:15:53.000Z</time><extensions/></trkpt><trkpt lat="35.46474074944854" lon="138.92652098089457"><ele>1326.199951171875</ele><time>2025-12-06T03:15:54.000Z</time><extensions/></trkpt><trkpt lat="35.46473027206957" lon="138.9265297818929"><ele>1326.199951171875</ele><time>2025-12-06T03:15:55.000Z</time><extensions/></trkpt><trkpt lat="35.46471736393869" lon="138.92653539776802"><ele>1326.199951171875</ele><time>2025-12-06T03:15:56.000Z</time><extensions/></trkpt><trkpt lat="35.46467444859445" lon="138.92654285766184"><ele>1326.4000244140625</ele><time>2025-12-06T03:16:00.000Z</time><extensions/></trkpt><trkpt lat="35.46465206891298" lon="138.92654637806118"><ele>1326.4000244140625</ele><time>2025-12-06T03:16:02.000Z</time><extensions/></trkpt><trkpt lat="35.464578391984105" lon="138.92657982185483"><ele>1326.800048828125</ele><time>2025-12-06T03:16:09.000Z</time><extensions/></trkpt><trkpt lat="35.46452776528895" lon="138.92659046687186"><ele>1327.5999755859375</ele><time>2025-12-06T03:16:15.000Z</time><extensions/></trkpt><trkpt lat="35.46446917578578" lon="138.92661536112428"><ele>1328.800048828125</ele><time>2025-12-06T03:16:23.000Z</time><extensions/></trkpt><trkpt lat="35.46443548053503" lon="138.9266450330615"><ele>1329.5999755859375</ele><time>2025-12-06T03:16:27.000Z</time><extensions/></trkpt><trkpt lat="35.46442433260381" lon="138.92664972692728"><ele>1329.5999755859375</ele><time>2025-12-06T03:16:28.000Z</time><extensions/></trkpt><trkpt lat="35.46441217884421" lon="138.92665182240307"><ele>1329.800048828125</ele><time>2025-12-06T03:16:29.000Z</time><extensions/></trkpt><trkpt lat="35.464400947093964" lon="138.92664914019406"><ele>1330.0</ele><time>2025-12-06T03:16:30.000Z</time><extensions/></trkpt><trkpt lat="35.46431687660515" lon="138.92666925676167"><ele>1330.5999755859375</ele><time>2025-12-06T03:16:38.000Z</time><extensions/></trkpt><trkpt lat="35.46426138840616" lon="138.92667663283646"><ele>1331.0</ele><time>2025-12-06T03:16:43.000Z</time><extensions/></trkpt><trkpt lat="35.46418134123087" lon="138.92669264227152"><ele>1331.4000244140625</ele><time>2025-12-06T03:16:52.000Z</time><extensions/></trkpt><trkpt lat="35.464095175266266" lon="138.92670538276434"><ele>1332.4000244140625</ele><time>2025-12-06T03:17:03.000Z</time><extensions/></trkpt><trkpt lat="35.46400297433138" lon="138.92672223038971"><ele>1334.800048828125</ele><time>2025-12-06T03:17:15.000Z</time><extensions/></trkpt><trkpt lat="35.4639792535454" lon="138.9267491362989"><ele>1336.4000244140625</ele><time>2025-12-06T03:17:24.000Z</time><extensions/></trkpt><trkpt lat="35.46394698321819" lon="138.92672625370324"><ele>1337.5999755859375</ele><time>2025-12-06T03:17:31.000Z</time><extensions/></trkpt><trkpt lat="35.46393105760217" lon="138.9267184585333"><ele>1339.4000244140625</ele><time>2025-12-06T03:17:44.000Z</time><extensions/></trkpt><trkpt lat="35.46389057300985" lon="138.926749387756"><ele>1340.0</ele><time>2025-12-06T03:18:26.000Z</time><extensions/></trkpt><trkpt lat="35.463841957971454" lon="138.92674192786217"><ele>1341.4000244140625</ele><time>2025-12-06T03:18:34.000Z</time><extensions/></trkpt><trkpt lat="35.46379426494241" lon="138.92670353874564"><ele>1344.199951171875</ele><time>2025-12-06T03:18:44.000Z</time><extensions/></trkpt><trkpt lat="35.46374246478081" lon="138.92671862617135"><ele>1346.4000244140625</ele><time>2025-12-06T03:18:53.000Z</time><extensions/></trkpt><trkpt lat="35.463690580800176" lon="138.92670756205916"><ele>1348.4000244140625</ele><time>2025-12-06T03:19:03.000Z</time><extensions/></trkpt><trkpt lat="35.46362084336579" lon="138.92672524787486"><ele>1350.4000244140625</ele><time>2025-12-06T03:19:14.000Z</time><extensions/></trkpt><trkpt lat="35.46356962993741" lon="138.92670404165983"><ele>1352.4000244140625</ele><time>2025-12-06T03:19:25.000Z</time><extensions/></trkpt><trkpt lat="35.46351925469935" lon="138.92673547379673"><ele>1353.199951171875</ele><time>2025-12-06T03:19:52.000Z</time><extensions/></trkpt><trkpt lat="35.46345228329301" lon="138.9268046244979"><ele>1355.0</ele><time>2025-12-06T03:20:03.000Z</time><extensions/></trkpt><trkpt lat="35.46338941901922" lon="138.92682918347418"><ele>1357.199951171875</ele><time>2025-12-06T03:20:13.000Z</time><extensions/></trkpt><trkpt lat="35.46335253864527" lon="138.92688626423478"><ele>1359.800048828125</ele><time>2025-12-06T03:20:24.000Z</time><extensions/></trkpt><trkpt lat="35.463292859494686" lon="138.92691291868687"><ele>1362.199951171875</ele><time>2025-12-06T03:20:34.000Z</time><extensions/></trkpt><trkpt lat="35.46321339905262" lon="138.92697662115097"><ele>1364.5999755859375</ele><time>2025-12-06T03:20:45.000Z</time><extensions/></trkpt><trkpt lat="35.4631763510406" lon="138.92701853066683"><ele>1365.199951171875</ele><time>2025-12-06T03:20:50.000Z</time><extensions/></trkpt><trkpt lat="35.46316612511873" lon="138.92702775076032"><ele>1365.4000244140625</ele><time>2025-12-06T03:20:51.000Z</time><extensions/></trkpt><trkpt lat="35.46315883286297" lon="138.927034875378"><ele>1365.4000244140625</ele><time>2025-12-06T03:20:52.000Z</time><extensions/></trkpt><trkpt lat="35.463152127340436" lon="138.92704426310956"><ele>1365.5999755859375</ele><time>2025-12-06T03:20:53.000Z</time><extensions/></trkpt><trkpt lat="35.46310057863593" lon="138.927090363577"><ele>1366.4000244140625</ele><time>2025-12-06T03:21:00.000Z</time><extensions/></trkpt><trkpt lat="35.463065123185515" lon="138.92709991894662"><ele>1366.800048828125</ele><time>2025-12-06T03:21:04.000Z</time><extensions/></trkpt><trkpt lat="35.46299396082759" lon="138.92713193781674"><ele>1367.800048828125</ele><time>2025-12-06T03:21:12.000Z</time><extensions/></trkpt><trkpt lat="35.46292128972709" lon="138.9271410740912"><ele>1368.199951171875</ele><time>2025-12-06T03:21:19.000Z</time><extensions/></trkpt><trkpt lat="35.46285624615848" lon="138.92716923728585"><ele>1368.4000244140625</ele><time>2025-12-06T03:21:25.000Z</time><extensions/></trkpt><trkpt lat="35.462790029123425" lon="138.92718323506415"><ele>1368.800048828125</ele><time>2025-12-06T03:21:32.000Z</time><extensions/></trkpt><trkpt lat="35.462741330266" lon="138.92721776850522"><ele>1369.5999755859375</ele><time>2025-12-06T03:21:40.000Z</time><extensions/></trkpt><trkpt lat="35.46267184428871" lon="138.92719698138535"><ele>1371.5999755859375</ele><time>2025-12-06T03:21:49.000Z</time><extensions/></trkpt><trkpt lat="35.462639071047306" lon="138.9272024296224"><ele>1373.5999755859375</ele><time>2025-12-06T03:21:59.000Z</time><extensions/></trkpt><trkpt lat="35.46257704496384" lon="138.9272283297032"><ele>1374.800048828125</ele><time>2025-12-06T03:22:11.000Z</time><extensions/></trkpt><trkpt lat="35.46250236220658" lon="138.92724157311022"><ele>1377.0</ele><time>2025-12-06T03:22:23.000Z</time><extensions/></trkpt><trkpt lat="35.462432373315096" lon="138.92722464166582"><ele>1379.199951171875</ele><time>2025-12-06T03:22:33.000Z</time><extensions/></trkpt><trkpt lat="35.46232793480158" lon="138.9272375497967"><ele>1380.800048828125</ele><time>2025-12-06T03:22:44.000Z</time><extensions/></trkpt><trkpt lat="35.46230245381594" lon="138.92722095362842"><ele>1382.199951171875</ele><time>2025-12-06T03:22:50.000Z</time><extensions/></trkpt><trkpt lat="35.46224478632212" lon="138.92725967802107"><ele>1381.800048828125</ele><time>2025-12-06T03:23:00.000Z</time><extensions/></trkpt><trkpt lat="35.46219407580793" lon="138.92729706130922"><ele>1381.199951171875</ele><time>2025-12-06T03:23:06.000Z</time><extensions/></trkpt><trkpt lat="35.46215845271945" lon="138.92732145264745"><ele>1381.4000244140625</ele><time>2025-12-06T03:23:10.000Z</time><extensions/></trkpt><trkpt lat="35.46208921819925" lon="138.92734928056598"><ele>1382.800048828125</ele><time>2025-12-06T03:23:18.000Z</time><extensions/></trkpt><trkpt lat="35.46203155070543" lon="138.9273823890835"><ele>1383.800048828125</ele><time>2025-12-06T03:23:25.000Z</time><extensions/></trkpt><trkpt lat="35.46197044663131" lon="138.92740652896464"><ele>1384.4000244140625</ele><time>2025-12-06T03:23:31.000Z</time><extensions/></trkpt><trkpt lat="35.46196105889976" lon="138.9274167548865"><ele>1384.5999755859375</ele><time>2025-12-06T03:23:32.000Z</time><extensions/></trkpt><trkpt lat="35.46195141971111" lon="138.92742471769452"><ele>1384.5999755859375</ele><time>2025-12-06T03:23:33.000Z</time><extensions/></trkpt><trkpt lat="35.461939265951514" lon="138.92743108794093"><ele>1384.800048828125</ele><time>2025-12-06T03:23:34.000Z</time><extensions/></trkpt><trkpt lat="35.46192619018257" lon="138.92743779346347"><ele>1384.800048828125</ele><time>2025-12-06T03:23:35.000Z</time><extensions/></trkpt><trkpt lat="35.46183214522898" lon="138.927460340783"><ele>1385.4000244140625</ele><time>2025-12-06T03:23:43.000Z</time><extensions/></trkpt><trkpt lat="35.4617415368557" lon="138.92750359140337"><ele>1386.0</ele><time>2025-12-06T03:23:51.000Z</time><extensions/></trkpt><trkpt lat="35.46172955073416" lon="138.92750384286046"><ele>1386.0</ele><time>2025-12-06T03:23:52.000Z</time><extensions/></trkpt><trkpt lat="35.46163324266672" lon="138.9275293238461"><ele>1386.0</ele><time>2025-12-06T03:24:00.000Z</time><extensions/></trkpt><trkpt lat="35.46160398982465" lon="138.92754659056664"><ele>1386.199951171875</ele><time>2025-12-06T03:24:08.000Z</time><extensions/></trkpt><trkpt lat="35.46159359626472" lon="138.92755103297532"><ele>1386.4000244140625</ele><time>2025-12-06T03:24:09.000Z</time><extensions/></trkpt><trkpt lat="35.46158135868609" lon="138.92755346372724"><ele>1386.4000244140625</ele><time>2025-12-06T03:24:10.000Z</time><extensions/></trkpt><trkpt lat="35.46156928874552" lon="138.92755723558366"><ele>1386.4000244140625</ele><time>2025-12-06T03:24:11.000Z</time><extensions/></trkpt><trkpt lat="35.46150575391948" lon="138.92758766189218"><ele>1386.5999755859375</ele><time>2025-12-06T03:24:17.000Z</time><extensions/></trkpt><trkpt lat="35.46149401925504" lon="138.92758917063475"><ele>1386.5999755859375</ele><time>2025-12-06T03:24:18.000Z</time><extensions/></trkpt><trkpt lat="35.46142662875354" lon="138.92762504518032"><ele>1386.800048828125</ele><time>2025-12-06T03:24:24.000Z</time><extensions/></trkpt><trkpt lat="35.46141573227942" lon="138.92762613482773"><ele>1387.0</ele><time>2025-12-06T03:24:25.000Z</time><extensions/></trkpt><trkpt lat="35.46134046278894" lon="138.9276466704905"><ele>1387.5999755859375</ele><time>2025-12-06T03:24:33.000Z</time><extensions/></trkpt><trkpt lat="35.46131104230881" lon="138.92766376957297"><ele>1388.0</ele><time>2025-12-06T03:24:41.000Z</time><extensions/></trkpt><trkpt lat="35.46129905618727" lon="138.92766787670553"><ele>1388.199951171875</ele><time>2025-12-06T03:24:42.000Z</time><extensions/></trkpt><trkpt lat="35.461286483332515" lon="138.92767273820937"><ele>1388.199951171875</ele><time>2025-12-06T03:24:43.000Z</time><extensions/></trkpt><trkpt lat="35.46126628294587" lon="138.92768673598766"><ele>1388.4000244140625</ele><time>2025-12-06T03:24:45.000Z</time><extensions/></trkpt><trkpt lat="35.4612544644624" lon="138.92769427970052"><ele>1388.4000244140625</ele><time>2025-12-06T03:24:46.000Z</time><extensions/></trkpt><trkpt lat="35.461241975426674" lon="138.92769863829017"><ele>1388.5999755859375</ele><time>2025-12-06T03:24:47.000Z</time><extensions/></trkpt><trkpt lat="35.461230240762234" lon="138.92770157195628"><ele>1388.5999755859375</ele><time>2025-12-06T03:24:48.000Z</time><extensions/></trkpt><trkpt lat="35.46121875755489" lon="138.9277050923556"><ele>1388.5999755859375</ele><time>2025-12-06T03:24:49.000Z</time><extensions/></trkpt><trkpt lat="35.46112513169646" lon="138.9277497678995"><ele>1389.4000244140625</ele><time>2025-12-06T03:24:58.000Z</time><extensions/></trkpt><trkpt lat="35.461079366505146" lon="138.92780056223273"><ele>1390.0</ele><time>2025-12-06T03:25:06.000Z</time><extensions/></trkpt><trkpt lat="35.46106989495456" lon="138.92780634574592"><ele>1389.5999755859375</ele><time>2025-12-06T03:25:18.000Z</time><extensions/></trkpt><trkpt lat="35.46104919165373" lon="138.92779427580535"><ele>1389.5999755859375</ele><time>2025-12-06T03:25:26.000Z</time><extensions/></trkpt><trkpt lat="35.4610454197973" lon="138.92778949812055"><ele>1389.5999755859375</ele><time>2025-12-06T03:25:28.000Z</time><extensions/></trkpt><trkpt lat="35.4610369540751" lon="138.9277809485793"><ele>1389.800048828125</ele><time>2025-12-06T03:25:29.000Z</time><extensions/></trkpt><trkpt lat="35.46102714724839" lon="138.92777357250452"><ele>1389.800048828125</ele><time>2025-12-06T03:25:30.000Z</time><extensions/></trkpt><trkpt lat="35.461016250774264" lon="138.92776493914425"><ele>1390.0</ele><time>2025-12-06T03:25:31.000Z</time><extensions/></trkpt><trkpt lat="35.46100493520498" lon="138.92775806598365"><ele>1390.0</ele><time>2025-12-06T03:25:32.000Z</time><extensions/></trkpt><trkpt lat="35.46090896241367" lon="138.92772504128516"><ele>1389.5999755859375</ele><time>2025-12-06T03:25:40.000Z</time><extensions/></trkpt><trkpt lat="35.460785580798984" lon="138.92768933437765"><ele>1388.0</ele><time>2025-12-06T03:25:49.000Z</time><extensions/></trkpt><trkpt lat="35.46077359467745" lon="138.927690256387"><ele>1387.800048828125</ele><time>2025-12-06T03:25:50.000Z</time><extensions/></trkpt><trkpt lat="35.46076009981334" lon="138.9276945311576"><ele>1387.800048828125</ele><time>2025-12-06T03:25:51.000Z</time><extensions/></trkpt><trkpt lat="35.46074626967311" lon="138.92770207487047"><ele>1387.5999755859375</ele><time>2025-12-06T03:25:52.000Z</time><extensions/></trkpt><trkpt lat="35.460732858628035" lon="138.92770936712623"><ele>1387.5999755859375</ele><time>2025-12-06T03:25:53.000Z</time><extensions/></trkpt><trkpt lat="35.460719196125865" lon="138.92771389335394"><ele>1387.5999755859375</ele><time>2025-12-06T03:25:54.000Z</time><extensions/></trkpt><trkpt lat="35.46070612035692" lon="138.92771448008716"><ele>1387.4000244140625</ele><time>2025-12-06T03:25:55.000Z</time><extensions/></trkpt><trkpt lat="35.46069446951151" lon="138.92771188169718"><ele>1387.4000244140625</ele><time>2025-12-06T03:25:56.000Z</time><extensions/></trkpt><trkpt lat="35.460683573037386" lon="138.92770777456462"><ele>1387.4000244140625</ele><time>2025-12-06T03:25:57.000Z</time><extensions/></trkpt><trkpt lat="35.46067309565842" lon="138.92770098522305"><ele>1387.4000244140625</ele><time>2025-12-06T03:25:58.000Z</time><extensions/></trkpt><trkpt lat="35.46066228300333" lon="138.92769511789083"><ele>1387.4000244140625</ele><time>2025-12-06T03:25:59.000Z</time><extensions/></trkpt><trkpt lat="35.46065155416727" lon="138.92768992111087"><ele>1387.4000244140625</ele><time>2025-12-06T03:26:00.000Z</time><extensions/></trkpt><trkpt lat="35.46064032241702" lon="138.92768556252122"><ele>1387.4000244140625</ele><time>2025-12-06T03:26:01.000Z</time><extensions/></trkpt><trkpt lat="35.46055432409048" lon="138.92765823751688"><ele>1388.5999755859375</ele><time>2025-12-06T03:26:09.000Z</time><extensions/></trkpt><trkpt lat="35.460542840883136" lon="138.92765739932656"><ele>1388.800048828125</ele><time>2025-12-06T03:26:10.000Z</time><extensions/></trkpt><trkpt lat="35.460531022399664" lon="138.92765798605978"><ele>1389.0</ele><time>2025-12-06T03:26:11.000Z</time><extensions/></trkpt><trkpt lat="35.4605189524591" lon="138.92766125500202"><ele>1389.199951171875</ele><time>2025-12-06T03:26:12.000Z</time><extensions/></trkpt><trkpt lat="35.4605067986995" lon="138.92766234464943"><ele>1389.4000244140625</ele><time>2025-12-06T03:26:13.000Z</time><extensions/></trkpt><trkpt lat="35.46049665659666" lon="138.92765664495528"><ele>1389.5999755859375</ele><time>2025-12-06T03:26:14.000Z</time><extensions/></trkpt><trkpt lat="35.46043354086578" lon="138.9275969658047"><ele>1391.0</ele><time>2025-12-06T03:26:22.000Z</time><extensions/></trkpt><trkpt lat="35.46037344262004" lon="138.92755463719368"><ele>1392.199951171875</ele><time>2025-12-06T03:26:28.000Z</time><extensions/></trkpt><trkpt lat="35.460361456498504" lon="138.92755346372724"><ele>1392.199951171875</ele><time>2025-12-06T03:26:29.000Z</time><extensions/></trkpt><trkpt lat="35.46034846454859" lon="138.92755396664143"><ele>1392.4000244140625</ele><time>2025-12-06T03:26:30.000Z</time><extensions/></trkpt><trkpt lat="35.46033589169383" lon="138.9275568164885"><ele>1392.5999755859375</ele><time>2025-12-06T03:26:31.000Z</time><extensions/></trkpt><trkpt lat="35.460324827581644" lon="138.9275559782982"><ele>1392.5999755859375</ele><time>2025-12-06T03:26:32.000Z</time><extensions/></trkpt><trkpt lat="35.46031284146011" lon="138.9275517873466"><ele>1392.5999755859375</ele><time>2025-12-06T03:26:33.000Z</time><extensions/></trkpt><trkpt lat="35.460270261392" lon="138.92753946594894"><ele>1392.5999755859375</ele><time>2025-12-06T03:26:37.000Z</time><extensions/></trkpt><trkpt lat="35.460261879488826" lon="138.92753158695996"><ele>1392.5999755859375</ele><time>2025-12-06T03:26:38.000Z</time><extensions/></trkpt><trkpt lat="35.46025374904275" lon="138.9275240432471"><ele>1392.4000244140625</ele><time>2025-12-06T03:26:39.000Z</time><extensions/></trkpt><trkpt lat="35.46017604880035" lon="138.927478864789"><ele>1391.4000244140625</ele><time>2025-12-06T03:26:46.000Z</time><extensions/></trkpt><trkpt lat="35.46016255393624" lon="138.92747609876096"><ele>1391.199951171875</ele><time>2025-12-06T03:26:47.000Z</time><extensions/></trkpt><trkpt lat="35.46015006490052" lon="138.9274722430855"><ele>1390.800048828125</ele><time>2025-12-06T03:26:48.000Z</time><extensions/></trkpt><trkpt lat="35.460138665512204" lon="138.92747056670487"><ele>1390.4000244140625</ele><time>2025-12-06T03:26:49.000Z</time><extensions/></trkpt><trkpt lat="35.460127433761954" lon="138.92746863886714"><ele>1390.199951171875</ele><time>2025-12-06T03:26:50.000Z</time><extensions/></trkpt><trkpt lat="35.460115699097514" lon="138.927465621382"><ele>1390.0</ele><time>2025-12-06T03:26:51.000Z</time><extensions/></trkpt><trkpt lat="35.46001243405044" lon="138.92744005657732"><ele>1388.0</ele><time>2025-12-06T03:26:59.000Z</time><extensions/></trkpt><trkpt lat="35.46000262722373" lon="138.9274452533573"><ele>1387.800048828125</ele><time>2025-12-06T03:27:00.000Z</time><extensions/></trkpt><trkpt lat="35.45995082706213" lon="138.92741926945746"><ele>1386.5999755859375</ele><time>2025-12-06T03:27:06.000Z</time><extensions/></trkpt><trkpt lat="35.45993749983609" lon="138.92741424031556"><ele>1386.4000244140625</ele><time>2025-12-06T03:27:07.000Z</time><extensions/></trkpt><trkpt lat="35.45992383733392" lon="138.9274087920785"><ele>1386.199951171875</ele><time>2025-12-06T03:27:08.000Z</time><extensions/></trkpt><trkpt lat="35.45990891754627" lon="138.92740258947015"><ele>1385.800048828125</ele><time>2025-12-06T03:27:09.000Z</time><extensions/></trkpt><trkpt lat="35.45989416539669" lon="138.92739655449986"><ele>1385.5999755859375</ele><time>2025-12-06T03:27:10.000Z</time><extensions/></trkpt><trkpt lat="35.459784446284175" lon="138.92736604437232"><ele>1383.0</ele><time>2025-12-06T03:27:18.000Z</time><extensions/></trkpt><trkpt lat="35.45973197557032" lon="138.9273287449032"><ele>1381.800048828125</ele><time>2025-12-06T03:27:23.000Z</time><extensions/></trkpt><trkpt lat="35.45971789397299" lon="138.9273205306381"><ele>1381.5999755859375</ele><time>2025-12-06T03:27:24.000Z</time><extensions/></trkpt><trkpt lat="35.45970699749887" lon="138.92731223255396"><ele>1381.5999755859375</ele><time>2025-12-06T03:27:25.000Z</time><extensions/></trkpt><trkpt lat="35.459597362205386" lon="138.9272523857653"><ele>1380.199951171875</ele><time>2025-12-06T03:27:35.000Z</time><extensions/></trkpt><trkpt lat="35.45950708910823" lon="138.92720092087984"><ele>1380.4000244140625</ele><time>2025-12-06T03:27:43.000Z</time><extensions/></trkpt><trkpt lat="35.45946073718369" lon="138.92715808935463"><ele>1381.4000244140625</ele><time>2025-12-06T03:27:51.000Z</time><extensions/></trkpt><trkpt lat="35.459443051368" lon="138.92712456174195"><ele>1383.199951171875</ele><time>2025-12-06T03:28:01.000Z</time><extensions/></trkpt><trkpt lat="35.45941203832626" lon="138.92708097584546"><ele>1384.0</ele><time>2025-12-06T03:28:07.000Z</time><extensions/></trkpt><trkpt lat="35.45937289483845" lon="138.92702498473227"><ele>1384.800048828125</ele><time>2025-12-06T03:28:16.000Z</time><extensions/></trkpt><trkpt lat="35.45931966975331" lon="138.92695985734463"><ele>1384.800048828125</ele><time>2025-12-06T03:28:27.000Z</time><extensions/></trkpt><trkpt lat="35.459321262314916" lon="138.92691945657134"><ele>1388.0</ele><time>2025-12-06T03:28:33.000Z</time><extensions/></trkpt><trkpt lat="35.45931455679238" lon="138.92690688371658"><ele>1389.5999755859375</ele><time>2025-12-06T03:28:36.000Z</time><extensions/></trkpt><trkpt lat="35.45927952043712" lon="138.9268807321787"><ele>1390.199951171875</ele><time>2025-12-06T03:28:45.000Z</time><extensions/></trkpt><trkpt lat="35.459244986996055" lon="138.92683438025415"><ele>1392.199951171875</ele><time>2025-12-06T03:28:56.000Z</time><extensions/></trkpt><trkpt lat="35.45922336168587" lon="138.92677595838904"><ele>1393.5999755859375</ele><time>2025-12-06T03:29:04.000Z</time><extensions/></trkpt><trkpt lat="35.459206346422434" lon="138.9267200510949"><ele>1395.4000244140625</ele><time>2025-12-06T03:29:13.000Z</time><extensions/></trkpt><trkpt lat="35.45920089818537" lon="138.9266521576792"><ele>1397.199951171875</ele><time>2025-12-06T03:29:23.000Z</time><extensions/></trkpt><trkpt lat="35.459192767739296" lon="138.9265474677086"><ele>1399.800048828125</ele><time>2025-12-06T03:29:36.000Z</time><extensions/></trkpt><trkpt lat="35.45919452793896" lon="138.92647513188422"><ele>1401.4000244140625</ele><time>2025-12-06T03:29:42.000Z</time><extensions/></trkpt><trkpt lat="35.45919838361442" lon="138.92645954154432"><ele>1401.5999755859375</ele><time>2025-12-06T03:29:43.000Z</time><extensions/></trkpt><trkpt lat="35.45921548269689" lon="138.9263960905373"><ele>1402.199951171875</ele><time>2025-12-06T03:29:49.000Z</time><extensions/></trkpt><trkpt lat="35.459223529323936" lon="138.9263339806348"><ele>1402.800048828125</ele><time>2025-12-06T03:29:56.000Z</time><extensions/></trkpt><trkpt lat="35.45920751988888" lon="138.92628469504416"><ele>1403.4000244140625</ele><time>2025-12-06T03:30:04.000Z</time><extensions/></trkpt><trkpt lat="35.45920819044113" lon="138.92627832479775"><ele>1404.0</ele><time>2025-12-06T03:30:19.000Z</time><extensions/></trkpt><trkpt lat="35.45920215547085" lon="138.9262670930475"><ele>1404.0</ele><time>2025-12-06T03:30:20.000Z</time><extensions/></trkpt><trkpt lat="35.4591959528625" lon="138.9262560289353"><ele>1403.800048828125</ele><time>2025-12-06T03:30:21.000Z</time><extensions/></trkpt><trkpt lat="35.45919117517769" lon="138.9262443780899"><ele>1403.800048828125</ele><time>2025-12-06T03:30:22.000Z</time><extensions/></trkpt><trkpt lat="35.45918614603579" lon="138.92623172141612"><ele>1403.5999755859375</ele><time>2025-12-06T03:30:23.000Z</time><extensions/></trkpt><trkpt lat="35.45917977578938" lon="138.92621914856136"><ele>1403.5999755859375</ele><time>2025-12-06T03:30:24.000Z</time><extensions/></trkpt><trkpt lat="35.4591615870595" lon="138.92615058459342"><ele>1403.0</ele><time>2025-12-06T03:30:30.000Z</time><extensions/></trkpt><trkpt lat="35.45915429480374" lon="138.9261412806809"><ele>1402.800048828125</ele><time>2025-12-06T03:30:31.000Z</time><extensions/></trkpt><trkpt lat="35.459102829918265" lon="138.92610674723983"><ele>1402.199951171875</ele><time>2025-12-06T03:30:37.000Z</time><extensions/></trkpt><trkpt lat="35.45909813605249" lon="138.92609534785151"><ele>1402.0</ele><time>2025-12-06T03:30:38.000Z</time><extensions/></trkpt><trkpt lat="35.45909134671092" lon="138.92608252353966"><ele>1402.0</ele><time>2025-12-06T03:30:39.000Z</time><extensions/></trkpt><trkpt lat="35.45908556319773" lon="138.9260699506849"><ele>1401.800048828125</ele><time>2025-12-06T03:30:40.000Z</time><extensions/></trkpt><trkpt lat="35.45908304862678" lon="138.92605628818274"><ele>1401.800048828125</ele><time>2025-12-06T03:30:41.000Z</time><extensions/></trkpt><trkpt lat="35.45908103697002" lon="138.92604346387088"><ele>1401.5999755859375</ele><time>2025-12-06T03:30:42.000Z</time><extensions/></trkpt><trkpt lat="35.459075924009085" lon="138.92603055574"><ele>1401.5999755859375</ele><time>2025-12-06T03:30:43.000Z</time><extensions/></trkpt><trkpt lat="35.45904876664281" lon="138.92598344944417"><ele>1400.800048828125</ele><time>2025-12-06T03:30:48.000Z</time><extensions/></trkpt><trkpt lat="35.459029069170356" lon="138.92590943723917"><ele>1399.4000244140625</ele><time>2025-12-06T03:30:55.000Z</time><extensions/></trkpt><trkpt lat="35.459018340334296" lon="138.92586895264685"><ele>1398.800048828125</ele><time>2025-12-06T03:30:58.000Z</time><extensions/></trkpt><trkpt lat="35.45901741832495" lon="138.9258545357734"><ele>1398.5999755859375</ele><time>2025-12-06T03:30:59.000Z</time><extensions/></trkpt><trkpt lat="35.459019681438804" lon="138.9258410409093"><ele>1398.4000244140625</ele><time>2025-12-06T03:31:00.000Z</time><extensions/></trkpt><trkpt lat="35.45901171863079" lon="138.9257786795497"><ele>1396.5999755859375</ele><time>2025-12-06T03:31:06.000Z</time><extensions/></trkpt><trkpt lat="35.459008030593395" lon="138.92567952163517"><ele>1394.199951171875</ele><time>2025-12-06T03:31:14.000Z</time><extensions/></trkpt><trkpt lat="35.45902035199106" lon="138.92558665014803"><ele>1392.4000244140625</ele><time>2025-12-06T03:31:21.000Z</time><extensions/></trkpt><trkpt lat="35.45903284102678" lon="138.9254790265113"><ele>1390.800048828125</ele><time>2025-12-06T03:31:28.000Z</time><extensions/></trkpt><trkpt lat="35.459034349769354" lon="138.9254660345614"><ele>1390.5999755859375</ele><time>2025-12-06T03:31:29.000Z</time><extensions/></trkpt><trkpt lat="35.45904633589089" lon="138.92539646476507"><ele>1390.4000244140625</ele><time>2025-12-06T03:31:36.000Z</time><extensions/></trkpt><trkpt lat="35.45904348604381" lon="138.92538372427225"><ele>1390.4000244140625</ele><time>2025-12-06T03:31:37.000Z</time><extensions/></trkpt><trkpt lat="35.4590389598161" lon="138.92537106759846"><ele>1390.4000244140625</ele><time>2025-12-06T03:31:38.000Z</time><extensions/></trkpt><trkpt lat="35.45903426595032" lon="138.92536075785756"><ele>1390.5999755859375</ele><time>2025-12-06T03:31:39.000Z</time><extensions/></trkpt><trkpt lat="35.45902965590358" lon="138.92534969374537"><ele>1390.800048828125</ele><time>2025-12-06T03:31:40.000Z</time><extensions/></trkpt><trkpt lat="35.45899805612862" lon="138.92528716474771"><ele>1392.0</ele><time>2025-12-06T03:31:48.000Z</time><extensions/></trkpt><trkpt lat="35.45898665674031" lon="138.92526419833302"><ele>1393.800048828125</ele><time>2025-12-06T03:31:57.000Z</time><extensions/></trkpt><trkpt lat="35.45897877775133" lon="138.92525229603052"><ele>1394.199951171875</ele><time>2025-12-06T03:32:01.000Z</time><extensions/></trkpt><trkpt lat="35.45897492207587" lon="138.92524047754705"><ele>1394.199951171875</ele><time>2025-12-06T03:32:02.000Z</time><extensions/></trkpt><trkpt lat="35.45897358097136" lon="138.92522664740682"><ele>1394.199951171875</ele><time>2025-12-06T03:32:03.000Z</time><extensions/></trkpt><trkpt lat="35.45897324569523" lon="138.92521239817142"><ele>1394.199951171875</ele><time>2025-12-06T03:32:04.000Z</time><extensions/></trkpt><trkpt lat="35.45896754600108" lon="138.92517861910164"><ele>1394.199951171875</ele><time>2025-12-06T03:32:07.000Z</time><extensions/></trkpt><trkpt lat="35.458947429433465" lon="138.925126735121"><ele>1394.0</ele><time>2025-12-06T03:32:11.000Z</time><extensions/></trkpt><trkpt lat="35.458940053358674" lon="138.92511625774205"><ele>1394.0</ele><time>2025-12-06T03:32:12.000Z</time><extensions/></trkpt><trkpt lat="35.45893292874098" lon="138.92510544508696"><ele>1394.0</ele><time>2025-12-06T03:32:13.000Z</time><extensions/></trkpt><trkpt lat="35.45892613939941" lon="138.92509429715574"><ele>1394.0</ele><time>2025-12-06T03:32:14.000Z</time><extensions/></trkpt><trkpt lat="35.45890116132796" lon="138.92504937015474"><ele>1393.5999755859375</ele><time>2025-12-06T03:32:20.000Z</time><extensions/></trkpt><trkpt lat="35.45888372696936" lon="138.9249950554222"><ele>1392.800048828125</ele><time>2025-12-06T03:32:26.000Z</time><extensions/></trkpt><trkpt lat="35.458879452198744" lon="138.92498072236776"><ele>1392.5999755859375</ele><time>2025-12-06T03:32:27.000Z</time><extensions/></trkpt><trkpt lat="35.45887727290392" lon="138.92496412619948"><ele>1392.4000244140625</ele><time>2025-12-06T03:32:28.000Z</time><extensions/></trkpt><trkpt lat="35.45886713080108" lon="138.9248711708933"><ele>1391.199951171875</ele><time>2025-12-06T03:32:34.000Z</time><extensions/></trkpt><trkpt lat="35.45886034145951" lon="138.92486069351435"><ele>1391.199951171875</ele><time>2025-12-06T03:32:35.000Z</time><extensions/></trkpt><trkpt lat="35.458804769441485" lon="138.92482372932136"><ele>1390.5999755859375</ele><time>2025-12-06T03:32:43.000Z</time><extensions/></trkpt><trkpt lat="35.45875322073698" lon="138.9248269982636"><ele>1388.800048828125</ele><time>2025-12-06T03:32:51.000Z</time><extensions/></trkpt><trkpt lat="35.45873167924583" lon="138.92479271627963"><ele>1386.4000244140625</ele><time>2025-12-06T03:32:59.000Z</time><extensions/></trkpt><trkpt lat="35.45869102701545" lon="138.9247678220272"><ele>1384.5999755859375</ele><time>2025-12-06T03:33:17.000Z</time><extensions/></trkpt><trkpt lat="35.45862564817071" lon="138.9247614517808"><ele>1381.800048828125</ele><time>2025-12-06T03:33:26.000Z</time><extensions/></trkpt><trkpt lat="35.45855733565986" lon="138.92473454587162"><ele>1378.5999755859375</ele><time>2025-12-06T03:33:36.000Z</time><extensions/></trkpt><trkpt lat="35.45849463902414" lon="138.92468836158514"><ele>1375.4000244140625</ele><time>2025-12-06T03:33:44.000Z</time><extensions/></trkpt><trkpt lat="35.45843504369259" lon="138.92460269853473"><ele>1372.199951171875</ele><time>2025-12-06T03:33:53.000Z</time><extensions/></trkpt><trkpt lat="35.45841693878174" lon="138.9245111681521"><ele>1368.800048828125</ele><time>2025-12-06T03:34:02.000Z</time><extensions/></trkpt><trkpt lat="35.45836564153433" lon="138.9244694262743"><ele>1366.4000244140625</ele><time>2025-12-06T03:34:09.000Z</time><extensions/></trkpt><trkpt lat="35.45834502205253" lon="138.9244694262743"><ele>1365.5999755859375</ele><time>2025-12-06T03:34:11.000Z</time><extensions/></trkpt><trkpt lat="35.458301352337" lon="138.92448225058615"><ele>1364.4000244140625</ele><time>2025-12-06T03:34:15.000Z</time><extensions/></trkpt><trkpt lat="35.45823521912098" lon="138.92447093501687"><ele>1363.800048828125</ele><time>2025-12-06T03:34:21.000Z</time><extensions/></trkpt><trkpt lat="35.45813807286322" lon="138.9244498964399"><ele>1362.199951171875</ele><time>2025-12-06T03:34:29.000Z</time><extensions/></trkpt><trkpt lat="35.458091888576746" lon="138.92441695556045"><ele>1361.5999755859375</ele><time>2025-12-06T03:34:33.000Z</time><extensions/></trkpt><trkpt lat="35.458081159740686" lon="138.92440304160118"><ele>1361.4000244140625</ele><time>2025-12-06T03:34:34.000Z</time><extensions/></trkpt><trkpt lat="35.458017541095614" lon="138.92433984205127"><ele>1360.800048828125</ele><time>2025-12-06T03:34:40.000Z</time><extensions/></trkpt><trkpt lat="35.45801108703017" lon="138.92432685010135"><ele>1360.800048828125</ele><time>2025-12-06T03:34:41.000Z</time><extensions/></trkpt><trkpt lat="35.457986779510975" lon="138.9243145287037"><ele>1361.0</ele><time>2025-12-06T03:34:44.000Z</time><extensions/></trkpt><trkpt lat="35.45797613449395" lon="138.92431184649467"><ele>1361.0</ele><time>2025-12-06T03:34:45.000Z</time><extensions/></trkpt><trkpt lat="35.45796565711498" lon="138.9243071526289"><ele>1361.0</ele><time>2025-12-06T03:34:46.000Z</time><extensions/></trkpt><trkpt lat="35.45795635320246" lon="138.9242989383638"><ele>1361.0</ele><time>2025-12-06T03:34:47.000Z</time><extensions/></trkpt><trkpt lat="35.457949647679925" lon="138.92428938299417"><ele>1361.199951171875</ele><time>2025-12-06T03:34:48.000Z</time><extensions/></trkpt><trkpt lat="35.45794294215739" lon="138.9242804981768"><ele>1361.199951171875</ele><time>2025-12-06T03:34:49.000Z</time><extensions/></trkpt><trkpt lat="35.457934476435184" lon="138.9242722839117"><ele>1361.199951171875</ele><time>2025-12-06T03:34:50.000Z</time><extensions/></trkpt><trkpt lat="35.45792793855071" lon="138.92426155507565"><ele>1361.199951171875</ele><time>2025-12-06T03:34:51.000Z</time><extensions/></trkpt><trkpt lat="35.457921316847205" lon="138.92424839548767"><ele>1361.199951171875</ele><time>2025-12-06T03:34:52.000Z</time><extensions/></trkpt><trkpt lat="35.457917461171746" lon="138.9242349844426"><ele>1361.199951171875</ele><time>2025-12-06T03:34:53.000Z</time><extensions/></trkpt><trkpt lat="35.45790203846991" lon="138.9242207352072"><ele>1361.4000244140625</ele><time>2025-12-06T03:34:55.000Z</time><extensions/></trkpt><trkpt lat="35.457885693758726" lon="138.92422132194042"><ele>1361.5999755859375</ele><time>2025-12-06T03:35:01.000Z</time><extensions/></trkpt><trkpt lat="35.45790086500347" lon="138.9242101740092"><ele>1361.800048828125</ele><time>2025-12-06T03:35:08.000Z</time><extensions/></trkpt><trkpt lat="35.45788594521582" lon="138.92420707270503"><ele>1361.5999755859375</ele><time>2025-12-06T03:35:18.000Z</time><extensions/></trkpt><trkpt lat="35.45787999406457" lon="138.92419097945094"><ele>1361.0</ele><time>2025-12-06T03:35:26.000Z</time><extensions/></trkpt><trkpt lat="35.457873959094286" lon="138.9241797477007"><ele>1360.800048828125</ele><time>2025-12-06T03:35:27.000Z</time><extensions/></trkpt><trkpt lat="35.45786968432367" lon="138.9241670910269"><ele>1360.800048828125</ele><time>2025-12-06T03:35:28.000Z</time><extensions/></trkpt><trkpt lat="35.45786691829562" lon="138.9241535961628"><ele>1360.800048828125</ele><time>2025-12-06T03:35:29.000Z</time><extensions/></trkpt><trkpt lat="35.457863649353385" lon="138.92407178878784"><ele>1360.199951171875</ele><time>2025-12-06T03:35:36.000Z</time><extensions/></trkpt><trkpt lat="35.457825092598796" lon="138.92397673800588"><ele>1359.199951171875</ele><time>2025-12-06T03:35:43.000Z</time><extensions/></trkpt><trkpt lat="35.45781444758177" lon="138.9238911587745"><ele>1357.800048828125</ele><time>2025-12-06T03:35:49.000Z</time><extensions/></trkpt><trkpt lat="35.4577973484993" lon="138.92382577992976"><ele>1356.199951171875</ele><time>2025-12-06T03:35:54.000Z</time><extensions/></trkpt><trkpt lat="35.457798689603806" lon="138.92380641773343"><ele>1355.800048828125</ele><time>2025-12-06T03:35:55.000Z</time><extensions/></trkpt><trkpt lat="35.457802126184106" lon="138.9237151388079"><ele>1354.5999755859375</ele><time>2025-12-06T03:36:01.000Z</time><extensions/></trkpt><trkpt lat="35.45780757442117" lon="138.923704829067"><ele>1354.4000244140625</ele><time>2025-12-06T03:36:02.000Z</time><extensions/></trkpt><trkpt lat="35.45781176537275" lon="138.92369225621223"><ele>1354.0</ele><time>2025-12-06T03:36:03.000Z</time><extensions/></trkpt><trkpt lat="35.457811430096626" lon="138.9236781746149"><ele>1353.800048828125</ele><time>2025-12-06T03:36:04.000Z</time><extensions/></trkpt><trkpt lat="35.45782919973135" lon="138.92361598089337"><ele>1352.4000244140625</ele><time>2025-12-06T03:36:11.000Z</time><extensions/></trkpt><trkpt lat="35.45782819390297" lon="138.92351707443595"><ele>1350.0</ele><time>2025-12-06T03:36:19.000Z</time><extensions/></trkpt><trkpt lat="35.457824589684606" lon="138.92342294566333"><ele>1347.800048828125</ele><time>2025-12-06T03:36:26.000Z</time><extensions/></trkpt><trkpt lat="35.45785836875439" lon="138.9233226981014"><ele>1346.0</ele><time>2025-12-06T03:36:33.000Z</time><extensions/></trkpt><trkpt lat="35.45785962603986" lon="138.92330769449472"><ele>1345.800048828125</ele><time>2025-12-06T03:36:34.000Z</time><extensions/></trkpt><trkpt lat="35.4578610509634" lon="138.923263521865"><ele>1345.0</ele><time>2025-12-06T03:36:37.000Z</time><extensions/></trkpt><trkpt lat="35.45788343064487" lon="138.9231704827398"><ele>1342.199951171875</ele><time>2025-12-06T03:36:45.000Z</time><extensions/></trkpt><trkpt lat="35.45789315365255" lon="138.92303494736552"><ele>1339.4000244140625</ele><time>2025-12-06T03:36:55.000Z</time><extensions/></trkpt><trkpt lat="35.45786532573402" lon="138.92290628515184"><ele>1337.199951171875</ele><time>2025-12-06T03:37:05.000Z</time><extensions/></trkpt><trkpt lat="35.45786482281983" lon="138.92281165346503"><ele>1335.0</ele><time>2025-12-06T03:37:12.000Z</time><extensions/></trkpt><trkpt lat="35.45785669237375" lon="138.9227026887238"><ele>1332.199951171875</ele><time>2025-12-06T03:37:20.000Z</time><extensions/></trkpt><trkpt lat="35.45788116753101" lon="138.9225792232901"><ele>1329.4000244140625</ele><time>2025-12-06T03:37:29.000Z</time><extensions/></trkpt><trkpt lat="35.457881670445204" lon="138.92256782390177"><ele>1329.0</ele><time>2025-12-06T03:37:30.000Z</time><extensions/></trkpt><trkpt lat="35.45787915587425" lon="138.9224423468113"><ele>1326.5999755859375</ele><time>2025-12-06T03:37:38.000Z</time><extensions/></trkpt><trkpt lat="35.45787865296006" lon="138.92242843285203"><ele>1326.4000244140625</ele><time>2025-12-06T03:37:39.000Z</time><extensions/></trkpt><trkpt lat="35.45787714421749" lon="138.92241259105504"><ele>1326.199951171875</ele><time>2025-12-06T03:37:40.000Z</time><extensions/></trkpt><trkpt lat="35.45787706039846" lon="138.92239565961063"><ele>1326.0</ele><time>2025-12-06T03:37:41.000Z</time><extensions/></trkpt><trkpt lat="35.457876892760396" lon="138.92237906344235"><ele>1325.800048828125</ele><time>2025-12-06T03:37:42.000Z</time><extensions/></trkpt><trkpt lat="35.45787756331265" lon="138.922362299636"><ele>1325.5999755859375</ele><time>2025-12-06T03:37:43.000Z</time><extensions/></trkpt><trkpt lat="35.45788669958711" lon="138.92224302515388"><ele>1325.199951171875</ele><time>2025-12-06T03:37:51.000Z</time><extensions/></trkpt><trkpt lat="35.45788284391165" lon="138.92222994938493"><ele>1325.199951171875</ele><time>2025-12-06T03:37:52.000Z</time><extensions/></trkpt><trkpt lat="35.457881670445204" lon="138.92221645452082"><ele>1325.199951171875</ele><time>2025-12-06T03:37:53.000Z</time><extensions/></trkpt><trkpt lat="35.45788234099746" lon="138.92220203764737"><ele>1325.0</ele><time>2025-12-06T03:37:54.000Z</time><extensions/></trkpt><trkpt lat="35.45788477174938" lon="138.92218938097358"><ele>1325.0</ele><time>2025-12-06T03:37:55.000Z</time><extensions/></trkpt><trkpt lat="35.45789013616741" lon="138.92217664048076"><ele>1325.0</ele><time>2025-12-06T03:37:56.000Z</time><extensions/></trkpt><trkpt lat="35.45789608731866" lon="138.92216255888343"><ele>1325.0</ele><time>2025-12-06T03:37:57.000Z</time><extensions/></trkpt><trkpt lat="35.457899775356054" lon="138.92214889638126"><ele>1325.0</ele><time>2025-12-06T03:37:58.000Z</time><extensions/></trkpt><trkpt lat="35.45790086500347" lon="138.9220810867846"><ele>1325.5999755859375</ele><time>2025-12-06T03:38:06.000Z</time><extensions/></trkpt><trkpt lat="35.4579096660018" lon="138.9220581203699"><ele>1325.800048828125</ele><time>2025-12-06T03:38:08.000Z</time><extensions/></trkpt><trkpt lat="35.457918131724" lon="138.92194739542902"><ele>1327.4000244140625</ele><time>2025-12-06T03:38:19.000Z</time><extensions/></trkpt><trkpt lat="35.45792609453201" lon="138.92183549702168"><ele>1330.199951171875</ele><time>2025-12-06T03:38:32.000Z</time><extensions/></trkpt><trkpt lat="35.45794269070029" lon="138.92172737047076"><ele>1332.5999755859375</ele><time>2025-12-06T03:38:45.000Z</time><extensions/></trkpt><trkpt lat="35.45794595964253" lon="138.92167079262435"><ele>1334.800048828125</ele><time>2025-12-06T03:38:57.000Z</time><extensions/></trkpt><trkpt lat="35.45789013616741" lon="138.92165629193187"><ele>1335.5999755859375</ele><time>2025-12-06T03:40:16.000Z</time><extensions/></trkpt><trkpt lat="35.45783565379679" lon="138.9216547831893"><ele>1336.5999755859375</ele><time>2025-12-06T03:40:25.000Z</time><extensions/></trkpt><trkpt lat="35.457756193354726" lon="138.9216230995953"><ele>1338.199951171875</ele><time>2025-12-06T03:40:36.000Z</time><extensions/></trkpt><trkpt lat="35.45770112425089" lon="138.92159183509648"><ele>1340.4000244140625</ele><time>2025-12-06T03:40:47.000Z</time><extensions/></trkpt><trkpt lat="35.457639433443546" lon="138.92152855172753"><ele>1341.800048828125</ele><time>2025-12-06T03:40:56.000Z</time><extensions/></trkpt><trkpt lat="35.45757313258946" lon="138.92147356644273"><ele>1343.4000244140625</ele><time>2025-12-06T03:41:05.000Z</time><extensions/></trkpt><trkpt lat="35.45752074569464" lon="138.92139678820968"><ele>1345.800048828125</ele><time>2025-12-06T03:41:15.000Z</time><extensions/></trkpt><trkpt lat="35.457437597215176" lon="138.92134649679065"><ele>1348.199951171875</ele><time>2025-12-06T03:41:26.000Z</time><extensions/></trkpt><trkpt lat="35.45734883286059" lon="138.9213217701763"><ele>1348.800048828125</ele><time>2025-12-06T03:41:34.000Z</time><extensions/></trkpt><trkpt lat="35.45733919367194" lon="138.92131456173956"><ele>1348.800048828125</ele><time>2025-12-06T03:41:35.000Z</time><extensions/></trkpt><trkpt lat="35.45732486061752" lon="138.92129469662905"><ele>1348.5999755859375</ele><time>2025-12-06T03:41:37.000Z</time><extensions/></trkpt><trkpt lat="35.457312958315015" lon="138.92127064056695"><ele>1348.199951171875</ele><time>2025-12-06T03:41:39.000Z</time><extensions/></trkpt><trkpt lat="35.457224529236555" lon="138.92118715681136"><ele>1347.5999755859375</ele><time>2025-12-06T03:41:47.000Z</time><extensions/></trkpt><trkpt lat="35.457170298323035" lon="138.92112999223173"><ele>1348.0</ele><time>2025-12-06T03:41:55.000Z</time><extensions/></trkpt><trkpt lat="35.45714305713773" lon="138.9210952911526"><ele>1349.800048828125</ele><time>2025-12-06T03:42:04.000Z</time><extensions/></trkpt><trkpt lat="35.457095531746745" lon="138.92104684375226"><ele>1352.0</ele><time>2025-12-06T03:42:15.000Z</time><extensions/></trkpt><trkpt lat="35.45706099830568" lon="138.9210046827793"><ele>1354.800048828125</ele><time>2025-12-06T03:42:24.000Z</time><extensions/></trkpt><trkpt lat="35.45701079070568" lon="138.9209467638284"><ele>1356.800048828125</ele><time>2025-12-06T03:42:34.000Z</time><extensions/></trkpt><trkpt lat="35.456985561177135" lon="138.92089379020035"><ele>1358.5999755859375</ele><time>2025-12-06T03:42:45.000Z</time><extensions/></trkpt><trkpt lat="35.45694859698415" lon="138.92083017155528"><ele>1360.4000244140625</ele><time>2025-12-06T03:42:58.000Z</time><extensions/></trkpt><trkpt lat="35.45692462474108" lon="138.92078331671655"><ele>1361.5999755859375</ele><time>2025-12-06T03:43:08.000Z</time><extensions/></trkpt><trkpt lat="35.45690123923123" lon="138.92072414048016"><ele>1363.5999755859375</ele><time>2025-12-06T03:43:20.000Z</time><extensions/></trkpt><trkpt lat="35.45689461752772" lon="138.92070905305445"><ele>1365.199951171875</ele><time>2025-12-06T03:43:30.000Z</time><extensions/></trkpt><trkpt lat="35.45685178600252" lon="138.92064702697098"><ele>1367.0</ele><time>2025-12-06T03:43:42.000Z</time><extensions/></trkpt><trkpt lat="35.456803338602185" lon="138.92061123624444"><ele>1368.800048828125</ele><time>2025-12-06T03:43:53.000Z</time><extensions/></trkpt><trkpt lat="35.45675824396312" lon="138.92055583186448"><ele>1370.5999755859375</ele><time>2025-12-06T03:44:03.000Z</time><extensions/></trkpt><trkpt lat="35.45670133084059" lon="138.92049908638"><ele>1372.4000244140625</ele><time>2025-12-06T03:44:15.000Z</time><extensions/></trkpt><trkpt lat="35.45667559839785" lon="138.92047276720405"><ele>1373.4000244140625</ele><time>2025-12-06T03:44:23.000Z</time><extensions/></trkpt><trkpt lat="35.456633269786835" lon="138.92045642249286"><ele>1375.199951171875</ele><time>2025-12-06T03:44:34.000Z</time><extensions/></trkpt><trkpt lat="35.45656654983759" lon="138.92043018713593"><ele>1377.800048828125</ele><time>2025-12-06T03:44:50.000Z</time><extensions/></trkpt><trkpt lat="35.45651223510504" lon="138.92035852186382"><ele>1380.0</ele><time>2025-12-06T03:45:05.000Z</time><extensions/></trkpt><trkpt lat="35.45648021623492" lon="138.92029959708452"><ele>1381.800048828125</ele><time>2025-12-06T03:45:14.000Z</time><extensions/></trkpt><trkpt lat="35.45644777826965" lon="138.9202130958438"><ele>1383.5999755859375</ele><time>2025-12-06T03:45:25.000Z</time><extensions/></trkpt><trkpt lat="35.456400671973825" lon="138.9201010297984"><ele>1386.199951171875</ele><time>2025-12-06T03:45:38.000Z</time><extensions/></trkpt><trkpt lat="35.456347865983844" lon="138.9200058951974"><ele>1388.199951171875</ele><time>2025-12-06T03:45:50.000Z</time><extensions/></trkpt><trkpt lat="35.456295143812895" lon="138.9199022948742"><ele>1389.4000244140625</ele><time>2025-12-06T03:46:02.000Z</time><extensions/></trkpt><trkpt lat="35.4562708362937" lon="138.91982057131827"><ele>1390.5999755859375</ele><time>2025-12-06T03:46:11.000Z</time><extensions/></trkpt><trkpt lat="35.45622699894011" lon="138.91973876394331"><ele>1391.199951171875</ele><time>2025-12-06T03:46:21.000Z</time><extensions/></trkpt><trkpt lat="35.4561947286129" lon="138.91965913586318"><ele>1393.0</ele><time>2025-12-06T03:46:30.000Z</time><extensions/></trkpt><trkpt lat="35.45618777163327" lon="138.91958973370492"><ele>1394.0</ele><time>2025-12-06T03:46:38.000Z</time><extensions/></trkpt><trkpt lat="35.45618894509971" lon="138.9195637498051"><ele>1395.4000244140625</ele><time>2025-12-06T03:46:48.000Z</time><extensions/></trkpt><trkpt lat="35.45619707554579" lon="138.91950289718807"><ele>1396.0</ele><time>2025-12-06T03:46:56.000Z</time><extensions/></trkpt><trkpt lat="35.4562050383538" lon="138.91944606788456"><ele>1395.800048828125</ele><time>2025-12-06T03:47:02.000Z</time><extensions/></trkpt><trkpt lat="35.456207720562816" lon="138.91942972317338"><ele>1395.800048828125</ele><time>2025-12-06T03:47:03.000Z</time><extensions/></trkpt><trkpt lat="35.4562153480947" lon="138.9192804414779"><ele>1394.0</ele><time>2025-12-06T03:47:12.000Z</time><extensions/></trkpt><trkpt lat="35.456204283982515" lon="138.91916912980378"><ele>1392.4000244140625</ele><time>2025-12-06T03:47:21.000Z</time><extensions/></trkpt><trkpt lat="35.45618483796716" lon="138.9191417209804"><ele>1392.0</ele><time>2025-12-06T03:47:25.000Z</time><extensions/></trkpt><trkpt lat="35.456174025312066" lon="138.91914289444685"><ele>1391.800048828125</ele><time>2025-12-06T03:47:26.000Z</time><extensions/></trkpt><trkpt lat="35.45616396702826" lon="138.91914716921747"><ele>1391.5999755859375</ele><time>2025-12-06T03:47:27.000Z</time><extensions/></trkpt><trkpt lat="35.45612867921591" lon="138.91912906430662"><ele>1389.5999755859375</ele><time>2025-12-06T03:47:34.000Z</time><extensions/></trkpt><trkpt lat="35.45610931701958" lon="138.91913593746722"><ele>1387.4000244140625</ele><time>2025-12-06T03:47:42.000Z</time><extensions/></trkpt><trkpt lat="35.45607687905431" lon="138.91913526691496"><ele>1384.800048828125</ele><time>2025-12-06T03:47:50.000Z</time><extensions/></trkpt><trkpt lat="35.456040585413575" lon="138.9191126357764"><ele>1381.800048828125</ele><time>2025-12-06T03:47:59.000Z</time><extensions/></trkpt><trkpt lat="35.45603438280523" lon="138.91910366714"><ele>1378.5999755859375</ele><time>2025-12-06T03:48:14.000Z</time><extensions/></trkpt><trkpt lat="35.45602424070239" lon="138.9190610870719"><ele>1378.4000244140625</ele><time>2025-12-06T03:48:18.000Z</time><extensions/></trkpt><trkpt lat="35.45602667145431" lon="138.9190356899053"><ele>1377.199951171875</ele><time>2025-12-06T03:48:25.000Z</time><extensions/></trkpt><trkpt lat="35.45601485297084" lon="138.91899646259844"><ele>1376.800048828125</ele><time>2025-12-06T03:48:44.000Z</time><extensions/></trkpt><trkpt lat="35.45599004253745" lon="138.91895396634936"><ele>1374.4000244140625</ele><time>2025-12-06T03:49:01.000Z</time><extensions/></trkpt><trkpt lat="35.45596305280924" lon="138.91889428719878"><ele>1372.199951171875</ele><time>2025-12-06T03:49:10.000Z</time><extensions/></trkpt><trkpt lat="35.455930195748806" lon="138.91885648481548"><ele>1371.199951171875</ele><time>2025-12-06T03:49:16.000Z</time><extensions/></trkpt><trkpt lat="35.455924747511744" lon="138.91884407959878"><ele>1370.800048828125</ele><time>2025-12-06T03:49:17.000Z</time><extensions/></trkpt><trkpt lat="35.45591913163662" lon="138.9188332669437"><ele>1370.5999755859375</ele><time>2025-12-06T03:49:18.000Z</time><extensions/></trkpt><trkpt lat="35.455912593752146" lon="138.91882119700313"><ele>1370.199951171875</ele><time>2025-12-06T03:49:19.000Z</time><extensions/></trkpt><trkpt lat="35.45590605586767" lon="138.91880627721548"><ele>1370.0</ele><time>2025-12-06T03:49:20.000Z</time><extensions/></trkpt><trkpt lat="35.45590144582093" lon="138.91879227943718"><ele>1369.800048828125</ele><time>2025-12-06T03:49:21.000Z</time><extensions/></trkpt><trkpt lat="35.45589633285999" lon="138.9187782816589"><ele>1369.5999755859375</ele><time>2025-12-06T03:49:22.000Z</time><extensions/></trkpt><trkpt lat="35.455891555175185" lon="138.91876596026123"><ele>1369.199951171875</ele><time>2025-12-06T03:49:23.000Z</time><extensions/></trkpt><trkpt lat="35.45588057488203" lon="138.91873729415238"><ele>1368.0</ele><time>2025-12-06T03:49:31.000Z</time><extensions/></trkpt><trkpt lat="35.455852495506406" lon="138.9187159202993"><ele>1367.5999755859375</ele><time>2025-12-06T03:49:42.000Z</time><extensions/></trkpt><trkpt lat="35.45584478415549" lon="138.9187053591013"><ele>1367.5999755859375</ele><time>2025-12-06T03:49:43.000Z</time><extensions/></trkpt><trkpt lat="35.45581645332277" lon="138.91865213401616"><ele>1367.199951171875</ele><time>2025-12-06T03:49:50.000Z</time><extensions/></trkpt><trkpt lat="35.45579591766" lon="138.91861902549863"><ele>1367.4000244140625</ele><time>2025-12-06T03:49:53.000Z</time><extensions/></trkpt><trkpt lat="35.45578761957586" lon="138.9186078775674"><ele>1367.4000244140625</ele><time>2025-12-06T03:49:54.000Z</time><extensions/></trkpt><trkpt lat="35.455779153853655" lon="138.91859823837876"><ele>1367.4000244140625</ele><time>2025-12-06T03:49:55.000Z</time><extensions/></trkpt><trkpt lat="35.455770352855325" lon="138.91858868300915"><ele>1367.5999755859375</ele><time>2025-12-06T03:49:56.000Z</time><extensions/></trkpt><trkpt lat="35.45576138421893" lon="138.91857828944921"><ele>1367.5999755859375</ele><time>2025-12-06T03:49:57.000Z</time><extensions/></trkpt><trkpt lat="35.45571394264698" lon="138.91846085898578"><ele>1368.4000244140625</ele><time>2025-12-06T03:50:05.000Z</time><extensions/></trkpt><trkpt lat="35.4556698538363" lon="138.91832146793604"><ele>1367.800048828125</ele><time>2025-12-06T03:50:14.000Z</time><extensions/></trkpt><trkpt lat="35.45559332706034" lon="138.91822272911668"><ele>1367.0</ele><time>2025-12-06T03:50:22.000Z</time><extensions/></trkpt><trkpt lat="35.45550783164799" lon="138.91811963170767"><ele>1366.5999755859375</ele><time>2025-12-06T03:50:31.000Z</time><extensions/></trkpt><trkpt lat="35.45544278807938" lon="138.9180021174252"><ele>1367.4000244140625</ele><time>2025-12-06T03:50:40.000Z</time><extensions/></trkpt><trkpt lat="35.45541923493147" lon="138.91796976327896"><ele>1367.5999755859375</ele><time>2025-12-06T03:50:43.000Z</time><extensions/></trkpt><trkpt lat="35.455406829714775" lon="138.9179648179561"><ele>1367.5999755859375</ele><time>2025-12-06T03:50:44.000Z</time><extensions/></trkpt><trkpt lat="35.45533851720393" lon="138.91792022623122"><ele>1368.199951171875</ele><time>2025-12-06T03:50:51.000Z</time><extensions/></trkpt><trkpt lat="35.45532678253949" lon="138.9179019536823"><ele>1368.199951171875</ele><time>2025-12-06T03:50:53.000Z</time><extensions/></trkpt><trkpt lat="35.455314964056015" lon="138.91788544133306"><ele>1368.4000244140625</ele><time>2025-12-06T03:50:55.000Z</time><extensions/></trkpt><trkpt lat="35.45527137815952" lon="138.91783858649433"><ele>1369.5999755859375</ele><time>2025-12-06T03:51:03.000Z</time><extensions/></trkpt><trkpt lat="35.455229468643665" lon="138.91779156401753"><ele>1370.800048828125</ele><time>2025-12-06T03:51:10.000Z</time><extensions/></trkpt><trkpt lat="35.45519292354584" lon="138.91775124706328"><ele>1372.4000244140625</ele><time>2025-12-06T03:51:16.000Z</time><extensions/></trkpt><trkpt lat="35.45516668818891" lon="138.91773733310401"><ele>1373.199951171875</ele><time>2025-12-06T03:51:19.000Z</time><extensions/></trkpt><trkpt lat="35.455158641561866" lon="138.91772995702922"><ele>1373.4000244140625</ele><time>2025-12-06T03:51:20.000Z</time><extensions/></trkpt><trkpt lat="35.45511254109442" lon="138.91769852489233"><ele>1374.5999755859375</ele><time>2025-12-06T03:51:26.000Z</time><extensions/></trkpt><trkpt lat="35.45509535819292" lon="138.91769433394074"><ele>1375.0</ele><time>2025-12-06T03:51:28.000Z</time><extensions/></trkpt><trkpt lat="35.455030649900436" lon="138.91767212189734"><ele>1376.0</ele><time>2025-12-06T03:51:36.000Z</time><extensions/></trkpt><trkpt lat="35.45501992106438" lon="138.91766667366028"><ele>1376.199951171875</ele><time>2025-12-06T03:51:37.000Z</time><extensions/></trkpt><trkpt lat="35.45494046062231" lon="138.9176191482693"><ele>1377.5999755859375</ele><time>2025-12-06T03:51:46.000Z</time><extensions/></trkpt><trkpt lat="35.45489662326872" lon="138.9175996184349"><ele>1379.4000244140625</ele><time>2025-12-06T03:51:56.000Z</time><extensions/></trkpt><trkpt lat="35.454851277172565" lon="138.91758251935244"><ele>1381.199951171875</ele><time>2025-12-06T03:52:17.000Z</time><extensions/></trkpt><trkpt lat="35.45479629188776" lon="138.9175943378359"><ele>1381.4000244140625</ele><time>2025-12-06T03:52:24.000Z</time><extensions/></trkpt><trkpt lat="35.45471909455955" lon="138.91757229343057"><ele>1383.199951171875</ele><time>2025-12-06T03:52:34.000Z</time><extensions/></trkpt><trkpt lat="35.454651955515146" lon="138.91755024902523"><ele>1384.5999755859375</ele><time>2025-12-06T03:52:41.000Z</time><extensions/></trkpt><trkpt lat="35.454624546691775" lon="138.91753817908466"><ele>1385.0</ele><time>2025-12-06T03:52:44.000Z</time><extensions/></trkpt><trkpt lat="35.454610884189606" lon="138.91752468422055"><ele>1385.199951171875</ele><time>2025-12-06T03:52:46.000Z</time><extensions/></trkpt><trkpt lat="35.454582972452044" lon="138.91748956404626"><ele>1386.4000244140625</ele><time>2025-12-06T03:52:53.000Z</time><extensions/></trkpt><trkpt lat="35.45456386171281" lon="138.91746416687965"><ele>1386.800048828125</ele><time>2025-12-06T03:52:56.000Z</time><extensions/></trkpt><trkpt lat="35.454548774287105" lon="138.91744488850236"><ele>1387.199951171875</ele><time>2025-12-06T03:52:58.000Z</time><extensions/></trkpt><trkpt lat="35.45449873432517" lon="138.91738965176046"><ele>1387.199951171875</ele><time>2025-12-06T03:53:05.000Z</time><extensions/></trkpt><trkpt lat="35.45446889474988" lon="138.91735821962357"><ele>1387.4000244140625</ele><time>2025-12-06T03:53:09.000Z</time><extensions/></trkpt><trkpt lat="35.45445816591382" lon="138.9173525199294"><ele>1387.4000244140625</ele><time>2025-12-06T03:53:10.000Z</time><extensions/></trkpt><trkpt lat="35.45444307848811" lon="138.91733458265662"><ele>1387.800048828125</ele><time>2025-12-06T03:53:12.000Z</time><extensions/></trkpt><trkpt lat="35.45443318784237" lon="138.91732226125896"><ele>1387.800048828125</ele><time>2025-12-06T03:53:13.000Z</time><extensions/></trkpt><trkpt lat="35.45442589558661" lon="138.91731094568968"><ele>1388.0</ele><time>2025-12-06T03:53:14.000Z</time><extensions/></trkpt><trkpt lat="35.45433788560331" lon="138.91724925488234"><ele>1388.5999755859375</ele><time>2025-12-06T03:53:23.000Z</time><extensions/></trkpt><trkpt lat="35.45431307516992" lon="138.91720726154745"><ele>1388.5999755859375</ele><time>2025-12-06T03:53:27.000Z</time><extensions/></trkpt><trkpt lat="35.45430762693286" lon="138.9171930961311"><ele>1388.5999755859375</ele><time>2025-12-06T03:53:28.000Z</time><extensions/></trkpt><trkpt lat="35.45429966412485" lon="138.9171806909144"><ele>1388.5999755859375</ele><time>2025-12-06T03:53:29.000Z</time><extensions/></trkpt><trkpt lat="35.45429044403136" lon="138.9171706326306"><ele>1388.800048828125</ele><time>2025-12-06T03:53:30.000Z</time><extensions/></trkpt><trkpt lat="35.454280553385615" lon="138.91715814359486"><ele>1388.800048828125</ele><time>2025-12-06T03:53:31.000Z</time><extensions/></trkpt><trkpt lat="35.454273680225015" lon="138.91714464873075"><ele>1389.0</ele><time>2025-12-06T03:53:32.000Z</time><extensions/></trkpt><trkpt lat="35.45426462776959" lon="138.91713065095246"><ele>1389.199951171875</ele><time>2025-12-06T03:53:33.000Z</time><extensions/></trkpt><trkpt lat="35.454253144562244" lon="138.9171159826219"><ele>1389.199951171875</ele><time>2025-12-06T03:53:34.000Z</time><extensions/></trkpt><trkpt lat="35.454244427382946" lon="138.91709963791072"><ele>1389.199951171875</ele><time>2025-12-06T03:53:35.000Z</time><extensions/></trkpt><trkpt lat="35.45423688367009" lon="138.91708354465663"><ele>1389.199951171875</ele><time>2025-12-06T03:53:36.000Z</time><extensions/></trkpt><trkpt lat="35.45423084869981" lon="138.917066026479"><ele>1389.4000244140625</ele><time>2025-12-06T03:53:37.000Z</time><extensions/></trkpt><trkpt lat="35.45418499968946" lon="138.91691255383193"><ele>1388.800048828125</ele><time>2025-12-06T03:53:47.000Z</time><extensions/></trkpt><trkpt lat="35.454160859808326" lon="138.9168630167842"><ele>1388.5999755859375</ele><time>2025-12-06T03:53:51.000Z</time><extensions/></trkpt><trkpt lat="35.45415214262903" lon="138.91685396432877"><ele>1388.5999755859375</ele><time>2025-12-06T03:53:52.000Z</time><extensions/></trkpt><trkpt lat="35.4541380610317" lon="138.91683191992342"><ele>1388.5999755859375</ele><time>2025-12-06T03:53:54.000Z</time><extensions/></trkpt><trkpt lat="35.454133953899145" lon="138.9168183412403"><ele>1388.5999755859375</ele><time>2025-12-06T03:53:55.000Z</time><extensions/></trkpt><trkpt lat="35.454129595309496" lon="138.91680601984262"><ele>1388.5999755859375</ele><time>2025-12-06T03:53:56.000Z</time><extensions/></trkpt><trkpt lat="35.454125655815005" lon="138.9167940337211"><ele>1388.5999755859375</ele><time>2025-12-06T03:53:57.000Z</time><extensions/></trkpt><trkpt lat="35.45410964637995" lon="138.9167375396937"><ele>1388.800048828125</ele><time>2025-12-06T03:54:02.000Z</time><extensions/></trkpt><trkpt lat="35.45408936217427" lon="138.91666092909873"><ele>1389.4000244140625</ele><time>2025-12-06T03:54:10.000Z</time><extensions/></trkpt><trkpt lat="35.454078717157245" lon="138.91659395769238"><ele>1391.0</ele><time>2025-12-06T03:54:17.000Z</time><extensions/></trkpt><trkpt lat="35.45404527336359" lon="138.9164980687201"><ele>1392.199951171875</ele><time>2025-12-06T03:54:28.000Z</time><extensions/></trkpt><trkpt lat="35.45401635579765" lon="138.91639715060592"><ele>1394.4000244140625</ele><time>2025-12-06T03:54:38.000Z</time><extensions/></trkpt><trkpt lat="35.45398944988847" lon="138.91631869599223"><ele>1396.4000244140625</ele><time>2025-12-06T03:54:47.000Z</time><extensions/></trkpt><trkpt lat="35.45395977795124" lon="138.91622842289507"><ele>1398.4000244140625</ele><time>2025-12-06T03:54:57.000Z</time><extensions/></trkpt><trkpt lat="35.45393127948046" lon="138.91616539098322"><ele>1400.0</ele><time>2025-12-06T03:55:07.000Z</time><extensions/></trkpt><trkpt lat="35.453903870657086" lon="138.91612507402897"><ele>1401.800048828125</ele><time>2025-12-06T03:55:17.000Z</time><extensions/></trkpt><trkpt lat="35.45388543047011" lon="138.91607142984867"><ele>1403.5999755859375</ele><time>2025-12-06T03:55:26.000Z</time><extensions/></trkpt><trkpt lat="35.453866235911846" lon="138.91598945483565"><ele>1405.4000244140625</ele><time>2025-12-06T03:55:37.000Z</time><extensions/></trkpt><trkpt lat="35.453822230920196" lon="138.9159126766026"><ele>1407.0</ele><time>2025-12-06T03:55:48.000Z</time><extensions/></trkpt><trkpt lat="35.45375785790384" lon="138.91586179845035"><ele>1408.800048828125</ele><time>2025-12-06T03:55:58.000Z</time><extensions/></trkpt><trkpt lat="35.45372776687145" lon="138.9158040471375"><ele>1409.800048828125</ele><time>2025-12-06T03:56:05.000Z</time><extensions/></trkpt><trkpt lat="35.453676134347916" lon="138.91569952480495"><ele>1411.199951171875</ele><time>2025-12-06T03:56:16.000Z</time><extensions/></trkpt><trkpt lat="35.453634560108185" lon="138.91558041796088"><ele>1411.800048828125</ele><time>2025-12-06T03:56:26.000Z</time><extensions/></trkpt><trkpt lat="35.45362701639533" lon="138.91557128168643"><ele>1412.0</ele><time>2025-12-06T03:56:27.000Z</time><extensions/></trkpt><trkpt lat="35.45357186347246" lon="138.91547044739127"><ele>1412.199951171875</ele><time>2025-12-06T03:56:36.000Z</time><extensions/></trkpt><trkpt lat="35.45352039858699" lon="138.9153389353305"><ele>1412.5999755859375</ele><time>2025-12-06T03:56:45.000Z</time><extensions/></trkpt><trkpt lat="35.453473795205355" lon="138.91524128615856"><ele>1412.4000244140625</ele><time>2025-12-06T03:56:53.000Z</time><extensions/></trkpt><trkpt lat="35.453452756628394" lon="138.91521278768778"><ele>1412.5999755859375</ele><time>2025-12-06T03:56:57.000Z</time><extensions/></trkpt><trkpt lat="35.45344278216362" lon="138.91520951874554"><ele>1412.5999755859375</ele><time>2025-12-06T03:56:58.000Z</time><extensions/></trkpt><trkpt lat="35.45338938944042" lon="138.91517624258995"><ele>1412.800048828125</ele><time>2025-12-06T03:57:05.000Z</time><extensions/></trkpt><trkpt lat="35.45342911966145" lon="138.91518043354154"><ele>1412.800048828125</ele><time>2025-12-06T03:57:24.000Z</time><extensions/></trkpt><trkpt lat="35.4534403514117" lon="138.91517632640898"><ele>1412.800048828125</ele><time>2025-12-06T03:57:25.000Z</time><extensions/></trkpt><trkpt lat="35.45348075218499" lon="138.91513139940798"><ele>1412.800048828125</ele><time>2025-12-06T03:57:30.000Z</time><extensions/></trkpt><trkpt lat="35.45347689650953" lon="138.9151177369058"><ele>1412.5999755859375</ele><time>2025-12-06T03:57:31.000Z</time><extensions/></trkpt><trkpt lat="35.45345166698098" lon="138.91507549211383"><ele>1412.5999755859375</ele><time>2025-12-06T03:57:35.000Z</time><extensions/></trkpt><trkpt lat="35.453438675031066" lon="138.91505965031683"><ele>1412.5999755859375</ele><time>2025-12-06T03:57:37.000Z</time><extensions/></trkpt><trkpt lat="35.45340414159" lon="138.91502344049513"><ele>1413.0</ele><time>2025-12-06T03:57:42.000Z</time><extensions/></trkpt><trkpt lat="35.453368686139584" lon="138.91497356817126"><ele>1413.5999755859375</ele><time>2025-12-06T03:57:48.000Z</time><extensions/></trkpt><trkpt lat="35.45332887209952" lon="138.91492721624672"><ele>1414.800048828125</ele><time>2025-12-06T03:57:55.000Z</time><extensions/></trkpt><trkpt lat="35.45328578911722" lon="138.91486762091517"><ele>1415.5999755859375</ele><time>2025-12-06T03:58:02.000Z</time><extensions/></trkpt><trkpt lat="35.45325066894293" lon="138.91479545272887"><ele>1416.4000244140625</ele><time>2025-12-06T03:58:09.000Z</time><extensions/></trkpt><trkpt lat="35.453244633972645" lon="138.91478589735925"><ele>1416.5999755859375</ele><time>2025-12-06T03:58:10.000Z</time><extensions/></trkpt><trkpt lat="35.4532022215426" lon="138.91467257402837"><ele>1417.5999755859375</ele><time>2025-12-06T03:58:19.000Z</time><extensions/></trkpt><trkpt lat="35.45317145995796" lon="138.9145682193339"><ele>1418.0</ele><time>2025-12-06T03:58:27.000Z</time><extensions/></trkpt><trkpt lat="35.45314195565879" lon="138.91448725014925"><ele>1419.199951171875</ele><time>2025-12-06T03:58:34.000Z</time><extensions/></trkpt><trkpt lat="35.45312234200537" lon="138.9144453406334"><ele>1419.5999755859375</ele><time>2025-12-06T03:58:38.000Z</time><extensions/></trkpt><trkpt lat="35.453117145225406" lon="138.9144342765212"><ele>1419.5999755859375</ele><time>2025-12-06T03:58:39.000Z</time><extensions/></trkpt><trkpt lat="35.4530846234411" lon="138.9143779501319"><ele>1421.0</ele><time>2025-12-06T03:58:45.000Z</time><extensions/></trkpt><trkpt lat="35.45307322405279" lon="138.91436059959233"><ele>1421.199951171875</ele><time>2025-12-06T03:58:47.000Z</time><extensions/></trkpt><trkpt lat="35.453053526580334" lon="138.91431257128716"><ele>1422.4000244140625</ele><time>2025-12-06T03:58:52.000Z</time><extensions/></trkpt><trkpt lat="35.45302209444344" lon="138.91424903646111"><ele>1423.5999755859375</ele><time>2025-12-06T03:59:00.000Z</time><extensions/></trkpt><trkpt lat="35.45298378914595" lon="138.91418541781604"><ele>1425.199951171875</ele><time>2025-12-06T03:59:09.000Z</time><extensions/></trkpt><trkpt lat="35.45297029428184" lon="138.91413152217865"><ele>1427.199951171875</ele><time>2025-12-06T03:59:19.000Z</time><extensions/></trkpt><trkpt lat="35.452963253483176" lon="138.91412297263741"><ele>1429.0</ele><time>2025-12-06T03:59:32.000Z</time><extensions/></trkpt><trkpt lat="35.45295562595129" lon="138.91405072063208"><ele>1430.5999755859375</ele><time>2025-12-06T04:01:33.000Z</time><extensions/></trkpt><trkpt lat="35.45294011943042" lon="138.9139862637967"><ele>1433.0</ele><time>2025-12-06T04:01:43.000Z</time><extensions/></trkpt><trkpt lat="35.4528982937336" lon="138.91395156271756"><ele>1435.199951171875</ele><time>2025-12-06T04:01:53.000Z</time><extensions/></trkpt><trkpt lat="35.452896198257804" lon="138.91390931792557"><ele>1436.5999755859375</ele><time>2025-12-06T04:02:00.000Z</time><extensions/></trkpt><trkpt lat="35.45285537838936" lon="138.91389674507082"><ele>1438.5999755859375</ele><time>2025-12-06T04:02:09.000Z</time><extensions/></trkpt><trkpt lat="35.45281967148185" lon="138.9138686656952"><ele>1440.199951171875</ele><time>2025-12-06T04:02:18.000Z</time><extensions/></trkpt><trkpt lat="35.452791256830096" lon="138.91382893547416"><ele>1442.5999755859375</ele><time>2025-12-06T04:02:28.000Z</time><extensions/></trkpt><trkpt lat="35.45273819938302" lon="138.91384921967983"><ele>1444.800048828125</ele><time>2025-12-06T04:02:39.000Z</time><extensions/></trkpt><trkpt lat="35.452730152755976" lon="138.91380848363042"><ele>1446.0</ele><time>2025-12-06T04:02:48.000Z</time><extensions/></trkpt><trkpt lat="35.45270358212292" lon="138.9137444458902"><ele>1448.4000244140625</ele><time>2025-12-06T04:03:01.000Z</time><extensions/></trkpt><trkpt lat="35.452671479433775" lon="138.9137322921306"><ele>1450.0</ele><time>2025-12-06T04:03:11.000Z</time><extensions/></trkpt><trkpt lat="35.45267223380506" lon="138.91369842924178"><ele>1452.0</ele><time>2025-12-06T04:03:24.000Z</time><extensions/></trkpt><trkpt lat="35.45263686217368" lon="138.91364319249988"><ele>1453.199951171875</ele><time>2025-12-06T04:03:37.000Z</time><extensions/></trkpt><trkpt lat="35.452627139166" lon="138.91355903819203"><ele>1455.199951171875</ele><time>2025-12-06T04:03:48.000Z</time><extensions/></trkpt><trkpt lat="35.452616745606065" lon="138.913461137563"><ele>1457.0</ele><time>2025-12-06T04:03:58.000Z</time><extensions/></trkpt><trkpt lat="35.452618673443794" lon="138.91341302543879"><ele>1457.4000244140625</ele><time>2025-12-06T04:04:02.000Z</time><extensions/></trkpt><trkpt lat="35.452621690928936" lon="138.913397770375"><ele>1457.5999755859375</ele><time>2025-12-06T04:04:03.000Z</time><extensions/></trkpt><trkpt lat="35.45262546278536" lon="138.9133815933019"><ele>1457.5999755859375</ele><time>2025-12-06T04:04:04.000Z</time><extensions/></trkpt><trkpt lat="35.452628983184695" lon="138.91336767934263"><ele>1457.800048828125</ele><time>2025-12-06T04:04:05.000Z</time><extensions/></trkpt><trkpt lat="35.45263174921274" lon="138.9133533462882"><ele>1457.800048828125</ele><time>2025-12-06T04:04:06.000Z</time><extensions/></trkpt><trkpt lat="35.45263267122209" lon="138.9132436271757"><ele>1457.800048828125</ele><time>2025-12-06T04:04:14.000Z</time><extensions/></trkpt><trkpt lat="35.452672988176346" lon="138.91309862025082"><ele>1457.199951171875</ele><time>2025-12-06T04:04:24.000Z</time><extensions/></trkpt><trkpt lat="35.45272445306182" lon="138.9129920862615"><ele>1456.800048828125</ele><time>2025-12-06T04:04:32.000Z</time><extensions/></trkpt><trkpt lat="35.452730655670166" lon="138.9129169844091"><ele>1456.199951171875</ele><time>2025-12-06T04:04:38.000Z</time><extensions/></trkpt><trkpt lat="35.4527323320508" lon="138.91290239989758"><ele>1456.199951171875</ele><time>2025-12-06T04:04:39.000Z</time><extensions/></trkpt><trkpt lat="35.45273568481207" lon="138.9128884859383"><ele>1456.0</ele><time>2025-12-06T04:04:40.000Z</time><extensions/></trkpt><trkpt lat="35.452739456668496" lon="138.91287356615067"><ele>1456.0</ele><time>2025-12-06T04:04:41.000Z</time><extensions/></trkpt><trkpt lat="35.45276032760739" lon="138.91276753507555"><ele>1454.4000244140625</ele><time>2025-12-06T04:04:49.000Z</time><extensions/></trkpt><trkpt lat="35.452779522165656" lon="138.91268958337605"><ele>1452.800048828125</ele><time>2025-12-06T04:04:57.000Z</time><extensions/></trkpt><trkpt lat="35.45277667231858" lon="138.9126479253173"><ele>1452.0</ele><time>2025-12-06T04:05:05.000Z</time><extensions/></trkpt><trkpt lat="35.45277524739504" lon="138.9126334246248"><ele>1451.800048828125</ele><time>2025-12-06T04:05:06.000Z</time><extensions/></trkpt><trkpt lat="35.45277373865247" lon="138.9126191753894"><ele>1451.5999755859375</ele><time>2025-12-06T04:05:07.000Z</time><extensions/></trkpt><trkpt lat="35.452772565186024" lon="138.9126029983163"><ele>1451.5999755859375</ele><time>2025-12-06T04:05:08.000Z</time><extensions/></trkpt><trkpt lat="35.45277239754796" lon="138.91258598305285"><ele>1451.4000244140625</ele><time>2025-12-06T04:05:09.000Z</time><extensions/></trkpt><trkpt lat="35.45275907032192" lon="138.9124613441527"><ele>1449.800048828125</ele><time>2025-12-06T04:05:18.000Z</time><extensions/></trkpt><trkpt lat="35.452775498852134" lon="138.91235464252532"><ele>1450.4000244140625</ele><time>2025-12-06T04:05:26.000Z</time><extensions/></trkpt><trkpt lat="35.45276896096766" lon="138.91228683292866"><ele>1452.0</ele><time>2025-12-06T04:05:33.000Z</time><extensions/></trkpt><trkpt lat="35.45276502147317" lon="138.91227484680712"><ele>1452.199951171875</ele><time>2025-12-06T04:05:34.000Z</time><extensions/></trkpt><trkpt lat="35.45275873504579" lon="138.91225305385888"><ele>1452.5999755859375</ele><time>2025-12-06T04:05:36.000Z</time><extensions/></trkpt><trkpt lat="35.45275529846549" lon="138.91223821789026"><ele>1452.5999755859375</ele><time>2025-12-06T04:05:37.000Z</time><extensions/></trkpt><trkpt lat="35.452749179676175" lon="138.91222572885454"><ele>1452.800048828125</ele><time>2025-12-06T04:05:38.000Z</time><extensions/></trkpt><trkpt lat="35.45274113304913" lon="138.91221516765654"><ele>1453.0</ele><time>2025-12-06T04:05:39.000Z</time><extensions/></trkpt><trkpt lat="35.45273283496499" lon="138.9122045226395"><ele>1453.0</ele><time>2025-12-06T04:05:40.000Z</time><extensions/></trkpt><trkpt lat="35.452727135270834" lon="138.91219387762249"><ele>1453.199951171875</ele><time>2025-12-06T04:05:41.000Z</time><extensions/></trkpt><trkpt lat="35.452672988176346" lon="138.9121394790709"><ele>1454.4000244140625</ele><time>2025-12-06T04:05:49.000Z</time><extensions/></trkpt><trkpt lat="35.45266158878803" lon="138.91210947185755"><ele>1454.800048828125</ele><time>2025-12-06T04:05:52.000Z</time><extensions/></trkpt><trkpt lat="35.45265412889421" lon="138.91209715045989"><ele>1455.0</ele><time>2025-12-06T04:05:53.000Z</time><extensions/></trkpt><trkpt lat="35.45264733955264" lon="138.91208482906222"><ele>1455.199951171875</ele><time>2025-12-06T04:05:54.000Z</time><extensions/></trkpt><trkpt lat="35.45264189131558" lon="138.9120723400265"><ele>1455.4000244140625</ele><time>2025-12-06T04:05:55.000Z</time><extensions/></trkpt><trkpt lat="35.4526371974498" lon="138.91205934807658"><ele>1455.5999755859375</ele><time>2025-12-06T04:05:56.000Z</time><extensions/></trkpt><trkpt lat="35.45262638479471" lon="138.9120186958462"><ele>1456.0</ele><time>2025-12-06T04:05:59.000Z</time><extensions/></trkpt><trkpt lat="35.45261322520673" lon="138.91195113770664"><ele>1456.4000244140625</ele><time>2025-12-06T04:06:04.000Z</time><extensions/></trkpt><trkpt lat="35.45261163264513" lon="138.91193655319512"><ele>1456.4000244140625</ele><time>2025-12-06T04:06:05.000Z</time><extensions/></trkpt><trkpt lat="35.45260543003678" lon="138.91192523762584"><ele>1456.4000244140625</ele><time>2025-12-06T04:06:06.000Z</time><extensions/></trkpt><trkpt lat="35.452599227428436" lon="138.911915095523"><ele>1456.4000244140625</ele><time>2025-12-06T04:06:07.000Z</time><extensions/></trkpt><trkpt lat="35.45259512029588" lon="138.91190327703953"><ele>1456.4000244140625</ele><time>2025-12-06T04:06:08.000Z</time><extensions/></trkpt><trkpt lat="35.45259268954396" lon="138.91188936308026"><ele>1456.4000244140625</ele><time>2025-12-06T04:06:09.000Z</time><extensions/></trkpt><trkpt lat="35.45256033539772" lon="138.911809399724"><ele>1456.5999755859375</ele><time>2025-12-06T04:06:16.000Z</time><extensions/></trkpt><trkpt lat="35.45250065624714" lon="138.91170797869563"><ele>1457.4000244140625</ele><time>2025-12-06T04:06:25.000Z</time><extensions/></trkpt><trkpt lat="35.45245883055031" lon="138.91162114217877"><ele>1458.199951171875</ele><time>2025-12-06T04:06:33.000Z</time><extensions/></trkpt><trkpt lat="35.452418429777026" lon="138.91153103671968"><ele>1459.5999755859375</ele><time>2025-12-06T04:06:43.000Z</time><extensions/></trkpt><trkpt lat="35.45238439925015" lon="138.91148133203387"><ele>1460.5999755859375</ele><time>2025-12-06T04:06:49.000Z</time><extensions/></trkpt><trkpt lat="35.45237559825182" lon="138.91147387214005"><ele>1460.5999755859375</ele><time>2025-12-06T04:06:50.000Z</time><extensions/></trkpt><trkpt lat="35.4523678869009" lon="138.911465825513"><ele>1460.800048828125</ele><time>2025-12-06T04:06:51.000Z</time><extensions/></trkpt><trkpt lat="35.452350033447146" lon="138.9114628918469"><ele>1461.0</ele><time>2025-12-06T04:06:53.000Z</time><extensions/></trkpt><trkpt lat="35.452339220792055" lon="138.91146171838045"><ele>1461.199951171875</ele><time>2025-12-06T04:06:54.000Z</time><extensions/></trkpt><trkpt lat="35.45227979309857" lon="138.911418216303"><ele>1462.5999755859375</ele><time>2025-12-06T04:07:02.000Z</time><extensions/></trkpt><trkpt lat="35.45225305482745" lon="138.91138527542353"><ele>1463.5999755859375</ele><time>2025-12-06T04:07:06.000Z</time><extensions/></trkpt><trkpt lat="35.452238051220775" lon="138.91123339533806"><ele>1464.5999755859375</ele><time>2025-12-06T04:07:16.000Z</time><extensions/></trkpt><trkpt lat="35.45222614891827" lon="138.9111426193267"><ele>1464.5999755859375</ele><time>2025-12-06T04:07:22.000Z</time><extensions/></trkpt><trkpt lat="35.45219614170492" lon="138.91100054606795"><ele>1465.0</ele><time>2025-12-06T04:07:31.000Z</time><extensions/></trkpt><trkpt lat="35.4521606862545" lon="138.91088269650936"><ele>1465.800048828125</ele><time>2025-12-06T04:07:39.000Z</time><extensions/></trkpt><trkpt lat="35.45208047144115" lon="138.9107612427324"><ele>1465.199951171875</ele><time>2025-12-06T04:07:49.000Z</time><extensions/></trkpt><trkpt lat="35.452007884159684" lon="138.91065563075244"><ele>1463.800048828125</ele><time>2025-12-06T04:07:58.000Z</time><extensions/></trkpt><trkpt lat="35.45199774205685" lon="138.91065009869635"><ele>1463.5999755859375</ele><time>2025-12-06T04:07:59.000Z</time><extensions/></trkpt><trkpt lat="35.451985923573375" lon="138.9106468297541"><ele>1463.5999755859375</ele><time>2025-12-06T04:08:00.000Z</time><extensions/></trkpt><trkpt lat="35.45187913812697" lon="138.91066602431238"><ele>1463.800048828125</ele><time>2025-12-06T04:08:10.000Z</time><extensions/></trkpt><trkpt lat="35.45178567990661" lon="138.91066962853074"><ele>1462.800048828125</ele><time>2025-12-06T04:08:17.000Z</time><extensions/></trkpt><trkpt lat="35.45177017338574" lon="138.91066644340754"><ele>1462.5999755859375</ele><time>2025-12-06T04:08:18.000Z</time><extensions/></trkpt><trkpt lat="35.451756343245506" lon="138.91066518612206"><ele>1462.4000244140625</ele><time>2025-12-06T04:08:19.000Z</time><extensions/></trkpt><trkpt lat="35.45174226164818" lon="138.91066904179752"><ele>1462.0</ele><time>2025-12-06T04:08:20.000Z</time><extensions/></trkpt><trkpt lat="35.45172868296504" lon="138.91067046672106"><ele>1461.800048828125</ele><time>2025-12-06T04:08:21.000Z</time><extensions/></trkpt><trkpt lat="35.45171502046287" lon="138.91067105345428"><ele>1461.800048828125</ele><time>2025-12-06T04:08:22.000Z</time><extensions/></trkpt><trkpt lat="35.45162064023316" lon="138.91065035015345"><ele>1460.5999755859375</ele><time>2025-12-06T04:08:30.000Z</time><extensions/></trkpt><trkpt lat="35.45151419006288" lon="138.9105852227658"><ele>1460.0</ele><time>2025-12-06T04:08:39.000Z</time><extensions/></trkpt><trkpt lat="35.45142324641347" lon="138.91050559468567"><ele>1459.800048828125</ele><time>2025-12-06T04:08:47.000Z</time><extensions/></trkpt><trkpt lat="35.45133205130696" lon="138.91042286530137"><ele>1460.199951171875</ele><time>2025-12-06T04:08:56.000Z</time><extensions/></trkpt><trkpt lat="35.45127463527024" lon="138.9103333465755"><ele>1459.4000244140625</ele><time>2025-12-06T04:09:04.000Z</time><extensions/></trkpt><trkpt lat="35.45126968994737" lon="138.91030753031373"><ele>1459.0</ele><time>2025-12-06T04:09:06.000Z</time><extensions/></trkpt><trkpt lat="35.4512610565871" lon="138.91029428690672"><ele>1458.800048828125</ele><time>2025-12-06T04:09:07.000Z</time><extensions/></trkpt><trkpt lat="35.451250495389104" lon="138.9102820493281"><ele>1458.5999755859375</ele><time>2025-12-06T04:09:08.000Z</time><extensions/></trkpt><trkpt lat="35.45122233219445" lon="138.91021884977818"><ele>1457.4000244140625</ele><time>2025-12-06T04:09:13.000Z</time><extensions/></trkpt><trkpt lat="35.45121814124286" lon="138.91019437462091"><ele>1456.800048828125</ele><time>2025-12-06T04:09:15.000Z</time><extensions/></trkpt><trkpt lat="35.45121185481548" lon="138.91018079593778"><ele>1456.5999755859375</ele><time>2025-12-06T04:09:16.000Z</time><extensions/></trkpt><trkpt lat="35.45114706270397" lon="138.91008951701224"><ele>1453.5999755859375</ele><time>2025-12-06T04:09:25.000Z</time><extensions/></trkpt><trkpt lat="35.45113708823919" lon="138.91006437130272"><ele>1453.0</ele><time>2025-12-06T04:09:27.000Z</time><extensions/></trkpt><trkpt lat="35.45108461752534" lon="138.90999044291675"><ele>1450.0</ele><time>2025-12-06T04:09:36.000Z</time><extensions/></trkpt><trkpt lat="35.45103868469596" lon="138.90989187173545"><ele>1446.800048828125</ele><time>2025-12-06T04:09:46.000Z</time><extensions/></trkpt><trkpt lat="35.4510107729584" lon="138.90982347540557"><ele>1444.4000244140625</ele><time>2025-12-06T04:09:53.000Z</time><extensions/></trkpt><trkpt lat="35.450958888977766" lon="138.90970604494214"><ele>1441.199951171875</ele><time>2025-12-06T04:10:03.000Z</time><extensions/></trkpt><trkpt lat="35.45091899111867" lon="138.909607892856"><ele>1439.800048828125</ele><time>2025-12-06T04:10:10.000Z</time><extensions/></trkpt><trkpt lat="35.45085604302585" lon="138.90950152650476"><ele>1438.5999755859375</ele><time>2025-12-06T04:10:18.000Z</time><extensions/></trkpt><trkpt lat="35.45080214738846" lon="138.90939876437187"><ele>1438.199951171875</ele><time>2025-12-06T04:10:27.000Z</time><extensions/></trkpt><trkpt lat="35.450789239257574" lon="138.90933078713715"><ele>1438.800048828125</ele><time>2025-12-06T04:10:34.000Z</time><extensions/></trkpt><trkpt lat="35.45077482238412" lon="138.90926599502563"><ele>1439.800048828125</ele><time>2025-12-06T04:10:40.000Z</time><extensions/></trkpt><trkpt lat="35.45075981877744" lon="138.9091918990016"><ele>1440.800048828125</ele><time>2025-12-06T04:10:47.000Z</time><extensions/></trkpt><trkpt lat="35.450746323913336" lon="138.9091068226844"><ele>1443.4000244140625</ele><time>2025-12-06T04:10:56.000Z</time><extensions/></trkpt><trkpt lat="35.450746826827526" lon="138.90908394008875"><ele>1445.800048828125</ele><time>2025-12-06T04:11:09.000Z</time><extensions/></trkpt><trkpt lat="35.450725788250566" lon="138.9090341515839"><ele>1446.5999755859375</ele><time>2025-12-06T04:11:19.000Z</time><extensions/></trkpt><trkpt lat="35.45070206746459" lon="138.90899039804935"><ele>1448.0</ele><time>2025-12-06T04:11:28.000Z</time><extensions/></trkpt><trkpt lat="35.45068354345858" lon="138.90896525233984"><ele>1450.199951171875</ele><time>2025-12-06T04:11:43.000Z</time><extensions/></trkpt><trkpt lat="35.45066116377711" lon="138.90890255570412"><ele>1451.199951171875</ele><time>2025-12-06T04:11:53.000Z</time><extensions/></trkpt><trkpt lat="35.4506323300302" lon="138.9088285434991"><ele>1453.199951171875</ele><time>2025-12-06T04:12:04.000Z</time><extensions/></trkpt><trkpt lat="35.45062252320349" lon="138.90876132063568"><ele>1455.199951171875</ele><time>2025-12-06T04:12:13.000Z</time><extensions/></trkpt><trkpt lat="35.45059058815241" lon="138.90867666341364"><ele>1457.199951171875</ele><time>2025-12-06T04:12:24.000Z</time><extensions/></trkpt><trkpt lat="35.45056049712002" lon="138.90862905420363"><ele>1458.800048828125</ele><time>2025-12-06T04:12:33.000Z</time><extensions/></trkpt><trkpt lat="35.45051774941385" lon="138.90857574529946"><ele>1460.4000244140625</ele><time>2025-12-06T04:12:43.000Z</time><extensions/></trkpt><trkpt lat="35.45048547908664" lon="138.90850885771215"><ele>1461.800048828125</ele><time>2025-12-06T04:12:51.000Z</time><extensions/></trkpt><trkpt lat="35.45045346021652" lon="138.9084320794791"><ele>1463.5999755859375</ele><time>2025-12-06T04:13:04.000Z</time><extensions/></trkpt><trkpt lat="35.45044206082821" lon="138.90836711972952"><ele>1465.5999755859375</ele><time>2025-12-06T04:13:15.000Z</time><extensions/></trkpt><trkpt lat="35.4504322540015" lon="138.90831414610147"><ele>1467.0</ele><time>2025-12-06T04:13:24.000Z</time><extensions/></trkpt><trkpt lat="35.45042345300317" lon="138.9082777686417"><ele>1468.800048828125</ele><time>2025-12-06T04:13:33.000Z</time><extensions/></trkpt><trkpt lat="35.45041708275676" lon="138.90820828266442"><ele>1470.5999755859375</ele><time>2025-12-06T04:13:42.000Z</time><extensions/></trkpt><trkpt lat="35.4504029173404" lon="138.90814256854355"><ele>1472.199951171875</ele><time>2025-12-06T04:13:51.000Z</time><extensions/></trkpt><trkpt lat="35.45040895231068" lon="138.90802999958396"><ele>1474.0</ele><time>2025-12-06T04:14:02.000Z</time><extensions/></trkpt><trkpt lat="35.4504356905818" lon="138.90792606398463"><ele>1475.5999755859375</ele><time>2025-12-06T04:14:11.000Z</time><extensions/></trkpt><trkpt lat="35.450445748865604" lon="138.9079016726464"><ele>1476.0</ele><time>2025-12-06T04:14:13.000Z</time><extensions/></trkpt><trkpt lat="35.450453124940395" lon="138.90789044089615"><ele>1476.199951171875</ele><time>2025-12-06T04:14:14.000Z</time><extensions/></trkpt><trkpt lat="35.45051531866193" lon="138.90778767876327"><ele>1476.800048828125</ele><time>2025-12-06T04:14:23.000Z</time><extensions/></trkpt><trkpt lat="35.450608441606164" lon="138.90770746394992"><ele>1477.0</ele><time>2025-12-06T04:14:33.000Z</time><extensions/></trkpt><trkpt lat="35.45064389705658" lon="138.9076825696975"><ele>1477.0</ele><time>2025-12-06T04:14:37.000Z</time><extensions/></trkpt><trkpt lat="35.45072687789798" lon="138.90759523026645"><ele>1476.0</ele><time>2025-12-06T04:14:46.000Z</time><extensions/></trkpt><trkpt lat="35.45074657537043" lon="138.90756262466311"><ele>1475.5999755859375</ele><time>2025-12-06T04:14:49.000Z</time><extensions/></trkpt><trkpt lat="35.450754035264254" lon="138.90755139291286"><ele>1475.4000244140625</ele><time>2025-12-06T04:14:50.000Z</time><extensions/></trkpt><trkpt lat="35.450763339176774" lon="138.90754108317196"><ele>1475.199951171875</ele><time>2025-12-06T04:14:51.000Z</time><extensions/></trkpt><trkpt lat="35.45077138580382" lon="138.9075298514217"><ele>1475.0</ele><time>2025-12-06T04:14:52.000Z</time><extensions/></trkpt><trkpt lat="35.45077934861183" lon="138.9075184520334"><ele>1474.800048828125</ele><time>2025-12-06T04:14:53.000Z</time><extensions/></trkpt><trkpt lat="35.45079594478011" lon="138.9074991736561"><ele>1474.4000244140625</ele><time>2025-12-06T04:14:55.000Z</time><extensions/></trkpt><trkpt lat="35.45082192867994" lon="138.9074714295566"><ele>1473.5999755859375</ele><time>2025-12-06T04:14:58.000Z</time><extensions/></trkpt><trkpt lat="35.45086325146258" lon="138.90740177594125"><ele>1472.5999755859375</ele><time>2025-12-06T04:15:04.000Z</time><extensions/></trkpt><trkpt lat="35.450869370251894" lon="138.90738978981972"><ele>1472.5999755859375</ele><time>2025-12-06T04:15:05.000Z</time><extensions/></trkpt><trkpt lat="35.450941286981106" lon="138.90731401741505"><ele>1470.800048828125</ele><time>2025-12-06T04:15:13.000Z</time><extensions/></trkpt><trkpt lat="35.45100272633135" lon="138.90717345289886"><ele>1468.199951171875</ele><time>2025-12-06T04:15:24.000Z</time><extensions/></trkpt><trkpt lat="35.45102887786925" lon="138.9070820901543"><ele>1467.0</ele><time>2025-12-06T04:15:31.000Z</time><extensions/></trkpt><trkpt lat="35.45103273354471" lon="138.90706666745245"><ele>1466.800048828125</ele><time>2025-12-06T04:15:32.000Z</time><extensions/></trkpt><trkpt lat="35.45103767886758" lon="138.90705342404544"><ele>1466.5999755859375</ele><time>2025-12-06T04:15:33.000Z</time><extensions/></trkpt><trkpt lat="35.451094172894955" lon="138.9069301262498"><ele>1465.0</ele><time>2025-12-06T04:15:41.000Z</time><extensions/></trkpt><trkpt lat="35.45110875740647" lon="138.90681822784245"><ele>1464.5999755859375</ele><time>2025-12-06T04:15:49.000Z</time><extensions/></trkpt><trkpt lat="35.4511265270412" lon="138.9066957682371"><ele>1464.800048828125</ele><time>2025-12-06T04:15:58.000Z</time><extensions/></trkpt><trkpt lat="35.45113055035472" lon="138.90668478794396"><ele>1464.800048828125</ele><time>2025-12-06T04:15:59.000Z</time><extensions/></trkpt><trkpt lat="35.45116826891899" lon="138.9065934251994"><ele>1463.4000244140625</ele><time>2025-12-06T04:16:07.000Z</time><extensions/></trkpt><trkpt lat="35.45117405243218" lon="138.9065815228969"><ele>1463.0</ele><time>2025-12-06T04:16:08.000Z</time><extensions/></trkpt><trkpt lat="35.45119592919946" lon="138.90653366222978"><ele>1461.4000244140625</ele><time>2025-12-06T04:16:15.000Z</time><extensions/></trkpt><trkpt lat="35.45121755450964" lon="138.90649493783712"><ele>1460.5999755859375</ele><time>2025-12-06T04:16:25.000Z</time><extensions/></trkpt><trkpt lat="35.45122769661248" lon="138.90648504719138"><ele>1460.5999755859375</ele><time>2025-12-06T04:16:26.000Z</time><extensions/></trkpt><trkpt lat="35.451238760724664" lon="138.9064758270979"><ele>1460.5999755859375</ele><time>2025-12-06T04:16:27.000Z</time><extensions/></trkpt><trkpt lat="35.45130061917007" lon="138.90637448988855"><ele>1460.4000244140625</ele><time>2025-12-06T04:16:35.000Z</time><extensions/></trkpt><trkpt lat="35.451302798464894" lon="138.9063497632742"><ele>1460.5999755859375</ele><time>2025-12-06T04:16:37.000Z</time><extensions/></trkpt><trkpt lat="35.45133423060179" lon="138.90625865198672"><ele>1461.800048828125</ele><time>2025-12-06T04:16:46.000Z</time><extensions/></trkpt><trkpt lat="35.451338924467564" lon="138.90622889623046"><ele>1463.199951171875</ele><time>2025-12-06T04:16:55.000Z</time><extensions/></trkpt><trkpt lat="35.451338924467564" lon="138.90621456317604"><ele>1463.4000244140625</ele><time>2025-12-06T04:16:56.000Z</time><extensions/></trkpt><trkpt lat="35.45134227722883" lon="138.90619955956936"><ele>1463.4000244140625</ele><time>2025-12-06T04:16:57.000Z</time><extensions/></trkpt><trkpt lat="35.45137722976506" lon="138.90603275969625"><ele>1463.199951171875</ele><time>2025-12-06T04:17:08.000Z</time><extensions/></trkpt><trkpt lat="35.45142852701247" lon="138.9059020858258"><ele>1462.199951171875</ele><time>2025-12-06T04:17:18.000Z</time><extensions/></trkpt><trkpt lat="35.45146917924285" lon="138.9057884272188"><ele>1459.800048828125</ele><time>2025-12-06T04:17:27.000Z</time><extensions/></trkpt><trkpt lat="35.45148812234402" lon="138.9057556539774"><ele>1459.199951171875</ele><time>2025-12-06T04:17:30.000Z</time><extensions/></trkpt><trkpt lat="35.4515546746552" lon="138.9057051949203"><ele>1457.800048828125</ele><time>2025-12-06T04:17:38.000Z</time><extensions/></trkpt><trkpt lat="35.45158317312598" lon="138.90568583272398"><ele>1457.199951171875</ele><time>2025-12-06T04:17:41.000Z</time><extensions/></trkpt><trkpt lat="35.45160345733166" lon="138.90565532259643"><ele>1456.800048828125</ele><time>2025-12-06T04:17:44.000Z</time><extensions/></trkpt><trkpt lat="35.45161225832999" lon="138.90564425848424"><ele>1456.800048828125</ele><time>2025-12-06T04:17:45.000Z</time><extensions/></trkpt><trkpt lat="35.45161913149059" lon="138.9056320209056"><ele>1456.5999755859375</ele><time>2025-12-06T04:17:46.000Z</time><extensions/></trkpt><trkpt lat="35.45162323862314" lon="138.90561835840344"><ele>1456.5999755859375</ele><time>2025-12-06T04:17:47.000Z</time><extensions/></trkpt><trkpt lat="35.451618041843176" lon="138.90550863929093"><ele>1455.4000244140625</ele><time>2025-12-06T04:17:55.000Z</time><extensions/></trkpt><trkpt lat="35.451646372675896" lon="138.90538525767624"><ele>1453.800048828125</ele><time>2025-12-06T04:18:03.000Z</time><extensions/></trkpt><trkpt lat="35.451627764850855" lon="138.90524502843618"><ele>1452.0</ele><time>2025-12-06T04:18:13.000Z</time><extensions/></trkpt><trkpt lat="35.45158853754401" lon="138.90516196377575"><ele>1451.800048828125</ele><time>2025-12-06T04:18:20.000Z</time><extensions/></trkpt><trkpt lat="35.45158845372498" lon="138.90504989773035"><ele>1452.0</ele><time>2025-12-06T04:18:28.000Z</time><extensions/></trkpt><trkpt lat="35.451600942760706" lon="138.905025171116"><ele>1451.800048828125</ele><time>2025-12-06T04:18:30.000Z</time><extensions/></trkpt><trkpt lat="35.45168166048825" lon="138.904916793108"><ele>1449.800048828125</ele><time>2025-12-06T04:18:40.000Z</time><extensions/></trkpt><trkpt lat="35.451720636337996" lon="138.90484378673136"><ele>1447.4000244140625</ele><time>2025-12-06T04:18:49.000Z</time><extensions/></trkpt><trkpt lat="35.45167193748057" lon="138.90485594049096"><ele>1445.800048828125</ele><time>2025-12-06T04:18:55.000Z</time><extensions/></trkpt><trkpt lat="35.45165718533099" lon="138.90487027354538"><ele>1445.5999755859375</ele><time>2025-12-06T04:18:57.000Z</time><extensions/></trkpt><trkpt lat="35.45164318755269" lon="138.9048649929464"><ele>1444.5999755859375</ele><time>2025-12-06T04:19:03.000Z</time><extensions/></trkpt><trkpt lat="35.45165718533099" lon="138.90484487637877"><ele>1444.199951171875</ele><time>2025-12-06T04:19:05.000Z</time><extensions/></trkpt><trkpt lat="35.45170077122748" lon="138.90473943203688"><ele>1442.0</ele><time>2025-12-06T04:19:13.000Z</time><extensions/></trkpt><trkpt lat="35.45172868296504" lon="138.90462342649698"><ele>1440.199951171875</ele><time>2025-12-06T04:19:22.000Z</time><extensions/></trkpt><trkpt lat="35.451720636337996" lon="138.90460104681551"><ele>1439.5999755859375</ele><time>2025-12-06T04:19:24.000Z</time><extensions/></trkpt><trkpt lat="35.45171292498708" lon="138.90457414090633"><ele>1439.0</ele><time>2025-12-06T04:19:26.000Z</time><extensions/></trkpt><trkpt lat="35.451715355739" lon="138.9045587182045"><ele>1438.5999755859375</ele><time>2025-12-06T04:19:27.000Z</time><extensions/></trkpt><trkpt lat="35.451721139252186" lon="138.90454622916877"><ele>1438.4000244140625</ele><time>2025-12-06T04:19:28.000Z</time><extensions/></trkpt><trkpt lat="35.45172415673733" lon="138.90453558415174"><ele>1438.199951171875</ele><time>2025-12-06T04:19:29.000Z</time><extensions/></trkpt><trkpt lat="35.4517219774425" lon="138.9045235980302"><ele>1438.0</ele><time>2025-12-06T04:19:30.000Z</time><extensions/></trkpt><trkpt lat="35.451719630509615" lon="138.90451203100383"><ele>1437.5999755859375</ele><time>2025-12-06T04:19:31.000Z</time><extensions/></trkpt><trkpt lat="35.45171493664384" lon="138.90449962578714"><ele>1437.4000244140625</ele><time>2025-12-06T04:19:32.000Z</time><extensions/></trkpt><trkpt lat="35.451711332425475" lon="138.9044855441898"><ele>1437.199951171875</ele><time>2025-12-06T04:19:33.000Z</time><extensions/></trkpt><trkpt lat="35.45170948840678" lon="138.90447037294507"><ele>1436.800048828125</ele><time>2025-12-06T04:19:34.000Z</time><extensions/></trkpt><trkpt lat="35.45170965604484" lon="138.90445612370968"><ele>1436.4000244140625</ele><time>2025-12-06T04:19:35.000Z</time><extensions/></trkpt><trkpt lat="35.45170814730227" lon="138.9044424612075"><ele>1436.199951171875</ele><time>2025-12-06T04:19:36.000Z</time><extensions/></trkpt><trkpt lat="35.45170764438808" lon="138.9044260326773"><ele>1436.0</ele><time>2025-12-06T04:19:37.000Z</time><extensions/></trkpt><trkpt lat="35.45170873403549" lon="138.90440901741385"><ele>1435.800048828125</ele><time>2025-12-06T04:19:38.000Z</time><extensions/></trkpt><trkpt lat="35.45170797966421" lon="138.90425906516612"><ele>1434.199951171875</ele><time>2025-12-06T04:19:47.000Z</time><extensions/></trkpt><trkpt lat="35.45171988196671" lon="138.90408706851304"><ele>1433.5999755859375</ele><time>2025-12-06T04:19:58.000Z</time><extensions/></trkpt><trkpt lat="35.45173689723015" lon="138.90394499525428"><ele>1433.199951171875</ele><time>2025-12-06T04:20:07.000Z</time><extensions/></trkpt><trkpt lat="35.45174779370427" lon="138.90385908074677"><ele>1433.4000244140625</ele><time>2025-12-06T04:20:13.000Z</time><extensions/></trkpt><trkpt lat="35.451745530590415" lon="138.90384449623525"><ele>1433.4000244140625</ele><time>2025-12-06T04:20:14.000Z</time><extensions/></trkpt><trkpt lat="35.45174955390394" lon="138.90369035303593"><ele>1432.800048828125</ele><time>2025-12-06T04:20:24.000Z</time><extensions/></trkpt><trkpt lat="35.45175734907389" lon="138.90361852012575"><ele>1433.0</ele><time>2025-12-06T04:20:31.000Z</time><extensions/></trkpt><trkpt lat="35.45176782645285" lon="138.90354618430138"><ele>1434.800048828125</ele><time>2025-12-06T04:20:41.000Z</time><extensions/></trkpt><trkpt lat="35.451787021011114" lon="138.90348642133176"><ele>1437.4000244140625</ele><time>2025-12-06T04:20:50.000Z</time><extensions/></trkpt><trkpt lat="35.45179456472397" lon="138.9034074638039"><ele>1439.800048828125</ele><time>2025-12-06T04:20:59.000Z</time><extensions/></trkpt><trkpt lat="35.45182096771896" lon="138.9033329486847"><ele>1441.4000244140625</ele><time>2025-12-06T04:21:09.000Z</time><extensions/></trkpt><trkpt lat="35.451814429834485" lon="138.90328684821725"><ele>1442.5999755859375</ele><time>2025-12-06T04:21:19.000Z</time><extensions/></trkpt><trkpt lat="35.45182792469859" lon="138.90324778854847"><ele>1443.5999755859375</ele><time>2025-12-06T04:21:27.000Z</time><extensions/></trkpt><trkpt lat="35.45189288444817" lon="138.90318375080824"><ele>1445.0</ele><time>2025-12-06T04:21:38.000Z</time><extensions/></trkpt><trkpt lat="35.451900428161025" lon="138.90317277051508"><ele>1445.199951171875</ele><time>2025-12-06T04:21:39.000Z</time><extensions/></trkpt><trkpt lat="35.45190847478807" lon="138.90315868891776"><ele>1445.199951171875</ele><time>2025-12-06T04:21:40.000Z</time><extensions/></trkpt><trkpt lat="35.45191492885351" lon="138.90314418822527"><ele>1445.4000244140625</ele><time>2025-12-06T04:21:41.000Z</time><extensions/></trkpt><trkpt lat="35.45192012563348" lon="138.90305508859456"><ele>1446.0</ele><time>2025-12-06T04:21:48.000Z</time><extensions/></trkpt><trkpt lat="35.45192129909992" lon="138.90302726067603"><ele>1446.0</ele><time>2025-12-06T04:21:50.000Z</time><extensions/></trkpt><trkpt lat="35.451920460909605" lon="138.9029381610453"><ele>1447.0</ele><time>2025-12-06T04:21:58.000Z</time><extensions/></trkpt><trkpt lat="35.45189715921879" lon="138.90285509638488"><ele>1448.4000244140625</ele><time>2025-12-06T04:22:07.000Z</time><extensions/></trkpt><trkpt lat="35.451885340735316" lon="138.9027864485979"><ele>1449.0</ele><time>2025-12-06T04:22:13.000Z</time><extensions/></trkpt><trkpt lat="35.45188399963081" lon="138.90277236700058"><ele>1449.199951171875</ele><time>2025-12-06T04:22:14.000Z</time><extensions/></trkpt><trkpt lat="35.45188257470727" lon="138.90275677666068"><ele>1449.199951171875</ele><time>2025-12-06T04:22:15.000Z</time><extensions/></trkpt><trkpt lat="35.451883831992745" lon="138.9027385879308"><ele>1449.4000244140625</ele><time>2025-12-06T04:22:16.000Z</time><extensions/></trkpt><trkpt lat="35.451887687668204" lon="138.90272081829607"><ele>1449.4000244140625</ele><time>2025-12-06T04:22:17.000Z</time><extensions/></trkpt><trkpt lat="35.451890621334314" lon="138.90270338393748"><ele>1449.5999755859375</ele><time>2025-12-06T04:22:18.000Z</time><extensions/></trkpt><trkpt lat="35.45189196243882" lon="138.90268754214048"><ele>1449.800048828125</ele><time>2025-12-06T04:22:19.000Z</time><extensions/></trkpt><trkpt lat="35.45188492164016" lon="138.902649236843"><ele>1450.199951171875</ele><time>2025-12-06T04:22:22.000Z</time><extensions/></trkpt><trkpt lat="35.45188173651695" lon="138.90263616107404"><ele>1450.199951171875</ele><time>2025-12-06T04:22:23.000Z</time><extensions/></trkpt><trkpt lat="35.45184317976236" lon="138.90252962708473"><ele>1450.800048828125</ele><time>2025-12-06T04:22:33.000Z</time><extensions/></trkpt><trkpt lat="35.451763635501266" lon="138.90245812945068"><ele>1450.5999755859375</ele><time>2025-12-06T04:22:42.000Z</time><extensions/></trkpt><trkpt lat="35.451640924438834" lon="138.902392918244"><ele>1450.0</ele><time>2025-12-06T04:22:52.000Z</time><extensions/></trkpt><trkpt lat="35.4515459574759" lon="138.9022750686854"><ele>1449.5999755859375</ele><time>2025-12-06T04:23:02.000Z</time><extensions/></trkpt><trkpt lat="35.45146272517741" lon="138.902218490839"><ele>1449.199951171875</ele><time>2025-12-06T04:23:10.000Z</time><extensions/></trkpt><trkpt lat="35.45145057141781" lon="138.90221949666739"><ele>1449.199951171875</ele><time>2025-12-06T04:23:11.000Z</time><extensions/></trkpt><trkpt lat="35.451438250020146" lon="138.9022192452103"><ele>1449.199951171875</ele><time>2025-12-06T04:23:12.000Z</time><extensions/></trkpt><trkpt lat="35.451334146782756" lon="138.90214296989143"><ele>1448.800048828125</ele><time>2025-12-06T04:23:21.000Z</time><extensions/></trkpt><trkpt lat="35.451241778209805" lon="138.9020511880517"><ele>1448.199951171875</ele><time>2025-12-06T04:23:30.000Z</time><extensions/></trkpt><trkpt lat="35.45118226669729" lon="138.9019306562841"><ele>1447.4000244140625</ele><time>2025-12-06T04:23:39.000Z</time><extensions/></trkpt><trkpt lat="35.451104482635856" lon="138.90183585695922"><ele>1445.5999755859375</ele><time>2025-12-06T04:23:47.000Z</time><extensions/></trkpt><trkpt lat="35.45104312710464" lon="138.90171616338193"><ele>1443.0</ele><time>2025-12-06T04:23:56.000Z</time><extensions/></trkpt><trkpt lat="35.45104027725756" lon="138.9017055183649"><ele>1441.4000244140625</ele><time>2025-12-06T04:24:03.000Z</time><extensions/></trkpt><trkpt lat="35.45103399083018" lon="138.9016909338534"><ele>1441.199951171875</ele><time>2025-12-06T04:24:04.000Z</time><extensions/></trkpt><trkpt lat="35.4510263632983" lon="138.90167701989412"><ele>1441.199951171875</ele><time>2025-12-06T04:24:05.000Z</time><extensions/></trkpt><trkpt lat="35.451016053557396" lon="138.90166436322033"><ele>1441.199951171875</ele><time>2025-12-06T04:24:06.000Z</time><extensions/></trkpt><trkpt lat="35.4510038997978" lon="138.9016512874514"><ele>1441.199951171875</ele><time>2025-12-06T04:24:07.000Z</time><extensions/></trkpt><trkpt lat="35.450898287817836" lon="138.901549866423"><ele>1439.199951171875</ele><time>2025-12-06T04:24:17.000Z</time><extensions/></trkpt><trkpt lat="35.4508395306766" lon="138.9014919474721"><ele>1438.5999755859375</ele><time>2025-12-06T04:24:23.000Z</time><extensions/></trkpt><trkpt lat="35.450826454907656" lon="138.9014914445579"><ele>1438.5999755859375</ele><time>2025-12-06T04:24:24.000Z</time><extensions/></trkpt><trkpt lat="35.45081304386258" lon="138.90149069018662"><ele>1438.5999755859375</ele><time>2025-12-06T04:24:25.000Z</time><extensions/></trkpt><trkpt lat="35.45075822621584" lon="138.9014818891883"><ele>1439.199951171875</ele><time>2025-12-06T04:24:30.000Z</time><extensions/></trkpt><trkpt lat="35.45075085014105" lon="138.9014710765332"><ele>1439.199951171875</ele><time>2025-12-06T04:24:31.000Z</time><extensions/></trkpt><trkpt lat="35.450746323913336" lon="138.90145791694522"><ele>1439.4000244140625</ele><time>2025-12-06T04:24:32.000Z</time><extensions/></trkpt><trkpt lat="35.45072838664055" lon="138.90140586532652"><ele>1440.5999755859375</ele><time>2025-12-06T04:24:37.000Z</time><extensions/></trkpt><trkpt lat="35.45070994645357" lon="138.90139689669013"><ele>1441.4000244140625</ele><time>2025-12-06T04:24:39.000Z</time><extensions/></trkpt><trkpt lat="35.45070022344589" lon="138.90139144845307"><ele>1441.800048828125</ele><time>2025-12-06T04:24:40.000Z</time><extensions/></trkpt><trkpt lat="35.45069083571434" lon="138.90138725750148"><ele>1442.0</ele><time>2025-12-06T04:24:41.000Z</time><extensions/></trkpt><trkpt lat="35.450680777430534" lon="138.90138507820666"><ele>1442.4000244140625</ele><time>2025-12-06T04:24:42.000Z</time><extensions/></trkpt><trkpt lat="35.4506706353277" lon="138.90138189308345"><ele>1442.800048828125</ele><time>2025-12-06T04:24:43.000Z</time><extensions/></trkpt><trkpt lat="35.450620679184794" lon="138.90133721753955"><ele>1445.199951171875</ele><time>2025-12-06T04:24:50.000Z</time><extensions/></trkpt><trkpt lat="35.45061816461384" lon="138.9013143349439"><ele>1447.0</ele><time>2025-12-06T04:24:58.000Z</time><extensions/></trkpt><trkpt lat="35.45059653930366" lon="138.90130737796426"><ele>1446.5999755859375</ele><time>2025-12-06T04:25:48.000Z</time><extensions/></trkpt><trkpt lat="35.450574746355414" lon="138.901311988011"><ele>1446.5999755859375</ele><time>2025-12-06T04:25:50.000Z</time><extensions/></trkpt><trkpt lat="35.45056326314807" lon="138.90131735242903"><ele>1446.800048828125</ele><time>2025-12-06T04:25:51.000Z</time><extensions/></trkpt><trkpt lat="35.45047516934574" lon="138.90134987421334"><ele>1446.4000244140625</ele><time>2025-12-06T04:26:01.000Z</time><extensions/></trkpt><trkpt lat="35.45047433115542" lon="138.90135205350816"><ele>1444.800048828125</ele><time>2025-12-06T04:26:11.000Z</time><extensions/></trkpt><trkpt lat="35.45050752349198" lon="138.9013420790434"><ele>1444.5999755859375</ele><time>2025-12-06T04:26:24.000Z</time><extensions/></trkpt><trkpt lat="35.45048983767629" lon="138.90134249813855"><ele>1444.800048828125</ele><time>2025-12-06T04:26:27.000Z</time><extensions/></trkpt><trkpt lat="35.45047818683088" lon="138.90134325250983"><ele>1444.800048828125</ele><time>2025-12-06T04:26:28.000Z</time><extensions/></trkpt><trkpt lat="35.45046569779515" lon="138.90134509652853"><ele>1444.800048828125</ele><time>2025-12-06T04:26:29.000Z</time><extensions/></trkpt><trkpt lat="35.450453544035554" lon="138.90134618617594"><ele>1445.0</ele><time>2025-12-06T04:26:30.000Z</time><extensions/></trkpt><trkpt lat="35.45044264756143" lon="138.90134626999497"><ele>1445.0</ele><time>2025-12-06T04:26:31.000Z</time><extensions/></trkpt><trkpt lat="35.450428733602166" lon="138.90133696608245"><ele>1444.4000244140625</ele><time>2025-12-06T04:26:37.000Z</time><extensions/></trkpt><trkpt lat="35.45044373720884" lon="138.90133637934923"><ele>1444.199951171875</ele><time>2025-12-06T04:26:40.000Z</time><extensions/></trkpt><trkpt lat="35.4504753369838" lon="138.9013394806534"><ele>1444.199951171875</ele><time>2025-12-06T04:26:43.000Z</time><extensions/></trkpt><trkpt lat="35.45048573054373" lon="138.90133772045374"><ele>1444.199951171875</ele><time>2025-12-06T04:26:44.000Z</time><extensions/></trkpt><trkpt lat="35.450496124103665" lon="138.90133755281568"><ele>1444.199951171875</ele><time>2025-12-06T04:26:45.000Z</time><extensions/></trkpt><trkpt lat="35.45050609856844" lon="138.90133939683437"><ele>1444.199951171875</ele><time>2025-12-06T04:26:46.000Z</time><extensions/></trkpt><trkpt lat="35.45052973553538" lon="138.90132959000766"><ele>1444.5999755859375</ele><time>2025-12-06T04:26:53.000Z</time><extensions/></trkpt><trkpt lat="35.450526885688305" lon="138.90136077068746"><ele>1445.4000244140625</ele><time>2025-12-06T04:27:02.000Z</time><extensions/></trkpt><trkpt lat="35.450505847111344" lon="138.9013248961419"><ele>1445.800048828125</ele><time>2025-12-06T04:27:15.000Z</time><extensions/></trkpt><trkpt lat="35.45049545355141" lon="138.9013209566474"><ele>1445.800048828125</ele><time>2025-12-06T04:27:16.000Z</time><extensions/></trkpt><trkpt lat="35.45045522041619" lon="138.90130293555558"><ele>1444.800048828125</ele><time>2025-12-06T04:27:24.000Z</time><extensions/></trkpt><trkpt lat="35.450449436903" lon="138.90128281898797"><ele>1443.0</ele><time>2025-12-06T04:27:37.000Z</time><extensions/></trkpt><trkpt lat="35.450458992272615" lon="138.90128483064473"><ele>1443.5999755859375</ele><time>2025-12-06T04:32:38.000Z</time><extensions/></trkpt><trkpt lat="35.45046653598547" lon="138.9012977387756"><ele>1444.5999755859375</ele><time>2025-12-06T04:33:20.000Z</time><extensions/></trkpt><trkpt lat="35.45046444050968" lon="138.9013016782701"><ele>1445.199951171875</ele><time>2025-12-06T04:33:28.000Z</time><extensions/></trkpt><trkpt lat="35.450474666431546" lon="138.90130343846977"><ele>1445.199951171875</ele><time>2025-12-06T04:33:29.000Z</time><extensions/></trkpt><trkpt lat="35.4504959564656" lon="138.9013030193746"><ele>1445.199951171875</ele><time>2025-12-06T04:33:31.000Z</time><extensions/></trkpt><trkpt lat="35.450570890679955" lon="138.90129807405174"><ele>1446.0</ele><time>2025-12-06T04:33:39.000Z</time><extensions/></trkpt><trkpt lat="35.45057499781251" lon="138.90129597857594"><ele>1446.4000244140625</ele><time>2025-12-06T04:33:51.000Z</time><extensions/></trkpt><trkpt lat="35.45055102556944" lon="138.9012746885419"><ele>1447.0</ele><time>2025-12-06T04:34:05.000Z</time><extensions/></trkpt><trkpt lat="35.45053778216243" lon="138.9012720901519"><ele>1446.800048828125</ele><time>2025-12-06T04:34:06.000Z</time><extensions/></trkpt><trkpt lat="35.45052504166961" lon="138.90127175487578"><ele>1446.5999755859375</ele><time>2025-12-06T04:34:07.000Z</time><extensions/></trkpt><trkpt lat="35.45051489956677" lon="138.90126882120967"><ele>1446.5999755859375</ele><time>2025-12-06T04:34:08.000Z</time><extensions/></trkpt><trkpt lat="35.4505115468055" lon="138.90119422227144"><ele>1445.199951171875</ele><time>2025-12-06T04:34:16.000Z</time><extensions/></trkpt><trkpt lat="35.45051557011902" lon="138.90118097886443"><ele>1445.0</ele><time>2025-12-06T04:34:17.000Z</time><extensions/></trkpt><trkpt lat="35.450491178780794" lon="138.90115776099265"><ele>1443.5999755859375</ele><time>2025-12-06T04:34:22.000Z</time><extensions/></trkpt><trkpt lat="35.450487742200494" lon="138.90115574933589"><ele>1440.5999755859375</ele><time>2025-12-06T04:34:33.000Z</time><extensions/></trkpt><trkpt lat="35.45046309940517" lon="138.9011240657419"><ele>1439.5999755859375</ele><time>2025-12-06T04:34:49.000Z</time><extensions/></trkpt><trkpt lat="35.45042412355542" lon="138.90106715261936"><ele>1438.800048828125</ele><time>2025-12-06T04:35:01.000Z</time><extensions/></trkpt><trkpt lat="35.45039872638881" lon="138.90105038881302"><ele>1438.4000244140625</ele><time>2025-12-06T04:35:04.000Z</time><extensions/></trkpt><trkpt lat="35.45038824900985" lon="138.90104494057596"><ele>1438.199951171875</ele><time>2025-12-06T04:35:05.000Z</time><extensions/></trkpt><trkpt lat="35.45037626288831" lon="138.90103831887245"><ele>1437.800048828125</ele><time>2025-12-06T04:35:06.000Z</time><extensions/></trkpt><trkpt lat="35.450319265946746" lon="138.9009913802147"><ele>1436.199951171875</ele><time>2025-12-06T04:35:13.000Z</time><extensions/></trkpt><trkpt lat="35.45028565451503" lon="138.90091309323907"><ele>1433.4000244140625</ele><time>2025-12-06T04:35:20.000Z</time><extensions/></trkpt><trkpt lat="35.45026754960418" lon="138.90088928863406"><ele>1432.4000244140625</ele><time>2025-12-06T04:35:23.000Z</time><extensions/></trkpt><trkpt lat="35.45025824569166" lon="138.90087948180735"><ele>1431.800048828125</ele><time>2025-12-06T04:35:24.000Z</time><extensions/></trkpt><trkpt lat="35.45024944469333" lon="138.9008677471429"><ele>1431.4000244140625</ele><time>2025-12-06T04:35:25.000Z</time><extensions/></trkpt><trkpt lat="35.45025983825326" lon="138.90079935081303"><ele>1428.4000244140625</ele><time>2025-12-06T04:35:31.000Z</time><extensions/></trkpt><trkpt lat="35.45028724707663" lon="138.90072592534125"><ele>1426.199951171875</ele><time>2025-12-06T04:35:36.000Z</time><extensions/></trkpt><trkpt lat="35.45032253488898" lon="138.90069005079567"><ele>1424.199951171875</ele><time>2025-12-06T04:35:41.000Z</time><extensions/></trkpt><trkpt lat="35.450323121622205" lon="138.90065518207848"><ele>1421.5999755859375</ele><time>2025-12-06T04:35:48.000Z</time><extensions/></trkpt><trkpt lat="35.4503027535975" lon="138.90062416903675"><ele>1419.4000244140625</ele><time>2025-12-06T04:35:56.000Z</time><extensions/></trkpt><trkpt lat="35.450318260118365" lon="138.90055418014526"><ele>1417.0</ele><time>2025-12-06T04:36:05.000Z</time><extensions/></trkpt><trkpt lat="35.450316751375794" lon="138.90053967945278"><ele>1414.0</ele><time>2025-12-06T04:36:20.000Z</time><extensions/></trkpt><trkpt lat="35.45028917491436" lon="138.90049357898533"><ele>1412.800048828125</ele><time>2025-12-06T04:36:29.000Z</time><extensions/></trkpt><trkpt lat="35.45027651824057" lon="138.90045083127916"><ele>1410.5999755859375</ele><time>2025-12-06T04:36:38.000Z</time><extensions/></trkpt><trkpt lat="35.450263023376465" lon="138.9003951754421"><ele>1409.4000244140625</ele><time>2025-12-06T04:36:47.000Z</time><extensions/></trkpt><trkpt lat="35.45022404752672" lon="138.90036592260003"><ele>1407.0</ele><time>2025-12-06T04:36:58.000Z</time><extensions/></trkpt><trkpt lat="35.45020359568298" lon="138.9003457222134"><ele>1405.4000244140625</ele><time>2025-12-06T04:37:10.000Z</time><extensions/></trkpt><trkpt lat="35.450194124132395" lon="138.90032812021673"><ele>1404.4000244140625</ele><time>2025-12-06T04:37:18.000Z</time><extensions/></trkpt><trkpt lat="35.45016252435744" lon="138.9002402778715"><ele>1402.199951171875</ele><time>2025-12-06T04:37:33.000Z</time><extensions/></trkpt><trkpt lat="35.450121369212866" lon="138.90016668476164"><ele>1399.5999755859375</ele><time>2025-12-06T04:37:44.000Z</time><extensions/></trkpt><trkpt lat="35.45009563677013" lon="138.9001311454922"><ele>1397.4000244140625</ele><time>2025-12-06T04:37:53.000Z</time><extensions/></trkpt><trkpt lat="35.450076442211866" lon="138.90012728981674"><ele>1397.0</ele><time>2025-12-06T04:37:55.000Z</time><extensions/></trkpt><trkpt lat="35.45006789267063" lon="138.9001216739416"><ele>1396.5999755859375</ele><time>2025-12-06T04:37:56.000Z</time><extensions/></trkpt><trkpt lat="35.45006043277681" lon="138.90011513605714"><ele>1396.4000244140625</ele><time>2025-12-06T04:37:57.000Z</time><extensions/></trkpt><trkpt lat="35.45005355961621" lon="138.90010717324913"><ele>1396.199951171875</ele><time>2025-12-06T04:37:58.000Z</time><extensions/></trkpt><trkpt lat="35.45004157349467" lon="138.9001010544598"><ele>1396.0</ele><time>2025-12-06T04:37:59.000Z</time><extensions/></trkpt><trkpt lat="35.45002908445895" lon="138.90009376220405"><ele>1395.5999755859375</ele><time>2025-12-06T04:38:00.000Z</time><extensions/></trkpt><trkpt lat="35.45001684688032" lon="138.9000832848251"><ele>1395.4000244140625</ele><time>2025-12-06T04:38:01.000Z</time><extensions/></trkpt><trkpt lat="35.45000419020653" lon="138.90006601810455"><ele>1395.199951171875</ele><time>2025-12-06T04:38:02.000Z</time><extensions/></trkpt><trkpt lat="35.44999555684626" lon="138.90000759623945"><ele>1393.5999755859375</ele><time>2025-12-06T04:38:07.000Z</time><extensions/></trkpt><trkpt lat="35.4500178527087" lon="138.8999395351857"><ele>1390.4000244140625</ele><time>2025-12-06T04:38:16.000Z</time><extensions/></trkpt><trkpt lat="35.449975691735744" lon="138.89990374445915"><ele>1388.5999755859375</ele><time>2025-12-06T04:39:01.000Z</time><extensions/></trkpt><trkpt lat="35.44991098344326" lon="138.8998647686094"><ele>1386.4000244140625</ele><time>2025-12-06T04:39:13.000Z</time><extensions/></trkpt><trkpt lat="35.44989195652306" lon="138.89978145249188"><ele>1384.800048828125</ele><time>2025-12-06T04:39:23.000Z</time><extensions/></trkpt><trkpt lat="35.44988424517214" lon="138.89976971782744"><ele>1384.800048828125</ele><time>2025-12-06T04:39:24.000Z</time><extensions/></trkpt><trkpt lat="35.449853986501694" lon="138.89974859543145"><ele>1383.4000244140625</ele><time>2025-12-06T04:39:29.000Z</time><extensions/></trkpt><trkpt lat="35.449826661497355" lon="138.89969788491726"><ele>1381.5999755859375</ele><time>2025-12-06T04:39:36.000Z</time><extensions/></trkpt><trkpt lat="35.44981316663325" lon="138.89968933537602"><ele>1381.5999755859375</ele><time>2025-12-06T04:39:37.000Z</time><extensions/></trkpt><trkpt lat="35.44978844001889" lon="138.89966502785683"><ele>1381.0</ele><time>2025-12-06T04:39:39.000Z</time><extensions/></trkpt><trkpt lat="35.44978148303926" lon="138.89964734204113"><ele>1380.800048828125</ele><time>2025-12-06T04:39:40.000Z</time><extensions/></trkpt><trkpt lat="35.449776789173484" lon="138.8996298238635"><ele>1380.5999755859375</ele><time>2025-12-06T04:39:41.000Z</time><extensions/></trkpt><trkpt lat="35.44977217912674" lon="138.89961322769523"><ele>1380.199951171875</ele><time>2025-12-06T04:39:42.000Z</time><extensions/></trkpt><trkpt lat="35.44976421631873" lon="138.89959847554564"><ele>1379.800048828125</ele><time>2025-12-06T04:39:43.000Z</time><extensions/></trkpt><trkpt lat="35.44974979944527" lon="138.89958607032895"><ele>1379.4000244140625</ele><time>2025-12-06T04:39:44.000Z</time><extensions/></trkpt><trkpt lat="35.449733790010214" lon="138.89957743696868"><ele>1379.0</ele><time>2025-12-06T04:39:45.000Z</time><extensions/></trkpt><trkpt lat="35.449715768918395" lon="138.89957265928388"><ele>1378.4000244140625</ele><time>2025-12-06T04:39:46.000Z</time><extensions/></trkpt><trkpt lat="35.44970034621656" lon="138.8995708990842"><ele>1378.199951171875</ele><time>2025-12-06T04:39:47.000Z</time><extensions/></trkpt><trkpt lat="35.4496861808002" lon="138.8995661213994"><ele>1377.800048828125</ele><time>2025-12-06T04:39:48.000Z</time><extensions/></trkpt><trkpt lat="35.449673775583506" lon="138.899554470554"><ele>1377.199951171875</ele><time>2025-12-06T04:39:49.000Z</time><extensions/></trkpt><trkpt lat="35.449666399508715" lon="138.8995372876525"><ele>1376.800048828125</ele><time>2025-12-06T04:39:50.000Z</time><extensions/></trkpt><trkpt lat="35.44966262765229" lon="138.89951834455132"><ele>1376.4000244140625</ele><time>2025-12-06T04:39:51.000Z</time><extensions/></trkpt><trkpt lat="35.44965634122491" lon="138.8995003234595"><ele>1376.0</ele><time>2025-12-06T04:39:52.000Z</time><extensions/></trkpt><trkpt lat="35.4496497195214" lon="138.89948347583413"><ele>1375.199951171875</ele><time>2025-12-06T04:39:53.000Z</time><extensions/></trkpt><trkpt lat="35.44964678585529" lon="138.89946402981877"><ele>1374.800048828125</ele><time>2025-12-06T04:39:54.000Z</time><extensions/></trkpt><trkpt lat="35.44964502565563" lon="138.89942849054933"><ele>1374.0</ele><time>2025-12-06T04:39:56.000Z</time><extensions/></trkpt><trkpt lat="35.449639996513724" lon="138.89941331930459"><ele>1373.4000244140625</ele><time>2025-12-06T04:39:57.000Z</time><extensions/></trkpt><trkpt lat="35.44963186606765" lon="138.89940141700208"><ele>1373.0</ele><time>2025-12-06T04:39:58.000Z</time><extensions/></trkpt><trkpt lat="35.44962071813643" lon="138.89939001761377"><ele>1372.5999755859375</ele><time>2025-12-06T04:39:59.000Z</time><extensions/></trkpt><trkpt lat="35.44960864819586" lon="138.89935271814466"><ele>1370.800048828125</ele><time>2025-12-06T04:40:02.000Z</time><extensions/></trkpt><trkpt lat="35.44959389604628" lon="138.89930083416402"><ele>1368.5999755859375</ele><time>2025-12-06T04:40:07.000Z</time><extensions/></trkpt><trkpt lat="35.44958802871406" lon="138.89928423799574"><ele>1368.199951171875</ele><time>2025-12-06T04:40:08.000Z</time><extensions/></trkpt><trkpt lat="35.44958568178117" lon="138.89926671981812"><ele>1367.5999755859375</ele><time>2025-12-06T04:40:09.000Z</time><extensions/></trkpt><trkpt lat="35.44958802871406" lon="138.89924936927855"><ele>1367.199951171875</ele><time>2025-12-06T04:40:10.000Z</time><extensions/></trkpt><trkpt lat="35.44959045946598" lon="138.89923352748156"><ele>1366.800048828125</ele><time>2025-12-06T04:40:11.000Z</time><extensions/></trkpt><trkpt lat="35.44958794489503" lon="138.89921869151294"><ele>1366.4000244140625</ele><time>2025-12-06T04:40:12.000Z</time><extensions/></trkpt><trkpt lat="35.44956003315747" lon="138.89917217195034"><ele>1364.800048828125</ele><time>2025-12-06T04:40:16.000Z</time><extensions/></trkpt><trkpt lat="35.449541341513395" lon="138.8991194497794"><ele>1362.5999755859375</ele><time>2025-12-06T04:40:21.000Z</time><extensions/></trkpt><trkpt lat="35.4495204705745" lon="138.89905566349626"><ele>1360.199951171875</ele><time>2025-12-06T04:40:27.000Z</time><extensions/></trkpt><trkpt lat="35.44950655661523" lon="138.89903395436704"><ele>1359.4000244140625</ele><time>2025-12-06T04:40:29.000Z</time><extensions/></trkpt><trkpt lat="35.44949809089303" lon="138.8990211300552"><ele>1359.0</ele><time>2025-12-06T04:40:30.000Z</time><extensions/></trkpt><trkpt lat="35.449489541351795" lon="138.8990084733814"><ele>1358.5999755859375</ele><time>2025-12-06T04:40:31.000Z</time><extensions/></trkpt><trkpt lat="35.449413768947124" lon="138.8989027775824"><ele>1355.800048828125</ele><time>2025-12-06T04:40:39.000Z</time><extensions/></trkpt><trkpt lat="35.4493978433311" lon="138.89886748977005"><ele>1354.800048828125</ele><time>2025-12-06T04:40:42.000Z</time><extensions/></trkpt><trkpt lat="35.44935727491975" lon="138.89876724220812"><ele>1352.800048828125</ele><time>2025-12-06T04:40:48.000Z</time><extensions/></trkpt><trkpt lat="35.449257446452975" lon="138.89866364188492"><ele>1350.0</ele><time>2025-12-06T04:40:57.000Z</time><extensions/></trkpt><trkpt lat="35.44918837957084" lon="138.89857278205454"><ele>1348.5999755859375</ele><time>2025-12-06T04:41:04.000Z</time><extensions/></trkpt><trkpt lat="35.44908746145666" lon="138.8984753843397"><ele>1347.199951171875</ele><time>2025-12-06T04:41:13.000Z</time><extensions/></trkpt><trkpt lat="35.44899048283696" lon="138.89839407987893"><ele>1346.4000244140625</ele><time>2025-12-06T04:41:21.000Z</time><extensions/></trkpt><trkpt lat="35.448896270245314" lon="138.89830606989563"><ele>1345.5999755859375</ele><time>2025-12-06T04:41:29.000Z</time><extensions/></trkpt><trkpt lat="35.448809852823615" lon="138.89821705408394"><ele>1345.4000244140625</ele><time>2025-12-06T04:41:37.000Z</time><extensions/></trkpt><trkpt lat="35.4487154725939" lon="138.89811923727393"><ele>1345.5999755859375</ele><time>2025-12-06T04:41:46.000Z</time><extensions/></trkpt><trkpt lat="35.448677418753505" lon="138.89808394946158"><ele>1345.800048828125</ele><time>2025-12-06T04:41:52.000Z</time><extensions/></trkpt><trkpt lat="35.44864296913147" lon="138.8980618212372"><ele>1346.199951171875</ele><time>2025-12-06T04:41:55.000Z</time><extensions/></trkpt><trkpt lat="35.44863039627671" lon="138.89805553480983"><ele>1346.4000244140625</ele><time>2025-12-06T04:41:56.000Z</time><extensions/></trkpt><trkpt lat="35.44861799106002" lon="138.89804849401116"><ele>1346.4000244140625</ele><time>2025-12-06T04:41:57.000Z</time><extensions/></trkpt><trkpt lat="35.448605669662356" lon="138.89804212376475"><ele>1346.800048828125</ele><time>2025-12-06T04:41:58.000Z</time><extensions/></trkpt><trkpt lat="35.448594354093075" lon="138.89803558588028"><ele>1346.800048828125</ele><time>2025-12-06T04:41:59.000Z</time><extensions/></trkpt><trkpt lat="35.44858245179057" lon="138.89802854508162"><ele>1347.0</ele><time>2025-12-06T04:42:00.000Z</time><extensions/></trkpt><trkpt lat="35.448506847023964" lon="138.89794321730733"><ele>1348.800048828125</ele><time>2025-12-06T04:42:09.000Z</time><extensions/></trkpt><trkpt lat="35.448450772091746" lon="138.89787884429097"><ele>1350.800048828125</ele><time>2025-12-06T04:42:17.000Z</time><extensions/></trkpt><trkpt lat="35.44844557531178" lon="138.89786585234106"><ele>1351.199951171875</ele><time>2025-12-06T04:42:18.000Z</time><extensions/></trkpt><trkpt lat="35.448411125689745" lon="138.89782377518713"><ele>1352.199951171875</ele><time>2025-12-06T04:42:23.000Z</time><extensions/></trkpt><trkpt lat="35.44837617315352" lon="138.897791672498"><ele>1353.0</ele><time>2025-12-06T04:42:27.000Z</time><extensions/></trkpt><trkpt lat="35.44836929999292" lon="138.89777909964323"><ele>1353.0</ele><time>2025-12-06T04:42:28.000Z</time><extensions/></trkpt><trkpt lat="35.44836284592748" lon="138.89776828698814"><ele>1353.199951171875</ele><time>2025-12-06T04:42:29.000Z</time><extensions/></trkpt><trkpt lat="35.44828036800027" lon="138.8977047521621"><ele>1354.4000244140625</ele><time>2025-12-06T04:42:38.000Z</time><extensions/></trkpt><trkpt lat="35.44819914735854" lon="138.8976283930242"><ele>1355.199951171875</ele><time>2025-12-06T04:42:46.000Z</time><extensions/></trkpt><trkpt lat="35.44810116291046" lon="138.89757374301553"><ele>1355.0</ele><time>2025-12-06T04:42:54.000Z</time><extensions/></trkpt><trkpt lat="35.44801499694586" lon="138.89748372137547"><ele>1353.5999755859375</ele><time>2025-12-06T04:43:02.000Z</time><extensions/></trkpt><trkpt lat="35.447944924235344" lon="138.89739118516445"><ele>1351.4000244140625</ele><time>2025-12-06T04:43:10.000Z</time><extensions/></trkpt><trkpt lat="35.44786739163101" lon="138.89727073721588"><ele>1349.4000244140625</ele><time>2025-12-06T04:43:19.000Z</time><extensions/></trkpt><trkpt lat="35.44785029254854" lon="138.8972263969481"><ele>1348.800048828125</ele><time>2025-12-06T04:43:22.000Z</time><extensions/></trkpt><trkpt lat="35.447852555662394" lon="138.89720678329468"><ele>1348.5999755859375</ele><time>2025-12-06T04:43:23.000Z</time><extensions/></trkpt><trkpt lat="35.44785138219595" lon="138.89718825928867"><ele>1348.4000244140625</ele><time>2025-12-06T04:43:24.000Z</time><extensions/></trkpt><trkpt lat="35.447844760492444" lon="138.89717124402523"><ele>1348.199951171875</ele><time>2025-12-06T04:43:25.000Z</time><extensions/></trkpt><trkpt lat="35.44783688150346" lon="138.89715456403792"><ele>1348.199951171875</ele><time>2025-12-06T04:43:26.000Z</time><extensions/></trkpt><trkpt lat="35.447762198746204" lon="138.89702732674778"><ele>1346.4000244140625</ele><time>2025-12-06T04:43:35.000Z</time><extensions/></trkpt><trkpt lat="35.447755325585604" lon="138.89699455350637"><ele>1346.199951171875</ele><time>2025-12-06T04:43:37.000Z</time><extensions/></trkpt><trkpt lat="35.44774644076824" lon="138.89698072336614"><ele>1346.199951171875</ele><time>2025-12-06T04:43:38.000Z</time><extensions/></trkpt><trkpt lat="35.44773671776056" lon="138.89696932397783"><ele>1345.800048828125</ele><time>2025-12-06T04:43:39.000Z</time><extensions/></trkpt><trkpt lat="35.44772766530514" lon="138.89695717021823"><ele>1345.800048828125</ele><time>2025-12-06T04:43:40.000Z</time><extensions/></trkpt><trkpt lat="35.447718193754554" lon="138.8969435915351"><ele>1345.5999755859375</ele><time>2025-12-06T04:43:41.000Z</time><extensions/></trkpt><trkpt lat="35.447646444663405" lon="138.89684334397316"><ele>1344.0</ele><time>2025-12-06T04:43:49.000Z</time><extensions/></trkpt><trkpt lat="35.447611743584275" lon="138.89679657295346"><ele>1342.800048828125</ele><time>2025-12-06T04:43:53.000Z</time><extensions/></trkpt><trkpt lat="35.447598583996296" lon="138.8967911247164"><ele>1342.5999755859375</ele><time>2025-12-06T04:43:54.000Z</time><extensions/></trkpt><trkpt lat="35.44758542440832" lon="138.89677888713777"><ele>1342.4000244140625</ele><time>2025-12-06T04:43:55.000Z</time><extensions/></trkpt><trkpt lat="35.44757477939129" lon="138.89676463790238"><ele>1342.199951171875</ele><time>2025-12-06T04:43:56.000Z</time><extensions/></trkpt><trkpt lat="35.44756539165974" lon="138.89675189740956"><ele>1342.0</ele><time>2025-12-06T04:43:57.000Z</time><extensions/></trkpt><trkpt lat="35.447507137432694" lon="138.8966301921755"><ele>1340.4000244140625</ele><time>2025-12-06T04:44:05.000Z</time><extensions/></trkpt><trkpt lat="35.447451397776604" lon="138.89650002121925"><ele>1339.800048828125</ele><time>2025-12-06T04:44:13.000Z</time><extensions/></trkpt><trkpt lat="35.447411332279444" lon="138.89641653746367"><ele>1339.5999755859375</ele><time>2025-12-06T04:44:19.000Z</time><extensions/></trkpt><trkpt lat="35.44740077108145" lon="138.89640932902694"><ele>1339.5999755859375</ele><time>2025-12-06T04:44:20.000Z</time><extensions/></trkpt><trkpt lat="35.447392892092466" lon="138.89639742672443"><ele>1339.5999755859375</ele><time>2025-12-06T04:44:21.000Z</time><extensions/></trkpt><trkpt lat="35.44732172973454" lon="138.896258873865"><ele>1339.0</ele><time>2025-12-06T04:44:31.000Z</time><extensions/></trkpt><trkpt lat="35.44725584797561" lon="138.89613725245"><ele>1339.4000244140625</ele><time>2025-12-06T04:44:40.000Z</time><extensions/></trkpt><trkpt lat="35.44719843193889" lon="138.8959887251258"><ele>1340.0</ele><time>2025-12-06T04:44:50.000Z</time><extensions/></trkpt><trkpt lat="35.44719357043505" lon="138.895976068452"><ele>1340.199951171875</ele><time>2025-12-06T04:44:51.000Z</time><extensions/></trkpt><trkpt lat="35.44718191958964" lon="138.89594455249608"><ele>1340.5999755859375</ele><time>2025-12-06T04:44:54.000Z</time><extensions/></trkpt><trkpt lat="35.44718116521835" lon="138.89592988416553"><ele>1340.800048828125</ele><time>2025-12-06T04:44:55.000Z</time><extensions/></trkpt><trkpt lat="35.44717756099999" lon="138.89591362327337"><ele>1341.0</ele><time>2025-12-06T04:44:56.000Z</time><extensions/></trkpt><trkpt lat="35.44717353768647" lon="138.8958981167525"><ele>1341.199951171875</ele><time>2025-12-06T04:44:57.000Z</time><extensions/></trkpt><trkpt lat="35.447169095277786" lon="138.8958827778697"><ele>1341.199951171875</ele><time>2025-12-06T04:44:58.000Z</time><extensions/></trkpt><trkpt lat="35.44716498814523" lon="138.8958701211959"><ele>1341.4000244140625</ele><time>2025-12-06T04:44:59.000Z</time><extensions/></trkpt><trkpt lat="35.44716004282236" lon="138.89585855416954"><ele>1341.5999755859375</ele><time>2025-12-06T04:45:00.000Z</time><extensions/></trkpt><trkpt lat="35.44712106697261" lon="138.89575017616153"><ele>1343.0</ele><time>2025-12-06T04:45:09.000Z</time><extensions/></trkpt><trkpt lat="35.44708955101669" lon="138.89567364938557"><ele>1344.0</ele><time>2025-12-06T04:45:16.000Z</time><extensions/></trkpt><trkpt lat="35.447048898786306" lon="138.89558052644134"><ele>1345.5999755859375</ele><time>2025-12-06T04:45:25.000Z</time><extensions/></trkpt><trkpt lat="35.44701143167913" lon="138.89553434215486"><ele>1347.5999755859375</ele><time>2025-12-06T04:45:33.000Z</time><extensions/></trkpt><trkpt lat="35.44696466065943" lon="138.89546083286405"><ele>1350.0</ele><time>2025-12-06T04:45:43.000Z</time><extensions/></trkpt><trkpt lat="35.44691386632621" lon="138.8953705597669"><ele>1352.800048828125</ele><time>2025-12-06T04:45:55.000Z</time><extensions/></trkpt><trkpt lat="35.44685469008982" lon="138.89529772102833"><ele>1354.199951171875</ele><time>2025-12-06T04:46:04.000Z</time><extensions/></trkpt><trkpt lat="35.446843625977635" lon="138.89529093168676"><ele>1354.4000244140625</ele><time>2025-12-06T04:46:05.000Z</time><extensions/></trkpt><trkpt lat="35.446831891313195" lon="138.8952838908881"><ele>1354.4000244140625</ele><time>2025-12-06T04:46:06.000Z</time><extensions/></trkpt><trkpt lat="35.44681856408715" lon="138.89527735300362"><ele>1354.4000244140625</ele><time>2025-12-06T04:46:07.000Z</time><extensions/></trkpt><trkpt lat="35.446663750335574" lon="138.89525396749377"><ele>1353.4000244140625</ele><time>2025-12-06T04:46:18.000Z</time><extensions/></trkpt><trkpt lat="35.44656685553491" lon="138.89526268467307"><ele>1353.199951171875</ele><time>2025-12-06T04:46:27.000Z</time><extensions/></trkpt><trkpt lat="35.44643132016063" lon="138.89523904770613"><ele>1353.5999755859375</ele><time>2025-12-06T04:46:38.000Z</time><extensions/></trkpt><trkpt lat="35.44633333571255" lon="138.89520845375955"><ele>1352.800048828125</ele><time>2025-12-06T04:46:46.000Z</time><extensions/></trkpt><trkpt lat="35.446206936612725" lon="138.895204346627"><ele>1353.0</ele><time>2025-12-06T04:46:56.000Z</time><extensions/></trkpt><trkpt lat="35.44609679840505" lon="138.89520283788443"><ele>1354.4000244140625</ele><time>2025-12-06T04:47:05.000Z</time><extensions/></trkpt><trkpt lat="35.44600686058402" lon="138.89521767385304"><ele>1355.199951171875</ele><time>2025-12-06T04:47:13.000Z</time><extensions/></trkpt><trkpt lat="35.44589445926249" lon="138.89519839547575"><ele>1355.5999755859375</ele><time>2025-12-06T04:47:22.000Z</time><extensions/></trkpt><trkpt lat="35.44579588808119" lon="138.89519386924803"><ele>1355.800048828125</ele><time>2025-12-06T04:47:29.000Z</time><extensions/></trkpt><trkpt lat="35.44565783813596" lon="138.8951570726931"><ele>1355.5999755859375</ele><time>2025-12-06T04:47:39.000Z</time><extensions/></trkpt><trkpt lat="35.44552255421877" lon="138.89511256478727"><ele>1355.800048828125</ele><time>2025-12-06T04:47:50.000Z</time><extensions/></trkpt><trkpt lat="35.445422725751996" lon="138.89510116539896"><ele>1356.4000244140625</ele><time>2025-12-06T04:47:58.000Z</time><extensions/></trkpt><trkpt lat="35.4453172814101" lon="138.89508272521198"><ele>1357.5999755859375</ele><time>2025-12-06T04:48:07.000Z</time><extensions/></trkpt><trkpt lat="35.44523731805384" lon="138.89506386592984"><ele>1358.800048828125</ele><time>2025-12-06T04:48:14.000Z</time><extensions/></trkpt><trkpt lat="35.44512349180877" lon="138.89493511989713"><ele>1357.800048828125</ele><time>2025-12-06T04:48:26.000Z</time><extensions/></trkpt><trkpt lat="35.445037577301264" lon="138.89483654871583"><ele>1354.800048828125</ele><time>2025-12-06T04:48:35.000Z</time><extensions/></trkpt><trkpt lat="35.44492517597973" lon="138.8947640452534"><ele>1351.5999755859375</ele><time>2025-12-06T04:48:45.000Z</time><extensions/></trkpt><trkpt lat="35.44491603970528" lon="138.89475381933153"><ele>1351.4000244140625</ele><time>2025-12-06T04:48:46.000Z</time><extensions/></trkpt><trkpt lat="35.44490807689726" lon="138.8947424199432"><ele>1351.0</ele><time>2025-12-06T04:48:47.000Z</time><extensions/></trkpt><trkpt lat="35.44490019790828" lon="138.8947323616594"><ele>1350.800048828125</ele><time>2025-12-06T04:48:48.000Z</time><extensions/></trkpt><trkpt lat="35.4448923189193" lon="138.8947236444801"><ele>1350.4000244140625</ele><time>2025-12-06T04:48:49.000Z</time><extensions/></trkpt><trkpt lat="35.44488259591162" lon="138.8947138376534"><ele>1350.199951171875</ele><time>2025-12-06T04:48:50.000Z</time><extensions/></trkpt><trkpt lat="35.4448751360178" lon="138.89470076188445"><ele>1349.800048828125</ele><time>2025-12-06T04:48:51.000Z</time><extensions/></trkpt><trkpt lat="35.44486968778074" lon="138.89468885958195"><ele>1349.5999755859375</ele><time>2025-12-06T04:48:52.000Z</time><extensions/></trkpt><trkpt lat="35.44486038386822" lon="138.89468072913587"><ele>1349.199951171875</ele><time>2025-12-06T04:48:53.000Z</time><extensions/></trkpt><trkpt lat="35.444850996136665" lon="138.8946712575853"><ele>1349.0</ele><time>2025-12-06T04:48:54.000Z</time><extensions/></trkpt><trkpt lat="35.44484487734735" lon="138.8946578465402"><ele>1348.800048828125</ele><time>2025-12-06T04:48:55.000Z</time><extensions/></trkpt><trkpt lat="35.44484202750027" lon="138.89464368112385"><ele>1348.5999755859375</ele><time>2025-12-06T04:48:56.000Z</time><extensions/></trkpt><trkpt lat="35.44483959674835" lon="138.89462993480265"><ele>1348.199951171875</ele><time>2025-12-06T04:48:57.000Z</time><extensions/></trkpt><trkpt lat="35.44479693286121" lon="138.89452122151852"><ele>1346.0</ele><time>2025-12-06T04:49:06.000Z</time><extensions/></trkpt><trkpt lat="35.44476038776338" lon="138.89441829174757"><ele>1343.5999755859375</ele><time>2025-12-06T04:49:15.000Z</time><extensions/></trkpt><trkpt lat="35.44472166337073" lon="138.8943684194237"><ele>1341.0</ele><time>2025-12-06T04:49:23.000Z</time><extensions/></trkpt><trkpt lat="35.44467187486589" lon="138.89430454932153"><ele>1338.4000244140625</ele><time>2025-12-06T04:49:33.000Z</time><extensions/></trkpt><trkpt lat="35.44463122263551" lon="138.8942209817469"><ele>1336.199951171875</ele><time>2025-12-06T04:49:43.000Z</time><extensions/></trkpt><trkpt lat="35.44459668919444" lon="138.8941987697035"><ele>1334.800048828125</ele><time>2025-12-06T04:49:49.000Z</time><extensions/></trkpt><trkpt lat="35.444587050005794" lon="138.89418954961002"><ele>1334.800048828125</ele><time>2025-12-06T04:49:50.000Z</time><extensions/></trkpt><trkpt lat="35.44457573443651" lon="138.8941829279065"><ele>1334.5999755859375</ele><time>2025-12-06T04:49:51.000Z</time><extensions/></trkpt><trkpt lat="35.44456492178142" lon="138.89418108388782"><ele>1334.199951171875</ele><time>2025-12-06T04:49:52.000Z</time><extensions/></trkpt><trkpt lat="35.44455276802182" lon="138.89418058097363"><ele>1334.0</ele><time>2025-12-06T04:49:53.000Z</time><extensions/></trkpt><trkpt lat="35.44454128481448" lon="138.89417488127947"><ele>1333.800048828125</ele><time>2025-12-06T04:49:54.000Z</time><extensions/></trkpt><trkpt lat="35.444531394168735" lon="138.8941646553576"><ele>1333.4000244140625</ele><time>2025-12-06T04:49:55.000Z</time><extensions/></trkpt><trkpt lat="35.44444849714637" lon="138.89408209361136"><ele>1330.800048828125</ele><time>2025-12-06T04:50:03.000Z</time><extensions/></trkpt><trkpt lat="35.444373646751046" lon="138.89400498010218"><ele>1328.199951171875</ele><time>2025-12-06T04:50:10.000Z</time><extensions/></trkpt><trkpt lat="35.444271890446544" lon="138.8938763178885"><ele>1325.4000244140625</ele><time>2025-12-06T04:50:20.000Z</time><extensions/></trkpt><trkpt lat="35.44415848329663" lon="138.89372527599335"><ele>1323.5999755859375</ele><time>2025-12-06T04:50:31.000Z</time><extensions/></trkpt><trkpt lat="35.44413342140615" lon="138.89371069148183"><ele>1323.4000244140625</ele><time>2025-12-06T04:50:33.000Z</time><extensions/></trkpt><trkpt lat="35.444112131372094" lon="138.8937011361122"><ele>1323.199951171875</ele><time>2025-12-06T04:50:35.000Z</time><extensions/></trkpt><trkpt lat="35.444040885195136" lon="138.89363491907716"><ele>1323.0</ele><time>2025-12-06T04:50:42.000Z</time><extensions/></trkpt><trkpt lat="35.44395614415407" lon="138.89353098347783"><ele>1323.199951171875</ele><time>2025-12-06T04:50:51.000Z</time><extensions/></trkpt><trkpt lat="35.44387676753104" lon="138.893460072577"><ele>1323.800048828125</ele><time>2025-12-06T04:50:59.000Z</time><extensions/></trkpt><trkpt lat="35.44386226683855" lon="138.89343827962875"><ele>1324.199951171875</ele><time>2025-12-06T04:51:01.000Z</time><extensions/></trkpt><trkpt lat="35.443747099488974" lon="138.8933321647346"><ele>1326.0</ele><time>2025-12-06T04:51:12.000Z</time><extensions/></trkpt><trkpt lat="35.443617179989815" lon="138.89328941702843"><ele>1327.0</ele><time>2025-12-06T04:51:22.000Z</time><extensions/></trkpt><trkpt lat="35.4434900265187" lon="138.89325614087284"><ele>1326.4000244140625</ele><time>2025-12-06T04:51:32.000Z</time><extensions/></trkpt><trkpt lat="35.443324064835906" lon="138.89325454831123"><ele>1326.0</ele><time>2025-12-06T04:51:44.000Z</time><extensions/></trkpt><trkpt lat="35.44325935654342" lon="138.89324373565614"><ele>1325.5999755859375</ele><time>2025-12-06T04:51:52.000Z</time><extensions/></trkpt><trkpt lat="35.44324862770736" lon="138.8932425621897"><ele>1325.5999755859375</ele><time>2025-12-06T04:51:53.000Z</time><extensions/></trkpt><trkpt lat="35.443237479776144" lon="138.89323954470456"><ele>1325.5999755859375</ele><time>2025-12-06T04:51:54.000Z</time><extensions/></trkpt><trkpt lat="35.443226331844926" lon="138.8932372815907"><ele>1325.5999755859375</ele><time>2025-12-06T04:51:55.000Z</time><extensions/></trkpt><trkpt lat="35.44310253113508" lon="138.89322529546916"><ele>1325.4000244140625</ele><time>2025-12-06T04:52:04.000Z</time><extensions/></trkpt><trkpt lat="35.44295391999185" lon="138.8932240381837"><ele>1325.800048828125</ele><time>2025-12-06T04:52:15.000Z</time><extensions/></trkpt><trkpt lat="35.44280589558184" lon="138.89319838955998"><ele>1326.199951171875</ele><time>2025-12-06T04:52:26.000Z</time><extensions/></trkpt><trkpt lat="35.44267036020756" lon="138.89319486916065"><ele>1326.0</ele><time>2025-12-06T04:52:37.000Z</time><extensions/></trkpt><trkpt lat="35.44256298802793" lon="138.89316838234663"><ele>1325.0</ele><time>2025-12-06T04:52:46.000Z</time><extensions/></trkpt><trkpt lat="35.442498782649636" lon="138.89317894354463"><ele>1324.4000244140625</ele><time>2025-12-06T04:52:52.000Z</time><extensions/></trkpt><trkpt lat="35.44249157421291" lon="138.89319042675197"><ele>1324.199951171875</ele><time>2025-12-06T04:52:53.000Z</time><extensions/></trkpt><trkpt lat="35.44248377904296" lon="138.89319889247417"><ele>1324.0</ele><time>2025-12-06T04:52:54.000Z</time><extensions/></trkpt><trkpt lat="35.442460058256984" lon="138.89322252944112"><ele>1323.4000244140625</ele><time>2025-12-06T04:53:01.000Z</time><extensions/></trkpt><trkpt lat="35.44247514568269" lon="138.89322554692626"><ele>1323.4000244140625</ele><time>2025-12-06T04:53:11.000Z</time><extensions/></trkpt><trkpt lat="35.44249098747969" lon="138.89323879033327"><ele>1323.800048828125</ele><time>2025-12-06T04:53:17.000Z</time><extensions/></trkpt><trkpt lat="35.44248528778553" lon="138.89323443174362"><ele>1324.199951171875</ele><time>2025-12-06T04:53:22.000Z</time><extensions/></trkpt><trkpt lat="35.44246232137084" lon="138.89318581670523"><ele>1323.800048828125</ele><time>2025-12-06T04:53:28.000Z</time><extensions/></trkpt><trkpt lat="35.442479168996215" lon="138.8931495230645"><ele>1323.4000244140625</ele><time>2025-12-06T04:53:35.000Z</time><extensions/></trkpt><trkpt lat="35.44246517121792" lon="138.89312563464046"><ele>1322.800048828125</ele><time>2025-12-06T04:53:41.000Z</time><extensions/></trkpt><trkpt lat="35.4424643330276" lon="138.8931222818792"><ele>1322.4000244140625</ele><time>2025-12-06T04:53:44.000Z</time><extensions/></trkpt><trkpt lat="35.44246684759855" lon="138.89310744591057"><ele>1322.4000244140625</ele><time>2025-12-06T04:53:45.000Z</time><extensions/></trkpt><trkpt lat="35.44247028417885" lon="138.8930929452181"><ele>1322.4000244140625</ele><time>2025-12-06T04:53:46.000Z</time><extensions/></trkpt><trkpt lat="35.44245737604797" lon="138.89300275593996"><ele>1322.0</ele><time>2025-12-06T04:53:54.000Z</time><extensions/></trkpt><trkpt lat="35.44243625365198" lon="138.89292262494564"><ele>1318.5999755859375</ele><time>2025-12-06T04:54:05.000Z</time><extensions/></trkpt><trkpt lat="35.44241353869438" lon="138.8928781170398"><ele>1316.800048828125</ele><time>2025-12-06T04:54:15.000Z</time><extensions/></trkpt><trkpt lat="35.442407839000225" lon="138.89286696910858"><ele>1316.800048828125</ele><time>2025-12-06T04:54:16.000Z</time><extensions/></trkpt><trkpt lat="35.44237531721592" lon="138.89277275651693"><ele>1314.199951171875</ele><time>2025-12-06T04:54:25.000Z</time><extensions/></trkpt><trkpt lat="35.442356038838625" lon="138.89273772016168"><ele>1311.0</ele><time>2025-12-06T04:54:33.000Z</time><extensions/></trkpt><trkpt lat="35.44231245294213" lon="138.8926378916949"><ele>1308.0</ele><time>2025-12-06T04:54:44.000Z</time><extensions/></trkpt><trkpt lat="35.44229409657419" lon="138.8925487920642"><ele>1305.0</ele><time>2025-12-06T04:54:52.000Z</time><extensions/></trkpt><trkpt lat="35.442277835682034" lon="138.8924650568515"><ele>1301.800048828125</ele><time>2025-12-06T04:55:00.000Z</time><extensions/></trkpt><trkpt lat="35.44227515347302" lon="138.89244225807488"><ele>1301.0</ele><time>2025-12-06T04:55:02.000Z</time><extensions/></trkpt><trkpt lat="35.44227221980691" lon="138.89242926612496"><ele>1300.5999755859375</ele><time>2025-12-06T04:55:03.000Z</time><extensions/></trkpt><trkpt lat="35.44227029196918" lon="138.89241501688957"><ele>1300.199951171875</ele><time>2025-12-06T04:55:04.000Z</time><extensions/></trkpt><trkpt lat="35.44226652011275" lon="138.89240168966353"><ele>1299.800048828125</ele><time>2025-12-06T04:55:05.000Z</time><extensions/></trkpt><trkpt lat="35.442244643345475" lon="138.89231686480343"><ele>1297.199951171875</ele><time>2025-12-06T04:55:13.000Z</time><extensions/></trkpt><trkpt lat="35.442236848175526" lon="138.89224352315068"><ele>1294.4000244140625</ele><time>2025-12-06T04:55:20.000Z</time><extensions/></trkpt><trkpt lat="35.44223408214748" lon="138.89223103411496"><ele>1294.199951171875</ele><time>2025-12-06T04:55:21.000Z</time><extensions/></trkpt><trkpt lat="35.44222134165466" lon="138.8921462930739"><ele>1291.199951171875</ele><time>2025-12-06T04:55:29.000Z</time><extensions/></trkpt><trkpt lat="35.44221396557987" lon="138.89207345433533"><ele>1288.199951171875</ele><time>2025-12-06T04:55:37.000Z</time><extensions/></trkpt><trkpt lat="35.442209523171186" lon="138.89205903746188"><ele>1285.199951171875</ele><time>2025-12-06T04:55:48.000Z</time><extensions/></trkpt><trkpt lat="35.44219879433513" lon="138.8920289464295"><ele>1285.0</ele><time>2025-12-06T04:55:51.000Z</time><extensions/></trkpt><trkpt lat="35.44217054732144" lon="138.89194856397808"><ele>1282.5999755859375</ele><time>2025-12-06T04:56:00.000Z</time><extensions/></trkpt><trkpt lat="35.4421516880393" lon="138.89186943881214"><ele>1279.4000244140625</ele><time>2025-12-06T04:56:09.000Z</time><extensions/></trkpt><trkpt lat="35.442150766029954" lon="138.891855860129"><ele>1279.199951171875</ele><time>2025-12-06T04:56:10.000Z</time><extensions/></trkpt><trkpt lat="35.442149341106415" lon="138.8917625695467"><ele>1276.4000244140625</ele><time>2025-12-06T04:56:19.000Z</time><extensions/></trkpt><trkpt lat="35.44214129447937" lon="138.89167372137308"><ele>1274.199951171875</ele><time>2025-12-06T04:56:27.000Z</time><extensions/></trkpt><trkpt lat="35.442142970860004" lon="138.89158487319946"><ele>1271.5999755859375</ele><time>2025-12-06T04:56:35.000Z</time><extensions/></trkpt><trkpt lat="35.442131236195564" lon="138.89147439971566"><ele>1268.5999755859375</ele><time>2025-12-06T04:56:43.000Z</time><extensions/></trkpt><trkpt lat="35.44207826256752" lon="138.8913383614272"><ele>1265.800048828125</ele><time>2025-12-06T04:56:53.000Z</time><extensions/></trkpt><trkpt lat="35.44203869998455" lon="138.8912181649357"><ele>1263.800048828125</ele><time>2025-12-06T04:57:01.000Z</time><extensions/></trkpt><trkpt lat="35.441988073289394" lon="138.89107181690633"><ele>1262.199951171875</ele><time>2025-12-06T04:57:11.000Z</time><extensions/></trkpt><trkpt lat="35.441925628110766" lon="138.89092831872404"><ele>1260.4000244140625</ele><time>2025-12-06T04:57:21.000Z</time><extensions/></trkpt><trkpt lat="35.44186779297888" lon="138.89079152606428"><ele>1259.4000244140625</ele><time>2025-12-06T04:57:30.000Z</time><extensions/></trkpt><trkpt lat="35.44180953875184" lon="138.89061232097447"><ele>1257.800048828125</ele><time>2025-12-06T04:57:42.000Z</time><extensions/></trkpt><trkpt lat="35.441764276474714" lon="138.8904622849077"><ele>1256.4000244140625</ele><time>2025-12-06T04:57:52.000Z</time><extensions/></trkpt><trkpt lat="35.44171616435051" lon="138.89034116640687"><ele>1255.800048828125</ele><time>2025-12-06T04:58:00.000Z</time><extensions/></trkpt><trkpt lat="35.441654389724135" lon="138.89024728909135"><ele>1255.0</ele><time>2025-12-06T04:58:08.000Z</time><extensions/></trkpt><trkpt lat="35.44155338779092" lon="138.89014016836882"><ele>1253.0</ele><time>2025-12-06T04:58:18.000Z</time><extensions/></trkpt><trkpt lat="35.44149027206004" lon="138.8900056388229"><ele>1251.0</ele><time>2025-12-06T04:58:27.000Z</time><extensions/></trkpt><trkpt lat="35.441423719748855" lon="138.88990614563227"><ele>1249.5999755859375</ele><time>2025-12-06T04:58:35.000Z</time><extensions/></trkpt><trkpt lat="35.4413783736527" lon="138.8898438680917"><ele>1248.4000244140625</ele><time>2025-12-06T04:58:40.000Z</time><extensions/></trkpt><trkpt lat="35.44137418270111" lon="138.8898290321231"><ele>1248.199951171875</ele><time>2025-12-06T04:58:41.000Z</time><extensions/></trkpt><trkpt lat="35.44136772863567" lon="138.8898168783635"><ele>1248.0</ele><time>2025-12-06T04:58:42.000Z</time><extensions/></trkpt><trkpt lat="35.44129287824035" lon="138.8896802533418"><ele>1247.199951171875</ele><time>2025-12-06T04:58:52.000Z</time><extensions/></trkpt><trkpt lat="35.44122305698693" lon="138.88957371935248"><ele>1248.4000244140625</ele><time>2025-12-06T04:59:02.000Z</time><extensions/></trkpt><trkpt lat="35.44119128957391" lon="138.88953365385532"><ele>1249.800048828125</ele><time>2025-12-06T04:59:10.000Z</time><extensions/></trkpt><trkpt lat="35.44117217883468" lon="138.88951437547803"><ele>1252.800048828125</ele><time>2025-12-06T04:59:21.000Z</time><extensions/></trkpt><trkpt lat="35.44112498871982" lon="138.88946215622127"><ele>1254.4000244140625</ele><time>2025-12-06T04:59:34.000Z</time><extensions/></trkpt><trkpt lat="35.44110872782767" lon="138.8894342444837"><ele>1257.4000244140625</ele><time>2025-12-06T04:59:46.000Z</time><extensions/></trkpt><trkpt lat="35.44106933288276" lon="138.88936643488705"><ele>1259.4000244140625</ele><time>2025-12-06T05:00:02.000Z</time><extensions/></trkpt><trkpt lat="35.441035218536854" lon="138.88930927030742"><ele>1261.800048828125</ele><time>2025-12-06T05:00:13.000Z</time><extensions/></trkpt><trkpt lat="35.44102633371949" lon="138.8892930932343"><ele>1263.5999755859375</ele><time>2025-12-06T05:00:22.000Z</time><extensions/></trkpt><trkpt lat="35.44097679667175" lon="138.88923358172178"><ele>1264.800048828125</ele><time>2025-12-06T05:00:41.000Z</time><extensions/></trkpt><trkpt lat="35.44094603508711" lon="138.88920332305133"><ele>1267.4000244140625</ele><time>2025-12-06T05:00:51.000Z</time><extensions/></trkpt><trkpt lat="35.44094603508711" lon="138.88920332305133"><ele>1270.4000244140625</ele><time>2025-12-06T05:01:05.000Z</time><extensions/></trkpt><trkpt lat="35.44087805785239" lon="138.8891268800944"><ele>1273.5999755859375</ele><time>2025-12-06T05:01:23.000Z</time><extensions/></trkpt><trkpt lat="35.44083413667977" lon="138.88908656314015"><ele>1274.800048828125</ele><time>2025-12-06T05:01:42.000Z</time><extensions/></trkpt><trkpt lat="35.4407892934978" lon="138.8890324998647"><ele>1276.5999755859375</ele><time>2025-12-06T05:01:52.000Z</time><extensions/></trkpt><trkpt lat="35.44074478559196" lon="138.88899754732847"><ele>1278.800048828125</ele><time>2025-12-06T05:02:02.000Z</time><extensions/></trkpt><trkpt lat="35.44070019386709" lon="138.8889614213258"><ele>1281.5999755859375</ele><time>2025-12-06T05:02:13.000Z</time><extensions/></trkpt><trkpt lat="35.44066658243537" lon="138.88893753290176"><ele>1283.5999755859375</ele><time>2025-12-06T05:02:33.000Z</time><extensions/></trkpt><trkpt lat="35.44066063128412" lon="138.88892747461796"><ele>1285.4000244140625</ele><time>2025-12-06T05:02:44.000Z</time><extensions/></trkpt><trkpt lat="35.440622325986624" lon="138.8888963777572"><ele>1285.800048828125</ele><time>2025-12-06T05:02:53.000Z</time><extensions/></trkpt><trkpt lat="35.440568095073104" lon="138.88884943909943"><ele>1287.800048828125</ele><time>2025-12-06T05:03:04.000Z</time><extensions/></trkpt><trkpt lat="35.44054596684873" lon="138.8888189289719"><ele>1289.4000244140625</ele><time>2025-12-06T05:03:12.000Z</time><extensions/></trkpt><trkpt lat="35.44049458578229" lon="138.88878783211112"><ele>1291.4000244140625</ele><time>2025-12-06T05:03:25.000Z</time><extensions/></trkpt><trkpt lat="35.440436750650406" lon="138.88871884904802"><ele>1292.800048828125</ele><time>2025-12-06T05:03:34.000Z</time><extensions/></trkpt><trkpt lat="35.44043205678463" lon="138.88870644383132"><ele>1293.0</ele><time>2025-12-06T05:03:35.000Z</time><extensions/></trkpt><trkpt lat="35.44042275287211" lon="138.88866017572582"><ele>1293.800048828125</ele><time>2025-12-06T05:03:39.000Z</time><extensions/></trkpt><trkpt lat="35.440412778407335" lon="138.8886178471148"><ele>1294.800048828125</ele><time>2025-12-06T05:03:46.000Z</time><extensions/></trkpt><trkpt lat="35.44040716253221" lon="138.88859362341464"><ele>1295.0</ele><time>2025-12-06T05:03:48.000Z</time><extensions/></trkpt><trkpt lat="35.440404396504164" lon="138.88857887126505"><ele>1295.0</ele><time>2025-12-06T05:03:49.000Z</time><extensions/></trkpt><trkpt lat="35.44040045700967" lon="138.88856386765838"><ele>1295.0</ele><time>2025-12-06T05:03:50.000Z</time><extensions/></trkpt><trkpt lat="35.44039886444807" lon="138.88854769058526"><ele>1295.199951171875</ele><time>2025-12-06T05:03:51.000Z</time><extensions/></trkpt><trkpt lat="35.440396182239056" lon="138.88853201642632"><ele>1295.199951171875</ele><time>2025-12-06T05:03:52.000Z</time><extensions/></trkpt><trkpt lat="35.440391739830375" lon="138.88851776719093"><ele>1295.199951171875</ele><time>2025-12-06T05:03:53.000Z</time><extensions/></trkpt><trkpt lat="35.44038897380233" lon="138.88850326649845"><ele>1295.199951171875</ele><time>2025-12-06T05:03:54.000Z</time><extensions/></trkpt><trkpt lat="35.44038645923138" lon="138.8884885981679"><ele>1295.4000244140625</ele><time>2025-12-06T05:03:55.000Z</time><extensions/></trkpt><trkpt lat="35.4403817653656" lon="138.8884748518467"><ele>1295.4000244140625</ele><time>2025-12-06T05:03:56.000Z</time><extensions/></trkpt><trkpt lat="35.440376065671444" lon="138.88846118934453"><ele>1295.4000244140625</ele><time>2025-12-06T05:03:57.000Z</time><extensions/></trkpt><trkpt lat="35.4403714556247" lon="138.88844752684236"><ele>1295.4000244140625</ele><time>2025-12-06T05:03:58.000Z</time><extensions/></trkpt><trkpt lat="35.44032686389983" lon="138.88831886462867"><ele>1296.4000244140625</ele><time>2025-12-06T05:04:07.000Z</time><extensions/></trkpt><trkpt lat="35.44028495438397" lon="138.88817184604704"><ele>1298.0</ele><time>2025-12-06T05:04:17.000Z</time><extensions/></trkpt><trkpt lat="35.44023214839399" lon="138.88801032677293"><ele>1298.4000244140625</ele><time>2025-12-06T05:04:28.000Z</time><extensions/></trkpt><trkpt lat="35.440197782590985" lon="138.88793664984405"><ele>1298.5999755859375</ele><time>2025-12-06T05:04:35.000Z</time><extensions/></trkpt><trkpt lat="35.44018965214491" lon="138.88794302009046"><ele>1298.5999755859375</ele><time>2025-12-06T05:04:36.000Z</time><extensions/></trkpt><trkpt lat="35.440177666023374" lon="138.8879481330514"><ele>1298.4000244140625</ele><time>2025-12-06T05:04:43.000Z</time><extensions/></trkpt><trkpt lat="35.440179677680135" lon="138.88794452883303"><ele>1298.4000244140625</ele><time>2025-12-06T05:04:44.000Z</time><extensions/></trkpt><trkpt lat="35.440187472850084" lon="138.88793505728245"><ele>1298.4000244140625</ele><time>2025-12-06T05:04:45.000Z</time><extensions/></trkpt><trkpt lat="35.440196273848414" lon="138.88792818412185"><ele>1298.4000244140625</ele><time>2025-12-06T05:04:46.000Z</time><extensions/></trkpt><trkpt lat="35.440207086503506" lon="138.8879208918661"><ele>1298.199951171875</ele><time>2025-12-06T05:04:47.000Z</time><extensions/></trkpt><trkpt lat="35.4402160551399" lon="138.88791049830616"><ele>1298.199951171875</ele><time>2025-12-06T05:04:48.000Z</time><extensions/></trkpt><trkpt lat="35.44022032991052" lon="138.8878971710801"><ele>1298.199951171875</ele><time>2025-12-06T05:04:49.000Z</time><extensions/></trkpt><trkpt lat="35.44022259302437" lon="138.88788267038763"><ele>1298.199951171875</ele><time>2025-12-06T05:04:50.000Z</time><extensions/></trkpt><trkpt lat="35.4402245208621" lon="138.8878669962287"><ele>1298.199951171875</ele><time>2025-12-06T05:04:51.000Z</time><extensions/></trkpt><trkpt lat="35.440236423164606" lon="138.88770673424006"><ele>1297.800048828125</ele><time>2025-12-06T05:05:01.000Z</time><extensions/></trkpt><trkpt lat="35.44023944064975" lon="138.88756348751485"><ele>1297.0</ele><time>2025-12-06T05:05:11.000Z</time><extensions/></trkpt><trkpt lat="35.4402403626591" lon="138.8874137867242"><ele>1295.5999755859375</ele><time>2025-12-06T05:05:21.000Z</time><extensions/></trkpt><trkpt lat="35.44024338014424" lon="138.88726458884776"><ele>1293.800048828125</ele><time>2025-12-06T05:05:30.000Z</time><extensions/></trkpt><trkpt lat="35.440232986584306" lon="138.8871050812304"><ele>1291.4000244140625</ele><time>2025-12-06T05:05:40.000Z</time><extensions/></trkpt><trkpt lat="35.44019459746778" lon="138.8870170712471"><ele>1289.199951171875</ele><time>2025-12-06T05:05:46.000Z</time><extensions/></trkpt><trkpt lat="35.44015855528414" lon="138.88686971738935"><ele>1286.800048828125</ele><time>2025-12-06T05:05:55.000Z</time><extensions/></trkpt><trkpt lat="35.44010658748448" lon="138.8867530412972"><ele>1284.5999755859375</ele><time>2025-12-06T05:06:03.000Z</time><extensions/></trkpt><trkpt lat="35.44006518088281" lon="138.88665413483977"><ele>1282.800048828125</ele><time>2025-12-06T05:06:10.000Z</time><extensions/></trkpt><trkpt lat="35.44000466354191" lon="138.88654064387083"><ele>1280.4000244140625</ele><time>2025-12-06T05:06:18.000Z</time><extensions/></trkpt><trkpt lat="35.439955964684486" lon="138.88639085926116"><ele>1278.199951171875</ele><time>2025-12-06T05:06:27.000Z</time><extensions/></trkpt><trkpt lat="35.43990617617965" lon="138.8862448465079"><ele>1276.800048828125</ele><time>2025-12-06T05:06:36.000Z</time><extensions/></trkpt><trkpt lat="35.43986225500703" lon="138.88612523674965"><ele>1276.0</ele><time>2025-12-06T05:06:44.000Z</time><extensions/></trkpt><trkpt lat="35.43981246650219" lon="138.8860183674842"><ele>1275.4000244140625</ele><time>2025-12-06T05:06:51.000Z</time><extensions/></trkpt><trkpt lat="35.43976217508316" lon="138.88586992397904"><ele>1275.5999755859375</ele><time>2025-12-06T05:07:01.000Z</time><extensions/></trkpt><trkpt lat="35.43972789309919" lon="138.8857128471136"><ele>1277.199951171875</ele><time>2025-12-06T05:07:11.000Z</time><extensions/></trkpt><trkpt lat="35.4396980535239" lon="138.88553305529058"><ele>1279.5999755859375</ele><time>2025-12-06T05:07:22.000Z</time><extensions/></trkpt><trkpt lat="35.43971322476864" lon="138.88540162704885"><ele>1281.0</ele><time>2025-12-06T05:07:31.000Z</time><extensions/></trkpt><trkpt lat="35.439711548388004" lon="138.8853700272739"><ele>1281.199951171875</ele><time>2025-12-06T05:07:33.000Z</time><extensions/></trkpt><trkpt lat="35.43971221894026" lon="138.8853555265814"><ele>1281.4000244140625</ele><time>2025-12-06T05:07:34.000Z</time><extensions/></trkpt><trkpt lat="35.43971045874059" lon="138.88534127734601"><ele>1281.4000244140625</ele><time>2025-12-06T05:07:35.000Z</time><extensions/></trkpt><trkpt lat="35.43970987200737" lon="138.88532686047256"><ele>1281.5999755859375</ele><time>2025-12-06T05:07:36.000Z</time><extensions/></trkpt><trkpt lat="35.439711045473814" lon="138.88531227596104"><ele>1281.5999755859375</ele><time>2025-12-06T05:07:37.000Z</time><extensions/></trkpt><trkpt lat="35.43970987200737" lon="138.88528059236705"><ele>1281.800048828125</ele><time>2025-12-06T05:07:39.000Z</time><extensions/></trkpt><trkpt lat="35.4397117998451" lon="138.88526424765587"><ele>1282.0</ele><time>2025-12-06T05:07:40.000Z</time><extensions/></trkpt><trkpt lat="35.43973024003208" lon="138.88516215607524"><ele>1282.4000244140625</ele><time>2025-12-06T05:07:48.000Z</time><extensions/></trkpt><trkpt lat="35.43974717147648" lon="138.88506039977074"><ele>1283.199951171875</ele><time>2025-12-06T05:07:57.000Z</time><extensions/></trkpt><trkpt lat="35.43975287117064" lon="138.88498244807124"><ele>1283.800048828125</ele><time>2025-12-06T05:08:05.000Z</time><extensions/></trkpt><trkpt lat="35.439763348549604" lon="138.8849228527397"><ele>1285.199951171875</ele><time>2025-12-06T05:08:16.000Z</time><extensions/></trkpt><trkpt lat="35.439769299700856" lon="138.8848631735891"><ele>1286.0</ele><time>2025-12-06T05:08:28.000Z</time><extensions/></trkpt><trkpt lat="35.4397876560688" lon="138.88481673784554"><ele>1286.4000244140625</ele><time>2025-12-06T05:08:34.000Z</time><extensions/></trkpt><trkpt lat="35.43979243375361" lon="138.88480165041983"><ele>1286.4000244140625</ele><time>2025-12-06T05:08:35.000Z</time><extensions/></trkpt><trkpt lat="35.439800061285496" lon="138.88477323576808"><ele>1286.5999755859375</ele><time>2025-12-06T05:08:37.000Z</time><extensions/></trkpt><trkpt lat="35.43980986811221" lon="138.8846638519317"><ele>1288.199951171875</ele><time>2025-12-06T05:08:46.000Z</time><extensions/></trkpt><trkpt lat="35.439818585291505" lon="138.88464348390698"><ele>1288.5999755859375</ele><time>2025-12-06T05:08:48.000Z</time><extensions/></trkpt><trkpt lat="35.43982218950987" lon="138.88462177477777"><ele>1289.199951171875</ele><time>2025-12-06T05:08:50.000Z</time><extensions/></trkpt><trkpt lat="35.43983409181237" lon="138.88454499654472"><ele>1291.199951171875</ele><time>2025-12-06T05:08:57.000Z</time><extensions/></trkpt><trkpt lat="35.43984725140035" lon="138.88446687720716"><ele>1293.5999755859375</ele><time>2025-12-06T05:09:06.000Z</time><extensions/></trkpt><trkpt lat="35.43986577540636" lon="138.88440032489598"><ele>1296.0</ele><time>2025-12-06T05:09:15.000Z</time><extensions/></trkpt><trkpt lat="35.43988857418299" lon="138.88433729298413"><ele>1298.0</ele><time>2025-12-06T05:09:24.000Z</time><extensions/></trkpt><trkpt lat="35.439908439293504" lon="138.8842565752566"><ele>1300.4000244140625</ele><time>2025-12-06T05:09:34.000Z</time><extensions/></trkpt><trkpt lat="35.43992537073791" lon="138.8841627817601"><ele>1303.5999755859375</ele><time>2025-12-06T05:09:46.000Z</time><extensions/></trkpt><trkpt lat="35.43993308208883" lon="138.88406932353973"><ele>1306.4000244140625</ele><time>2025-12-06T05:09:59.000Z</time><extensions/></trkpt><trkpt lat="35.43993123807013" lon="138.88400042429566"><ele>1308.800048828125</ele><time>2025-12-06T05:10:09.000Z</time><extensions/></trkpt><trkpt lat="35.43991807848215" lon="138.88390663079917"><ele>1311.4000244140625</ele><time>2025-12-06T05:10:21.000Z</time><extensions/></trkpt><trkpt lat="35.43991103768349" lon="138.8838601950556"><ele>1312.4000244140625</ele><time>2025-12-06T05:10:29.000Z</time><extensions/></trkpt><trkpt lat="35.439899722114205" lon="138.88378702104092"><ele>1313.800048828125</ele><time>2025-12-06T05:10:38.000Z</time><extensions/></trkpt><trkpt lat="35.43989075347781" lon="138.8837208878249"><ele>1314.5999755859375</ele><time>2025-12-06T05:10:45.000Z</time><extensions/></trkpt><trkpt lat="35.43987977318466" lon="138.88366003520787"><ele>1315.800048828125</ele><time>2025-12-06T05:10:53.000Z</time><extensions/></trkpt><trkpt lat="35.43986518867314" lon="138.88357562944293"><ele>1316.800048828125</ele><time>2025-12-06T05:11:02.000Z</time><extensions/></trkpt><trkpt lat="35.43985697440803" lon="138.88355593197048"><ele>1317.0</ele><time>2025-12-06T05:11:04.000Z</time><extensions/></trkpt><trkpt lat="35.43981917202473" lon="138.88345702551305"><ele>1317.5999755859375</ele><time>2025-12-06T05:11:12.000Z</time><extensions/></trkpt><trkpt lat="35.439777597784996" lon="138.88333858922124"><ele>1318.199951171875</ele><time>2025-12-06T05:11:21.000Z</time><extensions/></trkpt><trkpt lat="35.43975815176964" lon="138.88318897224963"><ele>1318.5999755859375</ele><time>2025-12-06T05:11:31.000Z</time><extensions/></trkpt><trkpt lat="35.43974683620036" lon="138.88303248211741"><ele>1318.0</ele><time>2025-12-06T05:11:41.000Z</time><extensions/></trkpt><trkpt lat="35.439736526459455" lon="138.88287565670907"><ele>1316.4000244140625</ele><time>2025-12-06T05:11:51.000Z</time><extensions/></trkpt><trkpt lat="35.439738957211375" lon="138.88286048546433"><ele>1316.199951171875</ele><time>2025-12-06T05:11:52.000Z</time><extensions/></trkpt><trkpt lat="35.4397429805249" lon="138.88284598477185"><ele>1316.0</ele><time>2025-12-06T05:11:53.000Z</time><extensions/></trkpt><trkpt lat="35.43974365107715" lon="138.88283014297485"><ele>1315.800048828125</ele><time>2025-12-06T05:11:54.000Z</time><extensions/></trkpt><trkpt lat="35.439736526459455" lon="138.88264431618154"><ele>1314.0</ele><time>2025-12-06T05:12:06.000Z</time><extensions/></trkpt><trkpt lat="35.43973342515528" lon="138.88253225013614"><ele>1313.199951171875</ele><time>2025-12-06T05:12:14.000Z</time><extensions/></trkpt><trkpt lat="35.43973024003208" lon="138.88251749798656"><ele>1313.0</ele><time>2025-12-06T05:12:15.000Z</time><extensions/></trkpt><trkpt lat="35.43972797691822" lon="138.8825025781989"><ele>1313.0</ele><time>2025-12-06T05:12:16.000Z</time><extensions/></trkpt><trkpt lat="35.43972604908049" lon="138.88233426958323"><ele>1312.0</ele><time>2025-12-06T05:12:27.000Z</time><extensions/></trkpt><trkpt lat="35.439740968868136" lon="138.88214089907706"><ele>1311.0</ele><time>2025-12-06T05:12:39.000Z</time><extensions/></trkpt><trkpt lat="35.43972797691822" lon="138.88195993378758"><ele>1310.0</ele><time>2025-12-06T05:12:52.000Z</time><extensions/></trkpt><trkpt lat="35.439728731289506" lon="138.88182263821363"><ele>1309.199951171875</ele><time>2025-12-06T05:13:01.000Z</time><extensions/></trkpt><trkpt lat="35.439699897542596" lon="138.8816311955452"><ele>1307.5999755859375</ele><time>2025-12-06T05:13:13.000Z</time><extensions/></trkpt><trkpt lat="35.43965673074126" lon="138.88145819306374"><ele>1305.5999755859375</ele><time>2025-12-06T05:13:23.000Z</time><extensions/></trkpt><trkpt lat="35.43963619507849" lon="138.88129298575222"><ele>1303.800048828125</ele><time>2025-12-06T05:13:33.000Z</time><extensions/></trkpt><trkpt lat="35.439613396301866" lon="138.8811171334237"><ele>1302.5999755859375</ele><time>2025-12-06T05:13:45.000Z</time><extensions/></trkpt><trkpt lat="35.43958322145045" lon="138.88104228302836"><ele>1302.199951171875</ele><time>2025-12-06T05:13:52.000Z</time><extensions/></trkpt><trkpt lat="35.43952027335763" lon="138.8809015508741"><ele>1301.800048828125</ele><time>2025-12-06T05:14:03.000Z</time><extensions/></trkpt><trkpt lat="35.43951574712992" lon="138.88087783008814"><ele>1301.4000244140625</ele><time>2025-12-06T05:14:11.000Z</time><extensions/></trkpt><trkpt lat="35.439499486237764" lon="138.88083642348647"><ele>1301.4000244140625</ele><time>2025-12-06T05:14:15.000Z</time><extensions/></trkpt><trkpt lat="35.4394942894578" lon="138.88082183897495"><ele>1301.4000244140625</ele><time>2025-12-06T05:14:16.000Z</time><extensions/></trkpt><trkpt lat="35.439488254487514" lon="138.88080918230116"><ele>1301.4000244140625</ele><time>2025-12-06T05:14:17.000Z</time><extensions/></trkpt><trkpt lat="35.439480459317565" lon="138.88079996220767"><ele>1301.5999755859375</ele><time>2025-12-06T05:14:18.000Z</time><extensions/></trkpt><trkpt lat="35.43947098776698" lon="138.88079853728414"><ele>1301.5999755859375</ele><time>2025-12-06T05:14:19.000Z</time><extensions/></trkpt><trkpt lat="35.43946109712124" lon="138.88080381788313"><ele>1301.5999755859375</ele><time>2025-12-06T05:14:20.000Z</time><extensions/></trkpt><trkpt lat="35.439451122656465" lon="138.88081412762403"><ele>1302.199951171875</ele><time>2025-12-06T05:14:28.000Z</time><extensions/></trkpt><trkpt lat="35.439451122656465" lon="138.88081412762403"><ele>1302.4000244140625</ele><time>2025-12-06T05:14:29.000Z</time><extensions/></trkpt><trkpt lat="35.439457828179" lon="138.88076584786177"><ele>1303.199951171875</ele><time>2025-12-06T05:14:32.000Z</time><extensions/></trkpt><trkpt lat="35.43945631943643" lon="138.88075017370284"><ele>1303.199951171875</ele><time>2025-12-06T05:14:33.000Z</time><extensions/></trkpt><trkpt lat="35.43945489451289" lon="138.8807336613536"><ele>1303.4000244140625</ele><time>2025-12-06T05:14:34.000Z</time><extensions/></trkpt><trkpt lat="35.439454056322575" lon="138.88071664609015"><ele>1303.4000244140625</ele><time>2025-12-06T05:14:35.000Z</time><extensions/></trkpt><trkpt lat="35.439411057159305" lon="138.88050726614892"><ele>1303.800048828125</ele><time>2025-12-06T05:14:47.000Z</time><extensions/></trkpt><trkpt lat="35.439351042732596" lon="138.88036309741437"><ele>1304.0</ele><time>2025-12-06T05:14:57.000Z</time><extensions/></trkpt><trkpt lat="35.439323047176" lon="138.88028665445745"><ele>1304.4000244140625</ele><time>2025-12-06T05:15:03.000Z</time><extensions/></trkpt><trkpt lat="35.43931164778769" lon="138.88026653788984"><ele>1304.800048828125</ele><time>2025-12-06T05:15:05.000Z</time><extensions/></trkpt><trkpt lat="35.43930142186582" lon="138.88024675659835"><ele>1305.0</ele><time>2025-12-06T05:15:07.000Z</time><extensions/></trkpt><trkpt lat="35.439272755756974" lon="138.8801953755319"><ele>1306.199951171875</ele><time>2025-12-06T05:15:13.000Z</time><extensions/></trkpt><trkpt lat="35.4392609372735" lon="138.88016561977565"><ele>1306.800048828125</ele><time>2025-12-06T05:15:16.000Z</time><extensions/></trkpt><trkpt lat="35.439225398004055" lon="138.8801041804254"><ele>1308.800048828125</ele><time>2025-12-06T05:15:24.000Z</time><extensions/></trkpt><trkpt lat="35.439185332506895" lon="138.88004114851356"><ele>1311.0</ele><time>2025-12-06T05:15:33.000Z</time><extensions/></trkpt><trkpt lat="35.43915423564613" lon="138.8799799606204"><ele>1313.199951171875</ele><time>2025-12-06T05:15:41.000Z</time><extensions/></trkpt><trkpt lat="35.439135041087866" lon="138.87994735501707"><ele>1314.800048828125</ele><time>2025-12-06T05:15:48.000Z</time><extensions/></trkpt><trkpt lat="35.439118361100554" lon="138.87991265393794"><ele>1315.5999755859375</ele><time>2025-12-06T05:15:54.000Z</time><extensions/></trkpt><trkpt lat="35.439112996682525" lon="138.87990586459637"><ele>1317.5999755859375</ele><time>2025-12-06T05:16:09.000Z</time><extensions/></trkpt><trkpt lat="35.439082235097885" lon="138.87986848130822"><ele>1318.0</ele><time>2025-12-06T05:16:19.000Z</time><extensions/></trkpt><trkpt lat="35.43904694728553" lon="138.8798041921109"><ele>1319.5999755859375</ele><time>2025-12-06T05:16:29.000Z</time><extensions/></trkpt><trkpt lat="35.439026579260826" lon="138.87975146993995"><ele>1321.800048828125</ele><time>2025-12-06T05:16:38.000Z</time><extensions/></trkpt><trkpt lat="35.439005456864834" lon="138.87969388626516"><ele>1324.0</ele><time>2025-12-06T05:16:47.000Z</time><extensions/></trkpt><trkpt lat="35.43897796422243" lon="138.87964082881808"><ele>1325.800048828125</ele><time>2025-12-06T05:16:56.000Z</time><extensions/></trkpt><trkpt lat="35.438940580934286" lon="138.87958626262844"><ele>1327.4000244140625</ele><time>2025-12-06T05:17:03.000Z</time><extensions/></trkpt><trkpt lat="35.43893303722143" lon="138.8795750308782"><ele>1327.5999755859375</ele><time>2025-12-06T05:17:04.000Z</time><extensions/></trkpt><trkpt lat="35.438930690288544" lon="138.87951996177435"><ele>1328.199951171875</ele><time>2025-12-06T05:17:11.000Z</time><extensions/></trkpt><trkpt lat="35.43894996866584" lon="138.87951895594597"><ele>1329.4000244140625</ele><time>2025-12-06T05:17:19.000Z</time><extensions/></trkpt><trkpt lat="35.43897042050958" lon="138.87951359152794"><ele>1330.0</ele><time>2025-12-06T05:17:25.000Z</time><extensions/></trkpt><trkpt lat="35.43894971720874" lon="138.8794984202832"><ele>1331.5999755859375</ele><time>2025-12-06T05:17:41.000Z</time><extensions/></trkpt><trkpt lat="35.43894284404814" lon="138.87948886491358"><ele>1331.800048828125</ele><time>2025-12-06T05:17:42.000Z</time><extensions/></trkpt><trkpt lat="35.438930774107575" lon="138.87946807779372"><ele>1331.5999755859375</ele><time>2025-12-06T05:17:44.000Z</time><extensions/></trkpt><trkpt lat="35.438927840441465" lon="138.8794545829296"><ele>1331.4000244140625</ele><time>2025-12-06T05:17:45.000Z</time><extensions/></trkpt><trkpt lat="35.438930690288544" lon="138.87944226153195"><ele>1331.0</ele><time>2025-12-06T05:17:46.000Z</time><extensions/></trkpt><trkpt lat="35.43893672525883" lon="138.87943161651492"><ele>1330.800048828125</ele><time>2025-12-06T05:17:52.000Z</time><extensions/></trkpt><trkpt lat="35.43893747963011" lon="138.87940454296768"><ele>1330.800048828125</ele><time>2025-12-06T05:17:54.000Z</time><extensions/></trkpt><trkpt lat="35.438939826563" lon="138.8793871924281"><ele>1330.800048828125</ele><time>2025-12-06T05:17:55.000Z</time><extensions/></trkpt><trkpt lat="35.43894066475332" lon="138.87936967425048"><ele>1330.800048828125</ele><time>2025-12-06T05:17:56.000Z</time><extensions/></trkpt><trkpt lat="35.438940497115254" lon="138.87935391627252"><ele>1330.800048828125</ele><time>2025-12-06T05:17:57.000Z</time><extensions/></trkpt><trkpt lat="35.438940497115254" lon="138.87933832593262"><ele>1330.5999755859375</ele><time>2025-12-06T05:17:58.000Z</time><extensions/></trkpt><trkpt lat="35.43890303000808" lon="138.87930689379573"><ele>1330.199951171875</ele><time>2025-12-06T05:18:05.000Z</time><extensions/></trkpt><trkpt lat="35.43887486681342" lon="138.87932893820107"><ele>1330.800048828125</ele><time>2025-12-06T05:18:11.000Z</time><extensions/></trkpt><trkpt lat="35.4388880264014" lon="138.8793189637363"><ele>1330.0</ele><time>2025-12-06T05:18:22.000Z</time><extensions/></trkpt><trkpt lat="35.43889523483813" lon="138.87930932454765"><ele>1330.0</ele><time>2025-12-06T05:18:23.000Z</time><extensions/></trkpt><trkpt lat="35.43890135362744" lon="138.87929691933095"><ele>1330.0</ele><time>2025-12-06T05:18:24.000Z</time><extensions/></trkpt><trkpt lat="35.43890596367419" lon="138.87928325682878"><ele>1330.0</ele><time>2025-12-06T05:18:25.000Z</time><extensions/></trkpt><trkpt lat="35.43891442939639" lon="138.87923958711326"><ele>1330.199951171875</ele><time>2025-12-06T05:18:33.000Z</time><extensions/></trkpt><trkpt lat="35.438920967280865" lon="138.87923933565617"><ele>1330.0</ele><time>2025-12-06T05:18:40.000Z</time><extensions/></trkpt><trkpt lat="35.43893312104046" lon="138.87923774309456"><ele>1329.800048828125</ele><time>2025-12-06T05:18:41.000Z</time><extensions/></trkpt><trkpt lat="35.43894527480006" lon="138.8792352285236"><ele>1329.800048828125</ele><time>2025-12-06T05:18:42.000Z</time><extensions/></trkpt><trkpt lat="35.4389572609216" lon="138.8792325463146"><ele>1329.800048828125</ele><time>2025-12-06T05:18:43.000Z</time><extensions/></trkpt><trkpt lat="35.43896824121475" lon="138.87922927737236"><ele>1329.800048828125</ele><time>2025-12-06T05:18:44.000Z</time><extensions/></trkpt><trkpt lat="35.43901417404413" lon="138.8792121782899"><ele>1330.0</ele><time>2025-12-06T05:18:48.000Z</time><extensions/></trkpt><trkpt lat="35.439021633937955" lon="138.87920077890158"><ele>1330.0</ele><time>2025-12-06T05:18:49.000Z</time><extensions/></trkpt><trkpt lat="35.43902741745114" lon="138.87918828986585"><ele>1330.0</ele><time>2025-12-06T05:18:50.000Z</time><extensions/></trkpt><trkpt lat="35.43905273079872" lon="138.8791291974485"><ele>1329.800048828125</ele><time>2025-12-06T05:18:58.000Z</time><extensions/></trkpt><trkpt lat="35.43905465863645" lon="138.87912089936435"><ele>1329.800048828125</ele><time>2025-12-06T05:19:01.000Z</time><extensions/></trkpt><trkpt lat="35.439061699435115" lon="138.87910614721477"><ele>1329.5999755859375</ele><time>2025-12-06T05:19:02.000Z</time><extensions/></trkpt><trkpt lat="35.43906982988119" lon="138.87909156270325"><ele>1329.5999755859375</ele><time>2025-12-06T05:19:03.000Z</time><extensions/></trkpt><trkpt lat="35.43907854706049" lon="138.87907697819173"><ele>1329.5999755859375</ele><time>2025-12-06T05:19:04.000Z</time><extensions/></trkpt><trkpt lat="35.43908827006817" lon="138.87906306423247"><ele>1329.4000244140625</ele><time>2025-12-06T05:19:05.000Z</time><extensions/></trkpt><trkpt lat="35.43909857980907" lon="138.87904906645417"><ele>1329.4000244140625</ele><time>2025-12-06T05:19:06.000Z</time><extensions/></trkpt><trkpt lat="35.439196061342955" lon="138.87892819941044"><ele>1328.0</ele><time>2025-12-06T05:19:16.000Z</time><extensions/></trkpt><trkpt lat="35.439261021092534" lon="138.87881403788924"><ele>1325.800048828125</ele><time>2025-12-06T05:19:25.000Z</time><extensions/></trkpt><trkpt lat="35.43933218345046" lon="138.87865302152932"><ele>1323.199951171875</ele><time>2025-12-06T05:19:36.000Z</time><extensions/></trkpt><trkpt lat="35.43942203745246" lon="138.87849158607423"><ele>1321.4000244140625</ele><time>2025-12-06T05:19:47.000Z</time><extensions/></trkpt><trkpt lat="35.43951499275863" lon="138.87836208567023"><ele>1320.5999755859375</ele><time>2025-12-06T05:19:57.000Z</time><extensions/></trkpt><trkpt lat="35.43953401967883" lon="138.87834096327424"><ele>1320.5999755859375</ele><time>2025-12-06T05:19:59.000Z</time><extensions/></trkpt><trkpt lat="35.43954114429653" lon="138.87832721695304"><ele>1320.5999755859375</ele><time>2025-12-06T05:20:00.000Z</time><extensions/></trkpt><trkpt lat="35.43959856033325" lon="138.87816024944186"><ele>1319.5999755859375</ele><time>2025-12-06T05:20:12.000Z</time><extensions/></trkpt><trkpt lat="35.439601661637425" lon="138.8780392985791"><ele>1317.4000244140625</ele><time>2025-12-06T05:20:21.000Z</time><extensions/></trkpt><trkpt lat="35.43961498886347" lon="138.87791918590665"><ele>1315.0</ele><time>2025-12-06T05:20:30.000Z</time><extensions/></trkpt><trkpt lat="35.439634351059794" lon="138.87778708711267"><ele>1312.5999755859375</ele><time>2025-12-06T05:20:39.000Z</time><extensions/></trkpt><trkpt lat="35.43966067023575" lon="138.87759991921484"><ele>1309.5999755859375</ele><time>2025-12-06T05:20:50.000Z</time><extensions/></trkpt><trkpt lat="35.43968648649752" lon="138.87744644656777"><ele>1307.199951171875</ele><time>2025-12-06T05:20:59.000Z</time><extensions/></trkpt><trkpt lat="35.43969126418233" lon="138.8773270882666"><ele>1305.4000244140625</ele><time>2025-12-06T05:21:07.000Z</time><extensions/></trkpt><trkpt lat="35.439676344394684" lon="138.87721544131637"><ele>1303.800048828125</ele><time>2025-12-06T05:21:15.000Z</time><extensions/></trkpt><trkpt lat="35.43966779485345" lon="138.87709172442555"><ele>1300.5999755859375</ele><time>2025-12-06T05:21:25.000Z</time><extensions/></trkpt><trkpt lat="35.43965379707515" lon="138.87698896229267"><ele>1298.199951171875</ele><time>2025-12-06T05:21:33.000Z</time><extensions/></trkpt><trkpt lat="35.43964348733425" lon="138.8768740464002"><ele>1295.0</ele><time>2025-12-06T05:21:43.000Z</time><extensions/></trkpt><trkpt lat="35.439636781811714" lon="138.87677765451372"><ele>1292.0</ele><time>2025-12-06T05:21:50.000Z</time><extensions/></trkpt><trkpt lat="35.43962085619569" lon="138.8766784965992"><ele>1288.800048828125</ele><time>2025-12-06T05:21:58.000Z</time><extensions/></trkpt><trkpt lat="35.43960199691355" lon="138.87656358070672"><ele>1285.5999755859375</ele><time>2025-12-06T05:22:06.000Z</time><extensions/></trkpt><trkpt lat="35.439582550898194" lon="138.8764504250139"><ele>1282.4000244140625</ele><time>2025-12-06T05:22:14.000Z</time><extensions/></trkpt><trkpt lat="35.4395735822618" lon="138.87633844278753"><ele>1279.199951171875</ele><time>2025-12-06T05:22:22.000Z</time><extensions/></trkpt><trkpt lat="35.43956293724477" lon="138.8762315735221"><ele>1276.0</ele><time>2025-12-06T05:22:30.000Z</time><extensions/></trkpt><trkpt lat="35.439566038548946" lon="138.87622092850506"><ele>1275.5999755859375</ele><time>2025-12-06T05:22:31.000Z</time><extensions/></trkpt><trkpt lat="35.43959026224911" lon="138.8761235307902"><ele>1272.5999755859375</ele><time>2025-12-06T05:22:39.000Z</time><extensions/></trkpt><trkpt lat="35.439589926972985" lon="138.8760215230286"><ele>1269.4000244140625</ele><time>2025-12-06T05:22:47.000Z</time><extensions/></trkpt><trkpt lat="35.43959353119135" lon="138.87596008367836"><ele>1266.4000244140625</ele><time>2025-12-06T05:22:55.000Z</time><extensions/></trkpt><trkpt lat="35.439594788476825" lon="138.8759562280029"><ele>1264.4000244140625</ele><time>2025-12-06T05:23:03.000Z</time><extensions/></trkpt><trkpt lat="35.43959462083876" lon="138.87594147585332"><ele>1264.4000244140625</ele><time>2025-12-06T05:23:04.000Z</time><extensions/></trkpt><trkpt lat="35.43959503993392" lon="138.87592705897987"><ele>1264.199951171875</ele><time>2025-12-06T05:23:05.000Z</time><extensions/></trkpt><trkpt lat="35.43959294445813" lon="138.87591239064932"><ele>1264.0</ele><time>2025-12-06T05:23:06.000Z</time><extensions/></trkpt><trkpt lat="35.439592860639095" lon="138.87589763849974"><ele>1263.800048828125</ele><time>2025-12-06T05:23:07.000Z</time><extensions/></trkpt><trkpt lat="35.43959395028651" lon="138.8758827187121"><ele>1263.5999755859375</ele><time>2025-12-06T05:23:08.000Z</time><extensions/></trkpt><trkpt lat="35.439594788476825" lon="138.8758671283722"><ele>1263.4000244140625</ele><time>2025-12-06T05:23:09.000Z</time><extensions/></trkpt><trkpt lat="35.43960493057966" lon="138.87576973065734"><ele>1261.0</ele><time>2025-12-06T05:23:17.000Z</time><extensions/></trkpt><trkpt lat="35.43962839990854" lon="138.87566227465868"><ele>1257.800048828125</ele><time>2025-12-06T05:23:26.000Z</time><extensions/></trkpt><trkpt lat="35.43966301716864" lon="138.87555842287838"><ele>1254.5999755859375</ele><time>2025-12-06T05:23:35.000Z</time><extensions/></trkpt><trkpt lat="35.43967123143375" lon="138.87546722777188"><ele>1251.5999755859375</ele><time>2025-12-06T05:23:43.000Z</time><extensions/></trkpt><trkpt lat="35.43966938741505" lon="138.87544459663332"><ele>1250.800048828125</ele><time>2025-12-06T05:23:45.000Z</time><extensions/></trkpt><trkpt lat="35.43968011625111" lon="138.87534292414784"><ele>1247.5999755859375</ele><time>2025-12-06T05:23:54.000Z</time><extensions/></trkpt><trkpt lat="35.43968975543976" lon="138.87530704960227"><ele>1246.5999755859375</ele><time>2025-12-06T05:23:57.000Z</time><extensions/></trkpt><trkpt lat="35.4396911803633" lon="138.87524418532848"><ele>1244.800048828125</ele><time>2025-12-06T05:24:02.000Z</time><extensions/></trkpt><trkpt lat="35.439688581973314" lon="138.87523186393082"><ele>1244.4000244140625</ele><time>2025-12-06T05:24:03.000Z</time><extensions/></trkpt><trkpt lat="35.43969998136163" lon="138.8751342985779"><ele>1241.199951171875</ele><time>2025-12-06T05:24:11.000Z</time><extensions/></trkpt><trkpt lat="35.43970953673124" lon="138.87501703575253"><ele>1237.800048828125</ele><time>2025-12-06T05:24:19.000Z</time><extensions/></trkpt><trkpt lat="35.4397133924067" lon="138.87493992224336"><ele>1235.5999755859375</ele><time>2025-12-06T05:24:26.000Z</time><extensions/></trkpt><trkpt lat="35.4397133924067" lon="138.87484998442233"><ele>1232.5999755859375</ele><time>2025-12-06T05:24:34.000Z</time><extensions/></trkpt><trkpt lat="35.43972998857498" lon="138.87474537827075"><ele>1230.0</ele><time>2025-12-06T05:24:44.000Z</time><extensions/></trkpt><trkpt lat="35.43973619118333" lon="138.87466767802835"><ele>1228.4000244140625</ele><time>2025-12-06T05:24:52.000Z</time><extensions/></trkpt><trkpt lat="35.43973535299301" lon="138.87461503967643"><ele>1227.4000244140625</ele><time>2025-12-06T05:24:57.000Z</time><extensions/></trkpt><trkpt lat="35.43972806073725" lon="138.87456759810448"><ele>1225.5999755859375</ele><time>2025-12-06T05:25:05.000Z</time><extensions/></trkpt><trkpt lat="35.43973292224109" lon="138.8745406921953"><ele>1225.0</ele><time>2025-12-06T05:25:11.000Z</time><extensions/></trkpt><trkpt lat="35.439731581136584" lon="138.87451437301934"><ele>1224.4000244140625</ele><time>2025-12-06T05:25:16.000Z</time><extensions/></trkpt><trkpt lat="35.43973485007882" lon="138.87450045906007"><ele>1224.4000244140625</ele><time>2025-12-06T05:25:17.000Z</time><extensions/></trkpt><trkpt lat="35.43973736464977" lon="138.8744854554534"><ele>1224.199951171875</ele><time>2025-12-06T05:25:18.000Z</time><extensions/></trkpt><trkpt lat="35.439737532287836" lon="138.87447154149413"><ele>1224.199951171875</ele><time>2025-12-06T05:25:19.000Z</time><extensions/></trkpt><trkpt lat="35.43973728083074" lon="138.87445779517293"><ele>1224.199951171875</ele><time>2025-12-06T05:25:20.000Z</time><extensions/></trkpt><trkpt lat="35.43973728083074" lon="138.87444379739463"><ele>1224.199951171875</ele><time>2025-12-06T05:25:21.000Z</time><extensions/></trkpt><trkpt lat="35.439737029373646" lon="138.87442988343537"><ele>1224.199951171875</ele><time>2025-12-06T05:25:22.000Z</time><extensions/></trkpt><trkpt lat="35.43972705490887" lon="138.87428931891918"><ele>1221.800048828125</ele><time>2025-12-06T05:25:31.000Z</time><extensions/></trkpt><trkpt lat="35.43974323198199" lon="138.87412511743605"><ele>1220.199951171875</ele><time>2025-12-06T05:25:41.000Z</time><extensions/></trkpt><trkpt lat="35.43976167216897" lon="138.8739735726267"><ele>1219.0</ele><time>2025-12-06T05:25:50.000Z</time><extensions/></trkpt><trkpt lat="35.43977826833725" lon="138.87389092706144"><ele>1219.0</ele><time>2025-12-06T05:25:59.000Z</time><extensions/></trkpt><trkpt lat="35.43977726250887" lon="138.8738775998354"><ele>1219.0</ele><time>2025-12-06T05:26:00.000Z</time><extensions/></trkpt><trkpt lat="35.439777094870806" lon="138.87386209331453"><ele>1219.0</ele><time>2025-12-06T05:26:01.000Z</time><extensions/></trkpt><trkpt lat="35.43977717868984" lon="138.87384583242238"><ele>1219.0</ele><time>2025-12-06T05:26:02.000Z</time><extensions/></trkpt><trkpt lat="35.43977784924209" lon="138.8738300744444"><ele>1219.0</ele><time>2025-12-06T05:26:03.000Z</time><extensions/></trkpt><trkpt lat="35.439779441803694" lon="138.8738138973713"><ele>1219.0</ele><time>2025-12-06T05:26:04.000Z</time><extensions/></trkpt><trkpt lat="35.43978111818433" lon="138.87379797175527"><ele>1219.0</ele><time>2025-12-06T05:26:05.000Z</time><extensions/></trkpt><trkpt lat="35.439790757372975" lon="138.8736125640571"><ele>1218.4000244140625</ele><time>2025-12-06T05:26:17.000Z</time><extensions/></trkpt><trkpt lat="35.439783465117216" lon="138.87344308197498"><ele>1218.0</ele><time>2025-12-06T05:26:27.000Z</time><extensions/></trkpt><trkpt lat="35.43977977707982" lon="138.87333696708083"><ele>1217.199951171875</ele><time>2025-12-06T05:26:34.000Z</time><extensions/></trkpt><trkpt lat="35.43978413566947" lon="138.8733207900077"><ele>1217.0</ele><time>2025-12-06T05:26:35.000Z</time><extensions/></trkpt><trkpt lat="35.43978698551655" lon="138.87330503202975"><ele>1217.0</ele><time>2025-12-06T05:26:36.000Z</time><extensions/></trkpt><trkpt lat="35.43978899717331" lon="138.87328935787082"><ele>1216.800048828125</ele><time>2025-12-06T05:26:37.000Z</time><extensions/></trkpt><trkpt lat="35.4397929366678" lon="138.8732729293406"><ele>1216.5999755859375</ele><time>2025-12-06T05:26:38.000Z</time><extensions/></trkpt><trkpt lat="35.439815651625395" lon="138.87310336343944"><ele>1215.4000244140625</ele><time>2025-12-06T05:26:49.000Z</time><extensions/></trkpt><trkpt lat="35.43981003575027" lon="138.87293815612793"><ele>1213.5999755859375</ele><time>2025-12-06T05:26:59.000Z</time><extensions/></trkpt><trkpt lat="35.43983015231788" lon="138.87272827327251"><ele>1212.4000244140625</ele><time>2025-12-06T05:27:11.000Z</time><extensions/></trkpt><trkpt lat="35.439839120954275" lon="138.8725749682635"><ele>1211.4000244140625</ele><time>2025-12-06T05:27:20.000Z</time><extensions/></trkpt><trkpt lat="35.43985747732222" lon="138.87241537682712"><ele>1209.4000244140625</ele><time>2025-12-06T05:27:29.000Z</time><extensions/></trkpt><trkpt lat="35.439885472878814" lon="138.87227858416736"><ele>1208.800048828125</ele><time>2025-12-06T05:27:38.000Z</time><extensions/></trkpt><trkpt lat="35.43988153338432" lon="138.87213416397572"><ele>1208.5999755859375</ele><time>2025-12-06T05:27:47.000Z</time><extensions/></trkpt><trkpt lat="35.43988664634526" lon="138.87212167494"><ele>1208.4000244140625</ele><time>2025-12-06T05:27:48.000Z</time><extensions/></trkpt><trkpt lat="35.43989226222038" lon="138.87210524640977"><ele>1208.4000244140625</ele><time>2025-12-06T05:27:49.000Z</time><extensions/></trkpt><trkpt lat="35.4398946929723" lon="138.87208714149892"><ele>1208.4000244140625</ele><time>2025-12-06T05:27:50.000Z</time><extensions/></trkpt><trkpt lat="35.43989502824843" lon="138.87206886895"><ele>1208.4000244140625</ele><time>2025-12-06T05:27:51.000Z</time><extensions/></trkpt><trkpt lat="35.43989452533424" lon="138.8720508478582"><ele>1208.4000244140625</ele><time>2025-12-06T05:27:52.000Z</time><extensions/></trkpt><trkpt lat="35.43989595025778" lon="138.87201329693198"><ele>1208.199951171875</ele><time>2025-12-06T05:27:54.000Z</time><extensions/></trkpt><trkpt lat="35.43989553116262" lon="138.87199728749692"><ele>1208.199951171875</ele><time>2025-12-06T05:27:55.000Z</time><extensions/></trkpt><trkpt lat="35.43988203629851" lon="138.87184054590762"><ele>1206.800048828125</ele><time>2025-12-06T05:28:05.000Z</time><extensions/></trkpt><trkpt lat="35.43985119089484" lon="138.87171674519777"><ele>1205.4000244140625</ele><time>2025-12-06T05:28:14.000Z</time><extensions/></trkpt><trkpt lat="35.43981975875795" lon="138.87160828337073"><ele>1203.5999755859375</ele><time>2025-12-06T05:28:22.000Z</time><extensions/></trkpt><trkpt lat="35.439781453460455" lon="138.87150133028626"><ele>1201.5999755859375</ele><time>2025-12-06T05:28:30.000Z</time><extensions/></trkpt><trkpt lat="35.43976745568216" lon="138.87148146517575"><ele>1201.0</ele><time>2025-12-06T05:28:32.000Z</time><extensions/></trkpt><trkpt lat="35.43975379317999" lon="138.8714501168579"><ele>1200.4000244140625</ele><time>2025-12-06T05:28:34.000Z</time><extensions/></trkpt><trkpt lat="35.43974692001939" lon="138.87143519707024"><ele>1200.199951171875</ele><time>2025-12-06T05:28:35.000Z</time><extensions/></trkpt><trkpt lat="35.43973837047815" lon="138.87142195366323"><ele>1200.0</ele><time>2025-12-06T05:28:36.000Z</time><extensions/></trkpt><trkpt lat="35.43972998857498" lon="138.87140938080847"><ele>1199.800048828125</ele><time>2025-12-06T05:28:37.000Z</time><extensions/></trkpt><trkpt lat="35.43972143903375" lon="138.871394880116"><ele>1199.4000244140625</ele><time>2025-12-06T05:28:38.000Z</time><extensions/></trkpt><trkpt lat="35.43967424891889" lon="138.871286585927"><ele>1197.5999755859375</ele><time>2025-12-06T05:28:46.000Z</time><extensions/></trkpt><trkpt lat="35.43965723365545" lon="138.8711745198816"><ele>1196.0</ele><time>2025-12-06T05:28:53.000Z</time><extensions/></trkpt><trkpt lat="35.4396512825042" lon="138.8711586780846"><ele>1195.800048828125</ele><time>2025-12-06T05:28:54.000Z</time><extensions/></trkpt><trkpt lat="35.4396425653249" lon="138.87114468030632"><ele>1195.800048828125</ele><time>2025-12-06T05:28:55.000Z</time><extensions/></trkpt><trkpt lat="35.43963326141238" lon="138.87113269418478"><ele>1195.800048828125</ele><time>2025-12-06T05:28:56.000Z</time><extensions/></trkpt><trkpt lat="35.43962446041405" lon="138.8711211271584"><ele>1195.800048828125</ele><time>2025-12-06T05:28:57.000Z</time><extensions/></trkpt><trkpt lat="35.43952262029052" lon="138.8709945604205"><ele>1194.5999755859375</ele><time>2025-12-06T05:29:09.000Z</time><extensions/></trkpt><trkpt lat="35.439462857320905" lon="138.87092188932002"><ele>1193.800048828125</ele><time>2025-12-06T05:29:18.000Z</time><extensions/></trkpt><trkpt lat="35.43945078738034" lon="138.8708832487464"><ele>1194.5999755859375</ele><time>2025-12-06T05:29:30.000Z</time><extensions/></trkpt><trkpt lat="35.439415499567986" lon="138.8708245754242"><ele>1195.199951171875</ele><time>2025-12-06T05:29:39.000Z</time><extensions/></trkpt><trkpt lat="35.43936839327216" lon="138.87075039558113"><ele>1197.4000244140625</ele><time>2025-12-06T05:29:50.000Z</time><extensions/></trkpt><trkpt lat="35.4393404815346" lon="138.87069222517312"><ele>1199.800048828125</ele><time>2025-12-06T05:30:02.000Z</time><extensions/></trkpt><trkpt lat="35.439316760748625" lon="138.87063254602253"><ele>1202.5999755859375</ele><time>2025-12-06T05:30:14.000Z</time><extensions/></trkpt><trkpt lat="35.43929907493293" lon="138.87059692293406"><ele>1204.4000244140625</ele><time>2025-12-06T05:30:35.000Z</time><extensions/></trkpt><trkpt lat="35.43926663696766" lon="138.87055677361786"><ele>1205.800048828125</ele><time>2025-12-06T05:30:44.000Z</time><extensions/></trkpt><trkpt lat="35.43925993144512" lon="138.8705238327384"><ele>1208.199951171875</ele><time>2025-12-06T05:30:55.000Z</time><extensions/></trkpt><trkpt lat="35.439229756593704" lon="138.87047773227096"><ele>1209.4000244140625</ele><time>2025-12-06T05:31:09.000Z</time><extensions/></trkpt><trkpt lat="35.43920712545514" lon="138.8704323861748"><ele>1211.0</ele><time>2025-12-06T05:31:17.000Z</time><extensions/></trkpt><trkpt lat="35.439185835421085" lon="138.87039374560118"><ele>1213.199951171875</ele><time>2025-12-06T05:31:26.000Z</time><extensions/></trkpt><trkpt lat="35.43914736248553" lon="138.8703388441354"><ele>1215.800048828125</ele><time>2025-12-06T05:31:39.000Z</time><extensions/></trkpt><trkpt lat="35.43912238441408" lon="138.87030146084726"><ele>1218.199951171875</ele><time>2025-12-06T05:31:58.000Z</time><extensions/></trkpt><trkpt lat="35.43909514322877" lon="138.87024781666696"><ele>1220.0</ele><time>2025-12-06T05:32:07.000Z</time><extensions/></trkpt><trkpt lat="35.439072931185365" lon="138.8701802585274"><ele>1222.4000244140625</ele><time>2025-12-06T05:32:18.000Z</time><extensions/></trkpt><trkpt lat="35.43904032558203" lon="138.87013223022223"><ele>1223.800048828125</ele><time>2025-12-06T05:32:26.000Z</time><extensions/></trkpt><trkpt lat="35.43899908661842" lon="138.87006936594844"><ele>1225.0</ele><time>2025-12-06T05:32:35.000Z</time><extensions/></trkpt><trkpt lat="35.43893538415432" lon="138.86999015696347"><ele>1226.0</ele><time>2025-12-06T05:32:45.000Z</time><extensions/></trkpt><trkpt lat="35.43892222456634" lon="138.86998512782156"><ele>1226.4000244140625</ele><time>2025-12-06T05:32:54.000Z</time><extensions/></trkpt><trkpt lat="35.438936557620764" lon="138.8699817750603"><ele>1226.199951171875</ele><time>2025-12-06T05:33:03.000Z</time><extensions/></trkpt><trkpt lat="35.438936557620764" lon="138.8699817750603"><ele>1222.199951171875</ele><time>2025-12-06T05:33:32.000Z</time><extensions/></trkpt><trkpt lat="35.438936557620764" lon="138.8699817750603"><ele>1220.800048828125</ele><time>2025-12-06T05:33:35.000Z</time><extensions/></trkpt><trkpt lat="35.438938150182366" lon="138.8699804339558"><ele>1224.800048828125</ele><time>2025-12-06T05:33:42.000Z</time><extensions/></trkpt><trkpt lat="35.438938150182366" lon="138.8699804339558"><ele>1224.800048828125</ele><time>2025-12-06T05:33:43.000Z</time><extensions/></trkpt><trkpt lat="35.438938150182366" lon="138.8699804339558"><ele>1228.0</ele><time>2025-12-06T05:33:46.000Z</time><extensions/></trkpt><trkpt lat="35.438938150182366" lon="138.8699804339558"><ele>1228.4000244140625</ele><time>2025-12-06T05:33:47.000Z</time><extensions/></trkpt><trkpt lat="35.43893328867853" lon="138.86997833848"><ele>1226.0</ele><time>2025-12-06T05:34:45.000Z</time><extensions/></trkpt><trkpt lat="35.438936641439795" lon="138.86998328380287"><ele>1226.199951171875</ele><time>2025-12-06T05:34:53.000Z</time><extensions/></trkpt><trkpt lat="35.43890839442611" lon="138.86996266432106"><ele>1226.199951171875</ele><time>2025-12-06T05:34:58.000Z</time><extensions/></trkpt><trkpt lat="35.43889967724681" lon="138.86995227076113"><ele>1226.199951171875</ele><time>2025-12-06T05:34:59.000Z</time><extensions/></trkpt><trkpt lat="35.43884368613362" lon="138.86984934099019"><ele>1225.800048828125</ele><time>2025-12-06T05:35:09.000Z</time><extensions/></trkpt><trkpt lat="35.438823318108916" lon="138.8698208425194"><ele>1225.4000244140625</ele><time>2025-12-06T05:35:13.000Z</time><extensions/></trkpt><trkpt lat="35.438817366957664" lon="138.86980994604528"><ele>1225.199951171875</ele><time>2025-12-06T05:35:14.000Z</time><extensions/></trkpt><trkpt lat="35.43878585100174" lon="138.86972763575613"><ele>1223.4000244140625</ele><time>2025-12-06T05:35:22.000Z</time><extensions/></trkpt><trkpt lat="35.43878057040274" lon="138.86971581727266"><ele>1223.199951171875</ele><time>2025-12-06T05:35:23.000Z</time><extensions/></trkpt><trkpt lat="35.438774451613426" lon="138.86970408260822"><ele>1222.800048828125</ele><time>2025-12-06T05:35:24.000Z</time><extensions/></trkpt><trkpt lat="35.43876866810024" lon="138.86969377286732"><ele>1222.5999755859375</ele><time>2025-12-06T05:35:25.000Z</time><extensions/></trkpt><trkpt lat="35.43873245827854" lon="138.86962059885263"><ele>1220.199951171875</ele><time>2025-12-06T05:35:33.000Z</time><extensions/></trkpt><trkpt lat="35.43871753849089" lon="138.8695840537548"><ele>1218.4000244140625</ele><time>2025-12-06T05:35:41.000Z</time><extensions/></trkpt><trkpt lat="35.43868342414498" lon="138.869539629668"><ele>1217.0</ele><time>2025-12-06T05:35:51.000Z</time><extensions/></trkpt><trkpt lat="35.43864453211427" lon="138.8694558944553"><ele>1213.5999755859375</ele><time>2025-12-06T05:36:02.000Z</time><extensions/></trkpt><trkpt lat="35.438607735559344" lon="138.86939093470573"><ele>1211.4000244140625</ele><time>2025-12-06T05:36:15.000Z</time><extensions/></trkpt><trkpt lat="35.438566664233804" lon="138.86931273154914"><ele>1209.4000244140625</ele><time>2025-12-06T05:36:24.000Z</time><extensions/></trkpt><trkpt lat="35.43851067312062" lon="138.86923419311643"><ele>1206.4000244140625</ele><time>2025-12-06T05:36:34.000Z</time><extensions/></trkpt><trkpt lat="35.43846448883414" lon="138.86915917508304"><ele>1204.199951171875</ele><time>2025-12-06T05:36:42.000Z</time><extensions/></trkpt><trkpt lat="35.43845686130226" lon="138.86914894916117"><ele>1203.800048828125</ele><time>2025-12-06T05:36:43.000Z</time><extensions/></trkpt><trkpt lat="35.438369354233146" lon="138.86905213817954"><ele>1201.4000244140625</ele><time>2025-12-06T05:36:53.000Z</time><extensions/></trkpt><trkpt lat="35.4382907319814" lon="138.86891894973814"><ele>1199.0</ele><time>2025-12-06T05:37:03.000Z</time><extensions/></trkpt><trkpt lat="35.438220323994756" lon="138.86879523284733"><ele>1197.199951171875</ele><time>2025-12-06T05:37:13.000Z</time><extensions/></trkpt><trkpt lat="35.43815209530294" lon="138.86867528781295"><ele>1196.0</ele><time>2025-12-06T05:37:23.000Z</time><extensions/></trkpt><trkpt lat="35.438073640689254" lon="138.8685377407819"><ele>1194.800048828125</ele><time>2025-12-06T05:37:34.000Z</time><extensions/></trkpt><trkpt lat="35.43797221966088" lon="138.86841477826238"><ele>1194.199951171875</ele><time>2025-12-06T05:37:45.000Z</time><extensions/></trkpt><trkpt lat="35.43783785775304" lon="138.8683117646724"><ele>1193.5999755859375</ele><time>2025-12-06T05:37:57.000Z</time><extensions/></trkpt><trkpt lat="35.43772646225989" lon="138.86822157539427"><ele>1193.5999755859375</ele><time>2025-12-06T05:38:07.000Z</time><extensions/></trkpt><trkpt lat="35.437630489468575" lon="138.8681029714644"><ele>1194.199951171875</ele><time>2025-12-06T05:38:17.000Z</time><extensions/></trkpt><trkpt lat="35.437583550810814" lon="138.86801479384303"><ele>1194.800048828125</ele><time>2025-12-06T05:38:24.000Z</time><extensions/></trkpt><trkpt lat="35.437517166137695" lon="138.8679214194417"><ele>1195.800048828125</ele><time>2025-12-06T05:38:33.000Z</time><extensions/></trkpt><trkpt lat="35.43746503069997" lon="138.86783072724938"><ele>1197.5999755859375</ele><time>2025-12-06T05:38:42.000Z</time><extensions/></trkpt><trkpt lat="35.43745279312134" lon="138.86781178414822"><ele>1198.0</ele><time>2025-12-06T05:38:44.000Z</time><extensions/></trkpt><trkpt lat="35.43744399212301" lon="138.86780256405473"><ele>1198.199951171875</ele><time>2025-12-06T05:38:45.000Z</time><extensions/></trkpt><trkpt lat="35.437436951324344" lon="138.86779099702835"><ele>1198.4000244140625</ele><time>2025-12-06T05:38:46.000Z</time><extensions/></trkpt><trkpt lat="35.43743032962084" lon="138.86777775362134"><ele>1198.5999755859375</ele><time>2025-12-06T05:38:47.000Z</time><extensions/></trkpt><trkpt lat="35.43741582892835" lon="138.86776174418628"><ele>1199.0</ele><time>2025-12-06T05:38:49.000Z</time><extensions/></trkpt><trkpt lat="35.43740367516875" lon="138.86774322018027"><ele>1199.199951171875</ele><time>2025-12-06T05:38:51.000Z</time><extensions/></trkpt><trkpt lat="35.43739822693169" lon="138.86773182079196"><ele>1199.4000244140625</ele><time>2025-12-06T05:38:52.000Z</time><extensions/></trkpt><trkpt lat="35.43736092746258" lon="138.86765965260565"><ele>1201.0</ele><time>2025-12-06T05:39:00.000Z</time><extensions/></trkpt><trkpt lat="35.43732765130699" lon="138.86759192682803"><ele>1202.800048828125</ele><time>2025-12-06T05:39:08.000Z</time><extensions/></trkpt><trkpt lat="35.437306025996804" lon="138.86755362153053"><ele>1204.5999755859375</ele><time>2025-12-06T05:39:15.000Z</time><extensions/></trkpt><trkpt lat="35.43728129938245" lon="138.86748715303838"><ele>1205.4000244140625</ele><time>2025-12-06T05:39:23.000Z</time><extensions/></trkpt><trkpt lat="35.43724609538913" lon="138.86740903370082"><ele>1207.0</ele><time>2025-12-06T05:39:32.000Z</time><extensions/></trkpt><trkpt lat="35.4372198600322" lon="138.8673605863005"><ele>1207.5999755859375</ele><time>2025-12-06T05:39:37.000Z</time><extensions/></trkpt><trkpt lat="35.437206365168095" lon="138.86732663959265"><ele>1208.0</ele><time>2025-12-06T05:39:40.000Z</time><extensions/></trkpt><trkpt lat="35.4371992405504" lon="138.86731624603271"><ele>1208.199951171875</ele><time>2025-12-06T05:39:41.000Z</time><extensions/></trkpt><trkpt lat="35.437190691009164" lon="138.86730635538697"><ele>1208.4000244140625</ele><time>2025-12-06T05:39:42.000Z</time><extensions/></trkpt><trkpt lat="35.437182476744056" lon="138.8672966323793"><ele>1208.5999755859375</ele><time>2025-12-06T05:39:43.000Z</time><extensions/></trkpt><trkpt lat="35.43717627413571" lon="138.8672847300768"><ele>1208.800048828125</ele><time>2025-12-06T05:39:44.000Z</time><extensions/></trkpt><trkpt lat="35.43717032298446" lon="138.86727324686944"><ele>1209.0</ele><time>2025-12-06T05:39:45.000Z</time><extensions/></trkpt><trkpt lat="35.437163868919015" lon="138.8672622665763"><ele>1209.0</ele><time>2025-12-06T05:39:46.000Z</time><extensions/></trkpt><trkpt lat="35.43710553087294" lon="138.86717065237463"><ele>1210.0</ele><time>2025-12-06T05:39:54.000Z</time><extensions/></trkpt><trkpt lat="35.43710838072002" lon="138.86704014614224"><ele>1210.4000244140625</ele><time>2025-12-06T05:40:03.000Z</time><extensions/></trkpt><trkpt lat="35.43713252060115" lon="138.86694828048348"><ele>1210.800048828125</ele><time>2025-12-06T05:40:11.000Z</time><extensions/></trkpt><trkpt lat="35.43714249506593" lon="138.86693604290485"><ele>1210.5999755859375</ele><time>2025-12-06T05:40:17.000Z</time><extensions/></trkpt><trkpt lat="35.43715448118746" lon="138.86691617779434"><ele>1210.4000244140625</ele><time>2025-12-06T05:40:24.000Z</time><extensions/></trkpt><trkpt lat="35.437148278579116" lon="138.86689396575093"><ele>1210.4000244140625</ele><time>2025-12-06T05:40:28.000Z</time><extensions/></trkpt><trkpt lat="35.437146769836545" lon="138.86688072234392"><ele>1210.4000244140625</ele><time>2025-12-06T05:40:29.000Z</time><extensions/></trkpt><trkpt lat="35.43714609928429" lon="138.8668658863753"><ele>1210.4000244140625</ele><time>2025-12-06T05:40:30.000Z</time><extensions/></trkpt><trkpt lat="35.437145344913006" lon="138.86685012839735"><ele>1210.4000244140625</ele><time>2025-12-06T05:40:31.000Z</time><extensions/></trkpt><trkpt lat="35.43714618310332" lon="138.86683403514326"><ele>1210.199951171875</ele><time>2025-12-06T05:40:32.000Z</time><extensions/></trkpt><trkpt lat="35.43714836239815" lon="138.86681886389852"><ele>1210.199951171875</ele><time>2025-12-06T05:40:33.000Z</time><extensions/></trkpt><trkpt lat="35.43715875595808" lon="138.86664426885545"><ele>1209.4000244140625</ele><time>2025-12-06T05:40:44.000Z</time><extensions/></trkpt><trkpt lat="35.437148194760084" lon="138.86655248701572"><ele>1208.4000244140625</ele><time>2025-12-06T05:40:50.000Z</time><extensions/></trkpt><trkpt lat="35.43714107014239" lon="138.86654008179903"><ele>1208.4000244140625</ele><time>2025-12-06T05:40:51.000Z</time><extensions/></trkpt><trkpt lat="35.43713855557144" lon="138.86652633547783"><ele>1208.199951171875</ele><time>2025-12-06T05:40:52.000Z</time><extensions/></trkpt><trkpt lat="35.43713905848563" lon="138.86651108041406"><ele>1208.0</ele><time>2025-12-06T05:40:53.000Z</time><extensions/></trkpt><trkpt lat="35.43714065104723" lon="138.8664966635406"><ele>1207.800048828125</ele><time>2025-12-06T05:40:54.000Z</time><extensions/></trkpt><trkpt lat="35.43714123778045" lon="138.86648207902908"><ele>1207.800048828125</ele><time>2025-12-06T05:40:55.000Z</time><extensions/></trkpt><trkpt lat="35.43714174069464" lon="138.866465985775"><ele>1207.5999755859375</ele><time>2025-12-06T05:40:56.000Z</time><extensions/></trkpt><trkpt lat="35.43716378509998" lon="138.8663208950311"><ele>1206.0</ele><time>2025-12-06T05:41:06.000Z</time><extensions/></trkpt><trkpt lat="35.437162360176444" lon="138.86621167883277"><ele>1204.800048828125</ele><time>2025-12-06T05:41:14.000Z</time><extensions/></trkpt><trkpt lat="35.43716596439481" lon="138.86611176654696"><ele>1203.4000244140625</ele><time>2025-12-06T05:41:21.000Z</time><extensions/></trkpt><trkpt lat="35.43716512620449" lon="138.86594706214964"><ele>1201.0</ele><time>2025-12-06T05:41:32.000Z</time><extensions/></trkpt><trkpt lat="35.43717568740249" lon="138.86582175269723"><ele>1198.5999755859375</ele><time>2025-12-06T05:41:40.000Z</time><extensions/></trkpt><trkpt lat="35.43717619031668" lon="138.86580674909055"><ele>1198.4000244140625</ele><time>2025-12-06T05:41:41.000Z</time><extensions/></trkpt><trkpt lat="35.437147272750735" lon="138.8656715489924"><ele>1196.0</ele><time>2025-12-06T05:41:50.000Z</time><extensions/></trkpt><trkpt lat="35.4371249768883" lon="138.86558504775167"><ele>1194.4000244140625</ele><time>2025-12-06T05:41:57.000Z</time><extensions/></trkpt><trkpt lat="35.43709312565625" lon="138.86555294506252"><ele>1193.5999755859375</ele><time>2025-12-06T05:42:02.000Z</time><extensions/></trkpt><trkpt lat="35.43708843179047" lon="138.86554037220776"><ele>1193.5999755859375</ele><time>2025-12-06T05:42:03.000Z</time><extensions/></trkpt><trkpt lat="35.43708549812436" lon="138.86552654206753"><ele>1193.4000244140625</ele><time>2025-12-06T05:42:04.000Z</time><extensions/></trkpt><trkpt lat="35.43708315119147" lon="138.86551178991795"><ele>1193.4000244140625</ele><time>2025-12-06T05:42:05.000Z</time><extensions/></trkpt><trkpt lat="35.43708264827728" lon="138.86549645103514"><ele>1193.199951171875</ele><time>2025-12-06T05:42:06.000Z</time><extensions/></trkpt><trkpt lat="35.43707803823054" lon="138.86538882739842"><ele>1192.4000244140625</ele><time>2025-12-06T05:42:13.000Z</time><extensions/></trkpt><trkpt lat="35.43707485310733" lon="138.8653742428869"><ele>1192.199951171875</ele><time>2025-12-06T05:42:14.000Z</time><extensions/></trkpt><trkpt lat="35.4370644595474" lon="138.86530769057572"><ele>1191.800048828125</ele><time>2025-12-06T05:42:19.000Z</time><extensions/></trkpt><trkpt lat="35.437067057937384" lon="138.86529059149325"><ele>1191.800048828125</ele><time>2025-12-06T05:42:20.000Z</time><extensions/></trkpt><trkpt lat="35.43706647120416" lon="138.86527466587722"><ele>1191.5999755859375</ele><time>2025-12-06T05:42:21.000Z</time><extensions/></trkpt><trkpt lat="35.43706672266126" lon="138.86525865644217"><ele>1191.5999755859375</ele><time>2025-12-06T05:42:22.000Z</time><extensions/></trkpt><trkpt lat="35.437067644670606" lon="138.86524206027389"><ele>1191.5999755859375</ele><time>2025-12-06T05:42:23.000Z</time><extensions/></trkpt><trkpt lat="35.43706001713872" lon="138.86513125151396"><ele>1190.800048828125</ele><time>2025-12-06T05:42:30.000Z</time><extensions/></trkpt><trkpt lat="35.43705523945391" lon="138.8651168346405"><ele>1190.5999755859375</ele><time>2025-12-06T05:42:31.000Z</time><extensions/></trkpt><trkpt lat="35.43705088086426" lon="138.86510208249092"><ele>1190.4000244140625</ele><time>2025-12-06T05:42:32.000Z</time><extensions/></trkpt><trkpt lat="35.43704643845558" lon="138.8650872465223"><ele>1190.199951171875</ele><time>2025-12-06T05:42:33.000Z</time><extensions/></trkpt><trkpt lat="35.43704006820917" lon="138.86507299728692"><ele>1190.0</ele><time>2025-12-06T05:42:34.000Z</time><extensions/></trkpt><trkpt lat="35.43703277595341" lon="138.86505908332765"><ele>1189.5999755859375</ele><time>2025-12-06T05:42:35.000Z</time><extensions/></trkpt><trkpt lat="35.43702732771635" lon="138.86504374444485"><ele>1189.4000244140625</ele><time>2025-12-06T05:42:36.000Z</time><extensions/></trkpt><trkpt lat="35.43702498078346" lon="138.86502714827657"><ele>1189.199951171875</ele><time>2025-12-06T05:42:37.000Z</time><extensions/></trkpt><trkpt lat="35.43702129274607" lon="138.86500996537507"><ele>1189.199951171875</ele><time>2025-12-06T05:42:38.000Z</time><extensions/></trkpt><trkpt lat="35.436987932771444" lon="138.86486353352666"><ele>1187.5999755859375</ele><time>2025-12-06T05:42:47.000Z</time><extensions/></trkpt><trkpt lat="35.43694719672203" lon="138.86471726931632"><ele>1186.5999755859375</ele><time>2025-12-06T05:42:56.000Z</time><extensions/></trkpt><trkpt lat="35.43687293305993" lon="138.86455558240414"><ele>1185.4000244140625</ele><time>2025-12-06T05:43:07.000Z</time><extensions/></trkpt><trkpt lat="35.43681275099516" lon="138.86448718607426"><ele>1184.800048828125</ele><time>2025-12-06T05:43:14.000Z</time><extensions/></trkpt><trkpt lat="35.43676648288965" lon="138.86441107839346"><ele>1184.199951171875</ele><time>2025-12-06T05:43:21.000Z</time><extensions/></trkpt><trkpt lat="35.43673454783857" lon="138.86435969732702"><ele>1183.0</ele><time>2025-12-06T05:43:29.000Z</time><extensions/></trkpt><trkpt lat="35.43673379346728" lon="138.86435667984188"><ele>1182.800048828125</ele><time>2025-12-06T05:43:31.000Z</time><extensions/></trkpt><trkpt lat="35.436726585030556" lon="138.8643440231681"><ele>1182.800048828125</ele><time>2025-12-06T05:43:32.000Z</time><extensions/></trkpt><trkpt lat="35.43671887367964" lon="138.8643318694085"><ele>1182.5999755859375</ele><time>2025-12-06T05:43:33.000Z</time><extensions/></trkpt><trkpt lat="35.43671074323356" lon="138.8643194641918"><ele>1182.5999755859375</ele><time>2025-12-06T05:43:34.000Z</time><extensions/></trkpt><trkpt lat="35.43670269660652" lon="138.8643070589751"><ele>1182.5999755859375</ele><time>2025-12-06T05:43:35.000Z</time><extensions/></trkpt><trkpt lat="35.436639580875635" lon="138.86422349140048"><ele>1181.5999755859375</ele><time>2025-12-06T05:43:43.000Z</time><extensions/></trkpt><trkpt lat="35.43657906353474" lon="138.8640879560262"><ele>1180.4000244140625</ele><time>2025-12-06T05:43:53.000Z</time><extensions/></trkpt><trkpt lat="35.43653422035277" lon="138.86399659328163"><ele>1179.4000244140625</ele><time>2025-12-06T05:44:00.000Z</time><extensions/></trkpt><trkpt lat="35.4365221504122" lon="138.86398661881685"><ele>1179.199951171875</ele><time>2025-12-06T05:44:01.000Z</time><extensions/></trkpt><trkpt lat="35.43650974519551" lon="138.86397815309465"><ele>1179.199951171875</ele><time>2025-12-06T05:44:02.000Z</time><extensions/></trkpt><trkpt lat="35.436498429626226" lon="138.8639664184302"><ele>1179.0</ele><time>2025-12-06T05:44:03.000Z</time><extensions/></trkpt><trkpt lat="35.436448976397514" lon="138.86386692523956"><ele>1177.800048828125</ele><time>2025-12-06T05:44:11.000Z</time><extensions/></trkpt><trkpt lat="35.43643992394209" lon="138.86381906457245"><ele>1176.800048828125</ele><time>2025-12-06T05:44:16.000Z</time><extensions/></trkpt><trkpt lat="35.43643447570503" lon="138.8638069946319"><ele>1176.5999755859375</ele><time>2025-12-06T05:44:17.000Z</time><extensions/></trkpt><trkpt lat="35.43641888536513" lon="138.8637810945511"><ele>1176.4000244140625</ele><time>2025-12-06T05:44:19.000Z</time><extensions/></trkpt><trkpt lat="35.43641058728099" lon="138.86376692913473"><ele>1176.199951171875</ele><time>2025-12-06T05:44:20.000Z</time><extensions/></trkpt><trkpt lat="35.43639994226396" lon="138.86375527828932"><ele>1176.0</ele><time>2025-12-06T05:44:21.000Z</time><extensions/></trkpt><trkpt lat="35.436390889808536" lon="138.86374454945326"><ele>1175.800048828125</ele><time>2025-12-06T05:44:22.000Z</time><extensions/></trkpt><trkpt lat="35.43638376519084" lon="138.8637338206172"><ele>1175.5999755859375</ele><time>2025-12-06T05:44:23.000Z</time><extensions/></trkpt><trkpt lat="35.43635065667331" lon="138.86368277482688"><ele>1174.0</ele><time>2025-12-06T05:44:29.000Z</time><extensions/></trkpt><trkpt lat="35.43633489869535" lon="138.86365394107997"><ele>1173.0</ele><time>2025-12-06T05:44:32.000Z</time><extensions/></trkpt><trkpt lat="35.43633087538183" lon="138.86364203877747"><ele>1172.800048828125</ele><time>2025-12-06T05:44:33.000Z</time><extensions/></trkpt><trkpt lat="35.43630564585328" lon="138.86358303017914"><ele>1171.199951171875</ele><time>2025-12-06T05:44:40.000Z</time><extensions/></trkpt><trkpt lat="35.43628393672407" lon="138.86353248730302"><ele>1169.800048828125</ele><time>2025-12-06T05:44:46.000Z</time><extensions/></trkpt><trkpt lat="35.43625828810036" lon="138.86347205378115"><ele>1167.800048828125</ele><time>2025-12-06T05:44:55.000Z</time><extensions/></trkpt><trkpt lat="35.43624169193208" lon="138.86339242570102"><ele>1166.0</ele><time>2025-12-06T05:45:04.000Z</time><extensions/></trkpt><trkpt lat="35.43623968027532" lon="138.8633757457137"><ele>1165.5999755859375</ele><time>2025-12-06T05:45:05.000Z</time><extensions/></trkpt><trkpt lat="35.436237920075655" lon="138.86335982009768"><ele>1165.4000244140625</ele><time>2025-12-06T05:45:06.000Z</time><extensions/></trkpt><trkpt lat="35.43623146601021" lon="138.86333676986396"><ele>1164.800048828125</ele><time>2025-12-06T05:45:08.000Z</time><extensions/></trkpt><trkpt lat="35.43621168471873" lon="138.86324456892908"><ele>1162.5999755859375</ele><time>2025-12-06T05:45:17.000Z</time><extensions/></trkpt><trkpt lat="35.43619726784527" lon="138.8631576485932"><ele>1160.4000244140625</ele><time>2025-12-06T05:45:26.000Z</time><extensions/></trkpt><trkpt lat="35.43619114905596" lon="138.86313183233142"><ele>1160.0</ele><time>2025-12-06T05:45:28.000Z</time><extensions/></trkpt><trkpt lat="35.436187628656626" lon="138.86311816982925"><ele>1159.800048828125</ele><time>2025-12-06T05:45:29.000Z</time><extensions/></trkpt><trkpt lat="35.43618653900921" lon="138.86310383677483"><ele>1159.5999755859375</ele><time>2025-12-06T05:45:30.000Z</time><extensions/></trkpt><trkpt lat="35.43618829920888" lon="138.86308967135847"><ele>1159.4000244140625</ele><time>2025-12-06T05:45:31.000Z</time><extensions/></trkpt><trkpt lat="35.43618829920888" lon="138.86307667940855"><ele>1159.199951171875</ele><time>2025-12-06T05:45:32.000Z</time><extensions/></trkpt><trkpt lat="35.436188634485006" lon="138.86306284926832"><ele>1159.0</ele><time>2025-12-06T05:45:33.000Z</time><extensions/></trkpt><trkpt lat="35.43620497919619" lon="138.86293158866465"><ele>1156.5999755859375</ele><time>2025-12-06T05:45:43.000Z</time><extensions/></trkpt><trkpt lat="35.43621067889035" lon="138.86291013099253"><ele>1156.0</ele><time>2025-12-06T05:45:45.000Z</time><extensions/></trkpt><trkpt lat="35.436214031651616" lon="138.86289621703327"><ele>1155.800048828125</ele><time>2025-12-06T05:45:46.000Z</time><extensions/></trkpt><trkpt lat="35.43623766861856" lon="138.86279362253845"><ele>1153.5999755859375</ele><time>2025-12-06T05:45:53.000Z</time><extensions/></trkpt><trkpt lat="35.43624026700854" lon="138.8627805467695"><ele>1153.199951171875</ele><time>2025-12-06T05:45:54.000Z</time><extensions/></trkpt><trkpt lat="35.43624202720821" lon="138.86276747100055"><ele>1153.0</ele><time>2025-12-06T05:45:55.000Z</time><extensions/></trkpt><trkpt lat="35.43626273050904" lon="138.86268415488303"><ele>1151.199951171875</ele><time>2025-12-06T05:46:01.000Z</time><extensions/></trkpt><trkpt lat="35.43626373633742" lon="138.86267258785665"><ele>1151.0</ele><time>2025-12-06T05:46:02.000Z</time><extensions/></trkpt><trkpt lat="35.43626633472741" lon="138.8626597635448"><ele>1150.800048828125</ele><time>2025-12-06T05:46:03.000Z</time><extensions/></trkpt><trkpt lat="35.436282427981496" lon="138.86256186291575"><ele>1148.800048828125</ele><time>2025-12-06T05:46:10.000Z</time><extensions/></trkpt><trkpt lat="35.43626298196614" lon="138.86247175745666"><ele>1146.199951171875</ele><time>2025-12-06T05:46:18.000Z</time><extensions/></trkpt><trkpt lat="35.4362562764436" lon="138.86246144771576"><ele>1146.0</ele><time>2025-12-06T05:46:19.000Z</time><extensions/></trkpt><trkpt lat="35.43625216931105" lon="138.86244585737586"><ele>1145.800048828125</ele><time>2025-12-06T05:46:20.000Z</time><extensions/></trkpt><trkpt lat="35.43625049293041" lon="138.86238257400692"><ele>1144.800048828125</ele><time>2025-12-06T05:46:25.000Z</time><extensions/></trkpt><trkpt lat="35.43624445796013" lon="138.86237033642828"><ele>1144.5999755859375</ele><time>2025-12-06T05:46:26.000Z</time><extensions/></trkpt><trkpt lat="35.43624144047499" lon="138.86235566809773"><ele>1144.199951171875</ele><time>2025-12-06T05:46:27.000Z</time><extensions/></trkpt><trkpt lat="35.4362390935421" lon="138.86234141886234"><ele>1144.0</ele><time>2025-12-06T05:46:28.000Z</time><extensions/></trkpt><trkpt lat="35.43622065335512" lon="138.86228417046368"><ele>1142.5999755859375</ele><time>2025-12-06T05:46:35.000Z</time><extensions/></trkpt><trkpt lat="35.43620405718684" lon="138.86224527843297"><ele>1141.800048828125</ele><time>2025-12-06T05:46:39.000Z</time><extensions/></trkpt><trkpt lat="35.436199195683" lon="138.86223522014916"><ele>1141.4000244140625</ele><time>2025-12-06T05:46:40.000Z</time><extensions/></trkpt><trkpt lat="35.43616424314678" lon="138.86214754544199"><ele>1139.199951171875</ele><time>2025-12-06T05:46:48.000Z</time><extensions/></trkpt><trkpt lat="35.436148066073656" lon="138.86207319796085"><ele>1137.4000244140625</ele><time>2025-12-06T05:46:54.000Z</time><extensions/></trkpt><trkpt lat="35.4361407738179" lon="138.8620278518647"><ele>1136.4000244140625</ele><time>2025-12-06T05:46:58.000Z</time><extensions/></trkpt><trkpt lat="35.43613314628601" lon="138.86201687157154"><ele>1136.199951171875</ele><time>2025-12-06T05:46:59.000Z</time><extensions/></trkpt><trkpt lat="35.43612568639219" lon="138.86200522072613"><ele>1136.0</ele><time>2025-12-06T05:47:00.000Z</time><extensions/></trkpt><trkpt lat="35.43611906468868" lon="138.86199516244233"><ele>1136.0</ele><time>2025-12-06T05:47:01.000Z</time><extensions/></trkpt><trkpt lat="35.436041448265314" lon="138.86190002784133"><ele>1133.199951171875</ele><time>2025-12-06T05:47:11.000Z</time><extensions/></trkpt><trkpt lat="35.435996521264315" lon="138.86180782690644"><ele>1130.800048828125</ele><time>2025-12-06T05:47:19.000Z</time><extensions/></trkpt><trkpt lat="35.435939859598875" lon="138.86171344667673"><ele>1128.5999755859375</ele><time>2025-12-06T05:47:28.000Z</time><extensions/></trkpt><trkpt lat="35.43593566864729" lon="138.8617019634694"><ele>1128.4000244140625</ele><time>2025-12-06T05:47:29.000Z</time><extensions/></trkpt><trkpt lat="35.43592938221991" lon="138.86168964207172"><ele>1128.199951171875</ele><time>2025-12-06T05:47:30.000Z</time><extensions/></trkpt><trkpt lat="35.43588738888502" lon="138.8616152945906"><ele>1127.199951171875</ele><time>2025-12-06T05:47:37.000Z</time><extensions/></trkpt><trkpt lat="35.43587858788669" lon="138.86160615831614"><ele>1127.0</ele><time>2025-12-06T05:47:38.000Z</time><extensions/></trkpt><trkpt lat="35.43586769141257" lon="138.86159777641296"><ele>1126.800048828125</ele><time>2025-12-06T05:47:39.000Z</time><extensions/></trkpt><trkpt lat="35.43585654348135" lon="138.86159006506205"><ele>1126.4000244140625</ele><time>2025-12-06T05:47:40.000Z</time><extensions/></trkpt><trkpt lat="35.435846066102386" lon="138.86158319190145"><ele>1126.199951171875</ele><time>2025-12-06T05:47:41.000Z</time><extensions/></trkpt><trkpt lat="35.43580315075815" lon="138.86155226267874"><ele>1125.5999755859375</ele><time>2025-12-06T05:47:45.000Z</time><extensions/></trkpt><trkpt lat="35.43578865006566" lon="138.86154388077557"><ele>1125.4000244140625</ele><time>2025-12-06T05:47:46.000Z</time><extensions/></trkpt><trkpt lat="35.43577741831541" lon="138.86153273284435"><ele>1125.199951171875</ele><time>2025-12-06T05:47:47.000Z</time><extensions/></trkpt><trkpt lat="35.43576953932643" lon="138.86151974089444"><ele>1125.199951171875</ele><time>2025-12-06T05:47:48.000Z</time><extensions/></trkpt><trkpt lat="35.43576459400356" lon="138.86150515638292"><ele>1125.0</ele><time>2025-12-06T05:47:49.000Z</time><extensions/></trkpt><trkpt lat="35.4357607383281" lon="138.86149157769978"><ele>1124.800048828125</ele><time>2025-12-06T05:47:50.000Z</time><extensions/></trkpt><trkpt lat="35.43575604446232" lon="138.86147883720696"><ele>1124.5999755859375</ele><time>2025-12-06T05:47:51.000Z</time><extensions/></trkpt><trkpt lat="35.43575093150139" lon="138.86146718636155"><ele>1124.5999755859375</ele><time>2025-12-06T05:47:52.000Z</time><extensions/></trkpt><trkpt lat="35.435714134946465" lon="138.86140641756356"><ele>1124.199951171875</ele><time>2025-12-06T05:47:57.000Z</time><extensions/></trkpt><trkpt lat="35.435685720294714" lon="138.8613695371896"><ele>1123.800048828125</ele><time>2025-12-06T05:48:03.000Z</time><extensions/></trkpt><trkpt lat="35.43567624874413" lon="138.86138848029077"><ele>1123.5999755859375</ele><time>2025-12-06T05:48:10.000Z</time><extensions/></trkpt><trkpt lat="35.43562654405832" lon="138.8613938447088"><ele>1123.4000244140625</ele><time>2025-12-06T05:48:25.000Z</time><extensions/></trkpt><trkpt lat="35.43561187572777" lon="138.86140063405037"><ele>1123.199951171875</ele><time>2025-12-06T05:48:27.000Z</time><extensions/></trkpt><trkpt lat="35.43560206890106" lon="138.86140557937324"><ele>1123.199951171875</ele><time>2025-12-06T05:48:28.000Z</time><extensions/></trkpt><trkpt lat="35.43559175916016" lon="138.8614094350487"><ele>1123.0</ele><time>2025-12-06T05:48:29.000Z</time><extensions/></trkpt><trkpt lat="35.435580778867006" lon="138.8614107761532"><ele>1122.800048828125</ele><time>2025-12-06T05:48:30.000Z</time><extensions/></trkpt><trkpt lat="35.435570469126105" lon="138.86141203343868"><ele>1122.800048828125</ele><time>2025-12-06T05:48:31.000Z</time><extensions/></trkpt><trkpt lat="35.43554917909205" lon="138.86141689494252"><ele>1122.4000244140625</ele><time>2025-12-06T05:48:33.000Z</time><extensions/></trkpt><trkpt lat="35.435541132465005" lon="138.8614220917225"><ele>1122.199951171875</ele><time>2025-12-06T05:48:34.000Z</time><extensions/></trkpt><trkpt lat="35.435508945956826" lon="138.86147615499794"><ele>1120.5999755859375</ele><time>2025-12-06T05:48:41.000Z</time><extensions/></trkpt><trkpt lat="35.43546703644097" lon="138.861502725631"><ele>1118.4000244140625</ele><time>2025-12-06T05:48:49.000Z</time><extensions/></trkpt><trkpt lat="35.43545798398554" lon="138.8614995405078"><ele>1118.199951171875</ele><time>2025-12-06T05:48:50.000Z</time><extensions/></trkpt><trkpt lat="35.43544666841626" lon="138.86149727739394"><ele>1118.0</ele><time>2025-12-06T05:48:51.000Z</time><extensions/></trkpt><trkpt lat="35.43539537116885" lon="138.8615043181926"><ele>1116.199951171875</ele><time>2025-12-06T05:48:57.000Z</time><extensions/></trkpt><trkpt lat="35.4353360272944" lon="138.86155259795487"><ele>1114.0</ele><time>2025-12-06T05:49:05.000Z</time><extensions/></trkpt><trkpt lat="35.435273330658674" lon="138.8615698646754"><ele>1112.199951171875</ele><time>2025-12-06T05:49:13.000Z</time><extensions/></trkpt><trkpt lat="35.43526276946068" lon="138.86156768538058"><ele>1112.0</ele><time>2025-12-06T05:49:14.000Z</time><extensions/></trkpt><trkpt lat="35.43522706255317" lon="138.86156475171447"><ele>1111.5999755859375</ele><time>2025-12-06T05:49:17.000Z</time><extensions/></trkpt><trkpt lat="35.435214741155505" lon="138.8615671824664"><ele>1111.4000244140625</ele><time>2025-12-06T05:49:18.000Z</time><extensions/></trkpt><trkpt lat="35.43519848026335" lon="138.86156709864736"><ele>1110.0</ele><time>2025-12-06T05:49:25.000Z</time><extensions/></trkpt><trkpt lat="35.435209795832634" lon="138.86147347278893"><ele>1109.800048828125</ele><time>2025-12-06T05:49:35.000Z</time><extensions/></trkpt><trkpt lat="35.43522245250642" lon="138.86135386303067"><ele>1112.4000244140625</ele><time>2025-12-06T05:49:47.000Z</time><extensions/></trkpt><trkpt lat="35.43520367704332" lon="138.86123827658594"><ele>1115.0</ele><time>2025-12-06T05:49:59.000Z</time><extensions/></trkpt><trkpt lat="35.43518892489374" lon="138.8612072635442"><ele>1115.5999755859375</ele><time>2025-12-06T05:50:02.000Z</time><extensions/></trkpt><trkpt lat="35.43516595847905" lon="138.8611575588584"><ele>1116.4000244140625</ele><time>2025-12-06T05:50:11.000Z</time><extensions/></trkpt><trkpt lat="35.43521935120225" lon="138.8611094467342"><ele>1118.5999755859375</ele><time>2025-12-06T05:50:29.000Z</time><extensions/></trkpt><trkpt lat="35.43523175641894" lon="138.86107265017927"><ele>1120.800048828125</ele><time>2025-12-06T05:50:39.000Z</time><extensions/></trkpt><trkpt lat="35.43523175641894" lon="138.86107265017927"><ele>1121.0</ele><time>2025-12-06T05:50:40.000Z</time><extensions/></trkpt><trkpt lat="35.43521641753614" lon="138.86105362325907"><ele>1121.199951171875</ele><time>2025-12-06T05:50:42.000Z</time><extensions/></trkpt><trkpt lat="35.43520032428205" lon="138.86103199794888"><ele>1121.199951171875</ele><time>2025-12-06T05:50:44.000Z</time><extensions/></trkpt><trkpt lat="35.435192780569196" lon="138.8610206823796"><ele>1121.199951171875</ele><time>2025-12-06T05:50:45.000Z</time><extensions/></trkpt><trkpt lat="35.43518356047571" lon="138.86100995354354"><ele>1121.199951171875</ele><time>2025-12-06T05:50:46.000Z</time><extensions/></trkpt><trkpt lat="35.435172244906425" lon="138.8610008172691"><ele>1121.4000244140625</ele><time>2025-12-06T05:50:47.000Z</time><extensions/></trkpt><trkpt lat="35.43516034260392" lon="138.8609931897372"><ele>1121.4000244140625</ele><time>2025-12-06T05:50:48.000Z</time><extensions/></trkpt><trkpt lat="35.43514994904399" lon="138.86098598130047"><ele>1121.4000244140625</ele><time>2025-12-06T05:50:49.000Z</time><extensions/></trkpt><trkpt lat="35.43514123186469" lon="138.86097659356892"><ele>1121.4000244140625</ele><time>2025-12-06T05:50:50.000Z</time><extensions/></trkpt><trkpt lat="35.43513125739992" lon="138.8609686307609"><ele>1121.5999755859375</ele><time>2025-12-06T05:50:51.000Z</time><extensions/></trkpt><trkpt lat="35.43512078002095" lon="138.8609622605145"><ele>1121.5999755859375</ele><time>2025-12-06T05:50:52.000Z</time><extensions/></trkpt><trkpt lat="35.435109632089734" lon="138.86095874011517"><ele>1121.800048828125</ele><time>2025-12-06T05:50:53.000Z</time><extensions/></trkpt><trkpt lat="35.4350976459682" lon="138.8609569799155"><ele>1122.0</ele><time>2025-12-06T05:50:54.000Z</time><extensions/></trkpt><trkpt lat="35.435087252408266" lon="138.8609519507736"><ele>1122.0</ele><time>2025-12-06T05:50:55.000Z</time><extensions/></trkpt><trkpt lat="35.43498239479959" lon="138.8609374500811"><ele>1123.199951171875</ele><time>2025-12-06T05:51:04.000Z</time><extensions/></trkpt><trkpt lat="35.43496755883098" lon="138.86092429049313"><ele>1123.4000244140625</ele><time>2025-12-06T05:51:06.000Z</time><extensions/></trkpt><trkpt lat="35.434965044260025" lon="138.8609104603529"><ele>1123.4000244140625</ele><time>2025-12-06T05:51:07.000Z</time><extensions/></trkpt><trkpt lat="35.43495808728039" lon="138.86089788749814"><ele>1123.5999755859375</ele><time>2025-12-06T05:51:08.000Z</time><extensions/></trkpt><trkpt lat="35.4349525552243" lon="138.8608866557479"><ele>1123.5999755859375</ele><time>2025-12-06T05:51:09.000Z</time><extensions/></trkpt><trkpt lat="35.43494442477822" lon="138.86087676510215"><ele>1123.800048828125</ele><time>2025-12-06T05:51:10.000Z</time><extensions/></trkpt><trkpt lat="35.43488759547472" lon="138.86079696938396"><ele>1124.800048828125</ele><time>2025-12-06T05:51:18.000Z</time><extensions/></trkpt><trkpt lat="35.43487879447639" lon="138.86077584698796"><ele>1125.0</ele><time>2025-12-06T05:51:20.000Z</time><extensions/></trkpt><trkpt lat="35.43487527407706" lon="138.86076176539063"><ele>1125.199951171875</ele><time>2025-12-06T05:51:21.000Z</time><extensions/></trkpt><trkpt lat="35.434852642938495" lon="138.8606580812484"><ele>1126.199951171875</ele><time>2025-12-06T05:51:29.000Z</time><extensions/></trkpt><trkpt lat="35.434803273528814" lon="138.86053771711886"><ele>1127.4000244140625</ele><time>2025-12-06T05:51:38.000Z</time><extensions/></trkpt><trkpt lat="35.434734961017966" lon="138.86042724363506"><ele>1128.199951171875</ele><time>2025-12-06T05:51:47.000Z</time><extensions/></trkpt><trkpt lat="35.43461048975587" lon="138.86034929193556"><ele>1128.199951171875</ele><time>2025-12-06T05:51:57.000Z</time><extensions/></trkpt><trkpt lat="35.43450437486172" lon="138.8602338731289"><ele>1128.0</ele><time>2025-12-06T05:52:07.000Z</time><extensions/></trkpt><trkpt lat="35.43449087999761" lon="138.8600647263229"><ele>1126.4000244140625</ele><time>2025-12-06T05:52:17.000Z</time><extensions/></trkpt><trkpt lat="35.43449364602566" lon="138.8598969206214"><ele>1124.0</ele><time>2025-12-06T05:52:27.000Z</time><extensions/></trkpt><trkpt lat="35.43450546450913" lon="138.85976498946548"><ele>1122.199951171875</ele><time>2025-12-06T05:52:35.000Z</time><extensions/></trkpt><trkpt lat="35.43460629880428" lon="138.85964621789753"><ele>1121.0</ele><time>2025-12-06T05:52:45.000Z</time><extensions/></trkpt><trkpt lat="35.434748120605946" lon="138.85958737693727"><ele>1120.199951171875</ele><time>2025-12-06T05:52:56.000Z</time><extensions/></trkpt><trkpt lat="35.43487343005836" lon="138.8595406897366"><ele>1119.4000244140625</ele><time>2025-12-06T05:53:05.000Z</time><extensions/></trkpt><trkpt lat="35.43488156050444" lon="138.8595253508538"><ele>1119.4000244140625</ele><time>2025-12-06T05:53:06.000Z</time><extensions/></trkpt><trkpt lat="35.43488508090377" lon="138.8595079164952"><ele>1119.199951171875</ele><time>2025-12-06T05:53:07.000Z</time><extensions/></trkpt><trkpt lat="35.43488566763699" lon="138.859488889575"><ele>1119.199951171875</ele><time>2025-12-06T05:53:08.000Z</time><extensions/></trkpt><trkpt lat="35.43488508090377" lon="138.85946935974061"><ele>1119.0</ele><time>2025-12-06T05:53:09.000Z</time><extensions/></trkpt><trkpt lat="35.434862868860364" lon="138.8593199942261"><ele>1117.199951171875</ele><time>2025-12-06T05:53:19.000Z</time><extensions/></trkpt><trkpt lat="35.43484962545335" lon="138.85918873362243"><ele>1115.800048828125</ele><time>2025-12-06T05:53:28.000Z</time><extensions/></trkpt><trkpt lat="35.43486555106938" lon="138.8590406253934"><ele>1114.5999755859375</ele><time>2025-12-06T05:53:38.000Z</time><extensions/></trkpt><trkpt lat="35.43487535789609" lon="138.8588709756732"><ele>1113.0</ele><time>2025-12-06T05:53:49.000Z</time><extensions/></trkpt><trkpt lat="35.434897067025304" lon="138.85864256881177"><ele>1111.199951171875</ele><time>2025-12-06T05:54:03.000Z</time><extensions/></trkpt><trkpt lat="35.434898156672716" lon="138.85847358964384"><ele>1109.800048828125</ele><time>2025-12-06T05:54:13.000Z</time><extensions/></trkpt><trkpt lat="35.43492866680026" lon="138.8583009224385"><ele>1108.800048828125</ele><time>2025-12-06T05:54:23.000Z</time><extensions/></trkpt><trkpt lat="35.43493151664734" lon="138.8581127487123"><ele>1108.199951171875</ele><time>2025-12-06T05:54:35.000Z</time><extensions/></trkpt><trkpt lat="35.43488038703799" lon="138.85796229355037"><ele>1108.4000244140625</ele><time>2025-12-06T05:54:45.000Z</time><extensions/></trkpt><trkpt lat="35.434792041778564" lon="138.85786472819746"><ele>1108.4000244140625</ele><time>2025-12-06T05:54:53.000Z</time><extensions/></trkpt><trkpt lat="35.43466916307807" lon="138.85780605487525"><ele>1108.199951171875</ele><time>2025-12-06T05:55:03.000Z</time><extensions/></trkpt><trkpt lat="35.434560449793935" lon="138.85774335823953"><ele>1107.800048828125</ele><time>2025-12-06T05:55:13.000Z</time><extensions/></trkpt><trkpt lat="35.43444964103401" lon="138.85768979787827"><ele>1106.800048828125</ele><time>2025-12-06T05:55:23.000Z</time><extensions/></trkpt><trkpt lat="35.4343066457659" lon="138.8576224911958"><ele>1105.4000244140625</ele><time>2025-12-06T05:55:34.000Z</time><extensions/></trkpt><trkpt lat="35.43418443761766" lon="138.8575601298362"><ele>1103.5999755859375</ele><time>2025-12-06T05:55:43.000Z</time><extensions/></trkpt><trkpt lat="35.43414579704404" lon="138.8575434498489"><ele>1103.0</ele><time>2025-12-06T05:55:46.000Z</time><extensions/></trkpt><trkpt lat="35.4341356549412" lon="138.85753364302218"><ele>1102.800048828125</ele><time>2025-12-06T05:55:47.000Z</time><extensions/></trkpt><trkpt lat="35.43412392027676" lon="138.8575239200145"><ele>1102.5999755859375</ele><time>2025-12-06T05:55:48.000Z</time><extensions/></trkpt><trkpt lat="35.43403842486441" lon="138.85743892751634"><ele>1101.0</ele><time>2025-12-06T05:55:56.000Z</time><extensions/></trkpt><trkpt lat="35.43393314816058" lon="138.85730917565525"><ele>1098.800048828125</ele><time>2025-12-06T05:56:07.000Z</time><extensions/></trkpt><trkpt lat="35.43386282399297" lon="138.8572014681995"><ele>1097.199951171875</ele><time>2025-12-06T05:56:15.000Z</time><extensions/></trkpt><trkpt lat="35.43380683287978" lon="138.85710616596043"><ele>1096.0</ele><time>2025-12-06T05:56:22.000Z</time><extensions/></trkpt><trkpt lat="35.43374941684306" lon="138.85699334554374"><ele>1094.4000244140625</ele><time>2025-12-06T05:56:30.000Z</time><extensions/></trkpt><trkpt lat="35.43370524421334" lon="138.85686811991036"><ele>1093.0</ele><time>2025-12-06T05:56:38.000Z</time><extensions/></trkpt><trkpt lat="35.433647744357586" lon="138.85672537609935"><ele>1091.4000244140625</ele><time>2025-12-06T05:56:47.000Z</time><extensions/></trkpt><trkpt lat="35.433580772951245" lon="138.8565743342042"><ele>1089.4000244140625</ele><time>2025-12-06T05:56:58.000Z</time><extensions/></trkpt><trkpt lat="35.433499133214355" lon="138.85646687820554"><ele>1087.800048828125</ele><time>2025-12-06T05:57:07.000Z</time><extensions/></trkpt><trkpt lat="35.433444986119866" lon="138.85647425428033"><ele>1087.0</ele><time>2025-12-06T05:57:11.000Z</time><extensions/></trkpt><trkpt lat="35.433432245627046" lon="138.85648062452674"><ele>1086.800048828125</ele><time>2025-12-06T05:57:12.000Z</time><extensions/></trkpt><trkpt lat="35.433418918401" lon="138.8564858213067"><ele>1086.5999755859375</ele><time>2025-12-06T05:57:13.000Z</time><extensions/></trkpt><trkpt lat="35.43340567499399" lon="138.85649252682924"><ele>1086.4000244140625</ele><time>2025-12-06T05:57:14.000Z</time><extensions/></trkpt><trkpt lat="35.43339444324374" lon="138.85650099255145"><ele>1086.4000244140625</ele><time>2025-12-06T05:57:15.000Z</time><extensions/></trkpt><trkpt lat="35.43338463641703" lon="138.8565082848072"><ele>1086.199951171875</ele><time>2025-12-06T05:57:16.000Z</time><extensions/></trkpt><trkpt lat="35.433373572304845" lon="138.85651465505362"><ele>1086.0</ele><time>2025-12-06T05:57:17.000Z</time><extensions/></trkpt><trkpt lat="35.43336108326912" lon="138.85652169585228"><ele>1085.800048828125</ele><time>2025-12-06T05:57:18.000Z</time><extensions/></trkpt><trkpt lat="35.433348678052425" lon="138.85652907192707"><ele>1085.5999755859375</ele><time>2025-12-06T05:57:19.000Z</time><extensions/></trkpt><trkpt lat="35.433336440473795" lon="138.8565349392593"><ele>1085.5999755859375</ele><time>2025-12-06T05:57:20.000Z</time><extensions/></trkpt><trkpt lat="35.43323862366378" lon="138.85658632032573"><ele>1084.199951171875</ele><time>2025-12-06T05:57:28.000Z</time><extensions/></trkpt><trkpt lat="35.43313544243574" lon="138.85668765753508"><ele>1083.0</ele><time>2025-12-06T05:57:37.000Z</time><extensions/></trkpt><trkpt lat="35.43302094563842" lon="138.85681238025427"><ele>1081.4000244140625</ele><time>2025-12-06T05:57:48.000Z</time><extensions/></trkpt><trkpt lat="35.432939641177654" lon="138.85688982903957"><ele>1080.800048828125</ele><time>2025-12-06T05:57:56.000Z</time><extensions/></trkpt><trkpt lat="35.43283629231155" lon="138.85697088204324"><ele>1080.0</ele><time>2025-12-06T05:58:05.000Z</time><extensions/></trkpt><trkpt lat="35.432743253186345" lon="138.8570513483137"><ele>1079.199951171875</ele><time>2025-12-06T05:58:13.000Z</time><extensions/></trkpt><trkpt lat="35.43264853768051" lon="138.85713667608798"><ele>1078.800048828125</ele><time>2025-12-06T05:58:22.000Z</time><extensions/></trkpt><trkpt lat="35.43254032731056" lon="138.8572062458843"><ele>1077.800048828125</ele><time>2025-12-06T05:58:31.000Z</time><extensions/></trkpt><trkpt lat="35.432379646226764" lon="138.85726005770266"><ele>1076.0</ele><time>2025-12-06T05:58:43.000Z</time><extensions/></trkpt><trkpt lat="35.43236816301942" lon="138.85726743377745"><ele>1075.800048828125</ele><time>2025-12-06T05:58:44.000Z</time><extensions/></trkpt><trkpt lat="35.432358691468835" lon="138.85727958753705"><ele>1075.800048828125</ele><time>2025-12-06T05:58:45.000Z</time><extensions/></trkpt><trkpt lat="35.43235005810857" lon="138.85729433968663"><ele>1075.5999755859375</ele><time>2025-12-06T05:58:46.000Z</time><extensions/></trkpt><trkpt lat="35.432344023138285" lon="138.85730967856944"><ele>1075.4000244140625</ele><time>2025-12-06T05:58:47.000Z</time><extensions/></trkpt><trkpt lat="35.432341089472175" lon="138.85732484981418"><ele>1075.4000244140625</ele><time>2025-12-06T05:58:48.000Z</time><extensions/></trkpt><trkpt lat="35.432341592386365" lon="138.85734194889665"><ele>1075.199951171875</ele><time>2025-12-06T05:58:49.000Z</time><extensions/></trkpt><trkpt lat="35.43234469369054" lon="138.8573566172272"><ele>1075.199951171875</ele><time>2025-12-06T05:58:50.000Z</time><extensions/></trkpt><trkpt lat="35.43235927820206" lon="138.85737899690866"><ele>1074.800048828125</ele><time>2025-12-06T05:58:52.000Z</time><extensions/></trkpt><trkpt lat="35.43237126432359" lon="138.85738578625023"><ele>1074.800048828125</ele><time>2025-12-06T05:58:53.000Z</time><extensions/></trkpt><trkpt lat="35.43238425627351" lon="138.85738821700215"><ele>1074.5999755859375</ele><time>2025-12-06T05:58:54.000Z</time><extensions/></trkpt><trkpt lat="35.432400768622756" lon="138.857387797907"><ele>1074.4000244140625</ele><time>2025-12-06T05:58:55.000Z</time><extensions/></trkpt><trkpt lat="35.43241577222943" lon="138.85738587006927"><ele>1074.4000244140625</ele><time>2025-12-06T05:58:56.000Z</time><extensions/></trkpt><trkpt lat="35.432430524379015" lon="138.85738427750766"><ele>1074.199951171875</ele><time>2025-12-06T05:58:57.000Z</time><extensions/></trkpt><trkpt lat="35.4324468690902" lon="138.8573822658509"><ele>1074.0</ele><time>2025-12-06T05:58:58.000Z</time><extensions/></trkpt><trkpt lat="35.43246312998235" lon="138.85737899690866"><ele>1074.0</ele><time>2025-12-06T05:58:59.000Z</time><extensions/></trkpt><trkpt lat="35.43247679248452" lon="138.85737463831902"><ele>1073.800048828125</ele><time>2025-12-06T05:59:00.000Z</time><extensions/></trkpt><trkpt lat="35.43260813690722" lon="138.85731705464423"><ele>1072.800048828125</ele><time>2025-12-06T05:59:10.000Z</time><extensions/></trkpt><trkpt lat="35.43271819129586" lon="138.85720876045525"><ele>1072.5999755859375</ele><time>2025-12-06T05:59:20.000Z</time><extensions/></trkpt><trkpt lat="35.43283746577799" lon="138.8571549486369"><ele>1072.4000244140625</ele><time>2025-12-06T05:59:30.000Z</time><extensions/></trkpt><trkpt lat="35.43295808136463" lon="138.85708613321185"><ele>1072.0</ele><time>2025-12-06T05:59:40.000Z</time><extensions/></trkpt><trkpt lat="35.43307383544743" lon="138.8570270407945"><ele>1071.5999755859375</ele><time>2025-12-06T05:59:49.000Z</time><extensions/></trkpt><trkpt lat="35.433192271739244" lon="138.85703491978347"><ele>1070.800048828125</ele><time>2025-12-06T05:59:58.000Z</time><extensions/></trkpt><trkpt lat="35.43319989927113" lon="138.8571610674262"><ele>1069.800048828125</ele><time>2025-12-06T06:00:06.000Z</time><extensions/></trkpt><trkpt lat="35.433185985311866" lon="138.85719048790634"><ele>1069.5999755859375</ele><time>2025-12-06T06:00:08.000Z</time><extensions/></trkpt><trkpt lat="35.43317399919033" lon="138.8571996241808"><ele>1069.4000244140625</ele><time>2025-12-06T06:00:09.000Z</time><extensions/></trkpt><trkpt lat="35.43306268751621" lon="138.85729526169598"><ele>1068.0</ele><time>2025-12-06T06:00:19.000Z</time><extensions/></trkpt><trkpt lat="35.43296428397298" lon="138.8574020471424"><ele>1065.800048828125</ele><time>2025-12-06T06:00:29.000Z</time><extensions/></trkpt><trkpt lat="35.43286428786814" lon="138.85751847177744"><ele>1063.5999755859375</ele><time>2025-12-06T06:00:40.000Z</time><extensions/></trkpt><trkpt lat="35.43275875970721" lon="138.85763187892735"><ele>1061.5999755859375</ele><time>2025-12-06T06:00:51.000Z</time><extensions/></trkpt><trkpt lat="35.43266186490655" lon="138.85773707181215"><ele>1059.800048828125</ele><time>2025-12-06T06:01:01.000Z</time><extensions/></trkpt><trkpt lat="35.432563880458474" lon="138.8578418456018"><ele>1057.800048828125</ele><time>2025-12-06T06:01:10.000Z</time><extensions/></trkpt><trkpt lat="35.43247905559838" lon="138.8579073920846"><ele>1056.5999755859375</ele><time>2025-12-06T06:01:17.000Z</time><extensions/></trkpt><trkpt lat="35.43236137367785" lon="138.85801216587424"><ele>1054.4000244140625</ele><time>2025-12-06T06:01:27.000Z</time><extensions/></trkpt><trkpt lat="35.43224218301475" lon="138.8581196218729"><ele>1052.199951171875</ele><time>2025-12-06T06:01:38.000Z</time><extensions/></trkpt><trkpt lat="35.43215895071626" lon="138.85819656774402"><ele>1050.5999755859375</ele><time>2025-12-06T06:01:46.000Z</time><extensions/></trkpt><trkpt lat="35.432055685669184" lon="138.85828248225152"><ele>1049.199951171875</ele><time>2025-12-06T06:01:55.000Z</time><extensions/></trkpt><trkpt lat="35.43194311670959" lon="138.85836504399776"><ele>1047.5999755859375</ele><time>2025-12-06T06:02:05.000Z</time><extensions/></trkpt><trkpt lat="35.43178444728255" lon="138.85845087468624"><ele>1045.800048828125</ele><time>2025-12-06T06:02:17.000Z</time><extensions/></trkpt><trkpt lat="35.43166257441044" lon="138.85848389938474"><ele>1044.800048828125</ele><time>2025-12-06T06:02:26.000Z</time><extensions/></trkpt><trkpt lat="35.43156215921044" lon="138.8584824744612"><ele>1044.0</ele><time>2025-12-06T06:02:33.000Z</time><extensions/></trkpt><trkpt lat="35.431477166712284" lon="138.8584848213941"><ele>1043.0</ele><time>2025-12-06T06:02:40.000Z</time><extensions/></trkpt><trkpt lat="35.43137867935002" lon="138.85849923826754"><ele>1042.4000244140625</ele><time>2025-12-06T06:02:47.000Z</time><extensions/></trkpt><trkpt lat="35.43128094635904" lon="138.85849127545953"><ele>1041.5999755859375</ele><time>2025-12-06T06:02:54.000Z</time><extensions/></trkpt><trkpt lat="35.43116603046656" lon="138.8584354519844"><ele>1041.0</ele><time>2025-12-06T06:03:03.000Z</time><extensions/></trkpt><trkpt lat="35.43101574294269" lon="138.85837627574801"><ele>1040.199951171875</ele><time>2025-12-06T06:03:14.000Z</time><extensions/></trkpt><trkpt lat="35.43087978847325" lon="138.85827938094735"><ele>1039.4000244140625</ele><time>2025-12-06T06:03:25.000Z</time><extensions/></trkpt><trkpt lat="35.43077291920781" lon="138.85819329880178"><ele>1038.5999755859375</ele><time>2025-12-06T06:03:34.000Z</time><extensions/></trkpt><trkpt lat="35.43066043406725" lon="138.85808559134603"><ele>1037.4000244140625</ele><time>2025-12-06T06:03:44.000Z</time><extensions/></trkpt><trkpt lat="35.43053587898612" lon="138.85799791663885"><ele>1035.5999755859375</ele><time>2025-12-06T06:03:54.000Z</time><extensions/></trkpt><trkpt lat="35.43039648793638" lon="138.85804359801114"><ele>1033.5999755859375</ele><time>2025-12-06T06:04:04.000Z</time><extensions/></trkpt><trkpt lat="35.430305544286966" lon="138.85814434848726"><ele>1032.0</ele><time>2025-12-06T06:04:13.000Z</time><extensions/></trkpt><trkpt lat="35.43019909411669" lon="138.85823814198375"><ele>1030.0</ele><time>2025-12-06T06:04:23.000Z</time><extensions/></trkpt><trkpt lat="35.43013111688197" lon="138.8583172671497"><ele>1028.800048828125</ele><time>2025-12-06T06:04:30.000Z</time><extensions/></trkpt><trkpt lat="35.43011762201786" lon="138.85832875035703"><ele>1028.5999755859375</ele><time>2025-12-06T06:04:31.000Z</time><extensions/></trkpt><trkpt lat="35.42999734170735" lon="138.85840326547623"><ele>1027.0</ele><time>2025-12-06T06:04:40.000Z</time><extensions/></trkpt><trkpt lat="35.429856861010194" lon="138.85846034623682"><ele>1025.4000244140625</ele><time>2025-12-06T06:04:50.000Z</time><extensions/></trkpt><trkpt lat="35.429722499102354" lon="138.85852354578674"><ele>1023.4000244140625</ele><time>2025-12-06T06:05:00.000Z</time><extensions/></trkpt><trkpt lat="35.429580342024565" lon="138.8586270622909"><ele>1021.5999755859375</ele><time>2025-12-06T06:05:11.000Z</time><extensions/></trkpt><trkpt lat="35.42941739782691" lon="138.8587332610041"><ele>1019.199951171875</ele><time>2025-12-06T06:05:24.000Z</time><extensions/></trkpt><trkpt lat="35.4293317347765" lon="138.85881699621677"><ele>1018.0</ele><time>2025-12-06T06:05:32.000Z</time><extensions/></trkpt><trkpt lat="35.429241294041276" lon="138.85888874530792"><ele>1016.800048828125</ele><time>2025-12-06T06:05:40.000Z</time><extensions/></trkpt><trkpt lat="35.429135179147124" lon="138.85895982384682"><ele>1016.4000244140625</ele><time>2025-12-06T06:05:49.000Z</time><extensions/></trkpt><trkpt lat="35.428987154737115" lon="138.85900852270424"><ele>1016.0</ele><time>2025-12-06T06:06:00.000Z</time><extensions/></trkpt><trkpt lat="35.42888095602393" lon="138.85903148911893"><ele>1015.5999755859375</ele><time>2025-12-06T06:06:08.000Z</time><extensions/></trkpt><trkpt lat="35.428859582170844" lon="138.8590226881206"><ele>1015.199951171875</ele><time>2025-12-06T06:06:15.000Z</time><extensions/></trkpt><trkpt lat="35.42885346338153" lon="138.8590213470161"><ele>1015.0</ele><time>2025-12-06T06:06:20.000Z</time><extensions/></trkpt><trkpt lat="35.42883745394647" lon="138.85901958681643"><ele>1014.800048828125</ele><time>2025-12-06T06:06:21.000Z</time><extensions/></trkpt><trkpt lat="35.42882278561592" lon="138.85900952853262"><ele>1014.800048828125</ele><time>2025-12-06T06:06:22.000Z</time><extensions/></trkpt><trkpt lat="35.42881264351308" lon="138.858994692564"><ele>1014.800048828125</ele><time>2025-12-06T06:06:23.000Z</time><extensions/></trkpt><trkpt lat="35.428804932162166" lon="138.85898136533797"><ele>1014.800048828125</ele><time>2025-12-06T06:06:24.000Z</time><extensions/></trkpt><trkpt lat="35.42876813560724" lon="138.85899184271693"><ele>1014.5999755859375</ele><time>2025-12-06T06:06:30.000Z</time><extensions/></trkpt><trkpt lat="35.42876897379756" lon="138.858994692564"><ele>1014.4000244140625</ele><time>2025-12-06T06:06:40.000Z</time><extensions/></trkpt></trkseg></trk></gpx>