<?xml version="1.0" encoding="UTF-8"?><gpx version="1.1" creator="Garmin Explore App" xmlns="http://www.topografix.com/GPX/1/1" xmlns:adv="http://www.garmin.com/xmlschemas/AdventuresExtensions/v1" xmlns:gpxtpx="http://www.garmin.com/xmlschemas/TrackPointExtension/v1" xmlns:gpxtrx="http://www.garmin.com/xmlschemas/GpxExtensions/v3" xmlns:gpxx="http://www.garmin.com/xmlschemas/GpxExtensions/v3" xmlns:trp="http://www.garmin.com/xmlschemas/TripExtensions/v1" xmlns:wptx1="http://www.garmin.com/xmlschemas/WaypointExtension/v1" xmlns:xsi="http://www.w3.org/2001/XMLSchema-instance" xsi:schemaLocation="http://www.topografix.com/GPX/1/1 http://www.topografix.com/GPX/1/1/gpx.xsd http://www.garmin.com/xmlschemas/WaypointExtension/v1 http://www8.garmin.com/xmlschemas/WaypointExtensionv1.xsd http://www.garmin.com/xmlschemas/TrackPointExtension/v1 http://www.garmin.com/xmlschemas/TrackPointExtensionv1.xsd http://www.garmin.com/xmlschemas/GpxExtensions/v3 http://www8.garmin.com/xmlschemas/GpxExtensionsv3.xsd http://www.garmin.com/xmlschemas/ActivityExtension/v1 http://www8.garmin.com/xmlschemas/ActivityExtensionv1.xsd http://www.garmin.com/xmlschemas/AdventuresExtensions/v1 http://www8.garmin.com/xmlschemas/AdventuresExtensionv1.xsd http://www.garmin.com/xmlschemas/PressureExtension/v1 http://www.garmin.com/xmlschemas/PressureExtensionv1.xsd"><metadata><name>ハイキング near ウェルネスパーク.gpx</name><link href="http://www.garmin.com"><text>Garmin International</text></link><time>2025-11-29T10:25:37.992Z</time></metadata><trk><name>2025-11-22 14.18.28</name><extensions><gpxx:TrackExtension xmlns:gpxx="http://www.garmin.com/xmlschemas/GpxExtensions/v3"><gpxx:DisplayColor>Green</gpxx:DisplayColor></gpxx:TrackExtension></extensions><trkseg><trkpt lat="35.628397827968" lon="139.03855316340923"><ele>492.0</ele><time>2025-11-21T23:34:48.000Z</time><extensions/></trkpt><trkpt lat="35.628397827968" lon="139.03855316340923"><ele>492.0</ele><time>2025-11-21T23:34:49.000Z</time><extensions/></trkpt><trkpt lat="35.62840461730957" lon="139.03854469768703"><ele>493.5999755859375</ele><time>2025-11-21T23:35:30.000Z</time><extensions/></trkpt><trkpt lat="35.62842272222042" lon="139.03858551755548"><ele>493.5999755859375</ele><time>2025-11-21T23:35:35.000Z</time><extensions/></trkpt><trkpt lat="35.62842154875398" lon="139.03863597661257"><ele>493.5999755859375</ele><time>2025-11-21T23:35:40.000Z</time><extensions/></trkpt><trkpt lat="35.62837544828653" lon="139.03864553198218"><ele>494.0</ele><time>2025-11-21T23:35:45.000Z</time><extensions/></trkpt><trkpt lat="35.62833077274263" lon="139.03865575790405"><ele>494.4000244140625</ele><time>2025-11-21T23:35:51.000Z</time><extensions/></trkpt><trkpt lat="35.62829908914864" lon="139.0386933926493"><ele>495.20001220703125</ele><time>2025-11-21T23:35:59.000Z</time><extensions/></trkpt><trkpt lat="35.62829137779772" lon="139.0387039538473"><ele>495.20001220703125</ele><time>2025-11-21T23:36:00.000Z</time><extensions/></trkpt><trkpt lat="35.62820412218571" lon="139.03877712786198"><ele>496.20001220703125</ele><time>2025-11-21T23:36:08.000Z</time><extensions/></trkpt><trkpt lat="35.62819708138704" lon="139.03879112564027"><ele>496.20001220703125</ele><time>2025-11-21T23:36:09.000Z</time><extensions/></trkpt><trkpt lat="35.62818853184581" lon="139.0388054586947"><ele>496.4000244140625</ele><time>2025-11-21T23:36:10.000Z</time><extensions/></trkpt><trkpt lat="35.628180988132954" lon="139.03881995938718"><ele>496.5999755859375</ele><time>2025-11-21T23:36:11.000Z</time><extensions/></trkpt><trkpt lat="35.62814896926284" lon="139.038993883878"><ele>498.4000244140625</ele><time>2025-11-21T23:36:22.000Z</time><extensions/></trkpt><trkpt lat="35.62822046689689" lon="139.0391223784536"><ele>499.79998779296875</ele><time>2025-11-21T23:36:31.000Z</time><extensions/></trkpt><trkpt lat="35.62827645801008" lon="139.03917158022523"><ele>500.5999755859375</ele><time>2025-11-21T23:36:36.000Z</time><extensions/></trkpt><trkpt lat="35.62829674221575" lon="139.03914232738316"><ele>501.79998779296875</ele><time>2025-11-21T23:36:42.000Z</time><extensions/></trkpt><trkpt lat="35.62828986905515" lon="139.03913134709"><ele>502.0</ele><time>2025-11-21T23:36:43.000Z</time><extensions/></trkpt><trkpt lat="35.62828199006617" lon="139.0391199477017"><ele>502.20001220703125</ele><time>2025-11-21T23:36:44.000Z</time><extensions/></trkpt><trkpt lat="35.628275368362665" lon="139.03910737484694"><ele>502.4000244140625</ele><time>2025-11-21T23:36:45.000Z</time><extensions/></trkpt><trkpt lat="35.628268495202065" lon="139.03909496963024"><ele>502.4000244140625</ele><time>2025-11-21T23:36:46.000Z</time><extensions/></trkpt><trkpt lat="35.62826053239405" lon="139.03908365406096"><ele>502.5999755859375</ele><time>2025-11-21T23:36:47.000Z</time><extensions/></trkpt><trkpt lat="35.62825399450958" lon="139.03907359577715"><ele>502.79998779296875</ele><time>2025-11-21T23:36:48.000Z</time><extensions/></trkpt><trkpt lat="35.62823253683746" lon="139.0390552394092"><ele>504.0</ele><time>2025-11-21T23:36:55.000Z</time><extensions/></trkpt><trkpt lat="35.62825843691826" lon="139.03910854831338"><ele>504.4000244140625</ele><time>2025-11-21T23:37:06.000Z</time><extensions/></trkpt><trkpt lat="35.62826497480273" lon="139.03911952860653"><ele>504.5999755859375</ele><time>2025-11-21T23:37:07.000Z</time><extensions/></trkpt><trkpt lat="35.62834267504513" lon="139.039226481691"><ele>504.0</ele><time>2025-11-21T23:37:15.000Z</time><extensions/></trkpt><trkpt lat="35.628443425521255" lon="139.03933435678482"><ele>504.0</ele><time>2025-11-21T23:37:24.000Z</time><extensions/></trkpt><trkpt lat="35.62852766364813" lon="139.03946419246495"><ele>504.4000244140625</ele><time>2025-11-21T23:37:33.000Z</time><extensions/></trkpt><trkpt lat="35.62860452570021" lon="139.0396213531494"><ele>504.79998779296875</ele><time>2025-11-21T23:37:44.000Z</time><extensions/></trkpt><trkpt lat="35.628692619502544" lon="139.03974758461118"><ele>504.79998779296875</ele><time>2025-11-21T23:37:54.000Z</time><extensions/></trkpt><trkpt lat="35.628801081329584" lon="139.03993274085224"><ele>505.20001220703125</ele><time>2025-11-21T23:38:08.000Z</time><extensions/></trkpt><trkpt lat="35.62885061837733" lon="139.0400687791407"><ele>505.20001220703125</ele><time>2025-11-21T23:38:17.000Z</time><extensions/></trkpt><trkpt lat="35.62892756424844" lon="139.0402214974165"><ele>504.79998779296875</ele><time>2025-11-21T23:38:28.000Z</time><extensions/></trkpt><trkpt lat="35.62898062169552" lon="139.04035686515272"><ele>504.20001220703125</ele><time>2025-11-21T23:38:37.000Z</time><extensions/></trkpt><trkpt lat="35.62904809601605" lon="139.04050924815238"><ele>503.79998779296875</ele><time>2025-11-21T23:38:47.000Z</time><extensions/></trkpt><trkpt lat="35.629110876470804" lon="139.0407016966492"><ele>503.79998779296875</ele><time>2025-11-21T23:38:59.000Z</time><extensions/></trkpt><trkpt lat="35.6291489303112" lon="139.0408357232809"><ele>504.0</ele><time>2025-11-21T23:39:08.000Z</time><extensions/></trkpt><trkpt lat="35.62922009266913" lon="139.0409884415567"><ele>504.20001220703125</ele><time>2025-11-21T23:39:19.000Z</time><extensions/></trkpt><trkpt lat="35.629288237541914" lon="139.0411562472582"><ele>504.5999755859375</ele><time>2025-11-21T23:39:31.000Z</time><extensions/></trkpt><trkpt lat="35.62931547872722" lon="139.04123436659575"><ele>504.79998779296875</ele><time>2025-11-21T23:39:39.000Z</time><extensions/></trkpt><trkpt lat="35.6293302308768" lon="139.04124392196536"><ele>505.0</ele><time>2025-11-21T23:39:47.000Z</time><extensions/></trkpt><trkpt lat="35.62933995388448" lon="139.04125574044883"><ele>505.0</ele><time>2025-11-21T23:39:48.000Z</time><extensions/></trkpt><trkpt lat="35.629349257797" lon="139.04126864857972"><ele>505.0</ele><time>2025-11-21T23:39:49.000Z</time><extensions/></trkpt><trkpt lat="35.62945562414825" lon="139.04144609346986"><ele>505.20001220703125</ele><time>2025-11-21T23:40:01.000Z</time><extensions/></trkpt><trkpt lat="35.629552686586976" lon="139.0415112208575"><ele>505.5999755859375</ele><time>2025-11-21T23:40:10.000Z</time><extensions/></trkpt><trkpt lat="35.62953977845609" lon="139.04149303212762"><ele>505.79998779296875</ele><time>2025-11-21T23:40:14.000Z</time><extensions/></trkpt><trkpt lat="35.629527289420366" lon="139.04148465022445"><ele>505.79998779296875</ele><time>2025-11-21T23:40:15.000Z</time><extensions/></trkpt><trkpt lat="35.62951412983239" lon="139.04147786088288"><ele>505.79998779296875</ele><time>2025-11-21T23:40:16.000Z</time><extensions/></trkpt><trkpt lat="35.62950013205409" lon="139.04147098772228"><ele>505.79998779296875</ele><time>2025-11-21T23:40:17.000Z</time><extensions/></trkpt><trkpt lat="35.629486134275794" lon="139.04146168380976"><ele>505.79998779296875</ele><time>2025-11-21T23:40:18.000Z</time><extensions/></trkpt><trkpt lat="35.629472555592656" lon="139.0414493624121"><ele>506.0</ele><time>2025-11-21T23:40:19.000Z</time><extensions/></trkpt><trkpt lat="35.62938773073256" lon="139.04134006239474"><ele>505.5999755859375</ele><time>2025-11-21T23:40:27.000Z</time><extensions/></trkpt><trkpt lat="35.629277592524886" lon="139.0411668922752"><ele>505.20001220703125</ele><time>2025-11-21T23:40:39.000Z</time><extensions/></trkpt><trkpt lat="35.62926426529884" lon="139.04108609072864"><ele>504.79998779296875</ele><time>2025-11-21T23:40:44.000Z</time><extensions/></trkpt><trkpt lat="35.62927105464041" lon="139.04107008129358"><ele>504.79998779296875</ele><time>2025-11-21T23:40:45.000Z</time><extensions/></trkpt><trkpt lat="35.62927918508649" lon="139.0410539880395"><ele>504.5999755859375</ele><time>2025-11-21T23:40:46.000Z</time><extensions/></trkpt><trkpt lat="35.629380187019706" lon="139.0409593563527"><ele>505.5999755859375</ele><time>2025-11-21T23:40:55.000Z</time><extensions/></trkpt><trkpt lat="35.62939686700702" lon="139.0409464482218"><ele>505.79998779296875</ele><time>2025-11-21T23:41:02.000Z</time><extensions/></trkpt><trkpt lat="35.62939686700702" lon="139.0409464482218"><ele>506.20001220703125</ele><time>2025-11-21T23:41:09.000Z</time><extensions/></trkpt><trkpt lat="35.62943693250418" lon="139.0409279242158"><ele>506.4000244140625</ele><time>2025-11-21T23:41:12.000Z</time><extensions/></trkpt><trkpt lat="35.62947808764875" lon="139.04089272022247"><ele>507.0</ele><time>2025-11-21T23:41:20.000Z</time><extensions/></trkpt><trkpt lat="35.629513124004006" lon="139.04086858034134"><ele>508.4000244140625</ele><time>2025-11-21T23:41:28.000Z</time><extensions/></trkpt><trkpt lat="35.62953324057162" lon="139.04085617512465"><ele>508.79998779296875</ele><time>2025-11-21T23:41:31.000Z</time><extensions/></trkpt><trkpt lat="35.62958545982838" lon="139.0408082306385"><ele>510.5999755859375</ele><time>2025-11-21T23:41:40.000Z</time><extensions/></trkpt><trkpt lat="35.629626363515854" lon="139.04076816514134"><ele>512.2000122070312</ele><time>2025-11-21T23:41:47.000Z</time><extensions/></trkpt><trkpt lat="35.62967154197395" lon="139.04073832556605"><ele>513.7999877929688</ele><time>2025-11-21T23:41:53.000Z</time><extensions/></trkpt><trkpt lat="35.62968445010483" lon="139.04072508215904"><ele>514.2000122070312</ele><time>2025-11-21T23:41:55.000Z</time><extensions/></trkpt><trkpt lat="35.629748152568936" lon="139.0406874474138"><ele>516.2000122070312</ele><time>2025-11-21T23:42:03.000Z</time><extensions/></trkpt><trkpt lat="35.62979567795992" lon="139.04064034111798"><ele>518.0</ele><time>2025-11-21T23:42:10.000Z</time><extensions/></trkpt><trkpt lat="35.62982803210616" lon="139.04060597531497"><ele>519.5999755859375</ele><time>2025-11-21T23:42:17.000Z</time><extensions/></trkpt><trkpt lat="35.62983666546643" lon="139.04059239663184"><ele>520.0</ele><time>2025-11-21T23:42:19.000Z</time><extensions/></trkpt><trkpt lat="35.62988377176225" lon="139.04055752791464"><ele>521.5999755859375</ele><time>2025-11-21T23:42:29.000Z</time><extensions/></trkpt><trkpt lat="35.62990698963404" lon="139.04056582599878"><ele>524.0</ele><time>2025-11-21T23:42:39.000Z</time><extensions/></trkpt><trkpt lat="35.629882933571935" lon="139.04059139080346"><ele>524.5999755859375</ele><time>2025-11-21T23:42:47.000Z</time><extensions/></trkpt><trkpt lat="35.62990631908178" lon="139.04056523926556"><ele>523.5999755859375</ele><time>2025-11-21T23:43:01.000Z</time><extensions/></trkpt><trkpt lat="35.62991067767143" lon="139.0405132714659"><ele>523.7999877929688</ele><time>2025-11-21T23:43:06.000Z</time><extensions/></trkpt><trkpt lat="35.62994387000799" lon="139.0404485631734"><ele>524.5999755859375</ele><time>2025-11-21T23:43:14.000Z</time><extensions/></trkpt><trkpt lat="35.62998628243804" lon="139.04045979492366"><ele>524.800048828125</ele><time>2025-11-21T23:43:22.000Z</time><extensions/></trkpt><trkpt lat="35.63003464601934" lon="139.04047002084553"><ele>527.800048828125</ele><time>2025-11-21T23:43:28.000Z</time><extensions/></trkpt><trkpt lat="35.6300419382751" lon="139.04046909883618"><ele>528.199951171875</ele><time>2025-11-21T23:43:29.000Z</time><extensions/></trkpt><trkpt lat="35.63013397157192" lon="139.0404162928462"><ele>530.5999755859375</ele><time>2025-11-21T23:43:41.000Z</time><extensions/></trkpt><trkpt lat="35.630193650722504" lon="139.04035912826657"><ele>533.5999755859375</ele><time>2025-11-21T23:43:53.000Z</time><extensions/></trkpt><trkpt lat="35.630268920212984" lon="139.04038846492767"><ele>536.800048828125</ele><time>2025-11-21T23:44:05.000Z</time><extensions/></trkpt><trkpt lat="35.63036061823368" lon="139.0403898898512"><ele>540.0</ele><time>2025-11-21T23:44:18.000Z</time><extensions/></trkpt><trkpt lat="35.63040244393051" lon="139.04036373831332"><ele>542.4000244140625</ele><time>2025-11-21T23:44:27.000Z</time><extensions/></trkpt><trkpt lat="35.63045432791114" lon="139.0403367485851"><ele>545.4000244140625</ele><time>2025-11-21T23:44:38.000Z</time><extensions/></trkpt><trkpt lat="35.63052322715521" lon="139.0403245948255"><ele>548.4000244140625</ele><time>2025-11-21T23:44:50.000Z</time><extensions/></trkpt><trkpt lat="35.630595898255706" lon="139.04033574275672"><ele>551.5999755859375</ele><time>2025-11-21T23:45:02.000Z</time><extensions/></trkpt><trkpt lat="35.63062976114452" lon="139.04029634781182"><ele>554.5999755859375</ele><time>2025-11-21T23:45:14.000Z</time><extensions/></trkpt><trkpt lat="35.630606543272734" lon="139.0402629878372"><ele>556.4000244140625</ele><time>2025-11-21T23:45:28.000Z</time><extensions/></trkpt><trkpt lat="35.63060536980629" lon="139.04024329036474"><ele>556.5999755859375</ele><time>2025-11-21T23:45:30.000Z</time><extensions/></trkpt><trkpt lat="35.630604699254036" lon="139.04023147188127"><ele>556.5999755859375</ele><time>2025-11-21T23:45:31.000Z</time><extensions/></trkpt><trkpt lat="35.63060251995921" lon="139.04018805362284"><ele>557.0</ele><time>2025-11-21T23:45:35.000Z</time><extensions/></trkpt><trkpt lat="35.630603190511465" lon="139.04008369892836"><ele>558.5999755859375</ele><time>2025-11-21T23:45:44.000Z</time><extensions/></trkpt><trkpt lat="35.63059715554118" lon="139.04001144692302"><ele>560.0</ele><time>2025-11-21T23:45:52.000Z</time><extensions/></trkpt><trkpt lat="35.63057913444936" lon="139.03993986546993"><ele>561.4000244140625</ele><time>2025-11-21T23:46:01.000Z</time><extensions/></trkpt><trkpt lat="35.63056857325137" lon="139.03982302173972"><ele>562.199951171875</ele><time>2025-11-21T23:46:18.000Z</time><extensions/></trkpt><trkpt lat="35.630563627928495" lon="139.0397621691227"><ele>563.0</ele><time>2025-11-21T23:46:26.000Z</time><extensions/></trkpt><trkpt lat="35.630559688434005" lon="139.03970751911402"><ele>563.199951171875</ele><time>2025-11-21T23:46:30.000Z</time><extensions/></trkpt><trkpt lat="35.63056672923267" lon="139.03953493572772"><ele>564.800048828125</ele><time>2025-11-21T23:46:43.000Z</time><extensions/></trkpt><trkpt lat="35.63058282248676" lon="139.03935506008565"><ele>567.0</ele><time>2025-11-21T23:46:57.000Z</time><extensions/></trkpt><trkpt lat="35.630622720345855" lon="139.03922178782523"><ele>569.0</ele><time>2025-11-21T23:47:09.000Z</time><extensions/></trkpt><trkpt lat="35.63066974282265" lon="139.03926864266396"><ele>570.5999755859375</ele><time>2025-11-21T23:47:17.000Z</time><extensions/></trkpt><trkpt lat="35.630724392831326" lon="139.039340140298"><ele>572.199951171875</ele><time>2025-11-21T23:47:25.000Z</time><extensions/></trkpt><trkpt lat="35.630750795826316" lon="139.03942722827196"><ele>573.5999755859375</ele><time>2025-11-21T23:47:33.000Z</time><extensions/></trkpt><trkpt lat="35.63081215135753" lon="139.03951037675142"><ele>575.0</ele><time>2025-11-21T23:47:42.000Z</time><extensions/></trkpt><trkpt lat="35.63087266869843" lon="139.0395602490753"><ele>577.4000244140625</ele><time>2025-11-21T23:47:55.000Z</time><extensions/></trkpt><trkpt lat="35.63087082467973" lon="139.03947525657713"><ele>579.4000244140625</ele><time>2025-11-21T23:48:05.000Z</time><extensions/></trkpt><trkpt lat="35.63088406808674" lon="139.03938699513674"><ele>581.5999755859375</ele><time>2025-11-21T23:48:17.000Z</time><extensions/></trkpt><trkpt lat="35.630942238494754" lon="139.03946838341653"><ele>584.0</ele><time>2025-11-21T23:48:30.000Z</time><extensions/></trkpt><trkpt lat="35.630954978987575" lon="139.03956603258848"><ele>586.4000244140625</ele><time>2025-11-21T23:48:43.000Z</time><extensions/></trkpt><trkpt lat="35.63099026679993" lon="139.0395317506045"><ele>588.4000244140625</ele><time>2025-11-21T23:48:54.000Z</time><extensions/></trkpt><trkpt lat="35.63100158236921" lon="139.03944022022188"><ele>590.199951171875</ele><time>2025-11-21T23:49:05.000Z</time><extensions/></trkpt><trkpt lat="35.63101046718657" lon="139.03933888301253"><ele>592.4000244140625</ele><time>2025-11-21T23:49:19.000Z</time><extensions/></trkpt><trkpt lat="35.631029745563865" lon="139.0392496995628"><ele>594.199951171875</ele><time>2025-11-21T23:49:30.000Z</time><extensions/></trkpt><trkpt lat="35.631028320640326" lon="139.03916747309268"><ele>595.800048828125</ele><time>2025-11-21T23:49:40.000Z</time><extensions/></trkpt><trkpt lat="35.631029326468706" lon="139.03909849002957"><ele>598.0</ele><time>2025-11-21T23:49:51.000Z</time><extensions/></trkpt><trkpt lat="35.63102555461228" lon="139.039028249681"><ele>600.0</ele><time>2025-11-21T23:50:03.000Z</time><extensions/></trkpt><trkpt lat="35.63103033229709" lon="139.03895096853375"><ele>601.800048828125</ele><time>2025-11-21T23:50:13.000Z</time><extensions/></trkpt><trkpt lat="35.63104122877121" lon="139.03890687972307"><ele>603.5999755859375</ele><time>2025-11-21T23:50:22.000Z</time><extensions/></trkpt><trkpt lat="35.631101075559855" lon="139.03894811868668"><ele>606.0</ele><time>2025-11-21T23:50:33.000Z</time><extensions/></trkpt><trkpt lat="35.631178859621286" lon="139.03902154415846"><ele>608.199951171875</ele><time>2025-11-21T23:50:45.000Z</time><extensions/></trkpt><trkpt lat="35.63127717934549" lon="139.0391228813678"><ele>611.0</ele><time>2025-11-21T23:51:02.000Z</time><extensions/></trkpt><trkpt lat="35.631313137710094" lon="139.03917459771037"><ele>613.0</ele><time>2025-11-21T23:51:13.000Z</time><extensions/></trkpt><trkpt lat="35.63135052099824" lon="139.03927786275744"><ele>615.4000244140625</ele><time>2025-11-21T23:51:28.000Z</time><extensions/></trkpt><trkpt lat="35.6313802767545" lon="139.03935296460986"><ele>617.800048828125</ele><time>2025-11-21T23:51:41.000Z</time><extensions/></trkpt><trkpt lat="35.6314114574343" lon="139.039289932698"><ele>620.199951171875</ele><time>2025-11-21T23:51:53.000Z</time><extensions/></trkpt><trkpt lat="35.63139787875116" lon="139.03919178061187"><ele>622.5999755859375</ele><time>2025-11-21T23:52:05.000Z</time><extensions/></trkpt><trkpt lat="35.63140676356852" lon="139.03910444118083"><ele>624.199951171875</ele><time>2025-11-21T23:52:14.000Z</time><extensions/></trkpt><trkpt lat="35.63140626065433" lon="139.0390174370259"><ele>625.800048828125</ele><time>2025-11-21T23:52:25.000Z</time><extensions/></trkpt><trkpt lat="35.631393352523446" lon="139.03894459828734"><ele>627.4000244140625</ele><time>2025-11-21T23:52:35.000Z</time><extensions/></trkpt><trkpt lat="35.63138136640191" lon="139.0388839971274"><ele>628.5999755859375</ele><time>2025-11-21T23:52:44.000Z</time><extensions/></trkpt><trkpt lat="35.631413385272026" lon="139.03885315172374"><ele>630.0</ele><time>2025-11-21T23:52:53.000Z</time><extensions/></trkpt><trkpt lat="35.63140491954982" lon="139.03884451836348"><ele>631.4000244140625</ele><time>2025-11-21T23:53:02.000Z</time><extensions/></trkpt><trkpt lat="35.631456384435296" lon="139.03890939429402"><ele>631.800048828125</ele><time>2025-11-21T23:53:20.000Z</time><extensions/></trkpt><trkpt lat="35.63151874579489" lon="139.03899354860187"><ele>633.800048828125</ele><time>2025-11-21T23:53:34.000Z</time><extensions/></trkpt><trkpt lat="35.63158228062093" lon="139.03904316946864"><ele>636.199951171875</ele><time>2025-11-21T23:53:48.000Z</time><extensions/></trkpt><trkpt lat="35.6316149700433" lon="139.03912916779518"><ele>638.199951171875</ele><time>2025-11-21T23:53:59.000Z</time><extensions/></trkpt><trkpt lat="35.63164925202727" lon="139.0392272360623"><ele>640.5999755859375</ele><time>2025-11-21T23:54:12.000Z</time><extensions/></trkpt><trkpt lat="35.63172175548971" lon="139.0393361169845"><ele>643.199951171875</ele><time>2025-11-21T23:54:27.000Z</time><extensions/></trkpt><trkpt lat="35.63174245879054" lon="139.03943837620318"><ele>645.199951171875</ele><time>2025-11-21T23:54:39.000Z</time><extensions/></trkpt><trkpt lat="35.631778836250305" lon="139.0393972210586"><ele>647.199951171875</ele><time>2025-11-21T23:54:49.000Z</time><extensions/></trkpt><trkpt lat="35.63176886178553" lon="139.03930694796145"><ele>649.199951171875</ele><time>2025-11-21T23:55:00.000Z</time><extensions/></trkpt><trkpt lat="35.631773471832275" lon="139.03922187164426"><ele>650.5999755859375</ele><time>2025-11-21T23:55:09.000Z</time><extensions/></trkpt><trkpt lat="35.63177917152643" lon="139.03914065100253"><ele>651.5999755859375</ele><time>2025-11-21T23:55:17.000Z</time><extensions/></trkpt><trkpt lat="35.63178537413478" lon="139.03907569125295"><ele>652.4000244140625</ele><time>2025-11-21T23:55:24.000Z</time><extensions/></trkpt><trkpt lat="35.631777830421925" lon="139.03901165351272"><ele>653.4000244140625</ele><time>2025-11-21T23:55:31.000Z</time><extensions/></trkpt><trkpt lat="35.63178721815348" lon="139.03896211646497"><ele>654.800048828125</ele><time>2025-11-21T23:55:40.000Z</time><extensions/></trkpt><trkpt lat="35.63181999139488" lon="139.03904367238283"><ele>656.4000244140625</ele><time>2025-11-21T23:55:50.000Z</time><extensions/></trkpt><trkpt lat="35.6318448856473" lon="139.03914182446897"><ele>658.199951171875</ele><time>2025-11-21T23:56:00.000Z</time><extensions/></trkpt><trkpt lat="35.631881933659315" lon="139.03921097517014"><ele>659.5999755859375</ele><time>2025-11-21T23:56:08.000Z</time><extensions/></trkpt><trkpt lat="35.63193356618285" lon="139.0392954647541"><ele>661.5999755859375</ele><time>2025-11-21T23:56:19.000Z</time><extensions/></trkpt><trkpt lat="35.63198637217283" lon="139.03938012197614"><ele>664.0</ele><time>2025-11-21T23:56:33.000Z</time><extensions/></trkpt><trkpt lat="35.632030460983515" lon="139.0394474286586"><ele>666.5999755859375</ele><time>2025-11-21T23:56:47.000Z</time><extensions/></trkpt><trkpt lat="35.63204387202859" lon="139.03940333984792"><ele>668.199951171875</ele><time>2025-11-21T23:56:56.000Z</time><extensions/></trkpt><trkpt lat="35.63203574158251" lon="139.03933418914676"><ele>669.800048828125</ele><time>2025-11-21T23:57:05.000Z</time><extensions/></trkpt><trkpt lat="35.63203741796315" lon="139.03926285915077"><ele>671.5999755859375</ele><time>2025-11-21T23:57:15.000Z</time><extensions/></trkpt><trkpt lat="35.63207756727934" lon="139.03931306675076"><ele>673.5999755859375</ele><time>2025-11-21T23:57:25.000Z</time><extensions/></trkpt><trkpt lat="35.63211218453944" lon="139.03943477198482"><ele>675.5999755859375</ele><time>2025-11-21T23:57:40.000Z</time><extensions/></trkpt><trkpt lat="35.63216834329069" lon="139.03944415971637"><ele>677.5999755859375</ele><time>2025-11-21T23:57:51.000Z</time><extensions/></trkpt><trkpt lat="35.63215375877917" lon="139.03939076699317"><ele>679.0</ele><time>2025-11-21T23:58:00.000Z</time><extensions/></trkpt><trkpt lat="35.63215183094144" lon="139.03931918554008"><ele>680.800048828125</ele><time>2025-11-21T23:58:11.000Z</time><extensions/></trkpt><trkpt lat="35.632156524807215" lon="139.03925523161888"><ele>682.0</ele><time>2025-11-21T23:58:19.000Z</time><extensions/></trkpt><trkpt lat="35.63214738853276" lon="139.03917803429067"><ele>683.5999755859375</ele><time>2025-11-21T23:58:30.000Z</time><extensions/></trkpt><trkpt lat="35.6321815866977" lon="139.0391453448683"><ele>685.4000244140625</ele><time>2025-11-21T23:58:41.000Z</time><extensions/></trkpt><trkpt lat="35.632203966379166" lon="139.03923159465194"><ele>687.199951171875</ele><time>2025-11-21T23:58:53.000Z</time><extensions/></trkpt><trkpt lat="35.632230872288346" lon="139.03932748362422"><ele>688.5999755859375</ele><time>2025-11-21T23:59:03.000Z</time><extensions/></trkpt><trkpt lat="35.63226884230971" lon="139.0394175890833"><ele>690.199951171875</ele><time>2025-11-21T23:59:16.000Z</time><extensions/></trkpt><trkpt lat="35.63230488449335" lon="139.03951171785593"><ele>692.4000244140625</ele><time>2025-11-21T23:59:30.000Z</time><extensions/></trkpt><trkpt lat="35.632342267781496" lon="139.03960827738047"><ele>694.199951171875</ele><time>2025-11-21T23:59:43.000Z</time><extensions/></trkpt><trkpt lat="35.632365150377154" lon="139.03970198705792"><ele>696.199951171875</ele><time>2025-11-21T23:59:56.000Z</time><extensions/></trkpt><trkpt lat="35.63239532522857" lon="139.03972528874874"><ele>697.800048828125</ele><time>2025-11-22T00:00:04.000Z</time><extensions/></trkpt><trkpt lat="35.63244083896279" lon="139.03974138200283"><ele>699.800048828125</ele><time>2025-11-22T00:00:15.000Z</time><extensions/></trkpt><trkpt lat="35.63244016841054" lon="139.03968522325158"><ele>700.800048828125</ele><time>2025-11-22T00:00:22.000Z</time><extensions/></trkpt><trkpt lat="35.63243983313441" lon="139.03961699455976"><ele>702.199951171875</ele><time>2025-11-22T00:00:32.000Z</time><extensions/></trkpt><trkpt lat="35.63244838267565" lon="139.0395750850439"><ele>703.5999755859375</ele><time>2025-11-22T00:00:41.000Z</time><extensions/></trkpt><trkpt lat="35.632464392110705" lon="139.0395547170192"><ele>704.5999755859375</ele><time>2025-11-22T00:00:49.000Z</time><extensions/></trkpt><trkpt lat="35.63249456696212" lon="139.03961984440684"><ele>706.5999755859375</ele><time>2025-11-22T00:01:01.000Z</time><extensions/></trkpt><trkpt lat="35.632514767348766" lon="139.0396321658045"><ele>708.4000244140625</ele><time>2025-11-22T00:01:12.000Z</time><extensions/></trkpt><trkpt lat="35.632553743198514" lon="139.03957919217646"><ele>709.199951171875</ele><time>2025-11-22T00:01:19.000Z</time><extensions/></trkpt><trkpt lat="35.63258936628699" lon="139.03959578834474"><ele>709.5999755859375</ele><time>2025-11-22T00:01:26.000Z</time><extensions/></trkpt><trkpt lat="35.632580732926726" lon="139.0395668707788"><ele>709.800048828125</ele><time>2025-11-22T00:01:30.000Z</time><extensions/></trkpt><trkpt lat="35.632531782612205" lon="139.039527727291"><ele>710.0</ele><time>2025-11-22T00:01:39.000Z</time><extensions/></trkpt><trkpt lat="35.63253832049668" lon="139.03945555910468"><ele>710.5999755859375</ele><time>2025-11-22T00:01:52.000Z</time><extensions/></trkpt><trkpt lat="35.632579727098346" lon="139.0394447464496"><ele>711.5999755859375</ele><time>2025-11-22T00:02:00.000Z</time><extensions/></trkpt><trkpt lat="35.63261325471103" lon="139.03938464820385"><ele>713.199951171875</ele><time>2025-11-22T00:02:09.000Z</time><extensions/></trkpt><trkpt lat="35.63259556889534" lon="139.03930887579918"><ele>715.4000244140625</ele><time>2025-11-22T00:02:20.000Z</time><extensions/></trkpt><trkpt lat="35.632589450106025" lon="139.03925355523825"><ele>716.800048828125</ele><time>2025-11-22T00:02:29.000Z</time><extensions/></trkpt><trkpt lat="35.6326147634536" lon="139.03918934985995"><ele>718.199951171875</ele><time>2025-11-22T00:02:38.000Z</time><extensions/></trkpt><trkpt lat="35.63265608623624" lon="139.0392037667334"><ele>719.800048828125</ele><time>2025-11-22T00:02:47.000Z</time><extensions/></trkpt><trkpt lat="35.63271568156779" lon="139.03917937539518"><ele>721.800048828125</ele><time>2025-11-22T00:02:58.000Z</time><extensions/></trkpt><trkpt lat="35.63274376094341" lon="139.03911349363625"><ele>723.5999755859375</ele><time>2025-11-22T00:03:09.000Z</time><extensions/></trkpt><trkpt lat="35.63278307206929" lon="139.03907937929034"><ele>725.5999755859375</ele><time>2025-11-22T00:03:20.000Z</time><extensions/></trkpt><trkpt lat="35.632860688492656" lon="139.03906596824527"><ele>727.4000244140625</ele><time>2025-11-22T00:03:32.000Z</time><extensions/></trkpt><trkpt lat="35.63292263075709" lon="139.039078457281"><ele>729.199951171875</ele><time>2025-11-22T00:03:43.000Z</time><extensions/></trkpt><trkpt lat="35.63296604901552" lon="139.0390515513718"><ele>731.0</ele><time>2025-11-22T00:03:55.000Z</time><extensions/></trkpt><trkpt lat="35.63300795853138" lon="139.03901626355946"><ele>732.4000244140625</ele><time>2025-11-22T00:04:06.000Z</time><extensions/></trkpt><trkpt lat="35.63302371650934" lon="139.03899765573442"><ele>733.4000244140625</ele><time>2025-11-22T00:04:17.000Z</time><extensions/></trkpt><trkpt lat="35.63307987526059" lon="139.03898248448968"><ele>734.4000244140625</ele><time>2025-11-22T00:04:28.000Z</time><extensions/></trkpt><trkpt lat="35.633135279640555" lon="139.03895968571305"><ele>735.800048828125</ele><time>2025-11-22T00:04:38.000Z</time><extensions/></trkpt><trkpt lat="35.63315313309431" lon="139.0388728491962"><ele>737.5999755859375</ele><time>2025-11-22T00:04:49.000Z</time><extensions/></trkpt><trkpt lat="35.63316436484456" lon="139.03880093246698"><ele>739.199951171875</ele><time>2025-11-22T00:05:00.000Z</time><extensions/></trkpt><trkpt lat="35.63321725465357" lon="139.03876975178719"><ele>740.800048828125</ele><time>2025-11-22T00:05:11.000Z</time><extensions/></trkpt><trkpt lat="35.63328891992569" lon="139.03881509788334"><ele>742.5999755859375</ele><time>2025-11-22T00:05:24.000Z</time><extensions/></trkpt><trkpt lat="35.63334918580949" lon="139.03878517448902"><ele>744.4000244140625</ele><time>2025-11-22T00:05:35.000Z</time><extensions/></trkpt><trkpt lat="35.63336066901684" lon="139.03871552087367"><ele>746.5999755859375</ele><time>2025-11-22T00:05:49.000Z</time><extensions/></trkpt><trkpt lat="35.633376175537705" lon="139.03863564133644"><ele>748.5999755859375</ele><time>2025-11-22T00:06:02.000Z</time><extensions/></trkpt><trkpt lat="35.63339168205857" lon="139.03856062330306"><ele>750.800048828125</ele><time>2025-11-22T00:06:14.000Z</time><extensions/></trkpt><trkpt lat="35.63344859518111" lon="139.03856598772109"><ele>752.800048828125</ele><time>2025-11-22T00:06:26.000Z</time><extensions/></trkpt><trkpt lat="35.63348723575473" lon="139.03851879760623"><ele>754.800048828125</ele><time>2025-11-22T00:06:36.000Z</time><extensions/></trkpt><trkpt lat="35.63348597846925" lon="139.03849029913545"><ele>756.5999755859375</ele><time>2025-11-22T00:06:48.000Z</time><extensions/></trkpt><trkpt lat="35.63353559933603" lon="139.03843699023128"><ele>757.800048828125</ele><time>2025-11-22T00:06:59.000Z</time><extensions/></trkpt><trkpt lat="35.63362453132868" lon="139.03842735104263"><ele>760.0</ele><time>2025-11-22T00:07:12.000Z</time><extensions/></trkpt><trkpt lat="35.6336718890816" lon="139.03835727833211"><ele>761.5999755859375</ele><time>2025-11-22T00:07:23.000Z</time><extensions/></trkpt><trkpt lat="35.63372955657542" lon="139.0382816735655"><ele>762.0</ele><time>2025-11-22T00:07:37.000Z</time><extensions/></trkpt><trkpt lat="35.63382527790964" lon="139.03822174295783"><ele>765.199951171875</ele><time>2025-11-22T00:07:50.000Z</time><extensions/></trkpt><trkpt lat="35.63383315689862" lon="139.03821805492043"><ele>765.4000244140625</ele><time>2025-11-22T00:07:51.000Z</time><extensions/></trkpt><trkpt lat="35.63391152769327" lon="139.03819165192544"><ele>766.199951171875</ele><time>2025-11-22T00:08:00.000Z</time><extensions/></trkpt><trkpt lat="35.6339721288532" lon="139.03818327002227"><ele>767.0</ele><time>2025-11-22T00:08:08.000Z</time><extensions/></trkpt><trkpt lat="35.634088050574064" lon="139.0381767321378"><ele>768.5999755859375</ele><time>2025-11-22T00:08:21.000Z</time><extensions/></trkpt><trkpt lat="35.63418268226087" lon="139.03812794946134"><ele>770.800048828125</ele><time>2025-11-22T00:08:35.000Z</time><extensions/></trkpt><trkpt lat="35.63422568142414" lon="139.038042454049"><ele>772.800048828125</ele><time>2025-11-22T00:08:47.000Z</time><extensions/></trkpt><trkpt lat="35.634277733042836" lon="139.0379275381565"><ele>774.4000244140625</ele><time>2025-11-22T00:09:00.000Z</time><extensions/></trkpt><trkpt lat="35.634338753297925" lon="139.03784145601094"><ele>775.800048828125</ele><time>2025-11-22T00:09:10.000Z</time><extensions/></trkpt><trkpt lat="35.63442097976804" lon="139.03772897087038"><ele>777.800048828125</ele><time>2025-11-22T00:09:24.000Z</time><extensions/></trkpt><trkpt lat="35.63444511964917" lon="139.0376288909465"><ele>779.4000244140625</ele><time>2025-11-22T00:09:35.000Z</time><extensions/></trkpt><trkpt lat="35.63447386957705" lon="139.03751992620528"><ele>780.4000244140625</ele><time>2025-11-22T00:09:46.000Z</time><extensions/></trkpt><trkpt lat="35.63451737165451" lon="139.03737927787006"><ele>781.199951171875</ele><time>2025-11-22T00:09:59.000Z</time><extensions/></trkpt><trkpt lat="35.63456581905484" lon="139.03725162148476"><ele>782.4000244140625</ele><time>2025-11-22T00:10:11.000Z</time><extensions/></trkpt><trkpt lat="35.634604627266526" lon="139.03713025152683"><ele>783.5999755859375</ele><time>2025-11-22T00:10:22.000Z</time><extensions/></trkpt><trkpt lat="35.63464134000242" lon="139.03700552880764"><ele>785.0</ele><time>2025-11-22T00:10:34.000Z</time><extensions/></trkpt><trkpt lat="35.63468827866018" lon="139.0368838235736"><ele>786.199951171875</ele><time>2025-11-22T00:10:46.000Z</time><extensions/></trkpt><trkpt lat="35.634686183184385" lon="139.03687242418528"><ele>786.199951171875</ele><time>2025-11-22T00:10:47.000Z</time><extensions/></trkpt><trkpt lat="35.63468249514699" lon="139.03686203062534"><ele>786.4000244140625</ele><time>2025-11-22T00:10:48.000Z</time><extensions/></trkpt><trkpt lat="35.63468207605183" lon="139.03685046359897"><ele>786.4000244140625</ele><time>2025-11-22T00:10:49.000Z</time><extensions/></trkpt><trkpt lat="35.634680818766356" lon="139.03683738783002"><ele>786.4000244140625</ele><time>2025-11-22T00:10:50.000Z</time><extensions/></trkpt><trkpt lat="35.634707221761346" lon="139.03669212944806"><ele>786.0</ele><time>2025-11-22T00:11:00.000Z</time><extensions/></trkpt><trkpt lat="35.634718956425786" lon="139.0366248227656"><ele>785.800048828125</ele><time>2025-11-22T00:11:05.000Z</time><extensions/></trkpt><trkpt lat="35.634717447683215" lon="139.0365106612444"><ele>786.0</ele><time>2025-11-22T00:11:14.000Z</time><extensions/></trkpt><trkpt lat="35.63471334055066" lon="139.03642256744206"><ele>786.0</ele><time>2025-11-22T00:11:21.000Z</time><extensions/></trkpt><trkpt lat="35.63471669331193" lon="139.03631293214858"><ele>786.5999755859375</ele><time>2025-11-22T00:11:29.000Z</time><extensions/></trkpt><trkpt lat="35.6347337923944" lon="139.03617697767913"><ele>787.199951171875</ele><time>2025-11-22T00:11:38.000Z</time><extensions/></trkpt><trkpt lat="35.63475709408522" lon="139.03610874898732"><ele>787.4000244140625</ele><time>2025-11-22T00:11:43.000Z</time><extensions/></trkpt><trkpt lat="35.634761452674866" lon="139.03608603402972"><ele>787.4000244140625</ele><time>2025-11-22T00:11:45.000Z</time><extensions/></trkpt><trkpt lat="35.6347821559757" lon="139.03598955832422"><ele>788.199951171875</ele><time>2025-11-22T00:11:54.000Z</time><extensions/></trkpt><trkpt lat="35.63476212322712" lon="139.0358835272491"><ele>788.5999755859375</ele><time>2025-11-22T00:12:05.000Z</time><extensions/></trkpt><trkpt lat="35.6347475387156" lon="139.0358322300017"><ele>788.0</ele><time>2025-11-22T00:12:13.000Z</time><extensions/></trkpt><trkpt lat="35.6347197946161" lon="139.03578084893525"><ele>787.5999755859375</ele><time>2025-11-22T00:12:18.000Z</time><extensions/></trkpt><trkpt lat="35.63471342436969" lon="139.03576928190887"><ele>787.4000244140625</ele><time>2025-11-22T00:12:19.000Z</time><extensions/></trkpt><trkpt lat="35.63470797613263" lon="139.03575712814927"><ele>787.4000244140625</ele><time>2025-11-22T00:12:20.000Z</time><extensions/></trkpt><trkpt lat="35.63465852290392" lon="139.03565168380737"><ele>786.800048828125</ele><time>2025-11-22T00:12:29.000Z</time><extensions/></trkpt><trkpt lat="35.634614350274205" lon="139.03553903102875"><ele>786.800048828125</ele><time>2025-11-22T00:12:38.000Z</time><extensions/></trkpt><trkpt lat="35.63456389121711" lon="139.03542822226882"><ele>787.0</ele><time>2025-11-22T00:12:47.000Z</time><extensions/></trkpt><trkpt lat="35.63453623093665" lon="139.03537047095597"><ele>787.199951171875</ele><time>2025-11-22T00:12:52.000Z</time><extensions/></trkpt><trkpt lat="35.63447873108089" lon="139.03530006296933"><ele>788.0</ele><time>2025-11-22T00:13:00.000Z</time><extensions/></trkpt><trkpt lat="35.634465320035815" lon="139.0352846402675"><ele>788.199951171875</ele><time>2025-11-22T00:13:02.000Z</time><extensions/></trkpt><trkpt lat="35.634448137134314" lon="139.03525882400572"><ele>788.5999755859375</ele><time>2025-11-22T00:13:05.000Z</time><extensions/></trkpt><trkpt lat="35.63443363644183" lon="139.03521498665214"><ele>789.0</ele><time>2025-11-22T00:13:09.000Z</time><extensions/></trkpt><trkpt lat="35.63440019264817" lon="139.03514449484646"><ele>789.800048828125</ele><time>2025-11-22T00:13:16.000Z</time><extensions/></trkpt><trkpt lat="35.63435275107622" lon="139.03503318317235"><ele>791.199951171875</ele><time>2025-11-22T00:13:27.000Z</time><extensions/></trkpt><trkpt lat="35.634293826296926" lon="139.03492983430624"><ele>793.199951171875</ele><time>2025-11-22T00:13:39.000Z</time><extensions/></trkpt><trkpt lat="35.63421327620745" lon="139.0348160918802"><ele>793.5999755859375</ele><time>2025-11-22T00:13:54.000Z</time><extensions/></trkpt><trkpt lat="35.63413909636438" lon="139.03468877077103"><ele>795.800048828125</ele><time>2025-11-22T00:14:07.000Z</time><extensions/></trkpt><trkpt lat="35.63408092595637" lon="139.03452029451728"><ele>798.199951171875</ele><time>2025-11-22T00:14:21.000Z</time><extensions/></trkpt><trkpt lat="35.63404387794435" lon="139.03444745577872"><ele>798.4000244140625</ele><time>2025-11-22T00:14:29.000Z</time><extensions/></trkpt><trkpt lat="35.63399777747691" lon="139.03435902670026"><ele>799.0</ele><time>2025-11-22T00:14:40.000Z</time><extensions/></trkpt><trkpt lat="35.63394949771464" lon="139.03422877192497"><ele>800.4000244140625</ele><time>2025-11-22T00:14:52.000Z</time><extensions/></trkpt><trkpt lat="35.63389526680112" lon="139.03413757681847"><ele>802.0</ele><time>2025-11-22T00:15:02.000Z</time><extensions/></trkpt><trkpt lat="35.633815973997116" lon="139.03407379053533"><ele>803.199951171875</ele><time>2025-11-22T00:15:12.000Z</time><extensions/></trkpt><trkpt lat="35.633786050602794" lon="139.03404504060745"><ele>803.800048828125</ele><time>2025-11-22T00:15:16.000Z</time><extensions/></trkpt><trkpt lat="35.63377222046256" lon="139.03402953408659"><ele>804.199951171875</ele><time>2025-11-22T00:15:18.000Z</time><extensions/></trkpt><trkpt lat="35.633768029510975" lon="139.03401838615537"><ele>804.4000244140625</ele><time>2025-11-22T00:15:19.000Z</time><extensions/></trkpt><trkpt lat="35.63376082107425" lon="139.0340097527951"><ele>804.5999755859375</ele><time>2025-11-22T00:15:20.000Z</time><extensions/></trkpt><trkpt lat="35.633708937093616" lon="139.03395602479577"><ele>805.5999755859375</ele><time>2025-11-22T00:15:27.000Z</time><extensions/></trkpt><trkpt lat="35.633661579340696" lon="139.03391344472766"><ele>806.800048828125</ele><time>2025-11-22T00:15:35.000Z</time><extensions/></trkpt><trkpt lat="35.633604247123" lon="139.0338437911123"><ele>808.800048828125</ele><time>2025-11-22T00:15:46.000Z</time><extensions/></trkpt><trkpt lat="35.63356988132" lon="139.0337711200118"><ele>810.800048828125</ele><time>2025-11-22T00:15:57.000Z</time><extensions/></trkpt><trkpt lat="35.633616568520665" lon="139.03370574116707"><ele>812.5999755859375</ele><time>2025-11-22T00:16:07.000Z</time><extensions/></trkpt><trkpt lat="35.633633164688945" lon="139.03368218801916"><ele>813.800048828125</ele><time>2025-11-22T00:16:16.000Z</time><extensions/></trkpt><trkpt lat="35.63363526016474" lon="139.03367036953568"><ele>814.4000244140625</ele><time>2025-11-22T00:16:25.000Z</time><extensions/></trkpt><trkpt lat="35.63367046415806" lon="139.03359753079712"><ele>814.800048828125</ele><time>2025-11-22T00:16:34.000Z</time><extensions/></trkpt><trkpt lat="35.63373634591699" lon="139.03351438231766"><ele>816.199951171875</ele><time>2025-11-22T00:16:47.000Z</time><extensions/></trkpt><trkpt lat="35.63378294929862" lon="139.03343374840915"><ele>817.5999755859375</ele><time>2025-11-22T00:16:57.000Z</time><extensions/></trkpt><trkpt lat="35.633785128593445" lon="139.03334624134004"><ele>818.5999755859375</ele><time>2025-11-22T00:17:05.000Z</time><extensions/></trkpt><trkpt lat="35.633782194927335" lon="139.03325806371868"><ele>819.4000244140625</ele><time>2025-11-22T00:17:13.000Z</time><extensions/></trkpt><trkpt lat="35.6337857991457" lon="139.03324658051133"><ele>819.4000244140625</ele><time>2025-11-22T00:17:14.000Z</time><extensions/></trkpt><trkpt lat="35.633787140250206" lon="139.03323308564723"><ele>819.5999755859375</ele><time>2025-11-22T00:17:15.000Z</time><extensions/></trkpt><trkpt lat="35.63379317522049" lon="139.03317374177277"><ele>820.199951171875</ele><time>2025-11-22T00:17:21.000Z</time><extensions/></trkpt><trkpt lat="35.633787140250206" lon="139.03315069153905"><ele>820.5999755859375</ele><time>2025-11-22T00:17:23.000Z</time><extensions/></trkpt><trkpt lat="35.633786134421825" lon="139.03311867266893"><ele>820.800048828125</ele><time>2025-11-22T00:17:26.000Z</time><extensions/></trkpt><trkpt lat="35.633782194927335" lon="139.03302177786827"><ele>822.0</ele><time>2025-11-22T00:17:35.000Z</time><extensions/></trkpt><trkpt lat="35.63378244638443" lon="139.03292639181018"><ele>823.199951171875</ele><time>2025-11-22T00:17:43.000Z</time><extensions/></trkpt><trkpt lat="35.633776830509305" lon="139.03286629356444"><ele>823.800048828125</ele><time>2025-11-22T00:17:48.000Z</time><extensions/></trkpt><trkpt lat="35.63377473503351" lon="139.03284383006394"><ele>824.0</ele><time>2025-11-22T00:17:50.000Z</time><extensions/></trkpt><trkpt lat="35.63376643694937" lon="139.03277484700084"><ele>824.800048828125</ele><time>2025-11-22T00:17:56.000Z</time><extensions/></trkpt><trkpt lat="35.633764592930675" lon="139.0326925367117"><ele>825.5999755859375</ele><time>2025-11-22T00:18:03.000Z</time><extensions/></trkpt><trkpt lat="35.63376978971064" lon="139.03257569298148"><ele>827.0</ele><time>2025-11-22T00:18:13.000Z</time><extensions/></trkpt><trkpt lat="35.63377029262483" lon="139.03251668438315"><ele>827.800048828125</ele><time>2025-11-22T00:18:18.000Z</time><extensions/></trkpt><trkpt lat="35.63375914469361" lon="139.0324557479471"><ele>828.800048828125</ele><time>2025-11-22T00:18:24.000Z</time><extensions/></trkpt><trkpt lat="35.6337580550462" lon="139.03244317509234"><ele>829.0</ele><time>2025-11-22T00:18:25.000Z</time><extensions/></trkpt><trkpt lat="35.63375746831298" lon="139.0323640499264"><ele>830.0</ele><time>2025-11-22T00:18:32.000Z</time><extensions/></trkpt><trkpt lat="35.63375269062817" lon="139.03231007046998"><ele>831.0</ele><time>2025-11-22T00:18:38.000Z</time><extensions/></trkpt><trkpt lat="35.633762162178755" lon="139.0322244912386"><ele>832.5999755859375</ele><time>2025-11-22T00:18:46.000Z</time><extensions/></trkpt><trkpt lat="35.6337754894048" lon="139.0321338828653"><ele>834.0</ele><time>2025-11-22T00:18:54.000Z</time><extensions/></trkpt><trkpt lat="35.633794516325" lon="139.03201662003994"><ele>836.4000244140625</ele><time>2025-11-22T00:19:07.000Z</time><extensions/></trkpt><trkpt lat="35.63382603228092" lon="139.03189843520522"><ele>838.199951171875</ele><time>2025-11-22T00:19:18.000Z</time><extensions/></trkpt><trkpt lat="35.633825194090605" lon="139.03187152929604"><ele>838.5999755859375</ele><time>2025-11-22T00:19:20.000Z</time><extensions/></trkpt><trkpt lat="35.63382636755705" lon="139.03185719624162"><ele>838.5999755859375</ele><time>2025-11-22T00:19:21.000Z</time><extensions/></trkpt><trkpt lat="35.63382779248059" lon="139.03184428811073"><ele>838.5999755859375</ele><time>2025-11-22T00:19:22.000Z</time><extensions/></trkpt><trkpt lat="35.63382879830897" lon="139.03176105581224"><ele>839.199951171875</ele><time>2025-11-22T00:19:29.000Z</time><extensions/></trkpt><trkpt lat="35.633832486346364" lon="139.0317482315004"><ele>839.4000244140625</ele><time>2025-11-22T00:19:30.000Z</time><extensions/></trkpt><trkpt lat="35.63383483327925" lon="139.03173465281725"><ele>839.4000244140625</ele><time>2025-11-22T00:19:31.000Z</time><extensions/></trkpt><trkpt lat="35.63383382745087" lon="139.03164052404463"><ele>840.0</ele><time>2025-11-22T00:19:38.000Z</time><extensions/></trkpt><trkpt lat="35.63383173197508" lon="139.031533151865"><ele>840.5999755859375</ele><time>2025-11-22T00:19:46.000Z</time><extensions/></trkpt><trkpt lat="35.63383407890797" lon="139.03152108192444"><ele>840.5999755859375</ele><time>2025-11-22T00:19:47.000Z</time><extensions/></trkpt><trkpt lat="35.633830558508635" lon="139.03149736113846"><ele>840.5999755859375</ele><time>2025-11-22T00:19:49.000Z</time><extensions/></trkpt><trkpt lat="35.63383148051798" lon="139.03147246688604"><ele>840.800048828125</ele><time>2025-11-22T00:19:51.000Z</time><extensions/></trkpt><trkpt lat="35.633832067251205" lon="139.03145947493613"><ele>840.800048828125</ele><time>2025-11-22T00:19:52.000Z</time><extensions/></trkpt><trkpt lat="35.63383516855538" lon="139.03140264563262"><ele>841.0</ele><time>2025-11-22T00:19:57.000Z</time><extensions/></trkpt><trkpt lat="35.633854027837515" lon="139.03128739446402"><ele>841.199951171875</ele><time>2025-11-22T00:20:06.000Z</time><extensions/></trkpt><trkpt lat="35.63387976028025" lon="139.03117834590375"><ele>840.800048828125</ele><time>2025-11-22T00:20:14.000Z</time><extensions/></trkpt><trkpt lat="35.633909683674574" lon="139.03105965815485"><ele>840.199951171875</ele><time>2025-11-22T00:20:23.000Z</time><extensions/></trkpt><trkpt lat="35.633941031992435" lon="139.03094465844333"><ele>839.800048828125</ele><time>2025-11-22T00:20:31.000Z</time><extensions/></trkpt><trkpt lat="35.633945893496275" lon="139.03093049302697"><ele>839.800048828125</ele><time>2025-11-22T00:20:32.000Z</time><extensions/></trkpt><trkpt lat="35.634010937064886" lon="139.03082337230444"><ele>839.800048828125</ele><time>2025-11-22T00:20:41.000Z</time><extensions/></trkpt><trkpt lat="35.63404379412532" lon="139.0307820495218"><ele>839.800048828125</ele><time>2025-11-22T00:20:45.000Z</time><extensions/></trkpt><trkpt lat="35.63405267894268" lon="139.0307714883238"><ele>839.800048828125</ele><time>2025-11-22T00:20:46.000Z</time><extensions/></trkpt><trkpt lat="35.634062150493264" lon="139.03076042421162"><ele>839.800048828125</ele><time>2025-11-22T00:20:47.000Z</time><extensions/></trkpt><trkpt lat="35.63406969420612" lon="139.03074785135686"><ele>839.800048828125</ele><time>2025-11-22T00:20:48.000Z</time><extensions/></trkpt><trkpt lat="35.63407656736672" lon="139.0307344403118"><ele>839.800048828125</ele><time>2025-11-22T00:20:49.000Z</time><extensions/></trkpt><trkpt lat="35.63408142887056" lon="139.03072136454284"><ele>839.800048828125</ele><time>2025-11-22T00:20:50.000Z</time><extensions/></trkpt><trkpt lat="35.6340844463557" lon="139.03070652857423"><ele>840.0</ele><time>2025-11-22T00:20:51.000Z</time><extensions/></trkpt><trkpt lat="35.63408779911697" lon="139.03069177642465"><ele>840.0</ele><time>2025-11-22T00:20:52.000Z</time><extensions/></trkpt><trkpt lat="35.6341153755784" lon="139.03064575977623"><ele>840.0</ele><time>2025-11-22T00:20:56.000Z</time><extensions/></trkpt><trkpt lat="35.63415426760912" lon="139.0305576659739"><ele>840.4000244140625</ele><time>2025-11-22T00:21:04.000Z</time><extensions/></trkpt><trkpt lat="35.6341571174562" lon="139.0305444225669"><ele>840.4000244140625</ele><time>2025-11-22T00:21:05.000Z</time><extensions/></trkpt><trkpt lat="35.63416298478842" lon="139.03053193353117"><ele>840.4000244140625</ele><time>2025-11-22T00:21:06.000Z</time><extensions/></trkpt><trkpt lat="35.63416994176805" lon="139.03052061796188"><ele>840.4000244140625</ele><time>2025-11-22T00:21:07.000Z</time><extensions/></trkpt><trkpt lat="35.63417857512832" lon="139.03051047585905"><ele>840.5999755859375</ele><time>2025-11-22T00:21:08.000Z</time><extensions/></trkpt><trkpt lat="35.634189723059535" lon="139.0304987411946"><ele>840.5999755859375</ele><time>2025-11-22T00:21:09.000Z</time><extensions/></trkpt><trkpt lat="35.63423599116504" lon="139.0304093901068"><ele>841.0</ele><time>2025-11-22T00:21:17.000Z</time><extensions/></trkpt><trkpt lat="35.634241523221135" lon="139.03039916418493"><ele>841.0</ele><time>2025-11-22T00:21:18.000Z</time><extensions/></trkpt><trkpt lat="35.6342538446188" lon="139.0303818974644"><ele>841.199951171875</ele><time>2025-11-22T00:21:20.000Z</time><extensions/></trkpt><trkpt lat="35.63430673442781" lon="139.03032439760864"><ele>842.0</ele><time>2025-11-22T00:21:28.000Z</time><extensions/></trkpt><trkpt lat="35.63444076105952" lon="139.03026513755322"><ele>842.0</ele><time>2025-11-22T00:21:43.000Z</time><extensions/></trkpt><trkpt lat="35.63453111797571" lon="139.03016346506774"><ele>845.4000244140625</ele><time>2025-11-22T00:21:56.000Z</time><extensions/></trkpt><trkpt lat="35.63458777964115" lon="139.03007629327476"><ele>847.5999755859375</ele><time>2025-11-22T00:22:07.000Z</time><extensions/></trkpt><trkpt lat="35.6346267554909" lon="139.0300126746297"><ele>849.199951171875</ele><time>2025-11-22T00:22:17.000Z</time><extensions/></trkpt><trkpt lat="35.63468283042312" lon="139.02996112592518"><ele>851.4000244140625</ele><time>2025-11-22T00:22:29.000Z</time><extensions/></trkpt><trkpt lat="35.634741419926286" lon="139.02990505099297"><ele>853.4000244140625</ele><time>2025-11-22T00:22:40.000Z</time><extensions/></trkpt><trkpt lat="35.63478668220341" lon="139.0298382472247"><ele>855.4000244140625</ele><time>2025-11-22T00:22:51.000Z</time><extensions/></trkpt><trkpt lat="35.634862119331956" lon="139.02974696829915"><ele>857.800048828125</ele><time>2025-11-22T00:23:06.000Z</time><extensions/></trkpt><trkpt lat="35.63490729779005" lon="139.029669938609"><ele>859.5999755859375</ele><time>2025-11-22T00:23:17.000Z</time><extensions/></trkpt><trkpt lat="35.634901681914926" lon="139.02957966551185"><ele>861.5999755859375</ele><time>2025-11-22T00:23:28.000Z</time><extensions/></trkpt><trkpt lat="35.6348564196378" lon="139.02947179041803"><ele>863.199951171875</ele><time>2025-11-22T00:23:40.000Z</time><extensions/></trkpt><trkpt lat="35.634849797934294" lon="139.02946315705776"><ele>863.199951171875</ele><time>2025-11-22T00:23:41.000Z</time><extensions/></trkpt><trkpt lat="35.634848373010755" lon="139.0294503327459"><ele>863.4000244140625</ele><time>2025-11-22T00:23:42.000Z</time><extensions/></trkpt><trkpt lat="35.63483688980341" lon="139.02937539853156"><ele>863.5999755859375</ele><time>2025-11-22T00:23:49.000Z</time><extensions/></trkpt><trkpt lat="35.63482959754765" lon="139.0293644182384"><ele>863.5999755859375</ele><time>2025-11-22T00:23:50.000Z</time><extensions/></trkpt><trkpt lat="35.63472951762378" lon="139.02927707880735"><ele>863.199951171875</ele><time>2025-11-22T00:24:00.000Z</time><extensions/></trkpt><trkpt lat="35.63467964529991" lon="139.0291997976601"><ele>862.4000244140625</ele><time>2025-11-22T00:24:07.000Z</time><extensions/></trkpt><trkpt lat="35.63464636914432" lon="139.02915755286813"><ele>862.4000244140625</ele><time>2025-11-22T00:24:11.000Z</time><extensions/></trkpt><trkpt lat="35.63460437580943" lon="139.02908395975828"><ele>862.4000244140625</ele><time>2025-11-22T00:24:18.000Z</time><extensions/></trkpt><trkpt lat="35.634572776034474" lon="139.02899234555662"><ele>863.0</ele><time>2025-11-22T00:24:26.000Z</time><extensions/></trkpt><trkpt lat="35.63453832641244" lon="139.02890416793525"><ele>864.199951171875</ele><time>2025-11-22T00:24:35.000Z</time><extensions/></trkpt><trkpt lat="35.63448954373598" lon="139.02883434668183"><ele>865.4000244140625</ele><time>2025-11-22T00:24:43.000Z</time><extensions/></trkpt><trkpt lat="35.6344642303884" lon="139.0287684649229"><ele>866.4000244140625</ele><time>2025-11-22T00:24:50.000Z</time><extensions/></trkpt><trkpt lat="35.63443615101278" lon="139.02870543301105"><ele>867.199951171875</ele><time>2025-11-22T00:24:57.000Z</time><extensions/></trkpt><trkpt lat="35.63437454402447" lon="139.02863644994795"><ele>868.0</ele><time>2025-11-22T00:25:05.000Z</time><extensions/></trkpt><trkpt lat="35.634299693629146" lon="139.02858045883477"><ele>868.0</ele><time>2025-11-22T00:25:13.000Z</time><extensions/></trkpt><trkpt lat="35.63421771861613" lon="139.0285041835159"><ele>868.0</ele><time>2025-11-22T00:25:22.000Z</time><extensions/></trkpt><trkpt lat="35.63419743441045" lon="139.02847769670188"><ele>868.0</ele><time>2025-11-22T00:25:25.000Z</time><extensions/></trkpt><trkpt lat="35.634182430803776" lon="139.02846411801875"><ele>868.0</ele><time>2025-11-22T00:25:27.000Z</time><extensions/></trkpt><trkpt lat="35.634168768301606" lon="139.028448946774"><ele>868.199951171875</ele><time>2025-11-22T00:25:29.000Z</time><extensions/></trkpt><trkpt lat="35.634119817987084" lon="139.02839488349855"><ele>869.0</ele><time>2025-11-22T00:25:37.000Z</time><extensions/></trkpt><trkpt lat="35.6340688560158" lon="139.02836035005748"><ele>870.800048828125</ele><time>2025-11-22T00:25:47.000Z</time><extensions/></trkpt><trkpt lat="35.63402627594769" lon="139.02831349521875"><ele>873.199951171875</ele><time>2025-11-22T00:25:59.000Z</time><extensions/></trkpt><trkpt lat="35.633987467736006" lon="139.0282681491226"><ele>875.199951171875</ele><time>2025-11-22T00:26:09.000Z</time><extensions/></trkpt><trkpt lat="35.63396265730262" lon="139.02824509888887"><ele>877.0</ele><time>2025-11-22T00:26:19.000Z</time><extensions/></trkpt><trkpt lat="35.633917059749365" lon="139.0281722601503"><ele>878.199951171875</ele><time>2025-11-22T00:26:29.000Z</time><extensions/></trkpt><trkpt lat="35.633889734745026" lon="139.0281413309276"><ele>879.5999755859375</ele><time>2025-11-22T00:26:40.000Z</time><extensions/></trkpt><trkpt lat="35.633850088343024" lon="139.02810528874397"><ele>880.5999755859375</ele><time>2025-11-22T00:26:51.000Z</time><extensions/></trkpt><trkpt lat="35.63382259570062" lon="139.02810947969556"><ele>880.5999755859375</ele><time>2025-11-22T00:27:00.000Z</time><extensions/></trkpt><trkpt lat="35.63386048190296" lon="139.0280979964882"><ele>880.800048828125</ele><time>2025-11-22T00:27:22.000Z</time><extensions/></trkpt><trkpt lat="35.6338719651103" lon="139.0280152671039"><ele>880.800048828125</ele><time>2025-11-22T00:27:30.000Z</time><extensions/></trkpt><trkpt lat="35.633845226839185" lon="139.0280070528388"><ele>880.4000244140625</ele><time>2025-11-22T00:27:39.000Z</time><extensions/></trkpt><trkpt lat="35.63389375805855" lon="139.0279742795974"><ele>880.199951171875</ele><time>2025-11-22T00:27:49.000Z</time><extensions/></trkpt><trkpt lat="35.63389979302883" lon="139.0279618743807"><ele>880.0</ele><time>2025-11-22T00:27:50.000Z</time><extensions/></trkpt><trkpt lat="35.63390373252332" lon="139.02794921770692"><ele>880.0</ele><time>2025-11-22T00:27:51.000Z</time><extensions/></trkpt><trkpt lat="35.633903397247195" lon="139.02793521992862"><ele>880.0</ele><time>2025-11-22T00:27:52.000Z</time><extensions/></trkpt><trkpt lat="35.63390297815204" lon="139.0279197972268"><ele>879.800048828125</ele><time>2025-11-22T00:27:53.000Z</time><extensions/></trkpt><trkpt lat="35.63390079885721" lon="139.0279052965343"><ele>879.800048828125</ele><time>2025-11-22T00:27:54.000Z</time><extensions/></trkpt><trkpt lat="35.63389929011464" lon="139.02788953855634"><ele>879.800048828125</ele><time>2025-11-22T00:27:55.000Z</time><extensions/></trkpt><trkpt lat="35.63390037976205" lon="139.02787369675934"><ele>879.5999755859375</ele><time>2025-11-22T00:27:56.000Z</time><extensions/></trkpt><trkpt lat="35.6339152995497" lon="139.02777135372162"><ele>879.4000244140625</ele><time>2025-11-22T00:28:04.000Z</time><extensions/></trkpt><trkpt lat="35.633918484672904" lon="139.02775919996202"><ele>879.4000244140625</ele><time>2025-11-22T00:28:05.000Z</time><extensions/></trkpt><trkpt lat="35.63392326235771" lon="139.02773438952863"><ele>880.0</ele><time>2025-11-22T00:28:13.000Z</time><extensions/></trkpt><trkpt lat="35.63394421711564" lon="139.02764746919274"><ele>880.5999755859375</ele><time>2025-11-22T00:28:20.000Z</time><extensions/></trkpt><trkpt lat="35.63394857570529" lon="139.0276071522385"><ele>880.800048828125</ele><time>2025-11-22T00:28:23.000Z</time><extensions/></trkpt><trkpt lat="35.633944468572736" lon="139.027592651546"><ele>880.800048828125</ele><time>2025-11-22T00:28:24.000Z</time><extensions/></trkpt><trkpt lat="35.63393147662282" lon="139.02748804539442"><ele>880.5999755859375</ele><time>2025-11-22T00:28:32.000Z</time><extensions/></trkpt><trkpt lat="35.63392669893801" lon="139.02736365795135"><ele>879.199951171875</ele><time>2025-11-22T00:28:41.000Z</time><extensions/></trkpt><trkpt lat="35.63393793068826" lon="139.02724119834602"><ele>878.0</ele><time>2025-11-22T00:28:49.000Z</time><extensions/></trkpt><trkpt lat="35.63392804004252" lon="139.02726558968425"><ele>877.5999755859375</ele><time>2025-11-22T00:28:56.000Z</time><extensions/></trkpt><trkpt lat="35.63392988406122" lon="139.02726508677006"><ele>877.4000244140625</ele><time>2025-11-22T00:29:01.000Z</time><extensions/></trkpt><trkpt lat="35.63393918797374" lon="139.02724186889827"><ele>877.4000244140625</ele><time>2025-11-22T00:29:03.000Z</time><extensions/></trkpt><trkpt lat="35.63394237309694" lon="139.0272289607674"><ele>877.4000244140625</ele><time>2025-11-22T00:29:04.000Z</time><extensions/></trkpt><trkpt lat="35.633944887667894" lon="139.0272155497223"><ele>877.4000244140625</ele><time>2025-11-22T00:29:05.000Z</time><extensions/></trkpt><trkpt lat="35.63394756987691" lon="139.02720239013433"><ele>877.4000244140625</ele><time>2025-11-22T00:29:06.000Z</time><extensions/></trkpt><trkpt lat="35.633945893496275" lon="139.02716676704586"><ele>877.4000244140625</ele><time>2025-11-22T00:29:13.000Z</time><extensions/></trkpt><trkpt lat="35.63395117409527" lon="139.02712862938643"><ele>877.5999755859375</ele><time>2025-11-22T00:29:16.000Z</time><extensions/></trkpt><trkpt lat="35.63395142555237" lon="139.0271140448749"><ele>877.5999755859375</ele><time>2025-11-22T00:29:17.000Z</time><extensions/></trkpt><trkpt lat="35.63395234756172" lon="139.02709887363017"><ele>877.5999755859375</ele><time>2025-11-22T00:29:18.000Z</time><extensions/></trkpt><trkpt lat="35.63395603559911" lon="139.02708462439477"><ele>877.5999755859375</ele><time>2025-11-22T00:29:19.000Z</time><extensions/></trkpt><trkpt lat="35.63395746052265" lon="139.0270709618926"><ele>877.5999755859375</ele><time>2025-11-22T00:29:20.000Z</time><extensions/></trkpt><trkpt lat="35.63395645469427" lon="139.02705688029528"><ele>877.5999755859375</ele><time>2025-11-22T00:29:21.000Z</time><extensions/></trkpt><trkpt lat="35.63395586796105" lon="139.02704313397408"><ele>877.5999755859375</ele><time>2025-11-22T00:29:22.000Z</time><extensions/></trkpt><trkpt lat="35.63395536504686" lon="139.02702846564353"><ele>877.5999755859375</ele><time>2025-11-22T00:29:23.000Z</time><extensions/></trkpt><trkpt lat="35.63395637087524" lon="139.02701421640813"><ele>877.4000244140625</ele><time>2025-11-22T00:29:24.000Z</time><extensions/></trkpt><trkpt lat="35.63395829871297" lon="139.02699979953468"><ele>877.4000244140625</ele><time>2025-11-22T00:29:25.000Z</time><extensions/></trkpt><trkpt lat="35.63396064564586" lon="139.02698596939445"><ele>877.4000244140625</ele><time>2025-11-22T00:29:26.000Z</time><extensions/></trkpt><trkpt lat="35.63396165147424" lon="139.0269721392542"><ele>877.199951171875</ele><time>2025-11-22T00:29:27.000Z</time><extensions/></trkpt><trkpt lat="35.633961064741015" lon="139.02695738710463"><ele>877.199951171875</ele><time>2025-11-22T00:29:28.000Z</time><extensions/></trkpt><trkpt lat="35.6339602265507" lon="139.0269401203841"><ele>877.199951171875</ele><time>2025-11-22T00:29:29.000Z</time><extensions/></trkpt><trkpt lat="35.63396014273167" lon="139.02692394331098"><ele>877.0</ele><time>2025-11-22T00:29:30.000Z</time><extensions/></trkpt><trkpt lat="35.63395947217941" lon="139.02689603157341"><ele>876.800048828125</ele><time>2025-11-22T00:29:32.000Z</time><extensions/></trkpt><trkpt lat="35.633965423330665" lon="139.02674314565957"><ele>876.0</ele><time>2025-11-22T00:29:42.000Z</time><extensions/></trkpt><trkpt lat="35.633962992578745" lon="139.02664692141116"><ele>875.199951171875</ele><time>2025-11-22T00:29:49.000Z</time><extensions/></trkpt><trkpt lat="35.633967434987426" lon="139.0265140682459"><ele>873.800048828125</ele><time>2025-11-22T00:29:58.000Z</time><extensions/></trkpt><trkpt lat="35.63397833146155" lon="139.02637316845357"><ele>872.5999755859375</ele><time>2025-11-22T00:30:07.000Z</time><extensions/></trkpt><trkpt lat="35.63401395455003" lon="139.02624894864857"><ele>871.199951171875</ele><time>2025-11-22T00:30:16.000Z</time><extensions/></trkpt><trkpt lat="35.63405225984752" lon="139.0261942986399"><ele>870.0</ele><time>2025-11-22T00:30:21.000Z</time><extensions/></trkpt><trkpt lat="35.63405762426555" lon="139.02618113905191"><ele>870.0</ele><time>2025-11-22T00:30:22.000Z</time><extensions/></trkpt><trkpt lat="35.63406256958842" lon="139.02616848237813"><ele>869.800048828125</ele><time>2025-11-22T00:30:23.000Z</time><extensions/></trkpt><trkpt lat="35.63406717963517" lon="139.02615515515208"><ele>869.4000244140625</ele><time>2025-11-22T00:30:24.000Z</time><extensions/></trkpt><trkpt lat="35.6340725440532" lon="139.02614182792604"><ele>869.4000244140625</ele><time>2025-11-22T00:30:25.000Z</time><extensions/></trkpt><trkpt lat="35.63407807610929" lon="139.02612674050033"><ele>869.199951171875</ele><time>2025-11-22T00:30:26.000Z</time><extensions/></trkpt><trkpt lat="35.63408453017473" lon="139.02611039578915"><ele>868.800048828125</ele><time>2025-11-22T00:30:27.000Z</time><extensions/></trkpt><trkpt lat="35.63409022986889" lon="139.02609421871603"><ele>868.800048828125</ele><time>2025-11-22T00:30:28.000Z</time><extensions/></trkpt><trkpt lat="35.6341119389981" lon="139.0259765367955"><ele>867.5999755859375</ele><time>2025-11-22T00:30:36.000Z</time><extensions/></trkpt><trkpt lat="35.63415778800845" lon="139.0258584357798"><ele>866.4000244140625</ele><time>2025-11-22T00:30:45.000Z</time><extensions/></trkpt><trkpt lat="35.63418787904084" lon="139.0257220622152"><ele>864.800048828125</ele><time>2025-11-22T00:30:54.000Z</time><extensions/></trkpt><trkpt lat="35.634226351976395" lon="139.0255872812122"><ele>863.0</ele><time>2025-11-22T00:31:03.000Z</time><extensions/></trkpt><trkpt lat="35.634275218471885" lon="139.0254865307361"><ele>862.800048828125</ele><time>2025-11-22T00:31:12.000Z</time><extensions/></trkpt><trkpt lat="35.63431276939809" lon="139.02541218325496"><ele>863.199951171875</ele><time>2025-11-22T00:31:19.000Z</time><extensions/></trkpt><trkpt lat="35.63432056456804" lon="139.0253906417638"><ele>863.4000244140625</ele><time>2025-11-22T00:31:21.000Z</time><extensions/></trkpt><trkpt lat="35.63432676717639" lon="139.0253695193678"><ele>863.800048828125</ele><time>2025-11-22T00:31:23.000Z</time><extensions/></trkpt><trkpt lat="35.63437856733799" lon="139.02529408223927"><ele>864.5999755859375</ele><time>2025-11-22T00:31:31.000Z</time><extensions/></trkpt><trkpt lat="35.634436989203095" lon="139.0251937508583"><ele>865.800048828125</ele><time>2025-11-22T00:31:40.000Z</time><extensions/></trkpt><trkpt lat="35.634518126025796" lon="139.0250980295241"><ele>867.199951171875</ele><time>2025-11-22T00:31:50.000Z</time><extensions/></trkpt><trkpt lat="35.6345955748111" lon="139.02501923963428"><ele>868.4000244140625</ele><time>2025-11-22T00:31:59.000Z</time><extensions/></trkpt><trkpt lat="35.6346196308732" lon="139.02499644085765"><ele>868.800048828125</ele><time>2025-11-22T00:32:02.000Z</time><extensions/></trkpt><trkpt lat="35.63462977297604" lon="139.0249897353351"><ele>868.800048828125</ele><time>2025-11-22T00:32:03.000Z</time><extensions/></trkpt><trkpt lat="35.63469096086919" lon="139.02489552274346"><ele>870.0</ele><time>2025-11-22T00:32:12.000Z</time><extensions/></trkpt><trkpt lat="35.634735049679875" lon="139.024852020666"><ele>871.199951171875</ele><time>2025-11-22T00:32:21.000Z</time><extensions/></trkpt><trkpt lat="35.63473295420408" lon="139.024838777259"><ele>871.800048828125</ele><time>2025-11-22T00:32:27.000Z</time><extensions/></trkpt><trkpt lat="35.63474401831627" lon="139.02482067234814"><ele>872.0</ele><time>2025-11-22T00:32:36.000Z</time><extensions/></trkpt><trkpt lat="35.63477637246251" lon="139.0247417986393"><ele>872.4000244140625</ele><time>2025-11-22T00:32:44.000Z</time><extensions/></trkpt><trkpt lat="35.63483948819339" lon="139.0246503520757"><ele>872.800048828125</ele><time>2025-11-22T00:32:53.000Z</time><extensions/></trkpt><trkpt lat="35.6349047832191" lon="139.02453702874482"><ele>873.800048828125</ele><time>2025-11-22T00:33:02.000Z</time><extensions/></trkpt><trkpt lat="35.63493562862277" lon="139.02443409897387"><ele>875.0</ele><time>2025-11-22T00:33:10.000Z</time><extensions/></trkpt><trkpt lat="35.634952979162335" lon="139.0243707317859"><ele>876.199951171875</ele><time>2025-11-22T00:33:17.000Z</time><extensions/></trkpt><trkpt lat="35.63496924005449" lon="139.02425539679825"><ele>878.199951171875</ele><time>2025-11-22T00:33:29.000Z</time><extensions/></trkpt><trkpt lat="35.634992960840464" lon="139.02416529133916"><ele>880.199951171875</ele><time>2025-11-22T00:33:40.000Z</time><extensions/></trkpt><trkpt lat="35.63497234135866" lon="139.0240710787475"><ele>882.199951171875</ele><time>2025-11-22T00:33:51.000Z</time><extensions/></trkpt><trkpt lat="35.63496739603579" lon="139.0239812247455"><ele>884.0</ele><time>2025-11-22T00:34:01.000Z</time><extensions/></trkpt><trkpt lat="35.6349650491029" lon="139.02396596968174"><ele>884.199951171875</ele><time>2025-11-22T00:34:02.000Z</time><extensions/></trkpt><trkpt lat="35.63496655784547" lon="139.02395155280828"><ele>884.4000244140625</ele><time>2025-11-22T00:34:03.000Z</time><extensions/></trkpt><trkpt lat="35.63496831804514" lon="139.02393755503"><ele>884.4000244140625</ele><time>2025-11-22T00:34:04.000Z</time><extensions/></trkpt><trkpt lat="35.63496144488454" lon="139.02381383813918"><ele>885.800048828125</ele><time>2025-11-22T00:34:14.000Z</time><extensions/></trkpt><trkpt lat="35.63495515845716" lon="139.0237740240991"><ele>886.0</ele><time>2025-11-22T00:34:18.000Z</time><extensions/></trkpt><trkpt lat="35.63495968468487" lon="139.02376279234886"><ele>886.4000244140625</ele><time>2025-11-22T00:34:19.000Z</time><extensions/></trkpt><trkpt lat="35.634962199255824" lon="139.0237497165799"><ele>886.4000244140625</ele><time>2025-11-22T00:34:20.000Z</time><extensions/></trkpt><trkpt lat="35.63497971743345" lon="139.02367059141397"><ele>887.199951171875</ele><time>2025-11-22T00:34:27.000Z</time><extensions/></trkpt><trkpt lat="35.63501265831292" lon="139.0235741995275"><ele>888.0</ele><time>2025-11-22T00:34:35.000Z</time><extensions/></trkpt><trkpt lat="35.63500419259071" lon="139.02352332137525"><ele>888.4000244140625</ele><time>2025-11-22T00:34:39.000Z</time><extensions/></trkpt><trkpt lat="35.634999917820096" lon="139.02350303716958"><ele>888.5999755859375</ele><time>2025-11-22T00:34:41.000Z</time><extensions/></trkpt><trkpt lat="35.63498843461275" lon="139.02342315763235"><ele>889.800048828125</ele><time>2025-11-22T00:34:49.000Z</time><extensions/></trkpt><trkpt lat="35.63497954979539" lon="139.02334914542735"><ele>891.0</ele><time>2025-11-22T00:34:57.000Z</time><extensions/></trkpt><trkpt lat="35.63497125171125" lon="139.02325845323503"><ele>892.5999755859375</ele><time>2025-11-22T00:35:07.000Z</time><extensions/></trkpt><trkpt lat="35.634968150407076" lon="139.0231804177165"><ele>893.5999755859375</ele><time>2025-11-22T00:35:14.000Z</time><extensions/></trkpt><trkpt lat="35.63498365692794" lon="139.0230897255242"><ele>894.800048828125</ele><time>2025-11-22T00:35:24.000Z</time><extensions/></trkpt><trkpt lat="35.63499379903078" lon="139.02300582267344"><ele>896.5999755859375</ele><time>2025-11-22T00:35:34.000Z</time><extensions/></trkpt><trkpt lat="35.634986255317926" lon="139.02295963838696"><ele>897.800048828125</ele><time>2025-11-22T00:35:43.000Z</time><extensions/></trkpt><trkpt lat="35.63501441851258" lon="139.02286307886243"><ele>898.199951171875</ele><time>2025-11-22T00:35:54.000Z</time><extensions/></trkpt><trkpt lat="35.635046772658825" lon="139.02277347631752"><ele>899.0</ele><time>2025-11-22T00:36:03.000Z</time><extensions/></trkpt><trkpt lat="35.63510846346617" lon="139.02271857485175"><ele>899.4000244140625</ele><time>2025-11-22T00:36:14.000Z</time><extensions/></trkpt><trkpt lat="35.635244669392705" lon="139.0226243622601"><ele>901.0</ele><time>2025-11-22T00:36:32.000Z</time><extensions/></trkpt><trkpt lat="35.63531675375998" lon="139.02250953018665"><ele>902.4000244140625</ele><time>2025-11-22T00:36:45.000Z</time><extensions/></trkpt><trkpt lat="35.63533351756632" lon="139.02241179719567"><ele>904.199951171875</ele><time>2025-11-22T00:36:58.000Z</time><extensions/></trkpt><trkpt lat="35.63532656058669" lon="139.02231481857598"><ele>905.5999755859375</ele><time>2025-11-22T00:37:09.000Z</time><extensions/></trkpt><trkpt lat="35.63527635298669" lon="139.0222413931042"><ele>907.800048828125</ele><time>2025-11-22T00:37:20.000Z</time><extensions/></trkpt><trkpt lat="35.63521449454129" lon="139.02217115275562"><ele>909.800048828125</ele><time>2025-11-22T00:37:33.000Z</time><extensions/></trkpt><trkpt lat="35.63515657559037" lon="139.02208431623876"><ele>911.5999755859375</ele><time>2025-11-22T00:37:44.000Z</time><extensions/></trkpt><trkpt lat="35.63510527834296" lon="139.02199077419937"><ele>913.4000244140625</ele><time>2025-11-22T00:37:55.000Z</time><extensions/></trkpt><trkpt lat="35.63508021645248" lon="139.02189035899937"><ele>915.199951171875</ele><time>2025-11-22T00:38:06.000Z</time><extensions/></trkpt><trkpt lat="35.63508206047118" lon="139.0217907819897"><ele>917.199951171875</ele><time>2025-11-22T00:38:17.000Z</time><extensions/></trkpt><trkpt lat="35.63509597443044" lon="139.02171266265213"><ele>919.4000244140625</ele><time>2025-11-22T00:38:28.000Z</time><extensions/></trkpt><trkpt lat="35.635124891996384" lon="139.0216800570488"><ele>921.0</ele><time>2025-11-22T00:38:38.000Z</time><extensions/></trkpt><trkpt lat="35.63516437076032" lon="139.02162515558302"><ele>922.4000244140625</ele><time>2025-11-22T00:39:06.000Z</time><extensions/></trkpt><trkpt lat="35.63514375127852" lon="139.02153613977134"><ele>923.5999755859375</ele><time>2025-11-22T00:39:17.000Z</time><extensions/></trkpt><trkpt lat="35.63511583954096" lon="139.02144259773195"><ele>925.800048828125</ele><time>2025-11-22T00:39:29.000Z</time><extensions/></trkpt><trkpt lat="35.635058926418424" lon="139.02136799879372"><ele>928.199951171875</ele><time>2025-11-22T00:39:40.000Z</time><extensions/></trkpt><trkpt lat="35.63502389006317" lon="139.02126414701343"><ele>930.199951171875</ele><time>2025-11-22T00:39:51.000Z</time><extensions/></trkpt><trkpt lat="35.634994050487876" lon="139.0211448725313"><ele>932.199951171875</ele><time>2025-11-22T00:40:03.000Z</time><extensions/></trkpt><trkpt lat="35.6349962297827" lon="139.02112995274365"><ele>932.4000244140625</ele><time>2025-11-22T00:40:04.000Z</time><extensions/></trkpt><trkpt lat="35.634985249489546" lon="139.02104848064482"><ele>933.800048828125</ele><time>2025-11-22T00:40:12.000Z</time><extensions/></trkpt><trkpt lat="35.635010562837124" lon="139.0209213271737"><ele>936.0</ele><time>2025-11-22T00:40:25.000Z</time><extensions/></trkpt><trkpt lat="35.63502749428153" lon="139.02085024863482"><ele>937.0</ele><time>2025-11-22T00:40:32.000Z</time><extensions/></trkpt><trkpt lat="35.6350136641413" lon="139.02076215483248"><ele>939.199951171875</ele><time>2025-11-22T00:40:43.000Z</time><extensions/></trkpt><trkpt lat="35.63500897027552" lon="139.0206747315824"><ele>941.199951171875</ele><time>2025-11-22T00:40:54.000Z</time><extensions/></trkpt><trkpt lat="35.63499363139272" lon="139.02056543156505"><ele>943.199951171875</ele><time>2025-11-22T00:41:05.000Z</time><extensions/></trkpt><trkpt lat="35.63493856228888" lon="139.02051262557507"><ele>945.199951171875</ele><time>2025-11-22T00:41:16.000Z</time><extensions/></trkpt><trkpt lat="35.63488818705082" lon="139.0204971190542"><ele>946.800048828125</ele><time>2025-11-22T00:41:26.000Z</time><extensions/></trkpt><trkpt lat="35.63479137606919" lon="139.02048479765654"><ele>949.0</ele><time>2025-11-22T00:41:40.000Z</time><extensions/></trkpt><trkpt lat="35.63472096808255" lon="139.020451689139"><ele>951.199951171875</ele><time>2025-11-22T00:41:52.000Z</time><extensions/></trkpt><trkpt lat="35.63465575687587" lon="139.02045923285186"><ele>952.800048828125</ele><time>2025-11-22T00:42:03.000Z</time><extensions/></trkpt><trkpt lat="35.634589958935976" lon="139.02044615708292"><ele>955.0</ele><time>2025-11-22T00:42:16.000Z</time><extensions/></trkpt><trkpt lat="35.63451829366386" lon="139.0204122941941"><ele>957.199951171875</ele><time>2025-11-22T00:42:29.000Z</time><extensions/></trkpt><trkpt lat="35.634475043043494" lon="139.02037985622883"><ele>958.5999755859375</ele><time>2025-11-22T00:42:37.000Z</time><extensions/></trkpt><trkpt lat="35.63443866558373" lon="139.02030995115638"><ele>960.199951171875</ele><time>2025-11-22T00:42:47.000Z</time><extensions/></trkpt><trkpt lat="35.634391475468874" lon="139.02024457231164"><ele>962.199951171875</ele><time>2025-11-22T00:42:58.000Z</time><extensions/></trkpt><trkpt lat="35.63435643911362" lon="139.0201643574983"><ele>964.199951171875</ele><time>2025-11-22T00:43:10.000Z</time><extensions/></trkpt><trkpt lat="35.63433347269893" lon="139.0200716536492"><ele>966.5999755859375</ele><time>2025-11-22T00:43:23.000Z</time><extensions/></trkpt><trkpt lat="35.634343195706606" lon="139.0199471823871"><ele>969.0</ele><time>2025-11-22T00:43:37.000Z</time><extensions/></trkpt><trkpt lat="35.634296759963036" lon="139.0198963880539"><ele>970.5999755859375</ele><time>2025-11-22T00:43:47.000Z</time><extensions/></trkpt><trkpt lat="35.63426775857806" lon="139.01983226649463"><ele>972.5999755859375</ele><time>2025-11-22T00:43:58.000Z</time><extensions/></trkpt><trkpt lat="35.63429843634367" lon="139.01976009830832"><ele>973.800048828125</ele><time>2025-11-22T00:44:19.000Z</time><extensions/></trkpt><trkpt lat="35.63431218266487" lon="139.0197444241494"><ele>973.800048828125</ele><time>2025-11-22T00:44:21.000Z</time><extensions/></trkpt><trkpt lat="35.63432886265218" lon="139.01972975581884"><ele>973.800048828125</ele><time>2025-11-22T00:44:23.000Z</time><extensions/></trkpt><trkpt lat="35.63433665782213" lon="139.01971869170666"><ele>974.0</ele><time>2025-11-22T00:44:24.000Z</time><extensions/></trkpt><trkpt lat="35.634398348629475" lon="139.01964434422553"><ele>974.5999755859375</ele><time>2025-11-22T00:44:32.000Z</time><extensions/></trkpt><trkpt lat="35.63440731726587" lon="139.0196371357888"><ele>974.5999755859375</ele><time>2025-11-22T00:44:33.000Z</time><extensions/></trkpt><trkpt lat="35.634423745796084" lon="139.0196091402322"><ele>974.800048828125</ele><time>2025-11-22T00:44:36.000Z</time><extensions/></trkpt><trkpt lat="35.63442927785218" lon="139.0195995848626"><ele>975.0</ele><time>2025-11-22T00:44:37.000Z</time><extensions/></trkpt><trkpt lat="35.634458530694246" lon="139.019534625113"><ele>975.800048828125</ele><time>2025-11-22T00:44:44.000Z</time><extensions/></trkpt><trkpt lat="35.63449063338339" lon="139.0194730181247"><ele>977.0</ele><time>2025-11-22T00:44:52.000Z</time><extensions/></trkpt><trkpt lat="35.63451829366386" lon="139.01937402784824"><ele>978.4000244140625</ele><time>2025-11-22T00:45:03.000Z</time><extensions/></trkpt><trkpt lat="35.634553330019116" lon="139.01929272338748"><ele>980.0</ele><time>2025-11-22T00:45:13.000Z</time><extensions/></trkpt><trkpt lat="35.63455299474299" lon="139.0192266739905"><ele>981.5999755859375</ele><time>2025-11-22T00:45:22.000Z</time><extensions/></trkpt><trkpt lat="35.63455441966653" lon="139.01915676891804"><ele>983.0</ele><time>2025-11-22T00:45:33.000Z</time><extensions/></trkpt><trkpt lat="35.63455726951361" lon="139.0191252529621"><ele>984.4000244140625</ele><time>2025-11-22T00:45:43.000Z</time><extensions/></trkpt><trkpt lat="35.634561628103256" lon="139.01905392296612"><ele>985.4000244140625</ele><time>2025-11-22T00:45:51.000Z</time><extensions/></trkpt><trkpt lat="35.634573781862855" lon="139.01897387579083"><ele>986.800048828125</ele><time>2025-11-22T00:46:01.000Z</time><extensions/></trkpt><trkpt lat="35.63459414988756" lon="139.0188881289214"><ele>988.4000244140625</ele><time>2025-11-22T00:46:11.000Z</time><extensions/></trkpt><trkpt lat="35.634606555104256" lon="139.01882308535278"><ele>989.800048828125</ele><time>2025-11-22T00:46:19.000Z</time><extensions/></trkpt><trkpt lat="35.634633461013436" lon="139.01875292882323"><ele>991.4000244140625</ele><time>2025-11-22T00:46:29.000Z</time><extensions/></trkpt><trkpt lat="35.634655337780714" lon="139.0186682716012"><ele>993.199951171875</ele><time>2025-11-22T00:46:39.000Z</time><extensions/></trkpt><trkpt lat="35.63467612490058" lon="139.0186024736613"><ele>994.800048828125</ele><time>2025-11-22T00:46:48.000Z</time><extensions/></trkpt><trkpt lat="35.63469288870692" lon="139.01854388415813"><ele>996.5999755859375</ele><time>2025-11-22T00:46:58.000Z</time><extensions/></trkpt><trkpt lat="35.63471334055066" lon="139.01847892440856"><ele>998.4000244140625</ele><time>2025-11-22T00:47:07.000Z</time><extensions/></trkpt><trkpt lat="35.63472289592028" lon="139.01841673068702"><ele>999.800048828125</ele><time>2025-11-22T00:47:15.000Z</time><extensions/></trkpt><trkpt lat="35.63473102636635" lon="139.01833408512175"><ele>1001.800048828125</ele><time>2025-11-22T00:47:26.000Z</time><extensions/></trkpt><trkpt lat="35.63473739661276" lon="139.01825529523194"><ele>1003.199951171875</ele><time>2025-11-22T00:47:35.000Z</time><extensions/></trkpt><trkpt lat="35.634751226752996" lon="139.0181711409241"><ele>1005.0</ele><time>2025-11-22T00:47:45.000Z</time><extensions/></trkpt><trkpt lat="35.63474988564849" lon="139.01810266077518"><ele>1006.800048828125</ele><time>2025-11-22T00:47:57.000Z</time><extensions/></trkpt><trkpt lat="35.634729098528624" lon="139.01804096996784"><ele>1008.800048828125</ele><time>2025-11-22T00:48:08.000Z</time><extensions/></trkpt><trkpt lat="35.63470143824816" lon="139.01797785423696"><ele>1010.800048828125</ele><time>2025-11-22T00:48:19.000Z</time><extensions/></trkpt><trkpt lat="35.63467436470091" lon="139.01789981871843"><ele>1013.0</ele><time>2025-11-22T00:48:30.000Z</time><extensions/></trkpt><trkpt lat="35.63463564030826" lon="139.01782471686602"><ele>1015.0</ele><time>2025-11-22T00:48:42.000Z</time><extensions/></trkpt><trkpt lat="35.63459959812462" lon="139.01776352897286"><ele>1017.5999755859375</ele><time>2025-11-22T00:48:56.000Z</time><extensions/></trkpt><trkpt lat="35.63456422649324" lon="139.01770141907036"><ele>1019.199951171875</ele><time>2025-11-22T00:49:06.000Z</time><extensions/></trkpt><trkpt lat="35.63454712741077" lon="139.0176338609308"><ele>1021.199951171875</ele><time>2025-11-22T00:49:18.000Z</time><extensions/></trkpt><trkpt lat="35.63453782349825" lon="139.01757803745568"><ele>1023.0</ele><time>2025-11-22T00:49:28.000Z</time><extensions/></trkpt><trkpt lat="35.63461418263614" lon="139.017599998042"><ele>1025.4000244140625</ele><time>2025-11-22T00:49:41.000Z</time><extensions/></trkpt><trkpt lat="35.634655421599746" lon="139.01756529696286"><ele>1027.4000244140625</ele><time>2025-11-22T00:49:53.000Z</time><extensions/></trkpt><trkpt lat="35.634615272283554" lon="139.01751668192446"><ele>1029.199951171875</ele><time>2025-11-22T00:50:04.000Z</time><extensions/></trkpt><trkpt lat="35.63459205441177" lon="139.017449375242"><ele>1031.199951171875</ele><time>2025-11-22T00:50:17.000Z</time><extensions/></trkpt><trkpt lat="35.63457143492997" lon="139.0174108184874"><ele>1032.800048828125</ele><time>2025-11-22T00:50:27.000Z</time><extensions/></trkpt><trkpt lat="35.63456506468356" lon="139.01740377768874"><ele>1034.199951171875</ele><time>2025-11-22T00:50:39.000Z</time><extensions/></trkpt><trkpt lat="35.63455659896135" lon="139.01733957231045"><ele>1034.4000244140625</ele><time>2025-11-22T00:50:50.000Z</time><extensions/></trkpt><trkpt lat="35.63454142771661" lon="139.01725826784968"><ele>1037.199951171875</ele><time>2025-11-22T00:51:04.000Z</time><extensions/></trkpt><trkpt lat="35.634517036378384" lon="139.01720269583166"><ele>1038.5999755859375</ele><time>2025-11-22T00:51:14.000Z</time><extensions/></trkpt><trkpt lat="35.63448602333665" lon="139.01714695617557"><ele>1040.199951171875</ele><time>2025-11-22T00:51:24.000Z</time><extensions/></trkpt><trkpt lat="35.634461883455515" lon="139.01707763783634"><ele>1041.800048828125</ele><time>2025-11-22T00:51:35.000Z</time><extensions/></trkpt><trkpt lat="35.63443279825151" lon="139.01700714603066"><ele>1043.5999755859375</ele><time>2025-11-22T00:51:46.000Z</time><extensions/></trkpt><trkpt lat="35.63442693091929" lon="139.01693874970078"><ele>1045.5999755859375</ele><time>2025-11-22T00:51:57.000Z</time><extensions/></trkpt><trkpt lat="35.63442466780543" lon="139.01686725206673"><ele>1048.0</ele><time>2025-11-22T00:52:08.000Z</time><extensions/></trkpt><trkpt lat="35.63442173413932" lon="139.0168486442417"><ele>1050.4000244140625</ele><time>2025-11-22T00:52:19.000Z</time><extensions/></trkpt><trkpt lat="35.6344351451844" lon="139.01677329093218"><ele>1052.199951171875</ele><time>2025-11-22T00:52:35.000Z</time><extensions/></trkpt><trkpt lat="35.63444218598306" lon="139.01671805419028"><ele>1054.199951171875</ele><time>2025-11-22T00:52:46.000Z</time><extensions/></trkpt><trkpt lat="35.63445542939007" lon="139.01667312718928"><ele>1056.5999755859375</ele><time>2025-11-22T00:53:00.000Z</time><extensions/></trkpt><trkpt lat="35.63448216766119" lon="139.01659609749913"><ele>1059.199951171875</ele><time>2025-11-22T00:53:15.000Z</time><extensions/></trkpt><trkpt lat="35.63450018875301" lon="139.01654706336558"><ele>1060.800048828125</ele><time>2025-11-22T00:53:24.000Z</time><extensions/></trkpt><trkpt lat="35.63452801667154" lon="139.0164728835225"><ele>1062.5999755859375</ele><time>2025-11-22T00:53:34.000Z</time><extensions/></trkpt><trkpt lat="35.63455115072429" lon="139.0164852887392"><ele>1064.4000244140625</ele><time>2025-11-22T00:53:46.000Z</time><extensions/></trkpt><trkpt lat="35.63462482765317" lon="139.01653641834855"><ele>1066.4000244140625</ele><time>2025-11-22T00:53:58.000Z</time><extensions/></trkpt><trkpt lat="35.63467436470091" lon="139.01653993874788"><ele>1068.4000244140625</ele><time>2025-11-22T00:54:08.000Z</time><extensions/></trkpt><trkpt lat="35.63472457230091" lon="139.01652325876057"><ele>1070.4000244140625</ele><time>2025-11-22T00:54:18.000Z</time><extensions/></trkpt><trkpt lat="35.63479472883046" lon="139.0165259409696"><ele>1073.0</ele><time>2025-11-22T00:54:29.000Z</time><extensions/></trkpt><trkpt lat="35.63486664555967" lon="139.01649165898561"><ele>1074.4000244140625</ele><time>2025-11-22T00:54:39.000Z</time><extensions/></trkpt><trkpt lat="35.6348942220211" lon="139.01648059487343"><ele>1074.5999755859375</ele><time>2025-11-22T00:54:42.000Z</time><extensions/></trkpt><trkpt lat="35.634941747412086" lon="139.01644161902368"><ele>1075.5999755859375</ele><time>2025-11-22T00:54:50.000Z</time><extensions/></trkpt><trkpt lat="35.63499044626951" lon="139.01638956740499"><ele>1077.199951171875</ele><time>2025-11-22T00:55:01.000Z</time><extensions/></trkpt><trkpt lat="35.63502757810056" lon="139.01632754132152"><ele>1079.199951171875</ele><time>2025-11-22T00:55:13.000Z</time><extensions/></trkpt><trkpt lat="35.635076025500894" lon="139.01628697291017"><ele>1080.800048828125</ele><time>2025-11-22T00:55:23.000Z</time><extensions/></trkpt><trkpt lat="35.635105948895216" lon="139.01624523103237"><ele>1082.0</ele><time>2025-11-22T00:55:31.000Z</time><extensions/></trkpt><trkpt lat="35.6351222936064" lon="139.01619636453688"><ele>1083.199951171875</ele><time>2025-11-22T00:55:41.000Z</time><extensions/></trkpt><trkpt lat="35.63512858003378" lon="139.0161277167499"><ele>1085.0</ele><time>2025-11-22T00:55:51.000Z</time><extensions/></trkpt><trkpt lat="35.63514366745949" lon="139.01606527157128"><ele>1086.800048828125</ele><time>2025-11-22T00:56:01.000Z</time><extensions/></trkpt><trkpt lat="35.63517929054797" lon="139.01601447723806"><ele>1088.4000244140625</ele><time>2025-11-22T00:56:10.000Z</time><extensions/></trkpt><trkpt lat="35.635224217548966" lon="139.0159524511546"><ele>1090.199951171875</ele><time>2025-11-22T00:56:20.000Z</time><extensions/></trkpt><trkpt lat="35.635253470391035" lon="139.0158903412521"><ele>1091.4000244140625</ele><time>2025-11-22T00:56:27.000Z</time><extensions/></trkpt><trkpt lat="35.63526629470289" lon="139.01587198488414"><ele>1091.5999755859375</ele><time>2025-11-22T00:56:29.000Z</time><extensions/></trkpt><trkpt lat="35.63531834632158" lon="139.01581088081002"><ele>1092.4000244140625</ele><time>2025-11-22T00:56:36.000Z</time><extensions/></trkpt><trkpt lat="35.63535925000906" lon="139.01577819138765"><ele>1092.5999755859375</ele><time>2025-11-22T00:56:41.000Z</time><extensions/></trkpt><trkpt lat="35.63536654226482" lon="139.01576779782772"><ele>1092.5999755859375</ele><time>2025-11-22T00:56:42.000Z</time><extensions/></trkpt><trkpt lat="35.63538867048919" lon="139.01573846116662"><ele>1092.5999755859375</ele><time>2025-11-22T00:56:45.000Z</time><extensions/></trkpt><trkpt lat="35.63539789058268" lon="139.0157296601683"><ele>1092.5999755859375</ele><time>2025-11-22T00:56:46.000Z</time><extensions/></trkpt><trkpt lat="35.6354711484164" lon="139.01563737541437"><ele>1092.199951171875</ele><time>2025-11-22T00:56:56.000Z</time><extensions/></trkpt><trkpt lat="35.63549562357366" lon="139.01560527272522"><ele>1092.199951171875</ele><time>2025-11-22T00:56:59.000Z</time><extensions/></trkpt><trkpt lat="35.63555697910488" lon="139.0155137423426"><ele>1092.800048828125</ele><time>2025-11-22T00:57:08.000Z</time><extensions/></trkpt><trkpt lat="35.63562805764377" lon="139.01541559025645"><ele>1093.5999755859375</ele><time>2025-11-22T00:57:17.000Z</time><extensions/></trkpt><trkpt lat="35.63569838181138" lon="139.0153195336461"><ele>1094.199951171875</ele><time>2025-11-22T00:57:26.000Z</time><extensions/></trkpt><trkpt lat="35.63577465713024" lon="139.0152402408421"><ele>1095.0</ele><time>2025-11-22T00:57:35.000Z</time><extensions/></trkpt><trkpt lat="35.63583224080503" lon="139.01517729274929"><ele>1095.800048828125</ele><time>2025-11-22T00:57:43.000Z</time><extensions/></trkpt><trkpt lat="35.635894518345594" lon="139.01513697579503"><ele>1097.199951171875</ele><time>2025-11-22T00:57:52.000Z</time><extensions/></trkpt><trkpt lat="35.63595042563975" lon="139.0150562580675"><ele>1099.199951171875</ele><time>2025-11-22T00:58:05.000Z</time><extensions/></trkpt><trkpt lat="35.6360187381506" lon="139.01498249731958"><ele>1100.800048828125</ele><time>2025-11-22T00:58:14.000Z</time><extensions/></trkpt><trkpt lat="35.63611412420869" lon="139.01488828472793"><ele>1102.0</ele><time>2025-11-22T00:58:24.000Z</time><extensions/></trkpt><trkpt lat="35.63617866486311" lon="139.01481117121875"><ele>1103.0</ele><time>2025-11-22T00:58:32.000Z</time><extensions/></trkpt><trkpt lat="35.636232644319534" lon="139.01475006714463"><ele>1103.800048828125</ele><time>2025-11-22T00:58:40.000Z</time><extensions/></trkpt><trkpt lat="35.636268854141235" lon="139.01470262557268"><ele>1104.800048828125</ele><time>2025-11-22T00:58:47.000Z</time><extensions/></trkpt><trkpt lat="35.636319648474455" lon="139.01464143767953"><ele>1106.5999755859375</ele><time>2025-11-22T00:58:57.000Z</time><extensions/></trkpt><trkpt lat="35.63636776059866" lon="139.01458259671926"><ele>1108.5999755859375</ele><time>2025-11-22T00:59:08.000Z</time><extensions/></trkpt><trkpt lat="35.636412939056754" lon="139.01456725783646"><ele>1110.0</ele><time>2025-11-22T00:59:17.000Z</time><extensions/></trkpt><trkpt lat="35.6364606320858" lon="139.0145425312221"><ele>1112.199951171875</ele><time>2025-11-22T00:59:30.000Z</time><extensions/></trkpt><trkpt lat="35.636501954868436" lon="139.0145136974752"><ele>1113.4000244140625</ele><time>2025-11-22T00:59:39.000Z</time><extensions/></trkpt><trkpt lat="35.63654528930783" lon="139.01450162753463"><ele>1115.0</ele><time>2025-11-22T00:59:50.000Z</time><extensions/></trkpt><trkpt lat="35.6365832593292" lon="139.01447094976902"><ele>1116.5999755859375</ele><time>2025-11-22T01:00:00.000Z</time><extensions/></trkpt><trkpt lat="35.63661829568446" lon="139.01443314738572"><ele>1118.199951171875</ele><time>2025-11-22T01:00:10.000Z</time><extensions/></trkpt><trkpt lat="35.636657271534204" lon="139.01442459784448"><ele>1119.4000244140625</ele><time>2025-11-22T01:00:18.000Z</time><extensions/></trkpt><trkpt lat="35.63668426126242" lon="139.0143841970712"><ele>1121.0</ele><time>2025-11-22T01:00:27.000Z</time><extensions/></trkpt><trkpt lat="35.63670655712485" lon="139.01431647129357"><ele>1122.5999755859375</ele><time>2025-11-22T01:00:37.000Z</time><extensions/></trkpt><trkpt lat="35.63673664815724" lon="139.01425427757204"><ele>1124.0</ele><time>2025-11-22T01:00:47.000Z</time><extensions/></trkpt><trkpt lat="35.63676606863737" lon="139.01419459842145"><ele>1125.4000244140625</ele><time>2025-11-22T01:00:58.000Z</time><extensions/></trkpt><trkpt lat="35.63681082800031" lon="139.01415436528623"><ele>1126.800048828125</ele><time>2025-11-22T01:01:07.000Z</time><extensions/></trkpt><trkpt lat="35.63684519380331" lon="139.014079766348"><ele>1128.800048828125</ele><time>2025-11-22T01:01:19.000Z</time><extensions/></trkpt><trkpt lat="35.636892383918166" lon="139.0140493400395"><ele>1130.800048828125</ele><time>2025-11-22T01:01:29.000Z</time><extensions/></trkpt><trkpt lat="35.63695466145873" lon="139.01400114409626"><ele>1132.4000244140625</ele><time>2025-11-22T01:01:39.000Z</time><extensions/></trkpt><trkpt lat="35.63701333478093" lon="139.01397214271128"><ele>1133.5999755859375</ele><time>2025-11-22T01:01:48.000Z</time><extensions/></trkpt><trkpt lat="35.637056082487106" lon="139.01393777690828"><ele>1135.0</ele><time>2025-11-22T01:01:58.000Z</time><extensions/></trkpt><trkpt lat="35.637126825749874" lon="139.01390709914267"><ele>1136.199951171875</ele><time>2025-11-22T01:02:08.000Z</time><extensions/></trkpt><trkpt lat="35.63719178549945" lon="139.0138588193804"><ele>1138.199951171875</ele><time>2025-11-22T01:02:19.000Z</time><extensions/></trkpt><trkpt lat="35.63724207691848" lon="139.01379939168692"><ele>1140.4000244140625</ele><time>2025-11-22T01:02:30.000Z</time><extensions/></trkpt><trkpt lat="35.63724434003234" lon="139.01374692097306"><ele>1141.800048828125</ele><time>2025-11-22T01:02:39.000Z</time><extensions/></trkpt><trkpt lat="35.6372635345906" lon="139.0137391258031"><ele>1142.4000244140625</ele><time>2025-11-22T01:02:46.000Z</time><extensions/></trkpt><trkpt lat="35.637292955070734" lon="139.0137753356248"><ele>1142.5999755859375</ele><time>2025-11-22T01:02:59.000Z</time><extensions/></trkpt><trkpt lat="35.63729505054653" lon="139.01377022266388"><ele>1142.5999755859375</ele><time>2025-11-22T01:03:07.000Z</time><extensions/></trkpt><trkpt lat="35.637267641723156" lon="139.0137506928295"><ele>1142.5999755859375</ele><time>2025-11-22T01:03:25.000Z</time><extensions/></trkpt><trkpt lat="35.637250458821654" lon="139.0137409698218"><ele>1142.4000244140625</ele><time>2025-11-22T01:03:34.000Z</time><extensions/></trkpt><trkpt lat="35.63724098727107" lon="139.01373476721346"><ele>1142.4000244140625</ele><time>2025-11-22T01:03:35.000Z</time><extensions/></trkpt><trkpt lat="35.63721802085638" lon="139.01371515356004"><ele>1142.5999755859375</ele><time>2025-11-22T01:03:38.000Z</time><extensions/></trkpt><trkpt lat="35.63721215352416" lon="139.0137052629143"><ele>1142.5999755859375</ele><time>2025-11-22T01:03:39.000Z</time><extensions/></trkpt><trkpt lat="35.6372085493058" lon="139.0136901754886"><ele>1142.5999755859375</ele><time>2025-11-22T01:03:47.000Z</time><extensions/></trkpt><trkpt lat="35.637226486578584" lon="139.0136608388275"><ele>1142.5999755859375</ele><time>2025-11-22T01:03:54.000Z</time><extensions/></trkpt><trkpt lat="35.63724584877491" lon="139.01365379802883"><ele>1142.5999755859375</ele><time>2025-11-22T01:03:56.000Z</time><extensions/></trkpt><trkpt lat="35.63726604916155" lon="139.01365446858108"><ele>1142.5999755859375</ele><time>2025-11-22T01:03:58.000Z</time><extensions/></trkpt><trkpt lat="35.637313574552536" lon="139.01368162594736"><ele>1142.5999755859375</ele><time>2025-11-22T01:04:03.000Z</time><extensions/></trkpt><trkpt lat="35.637328242883086" lon="139.0136830508709"><ele>1142.800048828125</ele><time>2025-11-22T01:04:11.000Z</time><extensions/></trkpt><trkpt lat="35.637328242883086" lon="139.0136830508709"><ele>1140.4000244140625</ele><time>2025-11-22T01:04:59.000Z</time><extensions/></trkpt><trkpt lat="35.637328242883086" lon="139.0136830508709"><ele>1143.0</ele><time>2025-11-22T01:06:03.000Z</time><extensions/></trkpt><trkpt lat="35.637321788817644" lon="139.01369662955403"><ele>1143.800048828125</ele><time>2025-11-22T01:15:03.000Z</time><extensions/></trkpt><trkpt lat="35.63728381879628" lon="139.01366804726422"><ele>1143.800048828125</ele><time>2025-11-22T01:15:15.000Z</time><extensions/></trkpt><trkpt lat="35.63722011633217" lon="139.01369252242148"><ele>1143.0</ele><time>2025-11-22T01:15:24.000Z</time><extensions/></trkpt><trkpt lat="35.6372119858861" lon="139.01370383799076"><ele>1143.0</ele><time>2025-11-22T01:15:25.000Z</time><extensions/></trkpt><trkpt lat="35.63720318488777" lon="139.0137158241123"><ele>1143.0</ele><time>2025-11-22T01:15:26.000Z</time><extensions/></trkpt><trkpt lat="35.63719497062266" lon="139.0137909259647"><ele>1141.800048828125</ele><time>2025-11-22T01:15:34.000Z</time><extensions/></trkpt><trkpt lat="35.637202095240355" lon="139.01378606446087"><ele>1141.5999755859375</ele><time>2025-11-22T01:15:41.000Z</time><extensions/></trkpt><trkpt lat="35.63721592538059" lon="139.01378832757473"><ele>1141.800048828125</ele><time>2025-11-22T01:15:52.000Z</time><extensions/></trkpt><trkpt lat="35.63726093620062" lon="139.01378262788057"><ele>1142.0</ele><time>2025-11-22T01:15:58.000Z</time><extensions/></trkpt><trkpt lat="35.63726772554219" lon="139.01377147994936"><ele>1142.199951171875</ele><time>2025-11-22T01:15:59.000Z</time><extensions/></trkpt><trkpt lat="35.63725892454386" lon="139.01373032480478"><ele>1142.199951171875</ele><time>2025-11-22T01:16:03.000Z</time><extensions/></trkpt><trkpt lat="35.63725708052516" lon="139.01369486935437"><ele>1142.5999755859375</ele><time>2025-11-22T01:16:08.000Z</time><extensions/></trkpt><trkpt lat="35.63725858926773" lon="139.01368204504251"><ele>1142.5999755859375</ele><time>2025-11-22T01:16:09.000Z</time><extensions/></trkpt><trkpt lat="35.63725993037224" lon="139.0136685501784"><ele>1142.800048828125</ele><time>2025-11-22T01:16:10.000Z</time><extensions/></trkpt><trkpt lat="35.63724744133651" lon="139.01356193237007"><ele>1143.0</ele><time>2025-11-22T01:16:18.000Z</time><extensions/></trkpt><trkpt lat="35.63723956234753" lon="139.01355681940913"><ele>1143.0</ele><time>2025-11-22T01:16:19.000Z</time><extensions/></trkpt><trkpt lat="35.63723168335855" lon="139.0135464258492"><ele>1143.0</ele><time>2025-11-22T01:16:20.000Z</time><extensions/></trkpt><trkpt lat="35.63722682185471" lon="139.01353226043284"><ele>1143.0</ele><time>2025-11-22T01:16:21.000Z</time><extensions/></trkpt><trkpt lat="35.63722472637892" lon="139.01351725682616"><ele>1143.0</ele><time>2025-11-22T01:16:22.000Z</time><extensions/></trkpt><trkpt lat="35.637223636731505" lon="139.0135028399527"><ele>1143.0</ele><time>2025-11-22T01:16:23.000Z</time><extensions/></trkpt><trkpt lat="35.637202095240355" lon="139.01337476447225"><ele>1142.0</ele><time>2025-11-22T01:16:32.000Z</time><extensions/></trkpt><trkpt lat="35.63715389929712" lon="139.01324375532568"><ele>1141.0</ele><time>2025-11-22T01:16:41.000Z</time><extensions/></trkpt><trkpt lat="35.63711936585605" lon="139.01308776810765"><ele>1140.199951171875</ele><time>2025-11-22T01:16:51.000Z</time><extensions/></trkpt><trkpt lat="35.637071169912815" lon="139.01290822774172"><ele>1140.199951171875</ele><time>2025-11-22T01:17:03.000Z</time><extensions/></trkpt><trkpt lat="35.63707142136991" lon="139.0127897914499"><ele>1139.800048828125</ele><time>2025-11-22T01:17:11.000Z</time><extensions/></trkpt><trkpt lat="35.637063374742866" lon="139.01273229159415"><ele>1138.4000244140625</ele><time>2025-11-22T01:17:19.000Z</time><extensions/></trkpt><trkpt lat="35.63706295564771" lon="139.01270806789398"><ele>1138.0</ele><time>2025-11-22T01:17:21.000Z</time><extensions/></trkpt><trkpt lat="35.63706764951348" lon="139.0126912202686"><ele>1136.800048828125</ele><time>2025-11-22T01:17:28.000Z</time><extensions/></trkpt><trkpt lat="35.63706018961966" lon="139.01264989748597"><ele>1136.5999755859375</ele><time>2025-11-22T01:18:01.000Z</time><extensions/></trkpt><trkpt lat="35.63705381937325" lon="139.0126385819167"><ele>1136.5999755859375</ele><time>2025-11-22T01:18:02.000Z</time><extensions/></trkpt><trkpt lat="35.63704929314554" lon="139.01262626051903"><ele>1136.4000244140625</ele><time>2025-11-22T01:18:03.000Z</time><extensions/></trkpt><trkpt lat="35.63704409636557" lon="139.01261435821652"><ele>1136.199951171875</ele><time>2025-11-22T01:18:04.000Z</time><extensions/></trkpt><trkpt lat="35.63703638501465" lon="139.01260471902788"><ele>1136.199951171875</ele><time>2025-11-22T01:18:05.000Z</time><extensions/></trkpt><trkpt lat="35.63696974888444" lon="139.01248234324157"><ele>1135.0</ele><time>2025-11-22T01:18:15.000Z</time><extensions/></trkpt><trkpt lat="35.63687805086374" lon="139.01237983256578"><ele>1134.0</ele><time>2025-11-22T01:18:24.000Z</time><extensions/></trkpt><trkpt lat="35.63677042722702" lon="139.01226801797748"><ele>1133.199951171875</ele><time>2025-11-22T01:18:34.000Z</time><extensions/></trkpt><trkpt lat="35.636680237948895" lon="139.01216232217848"><ele>1132.800048828125</ele><time>2025-11-22T01:18:43.000Z</time><extensions/></trkpt><trkpt lat="35.63659289851785" lon="139.012081772089"><ele>1133.199951171875</ele><time>2025-11-22T01:18:51.000Z</time><extensions/></trkpt><trkpt lat="35.6365364883095" lon="139.0119617432356"><ele>1133.800048828125</ele><time>2025-11-22T01:19:00.000Z</time><extensions/></trkpt><trkpt lat="35.636535566300154" lon="139.01194984093308"><ele>1133.5999755859375</ele><time>2025-11-22T01:19:08.000Z</time><extensions/></trkpt><trkpt lat="35.63652844168246" lon="139.01190533302724"><ele>1133.4000244140625</ele><time>2025-11-22T01:19:34.000Z</time><extensions/></trkpt><trkpt lat="35.63652567565441" lon="139.01189074851573"><ele>1133.4000244140625</ele><time>2025-11-22T01:19:35.000Z</time><extensions/></trkpt><trkpt lat="35.636526346206665" lon="139.01186384260654"><ele>1133.4000244140625</ele><time>2025-11-22T01:19:37.000Z</time><extensions/></trkpt><trkpt lat="35.636526346206665" lon="139.01185043156147"><ele>1133.4000244140625</ele><time>2025-11-22T01:19:38.000Z</time><extensions/></trkpt><trkpt lat="35.63652609474957" lon="139.01181338354945"><ele>1132.800048828125</ele><time>2025-11-22T01:19:41.000Z</time><extensions/></trkpt><trkpt lat="35.636527352035046" lon="139.01175018399954"><ele>1131.199951171875</ele><time>2025-11-22T01:19:47.000Z</time><extensions/></trkpt><trkpt lat="35.6365280225873" lon="139.01173601858318"><ele>1130.800048828125</ele><time>2025-11-22T01:19:48.000Z</time><extensions/></trkpt><trkpt lat="35.63653347082436" lon="139.01172218844295"><ele>1130.5999755859375</ele><time>2025-11-22T01:19:49.000Z</time><extensions/></trkpt><trkpt lat="35.636537075042725" lon="139.0117075201124"><ele>1130.4000244140625</ele><time>2025-11-22T01:19:50.000Z</time><extensions/></trkpt><trkpt lat="35.63653866760433" lon="139.01169184595346"><ele>1130.199951171875</ele><time>2025-11-22T01:19:51.000Z</time><extensions/></trkpt><trkpt lat="35.63654026016593" lon="139.01167575269938"><ele>1129.800048828125</ele><time>2025-11-22T01:19:52.000Z</time><extensions/></trkpt><trkpt lat="35.63654235564172" lon="139.01166032999754"><ele>1129.4000244140625</ele><time>2025-11-22T01:19:53.000Z</time><extensions/></trkpt><trkpt lat="35.63654419966042" lon="139.01153535582125"><ele>1127.0</ele><time>2025-11-22T01:20:01.000Z</time><extensions/></trkpt><trkpt lat="35.63656716607511" lon="139.011463355273"><ele>1125.5999755859375</ele><time>2025-11-22T01:20:06.000Z</time><extensions/></trkpt><trkpt lat="35.636567417532206" lon="139.01145103387535"><ele>1125.4000244140625</ele><time>2025-11-22T01:20:07.000Z</time><extensions/></trkpt><trkpt lat="35.63654797151685" lon="139.01137484237552"><ele>1123.199951171875</ele><time>2025-11-22T01:20:15.000Z</time><extensions/></trkpt><trkpt lat="35.636528357863426" lon="139.01135304942727"><ele>1120.800048828125</ele><time>2025-11-22T01:20:23.000Z</time><extensions/></trkpt><trkpt lat="35.636519975960255" lon="139.0112740918994"><ele>1118.0</ele><time>2025-11-22T01:20:32.000Z</time><extensions/></trkpt><trkpt lat="35.63645618967712" lon="139.0112112276256"><ele>1115.0</ele><time>2025-11-22T01:20:42.000Z</time><extensions/></trkpt><trkpt lat="35.63643531873822" lon="139.01117954403162"><ele>1112.5999755859375</ele><time>2025-11-22T01:20:50.000Z</time><extensions/></trkpt><trkpt lat="35.63637203536928" lon="139.01114584878087"><ele>1110.199951171875</ele><time>2025-11-22T01:20:59.000Z</time><extensions/></trkpt><trkpt lat="35.636362228542566" lon="139.01113872416317"><ele>1109.800048828125</ele><time>2025-11-22T01:21:00.000Z</time><extensions/></trkpt><trkpt lat="35.63633884303272" lon="139.01110913604498"><ele>1109.0</ele><time>2025-11-22T01:21:03.000Z</time><extensions/></trkpt><trkpt lat="35.63633398152888" lon="139.0110964793712"><ele>1108.5999755859375</ele><time>2025-11-22T01:21:04.000Z</time><extensions/></trkpt><trkpt lat="35.636317636817694" lon="139.0110671427101"><ele>1107.800048828125</ele><time>2025-11-22T01:21:07.000Z</time><extensions/></trkpt><trkpt lat="35.636309841647744" lon="139.0110565815121"><ele>1107.4000244140625</ele><time>2025-11-22T01:21:08.000Z</time><extensions/></trkpt><trkpt lat="35.63627648167312" lon="139.01098902337253"><ele>1105.5999755859375</ele><time>2025-11-22T01:21:14.000Z</time><extensions/></trkpt><trkpt lat="35.63627497293055" lon="139.01097586378455"><ele>1105.4000244140625</ele><time>2025-11-22T01:21:15.000Z</time><extensions/></trkpt><trkpt lat="35.636272793635726" lon="139.010961195454"><ele>1105.0</ele><time>2025-11-22T01:21:16.000Z</time><extensions/></trkpt><trkpt lat="35.63626851886511" lon="139.0109474491328"><ele>1104.800048828125</ele><time>2025-11-22T01:21:17.000Z</time><extensions/></trkpt><trkpt lat="35.63626483082771" lon="139.01093303225935"><ele>1104.5999755859375</ele><time>2025-11-22T01:21:18.000Z</time><extensions/></trkpt><trkpt lat="35.6362618971616" lon="139.01091895066202"><ele>1104.199951171875</ele><time>2025-11-22T01:21:19.000Z</time><extensions/></trkpt><trkpt lat="35.63619375228882" lon="139.0107991732657"><ele>1102.4000244140625</ele><time>2025-11-22T01:21:28.000Z</time><extensions/></trkpt><trkpt lat="35.636140359565616" lon="139.0106770489365"><ele>1101.4000244140625</ele><time>2025-11-22T01:21:38.000Z</time><extensions/></trkpt><trkpt lat="35.63614974729717" lon="139.01056707836688"><ele>1100.4000244140625</ele><time>2025-11-22T01:21:45.000Z</time><extensions/></trkpt><trkpt lat="35.63613474369049" lon="139.01050798594952"><ele>1099.4000244140625</ele><time>2025-11-22T01:21:50.000Z</time><extensions/></trkpt><trkpt lat="35.636130049824715" lon="139.01049382053316"><ele>1099.4000244140625</ele><time>2025-11-22T01:21:51.000Z</time><extensions/></trkpt><trkpt lat="35.63612602651119" lon="139.01047814637423"><ele>1099.199951171875</ele><time>2025-11-22T01:21:52.000Z</time><extensions/></trkpt><trkpt lat="35.63612166792154" lon="139.0104622207582"><ele>1099.199951171875</ele><time>2025-11-22T01:21:53.000Z</time><extensions/></trkpt><trkpt lat="35.63611856661737" lon="139.01044604368508"><ele>1099.0</ele><time>2025-11-22T01:21:54.000Z</time><extensions/></trkpt><trkpt lat="35.636117393150926" lon="139.01043062098324"><ele>1099.0</ele><time>2025-11-22T01:21:55.000Z</time><extensions/></trkpt><trkpt lat="35.63609819859266" lon="139.0102806687355"><ele>1099.199951171875</ele><time>2025-11-22T01:22:04.000Z</time><extensions/></trkpt><trkpt lat="35.63609627075493" lon="139.01023842394352"><ele>1099.5999755859375</ele><time>2025-11-22T01:22:07.000Z</time><extensions/></trkpt><trkpt lat="35.63609694130719" lon="139.01022392325103"><ele>1099.5999755859375</ele><time>2025-11-22T01:22:08.000Z</time><extensions/></trkpt><trkpt lat="35.63609182834625" lon="139.0102082490921"><ele>1099.800048828125</ele><time>2025-11-22T01:22:09.000Z</time><extensions/></trkpt><trkpt lat="35.63608629629016" lon="139.01019098237157"><ele>1099.800048828125</ele><time>2025-11-22T01:22:10.000Z</time><extensions/></trkpt><trkpt lat="35.636082189157605" lon="139.010173631832"><ele>1100.0</ele><time>2025-11-22T01:22:11.000Z</time><extensions/></trkpt><trkpt lat="35.6360565405339" lon="139.01006902568042"><ele>1101.0</ele><time>2025-11-22T01:22:19.000Z</time><extensions/></trkpt><trkpt lat="35.6360565405339" lon="139.010044131428"><ele>1101.4000244140625</ele><time>2025-11-22T01:22:21.000Z</time><extensions/></trkpt><trkpt lat="35.63605746254325" lon="139.01002954691648"><ele>1101.5999755859375</ele><time>2025-11-22T01:22:22.000Z</time><extensions/></trkpt><trkpt lat="35.6360565405339" lon="139.0100163873285"><ele>1101.5999755859375</ele><time>2025-11-22T01:22:23.000Z</time><extensions/></trkpt><trkpt lat="35.636053355410695" lon="139.01000322774053"><ele>1101.800048828125</ele><time>2025-11-22T01:22:24.000Z</time><extensions/></trkpt><trkpt lat="35.63605159521103" lon="139.00998956523836"><ele>1102.0</ele><time>2025-11-22T01:22:25.000Z</time><extensions/></trkpt><trkpt lat="35.63605209812522" lon="139.00997607037425"><ele>1102.199951171875</ele><time>2025-11-22T01:22:26.000Z</time><extensions/></trkpt><trkpt lat="35.63603114336729" lon="139.00985511951149"><ele>1103.199951171875</ele><time>2025-11-22T01:22:34.000Z</time><extensions/></trkpt><trkpt lat="35.63597573898733" lon="139.00972159579396"><ele>1103.199951171875</ele><time>2025-11-22T01:22:43.000Z</time><extensions/></trkpt><trkpt lat="35.63596207648516" lon="139.00956845842302"><ele>1102.0</ele><time>2025-11-22T01:22:52.000Z</time><extensions/></trkpt><trkpt lat="35.63596677035093" lon="139.00940517894924"><ele>1100.800048828125</ele><time>2025-11-22T01:23:01.000Z</time><extensions/></trkpt><trkpt lat="35.635972218587995" lon="139.00924106128514"><ele>1099.800048828125</ele><time>2025-11-22T01:23:10.000Z</time><extensions/></trkpt><trkpt lat="35.63595235347748" lon="139.00914508849382"><ele>1099.800048828125</ele><time>2025-11-22T01:23:17.000Z</time><extensions/></trkpt><trkpt lat="35.635911198332906" lon="139.0090480260551"><ele>1100.800048828125</ele><time>2025-11-22T01:23:26.000Z</time><extensions/></trkpt><trkpt lat="35.63589678145945" lon="139.00897443294525"><ele>1102.199951171875</ele><time>2025-11-22T01:23:34.000Z</time><extensions/></trkpt><trkpt lat="35.63589141704142" lon="139.00892958976328"><ele>1103.0</ele><time>2025-11-22T01:23:38.000Z</time><extensions/></trkpt><trkpt lat="35.6358908303082" lon="139.00889514014125"><ele>1103.5999755859375</ele><time>2025-11-22T01:23:41.000Z</time><extensions/></trkpt><trkpt lat="35.635880352929235" lon="139.00883227586746"><ele>1105.0</ele><time>2025-11-22T01:23:48.000Z</time><extensions/></trkpt><trkpt lat="35.63586803153157" lon="139.00875063613057"><ele>1106.5999755859375</ele><time>2025-11-22T01:23:56.000Z</time><extensions/></trkpt><trkpt lat="35.635842299088836" lon="139.00867369025946"><ele>1107.800048828125</ele><time>2025-11-22T01:24:03.000Z</time><extensions/></trkpt><trkpt lat="35.63584204763174" lon="139.00863605551422"><ele>1108.199951171875</ele><time>2025-11-22T01:24:06.000Z</time><extensions/></trkpt><trkpt lat="35.63583953306079" lon="139.00862398557365"><ele>1108.4000244140625</ele><time>2025-11-22T01:24:07.000Z</time><extensions/></trkpt><trkpt lat="35.6358406227082" lon="139.0086119994521"><ele>1108.4000244140625</ele><time>2025-11-22T01:24:08.000Z</time><extensions/></trkpt><trkpt lat="35.635841293260455" lon="139.00859984569252"><ele>1108.4000244140625</ele><time>2025-11-22T01:24:09.000Z</time><extensions/></trkpt><trkpt lat="35.6358408741653" lon="139.0085868537426"><ele>1108.5999755859375</ele><time>2025-11-22T01:24:10.000Z</time><extensions/></trkpt><trkpt lat="35.63584581948817" lon="139.00856397114694"><ele>1108.800048828125</ele><time>2025-11-22T01:24:12.000Z</time><extensions/></trkpt><trkpt lat="35.635863337665796" lon="139.00850077159703"><ele>1109.5999755859375</ele><time>2025-11-22T01:24:18.000Z</time><extensions/></trkpt><trkpt lat="35.63588848337531" lon="139.0084298606962"><ele>1110.5999755859375</ele><time>2025-11-22T01:24:25.000Z</time><extensions/></trkpt><trkpt lat="35.63588932156563" lon="139.00841888040304"><ele>1110.800048828125</ele><time>2025-11-22T01:24:26.000Z</time><extensions/></trkpt><trkpt lat="35.635887226089835" lon="139.00840639136732"><ele>1111.0</ele><time>2025-11-22T01:24:27.000Z</time><extensions/></trkpt><trkpt lat="35.63587976619601" lon="139.0082982648164"><ele>1112.5999755859375</ele><time>2025-11-22T01:24:35.000Z</time><extensions/></trkpt><trkpt lat="35.6359286326915" lon="139.00817345827818"><ele>1113.800048828125</ele><time>2025-11-22T01:24:45.000Z</time><extensions/></trkpt><trkpt lat="35.63595444895327" lon="139.00815761648118"><ele>1114.0</ele><time>2025-11-22T01:24:48.000Z</time><extensions/></trkpt><trkpt lat="35.63597875647247" lon="139.00813884101808"><ele>1114.0</ele><time>2025-11-22T01:24:51.000Z</time><extensions/></trkpt><trkpt lat="35.63601924106479" lon="139.00808754377067"><ele>1113.199951171875</ele><time>2025-11-22T01:24:58.000Z</time><extensions/></trkpt><trkpt lat="35.63604447059333" lon="139.00802828371525"><ele>1111.199951171875</ele><time>2025-11-22T01:25:07.000Z</time><extensions/></trkpt><trkpt lat="35.636120242998004" lon="139.00799131952226"><ele>1108.800048828125</ele><time>2025-11-22T01:25:18.000Z</time><extensions/></trkpt><trkpt lat="35.63613382168114" lon="139.00798855349422"><ele>1106.800048828125</ele><time>2025-11-22T01:25:29.000Z</time><extensions/></trkpt><trkpt lat="35.636180927976966" lon="139.00796533562243"><ele>1106.199951171875</ele><time>2025-11-22T01:25:59.000Z</time><extensions/></trkpt><trkpt lat="35.63620054163039" lon="139.00792367756367"><ele>1104.199951171875</ele><time>2025-11-22T01:26:09.000Z</time><extensions/></trkpt><trkpt lat="35.6362066604197" lon="139.00792418047786"><ele>1102.800048828125</ele><time>2025-11-22T01:26:24.000Z</time><extensions/></trkpt><trkpt lat="35.636252174153924" lon="139.00793951936066"><ele>1102.800048828125</ele><time>2025-11-22T01:26:55.000Z</time><extensions/></trkpt><trkpt lat="35.63628855161369" lon="139.0078843664378"><ele>1101.4000244140625</ele><time>2025-11-22T01:27:02.000Z</time><extensions/></trkpt><trkpt lat="35.63633683137596" lon="139.00781068950891"><ele>1098.4000244140625</ele><time>2025-11-22T01:27:12.000Z</time><extensions/></trkpt><trkpt lat="35.63635493628681" lon="139.00779811665416"><ele>1097.800048828125</ele><time>2025-11-22T01:27:14.000Z</time><extensions/></trkpt><trkpt lat="35.63636189326644" lon="139.00778755545616"><ele>1097.4000244140625</ele><time>2025-11-22T01:27:15.000Z</time><extensions/></trkpt><trkpt lat="35.63636776059866" lon="139.00777397677302"><ele>1097.199951171875</ele><time>2025-11-22T01:27:16.000Z</time><extensions/></trkpt><trkpt lat="35.636371448636055" lon="139.00775972753763"><ele>1096.800048828125</ele><time>2025-11-22T01:27:17.000Z</time><extensions/></trkpt><trkpt lat="35.6363744661212" lon="139.00774598121643"><ele>1096.4000244140625</ele><time>2025-11-22T01:27:18.000Z</time><extensions/></trkpt><trkpt lat="35.63638092018664" lon="139.00773433037102"><ele>1096.199951171875</ele><time>2025-11-22T01:27:19.000Z</time><extensions/></trkpt><trkpt lat="35.63638896681368" lon="139.00772309862077"><ele>1096.0</ele><time>2025-11-22T01:27:20.000Z</time><extensions/></trkpt><trkpt lat="35.636398773640394" lon="139.00771253742278"><ele>1095.5999755859375</ele><time>2025-11-22T01:27:21.000Z</time><extensions/></trkpt><trkpt lat="35.63641084358096" lon="139.00770449079573"><ele>1095.4000244140625</ele><time>2025-11-22T01:27:22.000Z</time><extensions/></trkpt><trkpt lat="35.636424170807004" lon="139.007697282359"><ele>1094.800048828125</ele><time>2025-11-22T01:27:23.000Z</time><extensions/></trkpt><trkpt lat="35.6364365760237" lon="139.0076940972358"><ele>1094.5999755859375</ele><time>2025-11-22T01:27:24.000Z</time><extensions/></trkpt><trkpt lat="35.63645618967712" lon="139.00768663734198"><ele>1093.800048828125</ele><time>2025-11-22T01:27:26.000Z</time><extensions/></trkpt><trkpt lat="35.636526765301824" lon="139.0076583903283"><ele>1091.199951171875</ele><time>2025-11-22T01:27:33.000Z</time><extensions/></trkpt><trkpt lat="35.63659993931651" lon="139.0076301433146"><ele>1089.199951171875</ele><time>2025-11-22T01:27:39.000Z</time><extensions/></trkpt><trkpt lat="35.636737989261746" lon="139.00760038755834"><ele>1086.199951171875</ele><time>2025-11-22T01:27:48.000Z</time><extensions/></trkpt><trkpt lat="35.63685592263937" lon="139.0075471624732"><ele>1084.5999755859375</ele><time>2025-11-22T01:27:57.000Z</time><extensions/></trkpt><trkpt lat="35.63687268644571" lon="139.00752109475434"><ele>1084.199951171875</ele><time>2025-11-22T01:27:59.000Z</time><extensions/></trkpt><trkpt lat="35.63688148744404" lon="139.00751028209925"><ele>1084.0</ele><time>2025-11-22T01:28:00.000Z</time><extensions/></trkpt><trkpt lat="35.63688609749079" lon="139.00749527849257"><ele>1083.800048828125</ele><time>2025-11-22T01:28:01.000Z</time><extensions/></trkpt><trkpt lat="35.636891881003976" lon="139.0074800234288"><ele>1083.5999755859375</ele><time>2025-11-22T01:28:02.000Z</time><extensions/></trkpt><trkpt lat="35.63690043054521" lon="139.00746745057404"><ele>1083.4000244140625</ele><time>2025-11-22T01:28:03.000Z</time><extensions/></trkpt><trkpt lat="35.63690512441099" lon="139.007454123348"><ele>1083.0</ele><time>2025-11-22T01:28:04.000Z</time><extensions/></trkpt><trkpt lat="35.63690495677292" lon="139.00743886828423"><ele>1082.800048828125</ele><time>2025-11-22T01:28:05.000Z</time><extensions/></trkpt><trkpt lat="35.636908896267414" lon="139.00742369703948"><ele>1082.5999755859375</ele><time>2025-11-22T01:28:06.000Z</time><extensions/></trkpt><trkpt lat="35.63691928982735" lon="139.00741271674633"><ele>1082.199951171875</ele><time>2025-11-22T01:28:07.000Z</time><extensions/></trkpt><trkpt lat="35.63695566728711" lon="139.00738346390426"><ele>1081.5999755859375</ele><time>2025-11-22T01:28:10.000Z</time><extensions/></trkpt><trkpt lat="35.63698885962367" lon="139.0073341783136"><ele>1080.4000244140625</ele><time>2025-11-22T01:28:14.000Z</time><extensions/></trkpt><trkpt lat="35.637012999504805" lon="139.00723678059876"><ele>1078.5999755859375</ele><time>2025-11-22T01:28:20.000Z</time><extensions/></trkpt><trkpt lat="35.6370201241225" lon="139.00722387246788"><ele>1078.4000244140625</ele><time>2025-11-22T01:28:21.000Z</time><extensions/></trkpt><trkpt lat="35.63702456653118" lon="139.00721012614667"><ele>1078.199951171875</ele><time>2025-11-22T01:28:22.000Z</time><extensions/></trkpt><trkpt lat="35.637029092758894" lon="139.0071956254542"><ele>1077.800048828125</ele><time>2025-11-22T01:28:23.000Z</time><extensions/></trkpt><trkpt lat="35.6370341219008" lon="139.0071824658662"><ele>1077.5999755859375</ele><time>2025-11-22T01:28:24.000Z</time><extensions/></trkpt><trkpt lat="35.63706169836223" lon="139.00709009729326"><ele>1076.0</ele><time>2025-11-22T01:28:30.000Z</time><extensions/></trkpt><trkpt lat="35.63707075081766" lon="139.00705573149025"><ele>1075.0</ele><time>2025-11-22T01:28:33.000Z</time><extensions/></trkpt><trkpt lat="35.63706982880831" lon="139.00704282335937"><ele>1074.5999755859375</ele><time>2025-11-22T01:28:34.000Z</time><extensions/></trkpt><trkpt lat="35.63707435503602" lon="139.00703058578074"><ele>1074.199951171875</ele><time>2025-11-22T01:28:35.000Z</time><extensions/></trkpt><trkpt lat="35.63708399422467" lon="139.00702161714435"><ele>1074.0</ele><time>2025-11-22T01:28:36.000Z</time><extensions/></trkpt><trkpt lat="35.63711056485772" lon="139.00696084834635"><ele>1071.5999755859375</ele><time>2025-11-22T01:28:43.000Z</time><extensions/></trkpt><trkpt lat="35.63709815964103" lon="139.00691164657474"><ele>1070.4000244140625</ele><time>2025-11-22T01:28:47.000Z</time><extensions/></trkpt><trkpt lat="35.63709388487041" lon="139.00690183974802"><ele>1070.0</ele><time>2025-11-22T01:28:48.000Z</time><extensions/></trkpt><trkpt lat="35.6370978243649" lon="139.00688951835036"><ele>1069.5999755859375</ele><time>2025-11-22T01:28:49.000Z</time><extensions/></trkpt><trkpt lat="35.6371065415442" lon="139.0068792924285"><ele>1069.4000244140625</ele><time>2025-11-22T01:28:50.000Z</time><extensions/></trkpt><trkpt lat="35.63711131922901" lon="139.00684962049127"><ele>1068.4000244140625</ele><time>2025-11-22T01:28:53.000Z</time><extensions/></trkpt><trkpt lat="35.63710989430547" lon="139.00683838874102"><ele>1068.0</ele><time>2025-11-22T01:28:54.000Z</time><extensions/></trkpt><trkpt lat="35.63710821792483" lon="139.00682631880045"><ele>1067.5999755859375</ele><time>2025-11-22T01:28:55.000Z</time><extensions/></trkpt><trkpt lat="35.637106373906136" lon="139.00681282393634"><ele>1067.4000244140625</ele><time>2025-11-22T01:28:56.000Z</time><extensions/></trkpt><trkpt lat="35.63710226677358" lon="139.0068010892719"><ele>1067.0</ele><time>2025-11-22T01:28:57.000Z</time><extensions/></trkpt><trkpt lat="35.63709422014654" lon="139.00678725913167"><ele>1066.5999755859375</ele><time>2025-11-22T01:28:58.000Z</time><extensions/></trkpt><trkpt lat="35.637089777737856" lon="139.00677259080112"><ele>1066.199951171875</ele><time>2025-11-22T01:28:59.000Z</time><extensions/></trkpt><trkpt lat="35.63709388487041" lon="139.0067561622709"><ele>1065.800048828125</ele><time>2025-11-22T01:29:00.000Z</time><extensions/></trkpt><trkpt lat="35.63709983602166" lon="139.006743170321"><ele>1065.5999755859375</ele><time>2025-11-22T01:29:01.000Z</time><extensions/></trkpt><trkpt lat="35.63710075803101" lon="139.00672665797174"><ele>1065.199951171875</ele><time>2025-11-22T01:29:02.000Z</time><extensions/></trkpt><trkpt lat="35.63710059039295" lon="139.00669229216874"><ele>1064.0</ele><time>2025-11-22T01:29:05.000Z</time><extensions/></trkpt><trkpt lat="35.637120455503464" lon="139.00661853142083"><ele>1061.0</ele><time>2025-11-22T01:29:13.000Z</time><extensions/></trkpt><trkpt lat="35.63711836002767" lon="139.00656539015472"><ele>1058.0</ele><time>2025-11-22T01:29:22.000Z</time><extensions/></trkpt><trkpt lat="35.637159598991275" lon="139.00649523362517"><ele>1055.0</ele><time>2025-11-22T01:29:31.000Z</time><extensions/></trkpt><trkpt lat="35.6371702440083" lon="139.00648852810264"><ele>1054.5999755859375</ele><time>2025-11-22T01:29:32.000Z</time><extensions/></trkpt><trkpt lat="35.637177620083094" lon="139.00645659305155"><ele>1053.800048828125</ele><time>2025-11-22T01:29:35.000Z</time><extensions/></trkpt><trkpt lat="35.63718851655722" lon="139.00640772655606"><ele>1051.800048828125</ele><time>2025-11-22T01:29:42.000Z</time><extensions/></trkpt><trkpt lat="35.63722766004503" lon="139.006352070719"><ele>1049.5999755859375</ele><time>2025-11-22T01:29:49.000Z</time><extensions/></trkpt><trkpt lat="35.63723553903401" lon="139.006304461509"><ele>1047.800048828125</ele><time>2025-11-22T01:29:55.000Z</time><extensions/></trkpt><trkpt lat="35.63723755069077" lon="139.00629381649196"><ele>1047.4000244140625</ele><time>2025-11-22T01:29:56.000Z</time><extensions/></trkpt><trkpt lat="35.637279795482755" lon="139.006301863119"><ele>1045.4000244140625</ele><time>2025-11-22T01:30:02.000Z</time><extensions/></trkpt><trkpt lat="35.63728448934853" lon="139.00623908266425"><ele>1043.0</ele><time>2025-11-22T01:30:11.000Z</time><extensions/></trkpt><trkpt lat="35.63727761618793" lon="139.00618275627494"><ele>1041.4000244140625</ele><time>2025-11-22T01:30:17.000Z</time><extensions/></trkpt><trkpt lat="35.63727426342666" lon="139.00617194361985"><ele>1041.199951171875</ele><time>2025-11-22T01:30:18.000Z</time><extensions/></trkpt><trkpt lat="35.63729555346072" lon="139.0061480551958"><ele>1039.4000244140625</ele><time>2025-11-22T01:30:25.000Z</time><extensions/></trkpt><trkpt lat="35.63731801696122" lon="139.00612249039114"><ele>1037.4000244140625</ele><time>2025-11-22T01:30:33.000Z</time><extensions/></trkpt><trkpt lat="35.6373449228704" lon="139.00607915595174"><ele>1034.800048828125</ele><time>2025-11-22T01:30:44.000Z</time><extensions/></trkpt><trkpt lat="35.63734592869878" lon="139.00603054091334"><ele>1032.4000244140625</ele><time>2025-11-22T01:30:54.000Z</time><extensions/></trkpt><trkpt lat="35.63737878575921" lon="139.00601335801184"><ele>1030.0</ele><time>2025-11-22T01:31:06.000Z</time><extensions/></trkpt><trkpt lat="35.63740652985871" lon="139.00595954619348"><ele>1028.4000244140625</ele><time>2025-11-22T01:31:15.000Z</time><extensions/></trkpt><trkpt lat="35.637431759387255" lon="139.00590975768864"><ele>1025.800048828125</ele><time>2025-11-22T01:31:25.000Z</time><extensions/></trkpt><trkpt lat="35.637466041371226" lon="139.00585292838514"><ele>1022.800048828125</ele><time>2025-11-22T01:31:36.000Z</time><extensions/></trkpt><trkpt lat="35.63746813684702" lon="139.00581202469766"><ele>1020.199951171875</ele><time>2025-11-22T01:31:45.000Z</time><extensions/></trkpt><trkpt lat="35.63750828616321" lon="139.00575435720384"><ele>1017.4000244140625</ele><time>2025-11-22T01:31:55.000Z</time><extensions/></trkpt><trkpt lat="35.637537874281406" lon="139.00570046156645"><ele>1015.0</ele><time>2025-11-22T01:32:04.000Z</time><extensions/></trkpt><trkpt lat="35.63753427006304" lon="139.00565905496478"><ele>1013.0</ele><time>2025-11-22T01:32:12.000Z</time><extensions/></trkpt><trkpt lat="35.63753452152014" lon="139.00561588816345"><ele>1010.800048828125</ele><time>2025-11-22T01:32:21.000Z</time><extensions/></trkpt><trkpt lat="35.637563187628984" lon="139.00557992979884"><ele>1009.199951171875</ele><time>2025-11-22T01:32:28.000Z</time><extensions/></trkpt><trkpt lat="35.63756922259927" lon="139.00553734973073"><ele>1007.5999755859375</ele><time>2025-11-22T01:32:36.000Z</time><extensions/></trkpt><trkpt lat="35.637571485713124" lon="139.0054925903678"><ele>1005.800048828125</ele><time>2025-11-22T01:32:45.000Z</time><extensions/></trkpt><trkpt lat="35.637563690543175" lon="139.00545227341354"><ele>1004.199951171875</ele><time>2025-11-22T01:32:53.000Z</time><extensions/></trkpt><trkpt lat="35.637567127123475" lon="139.0054288879037"><ele>1003.800048828125</ele><time>2025-11-22T01:32:55.000Z</time><extensions/></trkpt><trkpt lat="35.63757676631212" lon="139.00542193092406"><ele>1003.5999755859375</ele><time>2025-11-22T01:32:56.000Z</time><extensions/></trkpt><trkpt lat="35.63760979101062" lon="139.00538546964526"><ele>1001.4000244140625</ele><time>2025-11-22T01:33:04.000Z</time><extensions/></trkpt><trkpt lat="35.63760953955352" lon="139.00535185821354"><ele>999.4000244140625</ele><time>2025-11-22T01:33:12.000Z</time><extensions/></trkpt><trkpt lat="35.637645246461034" lon="139.0053036622703"><ele>996.199951171875</ele><time>2025-11-22T01:33:27.000Z</time><extensions/></trkpt><trkpt lat="35.63765773549676" lon="139.00526007637382"><ele>993.800048828125</ele><time>2025-11-22T01:33:41.000Z</time><extensions/></trkpt><trkpt lat="35.63765773549676" lon="139.00526007637382"><ele>990.800048828125</ele><time>2025-11-22T01:34:01.000Z</time><extensions/></trkpt><trkpt lat="35.63765773549676" lon="139.00526007637382"><ele>987.800048828125</ele><time>2025-11-22T01:34:34.000Z</time><extensions/></trkpt><trkpt lat="35.63773644156754" lon="139.00518245995045"><ele>986.199951171875</ele><time>2025-11-22T01:34:58.000Z</time><extensions/></trkpt><trkpt lat="35.63773644156754" lon="139.00518245995045"><ele>983.0</ele><time>2025-11-22T01:35:26.000Z</time><extensions/></trkpt><trkpt lat="35.6378386169672" lon="139.0051714796573"><ele>982.0</ele><time>2025-11-22T01:35:35.000Z</time><extensions/></trkpt><trkpt lat="35.6378386169672" lon="139.0051714796573"><ele>979.0</ele><time>2025-11-22T01:36:06.000Z</time><extensions/></trkpt><trkpt lat="35.63791003078222" lon="139.00510987266898"><ele>975.800048828125</ele><time>2025-11-22T01:36:36.000Z</time><extensions/></trkpt><trkpt lat="35.63792612403631" lon="139.00508313439786"><ele>973.800048828125</ele><time>2025-11-22T01:36:52.000Z</time><extensions/></trkpt><trkpt lat="35.63791832886636" lon="139.00506142526865"><ele>972.5999755859375</ele><time>2025-11-22T01:37:02.000Z</time><extensions/></trkpt><trkpt lat="35.63796275295317" lon="139.00505664758384"><ele>970.800048828125</ele><time>2025-11-22T01:37:14.000Z</time><extensions/></trkpt><trkpt lat="35.63796074129641" lon="139.00500887073576"><ele>967.5999755859375</ele><time>2025-11-22T01:37:36.000Z</time><extensions/></trkpt><trkpt lat="35.63798136077821" lon="139.0050055179745"><ele>966.0</ele><time>2025-11-22T01:37:49.000Z</time><extensions/></trkpt><trkpt lat="35.63801899552345" lon="139.00497475638986"><ele>965.4000244140625</ele><time>2025-11-22T01:38:32.000Z</time><extensions/></trkpt><trkpt lat="35.63804028555751" lon="139.00495589710772"><ele>964.0</ele><time>2025-11-22T01:38:40.000Z</time><extensions/></trkpt><trkpt lat="35.638069454580545" lon="139.0049339365214"><ele>962.199951171875</ele><time>2025-11-22T01:38:48.000Z</time><extensions/></trkpt><trkpt lat="35.63807372935116" lon="139.00488666258752"><ele>960.0</ele><time>2025-11-22T01:38:58.000Z</time><extensions/></trkpt><trkpt lat="35.63811304047704" lon="139.00482388213277"><ele>958.199951171875</ele><time>2025-11-22T01:39:06.000Z</time><extensions/></trkpt><trkpt lat="35.63811723142862" lon="139.00481139309704"><ele>956.199951171875</ele><time>2025-11-22T01:39:13.000Z</time><extensions/></trkpt><trkpt lat="35.63817221671343" lon="139.00474249385297"><ele>954.5999755859375</ele><time>2025-11-22T01:39:51.000Z</time><extensions/></trkpt><trkpt lat="35.6382014695555" lon="139.00469756685197"><ele>953.800048828125</ele><time>2025-11-22T01:39:55.000Z</time><extensions/></trkpt><trkpt lat="35.638284953311086" lon="139.00463805533946"><ele>951.800048828125</ele><time>2025-11-22T01:40:02.000Z</time><extensions/></trkpt><trkpt lat="35.63829258084297" lon="139.00462774559855"><ele>951.4000244140625</ele><time>2025-11-22T01:40:03.000Z</time><extensions/></trkpt><trkpt lat="35.63830096274614" lon="139.00461693294346"><ele>951.0</ele><time>2025-11-22T01:40:04.000Z</time><extensions/></trkpt><trkpt lat="35.63834966160357" lon="139.0045617800206"><ele>948.800048828125</ele><time>2025-11-22T01:40:12.000Z</time><extensions/></trkpt><trkpt lat="35.638377321884036" lon="139.00449329987168"><ele>945.5999755859375</ele><time>2025-11-22T01:40:22.000Z</time><extensions/></trkpt><trkpt lat="35.638415878638625" lon="139.00446622632444"><ele>943.0</ele><time>2025-11-22T01:40:31.000Z</time><extensions/></trkpt><trkpt lat="35.63845125027001" lon="139.00442657992244"><ele>940.4000244140625</ele><time>2025-11-22T01:40:41.000Z</time><extensions/></trkpt><trkpt lat="35.63846214674413" lon="139.00438249111176"><ele>938.5999755859375</ele><time>2025-11-22T01:40:48.000Z</time><extensions/></trkpt><trkpt lat="35.63847136683762" lon="139.00432968512177"><ele>936.199951171875</ele><time>2025-11-22T01:40:58.000Z</time><extensions/></trkpt><trkpt lat="35.6385138630867" lon="139.0043104905635"><ele>934.0</ele><time>2025-11-22T01:41:06.000Z</time><extensions/></trkpt><trkpt lat="35.638560969382524" lon="139.0042755380273"><ele>931.4000244140625</ele><time>2025-11-22T01:41:15.000Z</time><extensions/></trkpt><trkpt lat="35.63861888833344" lon="139.00421678088605"><ele>928.199951171875</ele><time>2025-11-22T01:41:27.000Z</time><extensions/></trkpt><trkpt lat="35.63867345452309" lon="139.0041553415358"><ele>925.5999755859375</ele><time>2025-11-22T01:41:36.000Z</time><extensions/></trkpt><trkpt lat="35.63873237930238" lon="139.00411745533347"><ele>923.4000244140625</ele><time>2025-11-22T01:41:44.000Z</time><extensions/></trkpt><trkpt lat="35.638773618265986" lon="139.0040842629969"><ele>922.0</ele><time>2025-11-22T01:41:49.000Z</time><extensions/></trkpt><trkpt lat="35.6387834250927" lon="139.00408216752112"><ele>921.800048828125</ele><time>2025-11-22T01:41:50.000Z</time><extensions/></trkpt><trkpt lat="35.638794070109725" lon="139.00407956913114"><ele>921.5999755859375</ele><time>2025-11-22T01:41:51.000Z</time><extensions/></trkpt><trkpt lat="35.638821478933096" lon="139.00402273982763"><ele>920.0</ele><time>2025-11-22T01:41:56.000Z</time><extensions/></trkpt><trkpt lat="35.63882768154144" lon="139.00401108898222"><ele>920.0</ele><time>2025-11-22T01:41:57.000Z</time><extensions/></trkpt><trkpt lat="35.63884846866131" lon="139.00398074649274"><ele>919.0</ele><time>2025-11-22T01:42:00.000Z</time><extensions/></trkpt><trkpt lat="35.63886313699186" lon="139.00397873483598"><ele>918.800048828125</ele><time>2025-11-22T01:42:01.000Z</time><extensions/></trkpt><trkpt lat="35.63887738622725" lon="139.00398309342563"><ele>918.4000244140625</ele><time>2025-11-22T01:42:02.000Z</time><extensions/></trkpt><trkpt lat="35.6389837525785" lon="139.00400287471712"><ele>916.0</ele><time>2025-11-22T01:42:11.000Z</time><extensions/></trkpt><trkpt lat="35.63903194852173" lon="139.00398242287338"><ele>914.4000244140625</ele><time>2025-11-22T01:42:17.000Z</time><extensions/></trkpt><trkpt lat="35.639096572995186" lon="139.00398745201528"><ele>911.4000244140625</ele><time>2025-11-22T01:42:26.000Z</time><extensions/></trkpt><trkpt lat="35.63914284110069" lon="139.00396498851478"><ele>908.4000244140625</ele><time>2025-11-22T01:42:35.000Z</time><extensions/></trkpt><trkpt lat="35.63918969593942" lon="139.00396138429642"><ele>905.4000244140625</ele><time>2025-11-22T01:42:45.000Z</time><extensions/></trkpt><trkpt lat="35.63923805952072" lon="139.00392098352313"><ele>903.0</ele><time>2025-11-22T01:42:53.000Z</time><extensions/></trkpt><trkpt lat="35.63929874449968" lon="139.0039071533829"><ele>900.0</ele><time>2025-11-22T01:43:03.000Z</time><extensions/></trkpt><trkpt lat="35.63936018384993" lon="139.00388477370143"><ele>897.199951171875</ele><time>2025-11-22T01:43:12.000Z</time><extensions/></trkpt><trkpt lat="35.63942849636078" lon="139.00385426357388"><ele>894.5999755859375</ele><time>2025-11-22T01:43:21.000Z</time><extensions/></trkpt><trkpt lat="35.63944559544325" lon="139.0038379188627"><ele>894.0</ele><time>2025-11-22T01:43:23.000Z</time><extensions/></trkpt><trkpt lat="35.63945724628866" lon="139.0038339793682"><ele>893.5999755859375</ele><time>2025-11-22T01:43:24.000Z</time><extensions/></trkpt><trkpt lat="35.639468729496" lon="139.00383406318724"><ele>893.199951171875</ele><time>2025-11-22T01:43:25.000Z</time><extensions/></trkpt><trkpt lat="35.63948976807296" lon="139.00382878258824"><ele>892.5999755859375</ele><time>2025-11-22T01:43:27.000Z</time><extensions/></trkpt><trkpt lat="35.639501083642244" lon="139.00382132269442"><ele>892.199951171875</ele><time>2025-11-22T01:43:28.000Z</time><extensions/></trkpt><trkpt lat="35.6395120639354" lon="139.00381528772414"><ele>892.0</ele><time>2025-11-22T01:43:29.000Z</time><extensions/></trkpt><trkpt lat="35.639523044228554" lon="139.00381218641996"><ele>891.5999755859375</ele><time>2025-11-22T01:43:30.000Z</time><extensions/></trkpt><trkpt lat="35.63953352160752" lon="139.0038085822016"><ele>891.4000244140625</ele><time>2025-11-22T01:43:31.000Z</time><extensions/></trkpt><trkpt lat="35.63954567536712" lon="139.00380455888808"><ele>891.0</ele><time>2025-11-22T01:43:32.000Z</time><extensions/></trkpt><trkpt lat="35.639556823298335" lon="139.00379676371813"><ele>890.800048828125</ele><time>2025-11-22T01:43:33.000Z</time><extensions/></trkpt><trkpt lat="35.63956721685827" lon="139.0037908963859"><ele>890.4000244140625</ele><time>2025-11-22T01:43:34.000Z</time><extensions/></trkpt><trkpt lat="35.63957769423723" lon="139.0037863701582"><ele>890.0</ele><time>2025-11-22T01:43:35.000Z</time><extensions/></trkpt><trkpt lat="35.63959068618715" lon="139.00378167629242"><ele>889.800048828125</ele><time>2025-11-22T01:43:36.000Z</time><extensions/></trkpt><trkpt lat="35.639602756127715" lon="139.00377597659826"><ele>889.4000244140625</ele><time>2025-11-22T01:43:37.000Z</time><extensions/></trkpt><trkpt lat="35.63961273059249" lon="139.00376776233315"><ele>889.199951171875</ele><time>2025-11-22T01:43:38.000Z</time><extensions/></trkpt><trkpt lat="35.63962245360017" lon="139.00375829078257"><ele>889.0</ele><time>2025-11-22T01:43:39.000Z</time><extensions/></trkpt><trkpt lat="35.63963175751269" lon="139.00375049561262"><ele>888.5999755859375</ele><time>2025-11-22T01:43:40.000Z</time><extensions/></trkpt><trkpt lat="35.63964148052037" lon="139.00374311953783"><ele>888.4000244140625</ele><time>2025-11-22T01:43:41.000Z</time><extensions/></trkpt><trkpt lat="35.63967182300985" lon="139.00372224859893"><ele>887.5999755859375</ele><time>2025-11-22T01:43:44.000Z</time><extensions/></trkpt><trkpt lat="35.6397536303848" lon="139.00365745648742"><ele>885.5999755859375</ele><time>2025-11-22T01:43:53.000Z</time><extensions/></trkpt><trkpt lat="35.63982143998146" lon="139.0036119427532"><ele>883.800048828125</ele><time>2025-11-22T01:44:00.000Z</time><extensions/></trkpt><trkpt lat="35.63988975249231" lon="139.00355603545904"><ele>881.5999755859375</ele><time>2025-11-22T01:44:08.000Z</time><extensions/></trkpt><trkpt lat="35.63991732895374" lon="139.00353524833918"><ele>881.0</ele><time>2025-11-22T01:44:11.000Z</time><extensions/></trkpt><trkpt lat="35.639930572360754" lon="139.00353047065437"><ele>880.800048828125</ele><time>2025-11-22T01:44:12.000Z</time><extensions/></trkpt><trkpt lat="35.639944318681955" lon="139.00352971628308"><ele>880.5999755859375</ele><time>2025-11-22T01:44:13.000Z</time><extensions/></trkpt><trkpt lat="35.639957478269935" lon="139.0035310573876"><ele>880.4000244140625</ele><time>2025-11-22T01:44:14.000Z</time><extensions/></trkpt><trkpt lat="35.639970134943724" lon="139.00352912954986"><ele>880.199951171875</ele><time>2025-11-22T01:44:15.000Z</time><extensions/></trkpt><trkpt lat="35.63998178578913" lon="139.00352141819894"><ele>880.0</ele><time>2025-11-22T01:44:16.000Z</time><extensions/></trkpt><trkpt lat="35.639992179349065" lon="139.0035122819245"><ele>879.800048828125</ele><time>2025-11-22T01:44:17.000Z</time><extensions/></trkpt><trkpt lat="35.6400007288903" lon="139.0035035647452"><ele>879.5999755859375</ele><time>2025-11-22T01:44:18.000Z</time><extensions/></trkpt><trkpt lat="35.64003593288362" lon="139.00346995331347"><ele>879.199951171875</ele><time>2025-11-22T01:44:22.000Z</time><extensions/></trkpt><trkpt lat="35.64004615880549" lon="139.00346567854285"><ele>879.0</ele><time>2025-11-22T01:44:23.000Z</time><extensions/></trkpt><trkpt lat="35.64009804278612" lon="139.00339149869978"><ele>878.199951171875</ele><time>2025-11-22T01:44:32.000Z</time><extensions/></trkpt><trkpt lat="35.640135342255235" lon="139.00334539823234"><ele>877.199951171875</ele><time>2025-11-22T01:44:40.000Z</time><extensions/></trkpt><trkpt lat="35.640202816575766" lon="139.00325579568744"><ele>875.0</ele><time>2025-11-22T01:44:53.000Z</time><extensions/></trkpt><trkpt lat="35.64026408828795" lon="139.00318547151983"><ele>872.4000244140625</ele><time>2025-11-22T01:45:04.000Z</time><extensions/></trkpt><trkpt lat="35.64028428867459" lon="139.00315353646874"><ele>871.5999755859375</ele><time>2025-11-22T01:45:07.000Z</time><extensions/></trkpt><trkpt lat="35.64028864726424" lon="139.00314247235656"><ele>871.4000244140625</ele><time>2025-11-22T01:45:08.000Z</time><extensions/></trkpt><trkpt lat="35.640332233160734" lon="139.0030826255679"><ele>869.800048828125</ele><time>2025-11-22T01:45:14.000Z</time><extensions/></trkpt><trkpt lat="35.64034036360681" lon="139.0030714776367"><ele>869.4000244140625</ele><time>2025-11-22T01:45:15.000Z</time><extensions/></trkpt><trkpt lat="35.64035268500447" lon="139.00306493975222"><ele>869.199951171875</ele><time>2025-11-22T01:45:16.000Z</time><extensions/></trkpt><trkpt lat="35.64038327895105" lon="139.00304867886007"><ele>868.4000244140625</ele><time>2025-11-22T01:45:19.000Z</time><extensions/></trkpt><trkpt lat="35.6404098495841" lon="139.00302487425506"><ele>867.5999755859375</ele><time>2025-11-22T01:45:22.000Z</time><extensions/></trkpt><trkpt lat="35.640420746058226" lon="139.00302085094154"><ele>867.199951171875</ele><time>2025-11-22T01:45:23.000Z</time><extensions/></trkpt><trkpt lat="35.64047263003886" lon="139.00300106965005"><ele>865.5999755859375</ele><time>2025-11-22T01:45:29.000Z</time><extensions/></trkpt><trkpt lat="35.64047707244754" lon="139.0029879938811"><ele>865.199951171875</ele><time>2025-11-22T01:45:30.000Z</time><extensions/></trkpt><trkpt lat="35.64048335887492" lon="139.00297726504505"><ele>864.800048828125</ele><time>2025-11-22T01:45:31.000Z</time><extensions/></trkpt><trkpt lat="35.64050858840346" lon="139.0029578190297"><ele>864.0</ele><time>2025-11-22T01:45:34.000Z</time><extensions/></trkpt><trkpt lat="35.64052116125822" lon="139.00295957922935"><ele>863.5999755859375</ele><time>2025-11-22T01:45:35.000Z</time><extensions/></trkpt><trkpt lat="35.640533566474915" lon="139.00296435691416"><ele>863.4000244140625</ele><time>2025-11-22T01:45:36.000Z</time><extensions/></trkpt><trkpt lat="35.64056416042149" lon="139.00295664556324"><ele>862.4000244140625</ele><time>2025-11-22T01:45:39.000Z</time><extensions/></trkpt><trkpt lat="35.640574134886265" lon="139.00295086205006"><ele>862.199951171875</ele><time>2025-11-22T01:45:40.000Z</time><extensions/></trkpt><trkpt lat="35.64058561809361" lon="139.00294474326074"><ele>861.800048828125</ele><time>2025-11-22T01:45:41.000Z</time><extensions/></trkpt><trkpt lat="35.64062828198075" lon="139.00291062891483"><ele>860.5999755859375</ele><time>2025-11-22T01:45:46.000Z</time><extensions/></trkpt><trkpt lat="35.640639597550035" lon="139.002903169021"><ele>860.4000244140625</ele><time>2025-11-22T01:45:47.000Z</time><extensions/></trkpt><trkpt lat="35.640711933374405" lon="139.0028495248407"><ele>858.199951171875</ele><time>2025-11-22T01:45:55.000Z</time><extensions/></trkpt><trkpt lat="35.64075174741447" lon="139.00281666778028"><ele>856.800048828125</ele><time>2025-11-22T01:46:01.000Z</time><extensions/></trkpt><trkpt lat="35.640750071033835" lon="139.00274709798396"><ele>854.4000244140625</ele><time>2025-11-22T01:46:11.000Z</time><extensions/></trkpt><trkpt lat="35.64077714458108" lon="139.00271994061768"><ele>852.5999755859375</ele><time>2025-11-22T01:46:19.000Z</time><extensions/></trkpt><trkpt lat="35.64080053009093" lon="139.0026935376227"><ele>850.5999755859375</ele><time>2025-11-22T01:46:28.000Z</time><extensions/></trkpt><trkpt lat="35.64081528224051" lon="139.00266068056226"><ele>848.4000244140625</ele><time>2025-11-22T01:46:39.000Z</time><extensions/></trkpt><trkpt lat="35.6408123485744" lon="139.0025880932808"><ele>846.5999755859375</ele><time>2025-11-22T01:46:50.000Z</time><extensions/></trkpt><trkpt lat="35.640863897278905" lon="139.00254878215492"><ele>844.4000244140625</ele><time>2025-11-22T01:47:01.000Z</time><extensions/></trkpt><trkpt lat="35.64088074490428" lon="139.00249966420233"><ele>842.5999755859375</ele><time>2025-11-22T01:47:09.000Z</time><extensions/></trkpt><trkpt lat="35.64091117121279" lon="139.002456497401"><ele>840.199951171875</ele><time>2025-11-22T01:47:19.000Z</time><extensions/></trkpt><trkpt lat="35.640938160941005" lon="139.00242632254958"><ele>837.5999755859375</ele><time>2025-11-22T01:47:29.000Z</time><extensions/></trkpt><trkpt lat="35.64095852896571" lon="139.00234107859433"><ele>835.800048828125</ele><time>2025-11-22T01:47:39.000Z</time><extensions/></trkpt><trkpt lat="35.64101703464985" lon="139.00224518962204"><ele>832.5999755859375</ele><time>2025-11-22T01:47:50.000Z</time><extensions/></trkpt><trkpt lat="35.64103572629392" lon="139.00223085656762"><ele>832.0</ele><time>2025-11-22T01:47:52.000Z</time><extensions/></trkpt><trkpt lat="35.64104679040611" lon="139.00222415104508"><ele>831.800048828125</ele><time>2025-11-22T01:47:53.000Z</time><extensions/></trkpt><trkpt lat="35.641057435423136" lon="139.0022170264274"><ele>831.5999755859375</ele><time>2025-11-22T01:47:54.000Z</time><extensions/></trkpt><trkpt lat="35.64106824807823" lon="139.00220923125744"><ele>831.199951171875</ele><time>2025-11-22T01:47:55.000Z</time><extensions/></trkpt><trkpt lat="35.64107897691429" lon="139.00220034644008"><ele>831.0</ele><time>2025-11-22T01:47:56.000Z</time><extensions/></trkpt><trkpt lat="35.64108987338841" lon="139.0021908748895"><ele>830.5999755859375</ele><time>2025-11-22T01:47:57.000Z</time><extensions/></trkpt><trkpt lat="35.64110127277672" lon="139.00218148715794"><ele>830.4000244140625</ele><time>2025-11-22T01:47:58.000Z</time><extensions/></trkpt><trkpt lat="35.641112672165036" lon="139.00217176415026"><ele>830.199951171875</ele><time>2025-11-22T01:47:59.000Z</time><extensions/></trkpt><trkpt lat="35.64120814204216" lon="139.00209289044142"><ele>827.4000244140625</ele><time>2025-11-22T01:48:09.000Z</time><extensions/></trkpt><trkpt lat="35.64128232188523" lon="139.00202474556863"><ele>825.4000244140625</ele><time>2025-11-22T01:48:17.000Z</time><extensions/></trkpt><trkpt lat="35.64131408929825" lon="139.001972861588"><ele>824.199951171875</ele><time>2025-11-22T01:48:21.000Z</time><extensions/></trkpt><trkpt lat="35.64137661829591" lon="139.00189876556396"><ele>822.800048828125</ele><time>2025-11-22T01:48:29.000Z</time><extensions/></trkpt><trkpt lat="35.641410229727626" lon="139.00188468396664"><ele>822.199951171875</ele><time>2025-11-22T01:48:37.000Z</time><extensions/></trkpt><trkpt lat="35.64147678203881" lon="139.00184378027916"><ele>822.199951171875</ele><time>2025-11-22T01:48:44.000Z</time><extensions/></trkpt><trkpt lat="35.64148809760809" lon="139.00183372199535"><ele>822.800048828125</ele><time>2025-11-22T01:48:52.000Z</time><extensions/></trkpt><trkpt lat="35.641507962718606" lon="139.0018266811967"><ele>823.0</ele><time>2025-11-22T01:49:07.000Z</time><extensions/></trkpt><trkpt lat="35.64149639569223" lon="139.00183003395796"><ele>823.199951171875</ele><time>2025-11-22T01:49:15.000Z</time><extensions/></trkpt><trkpt lat="35.641575772315264" lon="139.00174462236464"><ele>822.5999755859375</ele><time>2025-11-22T01:50:36.000Z</time><extensions/></trkpt><trkpt lat="35.64158524386585" lon="139.0016694366932"><ele>820.0</ele><time>2025-11-22T01:50:44.000Z</time><extensions/></trkpt><trkpt lat="35.64159722998738" lon="139.0016210731119"><ele>821.0</ele><time>2025-11-22T01:50:53.000Z</time><extensions/></trkpt><trkpt lat="35.641564540565014" lon="139.00157656520605"><ele>819.199951171875</ele><time>2025-11-22T01:51:01.000Z</time><extensions/></trkpt><trkpt lat="35.6415584217757" lon="139.0015669260174"><ele>819.0</ele><time>2025-11-22T01:51:02.000Z</time><extensions/></trkpt><trkpt lat="35.64155255444348" lon="139.00155644863844"><ele>818.800048828125</ele><time>2025-11-22T01:51:03.000Z</time><extensions/></trkpt><trkpt lat="35.64154425635934" lon="139.00155083276331"><ele>818.5999755859375</ele><time>2025-11-22T01:51:04.000Z</time><extensions/></trkpt><trkpt lat="35.64153587445617" lon="139.0015449654311"><ele>818.4000244140625</ele><time>2025-11-22T01:51:05.000Z</time><extensions/></trkpt><trkpt lat="35.64151466824114" lon="139.00152417831123"><ele>817.5999755859375</ele><time>2025-11-22T01:51:13.000Z</time><extensions/></trkpt><trkpt lat="35.64150854945183" lon="139.00148193351924"><ele>817.5999755859375</ele><time>2025-11-22T01:51:19.000Z</time><extensions/></trkpt><trkpt lat="35.64150997437537" lon="139.00146869011223"><ele>817.5999755859375</ele><time>2025-11-22T01:51:20.000Z</time><extensions/></trkpt><trkpt lat="35.64150628633797" lon="139.00140473619103"><ele>817.199951171875</ele><time>2025-11-22T01:51:28.000Z</time><extensions/></trkpt><trkpt lat="35.641502598300576" lon="139.00136567652225"><ele>817.199951171875</ele><time>2025-11-22T01:51:31.000Z</time><extensions/></trkpt><trkpt lat="35.64150092191994" lon="139.00135042145848"><ele>817.0</ele><time>2025-11-22T01:51:32.000Z</time><extensions/></trkpt><trkpt lat="35.641524475067854" lon="139.0012082643807"><ele>816.0</ele><time>2025-11-22T01:51:45.000Z</time><extensions/></trkpt><trkpt lat="35.641567977145314" lon="139.00109494104981"><ele>812.800048828125</ele><time>2025-11-22T01:51:56.000Z</time><extensions/></trkpt><trkpt lat="35.641577783972025" lon="139.00102897547185"><ele>809.5999755859375</ele><time>2025-11-22T01:52:06.000Z</time><extensions/></trkpt><trkpt lat="35.641503939405084" lon="139.00099838152528"><ele>806.5999755859375</ele><time>2025-11-22T01:52:16.000Z</time><extensions/></trkpt><trkpt lat="35.64142934046686" lon="139.00098396465182"><ele>803.5999755859375</ele><time>2025-11-22T01:52:27.000Z</time><extensions/></trkpt><trkpt lat="35.64139723777771" lon="139.0009524486959"><ele>801.800048828125</ele><time>2025-11-22T01:52:37.000Z</time><extensions/></trkpt><trkpt lat="35.64138977788389" lon="139.00085002183914"><ele>801.199951171875</ele><time>2025-11-22T01:52:45.000Z</time><extensions/></trkpt><trkpt lat="35.641387263312936" lon="139.00082102045417"><ele>801.0</ele><time>2025-11-22T01:52:47.000Z</time><extensions/></trkpt><trkpt lat="35.641383826732635" lon="139.00080752559006"><ele>801.0</ele><time>2025-11-22T01:52:48.000Z</time><extensions/></trkpt><trkpt lat="35.64138106070459" lon="139.00079118087888"><ele>800.800048828125</ele><time>2025-11-22T01:52:49.000Z</time><extensions/></trkpt><trkpt lat="35.64137997105718" lon="139.00077491998672"><ele>800.5999755859375</ele><time>2025-11-22T01:52:50.000Z</time><extensions/></trkpt><trkpt lat="35.641380893066525" lon="139.00075807236135"><ele>800.4000244140625</ele><time>2025-11-22T01:52:51.000Z</time><extensions/></trkpt><trkpt lat="35.64138449728489" lon="139.0007420629263"><ele>800.4000244140625</ele><time>2025-11-22T01:52:52.000Z</time><extensions/></trkpt><trkpt lat="35.64139153808355" lon="139.0007285680622"><ele>800.199951171875</ele><time>2025-11-22T01:52:53.000Z</time><extensions/></trkpt><trkpt lat="35.64140008762479" lon="139.00071809068322"><ele>800.0</ele><time>2025-11-22T01:52:54.000Z</time><extensions/></trkpt><trkpt lat="35.64145205542445" lon="139.00064156390727"><ele>799.199951171875</ele><time>2025-11-22T01:53:02.000Z</time><extensions/></trkpt><trkpt lat="35.6414807215333" lon="139.0005990676582"><ele>799.4000244140625</ele><time>2025-11-22T01:53:11.000Z</time><extensions/></trkpt><trkpt lat="35.6415203679353" lon="139.00054215453565"><ele>799.4000244140625</ele><time>2025-11-22T01:53:20.000Z</time><extensions/></trkpt><trkpt lat="35.64153243787587" lon="139.00051365606487"><ele>801.0</ele><time>2025-11-22T01:53:24.000Z</time><extensions/></trkpt><trkpt lat="35.641547525301576" lon="139.00044643320143"><ele>801.199951171875</ele><time>2025-11-22T01:53:35.000Z</time><extensions/></trkpt><trkpt lat="35.64154492691159" lon="139.00040527805686"><ele>804.199951171875</ele><time>2025-11-22T01:53:43.000Z</time><extensions/></trkpt><trkpt lat="35.64160192385316" lon="139.00036253035069"><ele>805.800048828125</ele><time>2025-11-22T01:53:52.000Z</time><extensions/></trkpt><trkpt lat="35.64161407761276" lon="139.00024509988725"><ele>807.5999755859375</ele><time>2025-11-22T01:54:04.000Z</time><extensions/></trkpt><trkpt lat="35.64160427078605" lon="139.00011375546455"><ele>808.5999755859375</ele><time>2025-11-22T01:54:15.000Z</time><extensions/></trkpt><trkpt lat="35.6415996607393" lon="139.00009766221046"><ele>808.5999755859375</ele><time>2025-11-22T01:54:16.000Z</time><extensions/></trkpt><trkpt lat="35.64156227745116" lon="139.00000512599945"><ele>808.0</ele><time>2025-11-22T01:54:24.000Z</time><extensions/></trkpt><trkpt lat="35.64154827967286" lon="138.99999213404953"><ele>807.800048828125</ele><time>2025-11-22T01:54:26.000Z</time><extensions/></trkpt><trkpt lat="35.64153763465583" lon="138.99998777545989"><ele>807.5999755859375</ele><time>2025-11-22T01:54:27.000Z</time><extensions/></trkpt><trkpt lat="35.64152774401009" lon="138.99998073466122"><ele>807.4000244140625</ele><time>2025-11-22T01:54:28.000Z</time><extensions/></trkpt><trkpt lat="35.64148516394198" lon="138.99992893449962"><ele>806.0</ele><time>2025-11-22T01:54:35.000Z</time><extensions/></trkpt><trkpt lat="35.64147409982979" lon="138.99988937191665"><ele>804.800048828125</ele><time>2025-11-22T01:54:40.000Z</time><extensions/></trkpt><trkpt lat="35.64142305403948" lon="138.99981167167425"><ele>802.5999755859375</ele><time>2025-11-22T01:54:49.000Z</time><extensions/></trkpt><trkpt lat="35.641410648822784" lon="138.99973874911666"><ele>800.5999755859375</ele><time>2025-11-22T01:54:56.000Z</time><extensions/></trkpt><trkpt lat="35.64135214313865" lon="138.99965048767626"><ele>798.0</ele><time>2025-11-22T01:55:07.000Z</time><extensions/></trkpt><trkpt lat="35.641346694901586" lon="138.99964034557343"><ele>797.5999755859375</ele><time>2025-11-22T01:55:08.000Z</time><extensions/></trkpt><trkpt lat="35.64132456667721" lon="138.99961553514004"><ele>797.0</ele><time>2025-11-22T01:55:11.000Z</time><extensions/></trkpt><trkpt lat="35.641318280249834" lon="138.99960522539914"><ele>796.800048828125</ele><time>2025-11-22T01:55:12.000Z</time><extensions/></trkpt><trkpt lat="35.64131333492696" lon="138.99959357455373"><ele>796.5999755859375</ele><time>2025-11-22T01:55:13.000Z</time><extensions/></trkpt><trkpt lat="35.641306126490235" lon="138.99958494119346"><ele>796.5999755859375</ele><time>2025-11-22T01:55:14.000Z</time><extensions/></trkpt><trkpt lat="35.6412925478071" lon="138.99956876412034"><ele>796.199951171875</ele><time>2025-11-22T01:55:16.000Z</time><extensions/></trkpt><trkpt lat="35.641290955245495" lon="138.9995551854372"><ele>796.0</ele><time>2025-11-22T01:55:17.000Z</time><extensions/></trkpt><trkpt lat="35.64129305072129" lon="138.9995425287634"><ele>795.800048828125</ele><time>2025-11-22T01:55:18.000Z</time><extensions/></trkpt><trkpt lat="35.641326662153006" lon="138.99946407414973"><ele>794.5999755859375</ele><time>2025-11-22T01:55:26.000Z</time><extensions/></trkpt><trkpt lat="35.64133437350392" lon="138.99939014576375"><ele>792.800048828125</ele><time>2025-11-22T01:55:35.000Z</time><extensions/></trkpt><trkpt lat="35.64138684421778" lon="138.99933893233538"><ele>790.800048828125</ele><time>2025-11-22T01:55:44.000Z</time><extensions/></trkpt><trkpt lat="35.641411151736975" lon="138.99925536476076"><ele>788.199951171875</ele><time>2025-11-22T01:55:54.000Z</time><extensions/></trkpt><trkpt lat="35.64143839292228" lon="138.99915863759816"><ele>786.0</ele><time>2025-11-22T01:56:04.000Z</time><extensions/></trkpt><trkpt lat="35.641530929133296" lon="138.9990754891187"><ele>784.800048828125</ele><time>2025-11-22T01:56:15.000Z</time><extensions/></trkpt><trkpt lat="35.64158977009356" lon="138.99902603588998"><ele>785.4000244140625</ele><time>2025-11-22T01:56:24.000Z</time><extensions/></trkpt><trkpt lat="35.64166998490691" lon="138.99897624738514"><ele>787.199951171875</ele><time>2025-11-22T01:56:35.000Z</time><extensions/></trkpt><trkpt lat="35.64172907732427" lon="138.9988891594112"><ele>789.5999755859375</ele><time>2025-11-22T01:56:47.000Z</time><extensions/></trkpt><trkpt lat="35.641781045123935" lon="138.9988244511187"><ele>790.800048828125</ele><time>2025-11-22T01:56:55.000Z</time><extensions/></trkpt><trkpt lat="35.64178733155131" lon="138.99880165234208"><ele>791.0</ele><time>2025-11-22T01:56:57.000Z</time><extensions/></trkpt><trkpt lat="35.64176503568888" lon="138.99875446222723"><ele>790.800048828125</ele><time>2025-11-22T01:57:04.000Z</time><extensions/></trkpt><trkpt lat="35.64176503568888" lon="138.99874465540051"><ele>790.800048828125</ele><time>2025-11-22T01:57:05.000Z</time><extensions/></trkpt><trkpt lat="35.64179286360741" lon="138.9986764267087"><ele>788.800048828125</ele><time>2025-11-22T01:57:14.000Z</time><extensions/></trkpt><trkpt lat="35.64177677035332" lon="138.99861942976713"><ele>786.199951171875</ele><time>2025-11-22T01:57:24.000Z</time><extensions/></trkpt><trkpt lat="35.641811387613416" lon="138.9985627681017"><ele>784.4000244140625</ele><time>2025-11-22T01:57:32.000Z</time><extensions/></trkpt><trkpt lat="35.64179018139839" lon="138.99849839508533"><ele>782.5999755859375</ele><time>2025-11-22T01:57:40.000Z</time><extensions/></trkpt><trkpt lat="35.64181566238403" lon="138.99841063655913"><ele>780.5999755859375</ele><time>2025-11-22T01:57:49.000Z</time><extensions/></trkpt><trkpt lat="35.64183904789388" lon="138.99829354137182"><ele>777.4000244140625</ele><time>2025-11-22T01:58:01.000Z</time><extensions/></trkpt><trkpt lat="35.64181784167886" lon="138.9981946349144"><ele>774.800048828125</ele><time>2025-11-22T01:58:11.000Z</time><extensions/></trkpt><trkpt lat="35.64183603040874" lon="138.99809405207634"><ele>772.0</ele><time>2025-11-22T01:58:21.000Z</time><extensions/></trkpt><trkpt lat="35.641823038458824" lon="138.99806823581457"><ele>769.5999755859375</ele><time>2025-11-22T01:58:30.000Z</time><extensions/></trkpt><trkpt lat="35.64185472205281" lon="138.99800076149404"><ele>768.800048828125</ele><time>2025-11-22T01:58:37.000Z</time><extensions/></trkpt><trkpt lat="35.641862181946635" lon="138.9979414176196"><ele>768.0</ele><time>2025-11-22T01:58:42.000Z</time><extensions/></trkpt><trkpt lat="35.64186302013695" lon="138.99792767129838"><ele>767.800048828125</ele><time>2025-11-22T01:58:43.000Z</time><extensions/></trkpt><trkpt lat="35.64187869429588" lon="138.99786883033812"><ele>767.4000244140625</ele><time>2025-11-22T01:58:47.000Z</time><extensions/></trkpt><trkpt lat="35.641880286857486" lon="138.99783329106867"><ele>767.199951171875</ele><time>2025-11-22T01:58:50.000Z</time><extensions/></trkpt><trkpt lat="35.64187693409622" lon="138.9978203829378"><ele>767.199951171875</ele><time>2025-11-22T01:58:51.000Z</time><extensions/></trkpt><trkpt lat="35.64187701791525" lon="138.99772667326033"><ele>766.800048828125</ele><time>2025-11-22T01:59:00.000Z</time><extensions/></trkpt><trkpt lat="35.64192596822977" lon="138.9977194648236"><ele>766.5999755859375</ele><time>2025-11-22T01:59:08.000Z</time><extensions/></trkpt><trkpt lat="35.64192596822977" lon="138.9977194648236"><ele>768.199951171875</ele><time>2025-11-22T01:59:11.000Z</time><extensions/></trkpt><trkpt lat="35.64197039231658" lon="138.997704628855"><ele>769.0</ele><time>2025-11-22T01:59:22.000Z</time><extensions/></trkpt><trkpt lat="35.64197776839137" lon="138.99763246066868"><ele>771.4000244140625</ele><time>2025-11-22T01:59:34.000Z</time><extensions/></trkpt><trkpt lat="35.642006769776344" lon="138.99756557308137"><ele>773.5999755859375</ele><time>2025-11-22T01:59:45.000Z</time><extensions/></trkpt><trkpt lat="35.64204758964479" lon="138.9975389186293"><ele>775.5999755859375</ele><time>2025-11-22T01:59:55.000Z</time><extensions/></trkpt><trkpt lat="35.6420695502311" lon="138.99748787283897"><ele>778.0</ele><time>2025-11-22T02:00:07.000Z</time><extensions/></trkpt><trkpt lat="35.64209989272058" lon="138.9974247571081"><ele>781.199951171875</ele><time>2025-11-22T02:00:24.000Z</time><extensions/></trkpt><trkpt lat="35.642109364271164" lon="138.99737169966102"><ele>782.800048828125</ele><time>2025-11-22T02:00:34.000Z</time><extensions/></trkpt><trkpt lat="35.64212042838335" lon="138.99732425808907"><ele>784.4000244140625</ele><time>2025-11-22T02:00:45.000Z</time><extensions/></trkpt><trkpt lat="35.642083548009396" lon="138.9972699433565"><ele>786.0</ele><time>2025-11-22T02:00:56.000Z</time><extensions/></trkpt><trkpt lat="35.64209075644612" lon="138.99724035523832"><ele>787.800048828125</ele><time>2025-11-22T02:01:07.000Z</time><extensions/></trkpt><trkpt lat="35.642081033438444" lon="138.99717086926103"><ele>789.199951171875</ele><time>2025-11-22T02:01:15.000Z</time><extensions/></trkpt><trkpt lat="35.64209218136966" lon="138.99711152538657"><ele>791.199951171875</ele><time>2025-11-22T02:01:26.000Z</time><extensions/></trkpt><trkpt lat="35.64213082194328" lon="138.99704547598958"><ele>793.0</ele><time>2025-11-22T02:01:36.000Z</time><extensions/></trkpt><trkpt lat="35.64219946973026" lon="138.99699694477022"><ele>794.5999755859375</ele><time>2025-11-22T02:01:45.000Z</time><extensions/></trkpt><trkpt lat="35.6422801874578" lon="138.99697062559426"><ele>795.199951171875</ele><time>2025-11-22T02:01:52.000Z</time><extensions/></trkpt><trkpt lat="35.64229108393192" lon="138.996964674443"><ele>795.4000244140625</ele><time>2025-11-22T02:01:53.000Z</time><extensions/></trkpt><trkpt lat="35.64238294959068" lon="138.99692519567907"><ele>795.5999755859375</ele><time>2025-11-22T02:02:02.000Z</time><extensions/></trkpt><trkpt lat="35.642476323992014" lon="138.9968647621572"><ele>795.800048828125</ele><time>2025-11-22T02:02:11.000Z</time><extensions/></trkpt><trkpt lat="35.64257238060236" lon="138.996843053028"><ele>796.199951171875</ele><time>2025-11-22T02:02:19.000Z</time><extensions/></trkpt><trkpt lat="35.64265393652022" lon="138.99681095033884"><ele>797.4000244140625</ele><time>2025-11-22T02:02:27.000Z</time><extensions/></trkpt><trkpt lat="35.64266474917531" lon="138.9968044962734"><ele>797.5999755859375</ele><time>2025-11-22T02:02:28.000Z</time><extensions/></trkpt><trkpt lat="35.64267539419234" lon="138.99680064059794"><ele>797.800048828125</ele><time>2025-11-22T02:02:29.000Z</time><extensions/></trkpt><trkpt lat="35.642694840207696" lon="138.99680047295988"><ele>798.0</ele><time>2025-11-22T02:02:31.000Z</time><extensions/></trkpt><trkpt lat="35.64270531758666" lon="138.99680466391146"><ele>798.199951171875</ele><time>2025-11-22T02:02:32.000Z</time><extensions/></trkpt><trkpt lat="35.64272593706846" lon="138.99680307134986"><ele>798.5999755859375</ele><time>2025-11-22T02:02:34.000Z</time><extensions/></trkpt><trkpt lat="35.64275376498699" lon="138.99679619818926"><ele>799.199951171875</ele><time>2025-11-22T02:02:37.000Z</time><extensions/></trkpt><trkpt lat="35.64278678968549" lon="138.99679804220796"><ele>799.5999755859375</ele><time>2025-11-22T02:02:40.000Z</time><extensions/></trkpt><trkpt lat="35.642809169366956" lon="138.9967973716557"><ele>800.0</ele><time>2025-11-22T02:02:42.000Z</time><extensions/></trkpt><trkpt lat="35.642900029197335" lon="138.99675118736923"><ele>801.0</ele><time>2025-11-22T02:02:51.000Z</time><extensions/></trkpt><trkpt lat="35.642996253445745" lon="138.99667717516422"><ele>800.800048828125</ele><time>2025-11-22T02:03:01.000Z</time><extensions/></trkpt><trkpt lat="35.64309432171285" lon="138.99659821763635"><ele>800.4000244140625</ele><time>2025-11-22T02:03:11.000Z</time><extensions/></trkpt><trkpt lat="35.64311519265175" lon="138.9965848904103"><ele>800.4000244140625</ele><time>2025-11-22T02:03:13.000Z</time><extensions/></trkpt><trkpt lat="35.64312659204006" lon="138.99657843634486"><ele>800.4000244140625</ele><time>2025-11-22T02:03:14.000Z</time><extensions/></trkpt><trkpt lat="35.643226923421025" lon="138.99649193510413"><ele>799.800048828125</ele><time>2025-11-22T02:03:24.000Z</time><extensions/></trkpt><trkpt lat="35.643247459083796" lon="138.9964817930013"><ele>799.5999755859375</ele><time>2025-11-22T02:03:26.000Z</time><extensions/></trkpt><trkpt lat="35.64325927756727" lon="138.9964746683836"><ele>799.5999755859375</ele><time>2025-11-22T02:03:27.000Z</time><extensions/></trkpt><trkpt lat="35.64327059313655" lon="138.9964654482901"><ele>799.5999755859375</ele><time>2025-11-22T02:03:28.000Z</time><extensions/></trkpt><trkpt lat="35.64334284514189" lon="138.9963980577886"><ele>799.800048828125</ele><time>2025-11-22T02:03:36.000Z</time><extensions/></trkpt><trkpt lat="35.643358351662755" lon="138.99637995287776"><ele>799.800048828125</ele><time>2025-11-22T02:03:38.000Z</time><extensions/></trkpt><trkpt lat="35.643368158489466" lon="138.99637182243168"><ele>800.0</ele><time>2025-11-22T02:03:39.000Z</time><extensions/></trkpt><trkpt lat="35.64337871968746" lon="138.9963652845472"><ele>800.0</ele><time>2025-11-22T02:03:40.000Z</time><extensions/></trkpt><trkpt lat="35.64338835887611" lon="138.99635564535856"><ele>800.0</ele><time>2025-11-22T02:03:41.000Z</time><extensions/></trkpt><trkpt lat="35.64339975826442" lon="138.99634659290314"><ele>800.0</ele><time>2025-11-22T02:03:42.000Z</time><extensions/></trkpt><trkpt lat="35.64347896724939" lon="138.99626017548144"><ele>799.5999755859375</ele><time>2025-11-22T02:03:51.000Z</time><extensions/></trkpt><trkpt lat="35.64351609908044" lon="138.99618088267744"><ele>799.4000244140625</ele><time>2025-11-22T02:03:58.000Z</time><extensions/></trkpt><trkpt lat="35.64355046488345" lon="138.99607493542135"><ele>799.199951171875</ele><time>2025-11-22T02:04:06.000Z</time><extensions/></trkpt><trkpt lat="35.643574353307486" lon="138.99594367481768"><ele>799.4000244140625</ele><time>2025-11-22T02:04:15.000Z</time><extensions/></trkpt><trkpt lat="35.643615424633026" lon="138.99583286605775"><ele>798.800048828125</ele><time>2025-11-22T02:04:24.000Z</time><extensions/></trkpt><trkpt lat="35.643643168732524" lon="138.99576907977462"><ele>798.4000244140625</ele><time>2025-11-22T02:04:30.000Z</time><extensions/></trkpt><trkpt lat="35.64366638660431" lon="138.99572105146945"><ele>797.5999755859375</ele><time>2025-11-22T02:04:35.000Z</time><extensions/></trkpt><trkpt lat="35.64367133192718" lon="138.99570864625275"><ele>797.4000244140625</ele><time>2025-11-22T02:04:36.000Z</time><extensions/></trkpt><trkpt lat="35.64376126974821" lon="138.99561795406044"><ele>797.199951171875</ele><time>2025-11-22T02:04:46.000Z</time><extensions/></trkpt><trkpt lat="35.6438016705215" lon="138.99554922245443"><ele>794.5999755859375</ele><time>2025-11-22T02:04:55.000Z</time><extensions/></trkpt><trkpt lat="35.64384684897959" lon="138.99552835151553"><ele>793.0</ele><time>2025-11-22T02:05:07.000Z</time><extensions/></trkpt><trkpt lat="35.64392345957458" lon="138.99545668624341"><ele>792.4000244140625</ele><time>2025-11-22T02:05:17.000Z</time><extensions/></trkpt><trkpt lat="35.64396645873785" lon="138.9954093284905"><ele>790.0</ele><time>2025-11-22T02:05:30.000Z</time><extensions/></trkpt><trkpt lat="35.64398255199194" lon="138.99529499933124"><ele>789.4000244140625</ele><time>2025-11-22T02:05:42.000Z</time><extensions/></trkpt><trkpt lat="35.643977019935846" lon="138.99526985362172"><ele>789.0</ele><time>2025-11-22T02:05:44.000Z</time><extensions/></trkpt><trkpt lat="35.64397375099361" lon="138.99525795131922"><ele>788.800048828125</ele><time>2025-11-22T02:05:45.000Z</time><extensions/></trkpt><trkpt lat="35.64395874738693" lon="138.99511973373592"><ele>787.199951171875</ele><time>2025-11-22T02:05:54.000Z</time><extensions/></trkpt><trkpt lat="35.64397366717458" lon="138.9949898980558"><ele>785.800048828125</ele><time>2025-11-22T02:06:02.000Z</time><extensions/></trkpt><trkpt lat="35.6439792830497" lon="138.9949460607022"><ele>785.4000244140625</ele><time>2025-11-22T02:06:05.000Z</time><extensions/></trkpt><trkpt lat="35.6439517904073" lon="138.9948225952685"><ele>784.5999755859375</ele><time>2025-11-22T02:06:14.000Z</time><extensions/></trkpt><trkpt lat="35.643946174532175" lon="138.99476618506014"><ele>784.199951171875</ele><time>2025-11-22T02:06:18.000Z</time><extensions/></trkpt><trkpt lat="35.643946677446365" lon="138.9947496727109"><ele>784.0</ele><time>2025-11-22T02:06:24.000Z</time><extensions/></trkpt><trkpt lat="35.64394793473184" lon="138.99473693221807"><ele>784.0</ele><time>2025-11-22T02:06:25.000Z</time><extensions/></trkpt><trkpt lat="35.64394977875054" lon="138.99472259916365"><ele>784.0</ele><time>2025-11-22T02:06:26.000Z</time><extensions/></trkpt><trkpt lat="35.643950616940856" lon="138.99470717646182"><ele>784.0</ele><time>2025-11-22T02:06:27.000Z</time><extensions/></trkpt><trkpt lat="35.643960842862725" lon="138.99460692889988"><ele>783.5999755859375</ele><time>2025-11-22T02:06:34.000Z</time><extensions/></trkpt><trkpt lat="35.64396503381431" lon="138.99459175765514"><ele>783.5999755859375</ele><time>2025-11-22T02:06:35.000Z</time><extensions/></trkpt><trkpt lat="35.643965285271406" lon="138.99457616731524"><ele>783.4000244140625</ele><time>2025-11-22T02:06:36.000Z</time><extensions/></trkpt><trkpt lat="35.64396637491882" lon="138.99455923587084"><ele>783.4000244140625</ele><time>2025-11-22T02:06:37.000Z</time><extensions/></trkpt><trkpt lat="35.64397123642266" lon="138.99454364553094"><ele>783.4000244140625</ele><time>2025-11-22T02:06:38.000Z</time><extensions/></trkpt><trkpt lat="35.64397718757391" lon="138.99453065358102"><ele>783.199951171875</ele><time>2025-11-22T02:06:39.000Z</time><extensions/></trkpt><trkpt lat="35.64398313872516" lon="138.9945176616311"><ele>783.199951171875</ele><time>2025-11-22T02:06:40.000Z</time><extensions/></trkpt><trkpt lat="35.64398934133351" lon="138.9945025742054"><ele>783.199951171875</ele><time>2025-11-22T02:06:41.000Z</time><extensions/></trkpt><trkpt lat="35.64403912983835" lon="138.99435915984213"><ele>782.0</ele><time>2025-11-22T02:06:50.000Z</time><extensions/></trkpt><trkpt lat="35.644075674936175" lon="138.99427098222077"><ele>781.5999755859375</ele><time>2025-11-22T02:06:58.000Z</time><extensions/></trkpt><trkpt lat="35.64410417340696" lon="138.99420266970992"><ele>782.0</ele><time>2025-11-22T02:07:04.000Z</time><extensions/></trkpt><trkpt lat="35.644111884757876" lon="138.9941904321313"><ele>782.0</ele><time>2025-11-22T02:07:05.000Z</time><extensions/></trkpt><trkpt lat="35.644119177013636" lon="138.99417903274298"><ele>782.0</ele><time>2025-11-22T02:07:06.000Z</time><extensions/></trkpt><trkpt lat="35.644170977175236" lon="138.99410108104348"><ele>782.800048828125</ele><time>2025-11-22T02:07:14.000Z</time><extensions/></trkpt><trkpt lat="35.64417525194585" lon="138.99408783763647"><ele>782.800048828125</ele><time>2025-11-22T02:07:15.000Z</time><extensions/></trkpt><trkpt lat="35.64421749673784" lon="138.9940049406141"><ele>783.4000244140625</ele><time>2025-11-22T02:07:23.000Z</time><extensions/></trkpt><trkpt lat="35.644244235008955" lon="138.9939229656011"><ele>784.199951171875</ele><time>2025-11-22T02:07:31.000Z</time><extensions/></trkpt><trkpt lat="35.64427901990712" lon="138.99387292563915"><ele>784.5999755859375</ele><time>2025-11-22T02:07:36.000Z</time><extensions/></trkpt><trkpt lat="35.64434666186571" lon="138.9937844965607"><ele>785.800048828125</ele><time>2025-11-22T02:07:46.000Z</time><extensions/></trkpt><trkpt lat="35.64439116977155" lon="138.9937078859657"><ele>786.800048828125</ele><time>2025-11-22T02:07:54.000Z</time><extensions/></trkpt><trkpt lat="35.6444420479238" lon="138.9936375617981"><ele>788.4000244140625</ele><time>2025-11-22T02:08:05.000Z</time><extensions/></trkpt><trkpt lat="35.64446182921529" lon="138.9935746975243"><ele>790.4000244140625</ele><time>2025-11-22T02:08:16.000Z</time><extensions/></trkpt><trkpt lat="35.64449267461896" lon="138.99350998923182"><ele>792.4000244140625</ele><time>2025-11-22T02:08:27.000Z</time><extensions/></trkpt><trkpt lat="35.644516898319125" lon="138.9934097416699"><ele>794.800048828125</ele><time>2025-11-22T02:08:39.000Z</time><extensions/></trkpt><trkpt lat="35.64454388804734" lon="138.99331578053534"><ele>796.800048828125</ele><time>2025-11-22T02:08:50.000Z</time><extensions/></trkpt><trkpt lat="35.64453969709575" lon="138.99330362677574"><ele>797.0</ele><time>2025-11-22T02:08:51.000Z</time><extensions/></trkpt><trkpt lat="35.64453626051545" lon="138.9932916406542"><ele>797.199951171875</ele><time>2025-11-22T02:08:52.000Z</time><extensions/></trkpt><trkpt lat="35.64454254694283" lon="138.99319206364453"><ele>798.199951171875</ele><time>2025-11-22T02:09:01.000Z</time><extensions/></trkpt><trkpt lat="35.644570626318455" lon="138.9931222423911"><ele>799.0</ele><time>2025-11-22T02:09:08.000Z</time><extensions/></trkpt><trkpt lat="35.64460222609341" lon="138.99304546415806"><ele>800.0</ele><time>2025-11-22T02:09:16.000Z</time><extensions/></trkpt><trkpt lat="35.64464455470443" lon="138.992931637913"><ele>801.5999755859375</ele><time>2025-11-22T02:09:27.000Z</time><extensions/></trkpt><trkpt lat="35.64464849419892" lon="138.99287506006658"><ele>802.4000244140625</ele><time>2025-11-22T02:09:32.000Z</time><extensions/></trkpt><trkpt lat="35.6446719635278" lon="138.9927128702402"><ele>803.199951171875</ele><time>2025-11-22T02:09:45.000Z</time><extensions/></trkpt><trkpt lat="35.64468177035451" lon="138.9926457311958"><ele>803.0</ele><time>2025-11-22T02:09:50.000Z</time><extensions/></trkpt><trkpt lat="35.64467933960259" lon="138.99263156577945"><ele>802.800048828125</ele><time>2025-11-22T02:09:51.000Z</time><extensions/></trkpt><trkpt lat="35.644675232470036" lon="138.99261907674372"><ele>802.800048828125</ele><time>2025-11-22T02:09:52.000Z</time><extensions/></trkpt><trkpt lat="35.64467338845134" lon="138.99260558187962"><ele>802.800048828125</ele><time>2025-11-22T02:09:53.000Z</time><extensions/></trkpt><trkpt lat="35.64467506483197" lon="138.9925909973681"><ele>802.800048828125</ele><time>2025-11-22T02:09:54.000Z</time><extensions/></trkpt><trkpt lat="35.64467598684132" lon="138.99257708340883"><ele>802.800048828125</ele><time>2025-11-22T02:09:55.000Z</time><extensions/></trkpt><trkpt lat="35.64467598684132" lon="138.99256316944957"><ele>802.5999755859375</ele><time>2025-11-22T02:09:56.000Z</time><extensions/></trkpt><trkpt lat="35.64467925578356" lon="138.99247717112303"><ele>802.4000244140625</ele><time>2025-11-22T02:10:01.000Z</time><extensions/></trkpt><trkpt lat="35.64469903707504" lon="138.9923391211778"><ele>801.4000244140625</ele><time>2025-11-22T02:10:11.000Z</time><extensions/></trkpt><trkpt lat="35.64468897879124" lon="138.9922537934035"><ele>800.199951171875</ele><time>2025-11-22T02:10:19.000Z</time><extensions/></trkpt><trkpt lat="35.64470557495952" lon="138.99217491969466"><ele>799.0</ele><time>2025-11-22T02:10:26.000Z</time><extensions/></trkpt><trkpt lat="35.64471269957721" lon="138.99210836738348"><ele>797.4000244140625</ele><time>2025-11-22T02:10:33.000Z</time><extensions/></trkpt><trkpt lat="35.64473985694349" lon="138.99199864827096"><ele>794.5999755859375</ele><time>2025-11-22T02:10:45.000Z</time><extensions/></trkpt><trkpt lat="35.64475117251277" lon="138.99191583506763"><ele>792.4000244140625</ele><time>2025-11-22T02:10:55.000Z</time><extensions/></trkpt><trkpt lat="35.64474547281861" lon="138.9918148331344"><ele>790.0</ele><time>2025-11-22T02:11:05.000Z</time><extensions/></trkpt><trkpt lat="35.64476232044399" lon="138.99176546372473"><ele>789.199951171875</ele><time>2025-11-22T02:11:09.000Z</time><extensions/></trkpt><trkpt lat="35.64476969651878" lon="138.9917534776032"><ele>789.0</ele><time>2025-11-22T02:11:10.000Z</time><extensions/></trkpt><trkpt lat="35.64477765932679" lon="138.99174258112907"><ele>788.5999755859375</ele><time>2025-11-22T02:11:11.000Z</time><extensions/></trkpt><trkpt lat="35.644795345142484" lon="138.9916810579598"><ele>787.800048828125</ele><time>2025-11-22T02:11:16.000Z</time><extensions/></trkpt><trkpt lat="35.644795848056674" lon="138.9916675630957"><ele>787.5999755859375</ele><time>2025-11-22T02:11:17.000Z</time><extensions/></trkpt><trkpt lat="35.644803727045655" lon="138.99155222810805"><ele>786.4000244140625</ele><time>2025-11-22T02:11:25.000Z</time><extensions/></trkpt><trkpt lat="35.64481764100492" lon="138.99149942211807"><ele>785.800048828125</ele><time>2025-11-22T02:11:29.000Z</time><extensions/></trkpt><trkpt lat="35.64483633264899" lon="138.99145474657416"><ele>785.199951171875</ele><time>2025-11-22T02:11:33.000Z</time><extensions/></trkpt><trkpt lat="35.644848234951496" lon="138.99134377017617"><ele>783.800048828125</ele><time>2025-11-22T02:11:41.000Z</time><extensions/></trkpt><trkpt lat="35.6448841933161" lon="138.9912537485361"><ele>782.5999755859375</ele><time>2025-11-22T02:11:48.000Z</time><extensions/></trkpt><trkpt lat="35.644892659038305" lon="138.99124243296683"><ele>782.5999755859375</ele><time>2025-11-22T02:11:49.000Z</time><extensions/></trkpt><trkpt lat="35.644901460036635" lon="138.99121762253344"><ele>782.199951171875</ele><time>2025-11-22T02:11:51.000Z</time><extensions/></trkpt><trkpt lat="35.644901460036635" lon="138.99120488204062"><ele>782.199951171875</ele><time>2025-11-22T02:11:52.000Z</time><extensions/></trkpt><trkpt lat="35.64490967430174" lon="138.99105962365866"><ele>781.5999755859375</ele><time>2025-11-22T02:12:02.000Z</time><extensions/></trkpt><trkpt lat="35.64492844976485" lon="138.99095602333546"><ele>781.4000244140625</ele><time>2025-11-22T02:12:10.000Z</time><extensions/></trkpt><trkpt lat="35.64495979808271" lon="138.99088854901493"><ele>781.800048828125</ele><time>2025-11-22T02:12:17.000Z</time><extensions/></trkpt><trkpt lat="35.644990894943476" lon="138.99081914685667"><ele>782.4000244140625</ele><time>2025-11-22T02:12:24.000Z</time><extensions/></trkpt><trkpt lat="35.64502635039389" lon="138.9907465595752"><ele>783.199951171875</ele><time>2025-11-22T02:12:32.000Z</time><extensions/></trkpt><trkpt lat="35.64506105147302" lon="138.9906612318009"><ele>784.4000244140625</ele><time>2025-11-22T02:12:41.000Z</time><extensions/></trkpt><trkpt lat="35.645093489438295" lon="138.9905448909849"><ele>785.800048828125</ele><time>2025-11-22T02:12:53.000Z</time><extensions/></trkpt><trkpt lat="35.64514545723796" lon="138.99046182632446"><ele>787.0</ele><time>2025-11-22T02:13:03.000Z</time><extensions/></trkpt><trkpt lat="35.64519532956183" lon="138.99039896205068"><ele>788.5999755859375</ele><time>2025-11-22T02:13:13.000Z</time><extensions/></trkpt><trkpt lat="35.64522709697485" lon="138.99033467285335"><ele>790.199951171875</ele><time>2025-11-22T02:13:22.000Z</time><extensions/></trkpt><trkpt lat="35.645271269604564" lon="138.9902634266764"><ele>792.199951171875</ele><time>2025-11-22T02:13:34.000Z</time><extensions/></trkpt><trkpt lat="35.6452985946089" lon="138.9902214333415"><ele>793.800048828125</ele><time>2025-11-22T02:13:43.000Z</time><extensions/></trkpt><trkpt lat="35.64532566815615" lon="138.9901722315699"><ele>795.5999755859375</ele><time>2025-11-22T02:13:53.000Z</time><extensions/></trkpt><trkpt lat="35.6453575193882" lon="138.990140799433"><ele>796.800048828125</ele><time>2025-11-22T02:14:02.000Z</time><extensions/></trkpt><trkpt lat="35.645393980666995" lon="138.99011473171413"><ele>798.199951171875</ele><time>2025-11-22T02:14:11.000Z</time><extensions/></trkpt><trkpt lat="35.64542507752776" lon="138.99010375142097"><ele>800.199951171875</ele><time>2025-11-22T02:14:20.000Z</time><extensions/></trkpt><trkpt lat="35.645436057820916" lon="138.99005907587707"><ele>801.4000244140625</ele><time>2025-11-22T02:14:28.000Z</time><extensions/></trkpt><trkpt lat="35.64543915912509" lon="138.9900533761829"><ele>804.5999755859375</ele><time>2025-11-22T02:14:44.000Z</time><extensions/></trkpt><trkpt lat="35.64551937393844" lon="138.98998078890145"><ele>807.0</ele><time>2025-11-22T02:14:58.000Z</time><extensions/></trkpt><trkpt lat="35.64555466175079" lon="138.98994265124202"><ele>809.5999755859375</ele><time>2025-11-22T02:15:12.000Z</time><extensions/></trkpt><trkpt lat="35.645606964826584" lon="138.98989772424102"><ele>812.5999755859375</ele><time>2025-11-22T02:15:30.000Z</time><extensions/></trkpt><trkpt lat="35.64563428983092" lon="138.9898620173335"><ele>813.199951171875</ele><time>2025-11-22T02:15:52.000Z</time><extensions/></trkpt><trkpt lat="35.64565507695079" lon="138.98985397070646"><ele>814.199951171875</ele><time>2025-11-22T02:16:06.000Z</time><extensions/></trkpt><trkpt lat="35.645690029487014" lon="138.98983209393919"><ele>815.199951171875</ele><time>2025-11-22T02:16:16.000Z</time><extensions/></trkpt><trkpt lat="35.64571131952107" lon="138.98981876671314"><ele>817.4000244140625</ele><time>2025-11-22T02:16:26.000Z</time><extensions/></trkpt><trkpt lat="35.64574518240988" lon="138.9897909387946"><ele>819.5999755859375</ele><time>2025-11-22T02:16:39.000Z</time><extensions/></trkpt><trkpt lat="35.64577552489936" lon="138.98971826769412"><ele>822.5999755859375</ele><time>2025-11-22T02:16:52.000Z</time><extensions/></trkpt><trkpt lat="35.64579245634377" lon="138.98969806730747"><ele>824.5999755859375</ele><time>2025-11-22T02:17:01.000Z</time><extensions/></trkpt><trkpt lat="35.64579547382891" lon="138.98965079337358"><ele>826.199951171875</ele><time>2025-11-22T02:17:09.000Z</time><extensions/></trkpt><trkpt lat="35.64580519683659" lon="138.98961575701833"><ele>827.5999755859375</ele><time>2025-11-22T02:17:18.000Z</time><extensions/></trkpt><trkpt lat="35.645840065553784" lon="138.98956395685673"><ele>829.5999755859375</ele><time>2025-11-22T02:17:28.000Z</time><extensions/></trkpt><trkpt lat="35.64586814492941" lon="138.989498578012"><ele>831.4000244140625</ele><time>2025-11-22T02:17:39.000Z</time><extensions/></trkpt><trkpt lat="35.64590628258884" lon="138.98943688720465"><ele>833.199951171875</ele><time>2025-11-22T02:17:50.000Z</time><extensions/></trkpt><trkpt lat="35.64589848741889" lon="138.98936874233186"><ele>834.4000244140625</ele><time>2025-11-22T02:17:59.000Z</time><extensions/></trkpt><trkpt lat="35.64590351656079" lon="138.989321552217"><ele>834.800048828125</ele><time>2025-11-22T02:18:05.000Z</time><extensions/></trkpt><trkpt lat="35.6459064502269" lon="138.9892514795065"><ele>835.4000244140625</ele><time>2025-11-22T02:18:12.000Z</time><extensions/></trkpt><trkpt lat="35.64589588902891" lon="138.98911217227578"><ele>836.199951171875</ele><time>2025-11-22T02:18:26.000Z</time><extensions/></trkpt><trkpt lat="35.64586579799652" lon="138.98908493109047"><ele>836.199951171875</ele><time>2025-11-22T02:18:30.000Z</time><extensions/></trkpt><trkpt lat="35.64585783518851" lon="138.98907721973956"><ele>836.4000244140625</ele><time>2025-11-22T02:18:31.000Z</time><extensions/></trkpt><trkpt lat="35.64582464285195" lon="138.9890453685075"><ele>836.4000244140625</ele><time>2025-11-22T02:18:35.000Z</time><extensions/></trkpt><trkpt lat="35.64581751823425" lon="138.98903522640467"><ele>836.4000244140625</ele><time>2025-11-22T02:18:36.000Z</time><extensions/></trkpt><trkpt lat="35.64581005834043" lon="138.98902692832053"><ele>836.4000244140625</ele><time>2025-11-22T02:18:37.000Z</time><extensions/></trkpt><trkpt lat="35.645784325897694" lon="138.98898895829916"><ele>836.4000244140625</ele><time>2025-11-22T02:18:41.000Z</time><extensions/></trkpt><trkpt lat="35.64577829092741" lon="138.98897621780634"><ele>836.4000244140625</ele><time>2025-11-22T02:18:42.000Z</time><extensions/></trkpt><trkpt lat="35.645770160481334" lon="138.98896506987512"><ele>836.4000244140625</ele><time>2025-11-22T02:18:43.000Z</time><extensions/></trkpt><trkpt lat="35.64576328732073" lon="138.9889530837536"><ele>836.4000244140625</ele><time>2025-11-22T02:18:44.000Z</time><extensions/></trkpt><trkpt lat="35.64575733616948" lon="138.98894134908915"><ele>836.4000244140625</ele><time>2025-11-22T02:18:45.000Z</time><extensions/></trkpt><trkpt lat="35.645751636475325" lon="138.9889282733202"><ele>836.5999755859375</ele><time>2025-11-22T02:18:46.000Z</time><extensions/></trkpt><trkpt lat="35.64570142887533" lon="138.98878737352788"><ele>836.5999755859375</ele><time>2025-11-22T02:18:56.000Z</time><extensions/></trkpt><trkpt lat="35.64566932618618" lon="138.98868603631854"><ele>836.5999755859375</ele><time>2025-11-22T02:19:04.000Z</time><extensions/></trkpt><trkpt lat="35.64562289044261" lon="138.9885741379112"><ele>836.4000244140625</ele><time>2025-11-22T02:19:13.000Z</time><extensions/></trkpt><trkpt lat="35.64562255516648" lon="138.9885606430471"><ele>836.4000244140625</ele><time>2025-11-22T02:19:14.000Z</time><extensions/></trkpt><trkpt lat="35.64561962150037" lon="138.9885463938117"><ele>836.4000244140625</ele><time>2025-11-22T02:19:15.000Z</time><extensions/></trkpt><trkpt lat="35.64558919519186" lon="138.98842385038733"><ele>835.5999755859375</ele><time>2025-11-22T02:19:24.000Z</time><extensions/></trkpt><trkpt lat="35.645553236827254" lon="138.9883286319673"><ele>834.5999755859375</ele><time>2025-11-22T02:19:32.000Z</time><extensions/></trkpt><trkpt lat="35.645539155229926" lon="138.9882903266698"><ele>834.4000244140625</ele><time>2025-11-22T02:19:35.000Z</time><extensions/></trkpt><trkpt lat="35.64553345553577" lon="138.9882778376341"><ele>834.199951171875</ele><time>2025-11-22T02:19:36.000Z</time><extensions/></trkpt><trkpt lat="35.64548282884061" lon="138.98815479129553"><ele>833.800048828125</ele><time>2025-11-22T02:19:45.000Z</time><extensions/></trkpt><trkpt lat="35.6454505585134" lon="138.98806585930288"><ele>834.0</ele><time>2025-11-22T02:19:53.000Z</time><extensions/></trkpt><trkpt lat="35.645444858819246" lon="138.98805303499103"><ele>834.199951171875</ele><time>2025-11-22T02:19:54.000Z</time><extensions/></trkpt><trkpt lat="35.64543915912509" lon="138.9880402944982"><ele>834.199951171875</ele><time>2025-11-22T02:19:55.000Z</time><extensions/></trkpt><trkpt lat="35.64543195068836" lon="138.98802855983377"><ele>834.199951171875</ele><time>2025-11-22T02:19:56.000Z</time><extensions/></trkpt><trkpt lat="35.645423317328095" lon="138.98802319541574"><ele>834.4000244140625</ele><time>2025-11-22T02:19:57.000Z</time><extensions/></trkpt><trkpt lat="35.645413091406226" lon="138.98801933974028"><ele>834.5999755859375</ele><time>2025-11-22T02:19:58.000Z</time><extensions/></trkpt><trkpt lat="35.64534134231508" lon="138.98796636611223"><ele>835.199951171875</ele><time>2025-11-22T02:20:06.000Z</time><extensions/></trkpt><trkpt lat="35.64526531845331" lon="138.98791372776031"><ele>835.0</ele><time>2025-11-22T02:20:14.000Z</time><extensions/></trkpt><trkpt lat="35.64516548998654" lon="138.98782496340573"><ele>833.800048828125</ele><time>2025-11-22T02:20:25.000Z</time><extensions/></trkpt><trkpt lat="35.64509122632444" lon="138.98775019682944"><ele>832.5999755859375</ele><time>2025-11-22T02:20:33.000Z</time><extensions/></trkpt><trkpt lat="35.645022075623274" lon="138.98770241998136"><ele>832.0</ele><time>2025-11-22T02:20:41.000Z</time><extensions/></trkpt><trkpt lat="35.64499533735216" lon="138.9876848179847"><ele>831.800048828125</ele><time>2025-11-22T02:20:44.000Z</time><extensions/></trkpt><trkpt lat="35.644916128367186" lon="138.98763217963278"><ele>831.5999755859375</ele><time>2025-11-22T02:20:52.000Z</time><extensions/></trkpt><trkpt lat="35.64490959048271" lon="138.98761994205415"><ele>831.4000244140625</ele><time>2025-11-22T02:20:53.000Z</time><extensions/></trkpt><trkpt lat="35.644902382045984" lon="138.98760644719005"><ele>831.4000244140625</ele><time>2025-11-22T02:20:54.000Z</time><extensions/></trkpt><trkpt lat="35.64489332959056" lon="138.9875938743353"><ele>831.4000244140625</ele><time>2025-11-22T02:20:55.000Z</time><extensions/></trkpt><trkpt lat="35.6448841933161" lon="138.98758272640407"><ele>831.199951171875</ele><time>2025-11-22T02:20:56.000Z</time><extensions/></trkpt><trkpt lat="35.644875979050994" lon="138.98757208138704"><ele>831.199951171875</ele><time>2025-11-22T02:20:57.000Z</time><extensions/></trkpt><trkpt lat="35.64486709423363" lon="138.9875605981797"><ele>831.0</ele><time>2025-11-22T02:20:58.000Z</time><extensions/></trkpt><trkpt lat="35.6448220834136" lon="138.9874961413443"><ele>830.5999755859375</ele><time>2025-11-22T02:21:04.000Z</time><extensions/></trkpt><trkpt lat="35.64478847198188" lon="138.9874258171767"><ele>830.4000244140625</ele><time>2025-11-22T02:21:09.000Z</time><extensions/></trkpt><trkpt lat="35.64478185027838" lon="138.98741533979774"><ele>830.4000244140625</ele><time>2025-11-22T02:21:10.000Z</time><extensions/></trkpt><trkpt lat="35.64472577534616" lon="138.98730947636068"><ele>830.4000244140625</ele><time>2025-11-22T02:21:19.000Z</time><extensions/></trkpt><trkpt lat="35.64469358883798" lon="138.9872637949884"><ele>830.0</ele><time>2025-11-22T02:21:24.000Z</time><extensions/></trkpt><trkpt lat="35.64468721859157" lon="138.98725289851427"><ele>830.0</ele><time>2025-11-22T02:21:25.000Z</time><extensions/></trkpt><trkpt lat="35.64461538568139" lon="138.98718492127955"><ele>829.4000244140625</ele><time>2025-11-22T02:21:34.000Z</time><extensions/></trkpt><trkpt lat="35.64458009786904" lon="138.9871379826218"><ele>828.800048828125</ele><time>2025-11-22T02:21:42.000Z</time><extensions/></trkpt><trkpt lat="35.644489070400596" lon="138.9870238211006"><ele>827.5999755859375</ele><time>2025-11-22T02:21:54.000Z</time><extensions/></trkpt><trkpt lat="35.644484627991915" lon="138.98701024241745"><ele>827.4000244140625</ele><time>2025-11-22T02:21:55.000Z</time><extensions/></trkpt><trkpt lat="35.64444967545569" lon="138.9869572687894"><ele>826.800048828125</ele><time>2025-11-22T02:22:03.000Z</time><extensions/></trkpt><trkpt lat="35.644436767324805" lon="138.98695207200944"><ele>826.800048828125</ele><time>2025-11-22T02:22:04.000Z</time><extensions/></trkpt><trkpt lat="35.6444251164794" lon="138.9869469590485"><ele>826.800048828125</ele><time>2025-11-22T02:22:05.000Z</time><extensions/></trkpt><trkpt lat="35.644394773989916" lon="138.9869366493076"><ele>826.800048828125</ele><time>2025-11-22T02:22:08.000Z</time><extensions/></trkpt><trkpt lat="35.64430458471179" lon="138.98692307062447"><ele>826.5999755859375</ele><time>2025-11-22T02:22:17.000Z</time><extensions/></trkpt><trkpt lat="35.64429955556989" lon="138.98691435344517"><ele>826.199951171875</ele><time>2025-11-22T02:22:33.000Z</time><extensions/></trkpt><trkpt lat="35.64432118088007" lon="138.98690169677138"><ele>826.199951171875</ele><time>2025-11-22T02:22:39.000Z</time><extensions/></trkpt><trkpt lat="35.644354121759534" lon="138.9869001880288"><ele>826.199951171875</ele><time>2025-11-22T02:22:42.000Z</time><extensions/></trkpt><trkpt lat="35.64436468295753" lon="138.98689214140177"><ele>826.4000244140625</ele><time>2025-11-22T02:22:50.000Z</time><extensions/></trkpt><trkpt lat="35.64434649422765" lon="138.98689582943916"><ele>826.5999755859375</ele><time>2025-11-22T02:22:53.000Z</time><extensions/></trkpt><trkpt lat="35.64432159997523" lon="138.9868990983814"><ele>826.5999755859375</ele><time>2025-11-22T02:22:55.000Z</time><extensions/></trkpt><trkpt lat="35.64428907819092" lon="138.98690613918006"><ele>826.5999755859375</ele><time>2025-11-22T02:23:01.000Z</time><extensions/></trkpt><trkpt lat="35.64428647980094" lon="138.9869091566652"><ele>826.4000244140625</ele><time>2025-11-22T02:23:04.000Z</time><extensions/></trkpt><trkpt lat="35.6442747451365" lon="138.98690739646554"><ele>826.4000244140625</ele><time>2025-11-22T02:23:05.000Z</time><extensions/></trkpt><trkpt lat="35.64426359720528" lon="138.9869057200849"><ele>826.4000244140625</ele><time>2025-11-22T02:23:06.000Z</time><extensions/></trkpt><trkpt lat="35.644253538921475" lon="138.98690295405686"><ele>826.199951171875</ele><time>2025-11-22T02:23:07.000Z</time><extensions/></trkpt><trkpt lat="35.64417793415487" lon="138.98689297959208"><ele>825.4000244140625</ele><time>2025-11-22T02:23:14.000Z</time><extensions/></trkpt><trkpt lat="35.64411833882332" lon="138.98688317276537"><ele>824.0</ele><time>2025-11-22T02:23:21.000Z</time><extensions/></trkpt><trkpt lat="35.644045332446694" lon="138.98688367567956"><ele>823.0</ele><time>2025-11-22T02:23:29.000Z</time><extensions/></trkpt><trkpt lat="35.644036028534174" lon="138.9868845976889"><ele>823.0</ele><time>2025-11-22T02:23:30.000Z</time><extensions/></trkpt><trkpt lat="35.643959417939186" lon="138.9868803229183"><ele>823.0</ele><time>2025-11-22T02:23:38.000Z</time><extensions/></trkpt><trkpt lat="35.64394776709378" lon="138.98687747307122"><ele>823.0</ele><time>2025-11-22T02:23:39.000Z</time><extensions/></trkpt><trkpt lat="35.64393703825772" lon="138.98687353357673"><ele>823.0</ele><time>2025-11-22T02:23:40.000Z</time><extensions/></trkpt><trkpt lat="35.643849447369576" lon="138.98685249499977"><ele>824.4000244140625</ele><time>2025-11-22T02:23:48.000Z</time><extensions/></trkpt><trkpt lat="35.643740398809314" lon="138.98682215251029"><ele>825.800048828125</ele><time>2025-11-22T02:23:57.000Z</time><extensions/></trkpt><trkpt lat="35.64363612793386" lon="138.9867872837931"><ele>827.199951171875</ele><time>2025-11-22T02:24:07.000Z</time><extensions/></trkpt><trkpt lat="35.6435735989362" lon="138.98678258992732"><ele>828.4000244140625</ele><time>2025-11-22T02:24:15.000Z</time><extensions/></trkpt><trkpt lat="35.643505454063416" lon="138.9867611322552"><ele>831.5999755859375</ele><time>2025-11-22T02:24:28.000Z</time><extensions/></trkpt><trkpt lat="35.64344644546509" lon="138.98676205426455"><ele>834.800048828125</ele><time>2025-11-22T02:24:39.000Z</time><extensions/></trkpt><trkpt lat="35.64338953234255" lon="138.98676867596805"><ele>838.0</ele><time>2025-11-22T02:24:50.000Z</time><extensions/></trkpt><trkpt lat="35.64333764836192" lon="138.98672299459577"><ele>840.0</ele><time>2025-11-22T02:24:59.000Z</time><extensions/></trkpt><trkpt lat="35.64327268861234" lon="138.98666976951063"><ele>842.0</ele><time>2025-11-22T02:25:09.000Z</time><extensions/></trkpt><trkpt lat="35.64319456927478" lon="138.98661679588258"><ele>843.5999755859375</ele><time>2025-11-22T02:25:18.000Z</time><extensions/></trkpt><trkpt lat="35.64312684349716" lon="138.98658871650696"><ele>844.4000244140625</ele><time>2025-11-22T02:25:25.000Z</time><extensions/></trkpt><trkpt lat="35.64311913214624" lon="138.9865803346038"><ele>844.5999755859375</ele><time>2025-11-22T02:25:26.000Z</time><extensions/></trkpt><trkpt lat="35.6430677510798" lon="138.98653565905988"><ele>845.5999755859375</ele><time>2025-11-22T02:25:33.000Z</time><extensions/></trkpt><trkpt lat="35.64305283129215" lon="138.9865296240896"><ele>846.0</ele><time>2025-11-22T02:25:35.000Z</time><extensions/></trkpt><trkpt lat="35.64301687292755" lon="138.98650632239878"><ele>847.0</ele><time>2025-11-22T02:25:40.000Z</time><extensions/></trkpt><trkpt lat="35.64300765283406" lon="138.9864991977811"><ele>847.199951171875</ele><time>2025-11-22T02:25:41.000Z</time><extensions/></trkpt><trkpt lat="35.64295107498765" lon="138.98648343980312"><ele>848.4000244140625</ele><time>2025-11-22T02:25:47.000Z</time><extensions/></trkpt><trkpt lat="35.64284244552255" lon="138.98641663603485"><ele>849.4000244140625</ele><time>2025-11-22T02:25:56.000Z</time><extensions/></trkpt><trkpt lat="35.64271596260369" lon="138.9863565377891"><ele>848.4000244140625</ele><time>2025-11-22T02:26:06.000Z</time><extensions/></trkpt><trkpt lat="35.64263147301972" lon="138.98630373179913"><ele>847.199951171875</ele><time>2025-11-22T02:26:14.000Z</time><extensions/></trkpt><trkpt lat="35.642552096396685" lon="138.98624405264854"><ele>846.4000244140625</ele><time>2025-11-22T02:26:21.000Z</time><extensions/></trkpt><trkpt lat="35.64251773059368" lon="138.98619183339179"><ele>845.4000244140625</ele><time>2025-11-22T02:26:26.000Z</time><extensions/></trkpt><trkpt lat="35.642508678138256" lon="138.98618537932634"><ele>845.199951171875</ele><time>2025-11-22T02:26:27.000Z</time><extensions/></trkpt><trkpt lat="35.6424976978451" lon="138.98617289029062"><ele>844.0</ele><time>2025-11-22T02:26:34.000Z</time><extensions/></trkpt><trkpt lat="35.64248789101839" lon="138.986163334921"><ele>844.0</ele><time>2025-11-22T02:26:35.000Z</time><extensions/></trkpt><trkpt lat="35.6424770783633" lon="138.98615419864655"><ele>844.0</ele><time>2025-11-22T02:26:36.000Z</time><extensions/></trkpt><trkpt lat="35.64246475696564" lon="138.9861440565437"><ele>843.800048828125</ele><time>2025-11-22T02:26:37.000Z</time><extensions/></trkpt><trkpt lat="35.64245268702507" lon="138.98613156750798"><ele>843.800048828125</ele><time>2025-11-22T02:26:38.000Z</time><extensions/></trkpt><trkpt lat="35.64244179055095" lon="138.9861197490245"><ele>843.800048828125</ele><time>2025-11-22T02:26:39.000Z</time><extensions/></trkpt><trkpt lat="35.64242955297232" lon="138.9861088525504"><ele>843.5999755859375</ele><time>2025-11-22T02:26:40.000Z</time><extensions/></trkpt><trkpt lat="35.64241689629853" lon="138.9860977884382"><ele>843.5999755859375</ele><time>2025-11-22T02:26:41.000Z</time><extensions/></trkpt><trkpt lat="35.642405580729246" lon="138.9860869757831"><ele>843.5999755859375</ele><time>2025-11-22T02:26:42.000Z</time><extensions/></trkpt><trkpt lat="35.642303824424744" lon="138.98596753366292"><ele>843.199951171875</ele><time>2025-11-22T02:26:53.000Z</time><extensions/></trkpt><trkpt lat="35.64223417080939" lon="138.98587197996676"><ele>843.5999755859375</ele><time>2025-11-22T02:27:01.000Z</time><extensions/></trkpt><trkpt lat="35.642164684832096" lon="138.98581716232002"><ele>844.4000244140625</ele><time>2025-11-22T02:27:08.000Z</time><extensions/></trkpt><trkpt lat="35.64215278252959" lon="138.9858099538833"><ele>844.5999755859375</ele><time>2025-11-22T02:27:09.000Z</time><extensions/></trkpt><trkpt lat="35.64207893796265" lon="138.98577416315675"><ele>845.800048828125</ele><time>2025-11-22T02:27:17.000Z</time><extensions/></trkpt><trkpt lat="35.642051696777344" lon="138.98571398109198"><ele>847.0</ele><time>2025-11-22T02:27:24.000Z</time><extensions/></trkpt><trkpt lat="35.642006769776344" lon="138.9856442436576"><ele>848.4000244140625</ele><time>2025-11-22T02:27:31.000Z</time><extensions/></trkpt><trkpt lat="35.641911551356316" lon="138.9855646993965"><ele>849.800048828125</ele><time>2025-11-22T02:27:41.000Z</time><extensions/></trkpt><trkpt lat="35.641855224967" lon="138.98549663834274"><ele>850.199951171875</ele><time>2025-11-22T02:27:49.000Z</time><extensions/></trkpt><trkpt lat="35.64180518500507" lon="138.98543343879282"><ele>851.0</ele><time>2025-11-22T02:27:57.000Z</time><extensions/></trkpt><trkpt lat="35.641720443964005" lon="138.98536219261587"><ele>851.800048828125</ele><time>2025-11-22T02:28:08.000Z</time><extensions/></trkpt><trkpt lat="35.641697477549314" lon="138.98530133999884"><ele>852.5999755859375</ele><time>2025-11-22T02:28:15.000Z</time><extensions/></trkpt><trkpt lat="35.64169806428254" lon="138.98518642410636"><ele>853.5999755859375</ele><time>2025-11-22T02:28:24.000Z</time><extensions/></trkpt><trkpt lat="35.641616340726614" lon="138.9850865956396"><ele>854.800048828125</ele><time>2025-11-22T02:28:36.000Z</time><extensions/></trkpt><trkpt lat="35.64151584170759" lon="138.98500436916947"><ele>855.4000244140625</ele><time>2025-11-22T02:28:50.000Z</time><extensions/></trkpt><trkpt lat="35.64141349866986" lon="138.98491417989135"><ele>855.800048828125</ele><time>2025-11-22T02:29:02.000Z</time><extensions/></trkpt><trkpt lat="35.64137477427721" lon="138.98488693870604"><ele>856.199951171875</ele><time>2025-11-22T02:29:06.000Z</time><extensions/></trkpt><trkpt lat="35.641306629404426" lon="138.98485676385462"><ele>857.0</ele><time>2025-11-22T02:29:13.000Z</time><extensions/></trkpt><trkpt lat="35.641231862828135" lon="138.9847956597805"><ele>858.0</ele><time>2025-11-22T02:29:21.000Z</time><extensions/></trkpt><trkpt lat="35.641166316345334" lon="138.98475701920688"><ele>859.0</ele><time>2025-11-22T02:29:28.000Z</time><extensions/></trkpt><trkpt lat="35.64111669547856" lon="138.98475266061723"><ele>859.5999755859375</ele><time>2025-11-22T02:29:33.000Z</time><extensions/></trkpt><trkpt lat="35.64110546372831" lon="138.9847514871508"><ele>859.800048828125</ele><time>2025-11-22T02:29:34.000Z</time><extensions/></trkpt><trkpt lat="35.64109247177839" lon="138.98475131951272"><ele>859.800048828125</ele><time>2025-11-22T02:29:35.000Z</time><extensions/></trkpt><trkpt lat="35.64105131663382" lon="138.98473438806832"><ele>860.4000244140625</ele><time>2025-11-22T02:29:39.000Z</time><extensions/></trkpt><trkpt lat="35.641042683273554" lon="138.98472541943192"><ele>860.4000244140625</ele><time>2025-11-22T02:29:40.000Z</time><extensions/></trkpt><trkpt lat="35.64100228250027" lon="138.98469792678952"><ele>861.0</ele><time>2025-11-22T02:29:44.000Z</time><extensions/></trkpt><trkpt lat="35.64099373295903" lon="138.9846865274012"><ele>861.199951171875</ele><time>2025-11-22T02:29:45.000Z</time><extensions/></trkpt><trkpt lat="35.6409851834178" lon="138.98467663675547"><ele>861.4000244140625</ele><time>2025-11-22T02:29:46.000Z</time><extensions/></trkpt><trkpt lat="35.64097587950528" lon="138.98466867394745"><ele>861.5999755859375</ele><time>2025-11-22T02:29:47.000Z</time><extensions/></trkpt><trkpt lat="35.64093799330294" lon="138.98461603559554"><ele>862.4000244140625</ele><time>2025-11-22T02:29:52.000Z</time><extensions/></trkpt><trkpt lat="35.64086515456438" lon="138.9845068193972"><ele>863.4000244140625</ele><time>2025-11-22T02:30:01.000Z</time><extensions/></trkpt><trkpt lat="35.64081612043083" lon="138.98447278887033"><ele>863.800048828125</ele><time>2025-11-22T02:30:06.000Z</time><extensions/></trkpt><trkpt lat="35.64080312848091" lon="138.98446918465197"><ele>864.0</ele><time>2025-11-22T02:30:07.000Z</time><extensions/></trkpt><trkpt lat="35.640770019963384" lon="138.98445619270205"><ele>864.199951171875</ele><time>2025-11-22T02:30:10.000Z</time><extensions/></trkpt><trkpt lat="35.640759877860546" lon="138.9844475593418"><ele>864.4000244140625</ele><time>2025-11-22T02:30:11.000Z</time><extensions/></trkpt><trkpt lat="35.6407483946532" lon="138.98443917743862"><ele>864.4000244140625</ele><time>2025-11-22T02:30:12.000Z</time><extensions/></trkpt><trkpt lat="35.640677232295275" lon="138.9843812584877"><ele>864.4000244140625</ele><time>2025-11-22T02:30:19.000Z</time><extensions/></trkpt><trkpt lat="35.64063197001815" lon="138.9843008760363"><ele>863.800048828125</ele><time>2025-11-22T02:30:27.000Z</time><extensions/></trkpt><trkpt lat="35.64061461947858" lon="138.98426475003362"><ele>863.0</ele><time>2025-11-22T02:30:36.000Z</time><extensions/></trkpt><trkpt lat="35.64060816541314" lon="138.98423817940056"><ele>862.5999755859375</ele><time>2025-11-22T02:31:16.000Z</time><extensions/></trkpt><trkpt lat="35.64058938995004" lon="138.98421362042427"><ele>862.5999755859375</ele><time>2025-11-22T02:31:19.000Z</time><extensions/></trkpt><trkpt lat="35.64055745489895" lon="138.98415285162628"><ele>862.5999755859375</ele><time>2025-11-22T02:31:25.000Z</time><extensions/></trkpt><trkpt lat="35.64055125229061" lon="138.9841407816857"><ele>862.800048828125</ele><time>2025-11-22T02:31:26.000Z</time><extensions/></trkpt><trkpt lat="35.640507163479924" lon="138.9841055776924"><ele>863.800048828125</ele><time>2025-11-22T02:31:33.000Z</time><extensions/></trkpt><trkpt lat="35.64047363586724" lon="138.98407531902194"><ele>866.4000244140625</ele><time>2025-11-22T02:31:45.000Z</time><extensions/></trkpt><trkpt lat="35.64044396393001" lon="138.98405344225466"><ele>868.5999755859375</ele><time>2025-11-22T02:31:55.000Z</time><extensions/></trkpt><trkpt lat="35.64043273217976" lon="138.98402494378388"><ele>870.0</ele><time>2025-11-22T02:32:03.000Z</time><extensions/></trkpt><trkpt lat="35.640411442145705" lon="138.98397649638355"><ele>872.800048828125</ele><time>2025-11-22T02:32:20.000Z</time><extensions/></trkpt><trkpt lat="35.64039912074804" lon="138.98394363932312"><ele>874.199951171875</ele><time>2025-11-22T02:32:27.000Z</time><extensions/></trkpt><trkpt lat="35.640375735238194" lon="138.98391178809106"><ele>876.0</ele><time>2025-11-22T02:32:36.000Z</time><extensions/></trkpt><trkpt lat="35.64034706912935" lon="138.9838696271181"><ele>878.0</ele><time>2025-11-22T02:32:55.000Z</time><extensions/></trkpt><trkpt lat="35.640308847650886" lon="138.98384112864733"><ele>880.4000244140625</ele><time>2025-11-22T02:33:08.000Z</time><extensions/></trkpt><trkpt lat="35.640269787982106" lon="138.9838016498834"><ele>882.199951171875</ele><time>2025-11-22T02:33:19.000Z</time><extensions/></trkpt><trkpt lat="35.64023097977042" lon="138.98379963822663"><ele>885.0</ele><time>2025-11-22T02:33:31.000Z</time><extensions/></trkpt><trkpt lat="35.640200888738036" lon="138.98378362879157"><ele>887.199951171875</ele><time>2025-11-22T02:33:41.000Z</time><extensions/></trkpt><trkpt lat="35.64018144272268" lon="138.98376183584332"><ele>890.199951171875</ele><time>2025-11-22T02:34:01.000Z</time><extensions/></trkpt><trkpt lat="35.64016685821116" lon="138.9837522804737"><ele>891.800048828125</ele><time>2025-11-22T02:34:11.000Z</time><extensions/></trkpt><trkpt lat="35.64014154486358" lon="138.9837073534727"><ele>895.0</ele><time>2025-11-22T02:34:35.000Z</time><extensions/></trkpt><trkpt lat="35.64013794064522" lon="138.98370358161628"><ele>898.199951171875</ele><time>2025-11-22T02:34:57.000Z</time><extensions/></trkpt><trkpt lat="35.640105586498976" lon="138.98366812616587"><ele>900.0</ele><time>2025-11-22T02:35:09.000Z</time><extensions/></trkpt><trkpt lat="35.64008194953203" lon="138.98363057523966"><ele>902.199951171875</ele><time>2025-11-22T02:35:19.000Z</time><extensions/></trkpt><trkpt lat="35.64005336724222" lon="138.98358715698123"><ele>904.4000244140625</ele><time>2025-11-22T02:35:33.000Z</time><extensions/></trkpt><trkpt lat="35.64004339277744" lon="138.98355262354016"><ele>906.0</ele><time>2025-11-22T02:35:41.000Z</time><extensions/></trkpt><trkpt lat="35.64000156708062" lon="138.98351616226137"><ele>908.0</ele><time>2025-11-22T02:35:51.000Z</time><extensions/></trkpt><trkpt lat="35.63999486155808" lon="138.98351976647973"><ele>909.800048828125</ele><time>2025-11-22T02:36:04.000Z</time><extensions/></trkpt><trkpt lat="35.63998161815107" lon="138.9834797848016"><ele>910.5999755859375</ele><time>2025-11-22T02:36:21.000Z</time><extensions/></trkpt><trkpt lat="35.63995152711868" lon="138.9833997376263"><ele>911.800048828125</ele><time>2025-11-22T02:36:32.000Z</time><extensions/></trkpt><trkpt lat="35.6399230286479" lon="138.98334005847573"><ele>913.800048828125</ele><time>2025-11-22T02:36:42.000Z</time><extensions/></trkpt><trkpt lat="35.6398796942085" lon="138.9833103865385"><ele>916.199951171875</ele><time>2025-11-22T02:36:53.000Z</time><extensions/></trkpt><trkpt lat="35.63985303975642" lon="138.98328356444836"><ele>918.4000244140625</ele><time>2025-11-22T02:37:04.000Z</time><extensions/></trkpt><trkpt lat="35.63985303975642" lon="138.98328356444836"><ele>921.4000244140625</ele><time>2025-11-22T02:37:20.000Z</time><extensions/></trkpt><trkpt lat="35.63981221988797" lon="138.98322279565036"><ele>922.800048828125</ele><time>2025-11-22T02:37:33.000Z</time><extensions/></trkpt><trkpt lat="35.639803586527705" lon="138.98321399465203"><ele>925.199951171875</ele><time>2025-11-22T02:37:46.000Z</time><extensions/></trkpt><trkpt lat="35.6397641915828" lon="138.98316814564168"><ele>926.5999755859375</ele><time>2025-11-22T02:37:54.000Z</time><extensions/></trkpt><trkpt lat="35.63975312747061" lon="138.98311039432883"><ele>929.0</ele><time>2025-11-22T02:38:11.000Z</time><extensions/></trkpt><trkpt lat="35.63972353935242" lon="138.98307787254453"><ele>930.5999755859375</ele><time>2025-11-22T02:38:19.000Z</time><extensions/></trkpt><trkpt lat="35.639689257368445" lon="138.98305247537792"><ele>933.0</ele><time>2025-11-22T02:38:29.000Z</time><extensions/></trkpt><trkpt lat="35.639685317873955" lon="138.9830497931689"><ele>936.0</ele><time>2025-11-22T02:38:44.000Z</time><extensions/></trkpt><trkpt lat="35.63966352492571" lon="138.9830436743796"><ele>936.5999755859375</ele><time>2025-11-22T02:38:59.000Z</time><extensions/></trkpt><trkpt lat="35.63965757377446" lon="138.9830019325018"><ele>938.800048828125</ele><time>2025-11-22T02:39:24.000Z</time><extensions/></trkpt><trkpt lat="35.63964106142521" lon="138.98292993195355"><ele>941.0</ele><time>2025-11-22T02:39:34.000Z</time><extensions/></trkpt><trkpt lat="35.639638463035226" lon="138.9828843344003"><ele>944.0</ele><time>2025-11-22T02:39:46.000Z</time><extensions/></trkpt><trkpt lat="35.63962639309466" lon="138.9828663971275"><ele>946.800048828125</ele><time>2025-11-22T02:40:00.000Z</time><extensions/></trkpt><trkpt lat="35.639601247385144" lon="138.9828457776457"><ele>948.199951171875</ele><time>2025-11-22T02:40:10.000Z</time><extensions/></trkpt><trkpt lat="35.63957953825593" lon="138.9828352164477"><ele>950.0</ele><time>2025-11-22T02:40:20.000Z</time><extensions/></trkpt><trkpt lat="35.63954156823456" lon="138.98284317925572"><ele>951.5999755859375</ele><time>2025-11-22T02:40:32.000Z</time><extensions/></trkpt><trkpt lat="35.639510387554765" lon="138.98282373324037"><ele>953.4000244140625</ele><time>2025-11-22T02:40:43.000Z</time><extensions/></trkpt><trkpt lat="35.63950083218515" lon="138.9828087296337"><ele>954.5999755859375</ele><time>2025-11-22T02:40:50.000Z</time><extensions/></trkpt><trkpt lat="35.639483984559774" lon="138.9828066341579"><ele>956.4000244140625</ele><time>2025-11-22T02:41:00.000Z</time><extensions/></trkpt><trkpt lat="35.63945456407964" lon="138.98277796804905"><ele>958.0</ele><time>2025-11-22T02:41:13.000Z</time><extensions/></trkpt><trkpt lat="35.63942279666662" lon="138.98278249427676"><ele>959.5999755859375</ele><time>2025-11-22T02:41:21.000Z</time><extensions/></trkpt><trkpt lat="35.6394066195935" lon="138.98275282233953"><ele>961.199951171875</ele><time>2025-11-22T02:41:29.000Z</time><extensions/></trkpt><trkpt lat="35.639345180243254" lon="138.9827614556998"><ele>964.4000244140625</ele><time>2025-11-22T02:41:47.000Z</time><extensions/></trkpt><trkpt lat="35.639316430315375" lon="138.98274729028344"><ele>966.0</ele><time>2025-11-22T02:41:56.000Z</time><extensions/></trkpt><trkpt lat="35.639259684830904" lon="138.9827228989452"><ele>968.5999755859375</ele><time>2025-11-22T02:42:16.000Z</time><extensions/></trkpt><trkpt lat="35.639234371483326" lon="138.9827162772417"><ele>970.0</ele><time>2025-11-22T02:42:24.000Z</time><extensions/></trkpt><trkpt lat="35.63919631764293" lon="138.9827265869826"><ele>971.4000244140625</ele><time>2025-11-22T02:42:33.000Z</time><extensions/></trkpt><trkpt lat="35.639159521088004" lon="138.98268342018127"><ele>973.0</ele><time>2025-11-22T02:42:43.000Z</time><extensions/></trkpt><trkpt lat="35.63913085497916" lon="138.98271242156625"><ele>974.5999755859375</ele><time>2025-11-22T02:42:53.000Z</time><extensions/></trkpt><trkpt lat="35.639091627672315" lon="138.98270873352885"><ele>975.800048828125</ele><time>2025-11-22T02:43:06.000Z</time><extensions/></trkpt><trkpt lat="35.63903043977916" lon="138.98269029334188"><ele>977.4000244140625</ele><time>2025-11-22T02:43:18.000Z</time><extensions/></trkpt><trkpt lat="35.638992888852954" lon="138.98269792087376"><ele>979.4000244140625</ele><time>2025-11-22T02:43:28.000Z</time><extensions/></trkpt><trkpt lat="35.6389578524977" lon="138.9827167801559"><ele>981.5999755859375</ele><time>2025-11-22T02:43:39.000Z</time><extensions/></trkpt><trkpt lat="35.63892046920955" lon="138.9827204681933"><ele>984.4000244140625</ele><time>2025-11-22T02:43:53.000Z</time><extensions/></trkpt><trkpt lat="35.6388833373785" lon="138.98268819786608"><ele>986.0</ele><time>2025-11-22T02:44:04.000Z</time><extensions/></trkpt><trkpt lat="35.63883589580655" lon="138.9826901257038"><ele>988.199951171875</ele><time>2025-11-22T02:44:17.000Z</time><extensions/></trkpt><trkpt lat="35.63877671957016" lon="138.9826771337539"><ele>990.0</ele><time>2025-11-22T02:44:31.000Z</time><extensions/></trkpt><trkpt lat="35.63874335959554" lon="138.98266925476491"><ele>991.4000244140625</ele><time>2025-11-22T02:44:40.000Z</time><extensions/></trkpt><trkpt lat="35.63870974816382" lon="138.9826470427215"><ele>993.800048828125</ele><time>2025-11-22T02:44:53.000Z</time><extensions/></trkpt><trkpt lat="35.63867018558085" lon="138.98263413459063"><ele>995.0</ele><time>2025-11-22T02:45:08.000Z</time><extensions/></trkpt><trkpt lat="35.63860916532576" lon="138.9826438575983"><ele>996.800048828125</ele><time>2025-11-22T02:45:19.000Z</time><extensions/></trkpt><trkpt lat="35.63855426385999" lon="138.98263497278094"><ele>999.0</ele><time>2025-11-22T02:45:30.000Z</time><extensions/></trkpt><trkpt lat="35.63850003294647" lon="138.98262239992619"><ele>1001.0</ele><time>2025-11-22T02:45:39.000Z</time><extensions/></trkpt><trkpt lat="35.63846952281892" lon="138.98262156173587"><ele>1002.4000244140625</ele><time>2025-11-22T02:45:50.000Z</time><extensions/></trkpt><trkpt lat="35.638453932479024" lon="138.9825727790594"><ele>1002.800048828125</ele><time>2025-11-22T02:45:57.000Z</time><extensions/></trkpt><trkpt lat="35.63847857527435" lon="138.98261418566108"><ele>1003.4000244140625</ele><time>2025-11-22T02:46:07.000Z</time><extensions/></trkpt><trkpt lat="35.63845259137452" lon="138.9825441967696"><ele>1003.0</ele><time>2025-11-22T02:46:18.000Z</time><extensions/></trkpt><trkpt lat="35.63845225609839" lon="138.9824969228357"><ele>1003.199951171875</ele><time>2025-11-22T02:46:22.000Z</time><extensions/></trkpt><trkpt lat="35.63844965770841" lon="138.9824834279716"><ele>1003.199951171875</ele><time>2025-11-22T02:46:23.000Z</time><extensions/></trkpt><trkpt lat="35.6384258531034" lon="138.98238728754222"><ele>1004.0</ele><time>2025-11-22T02:46:31.000Z</time><extensions/></trkpt><trkpt lat="35.638396264985204" lon="138.98234973661602"><ele>1004.199951171875</ele><time>2025-11-22T02:46:35.000Z</time><extensions/></trkpt><trkpt lat="35.63835276290774" lon="138.982288883999"><ele>1005.0</ele><time>2025-11-22T02:46:44.000Z</time><extensions/></trkpt><trkpt lat="35.63831546343863" lon="138.98224672302604"><ele>1005.5999755859375</ele><time>2025-11-22T02:46:50.000Z</time><extensions/></trkpt><trkpt lat="35.63828612677753" lon="138.98216399364173"><ele>1006.800048828125</ele><time>2025-11-22T02:46:58.000Z</time><extensions/></trkpt><trkpt lat="35.63822862692177" lon="138.98206676356494"><ele>1008.0</ele><time>2025-11-22T02:47:07.000Z</time><extensions/></trkpt><trkpt lat="35.63819426111877" lon="138.9819484949112"><ele>1008.800048828125</ele><time>2025-11-22T02:47:16.000Z</time><extensions/></trkpt><trkpt lat="35.63819811679423" lon="138.98184154182673"><ele>1009.199951171875</ele><time>2025-11-22T02:47:23.000Z</time><extensions/></trkpt><trkpt lat="35.63817473128438" lon="138.98169804364443"><ele>1009.4000244140625</ele><time>2025-11-22T02:47:32.000Z</time><extensions/></trkpt><trkpt lat="35.638155872002244" lon="138.98156066425145"><ele>1009.5999755859375</ele><time>2025-11-22T02:47:41.000Z</time><extensions/></trkpt><trkpt lat="35.63814866356552" lon="138.98141766898334"><ele>1010.0</ele><time>2025-11-22T02:47:51.000Z</time><extensions/></trkpt><trkpt lat="35.638130977749825" lon="138.98134742863476"><ele>1011.0</ele><time>2025-11-22T02:48:00.000Z</time><extensions/></trkpt><trkpt lat="35.63812041655183" lon="138.98131675086915"><ele>1011.0</ele><time>2025-11-22T02:48:02.000Z</time><extensions/></trkpt><trkpt lat="35.63811915926635" lon="138.98130333982408"><ele>1011.0</ele><time>2025-11-22T02:48:03.000Z</time><extensions/></trkpt><trkpt lat="35.63811999745667" lon="138.98128934204578"><ele>1011.199951171875</ele><time>2025-11-22T02:48:04.000Z</time><extensions/></trkpt><trkpt lat="35.63812234438956" lon="138.98127475753427"><ele>1011.4000244140625</ele><time>2025-11-22T02:48:05.000Z</time><extensions/></trkpt><trkpt lat="35.63812402077019" lon="138.98125916719437"><ele>1011.4000244140625</ele><time>2025-11-22T02:48:06.000Z</time><extensions/></trkpt><trkpt lat="35.63812494277954" lon="138.98124491795897"><ele>1011.4000244140625</ele><time>2025-11-22T02:48:07.000Z</time><extensions/></trkpt><trkpt lat="35.638123517856" lon="138.9812301658094"><ele>1011.5999755859375</ele><time>2025-11-22T02:48:08.000Z</time><extensions/></trkpt><trkpt lat="35.638120751827955" lon="138.9812161680311"><ele>1011.5999755859375</ele><time>2025-11-22T02:48:09.000Z</time><extensions/></trkpt><trkpt lat="35.638118237257004" lon="138.98120225407183"><ele>1011.5999755859375</ele><time>2025-11-22T02:48:10.000Z</time><extensions/></trkpt><trkpt lat="35.63810532912612" lon="138.9810948818922"><ele>1012.5999755859375</ele><time>2025-11-22T02:48:19.000Z</time><extensions/></trkpt><trkpt lat="35.63810432329774" lon="138.98105624131858"><ele>1013.199951171875</ele><time>2025-11-22T02:48:26.000Z</time><extensions/></trkpt><trkpt lat="35.63811614178121" lon="138.98107166402042"><ele>1013.199951171875</ele><time>2025-11-22T02:48:34.000Z</time><extensions/></trkpt><trkpt lat="35.638079261407256" lon="138.98103377781808"><ele>1012.5999755859375</ele><time>2025-11-22T02:48:58.000Z</time><extensions/></trkpt><trkpt lat="35.63809996470809" lon="138.98093059659004"><ele>1012.800048828125</ele><time>2025-11-22T02:49:07.000Z</time><extensions/></trkpt><trkpt lat="35.63808973878622" lon="138.98083361797035"><ele>1012.5999755859375</ele><time>2025-11-22T02:49:15.000Z</time><extensions/></trkpt><trkpt lat="35.63808336853981" lon="138.9808223862201"><ele>1012.5999755859375</ele><time>2025-11-22T02:49:16.000Z</time><extensions/></trkpt><trkpt lat="35.63807716593146" lon="138.98081299848855"><ele>1012.5999755859375</ele><time>2025-11-22T02:49:17.000Z</time><extensions/></trkpt><trkpt lat="35.63806836493313" lon="138.98080511949956"><ele>1012.199951171875</ele><time>2025-11-22T02:49:24.000Z</time><extensions/></trkpt><trkpt lat="35.63806266523898" lon="138.98079665377736"><ele>1008.5999755859375</ele><time>2025-11-22T02:49:38.000Z</time><extensions/></trkpt><trkpt lat="35.63806266523898" lon="138.98079665377736"><ele>1012.800048828125</ele><time>2025-11-22T02:50:03.000Z</time><extensions/></trkpt><trkpt lat="35.63806266523898" lon="138.98079665377736"><ele>1014.5999755859375</ele><time>2025-11-22T02:50:06.000Z</time><extensions/></trkpt><trkpt lat="35.63806266523898" lon="138.98079665377736"><ele>1011.0</ele><time>2025-11-22T03:03:03.000Z</time><extensions/></trkpt><trkpt lat="35.63806266523898" lon="138.98079665377736"><ele>1009.5999755859375</ele><time>2025-11-22T03:03:06.000Z</time><extensions/></trkpt><trkpt lat="35.63811086118221" lon="138.9807753637433"><ele>1013.5999755859375</ele><time>2025-11-22T03:03:15.000Z</time><extensions/></trkpt><trkpt lat="35.638121673837304" lon="138.98077477701008"><ele>1015.4000244140625</ele><time>2025-11-22T03:03:18.000Z</time><extensions/></trkpt><trkpt lat="35.6381306424737" lon="138.98083806037903"><ele>1014.5999755859375</ele><time>2025-11-22T03:03:32.000Z</time><extensions/></trkpt><trkpt lat="35.638124691322446" lon="138.98097233846784"><ele>1015.199951171875</ele><time>2025-11-22T03:03:45.000Z</time><extensions/></trkpt><trkpt lat="35.63813215121627" lon="138.9809880964458"><ele>1015.4000244140625</ele><time>2025-11-22T03:03:55.000Z</time><extensions/></trkpt><trkpt lat="35.63814455643296" lon="138.98099756799638"><ele>1015.199951171875</ele><time>2025-11-22T03:04:05.000Z</time><extensions/></trkpt><trkpt lat="35.63809166662395" lon="138.98098977282643"><ele>1015.0</ele><time>2025-11-22T03:04:13.000Z</time><extensions/></trkpt><trkpt lat="35.638124691322446" lon="138.98095314390957"><ele>1014.4000244140625</ele><time>2025-11-22T03:04:27.000Z</time><extensions/></trkpt><trkpt lat="35.63812477514148" lon="138.98091282695532"><ele>1014.5999755859375</ele><time>2025-11-22T03:04:36.000Z</time><extensions/></trkpt><trkpt lat="35.638123182579875" lon="138.98086764849722"><ele>1014.5999755859375</ele><time>2025-11-22T03:04:46.000Z</time><extensions/></trkpt><trkpt lat="35.638150591403246" lon="138.9808113221079"><ele>1014.4000244140625</ele><time>2025-11-22T03:04:53.000Z</time><extensions/></trkpt><trkpt lat="35.63813894055784" lon="138.98081165738404"><ele>1014.0</ele><time>2025-11-22T03:05:03.000Z</time><extensions/></trkpt><trkpt lat="35.63806375488639" lon="138.98083738982677"><ele>1014.0</ele><time>2025-11-22T03:05:14.000Z</time><extensions/></trkpt><trkpt lat="35.63804363831878" lon="138.98085826076567"><ele>1013.800048828125</ele><time>2025-11-22T03:05:23.000Z</time><extensions/></trkpt><trkpt lat="35.63804615288973" lon="138.98083143867552"><ele>1013.199951171875</ele><time>2025-11-22T03:05:41.000Z</time><extensions/></trkpt><trkpt lat="35.63805805519223" lon="138.98081123828888"><ele>1013.199951171875</ele><time>2025-11-22T03:05:43.000Z</time><extensions/></trkpt><trkpt lat="35.63807984814048" lon="138.98077494464815"><ele>1013.4000244140625</ele><time>2025-11-22T03:05:52.000Z</time><extensions/></trkpt><trkpt lat="35.638122763484716" lon="138.98078919388354"><ele>1014.199951171875</ele><time>2025-11-22T03:06:30.000Z</time><extensions/></trkpt><trkpt lat="35.63809183426201" lon="138.980756085366"><ele>1014.5999755859375</ele><time>2025-11-22T03:09:02.000Z</time><extensions/></trkpt><trkpt lat="35.63804464414716" lon="138.9807430934161"><ele>1014.4000244140625</ele><time>2025-11-22T03:09:13.000Z</time><extensions/></trkpt><trkpt lat="35.638092923909426" lon="138.980724317953"><ele>1014.199951171875</ele><time>2025-11-22T03:09:24.000Z</time><extensions/></trkpt><trkpt lat="35.63809962943196" lon="138.98072985000908"><ele>1014.199951171875</ele><time>2025-11-22T03:09:25.000Z</time><extensions/></trkpt><trkpt lat="35.6381253618747" lon="138.9807446859777"><ele>1014.4000244140625</ele><time>2025-11-22T03:09:32.000Z</time><extensions/></trkpt><trkpt lat="35.63814539462328" lon="138.98076203651726"><ele>1014.800048828125</ele><time>2025-11-22T03:10:15.000Z</time><extensions/></trkpt><trkpt lat="35.63814497552812" lon="138.9808340370655"><ele>1014.800048828125</ele><time>2025-11-22T03:10:32.000Z</time><extensions/></trkpt><trkpt lat="35.63819736242294" lon="138.98088072426617"><ele>1015.199951171875</ele><time>2025-11-22T03:10:40.000Z</time><extensions/></trkpt><trkpt lat="35.638226279988885" lon="138.98088784888387"><ele>1015.199951171875</ele><time>2025-11-22T03:10:49.000Z</time><extensions/></trkpt><trkpt lat="35.63819082453847" lon="138.98090503178537"><ele>1015.199951171875</ele><time>2025-11-22T03:11:01.000Z</time><extensions/></trkpt><trkpt lat="35.63816593028605" lon="138.98089279420674"><ele>1015.4000244140625</ele><time>2025-11-22T03:11:06.000Z</time><extensions/></trkpt><trkpt lat="35.63814799301326" lon="138.98086379282176"><ele>1015.5999755859375</ele><time>2025-11-22T03:11:09.000Z</time><extensions/></trkpt><trkpt lat="35.63814086839557" lon="138.98085532709956"><ele>1015.5999755859375</ele><time>2025-11-22T03:11:10.000Z</time><extensions/></trkpt><trkpt lat="35.63813458196819" lon="138.98084493353963"><ele>1015.5999755859375</ele><time>2025-11-22T03:11:11.000Z</time><extensions/></trkpt><trkpt lat="35.63810382038355" lon="138.98076815530658"><ele>1015.4000244140625</ele><time>2025-11-22T03:11:18.000Z</time><extensions/></trkpt><trkpt lat="35.63808982260525" lon="138.9807536546141"><ele>1014.800048828125</ele><time>2025-11-22T03:11:26.000Z</time><extensions/></trkpt><trkpt lat="35.638079177588224" lon="138.98079321719706"><ele>1014.5999755859375</ele><time>2025-11-22T03:11:33.000Z</time><extensions/></trkpt><trkpt lat="35.63808077014983" lon="138.98079204373062"><ele>1014.199951171875</ele><time>2025-11-22T03:11:43.000Z</time><extensions/></trkpt><trkpt lat="35.63808194361627" lon="138.980756085366"><ele>1014.199951171875</ele><time>2025-11-22T03:11:46.000Z</time><extensions/></trkpt><trkpt lat="35.63808144070208" lon="138.9805832505226"><ele>1013.800048828125</ele><time>2025-11-22T03:11:57.000Z</time><extensions/></trkpt><trkpt lat="35.63805176876485" lon="138.98047185502946"><ele>1013.0</ele><time>2025-11-22T03:12:05.000Z</time><extensions/></trkpt><trkpt lat="35.6380492541939" lon="138.9804581925273"><ele>1012.800048828125</ele><time>2025-11-22T03:12:06.000Z</time><extensions/></trkpt><trkpt lat="35.63805076293647" lon="138.98034805431962"><ele>1011.0</ele><time>2025-11-22T03:12:15.000Z</time><extensions/></trkpt><trkpt lat="35.63807029277086" lon="138.98025887086987"><ele>1008.800048828125</ele><time>2025-11-22T03:12:23.000Z</time><extensions/></trkpt><trkpt lat="35.638089990243316" lon="138.98014931939542"><ele>1005.800048828125</ele><time>2025-11-22T03:12:33.000Z</time><extensions/></trkpt><trkpt lat="35.63810138963163" lon="138.98012886755168"><ele>1005.4000244140625</ele><time>2025-11-22T03:12:35.000Z</time><extensions/></trkpt><trkpt lat="35.63812402077019" lon="138.98004203103483"><ele>1002.5999755859375</ele><time>2025-11-22T03:12:44.000Z</time><extensions/></trkpt><trkpt lat="35.638122679665685" lon="138.98002828471363"><ele>1002.4000244140625</ele><time>2025-11-22T03:12:45.000Z</time><extensions/></trkpt><trkpt lat="35.63812452368438" lon="138.98001537658274"><ele>1002.199951171875</ele><time>2025-11-22T03:12:46.000Z</time><extensions/></trkpt><trkpt lat="35.63813231885433" lon="138.97999417036772"><ele>1001.5999755859375</ele><time>2025-11-22T03:12:48.000Z</time><extensions/></trkpt><trkpt lat="35.6381718814373" lon="138.97992501966655"><ele>999.5999755859375</ele><time>2025-11-22T03:12:56.000Z</time><extensions/></trkpt><trkpt lat="35.638215048238635" lon="138.97982108406723"><ele>997.5999755859375</ele><time>2025-11-22T03:13:06.000Z</time><extensions/></trkpt><trkpt lat="35.63821915537119" lon="138.9797964412719"><ele>997.199951171875</ele><time>2025-11-22T03:13:08.000Z</time><extensions/></trkpt><trkpt lat="35.638213371858" lon="138.9797308947891"><ele>995.800048828125</ele><time>2025-11-22T03:13:15.000Z</time><extensions/></trkpt><trkpt lat="35.63821907155216" lon="138.9797194954008"><ele>995.5999755859375</ele><time>2025-11-22T03:13:16.000Z</time><extensions/></trkpt><trkpt lat="35.638224268332124" lon="138.97970667108893"><ele>995.4000244140625</ele><time>2025-11-22T03:13:17.000Z</time><extensions/></trkpt><trkpt lat="35.638259472325444" lon="138.9795903302729"><ele>993.199951171875</ele><time>2025-11-22T03:13:27.000Z</time><extensions/></trkpt><trkpt lat="35.63825888559222" lon="138.97948287427425"><ele>991.5999755859375</ele><time>2025-11-22T03:13:35.000Z</time><extensions/></trkpt><trkpt lat="35.638258466497064" lon="138.97942319512367"><ele>990.5999755859375</ele><time>2025-11-22T03:13:40.000Z</time><extensions/></trkpt><trkpt lat="35.63825477845967" lon="138.97941204719245"><ele>990.4000244140625</ele><time>2025-11-22T03:13:41.000Z</time><extensions/></trkpt><trkpt lat="35.63825435936451" lon="138.9794013183564"><ele>990.199951171875</ele><time>2025-11-22T03:13:42.000Z</time><extensions/></trkpt><trkpt lat="35.63828654587269" lon="138.9793643541634"><ele>989.0</ele><time>2025-11-22T03:13:48.000Z</time><extensions/></trkpt><trkpt lat="35.63827145844698" lon="138.97929017432034"><ele>987.0</ele><time>2025-11-22T03:13:57.000Z</time><extensions/></trkpt><trkpt lat="35.63828512094915" lon="138.97922487929463"><ele>985.4000244140625</ele><time>2025-11-22T03:14:04.000Z</time><extensions/></trkpt><trkpt lat="35.63828822225332" lon="138.97910811938345"><ele>983.0</ele><time>2025-11-22T03:14:14.000Z</time><extensions/></trkpt><trkpt lat="35.63828662969172" lon="138.97909722290933"><ele>982.800048828125</ele><time>2025-11-22T03:14:15.000Z</time><extensions/></trkpt><trkpt lat="35.63832283951342" lon="138.97902388125658"><ele>981.199951171875</ele><time>2025-11-22T03:14:23.000Z</time><extensions/></trkpt><trkpt lat="35.63832904212177" lon="138.97893997840583"><ele>979.4000244140625</ele><time>2025-11-22T03:14:31.000Z</time><extensions/></trkpt><trkpt lat="35.63831931911409" lon="138.97894106805325"><ele>978.199951171875</ele><time>2025-11-22T03:14:38.000Z</time><extensions/></trkpt><trkpt lat="35.63833298161626" lon="138.97885314188898"><ele>977.4000244140625</ele><time>2025-11-22T03:14:56.000Z</time><extensions/></trkpt><trkpt lat="35.638336753472686" lon="138.9787631202489"><ele>975.800048828125</ele><time>2025-11-22T03:15:04.000Z</time><extensions/></trkpt><trkpt lat="35.63835024833679" lon="138.97865641862154"><ele>973.5999755859375</ele><time>2025-11-22T03:15:13.000Z</time><extensions/></trkpt><trkpt lat="35.63835712149739" lon="138.9786304347217"><ele>973.199951171875</ele><time>2025-11-22T03:15:15.000Z</time><extensions/></trkpt><trkpt lat="35.638362653553486" lon="138.9786176942289"><ele>973.0</ele><time>2025-11-22T03:15:16.000Z</time><extensions/></trkpt><trkpt lat="35.63836642540991" lon="138.97856002673507"><ele>971.800048828125</ele><time>2025-11-22T03:15:21.000Z</time><extensions/></trkpt><trkpt lat="35.63836885616183" lon="138.97854644805193"><ele>971.5999755859375</ele><time>2025-11-22T03:15:22.000Z</time><extensions/></trkpt><trkpt lat="35.63837346620858" lon="138.9784892834723"><ele>969.4000244140625</ele><time>2025-11-22T03:15:31.000Z</time><extensions/></trkpt><trkpt lat="35.638360641896725" lon="138.9784104935825"><ele>967.800048828125</ele><time>2025-11-22T03:15:39.000Z</time><extensions/></trkpt><trkpt lat="35.63833834603429" lon="138.97833723574877"><ele>966.4000244140625</ele><time>2025-11-22T03:15:46.000Z</time><extensions/></trkpt><trkpt lat="35.63834094442427" lon="138.97824872285128"><ele>964.5999755859375</ele><time>2025-11-22T03:15:54.000Z</time><extensions/></trkpt><trkpt lat="35.63833977095783" lon="138.978187199682"><ele>963.5999755859375</ele><time>2025-11-22T03:15:59.000Z</time><extensions/></trkpt><trkpt lat="35.6383793335408" lon="138.97810849361122"><ele>961.5999755859375</ele><time>2025-11-22T03:16:08.000Z</time><extensions/></trkpt><trkpt lat="35.63836583867669" lon="138.97808183915913"><ele>961.199951171875</ele><time>2025-11-22T03:16:11.000Z</time><extensions/></trkpt><trkpt lat="35.63835863023996" lon="138.97807655856013"><ele>960.800048828125</ele><time>2025-11-22T03:16:12.000Z</time><extensions/></trkpt><trkpt lat="35.638351924717426" lon="138.97806784138083"><ele>960.5999755859375</ele><time>2025-11-22T03:16:13.000Z</time><extensions/></trkpt><trkpt lat="35.63834723085165" lon="138.97805778309703"><ele>960.5999755859375</ele><time>2025-11-22T03:16:14.000Z</time><extensions/></trkpt><trkpt lat="35.63835636712611" lon="138.97797027602792"><ele>958.800048828125</ele><time>2025-11-22T03:16:23.000Z</time><extensions/></trkpt><trkpt lat="35.63833792693913" lon="138.97787782363594"><ele>956.5999755859375</ele><time>2025-11-22T03:16:33.000Z</time><extensions/></trkpt><trkpt lat="35.63836818560958" lon="138.97782652638853"><ele>954.800048828125</ele><time>2025-11-22T03:16:41.000Z</time><extensions/></trkpt><trkpt lat="35.63840347342193" lon="138.97775318473577"><ele>952.800048828125</ele><time>2025-11-22T03:16:49.000Z</time><extensions/></trkpt><trkpt lat="35.63840104267001" lon="138.97774069570005"><ele>952.5999755859375</ele><time>2025-11-22T03:16:50.000Z</time><extensions/></trkpt><trkpt lat="35.638353349640965" lon="138.97772225551307"><ele>951.0</ele><time>2025-11-22T03:16:57.000Z</time><extensions/></trkpt><trkpt lat="35.638331891968846" lon="138.97764262743294"><ele>949.0</ele><time>2025-11-22T03:17:06.000Z</time><extensions/></trkpt><trkpt lat="35.63830724917352" lon="138.9775468222797"><ele>946.199951171875</ele><time>2025-11-22T03:17:17.000Z</time><extensions/></trkpt><trkpt lat="35.6383222527802" lon="138.97744833491743"><ele>943.199951171875</ele><time>2025-11-22T03:17:28.000Z</time><extensions/></trkpt><trkpt lat="35.63834094442427" lon="138.97742746397853"><ele>942.4000244140625</ele><time>2025-11-22T03:17:36.000Z</time><extensions/></trkpt><trkpt lat="35.63833247870207" lon="138.97736644372344"><ele>941.0</ele><time>2025-11-22T03:17:47.000Z</time><extensions/></trkpt><trkpt lat="35.638334825634956" lon="138.97726225666702"><ele>940.800048828125</ele><time>2025-11-22T03:17:56.000Z</time><extensions/></trkpt><trkpt lat="35.63833205960691" lon="138.97724247537553"><ele>940.800048828125</ele><time>2025-11-22T03:17:57.000Z</time><extensions/></trkpt><trkpt lat="35.63832686282694" lon="138.97722562775016"><ele>940.800048828125</ele><time>2025-11-22T03:17:58.000Z</time><extensions/></trkpt><trkpt lat="35.638325018808246" lon="138.97715052589774"><ele>938.0</ele><time>2025-11-22T03:18:04.000Z</time><extensions/></trkpt><trkpt lat="35.63833566382527" lon="138.9770486857742"><ele>935.800048828125</ele><time>2025-11-22T03:18:12.000Z</time><extensions/></trkpt><trkpt lat="35.63832392916083" lon="138.9769812952727"><ele>935.0</ele><time>2025-11-22T03:18:19.000Z</time><extensions/></trkpt><trkpt lat="35.63831236213446" lon="138.97692379541695"><ele>932.5999755859375</ele><time>2025-11-22T03:18:28.000Z</time><extensions/></trkpt><trkpt lat="35.638308841735125" lon="138.97691172547638"><ele>932.4000244140625</ele><time>2025-11-22T03:18:29.000Z</time><extensions/></trkpt><trkpt lat="35.63830222003162" lon="138.97689982317388"><ele>932.199951171875</ele><time>2025-11-22T03:18:30.000Z</time><extensions/></trkpt><trkpt lat="35.63829735852778" lon="138.97689026780427"><ele>932.199951171875</ele><time>2025-11-22T03:18:31.000Z</time><extensions/></trkpt><trkpt lat="35.63829492777586" lon="138.9768808800727"><ele>932.0</ele><time>2025-11-22T03:18:32.000Z</time><extensions/></trkpt><trkpt lat="35.638292748481035" lon="138.97686956450343"><ele>932.0</ele><time>2025-11-22T03:18:33.000Z</time><extensions/></trkpt><trkpt lat="35.638290317729115" lon="138.97685665637255"><ele>931.800048828125</ele><time>2025-11-22T03:18:34.000Z</time><extensions/></trkpt><trkpt lat="35.638285875320435" lon="138.97684416733682"><ele>931.5999755859375</ele><time>2025-11-22T03:18:35.000Z</time><extensions/></trkpt><trkpt lat="35.63827967271209" lon="138.97683016955853"><ele>931.5999755859375</ele><time>2025-11-22T03:18:36.000Z</time><extensions/></trkpt><trkpt lat="35.63826181925833" lon="138.97670997306705"><ele>930.5999755859375</ele><time>2025-11-22T03:18:44.000Z</time><extensions/></trkpt><trkpt lat="35.638231644406915" lon="138.97660218179226"><ele>929.800048828125</ele><time>2025-11-22T03:18:51.000Z</time><extensions/></trkpt><trkpt lat="35.638208761811256" lon="138.97648056037724"><ele>929.0</ele><time>2025-11-22T03:18:59.000Z</time><extensions/></trkpt><trkpt lat="35.638142796233296" lon="138.97635877132416"><ele>927.800048828125</ele><time>2025-11-22T03:19:09.000Z</time><extensions/></trkpt><trkpt lat="35.63811454921961" lon="138.9762515667826"><ele>926.4000244140625</ele><time>2025-11-22T03:19:18.000Z</time><extensions/></trkpt><trkpt lat="35.638107089325786" lon="138.97624192759395"><ele>926.199951171875</ele><time>2025-11-22T03:19:19.000Z</time><extensions/></trkpt><trkpt lat="35.63810013234615" lon="138.97623186931014"><ele>926.199951171875</ele><time>2025-11-22T03:19:20.000Z</time><extensions/></trkpt><trkpt lat="35.63809309154749" lon="138.97622021846473"><ele>926.0</ele><time>2025-11-22T03:19:21.000Z</time><extensions/></trkpt><trkpt lat="35.63808672130108" lon="138.97620764560997"><ele>925.800048828125</ele><time>2025-11-22T03:19:22.000Z</time><extensions/></trkpt><trkpt lat="35.63807423226535" lon="138.97618778049946"><ele>925.5999755859375</ele><time>2025-11-22T03:19:24.000Z</time><extensions/></trkpt><trkpt lat="35.63806635327637" lon="138.97617948241532"><ele>925.4000244140625</ele><time>2025-11-22T03:19:25.000Z</time><extensions/></trkpt><trkpt lat="35.638034753501415" lon="138.97610999643803"><ele>924.199951171875</ele><time>2025-11-22T03:19:34.000Z</time><extensions/></trkpt><trkpt lat="35.637990832328796" lon="138.97607303224504"><ele>922.800048828125</ele><time>2025-11-22T03:19:44.000Z</time><extensions/></trkpt><trkpt lat="35.63795629888773" lon="138.9759721979499"><ele>920.800048828125</ele><time>2025-11-22T03:19:54.000Z</time><extensions/></trkpt><trkpt lat="35.63790986314416" lon="138.9758760575205"><ele>918.800048828125</ele><time>2025-11-22T03:20:03.000Z</time><extensions/></trkpt><trkpt lat="35.637904834002256" lon="138.97576625458896"><ele>916.800048828125</ele><time>2025-11-22T03:20:12.000Z</time><extensions/></trkpt><trkpt lat="35.63791983760893" lon="138.97568268701434"><ele>915.4000244140625</ele><time>2025-11-22T03:20:19.000Z</time><extensions/></trkpt><trkpt lat="35.637922855094075" lon="138.97560892626643"><ele>914.4000244140625</ele><time>2025-11-22T03:20:25.000Z</time><extensions/></trkpt><trkpt lat="35.637935595586896" lon="138.97547213360667"><ele>913.0</ele><time>2025-11-22T03:20:34.000Z</time><extensions/></trkpt><trkpt lat="35.63794414512813" lon="138.97541262209415"><ele>912.199951171875</ele><time>2025-11-22T03:20:38.000Z</time><extensions/></trkpt><trkpt lat="35.63795227557421" lon="138.97540289908648"><ele>912.0</ele><time>2025-11-22T03:20:39.000Z</time><extensions/></trkpt><trkpt lat="35.63796375878155" lon="138.97536794655025"><ele>911.5999755859375</ele><time>2025-11-22T03:20:42.000Z</time><extensions/></trkpt><trkpt lat="35.63796476460993" lon="138.97535445168614"><ele>911.4000244140625</ele><time>2025-11-22T03:20:43.000Z</time><extensions/></trkpt><trkpt lat="35.63797934912145" lon="138.97521832957864"><ele>910.4000244140625</ele><time>2025-11-22T03:20:52.000Z</time><extensions/></trkpt><trkpt lat="35.63798085786402" lon="138.97510844282806"><ele>910.0</ele><time>2025-11-22T03:21:00.000Z</time><extensions/></trkpt><trkpt lat="35.637981025502086" lon="138.9750419743359"><ele>910.199951171875</ele><time>2025-11-22T03:21:05.000Z</time><extensions/></trkpt><trkpt lat="35.637980522587895" lon="138.97494382224977"><ele>910.5999755859375</ele><time>2025-11-22T03:21:13.000Z</time><extensions/></trkpt><trkpt lat="35.63798798248172" lon="138.97487022913992"><ele>911.800048828125</ele><time>2025-11-22T03:21:21.000Z</time><extensions/></trkpt><trkpt lat="35.637990832328796" lon="138.97476218640804"><ele>914.199951171875</ele><time>2025-11-22T03:21:32.000Z</time><extensions/></trkpt><trkpt lat="35.637988317757845" lon="138.9747440814972"><ele>914.4000244140625</ele><time>2025-11-22T03:21:33.000Z</time><extensions/></trkpt><trkpt lat="35.63798228278756" lon="138.97465464659035"><ele>916.0</ele><time>2025-11-22T03:21:42.000Z</time><extensions/></trkpt><trkpt lat="35.637987395748496" lon="138.97455456666648"><ele>919.0</ele><time>2025-11-22T03:21:55.000Z</time><extensions/></trkpt><trkpt lat="35.63796887174249" lon="138.97448902018368"><ele>920.4000244140625</ele><time>2025-11-22T03:22:02.000Z</time><extensions/></trkpt><trkpt lat="35.63796577043831" lon="138.97447762079537"><ele>920.800048828125</ele><time>2025-11-22T03:22:03.000Z</time><extensions/></trkpt><trkpt lat="35.63796032220125" lon="138.97446588613093"><ele>921.0</ele><time>2025-11-22T03:22:04.000Z</time><extensions/></trkpt><trkpt lat="35.63795487396419" lon="138.97445457056165"><ele>921.0</ele><time>2025-11-22T03:22:05.000Z</time><extensions/></trkpt><trkpt lat="35.63794959336519" lon="138.97444275207818"><ele>921.199951171875</ele><time>2025-11-22T03:22:06.000Z</time><extensions/></trkpt><trkpt lat="35.637944396585226" lon="138.97443026304245"><ele>921.4000244140625</ele><time>2025-11-22T03:22:07.000Z</time><extensions/></trkpt><trkpt lat="35.63794079236686" lon="138.9744169358164"><ele>921.5999755859375</ele><time>2025-11-22T03:22:08.000Z</time><extensions/></trkpt><trkpt lat="35.637940457090735" lon="138.97440251894295"><ele>921.800048828125</ele><time>2025-11-22T03:22:09.000Z</time><extensions/></trkpt><trkpt lat="35.6379493419081" lon="138.9743502996862"><ele>922.5999755859375</ele><time>2025-11-22T03:22:16.000Z</time><extensions/></trkpt><trkpt lat="35.63792402856052" lon="138.97429682314396"><ele>923.0</ele><time>2025-11-22T03:22:26.000Z</time><extensions/></trkpt><trkpt lat="35.637904247269034" lon="138.9743119943887"><ele>922.800048828125</ele><time>2025-11-22T03:22:41.000Z</time><extensions/></trkpt><trkpt lat="35.637904247269034" lon="138.9743119943887"><ele>922.800048828125</ele><time>2025-11-22T03:22:43.000Z</time><extensions/></trkpt><trkpt lat="35.63796862028539" lon="138.9742707554251"><ele>923.0</ele><time>2025-11-22T03:22:53.000Z</time><extensions/></trkpt><trkpt lat="35.63797624781728" lon="138.97426002658904"><ele>923.0</ele><time>2025-11-22T03:22:54.000Z</time><extensions/></trkpt><trkpt lat="35.63803802244365" lon="138.9741999283433"><ele>922.0</ele><time>2025-11-22T03:23:03.000Z</time><extensions/></trkpt><trkpt lat="35.63809862360358" lon="138.97413211874664"><ele>918.800048828125</ele><time>2025-11-22T03:23:16.000Z</time><extensions/></trkpt><trkpt lat="35.638141287490726" lon="138.97407637909055"><ele>916.5999755859375</ele><time>2025-11-22T03:23:29.000Z</time><extensions/></trkpt><trkpt lat="35.638166684657335" lon="138.97401091642678"><ele>913.5999755859375</ele><time>2025-11-22T03:23:40.000Z</time><extensions/></trkpt><trkpt lat="35.63822703436017" lon="138.97395366802812"><ele>910.4000244140625</ele><time>2025-11-22T03:23:51.000Z</time><extensions/></trkpt><trkpt lat="35.63824103213847" lon="138.9739099983126"><ele>908.199951171875</ele><time>2025-11-22T03:24:00.000Z</time><extensions/></trkpt><trkpt lat="35.63828168436885" lon="138.9738730341196"><ele>905.199951171875</ele><time>2025-11-22T03:24:12.000Z</time><extensions/></trkpt><trkpt lat="35.63831093721092" lon="138.97383095696568"><ele>902.5999755859375</ele><time>2025-11-22T03:24:21.000Z</time><extensions/></trkpt><trkpt lat="35.63836969435215" lon="138.97376423701644"><ele>899.5999755859375</ele><time>2025-11-22T03:24:32.000Z</time><extensions/></trkpt><trkpt lat="35.6384189799428" lon="138.97369902580976"><ele>896.4000244140625</ele><time>2025-11-22T03:24:42.000Z</time><extensions/></trkpt><trkpt lat="35.63845309428871" lon="138.97366298362613"><ele>894.4000244140625</ele><time>2025-11-22T03:24:51.000Z</time><extensions/></trkpt><trkpt lat="35.63850129023194" lon="138.9736105967313"><ele>892.0</ele><time>2025-11-22T03:25:01.000Z</time><extensions/></trkpt><trkpt lat="35.63855392858386" lon="138.97354521788657"><ele>889.800048828125</ele><time>2025-11-22T03:25:11.000Z</time><extensions/></trkpt><trkpt lat="35.63863439485431" lon="138.9734628237784"><ele>886.5999755859375</ele><time>2025-11-22T03:25:24.000Z</time><extensions/></trkpt><trkpt lat="35.6387107539922" lon="138.97343474440277"><ele>884.0</ele><time>2025-11-22T03:25:36.000Z</time><extensions/></trkpt><trkpt lat="35.63875635154545" lon="138.97339484654367"><ele>881.800048828125</ele><time>2025-11-22T03:25:45.000Z</time><extensions/></trkpt><trkpt lat="35.63878007233143" lon="138.97338101640344"><ele>879.199951171875</ele><time>2025-11-22T03:25:56.000Z</time><extensions/></trkpt><trkpt lat="35.63880253583193" lon="138.97334723733366"><ele>877.0</ele><time>2025-11-22T03:26:07.000Z</time><extensions/></trkpt><trkpt lat="35.63884838484228" lon="138.97327775135636"><ele>874.4000244140625</ele><time>2025-11-22T03:26:21.000Z</time><extensions/></trkpt><trkpt lat="35.638875123113394" lon="138.9731877297163"><ele>872.4000244140625</ele><time>2025-11-22T03:26:29.000Z</time><extensions/></trkpt><trkpt lat="35.6388817448169" lon="138.9731726422906"><ele>872.199951171875</ele><time>2025-11-22T03:26:30.000Z</time><extensions/></trkpt><trkpt lat="35.638905968517065" lon="138.9730896614492"><ele>870.800048828125</ele><time>2025-11-22T03:26:36.000Z</time><extensions/></trkpt><trkpt lat="35.638912254944444" lon="138.97307817824185"><ele>870.5999755859375</ele><time>2025-11-22T03:26:37.000Z</time><extensions/></trkpt><trkpt lat="35.638916194438934" lon="138.97306577302516"><ele>870.4000244140625</ele><time>2025-11-22T03:26:38.000Z</time><extensions/></trkpt><trkpt lat="35.63892088830471" lon="138.9730542898178"><ele>870.199951171875</ele><time>2025-11-22T03:26:39.000Z</time><extensions/></trkpt><trkpt lat="35.6389715988189" lon="138.9729681238532"><ele>869.0</ele><time>2025-11-22T03:26:47.000Z</time><extensions/></trkpt><trkpt lat="35.63902775757015" lon="138.97285798564553"><ele>867.800048828125</ele><time>2025-11-22T03:26:55.000Z</time><extensions/></trkpt><trkpt lat="35.63909229822457" lon="138.97279637865722"><ele>867.5999755859375</ele><time>2025-11-22T03:27:03.000Z</time><extensions/></trkpt><trkpt lat="35.63914267346263" lon="138.97273653186858"><ele>866.800048828125</ele><time>2025-11-22T03:27:13.000Z</time><extensions/></trkpt><trkpt lat="35.63919732347131" lon="138.97260636091232"><ele>868.199951171875</ele><time>2025-11-22T03:27:22.000Z</time><extensions/></trkpt><trkpt lat="35.63924007117748" lon="138.97255363874137"><ele>866.0</ele><time>2025-11-22T03:27:30.000Z</time><extensions/></trkpt><trkpt lat="35.639301259070635" lon="138.97245104424655"><ele>863.0</ele><time>2025-11-22T03:27:42.000Z</time><extensions/></trkpt><trkpt lat="35.63933034427464" lon="138.97236865013838"><ele>860.800048828125</ele><time>2025-11-22T03:27:50.000Z</time><extensions/></trkpt><trkpt lat="35.63936496153474" lon="138.9722569193691"><ele>858.4000244140625</ele><time>2025-11-22T03:27:59.000Z</time><extensions/></trkpt><trkpt lat="35.63942598178983" lon="138.97217636927962"><ele>856.800048828125</ele><time>2025-11-22T03:28:07.000Z</time><extensions/></trkpt><trkpt lat="35.63947317190468" lon="138.97213437594473"><ele>856.5999755859375</ele><time>2025-11-22T03:28:13.000Z</time><extensions/></trkpt><trkpt lat="35.63951759599149" lon="138.97208659909666"><ele>856.800048828125</ele><time>2025-11-22T03:28:19.000Z</time><extensions/></trkpt><trkpt lat="35.63955849967897" lon="138.9719915483147"><ele>857.4000244140625</ele><time>2025-11-22T03:28:27.000Z</time><extensions/></trkpt><trkpt lat="35.63957844860852" lon="138.9719046279788"><ele>857.0</ele><time>2025-11-22T03:28:35.000Z</time><extensions/></trkpt><trkpt lat="35.63958138227463" lon="138.97187017835677"><ele>856.4000244140625</ele><time>2025-11-22T03:28:38.000Z</time><extensions/></trkpt><trkpt lat="35.63958037644625" lon="138.97178694605827"><ele>854.4000244140625</ele><time>2025-11-22T03:28:47.000Z</time><extensions/></trkpt><trkpt lat="35.639592446386814" lon="138.9717219863087"><ele>851.800048828125</ele><time>2025-11-22T03:28:57.000Z</time><extensions/></trkpt><trkpt lat="35.6396016664803" lon="138.9716419391334"><ele>850.199951171875</ele><time>2025-11-22T03:29:17.000Z</time><extensions/></trkpt><trkpt lat="35.639600744470954" lon="138.97150112316012"><ele>847.4000244140625</ele><time>2025-11-22T03:29:29.000Z</time><extensions/></trkpt><trkpt lat="35.63962739892304" lon="138.97137019783258"><ele>844.5999755859375</ele><time>2025-11-22T03:29:39.000Z</time><extensions/></trkpt><trkpt lat="35.63965572975576" lon="138.97119853645563"><ele>842.0</ele><time>2025-11-22T03:29:50.000Z</time><extensions/></trkpt><trkpt lat="35.63965279608965" lon="138.97111035883427"><ele>841.199951171875</ele><time>2025-11-22T03:29:56.000Z</time><extensions/></trkpt><trkpt lat="35.639658495783806" lon="138.9710966963321"><ele>841.199951171875</ele><time>2025-11-22T03:29:57.000Z</time><extensions/></trkpt><trkpt lat="35.63966494984925" lon="138.9710877276957"><ele>841.199951171875</ele><time>2025-11-22T03:29:58.000Z</time><extensions/></trkpt><trkpt lat="35.63967718742788" lon="138.9710631687194"><ele>841.0</ele><time>2025-11-22T03:30:00.000Z</time><extensions/></trkpt><trkpt lat="35.639693699777126" lon="138.97099535912275"><ele>841.0</ele><time>2025-11-22T03:30:05.000Z</time><extensions/></trkpt><trkpt lat="35.63969244249165" lon="138.9709447324276"><ele>841.199951171875</ele><time>2025-11-22T03:30:10.000Z</time><extensions/></trkpt><trkpt lat="35.63974063843489" lon="138.97085051983595"><ele>840.5999755859375</ele><time>2025-11-22T03:30:19.000Z</time><extensions/></trkpt><trkpt lat="35.63977936282754" lon="138.97084632888436"><ele>840.5999755859375</ele><time>2025-11-22T03:30:26.000Z</time><extensions/></trkpt><trkpt lat="35.63979939557612" lon="138.97078162059188"><ele>840.800048828125</ele><time>2025-11-22T03:30:33.000Z</time><extensions/></trkpt><trkpt lat="35.639809956774116" lon="138.97077592089772"><ele>840.800048828125</ele><time>2025-11-22T03:30:34.000Z</time><extensions/></trkpt><trkpt lat="35.639839796349406" lon="138.97073183208704"><ele>840.800048828125</ele><time>2025-11-22T03:30:39.000Z</time><extensions/></trkpt><trkpt lat="35.63984817825258" lon="138.97072127088904"><ele>840.800048828125</ele><time>2025-11-22T03:30:40.000Z</time><extensions/></trkpt><trkpt lat="35.63987902365625" lon="138.97066678851843"><ele>841.0</ele><time>2025-11-22T03:30:46.000Z</time><extensions/></trkpt><trkpt lat="35.6398868188262" lon="138.97065513767302"><ele>841.0</ele><time>2025-11-22T03:30:47.000Z</time><extensions/></trkpt><trkpt lat="35.63993627205491" lon="138.9705826342106"><ele>841.0</ele><time>2025-11-22T03:30:54.000Z</time><extensions/></trkpt><trkpt lat="35.63998756930232" lon="138.9705041795969"><ele>840.5999755859375</ele><time>2025-11-22T03:31:01.000Z</time><extensions/></trkpt><trkpt lat="35.63999796286225" lon="138.97049772553146"><ele>840.5999755859375</ele><time>2025-11-22T03:31:02.000Z</time><extensions/></trkpt><trkpt lat="35.64002805389464" lon="138.97046486847103"><ele>840.5999755859375</ele><time>2025-11-22T03:31:06.000Z</time><extensions/></trkpt><trkpt lat="35.6400800216943" lon="138.9703492820263"><ele>840.0</ele><time>2025-11-22T03:31:15.000Z</time><extensions/></trkpt><trkpt lat="35.64010743051767" lon="138.97030686959624"><ele>839.4000244140625</ele><time>2025-11-22T03:31:22.000Z</time><extensions/></trkpt><trkpt lat="35.64017339609563" lon="138.9702179376036"><ele>838.5999755859375</ele><time>2025-11-22T03:31:32.000Z</time><extensions/></trkpt><trkpt lat="35.64028118737042" lon="138.97007695399225"><ele>836.800048828125</ele><time>2025-11-22T03:31:46.000Z</time><extensions/></trkpt><trkpt lat="35.6403495837003" lon="138.96999187767506"><ele>835.199951171875</ele><time>2025-11-22T03:31:55.000Z</time><extensions/></trkpt><trkpt lat="35.64036919735372" lon="138.96998173557222"><ele>833.800048828125</ele><time>2025-11-22T03:32:04.000Z</time><extensions/></trkpt><trkpt lat="35.640430971980095" lon="138.9699047897011"><ele>833.0</ele><time>2025-11-22T03:32:13.000Z</time><extensions/></trkpt><trkpt lat="35.64046139828861" lon="138.9698508940637"><ele>831.800048828125</ele><time>2025-11-22T03:32:22.000Z</time><extensions/></trkpt><trkpt lat="35.640423176810145" lon="138.96985072642565"><ele>831.0</ele><time>2025-11-22T03:32:49.000Z</time><extensions/></trkpt><trkpt lat="35.64041177742183" lon="138.9698371477425"><ele>831.0</ele><time>2025-11-22T03:32:51.000Z</time><extensions/></trkpt><trkpt lat="35.640412364155054" lon="138.96976556628942"><ele>830.199951171875</ele><time>2025-11-22T03:32:59.000Z</time><extensions/></trkpt><trkpt lat="35.64036735333502" lon="138.96970697678626"><ele>828.199951171875</ele><time>2025-11-22T03:33:09.000Z</time><extensions/></trkpt><trkpt lat="35.640289233997464" lon="138.96966917440295"><ele>826.199951171875</ele><time>2025-11-22T03:33:21.000Z</time><extensions/></trkpt><trkpt lat="35.640220837667584" lon="138.9696040470153"><ele>824.4000244140625</ele><time>2025-11-22T03:33:30.000Z</time><extensions/></trkpt><trkpt lat="35.64008488319814" lon="138.9694747980684"><ele>821.5999755859375</ele><time>2025-11-22T03:33:46.000Z</time><extensions/></trkpt><trkpt lat="35.64006024040282" lon="138.96940497681499"><ele>819.800048828125</ele><time>2025-11-22T03:33:56.000Z</time><extensions/></trkpt><trkpt lat="35.640048338100314" lon="138.96938293240964"><ele>819.5999755859375</ele><time>2025-11-22T03:33:58.000Z</time><extensions/></trkpt><trkpt lat="35.64004314132035" lon="138.96937136538327"><ele>819.4000244140625</ele><time>2025-11-22T03:33:59.000Z</time><extensions/></trkpt><trkpt lat="35.640011793002486" lon="138.96934336982667"><ele>818.800048828125</ele><time>2025-11-22T03:34:03.000Z</time><extensions/></trkpt><trkpt lat="35.64000106416643" lon="138.96934144198895"><ele>818.5999755859375</ele><time>2025-11-22T03:34:04.000Z</time><extensions/></trkpt><trkpt lat="35.63999092206359" lon="138.96933699958026"><ele>818.4000244140625</ele><time>2025-11-22T03:34:05.000Z</time><extensions/></trkpt><trkpt lat="35.6399333383888" lon="138.96927589550614"><ele>816.5999755859375</ele><time>2025-11-22T03:34:12.000Z</time><extensions/></trkpt><trkpt lat="35.63989796675742" lon="138.96921621635556"><ele>814.800048828125</ele><time>2025-11-22T03:34:19.000Z</time><extensions/></trkpt><trkpt lat="35.63982982188463" lon="138.96914052776992"><ele>812.199951171875</ele><time>2025-11-22T03:34:30.000Z</time><extensions/></trkpt><trkpt lat="35.63979805447161" lon="138.9691182319075"><ele>811.5999755859375</ele><time>2025-11-22T03:34:33.000Z</time><extensions/></trkpt><trkpt lat="35.63978673890233" lon="138.96910683251917"><ele>811.199951171875</ele><time>2025-11-22T03:34:34.000Z</time><extensions/></trkpt><trkpt lat="35.63977827318013" lon="138.96909627132118"><ele>811.0</ele><time>2025-11-22T03:34:35.000Z</time><extensions/></trkpt><trkpt lat="35.63976972363889" lon="138.96907825022936"><ele>810.800048828125</ele><time>2025-11-22T03:34:36.000Z</time><extensions/></trkpt><trkpt lat="35.639762096107006" lon="138.96906215697527"><ele>810.5999755859375</ele><time>2025-11-22T03:34:37.000Z</time><extensions/></trkpt><trkpt lat="35.63975639641285" lon="138.9690466504544"><ele>810.4000244140625</ele><time>2025-11-22T03:34:38.000Z</time><extensions/></trkpt><trkpt lat="35.639750864356756" lon="138.96903282031417"><ele>810.199951171875</ele><time>2025-11-22T03:34:39.000Z</time><extensions/></trkpt><trkpt lat="35.63968657515943" lon="138.96894866600633"><ele>808.4000244140625</ele><time>2025-11-22T03:34:48.000Z</time><extensions/></trkpt><trkpt lat="35.639622285962105" lon="138.96888747811317"><ele>807.5999755859375</ele><time>2025-11-22T03:34:54.000Z</time><extensions/></trkpt><trkpt lat="35.63961289823055" lon="138.96887943148613"><ele>807.4000244140625</ele><time>2025-11-22T03:34:55.000Z</time><extensions/></trkpt><trkpt lat="35.63955715857446" lon="138.96877407096326"><ele>806.5999755859375</ele><time>2025-11-22T03:35:03.000Z</time><extensions/></trkpt><trkpt lat="35.63949446193874" lon="138.96870248951018"><ele>806.199951171875</ele><time>2025-11-22T03:35:10.000Z</time><extensions/></trkpt><trkpt lat="35.639443919062614" lon="138.96867474541068"><ele>806.199951171875</ele><time>2025-11-22T03:35:14.000Z</time><extensions/></trkpt><trkpt lat="35.639432687312365" lon="138.96866695024073"><ele>806.199951171875</ele><time>2025-11-22T03:35:15.000Z</time><extensions/></trkpt><trkpt lat="35.63939597457647" lon="138.9686396252364"><ele>806.0</ele><time>2025-11-22T03:35:19.000Z</time><extensions/></trkpt><trkpt lat="35.63932104036212" lon="138.96855379454792"><ele>806.199951171875</ele><time>2025-11-22T03:35:27.000Z</time><extensions/></trkpt><trkpt lat="35.63924811780453" lon="138.96850685589015"><ele>806.4000244140625</ele><time>2025-11-22T03:35:34.000Z</time><extensions/></trkpt><trkpt lat="35.63922339119017" lon="138.9684617612511"><ele>806.5999755859375</ele><time>2025-11-22T03:35:38.000Z</time><extensions/></trkpt><trkpt lat="35.639219619333744" lon="138.96844508126378"><ele>806.5999755859375</ele><time>2025-11-22T03:35:39.000Z</time><extensions/></trkpt><trkpt lat="35.639155665412545" lon="138.96832345984876"><ele>806.800048828125</ele><time>2025-11-22T03:35:48.000Z</time><extensions/></trkpt><trkpt lat="35.63909883610904" lon="138.9682233799249"><ele>806.800048828125</ele><time>2025-11-22T03:35:56.000Z</time><extensions/></trkpt><trkpt lat="35.63903362490237" lon="138.968120617792"><ele>806.800048828125</ele><time>2025-11-22T03:36:04.000Z</time><extensions/></trkpt><trkpt lat="35.63900328241289" lon="138.96802313625813"><ele>808.0</ele><time>2025-11-22T03:36:12.000Z</time><extensions/></trkpt><trkpt lat="35.639001773670316" lon="138.9680101443082"><ele>808.0</ele><time>2025-11-22T03:36:13.000Z</time><extensions/></trkpt><trkpt lat="35.638942178338766" lon="138.9678438473493"><ele>807.800048828125</ele><time>2025-11-22T03:36:26.000Z</time><extensions/></trkpt><trkpt lat="35.638916781172156" lon="138.96770764142275"><ele>807.4000244140625</ele><time>2025-11-22T03:36:35.000Z</time><extensions/></trkpt><trkpt lat="35.638899179175496" lon="138.96759775467217"><ele>807.199951171875</ele><time>2025-11-22T03:36:43.000Z</time><extensions/></trkpt><trkpt lat="35.63888803124428" lon="138.96751703694463"><ele>807.800048828125</ele><time>2025-11-22T03:36:51.000Z</time><extensions/></trkpt><trkpt lat="35.63888459466398" lon="138.96742491982877"><ele>809.5999755859375</ele><time>2025-11-22T03:37:02.000Z</time><extensions/></trkpt><trkpt lat="35.63886288553476" lon="138.96736884489655"><ele>811.4000244140625</ele><time>2025-11-22T03:37:10.000Z</time><extensions/></trkpt><trkpt lat="35.6388576887548" lon="138.967229956761"><ele>813.4000244140625</ele><time>2025-11-22T03:37:21.000Z</time><extensions/></trkpt><trkpt lat="35.63883254304528" lon="138.9670644979924"><ele>814.199951171875</ele><time>2025-11-22T03:37:33.000Z</time><extensions/></trkpt><trkpt lat="35.63882592134178" lon="138.96698688156903"><ele>813.800048828125</ele><time>2025-11-22T03:37:38.000Z</time><extensions/></trkpt><trkpt lat="35.63882743008435" lon="138.96697053685784"><ele>813.800048828125</ele><time>2025-11-22T03:37:39.000Z</time><extensions/></trkpt><trkpt lat="35.63882843591273" lon="138.96695544943213"><ele>813.800048828125</ele><time>2025-11-22T03:37:40.000Z</time><extensions/></trkpt><trkpt lat="35.63882768154144" lon="138.96694019436836"><ele>813.5999755859375</ele><time>2025-11-22T03:37:41.000Z</time><extensions/></trkpt><trkpt lat="35.63882608897984" lon="138.9669141266495"><ele>813.0</ele><time>2025-11-22T03:37:48.000Z</time><extensions/></trkpt><trkpt lat="35.63881292939186" lon="138.9668953511864"><ele>813.0</ele><time>2025-11-22T03:37:50.000Z</time><extensions/></trkpt><trkpt lat="35.63879155553877" lon="138.96686852909625"><ele>812.800048828125</ele><time>2025-11-22T03:37:53.000Z</time><extensions/></trkpt><trkpt lat="35.63877613283694" lon="138.96683449856937"><ele>812.5999755859375</ele><time>2025-11-22T03:37:56.000Z</time><extensions/></trkpt><trkpt lat="35.63877671957016" lon="138.96681706421077"><ele>812.5999755859375</ele><time>2025-11-22T03:37:57.000Z</time><extensions/></trkpt><trkpt lat="35.63877713866532" lon="138.96680164150894"><ele>812.4000244140625</ele><time>2025-11-22T03:37:58.000Z</time><extensions/></trkpt><trkpt lat="35.63877051696181" lon="138.96680432371795"><ele>811.199951171875</ele><time>2025-11-22T03:38:05.000Z</time><extensions/></trkpt><trkpt lat="35.63872642815113" lon="138.9668041560799"><ele>810.5999755859375</ele><time>2025-11-22T03:38:13.000Z</time><extensions/></trkpt><trkpt lat="35.638715447857976" lon="138.96676995791495"><ele>810.4000244140625</ele><time>2025-11-22T03:38:16.000Z</time><extensions/></trkpt><trkpt lat="35.63871184363961" lon="138.96675629541278"><ele>810.199951171875</ele><time>2025-11-22T03:38:17.000Z</time><extensions/></trkpt><trkpt lat="35.63866482116282" lon="138.96672218106687"><ele>807.800048828125</ele><time>2025-11-22T03:38:27.000Z</time><extensions/></trkpt><trkpt lat="35.63860614784062" lon="138.96668747998774"><ele>804.800048828125</ele><time>2025-11-22T03:38:38.000Z</time><extensions/></trkpt><trkpt lat="35.63858862966299" lon="138.96668002009392"><ele>802.4000244140625</ele><time>2025-11-22T03:38:46.000Z</time><extensions/></trkpt><trkpt lat="35.63857505097985" lon="138.96669401787221"><ele>799.4000244140625</ele><time>2025-11-22T03:39:10.000Z</time><extensions/></trkpt><trkpt lat="35.63857479952276" lon="138.96669904701412"><ele>798.0</ele><time>2025-11-22T03:39:28.000Z</time><extensions/></trkpt><trkpt lat="35.6385347340256" lon="138.96664179861546"><ele>796.0</ele><time>2025-11-22T03:39:52.000Z</time><extensions/></trkpt><trkpt lat="35.63851419836283" lon="138.9666347578168"><ele>794.5999755859375</ele><time>2025-11-22T03:40:00.000Z</time><extensions/></trkpt><trkpt lat="35.638475976884365" lon="138.96662008948624"><ele>793.199951171875</ele><time>2025-11-22T03:40:09.000Z</time><extensions/></trkpt><trkpt lat="35.638462817296386" lon="138.966606259346"><ele>791.5999755859375</ele><time>2025-11-22T03:40:19.000Z</time><extensions/></trkpt><trkpt lat="35.638445718213916" lon="138.96659603342414"><ele>789.5999755859375</ele><time>2025-11-22T03:40:30.000Z</time><extensions/></trkpt><trkpt lat="35.638428535312414" lon="138.96658857353032"><ele>788.199951171875</ele><time>2025-11-22T03:40:40.000Z</time><extensions/></trkpt><trkpt lat="35.63837346620858" lon="138.9666239451617"><ele>785.0</ele><time>2025-11-22T03:41:03.000Z</time><extensions/></trkpt><trkpt lat="35.638322085142136" lon="138.96661824546754"><ele>781.800048828125</ele><time>2025-11-22T03:41:22.000Z</time><extensions/></trkpt><trkpt lat="35.638281516730785" lon="138.96660776808858"><ele>779.199951171875</ele><time>2025-11-22T03:41:34.000Z</time><extensions/></trkpt><trkpt lat="35.63825787976384" lon="138.96663115359843"><ele>777.199951171875</ele><time>2025-11-22T03:41:44.000Z</time><extensions/></trkpt><trkpt lat="35.63820255920291" lon="138.96661623381078"><ele>774.199951171875</ele><time>2025-11-22T03:42:01.000Z</time><extensions/></trkpt><trkpt lat="35.63817774876952" lon="138.9666149765253"><ele>772.199951171875</ele><time>2025-11-22T03:42:10.000Z</time><extensions/></trkpt><trkpt lat="35.63812385313213" lon="138.96660508587956"><ele>770.4000244140625</ele><time>2025-11-22T03:42:36.000Z</time><extensions/></trkpt><trkpt lat="35.63809133134782" lon="138.96660827100277"><ele>767.800048828125</ele><time>2025-11-22T03:42:48.000Z</time><extensions/></trkpt><trkpt lat="35.638057217001915" lon="138.96662486717105"><ele>766.0</ele><time>2025-11-22T03:42:59.000Z</time><extensions/></trkpt><trkpt lat="35.638036765158176" lon="138.9666104502976"><ele>764.199951171875</ele><time>2025-11-22T03:43:12.000Z</time><extensions/></trkpt><trkpt lat="35.638036765158176" lon="138.9666104502976"><ele>761.199951171875</ele><time>2025-11-22T03:43:35.000Z</time><extensions/></trkpt><trkpt lat="35.6380043271929" lon="138.96659024991095"><ele>759.800048828125</ele><time>2025-11-22T03:43:55.000Z</time><extensions/></trkpt><trkpt lat="35.637977588921785" lon="138.96656334400177"><ele>759.0</ele><time>2025-11-22T03:44:03.000Z</time><extensions/></trkpt><trkpt lat="35.637948252260685" lon="138.9665726479143"><ele>757.0</ele><time>2025-11-22T03:44:12.000Z</time><extensions/></trkpt><trkpt lat="35.637923358008265" lon="138.96659293211997"><ele>755.199951171875</ele><time>2025-11-22T03:44:23.000Z</time><extensions/></trkpt><trkpt lat="35.637885639443994" lon="138.9665327500552"><ele>753.4000244140625</ele><time>2025-11-22T03:44:32.000Z</time><extensions/></trkpt><trkpt lat="35.63787356950343" lon="138.9665538724512"><ele>751.4000244140625</ele><time>2025-11-22T03:44:42.000Z</time><extensions/></trkpt><trkpt lat="35.63783803023398" lon="138.96658605895936"><ele>749.0</ele><time>2025-11-22T03:44:53.000Z</time><extensions/></trkpt><trkpt lat="35.637812884524465" lon="138.96656745113432"><ele>747.199951171875</ele><time>2025-11-22T03:45:02.000Z</time><extensions/></trkpt><trkpt lat="35.63775169663131" lon="138.96657591685653"><ele>745.0</ele><time>2025-11-22T03:45:13.000Z</time><extensions/></trkpt><trkpt lat="35.63770358450711" lon="138.96660164929926"><ele>741.800048828125</ele><time>2025-11-22T03:45:25.000Z</time><extensions/></trkpt><trkpt lat="35.63770425505936" lon="138.9665858913213"><ele>740.800048828125</ele><time>2025-11-22T03:45:36.000Z</time><extensions/></trkpt><trkpt lat="35.6376522872597" lon="138.9665742404759"><ele>740.0</ele><time>2025-11-22T03:45:48.000Z</time><extensions/></trkpt><trkpt lat="35.637644324451685" lon="138.966532247141"><ele>738.4000244140625</ele><time>2025-11-22T03:45:59.000Z</time><extensions/></trkpt><trkpt lat="35.63762102276087" lon="138.96656988188624"><ele>737.5999755859375</ele><time>2025-11-22T03:46:35.000Z</time><extensions/></trkpt><trkpt lat="35.63758162781596" lon="138.9665845502168"><ele>736.800048828125</ele><time>2025-11-22T03:46:45.000Z</time><extensions/></trkpt><trkpt lat="35.63751272857189" lon="138.96662268787622"><ele>733.800048828125</ele><time>2025-11-22T03:46:58.000Z</time><extensions/></trkpt><trkpt lat="35.6374744232744" lon="138.96659762598574"><ele>731.0</ele><time>2025-11-22T03:47:10.000Z</time><extensions/></trkpt><trkpt lat="35.637404937297106" lon="138.96661078557372"><ele>729.800048828125</ele><time>2025-11-22T03:47:20.000Z</time><extensions/></trkpt><trkpt lat="35.63731684349477" lon="138.96660843864083"><ele>727.199951171875</ele><time>2025-11-22T03:47:29.000Z</time><extensions/></trkpt><trkpt lat="35.637306198477745" lon="138.96660525351763"><ele>727.0</ele><time>2025-11-22T03:47:30.000Z</time><extensions/></trkpt><trkpt lat="35.63717418350279" lon="138.96658044308424"><ele>723.800048828125</ele><time>2025-11-22T03:47:41.000Z</time><extensions/></trkpt><trkpt lat="35.637088771909475" lon="138.9665554650128"><ele>721.800048828125</ele><time>2025-11-22T03:47:49.000Z</time><extensions/></trkpt><trkpt lat="35.637008640915155" lon="138.9665245357901"><ele>720.199951171875</ele><time>2025-11-22T03:47:56.000Z</time><extensions/></trkpt><trkpt lat="35.636923061683774" lon="138.96650249138474"><ele>718.800048828125</ele><time>2025-11-22T03:48:04.000Z</time><extensions/></trkpt><trkpt lat="35.636915769428015" lon="138.96650492213666"><ele>718.800048828125</ele><time>2025-11-22T03:48:05.000Z</time><extensions/></trkpt><trkpt lat="35.63691694289446" lon="138.9665116276592"><ele>718.199951171875</ele><time>2025-11-22T03:48:11.000Z</time><extensions/></trkpt><trkpt lat="35.63690043054521" lon="138.96651104092598"><ele>717.5999755859375</ele><time>2025-11-22T03:48:23.000Z</time><extensions/></trkpt><trkpt lat="35.6368906237185" lon="138.96646603010595"><ele>717.4000244140625</ele><time>2025-11-22T03:48:32.000Z</time><extensions/></trkpt><trkpt lat="35.63689657486975" lon="138.96645572036505"><ele>717.4000244140625</ele><time>2025-11-22T03:48:40.000Z</time><extensions/></trkpt><trkpt lat="35.63689338974655" lon="138.96646393463016"><ele>717.4000244140625</ele><time>2025-11-22T03:48:56.000Z</time><extensions/></trkpt><trkpt lat="35.63688316382468" lon="138.96646686829627"><ele>717.199951171875</ele><time>2025-11-22T03:49:18.000Z</time><extensions/></trkpt><trkpt lat="35.63687553629279" lon="138.96640383638442"><ele>717.199951171875</ele><time>2025-11-22T03:49:26.000Z</time><extensions/></trkpt><trkpt lat="35.63679934479296" lon="138.96638036705554"><ele>715.4000244140625</ele><time>2025-11-22T03:49:39.000Z</time><extensions/></trkpt><trkpt lat="35.63678509555757" lon="138.96632194519043"><ele>713.5999755859375</ele><time>2025-11-22T03:49:47.000Z</time><extensions/></trkpt><trkpt lat="35.63673002645373" lon="138.9662510342896"><ele>710.800048828125</ele><time>2025-11-22T03:49:57.000Z</time><extensions/></trkpt><trkpt lat="35.636615781113505" lon="138.96621239371598"><ele>707.5999755859375</ele><time>2025-11-22T03:50:09.000Z</time><extensions/></trkpt><trkpt lat="35.63658652827144" lon="138.9661863259971"><ele>706.800048828125</ele><time>2025-11-22T03:50:13.000Z</time><extensions/></trkpt><trkpt lat="35.636579655110836" lon="138.9661756809801"><ele>706.4000244140625</ele><time>2025-11-22T03:50:14.000Z</time><extensions/></trkpt><trkpt lat="35.636522993445396" lon="138.9661664608866"><ele>704.5999755859375</ele><time>2025-11-22T03:50:22.000Z</time><extensions/></trkpt><trkpt lat="35.63648695126176" lon="138.96607937291265"><ele>702.199951171875</ele><time>2025-11-22T03:50:32.000Z</time><extensions/></trkpt><trkpt lat="35.63647823408246" lon="138.9659965597093"><ele>699.199951171875</ele><time>2025-11-22T03:50:43.000Z</time><extensions/></trkpt><trkpt lat="35.63644655048847" lon="138.9659645408392"><ele>697.0</ele><time>2025-11-22T03:50:52.000Z</time><extensions/></trkpt><trkpt lat="35.63639449886978" lon="138.96598239429295"><ele>695.0</ele><time>2025-11-22T03:51:02.000Z</time><extensions/></trkpt><trkpt lat="35.63637069426477" lon="138.965961355716"><ele>693.0</ele><time>2025-11-22T03:51:11.000Z</time><extensions/></trkpt><trkpt lat="35.63639357686043" lon="138.9658675622195"><ele>690.800048828125</ele><time>2025-11-22T03:51:21.000Z</time><extensions/></trkpt><trkpt lat="35.63639223575592" lon="138.96586026996374"><ele>688.5999755859375</ele><time>2025-11-22T03:51:33.000Z</time><extensions/></trkpt><trkpt lat="35.636355355381966" lon="138.96588097326458"><ele>688.0</ele><time>2025-11-22T03:51:44.000Z</time><extensions/></trkpt><trkpt lat="35.636311769485474" lon="138.96594174206257"><ele>686.199951171875</ele><time>2025-11-22T03:52:10.000Z</time><extensions/></trkpt><trkpt lat="35.63621177338064" lon="138.96603159606457"><ele>683.4000244140625</ele><time>2025-11-22T03:52:25.000Z</time><extensions/></trkpt><trkpt lat="35.63613465987146" lon="138.96610192023218"><ele>681.199951171875</ele><time>2025-11-22T03:52:36.000Z</time><extensions/></trkpt><trkpt lat="35.63609945587814" lon="138.96600754000247"><ele>679.0</ele><time>2025-11-22T03:52:44.000Z</time><extensions/></trkpt><trkpt lat="35.63608135096729" lon="138.96590963937342"><ele>675.800048828125</ele><time>2025-11-22T03:52:56.000Z</time><extensions/></trkpt><trkpt lat="35.63600457273424" lon="138.9659629482776"><ele>672.800048828125</ele><time>2025-11-22T03:53:07.000Z</time><extensions/></trkpt><trkpt lat="35.635939529165626" lon="138.96600108593702"><ele>670.0</ele><time>2025-11-22T03:53:18.000Z</time><extensions/></trkpt><trkpt lat="35.6359011400491" lon="138.96603612229228"><ele>668.800048828125</ele><time>2025-11-22T03:53:25.000Z</time><extensions/></trkpt><trkpt lat="35.635850597172976" lon="138.96605137735605"><ele>666.5999755859375</ele><time>2025-11-22T03:53:35.000Z</time><extensions/></trkpt><trkpt lat="35.635808520019054" lon="138.96605053916574"><ele>663.800048828125</ele><time>2025-11-22T03:53:47.000Z</time><extensions/></trkpt><trkpt lat="35.635779770091176" lon="138.9660781994462"><ele>662.5999755859375</ele><time>2025-11-22T03:53:51.000Z</time><extensions/></trkpt><trkpt lat="35.635772394016385" lon="138.96608867682517"><ele>662.4000244140625</ele><time>2025-11-22T03:53:52.000Z</time><extensions/></trkpt><trkpt lat="35.63575655221939" lon="138.96610049530864"><ele>661.800048828125</ele><time>2025-11-22T03:53:54.000Z</time><extensions/></trkpt><trkpt lat="35.63574674539268" lon="138.96610443480313"><ele>661.5999755859375</ele><time>2025-11-22T03:53:55.000Z</time><extensions/></trkpt><trkpt lat="35.635736184194684" lon="138.96615388803184"><ele>659.800048828125</ele><time>2025-11-22T03:54:02.000Z</time><extensions/></trkpt><trkpt lat="35.63566762022674" lon="138.96614659577608"><ele>657.4000244140625</ele><time>2025-11-22T03:54:11.000Z</time><extensions/></trkpt><trkpt lat="35.63565789721906" lon="138.96613804623485"><ele>657.0</ele><time>2025-11-22T03:54:12.000Z</time><extensions/></trkpt><trkpt lat="35.635595535859466" lon="138.96603385917842"><ele>653.800048828125</ele><time>2025-11-22T03:54:23.000Z</time><extensions/></trkpt><trkpt lat="35.63559327274561" lon="138.9659619424492"><ele>652.5999755859375</ele><time>2025-11-22T03:54:28.000Z</time><extensions/></trkpt><trkpt lat="35.635632164776325" lon="138.96585457026958"><ele>650.0</ele><time>2025-11-22T03:54:37.000Z</time><extensions/></trkpt><trkpt lat="35.63561523333192" lon="138.96582892164588"><ele>647.4000244140625</ele><time>2025-11-22T03:54:45.000Z</time><extensions/></trkpt><trkpt lat="35.635530995205045" lon="138.965837135911"><ele>644.5999755859375</ele><time>2025-11-22T03:54:55.000Z</time><extensions/></trkpt><trkpt lat="35.63546838238835" lon="138.96585138514638"><ele>642.4000244140625</ele><time>2025-11-22T03:55:03.000Z</time><extensions/></trkpt><trkpt lat="35.635388167575" lon="138.965860940516"><ele>639.5999755859375</ele><time>2025-11-22T03:55:13.000Z</time><extensions/></trkpt><trkpt lat="35.63537727110088" lon="138.9658643770963"><ele>639.199951171875</ele><time>2025-11-22T03:55:14.000Z</time><extensions/></trkpt><trkpt lat="35.63531658612192" lon="138.96585574373603"><ele>637.4000244140625</ele><time>2025-11-22T03:55:21.000Z</time><extensions/></trkpt><trkpt lat="35.63524383120239" lon="138.96586379036307"><ele>634.800048828125</ele><time>2025-11-22T03:55:30.000Z</time><extensions/></trkpt><trkpt lat="35.6351603474468" lon="138.96582867018878"><ele>632.4000244140625</ele><time>2025-11-22T03:55:41.000Z</time><extensions/></trkpt><trkpt lat="35.635115671902895" lon="138.96583235822618"><ele>629.800048828125</ele><time>2025-11-22T03:55:50.000Z</time><extensions/></trkpt><trkpt lat="35.63502891920507" lon="138.9658249821514"><ele>627.0</ele><time>2025-11-22T03:56:02.000Z</time><extensions/></trkpt><trkpt lat="35.63493319787085" lon="138.9657507184893"><ele>623.800048828125</ele><time>2025-11-22T03:56:13.000Z</time><extensions/></trkpt><trkpt lat="35.63492422923446" lon="138.96574208512902"><ele>623.5999755859375</ele><time>2025-11-22T03:56:14.000Z</time><extensions/></trkpt><trkpt lat="35.634859688580036" lon="138.96569162607193"><ele>621.4000244140625</ele><time>2025-11-22T03:56:22.000Z</time><extensions/></trkpt><trkpt lat="35.634813671931624" lon="138.96567997522652"><ele>619.0</ele><time>2025-11-22T03:56:30.000Z</time><extensions/></trkpt><trkpt lat="35.63475667499006" lon="138.9656381495297"><ele>617.199951171875</ele><time>2025-11-22T03:56:41.000Z</time><extensions/></trkpt><trkpt lat="35.63469422981143" lon="138.96558014675975"><ele>614.800048828125</ele><time>2025-11-22T03:56:51.000Z</time><extensions/></trkpt><trkpt lat="35.63460965640843" lon="138.96558785811067"><ele>611.5999755859375</ele><time>2025-11-22T03:57:02.000Z</time><extensions/></trkpt><trkpt lat="35.63452776521444" lon="138.96553211845458"><ele>608.4000244140625</ele><time>2025-11-22T03:57:12.000Z</time><extensions/></trkpt><trkpt lat="35.63447873108089" lon="138.96550253033638"><ele>606.800048828125</ele><time>2025-11-22T03:57:17.000Z</time><extensions/></trkpt><trkpt lat="35.63447143882513" lon="138.96549238823354"><ele>606.5999755859375</ele><time>2025-11-22T03:57:18.000Z</time><extensions/></trkpt><trkpt lat="35.634466828778386" lon="138.9654658176005"><ele>606.0</ele><time>2025-11-22T03:57:20.000Z</time><extensions/></trkpt><trkpt lat="35.6344541721046" lon="138.9653862733394"><ele>604.4000244140625</ele><time>2025-11-22T03:57:27.000Z</time><extensions/></trkpt><trkpt lat="35.63442223705351" lon="138.96530295722187"><ele>602.5999755859375</ele><time>2025-11-22T03:57:38.000Z</time><extensions/></trkpt><trkpt lat="35.63434788957238" lon="138.96524243988097"><ele>600.0</ele><time>2025-11-22T03:57:53.000Z</time><extensions/></trkpt><trkpt lat="35.63431402668357" lon="138.96524503827095"><ele>599.0</ele><time>2025-11-22T03:58:03.000Z</time><extensions/></trkpt><trkpt lat="35.634291898459196" lon="138.96526213735342"><ele>597.5999755859375</ele><time>2025-11-22T03:58:12.000Z</time><extensions/></trkpt><trkpt lat="35.634267423301935" lon="138.9652411825955"><ele>597.0</ele><time>2025-11-22T03:58:15.000Z</time><extensions/></trkpt><trkpt lat="35.634254263713956" lon="138.9652200601995"><ele>596.4000244140625</ele><time>2025-11-22T03:58:17.000Z</time><extensions/></trkpt><trkpt lat="35.63421738334" lon="138.9651970937848"><ele>594.5999755859375</ele><time>2025-11-22T03:58:24.000Z</time><extensions/></trkpt><trkpt lat="35.63417094759643" lon="138.96510874852538"><ele>592.199951171875</ele><time>2025-11-22T03:58:35.000Z</time><extensions/></trkpt><trkpt lat="35.63414194621146" lon="138.9650738798082"><ele>591.4000244140625</ele><time>2025-11-22T03:58:39.000Z</time><extensions/></trkpt><trkpt lat="35.63411847688258" lon="138.96503314375877"><ele>590.5999755859375</ele><time>2025-11-22T03:58:43.000Z</time><extensions/></trkpt><trkpt lat="35.63411336392164" lon="138.9650183916092"><ele>590.4000244140625</ele><time>2025-11-22T03:58:44.000Z</time><extensions/></trkpt><trkpt lat="35.634110597893596" lon="138.9650017954409"><ele>590.0</ele><time>2025-11-22T03:58:45.000Z</time><extensions/></trkpt><trkpt lat="35.634113447740674" lon="138.96498427726328"><ele>589.800048828125</ele><time>2025-11-22T03:58:46.000Z</time><extensions/></trkpt><trkpt lat="35.634119398891926" lon="138.96497053094208"><ele>589.5999755859375</ele><time>2025-11-22T03:58:47.000Z</time><extensions/></trkpt><trkpt lat="35.634125769138336" lon="138.96495829336345"><ele>589.4000244140625</ele><time>2025-11-22T03:58:48.000Z</time><extensions/></trkpt><trkpt lat="35.63413389958441" lon="138.96494664251804"><ele>589.199951171875</ele><time>2025-11-22T03:58:49.000Z</time><extensions/></trkpt><trkpt lat="35.634139431640506" lon="138.96493415348232"><ele>589.0</ele><time>2025-11-22T03:58:50.000Z</time><extensions/></trkpt><trkpt lat="35.634159380570054" lon="138.96488461643457"><ele>588.199951171875</ele><time>2025-11-22T03:58:54.000Z</time><extensions/></trkpt><trkpt lat="35.63414974138141" lon="138.96478462032974"><ele>586.199951171875</ele><time>2025-11-22T03:59:03.000Z</time><extensions/></trkpt><trkpt lat="35.63410975970328" lon="138.96469962783158"><ele>583.5999755859375</ele><time>2025-11-22T03:59:12.000Z</time><extensions/></trkpt><trkpt lat="35.63410925678909" lon="138.96464623510838"><ele>582.199951171875</ele><time>2025-11-22T03:59:17.000Z</time><extensions/></trkpt><trkpt lat="35.63409366644919" lon="138.9645920880139"><ele>580.5999755859375</ele><time>2025-11-22T03:59:22.000Z</time><extensions/></trkpt><trkpt lat="35.63407212495804" lon="138.9645083528012"><ele>578.5999755859375</ele><time>2025-11-22T03:59:30.000Z</time><extensions/></trkpt><trkpt lat="35.63403549604118" lon="138.9644235279411"><ele>576.199951171875</ele><time>2025-11-22T03:59:38.000Z</time><extensions/></trkpt><trkpt lat="35.63400473445654" lon="138.9643706381321"><ele>573.800048828125</ele><time>2025-11-22T03:59:46.000Z</time><extensions/></trkpt><trkpt lat="35.6339670997113" lon="138.96437826566398"><ele>572.0</ele><time>2025-11-22T04:00:03.000Z</time><extensions/></trkpt><trkpt lat="35.633864253759384" lon="138.9643717277795"><ele>569.199951171875</ele><time>2025-11-22T04:00:17.000Z</time><extensions/></trkpt><trkpt lat="35.63376224599779" lon="138.9643925987184"><ele>566.4000244140625</ele><time>2025-11-22T04:00:29.000Z</time><extensions/></trkpt><trkpt lat="35.633652191609144" lon="138.9644274674356"><ele>563.4000244140625</ele><time>2025-11-22T04:00:41.000Z</time><extensions/></trkpt><trkpt lat="35.633597960695624" lon="138.96444632671773"><ele>561.0</ele><time>2025-11-22T04:00:49.000Z</time><extensions/></trkpt><trkpt lat="35.63361036591232" lon="138.96452193148434"><ele>559.5999755859375</ele><time>2025-11-22T04:00:59.000Z</time><extensions/></trkpt><trkpt lat="35.633623357862234" lon="138.96457842551172"><ele>558.0</ele><time>2025-11-22T04:01:05.000Z</time><extensions/></trkpt><trkpt lat="35.6336251180619" lon="138.9645918365568"><ele>557.5999755859375</ele><time>2025-11-22T04:01:06.000Z</time><extensions/></trkpt><trkpt lat="35.63365017995238" lon="138.9647036511451"><ele>555.800048828125</ele><time>2025-11-22T04:01:14.000Z</time><extensions/></trkpt><trkpt lat="35.63365294598043" lon="138.96474447101355"><ele>555.0</ele><time>2025-11-22T04:01:17.000Z</time><extensions/></trkpt><trkpt lat="35.63365378417075" lon="138.96476718597114"><ele>554.4000244140625</ele><time>2025-11-22T04:01:19.000Z</time><extensions/></trkpt><trkpt lat="35.633648755028844" lon="138.9648709539324"><ele>552.4000244140625</ele><time>2025-11-22T04:01:28.000Z</time><extensions/></trkpt><trkpt lat="35.63364473171532" lon="138.9649573713541"><ele>550.800048828125</ele><time>2025-11-22T04:01:34.000Z</time><extensions/></trkpt><trkpt lat="35.63363945111632" lon="138.96497044712305"><ele>550.5999755859375</ele><time>2025-11-22T04:01:35.000Z</time><extensions/></trkpt><trkpt lat="35.63362419605255" lon="138.96504068747163"><ele>549.0</ele><time>2025-11-22T04:01:42.000Z</time><extensions/></trkpt><trkpt lat="35.63363282941282" lon="138.9650937449187"><ele>547.800048828125</ele><time>2025-11-22T04:01:47.000Z</time><extensions/></trkpt><trkpt lat="35.63363098539412" lon="138.96510606631637"><ele>547.800048828125</ele><time>2025-11-22T04:01:48.000Z</time><extensions/></trkpt><trkpt lat="35.633599888533354" lon="138.96524285897613"><ele>545.4000244140625</ele><time>2025-11-22T04:01:58.000Z</time><extensions/></trkpt><trkpt lat="35.63355387188494" lon="138.9652929827571"><ele>543.5999755859375</ele><time>2025-11-22T04:02:05.000Z</time><extensions/></trkpt><trkpt lat="35.633480278775096" lon="138.96529608406126"><ele>541.800048828125</ele><time>2025-11-22T04:02:14.000Z</time><extensions/></trkpt><trkpt lat="35.63341339118779" lon="138.96527362056077"><ele>539.800048828125</ele><time>2025-11-22T04:02:21.000Z</time><extensions/></trkpt><trkpt lat="35.63340375199914" lon="138.96526347845793"><ele>539.5999755859375</ele><time>2025-11-22T04:02:22.000Z</time><extensions/></trkpt><trkpt lat="35.633372236043215" lon="138.96525207906961"><ele>537.5999755859375</ele><time>2025-11-22T04:02:29.000Z</time><extensions/></trkpt><trkpt lat="35.633389335125685" lon="138.965263646096"><ele>537.0</ele><time>2025-11-22T04:02:33.000Z</time><extensions/></trkpt><trkpt lat="35.633397633209825" lon="138.96527035161853"><ele>536.800048828125</ele><time>2025-11-22T04:02:34.000Z</time><extensions/></trkpt><trkpt lat="35.633406434208155" lon="138.96527655422688"><ele>536.800048828125</ele><time>2025-11-22T04:02:35.000Z</time><extensions/></trkpt><trkpt lat="35.63342923298478" lon="138.96528175100684"><ele>537.5999755859375</ele><time>2025-11-22T04:02:45.000Z</time><extensions/></trkpt><trkpt lat="35.63340215943754" lon="138.96526305936277"><ele>537.5999755859375</ele><time>2025-11-22T04:03:03.000Z</time><extensions/></trkpt><trkpt lat="35.63334901817143" lon="138.96522039547563"><ele>536.800048828125</ele><time>2025-11-22T04:03:10.000Z</time><extensions/></trkpt><trkpt lat="35.633233934640884" lon="138.96514856256545"><ele>533.800048828125</ele><time>2025-11-22T04:03:22.000Z</time><extensions/></trkpt><trkpt lat="35.63319177366793" lon="138.96508905105293"><ele>531.5999755859375</ele><time>2025-11-22T04:03:31.000Z</time><extensions/></trkpt><trkpt lat="35.63312471844256" lon="138.96498846821487"><ele>530.199951171875</ele><time>2025-11-22T04:03:41.000Z</time><extensions/></trkpt><trkpt lat="35.63310083001852" lon="138.9649523422122"><ele>529.5999755859375</ele><time>2025-11-22T04:03:44.000Z</time><extensions/></trkpt><trkpt lat="35.63302111811936" lon="138.964819656685"><ele>526.4000244140625</ele><time>2025-11-22T04:03:56.000Z</time><extensions/></trkpt><trkpt lat="35.63297099433839" lon="138.96467423066497"><ele>524.199951171875</ele><time>2025-11-22T04:04:07.000Z</time><extensions/></trkpt><trkpt lat="35.6329205352813" lon="138.96454892121255"><ele>522.0</ele><time>2025-11-22T04:04:16.000Z</time><extensions/></trkpt><trkpt lat="35.63287552446127" lon="138.964428557083"><ele>519.7999877929688</ele><time>2025-11-22T04:04:25.000Z</time><extensions/></trkpt><trkpt lat="35.632827244699" lon="138.96437306888402"><ele>518.0</ele><time>2025-11-22T04:04:32.000Z</time><extensions/></trkpt><trkpt lat="35.63278189860284" lon="138.96437977440655"><ele>515.7999877929688</ele><time>2025-11-22T04:04:40.000Z</time><extensions/></trkpt><trkpt lat="35.63273931853473" lon="138.96434725262225"><ele>514.5999755859375</ele><time>2025-11-22T04:04:45.000Z</time><extensions/></trkpt><trkpt lat="35.63273202627897" lon="138.96433585323393"><ele>514.4000244140625</ele><time>2025-11-22T04:04:46.000Z</time><extensions/></trkpt><trkpt lat="35.632651560008526" lon="138.9642133936286"><ele>511.20001220703125</ele><time>2025-11-22T04:04:57.000Z</time><extensions/></trkpt><trkpt lat="35.63261912204325" lon="138.96408858709037"><ele>508.0</ele><time>2025-11-22T04:05:07.000Z</time><extensions/></trkpt><trkpt lat="35.63262498937547" lon="138.96394299343228"><ele>505.5999755859375</ele><time>2025-11-22T04:05:17.000Z</time><extensions/></trkpt><trkpt lat="35.63260143622756" lon="138.96388348191977"><ele>503.5999755859375</ele><time>2025-11-22T04:05:25.000Z</time><extensions/></trkpt><trkpt lat="35.63254427164793" lon="138.9638172648847"><ele>500.5999755859375</ele><time>2025-11-22T04:05:36.000Z</time><extensions/></trkpt><trkpt lat="35.63253396190703" lon="138.9637881796807"><ele>498.79998779296875</ele><time>2025-11-22T04:05:49.000Z</time><extensions/></trkpt><trkpt lat="35.63250093720853" lon="138.963707042858"><ele>498.20001220703125</ele><time>2025-11-22T04:05:57.000Z</time><extensions/></trkpt><trkpt lat="35.632476629689336" lon="138.96364853717387"><ele>497.20001220703125</ele><time>2025-11-22T04:06:02.000Z</time><extensions/></trkpt><trkpt lat="35.63244276680052" lon="138.96357611753047"><ele>495.0</ele><time>2025-11-22T04:06:10.000Z</time><extensions/></trkpt><trkpt lat="35.63240462914109" lon="138.96351216360927"><ele>492.5999755859375</ele><time>2025-11-22T04:06:20.000Z</time><extensions/></trkpt><trkpt lat="35.63239096663892" lon="138.96349858492613"><ele>491.0</ele><time>2025-11-22T04:06:30.000Z</time><extensions/></trkpt><trkpt lat="35.63236984424293" lon="138.9633827470243"><ele>490.0</ele><time>2025-11-22T04:06:44.000Z</time><extensions/></trkpt><trkpt lat="35.632321732118726" lon="138.963268334046"><ele>487.0</ele><time>2025-11-22T04:06:57.000Z</time><extensions/></trkpt><trkpt lat="35.632253251969814" lon="138.96312709897757"><ele>483.79998779296875</ele><time>2025-11-22T04:07:10.000Z</time><extensions/></trkpt><trkpt lat="35.632198099046946" lon="138.96297329105437"><ele>481.20001220703125</ele><time>2025-11-22T04:07:23.000Z</time><extensions/></trkpt><trkpt lat="35.63217588700354" lon="138.96290724165738"><ele>479.79998779296875</ele><time>2025-11-22T04:07:32.000Z</time><extensions/></trkpt><trkpt lat="35.632152166217566" lon="138.96284219808877"><ele>479.0</ele><time>2025-11-22T04:07:44.000Z</time><extensions/></trkpt><trkpt lat="35.6321279425174" lon="138.96271236240864"><ele>477.20001220703125</ele><time>2025-11-22T04:07:55.000Z</time><extensions/></trkpt><trkpt lat="35.63209919258952" lon="138.96261571906507"><ele>475.4000244140625</ele><time>2025-11-22T04:08:04.000Z</time><extensions/></trkpt><trkpt lat="35.63209567219019" lon="138.96260012872517"><ele>474.20001220703125</ele><time>2025-11-22T04:08:12.000Z</time><extensions/></trkpt><trkpt lat="35.63211034052074" lon="138.96259585395455"><ele>473.79998779296875</ele><time>2025-11-22T04:08:27.000Z</time><extensions/></trkpt><trkpt lat="35.632157446816564" lon="138.96256064996123"><ele>473.5999755859375</ele><time>2025-11-22T04:08:36.000Z</time><extensions/></trkpt><trkpt lat="35.63220866024494" lon="138.9625243563205"><ele>473.4000244140625</ele><time>2025-11-22T04:08:42.000Z</time><extensions/></trkpt><trkpt lat="35.63225157558918" lon="138.96248915232718"><ele>472.79998779296875</ele><time>2025-11-22T04:08:50.000Z</time><extensions/></trkpt><trkpt lat="35.632320223376155" lon="138.96244757808745"><ele>471.5999755859375</ele><time>2025-11-22T04:08:59.000Z</time><extensions/></trkpt><trkpt lat="35.63233262859285" lon="138.96243986673653"><ele>471.0</ele><time>2025-11-22T04:09:07.000Z</time><extensions/></trkpt><trkpt lat="35.63229063525796" lon="138.96247054450214"><ele>471.0</ele><time>2025-11-22T04:09:14.000Z</time><extensions/></trkpt><trkpt lat="35.632287533953786" lon="138.96247875876725"><ele>471.0</ele><time>2025-11-22T04:09:15.000Z</time><extensions/></trkpt><trkpt lat="35.632252832874656" lon="138.96250708959997"><ele>471.4000244140625</ele><time>2025-11-22T04:09:21.000Z</time><extensions/></trkpt><trkpt lat="35.632230788469315" lon="138.96251689642668"><ele>471.4000244140625</ele><time>2025-11-22T04:09:24.000Z</time><extensions/></trkpt><trkpt lat="35.63217622227967" lon="138.9625523518771"><ele>472.0</ele><time>2025-11-22T04:09:31.000Z</time><extensions/></trkpt><trkpt lat="35.63216214068234" lon="138.96255914121866"><ele>472.20001220703125</ele><time>2025-11-22T04:09:33.000Z</time><extensions/></trkpt><trkpt lat="35.63211654312909" lon="138.96258789114654"><ele>473.4000244140625</ele><time>2025-11-22T04:09:42.000Z</time><extensions/></trkpt><trkpt lat="35.63209231942892" lon="138.96250021643937"><ele>473.5999755859375</ele><time>2025-11-22T04:09:53.000Z</time><extensions/></trkpt><trkpt lat="35.632075974717736" lon="138.96245235577226"><ele>473.5999755859375</ele><time>2025-11-22T04:09:57.000Z</time><extensions/></trkpt><trkpt lat="35.63207228668034" lon="138.9624374359846"><ele>473.5999755859375</ele><time>2025-11-22T04:09:58.000Z</time><extensions/></trkpt><trkpt lat="35.632068095728755" lon="138.96242377348244"><ele>473.5999755859375</ele><time>2025-11-22T04:09:59.000Z</time><extensions/></trkpt><trkpt lat="35.63202543184161" lon="138.9623282197863"><ele>472.5999755859375</ele><time>2025-11-22T04:10:08.000Z</time><extensions/></trkpt><trkpt lat="35.631968434900045" lon="138.9622148964554"><ele>472.5999755859375</ele><time>2025-11-22T04:10:18.000Z</time><extensions/></trkpt><trkpt lat="35.63193348236382" lon="138.96213183179498"><ele>469.20001220703125</ele><time>2025-11-22T04:10:25.000Z</time><extensions/></trkpt><trkpt lat="35.631927363574505" lon="138.96210668608546"><ele>466.20001220703125</ele><time>2025-11-22T04:10:35.000Z</time><extensions/></trkpt><trkpt lat="35.63193926587701" lon="138.96205857396126"><ele>465.5999755859375</ele><time>2025-11-22T04:10:39.000Z</time><extensions/></trkpt><trkpt lat="35.631944043561816" lon="138.96204558201134"><ele>465.5999755859375</ele><time>2025-11-22T04:10:40.000Z</time><extensions/></trkpt><trkpt lat="35.6320261862129" lon="138.96196469664574"><ele>463.79998779296875</ele><time>2025-11-22T04:10:50.000Z</time><extensions/></trkpt><trkpt lat="35.63204739242792" lon="138.9619210269302"><ele>463.0</ele><time>2025-11-22T04:10:54.000Z</time><extensions/></trkpt><trkpt lat="35.63204672187567" lon="138.9619082864374"><ele>462.79998779296875</ele><time>2025-11-22T04:10:55.000Z</time><extensions/></trkpt><trkpt lat="35.63205652870238" lon="138.9617542270571"><ele>460.0</ele><time>2025-11-22T04:11:07.000Z</time><extensions/></trkpt><trkpt lat="35.63208192586899" lon="138.96163168363273"><ele>458.4000244140625</ele><time>2025-11-22T04:11:16.000Z</time><extensions/></trkpt><trkpt lat="35.632093492895365" lon="138.96153612993658"><ele>457.20001220703125</ele><time>2025-11-22T04:11:24.000Z</time><extensions/></trkpt><trkpt lat="35.63207186758518" lon="138.96144149824977"><ele>455.79998779296875</ele><time>2025-11-22T04:11:32.000Z</time><extensions/></trkpt><trkpt lat="35.63207605853677" lon="138.96136824041605"><ele>454.4000244140625</ele><time>2025-11-22T04:11:39.000Z</time><extensions/></trkpt><trkpt lat="35.63206893391907" lon="138.9613641332835"><ele>454.20001220703125</ele><time>2025-11-22T04:11:40.000Z</time><extensions/></trkpt><trkpt lat="35.63205518759787" lon="138.96134703420103"><ele>453.5999755859375</ele><time>2025-11-22T04:11:47.000Z</time><extensions/></trkpt><trkpt lat="35.63207563944161" lon="138.96136933006346"><ele>452.4000244140625</ele><time>2025-11-22T04:11:54.000Z</time><extensions/></trkpt><trkpt lat="35.632072538137436" lon="138.96136815659702"><ele>452.20001220703125</ele><time>2025-11-22T04:12:02.000Z</time><extensions/></trkpt><trkpt lat="35.63210858032107" lon="138.96136245690286"><ele>453.0</ele><time>2025-11-22T04:12:23.000Z</time><extensions/></trkpt><trkpt lat="35.63212023116648" lon="138.9613588526845"><ele>453.0</ele><time>2025-11-22T04:12:24.000Z</time><extensions/></trkpt><trkpt lat="35.6321329716593" lon="138.96135583519936"><ele>453.0</ele><time>2025-11-22T04:12:25.000Z</time><extensions/></trkpt><trkpt lat="35.63214663416147" lon="138.96135449409485"><ele>453.0</ele><time>2025-11-22T04:12:26.000Z</time><extensions/></trkpt><trkpt lat="35.63216029666364" lon="138.96135508082807"><ele>453.0</ele><time>2025-11-22T04:12:27.000Z</time><extensions/></trkpt><trkpt lat="35.63217379152775" lon="138.96135348826647"><ele>453.0</ele><time>2025-11-22T04:12:28.000Z</time><extensions/></trkpt><trkpt lat="35.632186364382505" lon="138.9613506384194"><ele>452.79998779296875</ele><time>2025-11-22T04:12:29.000Z</time><extensions/></trkpt><trkpt lat="35.63219826668501" lon="138.96134929731488"><ele>452.79998779296875</ele><time>2025-11-22T04:12:30.000Z</time><extensions/></trkpt><trkpt lat="35.6322109233588" lon="138.96134812384844"><ele>452.5999755859375</ele><time>2025-11-22T04:12:31.000Z</time><extensions/></trkpt><trkpt lat="35.632322235032916" lon="138.96135868504643"><ele>452.20001220703125</ele><time>2025-11-22T04:12:40.000Z</time><extensions/></trkpt><trkpt lat="35.632390128448606" lon="138.96136991679668"><ele>452.0</ele><time>2025-11-22T04:12:46.000Z</time><extensions/></trkpt><trkpt lat="35.63240362331271" lon="138.9613696653396"><ele>452.0</ele><time>2025-11-22T04:12:47.000Z</time><extensions/></trkpt><trkpt lat="35.63241669908166" lon="138.96137226372957"><ele>452.0</ele><time>2025-11-22T04:12:48.000Z</time><extensions/></trkpt><trkpt lat="35.63242943957448" lon="138.96137326955795"><ele>452.0</ele><time>2025-11-22T04:12:49.000Z</time><extensions/></trkpt><trkpt lat="35.632442934438586" lon="138.96137276664376"><ele>452.0</ele><time>2025-11-22T04:12:50.000Z</time><extensions/></trkpt><trkpt lat="35.63255533576012" lon="138.96134049631655"><ele>451.5999755859375</ele><time>2025-11-22T04:13:00.000Z</time><extensions/></trkpt><trkpt lat="35.632617864757776" lon="138.9612737763673"><ele>451.4000244140625</ele><time>2025-11-22T04:13:09.000Z</time><extensions/></trkpt><trkpt lat="35.632677963003516" lon="138.9612380694598"><ele>450.4000244140625</ele><time>2025-11-22T04:13:24.000Z</time><extensions/></trkpt><trkpt lat="35.63274811953306" lon="138.96115919575095"><ele>449.20001220703125</ele><time>2025-11-22T04:13:33.000Z</time><extensions/></trkpt><trkpt lat="35.63276077620685" lon="138.96110865287483"><ele>448.4000244140625</ele><time>2025-11-22T04:13:37.000Z</time><extensions/></trkpt><trkpt lat="35.632782317698" lon="138.9610432740301"><ele>447.20001220703125</ele><time>2025-11-22T04:13:43.000Z</time><extensions/></trkpt><trkpt lat="35.63283554278314" lon="138.96092089824378"><ele>444.79998779296875</ele><time>2025-11-22T04:13:53.000Z</time><extensions/></trkpt><trkpt lat="35.63290259800851" lon="138.9608027972281"><ele>442.79998779296875</ele><time>2025-11-22T04:14:03.000Z</time><extensions/></trkpt><trkpt lat="35.6329308450222" lon="138.96077865734696"><ele>441.5999755859375</ele><time>2025-11-22T04:14:11.000Z</time><extensions/></trkpt><trkpt lat="35.632895892485976" lon="138.96073532290757"><ele>441.0</ele><time>2025-11-22T04:14:36.000Z</time><extensions/></trkpt><trkpt lat="35.63285741955042" lon="138.96074823103845"><ele>440.4000244140625</ele><time>2025-11-22T04:14:42.000Z</time><extensions/></trkpt><trkpt lat="35.6328531447798" lon="138.96075669676065"><ele>440.20001220703125</ele><time>2025-11-22T04:14:43.000Z</time><extensions/></trkpt><trkpt lat="35.632799081504345" lon="138.96085635758936"><ele>438.5999755859375</ele><time>2025-11-22T04:14:52.000Z</time><extensions/></trkpt><trkpt lat="35.63276949338615" lon="138.9609602931887"><ele>436.79998779296875</ele><time>2025-11-22T04:15:01.000Z</time><extensions/></trkpt><trkpt lat="35.632699336856604" lon="138.96102894097567"><ele>435.4000244140625</ele><time>2025-11-22T04:15:10.000Z</time><extensions/></trkpt><trkpt lat="35.63269145786762" lon="138.96103899925947"><ele>435.20001220703125</ele><time>2025-11-22T04:15:11.000Z</time><extensions/></trkpt><trkpt lat="35.63264787197113" lon="138.96107269451022"><ele>434.4000244140625</ele><time>2025-11-22T04:15:15.000Z</time><extensions/></trkpt><trkpt lat="35.63263454474509" lon="138.96106716245413"><ele>434.20001220703125</ele><time>2025-11-22T04:15:16.000Z</time><extensions/></trkpt><trkpt lat="35.632624654099345" lon="138.96105735562742"><ele>434.20001220703125</ele><time>2025-11-22T04:15:17.000Z</time><extensions/></trkpt><trkpt lat="35.63261568546295" lon="138.96104863844812"><ele>434.0</ele><time>2025-11-22T04:15:18.000Z</time><extensions/></trkpt><trkpt lat="35.63260378316045" lon="138.96104109473526"><ele>433.79998779296875</ele><time>2025-11-22T04:15:19.000Z</time><extensions/></trkpt><trkpt lat="35.632587019354105" lon="138.96103648468852"><ele>432.79998779296875</ele><time>2025-11-22T04:15:26.000Z</time><extensions/></trkpt><trkpt lat="35.63262792304158" lon="138.96099432371557"><ele>432.5999755859375</ele><time>2025-11-22T04:15:33.000Z</time><extensions/></trkpt><trkpt lat="35.632631527259946" lon="138.96098049357533"><ele>432.4000244140625</ele><time>2025-11-22T04:15:34.000Z</time><extensions/></trkpt><trkpt lat="35.63267997466028" lon="138.96080296486616"><ele>430.5999755859375</ele><time>2025-11-22T04:15:48.000Z</time><extensions/></trkpt><trkpt lat="35.6326855905354" lon="138.9606812596321"><ele>429.20001220703125</ele><time>2025-11-22T04:15:56.000Z</time><extensions/></trkpt><trkpt lat="35.632711155340075" lon="138.9605308882892"><ele>427.4000244140625</ele><time>2025-11-22T04:16:06.000Z</time><extensions/></trkpt><trkpt lat="35.632753232494" lon="138.96042678505182"><ele>425.79998779296875</ele><time>2025-11-22T04:16:14.000Z</time><extensions/></trkpt><trkpt lat="35.632812744006515" lon="138.9603363443166"><ele>424.20001220703125</ele><time>2025-11-22T04:16:22.000Z</time><extensions/></trkpt><trkpt lat="35.63284266740084" lon="138.960234336555"><ele>422.4000244140625</ele><time>2025-11-22T04:16:30.000Z</time><extensions/></trkpt><trkpt lat="35.63286286778748" lon="138.9602345880121"><ele>420.79998779296875</ele><time>2025-11-22T04:16:38.000Z</time><extensions/></trkpt><trkpt lat="35.632847025990486" lon="138.9603024814278"><ele>420.20001220703125</ele><time>2025-11-22T04:16:46.000Z</time><extensions/></trkpt><trkpt lat="35.63282674178481" lon="138.96034497767687"><ele>419.79998779296875</ele><time>2025-11-22T04:16:50.000Z</time><extensions/></trkpt><trkpt lat="35.63281835988164" lon="138.96036442369223"><ele>418.79998779296875</ele><time>2025-11-22T04:16:59.000Z</time><extensions/></trkpt><trkpt lat="35.632814168930054" lon="138.96036945283413"><ele>418.20001220703125</ele><time>2025-11-22T04:17:08.000Z</time><extensions/></trkpt><trkpt lat="35.632806876674294" lon="138.96038026548922"><ele>418.20001220703125</ele><time>2025-11-22T04:17:09.000Z</time><extensions/></trkpt><trkpt lat="35.632798159494996" lon="138.9603904914111"><ele>418.20001220703125</ele><time>2025-11-22T04:17:10.000Z</time><extensions/></trkpt><trkpt lat="35.63278952613473" lon="138.96040038205683"><ele>418.20001220703125</ele><time>2025-11-22T04:17:11.000Z</time><extensions/></trkpt><trkpt lat="35.63278064131737" lon="138.96040935069323"><ele>418.20001220703125</ele><time>2025-11-22T04:17:12.000Z</time><extensions/></trkpt><trkpt lat="35.63266639597714" lon="138.9604779984802"><ele>417.20001220703125</ele><time>2025-11-22T04:17:23.000Z</time><extensions/></trkpt><trkpt lat="35.632591964676976" lon="138.96052644588053"><ele>416.20001220703125</ele><time>2025-11-22T04:17:32.000Z</time><extensions/></trkpt><trkpt lat="35.63257444649935" lon="138.9605308882892"><ele>415.5999755859375</ele><time>2025-11-22T04:17:37.000Z</time><extensions/></trkpt><trkpt lat="35.632562628015876" lon="138.96053683944046"><ele>415.4000244140625</ele><time>2025-11-22T04:17:38.000Z</time><extensions/></trkpt><trkpt lat="35.63255013898015" lon="138.960540862754"><ele>415.4000244140625</ele><time>2025-11-22T04:17:39.000Z</time><extensions/></trkpt><trkpt lat="35.63242541626096" lon="138.96056902594864"><ele>414.0</ele><time>2025-11-22T04:17:49.000Z</time><extensions/></trkpt><trkpt lat="35.63233749009669" lon="138.96053977310658"><ele>412.79998779296875</ele><time>2025-11-22T04:17:57.000Z</time><extensions/></trkpt><trkpt lat="35.63224093057215" lon="138.96046483889222"><ele>411.0</ele><time>2025-11-22T04:18:07.000Z</time><extensions/></trkpt><trkpt lat="35.63218024559319" lon="138.96037716418505"><ele>409.20001220703125</ele><time>2025-11-22T04:18:16.000Z</time><extensions/></trkpt><trkpt lat="35.63217773102224" lon="138.96036216057837"><ele>409.0</ele><time>2025-11-22T04:18:17.000Z</time><extensions/></trkpt><trkpt lat="35.632182424888015" lon="138.96033014170825"><ele>408.5999755859375</ele><time>2025-11-22T04:18:19.000Z</time><extensions/></trkpt><trkpt lat="35.63225073739886" lon="138.9602464903146"><ele>407.20001220703125</ele><time>2025-11-22T04:18:27.000Z</time><extensions/></trkpt><trkpt lat="35.632283594459295" lon="138.9601901639253"><ele>406.4000244140625</ele><time>2025-11-22T04:18:31.000Z</time><extensions/></trkpt><trkpt lat="35.63229306600988" lon="138.96017993800342"><ele>406.20001220703125</ele><time>2025-11-22T04:18:32.000Z</time><extensions/></trkpt><trkpt lat="35.63230496831238" lon="138.9601658564061"><ele>405.79998779296875</ele><time>2025-11-22T04:18:33.000Z</time><extensions/></trkpt><trkpt lat="35.6323161162436" lon="138.960155043751"><ele>405.79998779296875</ele><time>2025-11-22T04:18:34.000Z</time><extensions/></trkpt><trkpt lat="35.63232474960387" lon="138.96014439873397"><ele>405.5999755859375</ele><time>2025-11-22T04:18:35.000Z</time><extensions/></trkpt><trkpt lat="35.63233279623091" lon="138.96013341844082"><ele>405.20001220703125</ele><time>2025-11-22T04:18:36.000Z</time><extensions/></trkpt><trkpt lat="35.632342686876655" lon="138.96012076176703"><ele>405.0</ele><time>2025-11-22T04:18:37.000Z</time><extensions/></trkpt><trkpt lat="35.63242558389902" lon="138.9600207656622"><ele>403.5999755859375</ele><time>2025-11-22T04:18:46.000Z</time><extensions/></trkpt><trkpt lat="35.63251736573875" lon="138.95989612676203"><ele>402.4000244140625</ele><time>2025-11-22T04:18:57.000Z</time><extensions/></trkpt><trkpt lat="35.63258391804993" lon="138.95980375818908"><ele>401.5999755859375</ele><time>2025-11-22T04:19:06.000Z</time><extensions/></trkpt><trkpt lat="35.632669078186154" lon="138.95976796746254"><ele>400.5999755859375</ele><time>2025-11-22T04:19:14.000Z</time><extensions/></trkpt><trkpt lat="35.632697744295" lon="138.95976025611162"><ele>399.5999755859375</ele><time>2025-11-22T04:19:22.000Z</time><extensions/></trkpt><trkpt lat="35.632710652425885" lon="138.95975589752197"><ele>399.5999755859375</ele><time>2025-11-22T04:19:23.000Z</time><extensions/></trkpt><trkpt lat="35.6327236443758" lon="138.95975237712264"><ele>399.5999755859375</ele><time>2025-11-22T04:19:24.000Z</time><extensions/></trkpt><trkpt lat="35.63281727023423" lon="138.95966461859643"><ele>398.79998779296875</ele><time>2025-11-22T04:19:34.000Z</time><extensions/></trkpt><trkpt lat="35.632814755663276" lon="138.95965087227523"><ele>398.79998779296875</ele><time>2025-11-22T04:19:35.000Z</time><extensions/></trkpt><trkpt lat="35.632809894159436" lon="138.9596365392208"><ele>398.79998779296875</ele><time>2025-11-22T04:19:36.000Z</time><extensions/></trkpt><trkpt lat="35.632806373760104" lon="138.95962337963283"><ele>398.79998779296875</ele><time>2025-11-22T04:19:37.000Z</time><extensions/></trkpt><trkpt lat="35.63280126079917" lon="138.9596113935113"><ele>398.79998779296875</ele><time>2025-11-22T04:19:38.000Z</time><extensions/></trkpt><trkpt lat="35.63279505819082" lon="138.95960116758943"><ele>399.0</ele><time>2025-11-22T04:19:39.000Z</time><extensions/></trkpt><trkpt lat="35.63278843648732" lon="138.95959228277206"><ele>399.0</ele><time>2025-11-22T04:19:40.000Z</time><extensions/></trkpt><trkpt lat="35.63278265297413" lon="138.95958373323083"><ele>399.0</ele><time>2025-11-22T04:19:41.000Z</time><extensions/></trkpt><trkpt lat="35.63277594745159" lon="138.9595738425851"><ele>399.20001220703125</ele><time>2025-11-22T04:19:42.000Z</time><extensions/></trkpt><trkpt lat="35.632680393755436" lon="138.95946018397808"><ele>399.20001220703125</ele><time>2025-11-22T04:19:53.000Z</time><extensions/></trkpt><trkpt lat="35.632656421512365" lon="138.95937267690897"><ele>399.0</ele><time>2025-11-22T04:20:01.000Z</time><extensions/></trkpt><trkpt lat="35.63266589306295" lon="138.9593381434679"><ele>398.20001220703125</ele><time>2025-11-22T04:20:10.000Z</time><extensions/></trkpt><trkpt lat="35.63268315978348" lon="138.95932766608894"><ele>398.20001220703125</ele><time>2025-11-22T04:20:12.000Z</time><extensions/></trkpt><trkpt lat="35.632692044600844" lon="138.9593196194619"><ele>398.20001220703125</ele><time>2025-11-22T04:20:13.000Z</time><extensions/></trkpt><trkpt lat="35.63270025886595" lon="138.95931056700647"><ele>398.20001220703125</ele><time>2025-11-22T04:20:14.000Z</time><extensions/></trkpt><trkpt lat="35.63270755112171" lon="138.95930067636073"><ele>398.20001220703125</ele><time>2025-11-22T04:20:15.000Z</time><extensions/></trkpt><trkpt lat="35.63271341845393" lon="138.95928919315338"><ele>398.20001220703125</ele><time>2025-11-22T04:20:16.000Z</time><extensions/></trkpt><trkpt lat="35.632719453424215" lon="138.95927662029862"><ele>398.20001220703125</ele><time>2025-11-22T04:20:17.000Z</time><extensions/></trkpt><trkpt lat="35.6327273324132" lon="138.9592662267387"><ele>398.0</ele><time>2025-11-22T04:20:18.000Z</time><extensions/></trkpt><trkpt lat="35.632736971601844" lon="138.95925767719746"><ele>398.0</ele><time>2025-11-22T04:20:19.000Z</time><extensions/></trkpt><trkpt lat="35.63274669460952" lon="138.95925072021782"><ele>398.0</ele><time>2025-11-22T04:20:20.000Z</time><extensions/></trkpt><trkpt lat="35.63276253640652" lon="138.95924133248627"><ele>397.4000244140625</ele><time>2025-11-22T04:20:28.000Z</time><extensions/></trkpt><trkpt lat="35.632776618003845" lon="138.95926882512867"><ele>397.5999755859375</ele><time>2025-11-22T04:20:42.000Z</time><extensions/></trkpt><trkpt lat="35.63277401961386" lon="138.95924418233335"><ele>398.0</ele><time>2025-11-22T04:21:10.000Z</time><extensions/></trkpt><trkpt lat="35.63277066685259" lon="138.95923152565956"><ele>398.0</ele><time>2025-11-22T04:21:11.000Z</time><extensions/></trkpt><trkpt lat="35.632773684337735" lon="138.95920847542584"><ele>398.0</ele><time>2025-11-22T04:21:13.000Z</time><extensions/></trkpt><trkpt lat="35.63277988694608" lon="138.9591967407614"><ele>398.0</ele><time>2025-11-22T04:21:14.000Z</time><extensions/></trkpt><trkpt lat="35.632795225828886" lon="138.95917888730764"><ele>397.79998779296875</ele><time>2025-11-22T04:21:16.000Z</time><extensions/></trkpt><trkpt lat="35.632804529741406" lon="138.9591705892235"><ele>397.79998779296875</ele><time>2025-11-22T04:21:17.000Z</time><extensions/></trkpt><trkpt lat="35.632846942171454" lon="138.9590667374432"><ele>396.4000244140625</ele><time>2025-11-22T04:21:25.000Z</time><extensions/></trkpt><trkpt lat="35.632845936343074" lon="138.95905248820782"><ele>396.20001220703125</ele><time>2025-11-22T04:21:26.000Z</time><extensions/></trkpt><trkpt lat="35.63284333795309" lon="138.95903798751533"><ele>396.0</ele><time>2025-11-22T04:21:27.000Z</time><extensions/></trkpt><trkpt lat="35.6328393984586" lon="138.95902298390865"><ele>396.0</ele><time>2025-11-22T04:21:28.000Z</time><extensions/></trkpt><trkpt lat="35.63283369876444" lon="138.95900873467326"><ele>395.79998779296875</ele><time>2025-11-22T04:21:29.000Z</time><extensions/></trkpt><trkpt lat="35.63282875344157" lon="138.9589943177998"><ele>395.5999755859375</ele><time>2025-11-22T04:21:30.000Z</time><extensions/></trkpt><trkpt lat="35.63282506540418" lon="138.9589797332883"><ele>395.4000244140625</ele><time>2025-11-22T04:21:31.000Z</time><extensions/></trkpt><trkpt lat="35.632821042090654" lon="138.9589654840529"><ele>395.20001220703125</ele><time>2025-11-22T04:21:32.000Z</time><extensions/></trkpt><trkpt lat="35.63278508372605" lon="138.958838917315"><ele>393.4000244140625</ele><time>2025-11-22T04:21:42.000Z</time><extensions/></trkpt><trkpt lat="35.63278122805059" lon="138.9588343910873"><ele>392.20001220703125</ele><time>2025-11-22T04:21:50.000Z</time><extensions/></trkpt><trkpt lat="35.63276622444391" lon="138.95880857482553"><ele>392.0</ele><time>2025-11-22T04:21:57.000Z</time><extensions/></trkpt><trkpt lat="35.63275977037847" lon="138.95878644660115"><ele>392.0</ele><time>2025-11-22T04:21:59.000Z</time><extensions/></trkpt><trkpt lat="35.63274275511503" lon="138.95872123539448"><ele>391.20001220703125</ele><time>2025-11-22T04:22:06.000Z</time><extensions/></trkpt><trkpt lat="35.63273479230702" lon="138.95868418738246"><ele>390.0</ele><time>2025-11-22T04:22:27.000Z</time><extensions/></trkpt><trkpt lat="35.632730685174465" lon="138.95867069251835"><ele>390.0</ele><time>2025-11-22T04:22:28.000Z</time><extensions/></trkpt><trkpt lat="35.632727751508355" lon="138.95865644328296"><ele>390.0</ele><time>2025-11-22T04:22:29.000Z</time><extensions/></trkpt><trkpt lat="35.63270252197981" lon="138.95855518989265"><ele>389.20001220703125</ele><time>2025-11-22T04:22:37.000Z</time><extensions/></trkpt><trkpt lat="35.632656840607524" lon="138.95842719823122"><ele>387.4000244140625</ele><time>2025-11-22T04:22:47.000Z</time><extensions/></trkpt><trkpt lat="35.632619289681315" lon="138.9583690278232"><ele>386.4000244140625</ele><time>2025-11-22T04:22:53.000Z</time><extensions/></trkpt><trkpt lat="35.63260939903557" lon="138.9583724644035"><ele>386.20001220703125</ele><time>2025-11-22T04:22:54.000Z</time><extensions/></trkpt><trkpt lat="35.632500099018216" lon="138.95843465812504"><ele>385.0</ele><time>2025-11-22T04:23:04.000Z</time><extensions/></trkpt><trkpt lat="35.632399851456285" lon="138.95851872861385"><ele>384.4000244140625</ele><time>2025-11-22T04:23:14.000Z</time><extensions/></trkpt><trkpt lat="35.632287533953786" lon="138.95859768614173"><ele>383.5999755859375</ele><time>2025-11-22T04:23:24.000Z</time><extensions/></trkpt><trkpt lat="35.632160967215896" lon="138.95868712104857"><ele>382.4000244140625</ele><time>2025-11-22T04:23:35.000Z</time><extensions/></trkpt><trkpt lat="35.63202987425029" lon="138.95875476300716"><ele>381.0</ele><time>2025-11-22T04:23:46.000Z</time><extensions/></trkpt><trkpt lat="35.63201302662492" lon="138.9588822517544"><ele>379.79998779296875</ele><time>2025-11-22T04:23:55.000Z</time><extensions/></trkpt><trkpt lat="35.632011936977506" lon="138.95903723314404"><ele>378.4000244140625</ele><time>2025-11-22T04:24:06.000Z</time><extensions/></trkpt><trkpt lat="35.63200104050338" lon="138.95904033444822"><ele>378.20001220703125</ele><time>2025-11-22T04:24:07.000Z</time><extensions/></trkpt><trkpt lat="35.63198855146766" lon="138.9590408373624"><ele>378.20001220703125</ele><time>2025-11-22T04:24:08.000Z</time><extensions/></trkpt><trkpt lat="35.631977235898376" lon="138.95903823897243"><ele>378.0</ele><time>2025-11-22T04:24:09.000Z</time><extensions/></trkpt><trkpt lat="35.63196675851941" lon="138.95903195254505"><ele>377.79998779296875</ele><time>2025-11-22T04:24:10.000Z</time><extensions/></trkpt><trkpt lat="35.63195728696883" lon="138.95902306772768"><ele>377.79998779296875</ele><time>2025-11-22T04:24:11.000Z</time><extensions/></trkpt><trkpt lat="35.6319484859705" lon="138.95900982432067"><ele>377.5999755859375</ele><time>2025-11-22T04:24:12.000Z</time><extensions/></trkpt><trkpt lat="35.63194018788636" lon="138.9589956589043"><ele>377.4000244140625</ele><time>2025-11-22T04:24:13.000Z</time><extensions/></trkpt><trkpt lat="35.63191504217684" lon="138.95884796977043"><ele>375.79998779296875</ele><time>2025-11-22T04:24:23.000Z</time><extensions/></trkpt><trkpt lat="35.63189626671374" lon="138.95868368446827"><ele>373.5999755859375</ele><time>2025-11-22T04:24:33.000Z</time><extensions/></trkpt><trkpt lat="35.63189735636115" lon="138.95856256596744"><ele>372.0</ele><time>2025-11-22T04:24:41.000Z</time><extensions/></trkpt><trkpt lat="35.6318877171725" lon="138.95841068588197"><ele>369.79998779296875</ele><time>2025-11-22T04:24:51.000Z</time><extensions/></trkpt><trkpt lat="35.63190213404596" lon="138.95824816077948"><ele>367.5999755859375</ele><time>2025-11-22T04:25:02.000Z</time><extensions/></trkpt><trkpt lat="35.63188159838319" lon="138.95809753797948"><ele>365.4000244140625</ele><time>2025-11-22T04:25:12.000Z</time><extensions/></trkpt><trkpt lat="35.63179953955114" lon="138.95799997262657"><ele>363.20001220703125</ele><time>2025-11-22T04:25:22.000Z</time><extensions/></trkpt><trkpt lat="35.631776321679354" lon="138.95798387937248"><ele>361.5999755859375</ele><time>2025-11-22T04:25:28.000Z</time><extensions/></trkpt><trkpt lat="35.63174095004797" lon="138.9579791855067"><ele>361.20001220703125</ele><time>2025-11-22T04:25:31.000Z</time><extensions/></trkpt><trkpt lat="35.63173055648804" lon="138.9579757489264"><ele>361.20001220703125</ele><time>2025-11-22T04:25:32.000Z</time><extensions/></trkpt><trkpt lat="35.631719157099724" lon="138.95797197706997"><ele>361.0</ele><time>2025-11-22T04:25:33.000Z</time><extensions/></trkpt><trkpt lat="35.63170784153044" lon="138.9579699654132"><ele>360.79998779296875</ele><time>2025-11-22T04:25:34.000Z</time><extensions/></trkpt><trkpt lat="35.63169702887535" lon="138.95796979777515"><ele>360.79998779296875</ele><time>2025-11-22T04:25:35.000Z</time><extensions/></trkpt><trkpt lat="35.63168588094413" lon="138.95796929486096"><ele>360.5999755859375</ele><time>2025-11-22T04:25:36.000Z</time><extensions/></trkpt><trkpt lat="35.63167515210807" lon="138.95796577446163"><ele>360.5999755859375</ele><time>2025-11-22T04:25:37.000Z</time><extensions/></trkpt><trkpt lat="35.63166802749038" lon="138.95795756019652"><ele>360.4000244140625</ele><time>2025-11-22T04:25:38.000Z</time><extensions/></trkpt><trkpt lat="35.63166266307235" lon="138.95794968120754"><ele>360.20001220703125</ele><time>2025-11-22T04:25:39.000Z</time><extensions/></trkpt><trkpt lat="35.63161488622427" lon="138.95786896348"><ele>360.20001220703125</ele><time>2025-11-22T04:25:46.000Z</time><extensions/></trkpt><trkpt lat="35.6316099409014" lon="138.9578507747501"><ele>360.20001220703125</ele><time>2025-11-22T04:25:47.000Z</time><extensions/></trkpt><trkpt lat="35.631561325863004" lon="138.95777315832675"><ele>357.20001220703125</ele><time>2025-11-22T04:25:54.000Z</time><extensions/></trkpt><trkpt lat="35.63153123483062" lon="138.95773585885763"><ele>356.5999755859375</ele><time>2025-11-22T04:25:58.000Z</time><extensions/></trkpt><trkpt lat="35.63152092508972" lon="138.95772353745997"><ele>356.4000244140625</ele><time>2025-11-22T04:25:59.000Z</time><extensions/></trkpt><trkpt lat="35.63150919042528" lon="138.957710377872"><ele>356.4000244140625</ele><time>2025-11-22T04:26:00.000Z</time><extensions/></trkpt><trkpt lat="35.63144389539957" lon="138.95765103399754"><ele>355.0</ele><time>2025-11-22T04:26:07.000Z</time><extensions/></trkpt><trkpt lat="35.6313509400934" lon="138.95761406980455"><ele>354.4000244140625</ele><time>2025-11-22T04:26:14.000Z</time><extensions/></trkpt><trkpt lat="35.631263349205256" lon="138.95751331932843"><ele>353.79998779296875</ele><time>2025-11-22T04:26:24.000Z</time><extensions/></trkpt><trkpt lat="35.63117039389908" lon="138.957435535267"><ele>353.5999755859375</ele><time>2025-11-22T04:26:33.000Z</time><extensions/></trkpt><trkpt lat="35.63113602809608" lon="138.9574231300503"><ele>353.20001220703125</ele><time>2025-11-22T04:26:36.000Z</time><extensions/></trkpt><trkpt lat="35.63112488016486" lon="138.95742136985064"><ele>353.0</ele><time>2025-11-22T04:26:37.000Z</time><extensions/></trkpt><trkpt lat="35.63111398369074" lon="138.95741709508002"><ele>352.79998779296875</ele><time>2025-11-22T04:26:38.000Z</time><extensions/></trkpt><trkpt lat="35.63102597370744" lon="138.9573459327221"><ele>351.79998779296875</ele><time>2025-11-22T04:26:47.000Z</time><extensions/></trkpt><trkpt lat="35.63095288351178" lon="138.95727896131575"><ele>350.5999755859375</ele><time>2025-11-22T04:26:54.000Z</time><extensions/></trkpt><trkpt lat="35.63084584660828" lon="138.957176534459"><ele>349.5999755859375</ele><time>2025-11-22T04:27:03.000Z</time><extensions/></trkpt><trkpt lat="35.63081692904234" lon="138.9571049530059"><ele>348.79998779296875</ele><time>2025-11-22T04:27:11.000Z</time><extensions/></trkpt><trkpt lat="35.63080812804401" lon="138.95709137432277"><ele>348.5999755859375</ele><time>2025-11-22T04:27:12.000Z</time><extensions/></trkpt><trkpt lat="35.63079974614084" lon="138.95707813091576"><ele>348.4000244140625</ele><time>2025-11-22T04:27:13.000Z</time><extensions/></trkpt><trkpt lat="35.63077895902097" lon="138.9570456929505"><ele>348.20001220703125</ele><time>2025-11-22T04:27:20.000Z</time><extensions/></trkpt><trkpt lat="35.630765464156866" lon="138.95702121779323"><ele>347.79998779296875</ele><time>2025-11-22T04:27:23.000Z</time><extensions/></trkpt><trkpt lat="35.63075632788241" lon="138.95701157860458"><ele>347.5999755859375</ele><time>2025-11-22T04:27:24.000Z</time><extensions/></trkpt><trkpt lat="35.63074668869376" lon="138.95699783228338"><ele>347.5999755859375</ele><time>2025-11-22T04:27:25.000Z</time><extensions/></trkpt><trkpt lat="35.630738055333495" lon="138.9569865167141"><ele>347.5999755859375</ele><time>2025-11-22T04:27:26.000Z</time><extensions/></trkpt><trkpt lat="35.63072942197323" lon="138.95697327330709"><ele>347.4000244140625</ele><time>2025-11-22T04:27:27.000Z</time><extensions/></trkpt><trkpt lat="35.63072129152715" lon="138.95695994608104"><ele>347.4000244140625</ele><time>2025-11-22T04:27:28.000Z</time><extensions/></trkpt><trkpt lat="35.63070561736822" lon="138.95691602490842"><ele>347.4000244140625</ele><time>2025-11-22T04:27:31.000Z</time><extensions/></trkpt><trkpt lat="35.63073889352381" lon="138.9568995963782"><ele>347.5999755859375</ele><time>2025-11-22T04:27:36.000Z</time><extensions/></trkpt><trkpt lat="35.63071542419493" lon="138.95690973848104"><ele>347.4000244140625</ele><time>2025-11-22T04:27:52.000Z</time><extensions/></trkpt><trkpt lat="35.630683321505785" lon="138.95692566409707"><ele>347.4000244140625</ele><time>2025-11-22T04:27:55.000Z</time><extensions/></trkpt><trkpt lat="35.630672592669725" lon="138.95693488419056"><ele>347.20001220703125</ele><time>2025-11-22T04:27:56.000Z</time><extensions/></trkpt><trkpt lat="35.630659852176905" lon="138.95694443956017"><ele>347.20001220703125</ele><time>2025-11-22T04:27:57.000Z</time><extensions/></trkpt><trkpt lat="35.63064644113183" lon="138.95695223473012"><ele>347.20001220703125</ele><time>2025-11-22T04:27:58.000Z</time><extensions/></trkpt><trkpt lat="35.630633030086756" lon="138.95695843733847"><ele>347.4000244140625</ele><time>2025-11-22T04:27:59.000Z</time><extensions/></trkpt><trkpt lat="35.630521131679416" lon="138.95701836794615"><ele>347.4000244140625</ele><time>2025-11-22T04:28:09.000Z</time><extensions/></trkpt><trkpt lat="35.63039724715054" lon="138.95707896910608"><ele>347.0</ele><time>2025-11-22T04:28:19.000Z</time><extensions/></trkpt><trkpt lat="35.630260622128844" lon="138.95716982893646"><ele>346.0</ele><time>2025-11-22T04:28:31.000Z</time><extensions/></trkpt><trkpt lat="35.630092564970255" lon="138.9572732616216"><ele>345.20001220703125</ele><time>2025-11-22T04:28:45.000Z</time><extensions/></trkpt><trkpt lat="35.63000136986375" lon="138.95733889192343"><ele>344.4000244140625</ele><time>2025-11-22T04:28:54.000Z</time><extensions/></trkpt><trkpt lat="35.62988268211484" lon="138.95742614753544"><ele>344.20001220703125</ele><time>2025-11-22T04:29:04.000Z</time><extensions/></trkpt><trkpt lat="35.629788134247065" lon="138.95751943811774"><ele>344.20001220703125</ele><time>2025-11-22T04:29:15.000Z</time><extensions/></trkpt><trkpt lat="35.62977707013488" lon="138.95752899348736"><ele>343.5999755859375</ele><time>2025-11-22T04:29:35.000Z</time><extensions/></trkpt><trkpt lat="35.62976625747979" lon="138.95753787830472"><ele>343.5999755859375</ele><time>2025-11-22T04:29:36.000Z</time><extensions/></trkpt><trkpt lat="35.62975569628179" lon="138.95754818804562"><ele>343.4000244140625</ele><time>2025-11-22T04:29:37.000Z</time><extensions/></trkpt><trkpt lat="35.62974396161735" lon="138.95755799487233"><ele>343.4000244140625</ele><time>2025-11-22T04:29:38.000Z</time><extensions/></trkpt><trkpt lat="35.629731472581625" lon="138.95756629295647"><ele>343.4000244140625</ele><time>2025-11-22T04:29:39.000Z</time><extensions/></trkpt><trkpt lat="35.62971906736493" lon="138.95757383666933"><ele>343.4000244140625</ele><time>2025-11-22T04:29:40.000Z</time><extensions/></trkpt><trkpt lat="35.62961848452687" lon="138.9576094597578"><ele>343.4000244140625</ele><time>2025-11-22T04:29:48.000Z</time><extensions/></trkpt><trkpt lat="35.62948169186711" lon="138.95766695961356"><ele>343.20001220703125</ele><time>2025-11-22T04:29:59.000Z</time><extensions/></trkpt><trkpt lat="35.62933316454291" lon="138.95774642005563"><ele>343.20001220703125</ele><time>2025-11-22T04:30:11.000Z</time><extensions/></trkpt><trkpt lat="35.629204753786325" lon="138.9577857311815"><ele>343.5999755859375</ele><time>2025-11-22T04:30:21.000Z</time><extensions/></trkpt><trkpt lat="35.62907299026847" lon="138.9577978849411"><ele>343.4000244140625</ele><time>2025-11-22T04:30:31.000Z</time><extensions/></trkpt><trkpt lat="35.62891482375562" lon="138.9578063506633"><ele>343.20001220703125</ele><time>2025-11-22T04:30:42.000Z</time><extensions/></trkpt><trkpt lat="35.628829495981336" lon="138.95780215971172"><ele>343.20001220703125</ele><time>2025-11-22T04:30:51.000Z</time><extensions/></trkpt><trkpt lat="35.62881466001272" lon="138.9578031655401"><ele>343.0</ele><time>2025-11-22T04:30:54.000Z</time><extensions/></trkpt><trkpt lat="35.62880334444344" lon="138.95780299790204"><ele>342.79998779296875</ele><time>2025-11-22T04:30:55.000Z</time><extensions/></trkpt><trkpt lat="35.628791358321905" lon="138.9578015729785"><ele>342.79998779296875</ele><time>2025-11-22T04:30:56.000Z</time><extensions/></trkpt><trkpt lat="35.628779623657465" lon="138.9577994775027"><ele>342.79998779296875</ele><time>2025-11-22T04:30:57.000Z</time><extensions/></trkpt><trkpt lat="35.628645764663815" lon="138.95778606645763"><ele>342.5999755859375</ele><time>2025-11-22T04:31:08.000Z</time><extensions/></trkpt><trkpt lat="35.62849262729287" lon="138.95778497681022"><ele>342.4000244140625</ele><time>2025-11-22T04:31:19.000Z</time><extensions/></trkpt><trkpt lat="35.62847787514329" lon="138.95778564736247"><ele>342.4000244140625</ele><time>2025-11-22T04:31:20.000Z</time><extensions/></trkpt><trkpt lat="35.6284636259079" lon="138.95778514444828"><ele>342.4000244140625</ele><time>2025-11-22T04:31:21.000Z</time><extensions/></trkpt><trkpt lat="35.628451220691204" lon="138.95778765901923"><ele>342.4000244140625</ele><time>2025-11-22T04:31:22.000Z</time><extensions/></trkpt><trkpt lat="35.628439486026764" lon="138.95779008977115"><ele>342.4000244140625</ele><time>2025-11-22T04:31:23.000Z</time><extensions/></trkpt><trkpt lat="35.628427332267165" lon="138.95779218524694"><ele>342.4000244140625</ele><time>2025-11-22T04:31:24.000Z</time><extensions/></trkpt><trkpt lat="35.62826061621308" lon="138.95785194821656"><ele>341.0</ele><time>2025-11-22T04:31:37.000Z</time><extensions/></trkpt><trkpt lat="35.628149388358" lon="138.95793543197215"><ele>341.20001220703125</ele><time>2025-11-22T04:31:48.000Z</time><extensions/></trkpt><trkpt lat="35.628057857975364" lon="138.95800977945328"><ele>340.79998779296875</ele><time>2025-11-22T04:31:57.000Z</time><extensions/></trkpt><trkpt lat="35.62795199453831" lon="138.95810323767364"><ele>340.5999755859375</ele><time>2025-11-22T04:32:07.000Z</time><extensions/></trkpt><trkpt lat="35.62782023102045" lon="138.95820097066462"><ele>340.4000244140625</ele><time>2025-11-22T04:32:19.000Z</time><extensions/></trkpt><trkpt lat="35.62769156880677" lon="138.95830616354942"><ele>340.20001220703125</ele><time>2025-11-22T04:32:31.000Z</time><extensions/></trkpt><trkpt lat="35.62763339839876" lon="138.95838151685894"><ele>340.20001220703125</ele><time>2025-11-22T04:32:41.000Z</time><extensions/></trkpt><trkpt lat="35.62760573811829" lon="138.95839635282755"><ele>339.5999755859375</ele><time>2025-11-22T04:32:58.000Z</time><extensions/></trkpt><trkpt lat="35.62759878113866" lon="138.95840515382588"><ele>339.5999755859375</ele><time>2025-11-22T04:32:59.000Z</time><extensions/></trkpt><trkpt lat="35.62752803787589" lon="138.9585125260055"><ele>339.4000244140625</ele><time>2025-11-22T04:33:09.000Z</time><extensions/></trkpt><trkpt lat="35.62744379974902" lon="138.9586372487247"><ele>338.4000244140625</ele><time>2025-11-22T04:33:20.000Z</time><extensions/></trkpt><trkpt lat="35.62735067680478" lon="138.95875082351267"><ele>338.0</ele><time>2025-11-22T04:33:32.000Z</time><extensions/></trkpt><trkpt lat="35.62727347947657" lon="138.95886423066258"><ele>337.79998779296875</ele><time>2025-11-22T04:33:43.000Z</time><extensions/></trkpt><trkpt lat="35.6272669415921" lon="138.95887579768896"><ele>337.79998779296875</ele><time>2025-11-22T04:33:44.000Z</time><extensions/></trkpt><trkpt lat="35.62725688330829" lon="138.9588827546686"><ele>337.79998779296875</ele><time>2025-11-22T04:33:45.000Z</time><extensions/></trkpt><trkpt lat="35.627247747033834" lon="138.95889105275273"><ele>337.5999755859375</ele><time>2025-11-22T04:33:46.000Z</time><extensions/></trkpt><trkpt lat="35.62724011950195" lon="138.95890069194138"><ele>337.5999755859375</ele><time>2025-11-22T04:33:47.000Z</time><extensions/></trkpt><trkpt lat="35.62723274342716" lon="138.9589115884155"><ele>337.4000244140625</ele><time>2025-11-22T04:33:48.000Z</time><extensions/></trkpt><trkpt lat="35.627224780619144" lon="138.95892315544188"><ele>337.4000244140625</ele><time>2025-11-22T04:33:49.000Z</time><extensions/></trkpt><trkpt lat="35.62721623107791" lon="138.95893371663988"><ele>337.20001220703125</ele><time>2025-11-22T04:33:50.000Z</time><extensions/></trkpt><trkpt lat="35.62720851972699" lon="138.95894377492368"><ele>337.20001220703125</ele><time>2025-11-22T04:33:51.000Z</time><extensions/></trkpt><trkpt lat="35.62713945284486" lon="138.95904804579914"><ele>337.0</ele><time>2025-11-22T04:34:00.000Z</time><extensions/></trkpt><trkpt lat="35.627130065113306" lon="138.95905592478812"><ele>337.0</ele><time>2025-11-22T04:34:01.000Z</time><extensions/></trkpt><trkpt lat="35.62712201848626" lon="138.95906338468194"><ele>337.0</ele><time>2025-11-22T04:34:02.000Z</time><extensions/></trkpt><trkpt lat="35.62702277675271" lon="138.95917092449963"><ele>336.4000244140625</ele><time>2025-11-22T04:34:14.000Z</time><extensions/></trkpt><trkpt lat="35.62700307928026" lon="138.9591822400689"><ele>336.20001220703125</ele><time>2025-11-22T04:34:21.000Z</time><extensions/></trkpt><trkpt lat="35.62697969377041" lon="138.9591964893043"><ele>336.0</ele><time>2025-11-22T04:34:28.000Z</time><extensions/></trkpt><trkpt lat="35.62694549560547" lon="138.95923621952534"><ele>336.0</ele><time>2025-11-22T04:34:37.000Z</time><extensions/></trkpt><trkpt lat="35.626946249976754" lon="138.95924334414303"><ele>335.5999755859375</ele><time>2025-11-22T04:34:50.000Z</time><extensions/></trkpt><trkpt lat="35.62696904875338" lon="138.95921132527292"><ele>335.4000244140625</ele><time>2025-11-22T04:35:14.000Z</time><extensions/></trkpt><trkpt lat="35.626954045146704" lon="138.95921828225255"><ele>334.5999755859375</ele><time>2025-11-22T04:36:10.000Z</time><extensions/></trkpt><trkpt lat="35.62698556110263" lon="138.95924862474203"><ele>335.5999755859375</ele><time>2025-11-22T04:36:19.000Z</time><extensions/></trkpt><trkpt lat="35.62701389193535" lon="138.95928206853569"><ele>338.20001220703125</ele><time>2025-11-22T04:36:27.000Z</time><extensions/></trkpt><trkpt lat="35.627046497538686" lon="138.95931852981448"><ele>341.5999755859375</ele><time>2025-11-22T04:36:36.000Z</time><extensions/></trkpt><trkpt lat="35.62706627883017" lon="138.9593376405537"><ele>344.5999755859375</ele><time>2025-11-22T04:36:45.000Z</time><extensions/></trkpt><trkpt lat="35.62709326855838" lon="138.959372760728"><ele>347.79998779296875</ele><time>2025-11-22T04:36:55.000Z</time><extensions/></trkpt><trkpt lat="35.627133920788765" lon="138.9593973197043"><ele>351.0</ele><time>2025-11-22T04:37:05.000Z</time><extensions/></trkpt><trkpt lat="35.62714138068259" lon="138.95940452814102"><ele>352.79998779296875</ele><time>2025-11-22T04:37:15.000Z</time><extensions/></trkpt><trkpt lat="35.62715822830796" lon="138.95945222117007"><ele>353.79998779296875</ele><time>2025-11-22T04:37:26.000Z</time><extensions/></trkpt><trkpt lat="35.62716853804886" lon="138.95946479402483"><ele>355.20001220703125</ele><time>2025-11-22T04:37:37.000Z</time><extensions/></trkpt><trkpt lat="35.627181278541684" lon="138.95951533690095"><ele>356.20001220703125</ele><time>2025-11-22T04:38:59.000Z</time><extensions/></trkpt><trkpt lat="35.627175997942686" lon="138.9595651254058"><ele>357.79998779296875</ele><time>2025-11-22T04:39:10.000Z</time><extensions/></trkpt><trkpt lat="35.62716694548726" lon="138.95962522365153"><ele>360.20001220703125</ele><time>2025-11-22T04:39:22.000Z</time><extensions/></trkpt><trkpt lat="35.627206759527326" lon="138.95961122587323"><ele>361.0</ele><time>2025-11-22T04:39:25.000Z</time><extensions/></trkpt><trkpt lat="35.62724498100579" lon="138.95958138629794"><ele>362.4000244140625</ele><time>2025-11-22T04:39:33.000Z</time><extensions/></trkpt><trkpt lat="35.62731605954468" lon="138.95956018008292"><ele>365.4000244140625</ele><time>2025-11-22T04:39:46.000Z</time><extensions/></trkpt><trkpt lat="35.62740373425186" lon="138.95954341627657"><ele>368.5999755859375</ele><time>2025-11-22T04:39:59.000Z</time><extensions/></trkpt><trkpt lat="35.62743139453232" lon="138.9595606829971"><ele>370.5999755859375</ele><time>2025-11-22T04:40:08.000Z</time><extensions/></trkpt><trkpt lat="35.62741219997406" lon="138.9595897682011"><ele>372.79998779296875</ele><time>2025-11-22T04:40:22.000Z</time><extensions/></trkpt><trkpt lat="35.627379259094596" lon="138.95969797857106"><ele>374.20001220703125</ele><time>2025-11-22T04:40:33.000Z</time><extensions/></trkpt><trkpt lat="35.62732703983784" lon="138.95979705266654"><ele>376.5999755859375</ele><time>2025-11-22T04:40:46.000Z</time><extensions/></trkpt><trkpt lat="35.62732242979109" lon="138.9598740823567"><ele>379.20001220703125</ele><time>2025-11-22T04:40:57.000Z</time><extensions/></trkpt><trkpt lat="35.62738135457039" lon="138.9598738308996"><ele>381.0</ele><time>2025-11-22T04:41:07.000Z</time><extensions/></trkpt><trkpt lat="35.62740666791797" lon="138.95985237322748"><ele>382.5999755859375</ele><time>2025-11-22T04:41:15.000Z</time><extensions/></trkpt><trkpt lat="35.62745997682214" lon="138.9598550554365"><ele>384.4000244140625</ele><time>2025-11-22T04:41:24.000Z</time><extensions/></trkpt><trkpt lat="35.62742108479142" lon="138.95987944677472"><ele>386.20001220703125</ele><time>2025-11-22T04:41:34.000Z</time><extensions/></trkpt><trkpt lat="35.627379678189754" lon="138.9599613379687"><ele>388.4000244140625</ele><time>2025-11-22T04:41:48.000Z</time><extensions/></trkpt><trkpt lat="35.627444135025144" lon="138.9599565602839"><ele>390.79998779296875</ele><time>2025-11-22T04:42:01.000Z</time><extensions/></trkpt><trkpt lat="35.62751429155469" lon="138.9599517825991"><ele>393.20001220703125</ele><time>2025-11-22T04:42:14.000Z</time><extensions/></trkpt><trkpt lat="35.62756324186921" lon="138.95997173152864"><ele>395.5999755859375</ele><time>2025-11-22T04:42:26.000Z</time><extensions/></trkpt><trkpt lat="35.62752309255302" lon="138.9599925186485"><ele>397.5999755859375</ele><time>2025-11-22T04:42:36.000Z</time><extensions/></trkpt><trkpt lat="35.627551255747676" lon="138.96002453751862"><ele>399.20001220703125</ele><time>2025-11-22T04:42:45.000Z</time><extensions/></trkpt><trkpt lat="35.627594757825136" lon="138.9600527845323"><ele>400.5999755859375</ele><time>2025-11-22T04:42:54.000Z</time><extensions/></trkpt><trkpt lat="35.627585956826806" lon="138.96007424220443"><ele>402.79998779296875</ele><time>2025-11-22T04:43:04.000Z</time><extensions/></trkpt><trkpt lat="35.627540946006775" lon="138.96011497825384"><ele>404.5999755859375</ele><time>2025-11-22T04:43:14.000Z</time><extensions/></trkpt><trkpt lat="35.62755033373833" lon="138.96017599850893"><ele>406.4000244140625</ele><time>2025-11-22T04:43:23.000Z</time><extensions/></trkpt><trkpt lat="35.62757103703916" lon="138.96023333072662"><ele>408.20001220703125</ele><time>2025-11-22T04:43:32.000Z</time><extensions/></trkpt><trkpt lat="35.627571791410446" lon="138.96024707704782"><ele>408.20001220703125</ele><time>2025-11-22T04:43:33.000Z</time><extensions/></trkpt><trkpt lat="35.62759006395936" lon="138.96028789691627"><ele>409.0</ele><time>2025-11-22T04:43:37.000Z</time><extensions/></trkpt><trkpt lat="35.62759484164417" lon="138.960300385952"><ele>409.20001220703125</ele><time>2025-11-22T04:43:38.000Z</time><extensions/></trkpt><trkpt lat="35.62763155438006" lon="138.96037054248154"><ele>410.0</ele><time>2025-11-22T04:43:45.000Z</time><extensions/></trkpt><trkpt lat="35.62763163819909" lon="138.9603807684034"><ele>410.20001220703125</ele><time>2025-11-22T04:43:46.000Z</time><extensions/></trkpt><trkpt lat="35.627646977081895" lon="138.9604555349797"><ele>410.79998779296875</ele><time>2025-11-22T04:43:53.000Z</time><extensions/></trkpt><trkpt lat="35.62764773145318" lon="138.96049325354397"><ele>411.4000244140625</ele><time>2025-11-22T04:44:01.000Z</time><extensions/></trkpt><trkpt lat="35.627633733674884" lon="138.9605792518705"><ele>412.4000244140625</ele><time>2025-11-22T04:44:10.000Z</time><extensions/></trkpt><trkpt lat="35.62762023881078" lon="138.96067866124213"><ele>414.4000244140625</ele><time>2025-11-22T04:44:21.000Z</time><extensions/></trkpt><trkpt lat="35.62761981971562" lon="138.96074529737234"><ele>416.5999755859375</ele><time>2025-11-22T04:44:31.000Z</time><extensions/></trkpt><trkpt lat="35.627609845250845" lon="138.96080665290356"><ele>418.79998779296875</ele><time>2025-11-22T04:44:42.000Z</time><extensions/></trkpt><trkpt lat="35.627609845250845" lon="138.9608866162598"><ele>421.5999755859375</ele><time>2025-11-22T04:44:56.000Z</time><extensions/></trkpt><trkpt lat="35.62761244364083" lon="138.9609079901129"><ele>423.79998779296875</ele><time>2025-11-22T04:45:08.000Z</time><extensions/></trkpt><trkpt lat="35.627602050080895" lon="138.96096833981574"><ele>425.4000244140625</ele><time>2025-11-22T04:45:21.000Z</time><extensions/></trkpt><trkpt lat="35.62760096043348" lon="138.9610102493316"><ele>427.5999755859375</ele><time>2025-11-22T04:45:32.000Z</time><extensions/></trkpt><trkpt lat="35.6276033911854" lon="138.96104503422976"><ele>429.20001220703125</ele><time>2025-11-22T04:45:40.000Z</time><extensions/></trkpt><trkpt lat="35.627625435590744" lon="138.9610514882952"><ele>430.79998779296875</ele><time>2025-11-22T04:45:56.000Z</time><extensions/></trkpt><trkpt lat="35.627597188577056" lon="138.96109172143042"><ele>430.79998779296875</ele><time>2025-11-22T04:46:04.000Z</time><extensions/></trkpt><trkpt lat="35.627621999010444" lon="138.961127595976"><ele>431.79998779296875</ele><time>2025-11-22T04:46:13.000Z</time><extensions/></trkpt><trkpt lat="35.627593751996756" lon="138.96111502312124"><ele>432.4000244140625</ele><time>2025-11-22T04:46:21.000Z</time><extensions/></trkpt><trkpt lat="35.62754362821579" lon="138.96113648079336"><ele>432.0</ele><time>2025-11-22T04:47:11.000Z</time><extensions/></trkpt><trkpt lat="35.62757137231529" lon="138.96111619658768"><ele>432.0</ele><time>2025-11-22T04:47:20.000Z</time><extensions/></trkpt><trkpt lat="35.6275898963213" lon="138.9611014444381"><ele>431.79998779296875</ele><time>2025-11-22T04:47:27.000Z</time><extensions/></trkpt><trkpt lat="35.62758084386587" lon="138.9610406756401"><ele>430.79998779296875</ele><time>2025-11-22T04:47:44.000Z</time><extensions/></trkpt><trkpt lat="35.627576066181064" lon="138.9610097464174"><ele>429.0</ele><time>2025-11-22T04:47:58.000Z</time><extensions/></trkpt><trkpt lat="35.62757304869592" lon="138.96096448414028"><ele>426.4000244140625</ele><time>2025-11-22T04:48:12.000Z</time><extensions/></trkpt><trkpt lat="35.62756231985986" lon="138.9609013684094"><ele>425.5999755859375</ele><time>2025-11-22T04:48:21.000Z</time><extensions/></trkpt><trkpt lat="35.62755427323282" lon="138.96083909086883"><ele>423.0</ele><time>2025-11-22T04:48:37.000Z</time><extensions/></trkpt><trkpt lat="35.627559972926974" lon="138.96074672229588"><ele>420.5999755859375</ele><time>2025-11-22T04:48:50.000Z</time><extensions/></trkpt><trkpt lat="35.62757095322013" lon="138.9606286212802"><ele>417.79998779296875</ele><time>2025-11-22T04:49:02.000Z</time><extensions/></trkpt><trkpt lat="35.627578077837825" lon="138.96057388745248"><ele>416.5999755859375</ele><time>2025-11-22T04:49:07.000Z</time><extensions/></trkpt><trkpt lat="35.62758855521679" lon="138.96048227325082"><ele>413.5999755859375</ele><time>2025-11-22T04:49:17.000Z</time><extensions/></trkpt><trkpt lat="35.627591740339994" lon="138.9604066684842"><ele>411.79998779296875</ele><time>2025-11-22T04:49:27.000Z</time><extensions/></trkpt><trkpt lat="35.62757673673332" lon="138.9603675249964"><ele>411.5999755859375</ele><time>2025-11-22T04:49:30.000Z</time><extensions/></trkpt><trkpt lat="35.62757003121078" lon="138.96035294048488"><ele>411.4000244140625</ele><time>2025-11-22T04:49:31.000Z</time><extensions/></trkpt><trkpt lat="35.62753985635936" lon="138.96021883003414"><ele>410.4000244140625</ele><time>2025-11-22T04:49:41.000Z</time><extensions/></trkpt><trkpt lat="35.62752057798207" lon="138.96019033156335"><ele>410.0</ele><time>2025-11-22T04:49:45.000Z</time><extensions/></trkpt><trkpt lat="35.627500377595425" lon="138.960176166147"><ele>409.4000244140625</ele><time>2025-11-22T04:49:48.000Z</time><extensions/></trkpt><trkpt lat="35.62753382138908" lon="138.960091592744"><ele>407.5999755859375</ele><time>2025-11-22T04:49:56.000Z</time><extensions/></trkpt><trkpt lat="35.62755393795669" lon="138.96003694273531"><ele>405.4000244140625</ele><time>2025-11-22T04:50:04.000Z</time><extensions/></trkpt><trkpt lat="35.62751823104918" lon="138.960014982149"><ele>403.5999755859375</ele><time>2025-11-22T04:50:09.000Z</time><extensions/></trkpt><trkpt lat="35.62750758603215" lon="138.9600141439587"><ele>403.4000244140625</ele><time>2025-11-22T04:50:10.000Z</time><extensions/></trkpt><trkpt lat="35.62749736011028" lon="138.96001464687288"><ele>403.0</ele><time>2025-11-22T04:50:11.000Z</time><extensions/></trkpt><trkpt lat="35.627471124753356" lon="138.96001799963415"><ele>402.20001220703125</ele><time>2025-11-22T04:50:14.000Z</time><extensions/></trkpt><trkpt lat="35.62749425880611" lon="138.9599718991667"><ele>400.5999755859375</ele><time>2025-11-22T04:50:20.000Z</time><extensions/></trkpt><trkpt lat="35.62751093879342" lon="138.95993032492697"><ele>398.20001220703125</ele><time>2025-11-22T04:50:29.000Z</time><extensions/></trkpt><trkpt lat="35.62744195573032" lon="138.95993099547923"><ele>396.0</ele><time>2025-11-22T04:50:40.000Z</time><extensions/></trkpt><trkpt lat="35.627363082021475" lon="138.95996284671128"><ele>392.79998779296875</ele><time>2025-11-22T04:50:52.000Z</time><extensions/></trkpt><trkpt lat="35.62734682112932" lon="138.9599079452455"><ele>390.5999755859375</ele><time>2025-11-22T04:51:02.000Z</time><extensions/></trkpt><trkpt lat="35.62735905870795" lon="138.95986494608223"><ele>390.0</ele><time>2025-11-22T04:51:05.000Z</time><extensions/></trkpt><trkpt lat="35.62738093547523" lon="138.95979286171496"><ele>387.79998779296875</ele><time>2025-11-22T04:51:14.000Z</time><extensions/></trkpt><trkpt lat="35.62730239704251" lon="138.9598138164729"><ele>385.0</ele><time>2025-11-22T04:51:25.000Z</time><extensions/></trkpt><trkpt lat="35.62725973315537" lon="138.9598056860268"><ele>382.4000244140625</ele><time>2025-11-22T04:51:35.000Z</time><extensions/></trkpt><trkpt lat="35.62728303484619" lon="138.95969328470528"><ele>379.20001220703125</ele><time>2025-11-22T04:51:46.000Z</time><extensions/></trkpt><trkpt lat="35.62730776146054" lon="138.95958716981113"><ele>376.4000244140625</ele><time>2025-11-22T04:51:57.000Z</time><extensions/></trkpt><trkpt lat="35.62736039981246" lon="138.9595027640462"><ele>373.4000244140625</ele><time>2025-11-22T04:52:09.000Z</time><extensions/></trkpt><trkpt lat="35.62731262296438" lon="138.9595355372876"><ele>370.5999755859375</ele><time>2025-11-22T04:52:21.000Z</time><extensions/></trkpt><trkpt lat="35.62725202180445" lon="138.95958272740245"><ele>368.20001220703125</ele><time>2025-11-22T04:52:31.000Z</time><extensions/></trkpt><trkpt lat="35.627165688201785" lon="138.95961541682482"><ele>365.0</ele><time>2025-11-22T04:52:43.000Z</time><extensions/></trkpt><trkpt lat="35.62713769264519" lon="138.95963033661246"><ele>364.20001220703125</ele><time>2025-11-22T04:52:46.000Z</time><extensions/></trkpt><trkpt lat="35.62712352722883" lon="138.95955992862582"><ele>362.20001220703125</ele><time>2025-11-22T04:52:53.000Z</time><extensions/></trkpt><trkpt lat="35.62711506150663" lon="138.95945884287357"><ele>359.4000244140625</ele><time>2025-11-22T04:53:05.000Z</time><extensions/></trkpt><trkpt lat="35.6270594894886" lon="138.9594208728522"><ele>357.20001220703125</ele><time>2025-11-22T04:53:17.000Z</time><extensions/></trkpt><trkpt lat="35.62700064852834" lon="138.95937653258443"><ele>354.0</ele><time>2025-11-22T04:53:30.000Z</time><extensions/></trkpt><trkpt lat="35.626956559717655" lon="138.959341077134"><ele>350.79998779296875</ele><time>2025-11-22T04:53:40.000Z</time><extensions/></trkpt><trkpt lat="35.62692755833268" lon="138.9593103993684"><ele>347.5999755859375</ele><time>2025-11-22T04:53:48.000Z</time><extensions/></trkpt><trkpt lat="35.62690199352801" lon="138.95928734913468"><ele>344.5999755859375</ele><time>2025-11-22T04:53:57.000Z</time><extensions/></trkpt><trkpt lat="35.62687668018043" lon="138.95924929529428"><ele>341.20001220703125</ele><time>2025-11-22T04:54:08.000Z</time><extensions/></trkpt><trkpt lat="35.62684985809028" lon="138.9592081401497"><ele>338.4000244140625</ele><time>2025-11-22T04:54:17.000Z</time><extensions/></trkpt><trkpt lat="35.62683284282684" lon="138.95921643823385"><ele>337.79998779296875</ele><time>2025-11-22T04:54:19.000Z</time><extensions/></trkpt><trkpt lat="35.626823622733355" lon="138.95922482013702"><ele>337.4000244140625</ele><time>2025-11-22T04:54:20.000Z</time><extensions/></trkpt><trkpt lat="35.626816749572754" lon="138.9592347946018"><ele>337.0</ele><time>2025-11-22T04:54:21.000Z</time><extensions/></trkpt><trkpt lat="35.62673779204488" lon="138.95935968495905"><ele>335.79998779296875</ele><time>2025-11-22T04:54:32.000Z</time><extensions/></trkpt><trkpt lat="35.626707281917334" lon="138.95939991809428"><ele>335.79998779296875</ele><time>2025-11-22T04:54:36.000Z</time><extensions/></trkpt><trkpt lat="35.62669931910932" lon="138.95941274240613"><ele>335.79998779296875</ele><time>2025-11-22T04:54:37.000Z</time><extensions/></trkpt><trkpt lat="35.626690685749054" lon="138.95942632108927"><ele>335.79998779296875</ele><time>2025-11-22T04:54:38.000Z</time><extensions/></trkpt><trkpt lat="35.626683477312326" lon="138.95943755283952"><ele>335.79998779296875</ele><time>2025-11-22T04:54:39.000Z</time><extensions/></trkpt><trkpt lat="35.62667484395206" lon="138.95944719202816"><ele>335.79998779296875</ele><time>2025-11-22T04:54:40.000Z</time><extensions/></trkpt><trkpt lat="35.626602759584785" lon="138.9595474395901"><ele>335.79998779296875</ele><time>2025-11-22T04:54:49.000Z</time><extensions/></trkpt><trkpt lat="35.62652975320816" lon="138.95964056253433"><ele>336.0</ele><time>2025-11-22T04:54:58.000Z</time><extensions/></trkpt><trkpt lat="35.6264344509691" lon="138.95977626554668"><ele>336.4000244140625</ele><time>2025-11-22T04:55:09.000Z</time><extensions/></trkpt><trkpt lat="35.62635809183121" lon="138.95986787974834"><ele>336.4000244140625</ele><time>2025-11-22T04:55:17.000Z</time><extensions/></trkpt><trkpt lat="35.62632414512336" lon="138.95988984033465"><ele>336.4000244140625</ele><time>2025-11-22T04:55:20.000Z</time><extensions/></trkpt><trkpt lat="35.626312494277954" lon="138.9598955400288"><ele>336.4000244140625</ele><time>2025-11-22T04:55:21.000Z</time><extensions/></trkpt><trkpt lat="35.6262996699661" lon="138.95990199409425"><ele>336.4000244140625</ele><time>2025-11-22T04:55:22.000Z</time><extensions/></trkpt><trkpt lat="35.62618265859783" lon="138.95993443205953"><ele>336.4000244140625</ele><time>2025-11-22T04:55:31.000Z</time><extensions/></trkpt><trkpt lat="35.626049721613526" lon="138.95996209234"><ele>336.4000244140625</ele><time>2025-11-22T04:55:40.000Z</time><extensions/></trkpt><trkpt lat="35.62587403692305" lon="138.95997541956604"><ele>336.4000244140625</ele><time>2025-11-22T04:55:52.000Z</time><extensions/></trkpt><trkpt lat="35.625721821561456" lon="138.96001883782446"><ele>336.20001220703125</ele><time>2025-11-22T04:56:03.000Z</time><extensions/></trkpt><trkpt lat="35.62560522928834" lon="138.96010123193264"><ele>336.0</ele><time>2025-11-22T04:56:12.000Z</time><extensions/></trkpt><trkpt lat="35.625477489084005" lon="138.9601907506585"><ele>335.79998779296875</ele><time>2025-11-22T04:56:23.000Z</time><extensions/></trkpt><trkpt lat="35.62535377219319" lon="138.96025923080742"><ele>335.79998779296875</ele><time>2025-11-22T04:56:33.000Z</time><extensions/></trkpt><trkpt lat="35.62533114105463" lon="138.96027683280408"><ele>335.79998779296875</ele><time>2025-11-22T04:56:35.000Z</time><extensions/></trkpt><trkpt lat="35.625318735837936" lon="138.96028387360275"><ele>335.79998779296875</ele><time>2025-11-22T04:56:36.000Z</time><extensions/></trkpt><trkpt lat="35.625198036432266" lon="138.96035704761744"><ele>336.4000244140625</ele><time>2025-11-22T04:56:46.000Z</time><extensions/></trkpt><trkpt lat="35.625072391703725" lon="138.96045695990324"><ele>336.79998779296875</ele><time>2025-11-22T04:56:57.000Z</time><extensions/></trkpt><trkpt lat="35.62496627680957" lon="138.96054823882878"><ele>336.79998779296875</ele><time>2025-11-22T04:57:06.000Z</time><extensions/></trkpt><trkpt lat="35.62487625516951" lon="138.96063775755465"><ele>336.79998779296875</ele><time>2025-11-22T04:57:14.000Z</time><extensions/></trkpt><trkpt lat="35.624770391732454" lon="138.96070917136967"><ele>336.5999755859375</ele><time>2025-11-22T04:57:22.000Z</time><extensions/></trkpt><trkpt lat="35.624622367322445" lon="138.96076139062643"><ele>336.79998779296875</ele><time>2025-11-22T04:57:33.000Z</time><extensions/></trkpt><trkpt lat="35.624503176659346" lon="138.96080522798002"><ele>337.0</ele><time>2025-11-22T04:57:42.000Z</time><extensions/></trkpt><trkpt lat="35.624381471425295" lon="138.96083942614496"><ele>337.20001220703125</ele><time>2025-11-22T04:57:51.000Z</time><extensions/></trkpt><trkpt lat="35.624224646016955" lon="138.96088485606015"><ele>337.20001220703125</ele><time>2025-11-22T04:58:02.000Z</time><extensions/></trkpt><trkpt lat="35.624091289937496" lon="138.96093556657434"><ele>337.0</ele><time>2025-11-22T04:58:12.000Z</time><extensions/></trkpt><trkpt lat="35.623959274962544" lon="138.96102726459503"><ele>336.79998779296875</ele><time>2025-11-22T04:58:23.000Z</time><extensions/></trkpt><trkpt lat="35.62384813092649" lon="138.96113723516464"><ele>336.79998779296875</ele><time>2025-11-22T04:58:33.000Z</time><extensions/></trkpt><trkpt lat="35.62376799993217" lon="138.9612304419279"><ele>336.5999755859375</ele><time>2025-11-22T04:58:41.000Z</time><extensions/></trkpt><trkpt lat="35.62368728220463" lon="138.96135524846613"><ele>336.20001220703125</ele><time>2025-11-22T04:58:50.000Z</time><extensions/></trkpt><trkpt lat="35.62360044568777" lon="138.96148164756596"><ele>335.4000244140625</ele><time>2025-11-22T04:59:00.000Z</time><extensions/></trkpt><trkpt lat="35.62350799329579" lon="138.9616331923753"><ele>335.4000244140625</ele><time>2025-11-22T04:59:11.000Z</time><extensions/></trkpt><trkpt lat="35.62343222089112" lon="138.96179798059165"><ele>335.0</ele><time>2025-11-22T04:59:22.000Z</time><extensions/></trkpt><trkpt lat="35.62335066497326" lon="138.96191876381636"><ele>335.20001220703125</ele><time>2025-11-22T04:59:31.000Z</time><extensions/></trkpt><trkpt lat="35.6232915725559" lon="138.96202571690083"><ele>334.4000244140625</ele><time>2025-11-22T04:59:39.000Z</time><extensions/></trkpt><trkpt lat="35.62319383956492" lon="138.96219628863037"><ele>334.20001220703125</ele><time>2025-11-22T04:59:51.000Z</time><extensions/></trkpt><trkpt lat="35.62308931723237" lon="138.96234925836325"><ele>333.5999755859375</ele><time>2025-11-22T05:00:03.000Z</time><extensions/></trkpt><trkpt lat="35.62297699972987" lon="138.96248504519463"><ele>333.0</ele><time>2025-11-22T05:00:15.000Z</time><extensions/></trkpt><trkpt lat="35.62286116182804" lon="138.96262116730213"><ele>333.0</ele><time>2025-11-22T05:00:27.000Z</time><extensions/></trkpt><trkpt lat="35.62275353819132" lon="138.96277179010212"><ele>332.79998779296875</ele><time>2025-11-22T05:00:39.000Z</time><extensions/></trkpt><trkpt lat="35.62266854569316" lon="138.9628980215639"><ele>332.20001220703125</ele><time>2025-11-22T05:00:49.000Z</time><extensions/></trkpt><trkpt lat="35.62257919460535" lon="138.96307412534952"><ele>332.20001220703125</ele><time>2025-11-22T05:01:02.000Z</time><extensions/></trkpt><trkpt lat="35.62251063063741" lon="138.96322323940694"><ele>331.5999755859375</ele><time>2025-11-22T05:01:13.000Z</time><extensions/></trkpt><trkpt lat="35.6224453356117" lon="138.96340068429708"><ele>331.4000244140625</ele><time>2025-11-22T05:01:25.000Z</time><extensions/></trkpt><trkpt lat="35.62237802892923" lon="138.9635825715959"><ele>331.0</ele><time>2025-11-22T05:01:37.000Z</time><extensions/></trkpt><trkpt lat="35.6223229598254" lon="138.96372648887336"><ele>331.0</ele><time>2025-11-22T05:01:47.000Z</time><extensions/></trkpt><trkpt lat="35.62228197231889" lon="138.96389119327068"><ele>330.4000244140625</ele><time>2025-11-22T05:01:58.000Z</time><extensions/></trkpt><trkpt lat="35.62223369255662" lon="138.96403854712844"><ele>330.0</ele><time>2025-11-22T05:02:08.000Z</time><extensions/></trkpt><trkpt lat="35.62215448357165" lon="138.96421465091407"><ele>330.0</ele><time>2025-11-22T05:02:20.000Z</time><extensions/></trkpt><trkpt lat="35.6220740173012" lon="138.96435404196382"><ele>329.5999755859375</ele><time>2025-11-22T05:02:30.000Z</time><extensions/></trkpt><trkpt lat="35.62201098538935" lon="138.96446912549436"><ele>329.5999755859375</ele><time>2025-11-22T05:02:39.000Z</time><extensions/></trkpt><trkpt lat="35.62193479388952" lon="138.96459912881255"><ele>329.4000244140625</ele><time>2025-11-22T05:02:48.000Z</time><extensions/></trkpt><trkpt lat="35.62184737063944" lon="138.96472988650203"><ele>329.4000244140625</ele><time>2025-11-22T05:02:58.000Z</time><extensions/></trkpt><trkpt lat="35.62175667844713" lon="138.96489308215678"><ele>329.5999755859375</ele><time>2025-11-22T05:03:10.000Z</time><extensions/></trkpt><trkpt lat="35.62166162766516" lon="138.96505451761186"><ele>328.5999755859375</ele><time>2025-11-22T05:03:22.000Z</time><extensions/></trkpt><trkpt lat="35.62158317305148" lon="138.96520757116377"><ele>328.0</ele><time>2025-11-22T05:03:33.000Z</time><extensions/></trkpt><trkpt lat="35.62148124910891" lon="138.96539515815675"><ele>327.4000244140625</ele><time>2025-11-22T05:03:47.000Z</time><extensions/></trkpt><trkpt lat="35.6213850248605" lon="138.9655487984419"><ele>327.5999755859375</ele><time>2025-11-22T05:03:59.000Z</time><extensions/></trkpt><trkpt lat="35.62127748504281" lon="138.96569489501417"><ele>327.5999755859375</ele><time>2025-11-22T05:04:11.000Z</time><extensions/></trkpt><trkpt lat="35.62121068127453" lon="138.96581794135273"><ele>327.4000244140625</ele><time>2025-11-22T05:04:21.000Z</time><extensions/></trkpt><trkpt lat="35.621115546673536" lon="138.9659592602402"><ele>327.0</ele><time>2025-11-22T05:04:32.000Z</time><extensions/></trkpt><trkpt lat="35.62100934796035" lon="138.96612052805722"><ele>326.4000244140625</ele><time>2025-11-22T05:04:44.000Z</time><extensions/></trkpt><trkpt lat="35.62091505154967" lon="138.96625304594636"><ele>326.0</ele><time>2025-11-22T05:04:55.000Z</time><extensions/></trkpt><trkpt lat="35.62080449424684" lon="138.96641573868692"><ele>325.5999755859375</ele><time>2025-11-22T05:05:08.000Z</time><extensions/></trkpt><trkpt lat="35.62073023058474" lon="138.96653006784618"><ele>325.5999755859375</ele><time>2025-11-22T05:05:17.000Z</time><extensions/></trkpt><trkpt lat="35.62065353617072" lon="138.96667842753232"><ele>325.5999755859375</ele><time>2025-11-22T05:05:28.000Z</time><extensions/></trkpt><trkpt lat="35.62057935632765" lon="138.96678906865418"><ele>325.79998779296875</ele><time>2025-11-22T05:05:37.000Z</time><extensions/></trkpt><trkpt lat="35.62047617509961" lon="138.96695318631828"><ele>326.4000244140625</ele><time>2025-11-22T05:05:50.000Z</time><extensions/></trkpt><trkpt lat="35.620423033833504" lon="138.9670679345727"><ele>326.5999755859375</ele><time>2025-11-22T05:05:58.000Z</time><extensions/></trkpt><trkpt lat="35.62035287730396" lon="138.96725225262344"><ele>326.5999755859375</ele><time>2025-11-22T05:06:10.000Z</time><extensions/></trkpt><trkpt lat="35.62026696279645" lon="138.96738208830357"><ele>326.4000244140625</ele><time>2025-11-22T05:06:20.000Z</time><extensions/></trkpt><trkpt lat="35.6201505381614" lon="138.9674910530448"><ele>326.79998779296875</ele><time>2025-11-22T05:06:31.000Z</time><extensions/></trkpt><trkpt lat="35.62006286345422" lon="138.96759272553027"><ele>326.79998779296875</ele><time>2025-11-22T05:06:41.000Z</time><extensions/></trkpt><trkpt lat="35.619945768266916" lon="138.9676982536912"><ele>327.0</ele><time>2025-11-22T05:06:52.000Z</time><extensions/></trkpt><trkpt lat="35.619821632280946" lon="138.9678026922047"><ele>326.79998779296875</ele><time>2025-11-22T05:07:03.000Z</time><extensions/></trkpt><trkpt lat="35.61970956623554" lon="138.96795708686113"><ele>327.4000244140625</ele><time>2025-11-22T05:07:16.000Z</time><extensions/></trkpt><trkpt lat="35.619623148813844" lon="138.96804962307215"><ele>327.5999755859375</ele><time>2025-11-22T05:07:25.000Z</time><extensions/></trkpt><trkpt lat="35.619539665058255" lon="138.96815104410052"><ele>327.79998779296875</ele><time>2025-11-22T05:07:34.000Z</time><extensions/></trkpt><trkpt lat="35.61944813467562" lon="138.96827752701938"><ele>327.79998779296875</ele><time>2025-11-22T05:07:44.000Z</time><extensions/></trkpt><trkpt lat="35.61936171725392" lon="138.96841255947948"><ele>327.5999755859375</ele><time>2025-11-22T05:07:54.000Z</time><extensions/></trkpt><trkpt lat="35.61925702728331" lon="138.9685799460858"><ele>328.5999755859375</ele><time>2025-11-22T05:08:07.000Z</time><extensions/></trkpt><trkpt lat="35.61915007419884" lon="138.96873802877963"><ele>329.20001220703125</ele><time>2025-11-22T05:08:19.000Z</time><extensions/></trkpt><trkpt lat="35.61906256712973" lon="138.96887524053454"><ele>329.5999755859375</ele><time>2025-11-22T05:08:30.000Z</time><extensions/></trkpt><trkpt lat="35.618954272940755" lon="138.9690276235342"><ele>330.0</ele><time>2025-11-22T05:08:42.000Z</time><extensions/></trkpt><trkpt lat="35.61884447000921" lon="138.9691809285432"><ele>330.5999755859375</ele><time>2025-11-22T05:08:54.000Z</time><extensions/></trkpt><trkpt lat="35.61872536316514" lon="138.96933767013252"><ele>331.20001220703125</ele><time>2025-11-22T05:09:07.000Z</time><extensions/></trkpt><trkpt lat="35.618635760620236" lon="138.96945375949144"><ele>331.4000244140625</ele><time>2025-11-22T05:09:17.000Z</time><extensions/></trkpt><trkpt lat="35.618535093963146" lon="138.96955844946206"><ele>331.5999755859375</ele><time>2025-11-22T05:09:27.000Z</time><extensions/></trkpt><trkpt lat="35.61841104179621" lon="138.96971887908876"><ele>331.4000244140625</ele><time>2025-11-22T05:09:40.000Z</time><extensions/></trkpt><trkpt lat="35.618297047913074" lon="138.96988542750478"><ele>331.79998779296875</ele><time>2025-11-22T05:09:53.000Z</time><extensions/></trkpt><trkpt lat="35.618218425661325" lon="138.96999824792147"><ele>332.0</ele><time>2025-11-22T05:10:02.000Z</time><extensions/></trkpt><trkpt lat="35.6182075291872" lon="138.96999891847372"><ele>332.0</ele><time>2025-11-22T05:10:03.000Z</time><extensions/></trkpt><trkpt lat="35.6181972194463" lon="138.96999087184668"><ele>332.0</ele><time>2025-11-22T05:10:04.000Z</time><extensions/></trkpt><trkpt lat="35.618080543354154" lon="138.9698767941445"><ele>331.79998779296875</ele><time>2025-11-22T05:10:15.000Z</time><extensions/></trkpt><trkpt lat="35.61796017922461" lon="138.96977176889777"><ele>331.0</ele><time>2025-11-22T05:10:26.000Z</time><extensions/></trkpt><trkpt lat="35.61784467659891" lon="138.9696856867522"><ele>330.0</ele><time>2025-11-22T05:10:36.000Z</time><extensions/></trkpt><trkpt lat="35.61770159751177" lon="138.96957563236356"><ele>329.0</ele><time>2025-11-22T05:10:48.000Z</time><extensions/></trkpt><trkpt lat="35.617511328309774" lon="138.96945375949144"><ele>327.5999755859375</ele><time>2025-11-22T05:11:03.000Z</time><extensions/></trkpt><trkpt lat="35.617336984723806" lon="138.96934035234153"><ele>327.20001220703125</ele><time>2025-11-22T05:11:17.000Z</time><extensions/></trkpt><trkpt lat="35.617238664999604" lon="138.96927597932518"><ele>326.79998779296875</ele><time>2025-11-22T05:11:25.000Z</time><extensions/></trkpt><trkpt lat="35.61708158813417" lon="138.96921219304204"><ele>327.5999755859375</ele><time>2025-11-22T05:11:37.000Z</time><extensions/></trkpt><trkpt lat="35.61691554263234" lon="138.96913088858128"><ele>328.4000244140625</ele><time>2025-11-22T05:11:50.000Z</time><extensions/></trkpt><trkpt lat="35.616810182109475" lon="138.96905293688178"><ele>328.4000244140625</ele><time>2025-11-22T05:12:01.000Z</time><extensions/></trkpt><trkpt lat="35.61683029867709" lon="138.9690608996898"><ele>329.5999755859375</ele><time>2025-11-22T05:12:10.000Z</time><extensions/></trkpt><trkpt lat="35.61685393564403" lon="138.96906048059464"><ele>330.4000244140625</ele><time>2025-11-22T05:12:17.000Z</time><extensions/></trkpt><trkpt lat="35.616841027513146" lon="138.96905494853854"><ele>330.4000244140625</ele><time>2025-11-22T05:12:19.000Z</time><extensions/></trkpt><trkpt lat="35.6168192345649" lon="138.96903692744672"><ele>330.4000244140625</ele><time>2025-11-22T05:12:21.000Z</time><extensions/></trkpt><trkpt lat="35.616808170452714" lon="138.9690255280584"><ele>330.20001220703125</ele><time>2025-11-22T05:12:22.000Z</time><extensions/></trkpt><trkpt lat="35.616638688370585" lon="138.9689194969833"><ele>330.4000244140625</ele><time>2025-11-22T05:12:35.000Z</time><extensions/></trkpt><trkpt lat="35.616504745557904" lon="138.9688706304878"><ele>330.4000244140625</ele><time>2025-11-22T05:12:45.000Z</time><extensions/></trkpt><trkpt lat="35.61641019769013" lon="138.9687915891409"><ele>330.4000244140625</ele><time>2025-11-22T05:12:54.000Z</time><extensions/></trkpt><trkpt lat="35.61641212552786" lon="138.96878823637962"><ele>331.0</ele><time>2025-11-22T05:13:01.000Z</time><extensions/></trkpt><trkpt lat="35.61640625819564" lon="138.96876191720366"><ele>331.5999755859375</ele><time>2025-11-22T05:13:19.000Z</time><extensions/></trkpt><trkpt lat="35.616397792473435" lon="138.96874926052988"><ele>331.4000244140625</ele><time>2025-11-22T05:13:20.000Z</time><extensions/></trkpt><trkpt lat="35.616386979818344" lon="138.96873459219933"><ele>331.4000244140625</ele><time>2025-11-22T05:13:21.000Z</time><extensions/></trkpt><trkpt lat="35.616376334801316" lon="138.96871807985008"><ele>331.4000244140625</ele><time>2025-11-22T05:13:22.000Z</time><extensions/></trkpt><trkpt lat="35.616366444155574" lon="138.96870114840567"><ele>331.4000244140625</ele><time>2025-11-22T05:13:23.000Z</time><extensions/></trkpt><trkpt lat="35.61630559153855" lon="138.9686237834394"><ele>330.79998779296875</ele><time>2025-11-22T05:13:31.000Z</time><extensions/></trkpt><trkpt lat="35.61629385687411" lon="138.96862386725843"><ele>330.79998779296875</ele><time>2025-11-22T05:13:32.000Z</time><extensions/></trkpt><trkpt lat="35.61628136783838" lon="138.9686301536858"><ele>331.0</ele><time>2025-11-22T05:13:33.000Z</time><extensions/></trkpt><trkpt lat="35.616180365905166" lon="138.9686721470207"><ele>334.0</ele><time>2025-11-22T05:13:41.000Z</time><extensions/></trkpt><trkpt lat="35.61608674004674" lon="138.96861749701202"><ele>335.20001220703125</ele><time>2025-11-22T05:13:50.000Z</time><extensions/></trkpt><trkpt lat="35.61605488881469" lon="138.9686008170247"><ele>335.20001220703125</ele><time>2025-11-22T05:13:53.000Z</time><extensions/></trkpt><trkpt lat="35.615884736180305" lon="138.96855471655726"><ele>334.5999755859375</ele><time>2025-11-22T05:14:05.000Z</time><extensions/></trkpt><trkpt lat="35.615765042603016" lon="138.96847257390618"><ele>334.5999755859375</ele><time>2025-11-22T05:14:15.000Z</time><extensions/></trkpt><trkpt lat="35.61562028713524" lon="138.9684067759663"><ele>336.4000244140625</ele><time>2025-11-22T05:14:26.000Z</time><extensions/></trkpt><trkpt lat="35.615509394556284" lon="138.96840174682438"><ele>337.0</ele><time>2025-11-22T05:14:34.000Z</time><extensions/></trkpt><trkpt lat="35.61535583809018" lon="138.96838456392288"><ele>337.79998779296875</ele><time>2025-11-22T05:14:45.000Z</time><extensions/></trkpt><trkpt lat="35.61515919864178" lon="138.96838632412255"><ele>337.20001220703125</ele><time>2025-11-22T05:14:58.000Z</time><extensions/></trkpt><trkpt lat="35.61494059860706" lon="138.9683528803289"><ele>337.0</ele><time>2025-11-22T05:15:13.000Z</time><extensions/></trkpt><trkpt lat="35.614758962765336" lon="138.96832312457263"><ele>337.0</ele><time>2025-11-22T05:15:26.000Z</time><extensions/></trkpt><trkpt lat="35.61457288451493" lon="138.96830854006112"><ele>337.0</ele><time>2025-11-22T05:15:39.000Z</time><extensions/></trkpt><trkpt lat="35.61446836218238" lon="138.96825925447047"><ele>337.20001220703125</ele><time>2025-11-22T05:15:47.000Z</time><extensions/></trkpt><trkpt lat="35.614453526213765" lon="138.96825732663274"><ele>337.20001220703125</ele><time>2025-11-22T05:15:48.000Z</time><extensions/></trkpt><trkpt lat="35.614439863711596" lon="138.9682604279369"><ele>337.0</ele><time>2025-11-22T05:15:49.000Z</time><extensions/></trkpt><trkpt lat="35.61442603357136" lon="138.96826503798366"><ele>337.0</ele><time>2025-11-22T05:15:50.000Z</time><extensions/></trkpt><trkpt lat="35.614411951974034" lon="138.96826746873558"><ele>336.79998779296875</ele><time>2025-11-22T05:15:51.000Z</time><extensions/></trkpt><trkpt lat="35.61439703218639" lon="138.96826637908816"><ele>336.79998779296875</ele><time>2025-11-22T05:15:52.000Z</time><extensions/></trkpt><trkpt lat="35.614382782951" lon="138.96826034411788"><ele>336.79998779296875</ele><time>2025-11-22T05:15:53.000Z</time><extensions/></trkpt><trkpt lat="35.61437213793397" lon="138.96825003437698"><ele>336.79998779296875</ele><time>2025-11-22T05:15:54.000Z</time><extensions/></trkpt><trkpt lat="35.61436593532562" lon="138.9682352822274"><ele>336.5999755859375</ele><time>2025-11-22T05:15:55.000Z</time><extensions/></trkpt><trkpt lat="35.61436249874532" lon="138.96821826696396"><ele>336.5999755859375</ele><time>2025-11-22T05:15:56.000Z</time><extensions/></trkpt><trkpt lat="35.61436099000275" lon="138.96820074878633"><ele>336.5999755859375</ele><time>2025-11-22T05:15:57.000Z</time><extensions/></trkpt><trkpt lat="35.614359732717276" lon="138.9681832306087"><ele>336.4000244140625</ele><time>2025-11-22T05:15:58.000Z</time><extensions/></trkpt><trkpt lat="35.614322517067194" lon="138.96801534108818"><ele>336.20001220703125</ele><time>2025-11-22T05:16:08.000Z</time><extensions/></trkpt><trkpt lat="35.6142773386091" lon="138.96783638745546"><ele>336.5999755859375</ele><time>2025-11-22T05:16:18.000Z</time><extensions/></trkpt><trkpt lat="35.61419905163348" lon="138.96762273274362"><ele>336.79998779296875</ele><time>2025-11-22T05:16:31.000Z</time><extensions/></trkpt><trkpt lat="35.61416191980243" lon="138.96745928563178"><ele>336.79998779296875</ele><time>2025-11-22T05:16:41.000Z</time><extensions/></trkpt><trkpt lat="35.61412981711328" lon="138.96736876107752"><ele>337.0</ele><time>2025-11-22T05:16:47.000Z</time><extensions/></trkpt><trkpt lat="35.614121267572045" lon="138.96736968308687"><ele>337.0</ele><time>2025-11-22T05:16:48.000Z</time><extensions/></trkpt><trkpt lat="35.61410006135702" lon="138.9673903863877"><ele>337.20001220703125</ele><time>2025-11-22T05:16:51.000Z</time><extensions/></trkpt><trkpt lat="35.614086063578725" lon="138.9673998579383"><ele>337.20001220703125</ele><time>2025-11-22T05:16:52.000Z</time><extensions/></trkpt><trkpt lat="35.614068293944" lon="138.9674051385373"><ele>337.20001220703125</ele><time>2025-11-22T05:16:53.000Z</time><extensions/></trkpt><trkpt lat="35.61405027285218" lon="138.96740932948887"><ele>337.20001220703125</ele><time>2025-11-22T05:16:54.000Z</time><extensions/></trkpt><trkpt lat="35.614031832665205" lon="138.9674101676792"><ele>337.20001220703125</ele><time>2025-11-22T05:16:55.000Z</time><extensions/></trkpt><trkpt lat="35.61401414684951" lon="138.96741134114563"><ele>337.20001220703125</ele><time>2025-11-22T05:16:56.000Z</time><extensions/></trkpt><trkpt lat="35.6138127297163" lon="138.96746339276433"><ele>337.79998779296875</ele><time>2025-11-22T05:17:08.000Z</time><extensions/></trkpt><trkpt lat="35.61367325484753" lon="138.96747034974396"><ele>337.5999755859375</ele><time>2025-11-22T05:17:17.000Z</time><extensions/></trkpt><trkpt lat="35.61350544914603" lon="138.96750069223344"><ele>337.5999755859375</ele><time>2025-11-22T05:17:28.000Z</time><extensions/></trkpt><trkpt lat="35.61334225349128" lon="138.96751368418336"><ele>337.5999755859375</ele><time>2025-11-22T05:17:38.000Z</time><extensions/></trkpt><trkpt lat="35.61316883191466" lon="138.96756095811725"><ele>338.20001220703125</ele><time>2025-11-22T05:17:49.000Z</time><extensions/></trkpt><trkpt lat="35.61305483803153" lon="138.9676023647189"><ele>338.79998779296875</ele><time>2025-11-22T05:17:57.000Z</time><extensions/></trkpt><trkpt lat="35.612920643761754" lon="138.9676702581346"><ele>339.4000244140625</ele><time>2025-11-22T05:18:07.000Z</time><extensions/></trkpt><trkpt lat="35.61285216361284" lon="138.967806128785"><ele>339.4000244140625</ele><time>2025-11-22T05:18:17.000Z</time><extensions/></trkpt><trkpt lat="35.612843949347734" lon="138.96786832250655"><ele>339.20001220703125</ele><time>2025-11-22T05:18:25.000Z</time><extensions/></trkpt><trkpt lat="35.612843949347734" lon="138.96786832250655"><ele>339.20001220703125</ele><time>2025-11-22T05:18:26.000Z</time><extensions/></trkpt></trkseg></trk></gpx>