<?xml version="1.0" encoding="UTF-8"?><gpx version="1.1" creator="Garmin Explore App" xmlns="http://www.topografix.com/GPX/1/1" xmlns:adv="http://www.garmin.com/xmlschemas/AdventuresExtensions/v1" xmlns:gpxtpx="http://www.garmin.com/xmlschemas/TrackPointExtension/v1" xmlns:gpxtrx="http://www.garmin.com/xmlschemas/GpxExtensions/v3" xmlns:gpxx="http://www.garmin.com/xmlschemas/GpxExtensions/v3" xmlns:trp="http://www.garmin.com/xmlschemas/TripExtensions/v1" xmlns:wptx1="http://www.garmin.com/xmlschemas/WaypointExtension/v1" xmlns:xsi="http://www.w3.org/2001/XMLSchema-instance" xsi:schemaLocation="http://www.topografix.com/GPX/1/1 http://www.topografix.com/GPX/1/1/gpx.xsd http://www.garmin.com/xmlschemas/WaypointExtension/v1 http://www8.garmin.com/xmlschemas/WaypointExtensionv1.xsd http://www.garmin.com/xmlschemas/TrackPointExtension/v1 http://www.garmin.com/xmlschemas/TrackPointExtensionv1.xsd http://www.garmin.com/xmlschemas/GpxExtensions/v3 http://www8.garmin.com/xmlschemas/GpxExtensionsv3.xsd http://www.garmin.com/xmlschemas/ActivityExtension/v1 http://www8.garmin.com/xmlschemas/ActivityExtensionv1.xsd http://www.garmin.com/xmlschemas/AdventuresExtensions/v1 http://www8.garmin.com/xmlschemas/AdventuresExtensionv1.xsd http://www.garmin.com/xmlschemas/PressureExtension/v1 http://www.garmin.com/xmlschemas/PressureExtensionv1.xsd"><metadata><name>ハイキング near 配水場広場.gpx</name><link href="http://www.garmin.com"><text>Garmin International</text></link><time>2026-01-18T08:15:20.409Z</time></metadata><trk><name>2026-01-18 14.40.27</name><extensions><gpxx:TrackExtension xmlns:gpxx="http://www.garmin.com/xmlschemas/GpxExtensions/v3"><gpxx:DisplayColor>Magenta</gpxx:DisplayColor></gpxx:TrackExtension></extensions><trkseg><trkpt lat="35.85860679857433" lon="139.2171354778111"><ele>184.4000244140625</ele><time>2026-01-17T23:37:03.000Z</time><extensions/></trkpt><trkpt lat="35.85860679857433" lon="139.2171354778111"><ele>184.4000244140625</ele><time>2026-01-17T23:37:04.000Z</time><extensions/></trkpt><trkpt lat="35.85859816521406" lon="139.2170836776495"><ele>184.0</ele><time>2026-01-17T23:37:31.000Z</time><extensions/></trkpt><trkpt lat="35.85856379941106" lon="139.2168688494712"><ele>184.20001220703125</ele><time>2026-01-17T23:37:44.000Z</time><extensions/></trkpt><trkpt lat="35.85851996205747" lon="139.21670272015035"><ele>185.4000244140625</ele><time>2026-01-17T23:37:55.000Z</time><extensions/></trkpt><trkpt lat="35.85848484188318" lon="139.21654924750328"><ele>184.0</ele><time>2026-01-17T23:38:05.000Z</time><extensions/></trkpt><trkpt lat="35.85845014080405" lon="139.21638194471598"><ele>186.20001220703125</ele><time>2026-01-17T23:38:14.000Z</time><extensions/></trkpt><trkpt lat="35.85839171893895" lon="139.21616284176707"><ele>186.0</ele><time>2026-01-17T23:38:26.000Z</time><extensions/></trkpt><trkpt lat="35.858345199376345" lon="139.21596452593803"><ele>186.20001220703125</ele><time>2026-01-17T23:38:37.000Z</time><extensions/></trkpt><trkpt lat="35.858305217698216" lon="139.21578163281083"><ele>186.5999755859375</ele><time>2026-01-17T23:38:47.000Z</time><extensions/></trkpt><trkpt lat="35.858272360637784" lon="139.21557309105992"><ele>187.0</ele><time>2026-01-17T23:38:59.000Z</time><extensions/></trkpt><trkpt lat="35.858258781954646" lon="139.21548776328564"><ele>187.20001220703125</ele><time>2026-01-17T23:39:07.000Z</time><extensions/></trkpt><trkpt lat="35.85821662098169" lon="139.21554224565625"><ele>187.0</ele><time>2026-01-17T23:39:18.000Z</time><extensions/></trkpt><trkpt lat="35.858183931559324" lon="139.21559077687562"><ele>185.20001220703125</ele><time>2026-01-17T23:39:29.000Z</time><extensions/></trkpt><trkpt lat="35.85822315886617" lon="139.21555247157812"><ele>185.0</ele><time>2026-01-17T23:39:37.000Z</time><extensions/></trkpt><trkpt lat="35.85820144973695" lon="139.21545255929232"><ele>186.79998779296875</ele><time>2026-01-17T23:39:54.000Z</time><extensions/></trkpt><trkpt lat="35.858145877718925" lon="139.2152818199247"><ele>188.79998779296875</ele><time>2026-01-17T23:40:06.000Z</time><extensions/></trkpt><trkpt lat="35.85813716053963" lon="139.21525382436812"><ele>189.20001220703125</ele><time>2026-01-17T23:40:08.000Z</time><extensions/></trkpt><trkpt lat="35.858089635148644" lon="139.2151903733611"><ele>190.20001220703125</ele><time>2026-01-17T23:40:14.000Z</time><extensions/></trkpt><trkpt lat="35.85808024741709" lon="139.21518157236278"><ele>190.4000244140625</ele><time>2026-01-17T23:40:15.000Z</time><extensions/></trkpt><trkpt lat="35.85806113667786" lon="139.21516858041286"><ele>190.79998779296875</ele><time>2026-01-17T23:40:17.000Z</time><extensions/></trkpt><trkpt lat="35.85803808644414" lon="139.2151049617678"><ele>192.20001220703125</ele><time>2026-01-17T23:40:24.000Z</time><extensions/></trkpt><trkpt lat="35.85803171619773" lon="139.21499197371304"><ele>194.20001220703125</ele><time>2026-01-17T23:40:35.000Z</time><extensions/></trkpt><trkpt lat="35.85804118774831" lon="139.21489155851305"><ele>195.5999755859375</ele><time>2026-01-17T23:40:44.000Z</time><extensions/></trkpt><trkpt lat="35.858056442812085" lon="139.2147920653224"><ele>197.20001220703125</ele><time>2026-01-17T23:40:53.000Z</time><extensions/></trkpt><trkpt lat="35.85805719718337" lon="139.21477823518217"><ele>197.20001220703125</ele><time>2026-01-17T23:40:54.000Z</time><extensions/></trkpt><trkpt lat="35.85804093629122" lon="139.21469919383526"><ele>198.20001220703125</ele><time>2026-01-17T23:41:01.000Z</time><extensions/></trkpt><trkpt lat="35.858023250475526" lon="139.21466038562357"><ele>198.4000244140625</ele><time>2026-01-17T23:41:10.000Z</time><extensions/></trkpt><trkpt lat="35.85799232125282" lon="139.21459777280688"><ele>199.79998779296875</ele><time>2026-01-17T23:41:17.000Z</time><extensions/></trkpt><trkpt lat="35.857964577153325" lon="139.2145264428109"><ele>200.5999755859375</ele><time>2026-01-17T23:41:25.000Z</time><extensions/></trkpt><trkpt lat="35.85793683305383" lon="139.21443516388535"><ele>202.0</ele><time>2026-01-17T23:41:35.000Z</time><extensions/></trkpt><trkpt lat="35.85790724493563" lon="139.21435528434813"><ele>204.0</ele><time>2026-01-17T23:41:47.000Z</time><extensions/></trkpt><trkpt lat="35.85789944976568" lon="139.21433558687568"><ele>205.5999755859375</ele><time>2026-01-17T23:41:58.000Z</time><extensions/></trkpt><trkpt lat="35.85794219747186" lon="139.21428319998085"><ele>206.20001220703125</ele><time>2026-01-17T23:42:11.000Z</time><extensions/></trkpt><trkpt lat="35.857991985976696" lon="139.21420239843428"><ele>207.5999755859375</ele><time>2026-01-17T23:42:22.000Z</time><extensions/></trkpt><trkpt lat="35.85803213529289" lon="139.21416057273746"><ele>208.5999755859375</ele><time>2026-01-17T23:42:31.000Z</time><extensions/></trkpt><trkpt lat="35.85802643559873" lon="139.214090667665"><ele>209.4000244140625</ele><time>2026-01-17T23:42:41.000Z</time><extensions/></trkpt><trkpt lat="35.857998272404075" lon="139.2139680404216"><ele>211.20001220703125</ele><time>2026-01-17T23:42:53.000Z</time><extensions/></trkpt><trkpt lat="35.85794295184314" lon="139.21389075927436"><ele>212.4000244140625</ele><time>2026-01-17T23:43:03.000Z</time><extensions/></trkpt><trkpt lat="35.85786893963814" lon="139.21382999047637"><ele>213.20001220703125</ele><time>2026-01-17T23:43:12.000Z</time><extensions/></trkpt><trkpt lat="35.85780154913664" lon="139.21377634629607"><ele>214.0</ele><time>2026-01-17T23:43:22.000Z</time><extensions/></trkpt><trkpt lat="35.857742289081216" lon="139.21370551921427"><ele>215.0</ele><time>2026-01-17T23:43:33.000Z</time><extensions/></trkpt><trkpt lat="35.85768445394933" lon="139.2136368714273"><ele>215.79998779296875</ele><time>2026-01-17T23:43:43.000Z</time><extensions/></trkpt><trkpt lat="35.85762578062713" lon="139.21358498744667"><ele>217.0</ele><time>2026-01-17T23:43:54.000Z</time><extensions/></trkpt><trkpt lat="35.85757766850293" lon="139.21351868659258"><ele>218.0</ele><time>2026-01-17T23:44:13.000Z</time><extensions/></trkpt><trkpt lat="35.857566772028804" lon="139.2134997434914"><ele>218.20001220703125</ele><time>2026-01-17T23:44:24.000Z</time><extensions/></trkpt><trkpt lat="35.85750156082213" lon="139.2134415730834"><ele>218.5999755859375</ele><time>2026-01-17T23:44:37.000Z</time><extensions/></trkpt><trkpt lat="35.85746694356203" lon="139.21341768465936"><ele>219.4000244140625</ele><time>2026-01-17T23:44:49.000Z</time><extensions/></trkpt><trkpt lat="35.85739737376571" lon="139.21335532329977"><ele>219.79998779296875</ele><time>2026-01-17T23:45:02.000Z</time><extensions/></trkpt><trkpt lat="35.85732654668391" lon="139.21332389116287"><ele>220.5999755859375</ele><time>2026-01-17T23:45:14.000Z</time><extensions/></trkpt><trkpt lat="35.85724733769894" lon="139.2132962308824"><ele>221.0</ele><time>2026-01-17T23:45:27.000Z</time><extensions/></trkpt><trkpt lat="35.85716972127557" lon="139.213234372437"><ele>221.4000244140625</ele><time>2026-01-17T23:45:37.000Z</time><extensions/></trkpt><trkpt lat="35.85707852616906" lon="139.21319112181664"><ele>222.0</ele><time>2026-01-17T23:45:49.000Z</time><extensions/></trkpt><trkpt lat="35.85695631802082" lon="139.21317167580128"><ele>223.20001220703125</ele><time>2026-01-17T23:46:02.000Z</time><extensions/></trkpt><trkpt lat="35.85691901855171" lon="139.21314862556756"><ele>224.0</ele><time>2026-01-17T23:46:12.000Z</time><extensions/></trkpt><trkpt lat="35.85678524337709" lon="139.21307176351547"><ele>225.79998779296875</ele><time>2026-01-17T23:46:27.000Z</time><extensions/></trkpt><trkpt lat="35.856636045500636" lon="139.2130139283836"><ele>229.0</ele><time>2026-01-17T23:46:43.000Z</time><extensions/></trkpt><trkpt lat="35.85652582347393" lon="139.21296078711748"><ele>232.0</ele><time>2026-01-17T23:46:58.000Z</time><extensions/></trkpt><trkpt lat="35.856431275606155" lon="139.2129222303629"><ele>235.4000244140625</ele><time>2026-01-17T23:47:11.000Z</time><extensions/></trkpt><trkpt lat="35.85635684430599" lon="139.21287344768643"><ele>238.4000244140625</ele><time>2026-01-17T23:47:24.000Z</time><extensions/></trkpt><trkpt lat="35.85629515349865" lon="139.2128440272063"><ele>241.5999755859375</ele><time>2026-01-17T23:47:38.000Z</time><extensions/></trkpt><trkpt lat="35.85621225647628" lon="139.21282877214253"><ele>244.4000244140625</ele><time>2026-01-17T23:47:51.000Z</time><extensions/></trkpt><trkpt lat="35.856147380545735" lon="139.21277655288577"><ele>247.4000244140625</ele><time>2026-01-17T23:48:05.000Z</time><extensions/></trkpt><trkpt lat="35.85608066059649" lon="139.21277328394353"><ele>249.79998779296875</ele><time>2026-01-17T23:48:17.000Z</time><extensions/></trkpt><trkpt lat="35.85597555153072" lon="139.21282039023936"><ele>253.0</ele><time>2026-01-17T23:48:34.000Z</time><extensions/></trkpt><trkpt lat="35.855926517397165" lon="139.21286045573652"><ele>254.79998779296875</ele><time>2026-01-17T23:48:44.000Z</time><extensions/></trkpt><trkpt lat="35.85583683103323" lon="139.21288057230413"><ele>257.5999755859375</ele><time>2026-01-17T23:49:00.000Z</time><extensions/></trkpt><trkpt lat="35.85573465563357" lon="139.21286347322166"><ele>260.5999755859375</ele><time>2026-01-17T23:49:17.000Z</time><extensions/></trkpt><trkpt lat="35.855683693662286" lon="139.21290286816657"><ele>262.5999755859375</ele><time>2026-01-17T23:49:29.000Z</time><extensions/></trkpt><trkpt lat="35.85565804503858" lon="139.21294293366373"><ele>264.4000244140625</ele><time>2026-01-17T23:49:39.000Z</time><extensions/></trkpt><trkpt lat="35.85561697371304" lon="139.21298576518893"><ele>265.79998779296875</ele><time>2026-01-17T23:49:49.000Z</time><extensions/></trkpt><trkpt lat="35.85555989295244" lon="139.21305055730045"><ele>268.20001220703125</ele><time>2026-01-17T23:50:03.000Z</time><extensions/></trkpt><trkpt lat="35.85550549440086" lon="139.2130956519395"><ele>270.4000244140625</ele><time>2026-01-17T23:50:16.000Z</time><extensions/></trkpt><trkpt lat="35.855455957353115" lon="139.21315306797624"><ele>272.0</ele><time>2026-01-17T23:50:26.000Z</time><extensions/></trkpt><trkpt lat="35.855391919612885" lon="139.21318558976054"><ele>273.5999755859375</ele><time>2026-01-17T23:50:36.000Z</time><extensions/></trkpt><trkpt lat="35.85535059683025" lon="139.21320017427206"><ele>274.4000244140625</ele><time>2026-01-17T23:50:47.000Z</time><extensions/></trkpt><trkpt lat="35.855231154710054" lon="139.21322808600962"><ele>274.79998779296875</ele><time>2026-01-17T23:50:59.000Z</time><extensions/></trkpt><trkpt lat="35.85512914694846" lon="139.2132708337158"><ele>275.5999755859375</ele><time>2026-01-17T23:51:10.000Z</time><extensions/></trkpt><trkpt lat="35.855032755061984" lon="139.21330209821463"><ele>277.0</ele><time>2026-01-17T23:51:22.000Z</time><extensions/></trkpt><trkpt lat="35.8549524564296" lon="139.2133416607976"><ele>279.0</ele><time>2026-01-17T23:51:34.000Z</time><extensions/></trkpt><trkpt lat="35.85487676784396" lon="139.21341022476554"><ele>281.5999755859375</ele><time>2026-01-17T23:51:47.000Z</time><extensions/></trkpt><trkpt lat="35.85487282834947" lon="139.21345104463398"><ele>283.20001220703125</ele><time>2026-01-17T23:51:57.000Z</time><extensions/></trkpt><trkpt lat="35.854866122826934" lon="139.21346998773515"><ele>284.20001220703125</ele><time>2026-01-17T23:52:08.000Z</time><extensions/></trkpt><trkpt lat="35.85481658577919" lon="139.21350904740393"><ele>286.0</ele><time>2026-01-17T23:52:17.000Z</time><extensions/></trkpt><trkpt lat="35.85481373593211" lon="139.21351281926036"><ele>289.0</ele><time>2026-01-17T23:52:33.000Z</time><extensions/></trkpt><trkpt lat="35.85471868515015" lon="139.2135200276971"><ele>292.0</ele><time>2026-01-17T23:52:50.000Z</time><extensions/></trkpt><trkpt lat="35.85463369265199" lon="139.2135284934193"><ele>294.5999755859375</ele><time>2026-01-17T23:53:03.000Z</time><extensions/></trkpt><trkpt lat="35.85458943620324" lon="139.21356805600226"><ele>296.4000244140625</ele><time>2026-01-17T23:53:12.000Z</time><extensions/></trkpt><trkpt lat="35.854557333514094" lon="139.2135797906667"><ele>298.4000244140625</ele><time>2026-01-17T23:53:22.000Z</time><extensions/></trkpt><trkpt lat="35.85453822277486" lon="139.21358859166503"><ele>300.79998779296875</ele><time>2026-01-17T23:53:35.000Z</time><extensions/></trkpt><trkpt lat="35.85448952391744" lon="139.2136077862233"><ele>304.0</ele><time>2026-01-17T23:53:49.000Z</time><extensions/></trkpt><trkpt lat="35.85444116033614" lon="139.21362278982997"><ele>306.79998779296875</ele><time>2026-01-17T23:54:03.000Z</time><extensions/></trkpt><trkpt lat="35.85438156500459" lon="139.21365497633815"><ele>309.20001220703125</ele><time>2026-01-17T23:54:19.000Z</time><extensions/></trkpt><trkpt lat="35.85430436767638" lon="139.21366713009775"><ele>310.79998779296875</ele><time>2026-01-17T23:54:33.000Z</time><extensions/></trkpt><trkpt lat="35.85421903990209" lon="139.21374876983464"><ele>311.4000244140625</ele><time>2026-01-17T23:54:48.000Z</time><extensions/></trkpt><trkpt lat="35.85414234548807" lon="139.21376645565033"><ele>314.5999755859375</ele><time>2026-01-17T23:55:02.000Z</time><extensions/></trkpt><trkpt lat="35.85397747345269" lon="139.21373535878956"><ele>317.4000244140625</ele><time>2026-01-17T23:55:20.000Z</time><extensions/></trkpt><trkpt lat="35.85387202911079" lon="139.2137624323368"><ele>319.4000244140625</ele><time>2026-01-17T23:55:33.000Z</time><extensions/></trkpt><trkpt lat="35.85378217510879" lon="139.21377793885767"><ele>319.5999755859375</ele><time>2026-01-17T23:55:42.000Z</time><extensions/></trkpt><trkpt lat="35.85368695668876" lon="139.21377207152545"><ele>319.0</ele><time>2026-01-17T23:55:52.000Z</time><extensions/></trkpt><trkpt lat="35.853641191497445" lon="139.21376234851778"><ele>318.4000244140625</ele><time>2026-01-17T23:55:56.000Z</time><extensions/></trkpt><trkpt lat="35.85354505106807" lon="139.21377475373447"><ele>317.5999755859375</ele><time>2026-01-17T23:56:05.000Z</time><extensions/></trkpt><trkpt lat="35.853387638926506" lon="139.21379026025534"><ele>318.0</ele><time>2026-01-17T23:56:19.000Z</time><extensions/></trkpt><trkpt lat="35.853361655026674" lon="139.2137888353318"><ele>318.0</ele><time>2026-01-17T23:56:21.000Z</time><extensions/></trkpt><trkpt lat="35.8532583899796" lon="139.2137755919248"><ele>318.79998779296875</ele><time>2026-01-17T23:56:31.000Z</time><extensions/></trkpt><trkpt lat="35.85314582102001" lon="139.2137785255909"><ele>320.0</ele><time>2026-01-17T23:56:43.000Z</time><extensions/></trkpt><trkpt lat="35.853032832965255" lon="139.21377609483898"><ele>321.5999755859375</ele><time>2026-01-17T23:56:56.000Z</time><extensions/></trkpt><trkpt lat="35.85295085795224" lon="139.21382068656385"><ele>323.79998779296875</ele><time>2026-01-17T23:57:09.000Z</time><extensions/></trkpt><trkpt lat="35.85287433117628" lon="139.2138768453151"><ele>326.20001220703125</ele><time>2026-01-17T23:57:22.000Z</time><extensions/></trkpt><trkpt lat="35.852843234315515" lon="139.21390769071877"><ele>328.5999755859375</ele><time>2026-01-17T23:57:35.000Z</time><extensions/></trkpt><trkpt lat="35.852775759994984" lon="139.21395496465266"><ele>331.79998779296875</ele><time>2026-01-17T23:57:52.000Z</time><extensions/></trkpt><trkpt lat="35.85273996926844" lon="139.2139693815261"><ele>334.0</ele><time>2026-01-17T23:58:03.000Z</time><extensions/></trkpt><trkpt lat="35.85269554518163" lon="139.21398773789406"><ele>335.79998779296875</ele><time>2026-01-17T23:58:12.000Z</time><extensions/></trkpt><trkpt lat="35.852619437500834" lon="139.2140583973378"><ele>338.20001220703125</ele><time>2026-01-17T23:58:26.000Z</time><extensions/></trkpt><trkpt lat="35.85256646387279" lon="139.2141062580049"><ele>340.5999755859375</ele><time>2026-01-17T23:58:38.000Z</time><extensions/></trkpt><trkpt lat="35.852518770843744" lon="139.21411195769906"><ele>341.5999755859375</ele><time>2026-01-17T23:58:47.000Z</time><extensions/></trkpt><trkpt lat="35.852406369522214" lon="139.21412888914347"><ele>343.5999755859375</ele><time>2026-01-17T23:59:01.000Z</time><extensions/></trkpt><trkpt lat="35.85228005424142" lon="139.2141580581665"><ele>346.0</ele><time>2026-01-17T23:59:17.000Z</time><extensions/></trkpt><trkpt lat="35.85219011642039" lon="139.2141823656857"><ele>347.79998779296875</ele><time>2026-01-17T23:59:30.000Z</time><extensions/></trkpt><trkpt lat="35.852125491946936" lon="139.2141995485872"><ele>350.0</ele><time>2026-01-17T23:59:44.000Z</time><extensions/></trkpt><trkpt lat="35.85206111893058" lon="139.21421916224062"><ele>352.20001220703125</ele><time>2026-01-17T23:59:55.000Z</time><extensions/></trkpt><trkpt lat="35.852009654045105" lon="139.21424137428403"><ele>354.5999755859375</ele><time>2026-01-18T00:00:09.000Z</time><extensions/></trkpt><trkpt lat="35.85193497128785" lon="139.21421555802226"><ele>356.4000244140625</ele><time>2026-01-18T00:00:32.000Z</time><extensions/></trkpt><trkpt lat="35.85185316391289" lon="139.21420063823462"><ele>358.4000244140625</ele><time>2026-01-18T00:00:46.000Z</time><extensions/></trkpt><trkpt lat="35.85177144035697" lon="139.21420382335782"><ele>361.0</ele><time>2026-01-18T00:01:00.000Z</time><extensions/></trkpt><trkpt lat="35.85176272317767" lon="139.2142064217478"><ele>363.4000244140625</ele><time>2026-01-18T00:01:19.000Z</time><extensions/></trkpt><trkpt lat="35.85167856886983" lon="139.21421228908002"><ele>365.4000244140625</ele><time>2026-01-18T00:01:30.000Z</time><extensions/></trkpt><trkpt lat="35.85158779285848" lon="139.21420885249972"><ele>368.20001220703125</ele><time>2026-01-18T00:01:45.000Z</time><extensions/></trkpt><trkpt lat="35.85153456777334" lon="139.21423542313278"><ele>370.4000244140625</ele><time>2026-01-18T00:01:59.000Z</time><extensions/></trkpt><trkpt lat="35.85151503793895" lon="139.21423424966633"><ele>372.5999755859375</ele><time>2026-01-18T00:02:14.000Z</time><extensions/></trkpt><trkpt lat="35.85147488862276" lon="139.21421689912677"><ele>374.5999755859375</ele><time>2026-01-18T00:02:26.000Z</time><extensions/></trkpt><trkpt lat="35.85142015479505" lon="139.21419284306467"><ele>377.5999755859375</ele><time>2026-01-18T00:02:44.000Z</time><extensions/></trkpt><trkpt lat="35.85139425471425" lon="139.21419736929238"><ele>379.20001220703125</ele><time>2026-01-18T00:03:00.000Z</time><extensions/></trkpt><trkpt lat="35.85135628469288" lon="139.21420424245298"><ele>380.4000244140625</ele><time>2026-01-18T00:03:16.000Z</time><extensions/></trkpt><trkpt lat="35.851284535601735" lon="139.21421505510807"><ele>382.0</ele><time>2026-01-18T00:03:30.000Z</time><extensions/></trkpt><trkpt lat="35.851251343265176" lon="139.21424036845565"><ele>383.5999755859375</ele><time>2026-01-18T00:03:39.000Z</time><extensions/></trkpt><trkpt lat="35.85120373405516" lon="139.2142119538039"><ele>385.5999755859375</ele><time>2026-01-18T00:03:50.000Z</time><extensions/></trkpt><trkpt lat="35.85115076042712" lon="139.21422402374446"><ele>388.0</ele><time>2026-01-18T00:04:00.000Z</time><extensions/></trkpt><trkpt lat="35.851116897538304" lon="139.21425445005298"><ele>390.5999755859375</ele><time>2026-01-18T00:04:12.000Z</time><extensions/></trkpt><trkpt lat="35.85109845735133" lon="139.21425755135715"><ele>392.5999755859375</ele><time>2026-01-18T00:04:25.000Z</time><extensions/></trkpt><trkpt lat="35.85104724392295" lon="139.21426677145064"><ele>394.79998779296875</ele><time>2026-01-18T00:04:38.000Z</time><extensions/></trkpt><trkpt lat="35.850984463468194" lon="139.21428697183728"><ele>397.79998779296875</ele><time>2026-01-18T00:05:03.000Z</time><extensions/></trkpt><trkpt lat="35.850943895056844" lon="139.2142843734473"><ele>399.20001220703125</ele><time>2026-01-18T00:05:13.000Z</time><extensions/></trkpt><trkpt lat="35.850865021348" lon="139.21427791938186"><ele>402.4000244140625</ele><time>2026-01-18T00:05:35.000Z</time><extensions/></trkpt><trkpt lat="35.85082805715501" lon="139.2142566293478"><ele>404.4000244140625</ele><time>2026-01-18T00:05:48.000Z</time><extensions/></trkpt><trkpt lat="35.85077315568924" lon="139.2142442241311"><ele>406.5999755859375</ele><time>2026-01-18T00:06:00.000Z</time><extensions/></trkpt><trkpt lat="35.8506921865046" lon="139.21425855718553"><ele>408.79998779296875</ele><time>2026-01-18T00:06:13.000Z</time><extensions/></trkpt><trkpt lat="35.850628735497594" lon="139.21426123939455"><ele>410.79998779296875</ele><time>2026-01-18T00:06:26.000Z</time><extensions/></trkpt><trkpt lat="35.850568637251854" lon="139.2142687831074"><ele>412.5999755859375</ele><time>2026-01-18T00:06:37.000Z</time><extensions/></trkpt><trkpt lat="35.85049906745553" lon="139.2143060825765"><ele>414.79998779296875</ele><time>2026-01-18T00:06:50.000Z</time><extensions/></trkpt><trkpt lat="35.85052446462214" lon="139.21433952637017"><ele>416.20001220703125</ele><time>2026-01-18T00:07:03.000Z</time><extensions/></trkpt><trkpt lat="35.85054759867489" lon="139.21433013863862"><ele>416.20001220703125</ele><time>2026-01-18T00:07:11.000Z</time><extensions/></trkpt><trkpt lat="35.85049328394234" lon="139.21433743089437"><ele>416.20001220703125</ele><time>2026-01-18T00:07:44.000Z</time><extensions/></trkpt><trkpt lat="35.850419690832496" lon="139.21433944255114"><ele>418.20001220703125</ele><time>2026-01-18T00:07:56.000Z</time><extensions/></trkpt><trkpt lat="35.85033637471497" lon="139.2143753170967"><ele>420.20001220703125</ele><time>2026-01-18T00:08:09.000Z</time><extensions/></trkpt><trkpt lat="35.85025733336806" lon="139.21443047001958"><ele>421.4000244140625</ele><time>2026-01-18T00:08:22.000Z</time><extensions/></trkpt><trkpt lat="35.85016672499478" lon="139.2144936695695"><ele>423.0</ele><time>2026-01-18T00:08:35.000Z</time><extensions/></trkpt><trkpt lat="35.85009606555104" lon="139.2145193181932"><ele>426.0</ele><time>2026-01-18T00:08:47.000Z</time><extensions/></trkpt><trkpt lat="35.850041918456554" lon="139.21455091796815"><ele>427.20001220703125</ele><time>2026-01-18T00:09:02.000Z</time><extensions/></trkpt><trkpt lat="35.84997477941215" lon="139.2145896423608"><ele>428.79998779296875</ele><time>2026-01-18T00:09:16.000Z</time><extensions/></trkpt><trkpt lat="35.8499688282609" lon="139.21459475532174"><ele>430.20001220703125</ele><time>2026-01-18T00:09:35.000Z</time><extensions/></trkpt><trkpt lat="35.84995684213936" lon="139.21460833400488"><ele>430.20001220703125</ele><time>2026-01-18T00:09:43.000Z</time><extensions/></trkpt><trkpt lat="35.84990395233035" lon="139.2146731261164"><ele>432.79998779296875</ele><time>2026-01-18T00:09:55.000Z</time><extensions/></trkpt><trkpt lat="35.849853828549385" lon="139.2147072404623"><ele>434.5999755859375</ele><time>2026-01-18T00:10:04.000Z</time><extensions/></trkpt><trkpt lat="35.84977487102151" lon="139.21478142030537"><ele>437.5999755859375</ele><time>2026-01-18T00:10:22.000Z</time><extensions/></trkpt><trkpt lat="35.849729692563415" lon="139.2148129362613"><ele>439.5999755859375</ele><time>2026-01-18T00:10:34.000Z</time><extensions/></trkpt><trkpt lat="35.84970362484455" lon="139.21483087353408"><ele>441.0</ele><time>2026-01-18T00:10:41.000Z</time><extensions/></trkpt><trkpt lat="35.849640257656574" lon="139.21489164233208"><ele>443.4000244140625</ele><time>2026-01-18T00:10:54.000Z</time><extensions/></trkpt><trkpt lat="35.849583595991135" lon="139.21492768451571"><ele>445.5999755859375</ele><time>2026-01-18T00:11:05.000Z</time><extensions/></trkpt><trkpt lat="35.84952919743955" lon="139.2149596195668"><ele>447.5999755859375</ele><time>2026-01-18T00:11:16.000Z</time><extensions/></trkpt><trkpt lat="35.84948904812336" lon="139.21499256044626"><ele>449.5999755859375</ele><time>2026-01-18T00:11:26.000Z</time><extensions/></trkpt><trkpt lat="35.84948904812336" lon="139.21499256044626"><ele>452.5999755859375</ele><time>2026-01-18T00:11:41.000Z</time><extensions/></trkpt><trkpt lat="35.84938293322921" lon="139.21499147079885"><ele>455.4000244140625</ele><time>2026-01-18T00:11:56.000Z</time><extensions/></trkpt><trkpt lat="35.84929123520851" lon="139.2150444444269"><ele>458.0</ele><time>2026-01-18T00:12:11.000Z</time><extensions/></trkpt><trkpt lat="35.849281679838896" lon="139.21505617909133"><ele>458.5999755859375</ele><time>2026-01-18T00:12:45.000Z</time><extensions/></trkpt><trkpt lat="35.849269442260265" lon="139.21504335477948"><ele>459.5999755859375</ele><time>2026-01-18T00:12:53.000Z</time><extensions/></trkpt><trkpt lat="35.849269442260265" lon="139.21504335477948"><ele>462.5999755859375</ele><time>2026-01-18T00:13:11.000Z</time><extensions/></trkpt><trkpt lat="35.84917045198381" lon="139.21504385769367"><ele>465.79998779296875</ele><time>2026-01-18T00:13:31.000Z</time><extensions/></trkpt><trkpt lat="35.84913583472371" lon="139.21504586935043"><ele>467.0</ele><time>2026-01-18T00:13:40.000Z</time><extensions/></trkpt><trkpt lat="35.849080262705684" lon="139.2150161974132"><ele>469.20001220703125</ele><time>2026-01-18T00:13:53.000Z</time><extensions/></trkpt><trkpt lat="35.84904447197914" lon="139.215042097494"><ele>471.0</ele><time>2026-01-18T00:14:03.000Z</time><extensions/></trkpt><trkpt lat="35.84900834597647" lon="139.21505441889167"><ele>473.20001220703125</ele><time>2026-01-18T00:14:15.000Z</time><extensions/></trkpt><trkpt lat="35.84897339344025" lon="139.21505643054843"><ele>476.20001220703125</ele><time>2026-01-18T00:14:33.000Z</time><extensions/></trkpt><trkpt lat="35.84894028492272" lon="139.2150693386793"><ele>478.0</ele><time>2026-01-18T00:14:43.000Z</time><extensions/></trkpt><trkpt lat="35.84891899488866" lon="139.21507679857314"><ele>479.20001220703125</ele><time>2026-01-18T00:14:55.000Z</time><extensions/></trkpt><trkpt lat="35.84887373261154" lon="139.21513471752405"><ele>480.4000244140625</ele><time>2026-01-18T00:15:07.000Z</time><extensions/></trkpt><trkpt lat="35.84880022332072" lon="139.21520018018782"><ele>482.0</ele><time>2026-01-18T00:15:20.000Z</time><extensions/></trkpt><trkpt lat="35.848735347390175" lon="139.21525893732905"><ele>483.4000244140625</ele><time>2026-01-18T00:15:33.000Z</time><extensions/></trkpt><trkpt lat="35.84866804070771" lon="139.21535407193005"><ele>485.20001220703125</ele><time>2026-01-18T00:15:47.000Z</time><extensions/></trkpt><trkpt lat="35.84861255250871" lon="139.215430598706"><ele>486.4000244140625</ele><time>2026-01-18T00:16:00.000Z</time><extensions/></trkpt><trkpt lat="35.84853082895279" lon="139.21552925370634"><ele>488.79998779296875</ele><time>2026-01-18T00:16:17.000Z</time><extensions/></trkpt><trkpt lat="35.84846159443259" lon="139.2155981529504"><ele>491.0</ele><time>2026-01-18T00:16:32.000Z</time><extensions/></trkpt><trkpt lat="35.84840526804328" lon="139.2156594246626"><ele>493.20001220703125</ele><time>2026-01-18T00:16:46.000Z</time><extensions/></trkpt><trkpt lat="35.84838858805597" lon="139.21569429337978"><ele>494.0</ele><time>2026-01-18T00:17:00.000Z</time><extensions/></trkpt><trkpt lat="35.84832555614412" lon="139.21579747460783"><ele>494.79998779296875</ele><time>2026-01-18T00:17:13.000Z</time><extensions/></trkpt><trkpt lat="35.84824693389237" lon="139.21586553566158"><ele>495.20001220703125</ele><time>2026-01-18T00:17:25.000Z</time><extensions/></trkpt><trkpt lat="35.84815615788102" lon="139.2159284837544"><ele>497.20001220703125</ele><time>2026-01-18T00:17:40.000Z</time><extensions/></trkpt><trkpt lat="35.84809337742627" lon="139.2159779369831"><ele>499.0</ele><time>2026-01-18T00:17:53.000Z</time><extensions/></trkpt><trkpt lat="35.84803939796984" lon="139.21602479182184"><ele>501.20001220703125</ele><time>2026-01-18T00:18:04.000Z</time><extensions/></trkpt><trkpt lat="35.84802498109639" lon="139.21603619121015"><ele>503.5999755859375</ele><time>2026-01-18T00:18:22.000Z</time><extensions/></trkpt><trkpt lat="35.847960943356156" lon="139.21614398248494"><ele>505.20001220703125</ele><time>2026-01-18T00:18:49.000Z</time><extensions/></trkpt><trkpt lat="35.84788693115115" lon="139.21624992974102"><ele>507.4000244140625</ele><time>2026-01-18T00:19:01.000Z</time><extensions/></trkpt><trkpt lat="35.847841585054994" lon="139.21631773933768"><ele>510.0</ele><time>2026-01-18T00:19:15.000Z</time><extensions/></trkpt><trkpt lat="35.84780537523329" lon="139.216329138726"><ele>510.20001220703125</ele><time>2026-01-18T00:20:35.000Z</time><extensions/></trkpt><trkpt lat="35.84771635942161" lon="139.2163857165724"><ele>509.5999755859375</ele><time>2026-01-18T00:20:46.000Z</time><extensions/></trkpt><trkpt lat="35.847651567310095" lon="139.2164327390492"><ele>507.5999755859375</ele><time>2026-01-18T00:20:56.000Z</time><extensions/></trkpt><trkpt lat="35.847600772976875" lon="139.21649199910462"><ele>504.79998779296875</ele><time>2026-01-18T00:21:05.000Z</time><extensions/></trkpt><trkpt lat="35.84753363393247" lon="139.2165461461991"><ele>503.0</ele><time>2026-01-18T00:21:12.000Z</time><extensions/></trkpt><trkpt lat="35.84742257371545" lon="139.2165979463607"><ele>501.5999755859375</ele><time>2026-01-18T00:21:21.000Z</time><extensions/></trkpt><trkpt lat="35.847380328923464" lon="139.21658688224852"><ele>501.20001220703125</ele><time>2026-01-18T00:21:25.000Z</time><extensions/></trkpt><trkpt lat="35.847272872924805" lon="139.21657397411764"><ele>500.20001220703125</ele><time>2026-01-18T00:21:34.000Z</time><extensions/></trkpt><trkpt lat="35.847235238179564" lon="139.21658017672598"><ele>500.0</ele><time>2026-01-18T00:21:37.000Z</time><extensions/></trkpt><trkpt lat="35.847219564020634" lon="139.21658135019243"><ele>499.79998779296875</ele><time>2026-01-18T00:21:38.000Z</time><extensions/></trkpt><trkpt lat="35.84713255986571" lon="139.21658822335303"><ele>499.20001220703125</ele><time>2026-01-18T00:21:45.000Z</time><extensions/></trkpt><trkpt lat="35.847045136615634" lon="139.21665066853166"><ele>497.79998779296875</ele><time>2026-01-18T00:21:55.000Z</time><extensions/></trkpt><trkpt lat="35.84701303392649" lon="139.21668495051563"><ele>496.4000244140625</ele><time>2026-01-18T00:22:02.000Z</time><extensions/></trkpt><trkpt lat="35.84701026789844" lon="139.21665192581713"><ele>495.0</ele><time>2026-01-18T00:22:24.000Z</time><extensions/></trkpt><trkpt lat="35.84699911996722" lon="139.21661236323416"><ele>495.0</ele><time>2026-01-18T00:22:37.000Z</time><extensions/></trkpt><trkpt lat="35.84699752740562" lon="139.21659853309393"><ele>495.0</ele><time>2026-01-18T00:22:38.000Z</time><extensions/></trkpt><trkpt lat="35.846994929015636" lon="139.2165849544108"><ele>495.0</ele><time>2026-01-18T00:22:39.000Z</time><extensions/></trkpt><trkpt lat="35.84700188599527" lon="139.2164927534759"><ele>494.20001220703125</ele><time>2026-01-18T00:22:46.000Z</time><extensions/></trkpt><trkpt lat="35.84701789543033" lon="139.21634322032332"><ele>494.0</ele><time>2026-01-18T00:22:58.000Z</time><extensions/></trkpt><trkpt lat="35.8470122795552" lon="139.2162992991507"><ele>494.4000244140625</ele><time>2026-01-18T00:23:01.000Z</time><extensions/></trkpt><trkpt lat="35.84700976498425" lon="139.21628245152533"><ele>494.4000244140625</ele><time>2026-01-18T00:23:02.000Z</time><extensions/></trkpt><trkpt lat="35.8470069989562" lon="139.21617968939245"><ele>495.4000244140625</ele><time>2026-01-18T00:23:09.000Z</time><extensions/></trkpt><trkpt lat="35.84701077081263" lon="139.21616393141448"><ele>495.5999755859375</ele><time>2026-01-18T00:23:10.000Z</time><extensions/></trkpt><trkpt lat="35.84701286628842" lon="139.21614859253168"><ele>495.5999755859375</ele><time>2026-01-18T00:23:11.000Z</time><extensions/></trkpt><trkpt lat="35.847022756934166" lon="139.21600333414972"><ele>496.79998779296875</ele><time>2026-01-18T00:23:20.000Z</time><extensions/></trkpt><trkpt lat="35.84702158346772" lon="139.215866625309"><ele>496.79998779296875</ele><time>2026-01-18T00:23:29.000Z</time><extensions/></trkpt><trkpt lat="35.84701328538358" lon="139.21582345850766"><ele>497.0</ele><time>2026-01-18T00:23:32.000Z</time><extensions/></trkpt><trkpt lat="35.84700649604201" lon="139.2158113885671"><ele>497.0</ele><time>2026-01-18T00:23:33.000Z</time><extensions/></trkpt><trkpt lat="35.84696131758392" lon="139.21569429337978"><ele>497.20001220703125</ele><time>2026-01-18T00:23:42.000Z</time><extensions/></trkpt><trkpt lat="35.8469295501709" lon="139.21558273024857"><ele>496.79998779296875</ele><time>2026-01-18T00:23:52.000Z</time><extensions/></trkpt><trkpt lat="35.84689183160663" lon="139.21553344465792"><ele>496.4000244140625</ele><time>2026-01-18T00:23:57.000Z</time><extensions/></trkpt><trkpt lat="35.84683223627508" lon="139.21551927924156"><ele>496.0</ele><time>2026-01-18T00:24:03.000Z</time><extensions/></trkpt><trkpt lat="35.84673668257892" lon="139.2154498770833"><ele>495.20001220703125</ele><time>2026-01-18T00:24:13.000Z</time><extensions/></trkpt><trkpt lat="35.84666577167809" lon="139.21538977883756"><ele>494.20001220703125</ele><time>2026-01-18T00:24:21.000Z</time><extensions/></trkpt><trkpt lat="35.846627885475755" lon="139.21537737362087"><ele>493.5999755859375</ele><time>2026-01-18T00:24:24.000Z</time><extensions/></trkpt><trkpt lat="35.8466134686023" lon="139.21537075191736"><ele>493.4000244140625</ele><time>2026-01-18T00:24:25.000Z</time><extensions/></trkpt><trkpt lat="35.84655144251883" lon="139.21534166671336"><ele>492.5999755859375</ele><time>2026-01-18T00:24:30.000Z</time><extensions/></trkpt><trkpt lat="35.84653979167342" lon="139.2153370566666"><ele>492.4000244140625</ele><time>2026-01-18T00:24:31.000Z</time><extensions/></trkpt><trkpt lat="35.846429485827684" lon="139.21530746854842"><ele>491.79998779296875</ele><time>2026-01-18T00:24:41.000Z</time><extensions/></trkpt><trkpt lat="35.84637785330415" lon="139.21532104723155"><ele>491.4000244140625</ele><time>2026-01-18T00:24:46.000Z</time><extensions/></trkpt><trkpt lat="35.84625053219497" lon="139.215348623693"><ele>491.20001220703125</ele><time>2026-01-18T00:25:00.000Z</time><extensions/></trkpt><trkpt lat="35.84611784666777" lon="139.21532255597413"><ele>492.0</ele><time>2026-01-18T00:25:15.000Z</time><extensions/></trkpt><trkpt lat="35.84611021913588" lon="139.2153137549758"><ele>492.4000244140625</ele><time>2026-01-18T00:25:16.000Z</time><extensions/></trkpt><trkpt lat="35.846095718443394" lon="139.2153008468449"><ele>491.20001220703125</ele><time>2026-01-18T00:25:27.000Z</time><extensions/></trkpt><trkpt lat="35.846038134768605" lon="139.21527444384992"><ele>490.4000244140625</ele><time>2026-01-18T00:25:53.000Z</time><extensions/></trkpt><trkpt lat="35.84590922109783" lon="139.21522725373507"><ele>488.4000244140625</ele><time>2026-01-18T00:26:07.000Z</time><extensions/></trkpt><trkpt lat="35.84578667767346" lon="139.21519028954208"><ele>485.4000244140625</ele><time>2026-01-18T00:26:19.000Z</time><extensions/></trkpt><trkpt lat="35.845773769542575" lon="139.21518802642822"><ele>485.0</ele><time>2026-01-18T00:26:20.000Z</time><extensions/></trkpt><trkpt lat="35.84563513286412" lon="139.21517453156412"><ele>482.0</ele><time>2026-01-18T00:26:33.000Z</time><extensions/></trkpt><trkpt lat="35.84558995440602" lon="139.2151673231274"><ele>481.4000244140625</ele><time>2026-01-18T00:26:44.000Z</time><extensions/></trkpt><trkpt lat="35.845536729320884" lon="139.21517889015377"><ele>481.20001220703125</ele><time>2026-01-18T00:26:51.000Z</time><extensions/></trkpt><trkpt lat="35.84551208652556" lon="139.2152156867087"><ele>481.0</ele><time>2026-01-18T00:26:54.000Z</time><extensions/></trkpt><trkpt lat="35.84550152532756" lon="139.21522716991603"><ele>481.0</ele><time>2026-01-18T00:26:55.000Z</time><extensions/></trkpt><trkpt lat="35.84541644901037" lon="139.21528827399015"><ele>480.4000244140625</ele><time>2026-01-18T00:27:03.000Z</time><extensions/></trkpt><trkpt lat="35.84538065828383" lon="139.21529799699783"><ele>480.20001220703125</ele><time>2026-01-18T00:27:06.000Z</time><extensions/></trkpt><trkpt lat="35.84530203603208" lon="139.2153251543641"><ele>481.0</ele><time>2026-01-18T00:27:14.000Z</time><extensions/></trkpt><trkpt lat="35.84519793279469" lon="139.2153692431748"><ele>483.4000244140625</ele><time>2026-01-18T00:27:27.000Z</time><extensions/></trkpt><trkpt lat="35.84516365081072" lon="139.21545976772904"><ele>483.20001220703125</ele><time>2026-01-18T00:27:39.000Z</time><extensions/></trkpt><trkpt lat="35.84514479152858" lon="139.2155672237277"><ele>480.5999755859375</ele><time>2026-01-18T00:27:49.000Z</time><extensions/></trkpt><trkpt lat="35.84511394612491" lon="139.21566336415708"><ele>481.5999755859375</ele><time>2026-01-18T00:28:03.000Z</time><extensions/></trkpt><trkpt lat="35.845078490674496" lon="139.2157289944589"><ele>483.79998779296875</ele><time>2026-01-18T00:28:13.000Z</time><extensions/></trkpt><trkpt lat="35.84502317011356" lon="139.2157567385584"><ele>485.4000244140625</ele><time>2026-01-18T00:28:23.000Z</time><extensions/></trkpt><trkpt lat="35.844901129603386" lon="139.21575045213103"><ele>484.20001220703125</ele><time>2026-01-18T00:28:35.000Z</time><extensions/></trkpt><trkpt lat="35.84488193504512" lon="139.21575598418713"><ele>483.79998779296875</ele><time>2026-01-18T00:28:46.000Z</time><extensions/></trkpt><trkpt lat="35.84480373188853" lon="139.21576025895774"><ele>484.4000244140625</ele><time>2026-01-18T00:28:57.000Z</time><extensions/></trkpt><trkpt lat="35.844771042466164" lon="139.21576084569097"><ele>486.79998779296875</ele><time>2026-01-18T00:29:11.000Z</time><extensions/></trkpt><trkpt lat="35.844700718298554" lon="139.21575916931033"><ele>489.79998779296875</ele><time>2026-01-18T00:29:28.000Z</time><extensions/></trkpt><trkpt lat="35.84466484375298" lon="139.2157611809671"><ele>492.79998779296875</ele><time>2026-01-18T00:29:39.000Z</time><extensions/></trkpt><trkpt lat="35.84466484375298" lon="139.2157611809671"><ele>495.79998779296875</ele><time>2026-01-18T00:29:59.000Z</time><extensions/></trkpt><trkpt lat="35.84458278492093" lon="139.2157725803554"><ele>499.0</ele><time>2026-01-18T00:30:15.000Z</time><extensions/></trkpt><trkpt lat="35.84458278492093" lon="139.2157725803554"><ele>502.0</ele><time>2026-01-18T00:30:29.000Z</time><extensions/></trkpt><trkpt lat="35.84448697976768" lon="139.21579336747527"><ele>505.20001220703125</ele><time>2026-01-18T00:30:48.000Z</time><extensions/></trkpt><trkpt lat="35.844472981989384" lon="139.21582102775574"><ele>506.5999755859375</ele><time>2026-01-18T00:31:03.000Z</time><extensions/></trkpt><trkpt lat="35.84444582462311" lon="139.21577065251768"><ele>506.4000244140625</ele><time>2026-01-18T00:31:14.000Z</time><extensions/></trkpt><trkpt lat="35.84442587569356" lon="139.21580552123487"><ele>506.5999755859375</ele><time>2026-01-18T00:31:24.000Z</time><extensions/></trkpt><trkpt lat="35.8444082736969" lon="139.21583686955273"><ele>507.20001220703125</ele><time>2026-01-18T00:31:41.000Z</time><extensions/></trkpt><trkpt lat="35.844369884580374" lon="139.21596318483353"><ele>506.0</ele><time>2026-01-18T00:31:55.000Z</time><extensions/></trkpt><trkpt lat="35.844333758577704" lon="139.21606628224254"><ele>502.79998779296875</ele><time>2026-01-18T00:32:07.000Z</time><extensions/></trkpt><trkpt lat="35.844318168237805" lon="139.21614322811365"><ele>499.79998779296875</ele><time>2026-01-18T00:32:17.000Z</time><extensions/></trkpt><trkpt lat="35.844296123832464" lon="139.21623014844954"><ele>496.5999755859375</ele><time>2026-01-18T00:32:37.000Z</time><extensions/></trkpt><trkpt lat="35.84429184906185" lon="139.21633953228593"><ele>494.79998779296875</ele><time>2026-01-18T00:32:45.000Z</time><extensions/></trkpt><trkpt lat="35.84429285489023" lon="139.2163545358926"><ele>494.5999755859375</ele><time>2026-01-18T00:32:46.000Z</time><extensions/></trkpt><trkpt lat="35.8442753367126" lon="139.21648579649627"><ele>492.0</ele><time>2026-01-18T00:32:55.000Z</time><extensions/></trkpt><trkpt lat="35.844255052506924" lon="139.21655796468258"><ele>490.4000244140625</ele><time>2026-01-18T00:33:01.000Z</time><extensions/></trkpt><trkpt lat="35.84424843080342" lon="139.21657506376505"><ele>490.20001220703125</ele><time>2026-01-18T00:33:02.000Z</time><extensions/></trkpt><trkpt lat="35.84422881715" lon="139.2166729643941"><ele>488.5999755859375</ele><time>2026-01-18T00:33:11.000Z</time><extensions/></trkpt><trkpt lat="35.84420995786786" lon="139.21671587973833"><ele>487.4000244140625</ele><time>2026-01-18T00:33:19.000Z</time><extensions/></trkpt><trkpt lat="35.844203755259514" lon="139.21672493219376"><ele>484.20001220703125</ele><time>2026-01-18T00:33:35.000Z</time><extensions/></trkpt><trkpt lat="35.844203755259514" lon="139.21672493219376"><ele>481.20001220703125</ele><time>2026-01-18T00:34:01.000Z</time><extensions/></trkpt><trkpt lat="35.84412739612162" lon="139.21687555499375"><ele>480.0</ele><time>2026-01-18T00:34:10.000Z</time><extensions/></trkpt><trkpt lat="35.84406419657171" lon="139.21694269403815"><ele>477.79998779296875</ele><time>2026-01-18T00:34:19.000Z</time><extensions/></trkpt><trkpt lat="35.84403435699642" lon="139.21696909703314"><ele>475.20001220703125</ele><time>2026-01-18T00:34:30.000Z</time><extensions/></trkpt><trkpt lat="35.84399621933699" lon="139.21704017557204"><ele>474.0</ele><time>2026-01-18T00:34:42.000Z</time><extensions/></trkpt><trkpt lat="35.84397526457906" lon="139.2170897964388"><ele>472.4000244140625</ele><time>2026-01-18T00:34:49.000Z</time><extensions/></trkpt><trkpt lat="35.84394131787121" lon="139.21716925688088"><ele>470.20001220703125</ele><time>2026-01-18T00:34:59.000Z</time><extensions/></trkpt><trkpt lat="35.84393427707255" lon="139.21718048863113"><ele>468.20001220703125</ele><time>2026-01-18T00:35:08.000Z</time><extensions/></trkpt><trkpt lat="35.8438900206238" lon="139.217262044549"><ele>467.20001220703125</ele><time>2026-01-18T00:35:18.000Z</time><extensions/></trkpt><trkpt lat="35.84380536340177" lon="139.21743529848754"><ele>465.79998779296875</ele><time>2026-01-18T00:35:34.000Z</time><extensions/></trkpt><trkpt lat="35.84376278333366" lon="139.21750352717936"><ele>465.79998779296875</ele><time>2026-01-18T00:35:46.000Z</time><extensions/></trkpt><trkpt lat="35.8437295909971" lon="139.21753915026784"><ele>465.4000244140625</ele><time>2026-01-18T00:35:50.000Z</time><extensions/></trkpt><trkpt lat="35.84368449635804" lon="139.21759178861976"><ele>464.5999755859375</ele><time>2026-01-18T00:35:55.000Z</time><extensions/></trkpt><trkpt lat="35.843592965975404" lon="139.21769186854362"><ele>463.79998779296875</ele><time>2026-01-18T00:36:04.000Z</time><extensions/></trkpt><trkpt lat="35.84351258352399" lon="139.2177866678685"><ele>464.20001220703125</ele><time>2026-01-18T00:36:15.000Z</time><extensions/></trkpt><trkpt lat="35.84345449693501" lon="139.21786579303443"><ele>466.20001220703125</ele><time>2026-01-18T00:36:26.000Z</time><extensions/></trkpt><trkpt lat="35.84333715029061" lon="139.21793452464044"><ele>468.0</ele><time>2026-01-18T00:36:38.000Z</time><extensions/></trkpt><trkpt lat="35.84325802512467" lon="139.21800132840872"><ele>466.5999755859375</ele><time>2026-01-18T00:36:50.000Z</time><extensions/></trkpt><trkpt lat="35.84319859743118" lon="139.2180401366204"><ele>465.5999755859375</ele><time>2026-01-18T00:36:59.000Z</time><extensions/></trkpt><trkpt lat="35.843101451173425" lon="139.2181070242077"><ele>462.5999755859375</ele><time>2026-01-18T00:37:11.000Z</time><extensions/></trkpt><trkpt lat="35.842991061508656" lon="139.21816385351121"><ele>459.4000244140625</ele><time>2026-01-18T00:37:24.000Z</time><extensions/></trkpt><trkpt lat="35.84289978258312" lon="139.21820173971355"><ele>456.20001220703125</ele><time>2026-01-18T00:37:34.000Z</time><extensions/></trkpt><trkpt lat="35.84283775649965" lon="139.21824884600937"><ele>453.5999755859375</ele><time>2026-01-18T00:37:42.000Z</time><extensions/></trkpt><trkpt lat="35.84278947673738" lon="139.21827281825244"><ele>453.0</ele><time>2026-01-18T00:37:52.000Z</time><extensions/></trkpt><trkpt lat="35.84277086891234" lon="139.218348255381"><ele>450.0</ele><time>2026-01-18T00:38:03.000Z</time><extensions/></trkpt><trkpt lat="35.842746729031205" lon="139.21839167363942"><ele>447.20001220703125</ele><time>2026-01-18T00:38:15.000Z</time><extensions/></trkpt><trkpt lat="35.842750165611506" lon="139.21842394396663"><ele>444.20001220703125</ele><time>2026-01-18T00:38:41.000Z</time><extensions/></trkpt><trkpt lat="35.84276055917144" lon="139.2184558790177"><ele>443.0</ele><time>2026-01-18T00:38:53.000Z</time><extensions/></trkpt><trkpt lat="35.84273474290967" lon="139.21851706691086"><ele>441.5999755859375</ele><time>2026-01-18T00:39:03.000Z</time><extensions/></trkpt><trkpt lat="35.84273214451969" lon="139.21855344437063"><ele>439.5999755859375</ele><time>2026-01-18T00:39:15.000Z</time><extensions/></trkpt><trkpt lat="35.842702221125364" lon="139.21861949376762"><ele>436.5999755859375</ele><time>2026-01-18T00:39:34.000Z</time><extensions/></trkpt><trkpt lat="35.842669447883964" lon="139.21869778074324"><ele>434.20001220703125</ele><time>2026-01-18T00:39:47.000Z</time><extensions/></trkpt><trkpt lat="35.84263944067061" lon="139.21875226311386"><ele>432.4000244140625</ele><time>2026-01-18T00:39:54.000Z</time><extensions/></trkpt><trkpt lat="35.84262317977846" lon="139.21877422370017"><ele>429.4000244140625</ele><time>2026-01-18T00:40:07.000Z</time><extensions/></trkpt><trkpt lat="35.84267229773104" lon="139.21879853121936"><ele>427.79998779296875</ele><time>2026-01-18T00:40:24.000Z</time><extensions/></trkpt><trkpt lat="35.84279643371701" lon="139.21874832361937"><ele>424.79998779296875</ele><time>2026-01-18T00:40:39.000Z</time><extensions/></trkpt><trkpt lat="35.84280808456242" lon="139.21874773688614"><ele>424.79998779296875</ele><time>2026-01-18T00:40:40.000Z</time><extensions/></trkpt><trkpt lat="35.84296038374305" lon="139.21877967193723"><ele>422.79998779296875</ele><time>2026-01-18T00:40:55.000Z</time><extensions/></trkpt><trkpt lat="35.84301955997944" lon="139.21887279488146"><ele>420.0</ele><time>2026-01-18T00:41:08.000Z</time><extensions/></trkpt><trkpt lat="35.84301386028528" lon="139.21893565915525"><ele>418.4000244140625</ele><time>2026-01-18T00:41:18.000Z</time><extensions/></trkpt><trkpt lat="35.843006148934364" lon="139.21902744099498"><ele>415.4000244140625</ele><time>2026-01-18T00:41:42.000Z</time><extensions/></trkpt><trkpt lat="35.842967089265585" lon="139.21913657337427"><ele>412.4000244140625</ele><time>2026-01-18T00:41:55.000Z</time><extensions/></trkpt><trkpt lat="35.84295057691634" lon="139.21917345374823"><ele>411.5999755859375</ele><time>2026-01-18T00:41:58.000Z</time><extensions/></trkpt><trkpt lat="35.84294177591801" lon="139.2191836796701"><ele>411.20001220703125</ele><time>2026-01-18T00:41:59.000Z</time><extensions/></trkpt><trkpt lat="35.8429317176342" lon="139.2191958334297"><ele>411.0</ele><time>2026-01-18T00:42:00.000Z</time><extensions/></trkpt><trkpt lat="35.84292375482619" lon="139.21920672990382"><ele>410.79998779296875</ele><time>2026-01-18T00:42:01.000Z</time><extensions/></trkpt><trkpt lat="35.84291788749397" lon="139.2192201409489"><ele>410.5999755859375</ele><time>2026-01-18T00:42:02.000Z</time><extensions/></trkpt><trkpt lat="35.84291352890432" lon="139.21923506073654"><ele>410.20001220703125</ele><time>2026-01-18T00:42:03.000Z</time><extensions/></trkpt><trkpt lat="35.84285259246826" lon="139.21934469603002"><ele>408.4000244140625</ele><time>2026-01-18T00:42:11.000Z</time><extensions/></trkpt><trkpt lat="35.8427866268903" lon="139.2194421775639"><ele>409.20001220703125</ele><time>2026-01-18T00:42:23.000Z</time><extensions/></trkpt><trkpt lat="35.842725271359086" lon="139.2195047903806"><ele>410.5999755859375</ele><time>2026-01-18T00:42:31.000Z</time><extensions/></trkpt><trkpt lat="35.84271362051368" lon="139.21951183117926"><ele>410.5999755859375</ele><time>2026-01-18T00:42:32.000Z</time><extensions/></trkpt><trkpt lat="35.84267908707261" lon="139.21954116784036"><ele>410.79998779296875</ele><time>2026-01-18T00:42:41.000Z</time><extensions/></trkpt><trkpt lat="35.84261798299849" lon="139.21958534047008"><ele>409.4000244140625</ele><time>2026-01-18T00:42:51.000Z</time><extensions/></trkpt><trkpt lat="35.84251186810434" lon="139.2196472827345"><ele>406.20001220703125</ele><time>2026-01-18T00:43:03.000Z</time><extensions/></trkpt><trkpt lat="35.842372896149755" lon="139.21970042400062"><ele>405.0</ele><time>2026-01-18T00:43:15.000Z</time><extensions/></trkpt><trkpt lat="35.84232092835009" lon="139.21971207484603"><ele>405.5999755859375</ele><time>2026-01-18T00:43:23.000Z</time><extensions/></trkpt><trkpt lat="35.84224557504058" lon="139.21974208205938"><ele>407.0</ele><time>2026-01-18T00:43:35.000Z</time><extensions/></trkpt><trkpt lat="35.84214432165027" lon="139.21979614533484"><ele>410.0</ele><time>2026-01-18T00:43:48.000Z</time><extensions/></trkpt><trkpt lat="35.84207751788199" lon="139.21984031796455"><ele>413.20001220703125</ele><time>2026-01-18T00:44:01.000Z</time><extensions/></trkpt><trkpt lat="35.84207751788199" lon="139.21984031796455"><ele>416.4000244140625</ele><time>2026-01-18T00:44:15.000Z</time><extensions/></trkpt><trkpt lat="35.84202907048166" lon="139.21989387832582"><ele>419.4000244140625</ele><time>2026-01-18T00:44:33.000Z</time><extensions/></trkpt><trkpt lat="35.841977186501026" lon="139.21994442120194"><ele>422.4000244140625</ele><time>2026-01-18T00:44:51.000Z</time><extensions/></trkpt><trkpt lat="35.841888673603535" lon="139.21993285417557"><ele>425.20001220703125</ele><time>2026-01-18T00:45:04.000Z</time><extensions/></trkpt><trkpt lat="35.84177417680621" lon="139.21992438845336"><ele>425.79998779296875</ele><time>2026-01-18T00:45:17.000Z</time><extensions/></trkpt><trkpt lat="35.841613160446286" lon="139.21994995325804"><ele>423.79998779296875</ele><time>2026-01-18T00:45:32.000Z</time><extensions/></trkpt><trkpt lat="35.841488018631935" lon="139.2199696507305"><ele>424.20001220703125</ele><time>2026-01-18T00:45:45.000Z</time><extensions/></trkpt><trkpt lat="35.84138844162226" lon="139.2199839837849"><ele>426.4000244140625</ele><time>2026-01-18T00:45:58.000Z</time><extensions/></trkpt><trkpt lat="35.841365391388535" lon="139.21999102458358"><ele>428.4000244140625</ele><time>2026-01-18T00:46:11.000Z</time><extensions/></trkpt><trkpt lat="35.841338066384196" lon="139.22004332765937"><ele>429.0</ele><time>2026-01-18T00:46:30.000Z</time><extensions/></trkpt><trkpt lat="35.84130244329572" lon="139.22015799209476"><ele>428.5999755859375</ele><time>2026-01-18T00:46:38.000Z</time><extensions/></trkpt><trkpt lat="35.841282326728106" lon="139.22027005814016"><ele>428.4000244140625</ele><time>2026-01-18T00:46:47.000Z</time><extensions/></trkpt><trkpt lat="35.841251984238625" lon="139.22040592879057"><ele>430.4000244140625</ele><time>2026-01-18T00:47:00.000Z</time><extensions/></trkpt><trkpt lat="35.84124427288771" lon="139.22045538201928"><ele>433.4000244140625</ele><time>2026-01-18T00:47:14.000Z</time><extensions/></trkpt><trkpt lat="35.84122331812978" lon="139.22054498456419"><ele>435.79998779296875</ele><time>2026-01-18T00:47:25.000Z</time><extensions/></trkpt><trkpt lat="35.841223150491714" lon="139.22065034508705"><ele>438.20001220703125</ele><time>2026-01-18T00:47:36.000Z</time><extensions/></trkpt><trkpt lat="35.84121946245432" lon="139.22072812914848"><ele>439.5999755859375</ele><time>2026-01-18T00:47:46.000Z</time><extensions/></trkpt><trkpt lat="35.84122197702527" lon="139.22076894901693"><ele>439.20001220703125</ele><time>2026-01-18T00:47:53.000Z</time><extensions/></trkpt><trkpt lat="35.841223150491714" lon="139.22079384326935"><ele>437.5999755859375</ele><time>2026-01-18T00:48:21.000Z</time><extensions/></trkpt><trkpt lat="35.841223150491714" lon="139.22079384326935"><ele>434.4000244140625</ele><time>2026-01-18T00:48:46.000Z</time><extensions/></trkpt><trkpt lat="35.84122449159622" lon="139.22090037725866"><ele>433.0</ele><time>2026-01-18T00:48:56.000Z</time><extensions/></trkpt><trkpt lat="35.84120814688504" lon="139.22100665979087"><ele>430.79998779296875</ele><time>2026-01-18T00:49:10.000Z</time><extensions/></trkpt><trkpt lat="35.841170847415924" lon="139.22113238833845"><ele>428.5999755859375</ele><time>2026-01-18T00:49:21.000Z</time><extensions/></trkpt><trkpt lat="35.841138157993555" lon="139.22121193259954"><ele>426.5999755859375</ele><time>2026-01-18T00:49:29.000Z</time><extensions/></trkpt><trkpt lat="35.84108602255583" lon="139.22136129811406"><ele>424.0</ele><time>2026-01-18T00:49:41.000Z</time><extensions/></trkpt><trkpt lat="35.8410563506186" lon="139.2214766331017"><ele>423.4000244140625</ele><time>2026-01-18T00:49:52.000Z</time><extensions/></trkpt><trkpt lat="35.84100463427603" lon="139.22160202637315"><ele>424.20001220703125</ele><time>2026-01-18T00:50:05.000Z</time><extensions/></trkpt><trkpt lat="35.84094353020191" lon="139.22165164723992"><ele>424.79998779296875</ele><time>2026-01-18T00:50:16.000Z</time><extensions/></trkpt><trkpt lat="35.84086121991277" lon="139.22174653038383"><ele>425.0</ele><time>2026-01-18T00:50:32.000Z</time><extensions/></trkpt><trkpt lat="35.840827440842986" lon="139.22177092172205"><ele>428.4000244140625</ele><time>2026-01-18T00:50:38.000Z</time><extensions/></trkpt><trkpt lat="35.840816628187895" lon="139.22178123146296"><ele>429.20001220703125</ele><time>2026-01-18T00:50:40.000Z</time><extensions/></trkpt><trkpt lat="35.840794164687395" lon="139.2218217998743"><ele>431.20001220703125</ele><time>2026-01-18T00:50:51.000Z</time><extensions/></trkpt><trkpt lat="35.840755524113774" lon="139.22190989367664"><ele>434.20001220703125</ele><time>2026-01-18T00:51:05.000Z</time><extensions/></trkpt><trkpt lat="35.84073758684099" lon="139.2219579219818"><ele>436.4000244140625</ele><time>2026-01-18T00:51:16.000Z</time><extensions/></trkpt><trkpt lat="35.84072845056653" lon="139.22203419730067"><ele>437.20001220703125</ele><time>2026-01-18T00:51:50.000Z</time><extensions/></trkpt><trkpt lat="35.84073691628873" lon="139.2221259791404"><ele>436.20001220703125</ele><time>2026-01-18T00:51:57.000Z</time><extensions/></trkpt><trkpt lat="35.84075032733381" lon="139.22225212678313"><ele>434.0</ele><time>2026-01-18T00:52:06.000Z</time><extensions/></trkpt><trkpt lat="35.840755021199584" lon="139.22232748009264"><ele>433.0</ele><time>2026-01-18T00:52:11.000Z</time><extensions/></trkpt><trkpt lat="35.840740352869034" lon="139.22247106209397"><ele>431.5999755859375</ele><time>2026-01-18T00:52:21.000Z</time><extensions/></trkpt><trkpt lat="35.840748231858015" lon="139.22255563549697"><ele>430.5999755859375</ele><time>2026-01-18T00:52:28.000Z</time><extensions/></trkpt><trkpt lat="35.840739933773875" lon="139.22258547507226"><ele>430.20001220703125</ele><time>2026-01-18T00:52:31.000Z</time><extensions/></trkpt><trkpt lat="35.84076122380793" lon="139.22270013950765"><ele>429.20001220703125</ele><time>2026-01-18T00:52:40.000Z</time><extensions/></trkpt><trkpt lat="35.84077731706202" lon="139.22284833155572"><ele>430.79998779296875</ele><time>2026-01-18T00:52:54.000Z</time><extensions/></trkpt><trkpt lat="35.84079877473414" lon="139.2229552846402"><ele>433.5999755859375</ele><time>2026-01-18T00:53:06.000Z</time><extensions/></trkpt><trkpt lat="35.840815119445324" lon="139.22302829101682"><ele>435.5999755859375</ele><time>2026-01-18T00:53:15.000Z</time><extensions/></trkpt><trkpt lat="35.8408060669899" lon="139.22306927852333"><ele>436.0</ele><time>2026-01-18T00:53:19.000Z</time><extensions/></trkpt><trkpt lat="35.84077765233815" lon="139.22318964265287"><ele>434.79998779296875</ele><time>2026-01-18T00:53:30.000Z</time><extensions/></trkpt><trkpt lat="35.84072065539658" lon="139.22328041866422"><ele>432.0</ele><time>2026-01-18T00:53:40.000Z</time><extensions/></trkpt><trkpt lat="35.840632477775216" lon="139.2233820911497"><ele>430.0</ele><time>2026-01-18T00:53:52.000Z</time><extensions/></trkpt><trkpt lat="35.84051018580794" lon="139.22345962375402"><ele>430.20001220703125</ele><time>2026-01-18T00:54:06.000Z</time><extensions/></trkpt><trkpt lat="35.840417984873056" lon="139.2235092446208"><ele>433.4000244140625</ele><time>2026-01-18T00:54:20.000Z</time><extensions/></trkpt><trkpt lat="35.84039459936321" lon="139.2235243320465"><ele>435.4000244140625</ele><time>2026-01-18T00:54:33.000Z</time><extensions/></trkpt><trkpt lat="35.84041295573115" lon="139.22359574586153"><ele>435.5999755859375</ele><time>2026-01-18T00:55:25.000Z</time><extensions/></trkpt><trkpt lat="35.840447656810284" lon="139.22363773919642"><ele>433.0</ele><time>2026-01-18T00:55:36.000Z</time><extensions/></trkpt><trkpt lat="35.84047104232013" lon="139.223676295951"><ele>430.4000244140625</ele><time>2026-01-18T00:55:50.000Z</time><extensions/></trkpt><trkpt lat="35.840499456971884" lon="139.2237338796258"><ele>428.0</ele><time>2026-01-18T00:56:07.000Z</time><extensions/></trkpt><trkpt lat="35.84051286801696" lon="139.2237684968859"><ele>425.79998779296875</ele><time>2026-01-18T00:56:22.000Z</time><extensions/></trkpt><trkpt lat="35.840517645701766" lon="139.22382356598973"><ele>423.79998779296875</ele><time>2026-01-18T00:56:33.000Z</time><extensions/></trkpt><trkpt lat="35.84053139202297" lon="139.22387704253197"><ele>422.0</ele><time>2026-01-18T00:56:45.000Z</time><extensions/></trkpt><trkpt lat="35.84055494517088" lon="139.22394384630024"><ele>418.79998779296875</ele><time>2026-01-18T00:57:03.000Z</time><extensions/></trkpt><trkpt lat="35.84057975560427" lon="139.2240010946989"><ele>416.0</ele><time>2026-01-18T00:57:19.000Z</time><extensions/></trkpt><trkpt lat="35.8405848685652" lon="139.22405113466084"><ele>414.5999755859375</ele><time>2026-01-18T00:57:35.000Z</time><extensions/></trkpt><trkpt lat="35.840621246024966" lon="139.2241475265473"><ele>412.20001220703125</ele><time>2026-01-18T00:57:47.000Z</time><extensions/></trkpt><trkpt lat="35.84062342531979" lon="139.22415892593563"><ele>411.79998779296875</ele><time>2026-01-18T00:57:48.000Z</time><extensions/></trkpt><trkpt lat="35.840625520795584" lon="139.2242944613099"><ele>408.4000244140625</ele><time>2026-01-18T00:57:57.000Z</time><extensions/></trkpt><trkpt lat="35.84058176726103" lon="139.22437224537134"><ele>406.5999755859375</ele><time>2026-01-18T00:58:04.000Z</time><extensions/></trkpt><trkpt lat="35.84054421633482" lon="139.2244086228311"><ele>404.79998779296875</ele><time>2026-01-18T00:58:11.000Z</time><extensions/></trkpt><trkpt lat="35.840506330132484" lon="139.22442915849388"><ele>404.4000244140625</ele><time>2026-01-18T00:58:21.000Z</time><extensions/></trkpt><trkpt lat="35.840491745620966" lon="139.2244490236044"><ele>403.20001220703125</ele><time>2026-01-18T00:58:32.000Z</time><extensions/></trkpt><trkpt lat="35.840498534962535" lon="139.22444617375731"><ele>403.4000244140625</ele><time>2026-01-18T00:58:34.000Z</time><extensions/></trkpt><trkpt lat="35.84055695682764" lon="139.22443259507418"><ele>403.79998779296875</ele><time>2026-01-18T00:58:44.000Z</time><extensions/></trkpt><trkpt lat="35.84055301733315" lon="139.22445782460272"><ele>404.79998779296875</ele><time>2026-01-18T00:59:03.000Z</time><extensions/></trkpt><trkpt lat="35.840533236041665" lon="139.2245230358094"><ele>405.0</ele><time>2026-01-18T00:59:22.000Z</time><extensions/></trkpt><trkpt lat="35.840464336797595" lon="139.22464323230088"><ele>404.79998779296875</ele><time>2026-01-18T00:59:37.000Z</time><extensions/></trkpt><trkpt lat="35.84040901623666" lon="139.22473224811256"><ele>408.20001220703125</ele><time>2026-01-18T00:59:47.000Z</time><extensions/></trkpt><trkpt lat="35.840407591313124" lon="139.22473861835897"><ele>408.4000244140625</ele><time>2026-01-18T00:59:48.000Z</time><extensions/></trkpt><trkpt lat="35.840393928810954" lon="139.2247687932104"><ele>412.0</ele><time>2026-01-18T00:59:54.000Z</time><extensions/></trkpt><trkpt lat="35.84038009867072" lon="139.22483987174928"><ele>413.5999755859375</ele><time>2026-01-18T01:00:06.000Z</time><extensions/></trkpt><trkpt lat="35.84034179337323" lon="139.2248895764351"><ele>415.79998779296875</ele><time>2026-01-18T01:00:18.000Z</time><extensions/></trkpt><trkpt lat="35.84032662212849" lon="139.2249704618007"><ele>419.0</ele><time>2026-01-18T01:00:32.000Z</time><extensions/></trkpt><trkpt lat="35.840299716219306" lon="139.22504363581538"><ele>422.20001220703125</ele><time>2026-01-18T01:00:46.000Z</time><extensions/></trkpt><trkpt lat="35.840279096737504" lon="139.22510943375528"><ele>425.4000244140625</ele><time>2026-01-18T01:01:00.000Z</time><extensions/></trkpt><trkpt lat="35.840272475034" lon="139.22513927333057"><ele>427.4000244140625</ele><time>2026-01-18T01:01:08.000Z</time><extensions/></trkpt><trkpt lat="35.84029686637223" lon="139.2252204939723"><ele>429.4000244140625</ele><time>2026-01-18T01:01:18.000Z</time><extensions/></trkpt><trkpt lat="35.84028286859393" lon="139.225198533386"><ele>430.0</ele><time>2026-01-18T01:01:27.000Z</time><extensions/></trkpt><trkpt lat="35.84025219082832" lon="139.22521613538265"><ele>430.5999755859375</ele><time>2026-01-18T01:01:35.000Z</time><extensions/></trkpt><trkpt lat="35.84021489135921" lon="139.2252780776471"><ele>433.20001220703125</ele><time>2026-01-18T01:01:46.000Z</time><extensions/></trkpt><trkpt lat="35.8401979599148" lon="139.22532426193357"><ele>436.0</ele><time>2026-01-18T01:01:58.000Z</time><extensions/></trkpt><trkpt lat="35.84017323330045" lon="139.2253637406975"><ele>438.79998779296875</ele><time>2026-01-18T01:02:10.000Z</time><extensions/></trkpt><trkpt lat="35.8401133865118" lon="139.2254141997546"><ele>441.4000244140625</ele><time>2026-01-18T01:02:29.000Z</time><extensions/></trkpt><trkpt lat="35.84004188887775" lon="139.22550799325109"><ele>444.4000244140625</ele><time>2026-01-18T01:02:43.000Z</time><extensions/></trkpt><trkpt lat="35.83997743204236" lon="139.22559147700667"><ele>445.79998779296875</ele><time>2026-01-18T01:02:53.000Z</time><extensions/></trkpt><trkpt lat="35.83995505236089" lon="139.22566599212587"><ele>446.20001220703125</ele><time>2026-01-18T01:02:58.000Z</time><extensions/></trkpt><trkpt lat="35.839902916923165" lon="139.2258439399302"><ele>446.79998779296875</ele><time>2026-01-18T01:03:12.000Z</time><extensions/></trkpt><trkpt lat="35.83986159414053" lon="139.22600445337594"><ele>449.4000244140625</ele><time>2026-01-18T01:03:27.000Z</time><extensions/></trkpt><trkpt lat="35.83978598937392" lon="139.2261668946594"><ele>451.5999755859375</ele><time>2026-01-18T01:03:43.000Z</time><extensions/></trkpt><trkpt lat="35.83970325998962" lon="139.22636646777391"><ele>454.20001220703125</ele><time>2026-01-18T01:04:01.000Z</time><extensions/></trkpt><trkpt lat="35.83964156918228" lon="139.2264877539128"><ele>456.20001220703125</ele><time>2026-01-18T01:04:14.000Z</time><extensions/></trkpt><trkpt lat="35.839645424857736" lon="139.22650057822466"><ele>457.20001220703125</ele><time>2026-01-18T01:04:24.000Z</time><extensions/></trkpt><trkpt lat="35.839562360197306" lon="139.22654734924436"><ele>457.0</ele><time>2026-01-18T01:04:39.000Z</time><extensions/></trkpt><trkpt lat="35.839489940553904" lon="139.22662312164903"><ele>455.20001220703125</ele><time>2026-01-18T01:04:52.000Z</time><extensions/></trkpt><trkpt lat="35.83948474377394" lon="139.22664985992014"><ele>452.20001220703125</ele><time>2026-01-18T01:05:11.000Z</time><extensions/></trkpt><trkpt lat="35.83948474377394" lon="139.22664985992014"><ele>449.20001220703125</ele><time>2026-01-18T01:05:43.000Z</time><extensions/></trkpt><trkpt lat="35.8394383918494" lon="139.22674985602498"><ele>448.0</ele><time>2026-01-18T01:05:52.000Z</time><extensions/></trkpt><trkpt lat="35.839415257796645" lon="139.22679344192147"><ele>445.79998779296875</ele><time>2026-01-18T01:06:06.000Z</time><extensions/></trkpt><trkpt lat="35.83937494084239" lon="139.2268936894834"><ele>443.0</ele><time>2026-01-18T01:06:20.000Z</time><extensions/></trkpt><trkpt lat="35.83934987895191" lon="139.2269713897258"><ele>440.5999755859375</ele><time>2026-01-18T01:06:30.000Z</time><extensions/></trkpt><trkpt lat="35.839301431551576" lon="139.22709845937788"><ele>437.5999755859375</ele><time>2026-01-18T01:06:41.000Z</time><extensions/></trkpt><trkpt lat="35.83925088867545" lon="139.22727062366903"><ele>435.79998779296875</ele><time>2026-01-18T01:06:55.000Z</time><extensions/></trkpt><trkpt lat="35.839218869805336" lon="139.22739517875016"><ele>434.79998779296875</ele><time>2026-01-18T01:07:04.000Z</time><extensions/></trkpt><trkpt lat="35.839215349406004" lon="139.22750649042428"><ele>434.79998779296875</ele><time>2026-01-18T01:07:13.000Z</time><extensions/></trkpt><trkpt lat="35.83917276933789" lon="139.22759248875082"><ele>434.5999755859375</ele><time>2026-01-18T01:07:21.000Z</time><extensions/></trkpt><trkpt lat="35.839112838730216" lon="139.22763749957085"><ele>433.4000244140625</ele><time>2026-01-18T01:08:14.000Z</time><extensions/></trkpt><trkpt lat="35.83907696418464" lon="139.22768225893378"><ele>433.0</ele><time>2026-01-18T01:08:26.000Z</time><extensions/></trkpt><trkpt lat="35.83905005827546" lon="139.22769223339856"><ele>430.5999755859375</ele><time>2026-01-18T01:08:42.000Z</time><extensions/></trkpt><trkpt lat="35.83899339661002" lon="139.2277142778039"><ele>428.0</ele><time>2026-01-18T01:08:52.000Z</time><extensions/></trkpt><trkpt lat="35.83894168026745" lon="139.22771419398487"><ele>425.79998779296875</ele><time>2026-01-18T01:09:02.000Z</time><extensions/></trkpt><trkpt lat="35.83887764252722" lon="139.227730371058"><ele>422.5999755859375</ele><time>2026-01-18T01:09:16.000Z</time><extensions/></trkpt><trkpt lat="35.83883095532656" lon="139.22773917205632"><ele>420.0</ele><time>2026-01-18T01:09:25.000Z</time><extensions/></trkpt><trkpt lat="35.83879114128649" lon="139.22772794030607"><ele>417.0</ele><time>2026-01-18T01:09:42.000Z</time><extensions/></trkpt><trkpt lat="35.83870053291321" lon="139.22772048041224"><ele>413.79998779296875</ele><time>2026-01-18T01:10:01.000Z</time><extensions/></trkpt><trkpt lat="35.83870053291321" lon="139.22772048041224"><ele>410.79998779296875</ele><time>2026-01-18T01:10:19.000Z</time><extensions/></trkpt><trkpt lat="35.838612439110875" lon="139.22778158448637"><ele>407.79998779296875</ele><time>2026-01-18T01:10:35.000Z</time><extensions/></trkpt><trkpt lat="35.838590478524566" lon="139.22783313319087"><ele>405.0</ele><time>2026-01-18T01:10:48.000Z</time><extensions/></trkpt><trkpt lat="35.838564494624734" lon="139.22787345014513"><ele>402.0</ele><time>2026-01-18T01:11:04.000Z</time><extensions/></trkpt><trkpt lat="35.83850238472223" lon="139.2279175389558"><ele>399.79998779296875</ele><time>2026-01-18T01:11:17.000Z</time><extensions/></trkpt><trkpt lat="35.83845469169319" lon="139.22797654755414"><ele>396.5999755859375</ele><time>2026-01-18T01:11:27.000Z</time><extensions/></trkpt><trkpt lat="35.83839928731322" lon="139.22805642709136"><ele>393.4000244140625</ele><time>2026-01-18T01:11:38.000Z</time><extensions/></trkpt><trkpt lat="35.83836282603443" lon="139.22812566161156"><ele>390.20001220703125</ele><time>2026-01-18T01:11:48.000Z</time><extensions/></trkpt><trkpt lat="35.83835184574127" lon="139.22821057029068"><ele>387.0</ele><time>2026-01-18T01:11:58.000Z</time><extensions/></trkpt><trkpt lat="35.83831018768251" lon="139.22825893387198"><ele>385.20001220703125</ele><time>2026-01-18T01:12:04.000Z</time><extensions/></trkpt><trkpt lat="35.83829132840037" lon="139.2282888572663"><ele>384.4000244140625</ele><time>2026-01-18T01:12:06.000Z</time><extensions/></trkpt><trkpt lat="35.838225865736604" lon="139.22839832492173"><ele>381.5999755859375</ele><time>2026-01-18T01:12:16.000Z</time><extensions/></trkpt><trkpt lat="35.838175071403384" lon="139.22846739180386"><ele>381.4000244140625</ele><time>2026-01-18T01:12:26.000Z</time><extensions/></trkpt><trkpt lat="35.83810994401574" lon="139.2285409849137"><ele>384.79998779296875</ele><time>2026-01-18T01:12:41.000Z</time><extensions/></trkpt><trkpt lat="35.83804196678102" lon="139.22858465462923"><ele>385.5999755859375</ele><time>2026-01-18T01:12:52.000Z</time><extensions/></trkpt><trkpt lat="35.837950352579355" lon="139.2286366224289"><ele>386.0</ele><time>2026-01-18T01:13:03.000Z</time><extensions/></trkpt><trkpt lat="35.83793333731592" lon="139.22866587527096"><ele>389.0</ele><time>2026-01-18T01:13:06.000Z</time><extensions/></trkpt><trkpt lat="35.837924452498555" lon="139.2286831419915"><ele>390.5999755859375</ele><time>2026-01-18T01:13:09.000Z</time><extensions/></trkpt><trkpt lat="35.83792017772794" lon="139.2287206929177"><ele>390.20001220703125</ele><time>2026-01-18T01:13:17.000Z</time><extensions/></trkpt><trkpt lat="35.83791732788086" lon="139.22874642536044"><ele>388.79998779296875</ele><time>2026-01-18T01:13:28.000Z</time><extensions/></trkpt><trkpt lat="35.837912717834115" lon="139.22881649807096"><ele>388.20001220703125</ele><time>2026-01-18T01:13:41.000Z</time><extensions/></trkpt><trkpt lat="35.83788614720106" lon="139.2290232796222"><ele>386.5999755859375</ele><time>2026-01-18T01:13:55.000Z</time><extensions/></trkpt><trkpt lat="35.83784415386617" lon="139.2291115410626"><ele>384.0</ele><time>2026-01-18T01:14:08.000Z</time><extensions/></trkpt><trkpt lat="35.83781473338604" lon="139.2291807755828"><ele>381.4000244140625</ele><time>2026-01-18T01:14:19.000Z</time><extensions/></trkpt><trkpt lat="35.837755892425776" lon="139.22929133288562"><ele>378.4000244140625</ele><time>2026-01-18T01:14:31.000Z</time><extensions/></trkpt><trkpt lat="35.837732926011086" lon="139.2293340805918"><ele>377.4000244140625</ele><time>2026-01-18T01:14:35.000Z</time><extensions/></trkpt><trkpt lat="35.83766997791827" lon="139.22939392738044"><ele>376.20001220703125</ele><time>2026-01-18T01:14:45.000Z</time><extensions/></trkpt><trkpt lat="35.83765405230224" lon="139.22944421879947"><ele>378.79998779296875</ele><time>2026-01-18T01:15:01.000Z</time><extensions/></trkpt><trkpt lat="35.837629828602076" lon="139.22950079664588"><ele>381.79998779296875</ele><time>2026-01-18T01:15:14.000Z</time><extensions/></trkpt><trkpt lat="35.83759889937937" lon="139.22953499481082"><ele>384.5999755859375</ele><time>2026-01-18T01:15:24.000Z</time><extensions/></trkpt><trkpt lat="35.83750988356769" lon="139.22955863177776"><ele>386.5999755859375</ele><time>2026-01-18T01:16:24.000Z</time><extensions/></trkpt><trkpt lat="35.83741248585284" lon="139.22957631759346"><ele>386.5999755859375</ele><time>2026-01-18T01:16:33.000Z</time><extensions/></trkpt><trkpt lat="35.837328247725964" lon="139.22959635034204"><ele>386.79998779296875</ele><time>2026-01-18T01:16:41.000Z</time><extensions/></trkpt><trkpt lat="35.83724208176136" lon="139.22961303032935"><ele>387.5999755859375</ele><time>2026-01-18T01:16:49.000Z</time><extensions/></trkpt><trkpt lat="35.837218863889575" lon="139.22961546108127"><ele>388.0</ele><time>2026-01-18T01:16:51.000Z</time><extensions/></trkpt><trkpt lat="35.837126495316625" lon="139.22965737059712"><ele>389.4000244140625</ele><time>2026-01-18T01:16:59.000Z</time><extensions/></trkpt><trkpt lat="35.83711601793766" lon="139.22966281883419"><ele>390.5999755859375</ele><time>2026-01-18T01:17:10.000Z</time><extensions/></trkpt><trkpt lat="35.83708617836237" lon="139.22971109859645"><ele>392.0</ele><time>2026-01-18T01:17:38.000Z</time><extensions/></trkpt><trkpt lat="35.83705944009125" lon="139.22983959317207"><ele>389.5999755859375</ele><time>2026-01-18T01:17:50.000Z</time><extensions/></trkpt><trkpt lat="35.837011747062206" lon="139.23002156428993"><ele>386.20001220703125</ele><time>2026-01-18T01:18:04.000Z</time><extensions/></trkpt><trkpt lat="35.83694846369326" lon="139.23011619597673"><ele>384.4000244140625</ele><time>2026-01-18T01:18:12.000Z</time><extensions/></trkpt><trkpt lat="35.83685953170061" lon="139.23021619208157"><ele>383.20001220703125</ele><time>2026-01-18T01:18:21.000Z</time><extensions/></trkpt><trkpt lat="35.83678266964853" lon="139.23031266778708"><ele>382.79998779296875</ele><time>2026-01-18T01:18:33.000Z</time><extensions/></trkpt><trkpt lat="35.836745370179415" lon="139.23039187677205"><ele>386.0</ele><time>2026-01-18T01:18:48.000Z</time><extensions/></trkpt><trkpt lat="35.83672718144953" lon="139.23045214265585"><ele>388.20001220703125</ele><time>2026-01-18T01:18:58.000Z</time><extensions/></trkpt><trkpt lat="35.83672005683184" lon="139.23048516735435"><ele>391.4000244140625</ele><time>2026-01-18T01:19:11.000Z</time><extensions/></trkpt><trkpt lat="35.83673229441047" lon="139.2305312678218"><ele>392.0</ele><time>2026-01-18T01:19:42.000Z</time><extensions/></trkpt><trkpt lat="35.836749561131" lon="139.2305915337056"><ele>392.0</ele><time>2026-01-18T01:19:56.000Z</time><extensions/></trkpt><trkpt lat="35.83682902157307" lon="139.23074978403747"><ele>393.5999755859375</ele><time>2026-01-18T01:20:12.000Z</time><extensions/></trkpt><trkpt lat="35.83683731965721" lon="139.2308016680181"><ele>395.0</ele><time>2026-01-18T01:20:17.000Z</time><extensions/></trkpt><trkpt lat="35.8368375711143" lon="139.23087207600474"><ele>396.0</ele><time>2026-01-18T01:20:26.000Z</time><extensions/></trkpt><trkpt lat="35.836820639669895" lon="139.23090929165483"><ele>395.5999755859375</ele><time>2026-01-18T01:20:34.000Z</time><extensions/></trkpt><trkpt lat="35.83678853698075" lon="139.23091012984514"><ele>394.0</ele><time>2026-01-18T01:20:44.000Z</time><extensions/></trkpt><trkpt lat="35.83678853698075" lon="139.23091012984514"><ele>391.0</ele><time>2026-01-18T01:21:04.000Z</time><extensions/></trkpt><trkpt lat="35.83677579648793" lon="139.23102672211826"><ele>389.79998779296875</ele><time>2026-01-18T01:21:13.000Z</time><extensions/></trkpt><trkpt lat="35.836781496182084" lon="139.23104616813362"><ele>387.0</ele><time>2026-01-18T01:21:33.000Z</time><extensions/></trkpt><trkpt lat="35.83674226887524" lon="139.23114088363945"><ele>384.4000244140625</ele><time>2026-01-18T01:21:55.000Z</time><extensions/></trkpt><trkpt lat="35.836710752919316" lon="139.2312107887119"><ele>381.79998779296875</ele><time>2026-01-18T01:22:08.000Z</time><extensions/></trkpt><trkpt lat="35.83667244762182" lon="139.23130072653294"><ele>378.5999755859375</ele><time>2026-01-18T01:22:22.000Z</time><extensions/></trkpt><trkpt lat="35.8366372436285" lon="139.23137842677534"><ele>375.5999755859375</ele><time>2026-01-18T01:22:32.000Z</time><extensions/></trkpt><trkpt lat="35.8366285264492" lon="139.23143986612558"><ele>374.20001220703125</ele><time>2026-01-18T01:22:39.000Z</time><extensions/></trkpt><trkpt lat="35.836624167859554" lon="139.23145419918"><ele>374.0</ele><time>2026-01-18T01:22:40.000Z</time><extensions/></trkpt><trkpt lat="35.83658577874303" lon="139.23166257329285"><ele>372.20001220703125</ele><time>2026-01-18T01:22:55.000Z</time><extensions/></trkpt><trkpt lat="35.836569434031844" lon="139.23176642507315"><ele>373.0</ele><time>2026-01-18T01:23:04.000Z</time><extensions/></trkpt><trkpt lat="35.83655225113034" lon="139.23186625353992"><ele>375.0</ele><time>2026-01-18T01:23:13.000Z</time><extensions/></trkpt><trkpt lat="35.836536241695285" lon="139.23195409588516"><ele>376.79998779296875</ele><time>2026-01-18T01:23:21.000Z</time><extensions/></trkpt><trkpt lat="35.83654135465622" lon="139.23205409199"><ele>376.5999755859375</ele><time>2026-01-18T01:23:31.000Z</time><extensions/></trkpt><trkpt lat="35.83656038157642" lon="139.23207328654826"><ele>376.4000244140625</ele><time>2026-01-18T01:23:34.000Z</time><extensions/></trkpt><trkpt lat="35.836560130119324" lon="139.23211175948381"><ele>375.79998779296875</ele><time>2026-01-18T01:23:37.000Z</time><extensions/></trkpt><trkpt lat="35.836552921682596" lon="139.23223681747913"><ele>375.79998779296875</ele><time>2026-01-18T01:23:45.000Z</time><extensions/></trkpt><trkpt lat="35.836574379354715" lon="139.2322901263833"><ele>373.79998779296875</ele><time>2026-01-18T01:23:54.000Z</time><extensions/></trkpt><trkpt lat="35.836553843691945" lon="139.2322951555252"><ele>374.79998779296875</ele><time>2026-01-18T01:24:02.000Z</time><extensions/></trkpt><trkpt lat="35.83653506822884" lon="139.23224033787847"><ele>372.5999755859375</ele><time>2026-01-18T01:24:13.000Z</time><extensions/></trkpt><trkpt lat="35.83656675182283" lon="139.2322901263833"><ele>374.20001220703125</ele><time>2026-01-18T01:24:21.000Z</time><extensions/></trkpt><trkpt lat="35.83660698495805" lon="139.2323963250965"><ele>374.5999755859375</ele><time>2026-01-18T01:24:32.000Z</time><extensions/></trkpt><trkpt lat="35.83661142736673" lon="139.23250243999064"><ele>377.4000244140625</ele><time>2026-01-18T01:24:49.000Z</time><extensions/></trkpt><trkpt lat="35.83661268465221" lon="139.23258022405207"><ele>379.4000244140625</ele><time>2026-01-18T01:25:01.000Z</time><extensions/></trkpt><trkpt lat="35.836578821763396" lon="139.23265649937093"><ele>379.79998779296875</ele><time>2026-01-18T01:25:49.000Z</time><extensions/></trkpt><trkpt lat="35.836518136784434" lon="139.2327187769115"><ele>376.79998779296875</ele><time>2026-01-18T01:26:00.000Z</time><extensions/></trkpt><trkpt lat="35.836455188691616" lon="139.23276999033988"><ele>374.20001220703125</ele><time>2026-01-18T01:26:09.000Z</time><extensions/></trkpt><trkpt lat="35.836400371044874" lon="139.23282296396792"><ele>372.20001220703125</ele><time>2026-01-18T01:26:16.000Z</time><extensions/></trkpt><trkpt lat="35.83641545847058" lon="139.23290594480932"><ele>369.79998779296875</ele><time>2026-01-18T01:26:24.000Z</time><extensions/></trkpt><trkpt lat="35.83645049482584" lon="139.23292052932084"><ele>366.79998779296875</ele><time>2026-01-18T01:26:34.000Z</time><extensions/></trkpt><trkpt lat="35.83646206185222" lon="139.2330153286457"><ele>365.4000244140625</ele><time>2026-01-18T01:26:44.000Z</time><extensions/></trkpt><trkpt lat="35.8364612236619" lon="139.23302756622434"><ele>365.20001220703125</ele><time>2026-01-18T01:26:45.000Z</time><extensions/></trkpt><trkpt lat="35.8364630676806" lon="139.23306888900697"><ele>364.4000244140625</ele><time>2026-01-18T01:26:48.000Z</time><extensions/></trkpt><trkpt lat="35.836487375199795" lon="139.23313401639462"><ele>362.4000244140625</ele><time>2026-01-18T01:26:54.000Z</time><extensions/></trkpt><trkpt lat="35.83649072796106" lon="139.23324717208743"><ele>359.5999755859375</ele><time>2026-01-18T01:27:03.000Z</time><extensions/></trkpt><trkpt lat="35.83649349398911" lon="139.23328396864235"><ele>357.20001220703125</ele><time>2026-01-18T01:28:10.000Z</time><extensions/></trkpt><trkpt lat="35.8365389239043" lon="139.2334717232734"><ele>353.79998779296875</ele><time>2026-01-18T01:28:23.000Z</time><extensions/></trkpt><trkpt lat="35.83655945956707" lon="139.2335885670036"><ele>351.4000244140625</ele><time>2026-01-18T01:28:31.000Z</time><extensions/></trkpt><trkpt lat="35.8365838509053" lon="139.23369945958257"><ele>348.20001220703125</ele><time>2026-01-18T01:28:40.000Z</time><extensions/></trkpt><trkpt lat="35.83660111762583" lon="139.23376282677054"><ele>345.20001220703125</ele><time>2026-01-18T01:28:49.000Z</time><extensions/></trkpt><trkpt lat="35.836592987179756" lon="139.23382527194917"><ele>343.79998779296875</ele><time>2026-01-18T01:29:04.000Z</time><extensions/></trkpt><trkpt lat="35.8365682605654" lon="139.2339849472046"><ele>340.20001220703125</ele><time>2026-01-18T01:29:15.000Z</time><extensions/></trkpt><trkpt lat="35.83657965995371" lon="139.2340769805014"><ele>337.79998779296875</ele><time>2026-01-18T01:29:23.000Z</time><extensions/></trkpt><trkpt lat="35.83657211624086" lon="139.2341953329742"><ele>335.20001220703125</ele><time>2026-01-18T01:29:32.000Z</time><extensions/></trkpt><trkpt lat="35.83656742237508" lon="139.23421419225633"><ele>332.79998779296875</ele><time>2026-01-18T01:29:40.000Z</time><extensions/></trkpt><trkpt lat="35.836572954431176" lon="139.2342328839004"><ele>332.20001220703125</ele><time>2026-01-18T01:29:57.000Z</time><extensions/></trkpt><trkpt lat="35.83661369048059" lon="139.2343097459525"><ele>331.79998779296875</ele><time>2026-01-18T01:30:04.000Z</time><extensions/></trkpt><trkpt lat="35.83665559999645" lon="139.2343591991812"><ele>330.79998779296875</ele><time>2026-01-18T01:30:11.000Z</time><extensions/></trkpt><trkpt lat="35.836667753756046" lon="139.23441728577018"><ele>329.5999755859375</ele><time>2026-01-18T01:30:18.000Z</time><extensions/></trkpt><trkpt lat="35.8366787340492" lon="139.234448550269"><ele>327.79998779296875</ele><time>2026-01-18T01:30:28.000Z</time><extensions/></trkpt><trkpt lat="35.83673145622015" lon="139.23446028493345"><ele>327.0</ele><time>2026-01-18T01:31:05.000Z</time><extensions/></trkpt><trkpt lat="35.836735563352704" lon="139.23446891829371"><ele>327.0</ele><time>2026-01-18T01:31:06.000Z</time><extensions/></trkpt><trkpt lat="35.83674595691264" lon="139.2344900406897"><ele>327.20001220703125</ele><time>2026-01-18T01:31:08.000Z</time><extensions/></trkpt><trkpt lat="35.83681946620345" lon="139.23454703763127"><ele>327.79998779296875</ele><time>2026-01-18T01:31:17.000Z</time><extensions/></trkpt><trkpt lat="35.83689222112298" lon="139.23455986194313"><ele>327.20001220703125</ele><time>2026-01-18T01:31:25.000Z</time><extensions/></trkpt><trkpt lat="35.83690236322582" lon="139.23455592244864"><ele>325.79998779296875</ele><time>2026-01-18T01:31:39.000Z</time><extensions/></trkpt><trkpt lat="35.83691409789026" lon="139.2345600295812"><ele>322.5999755859375</ele><time>2026-01-18T01:32:03.000Z</time><extensions/></trkpt><trkpt lat="35.83692457526922" lon="139.23457134515047"><ele>321.4000244140625</ele><time>2026-01-18T01:32:23.000Z</time><extensions/></trkpt><trkpt lat="35.83691409789026" lon="139.2346195410937"><ele>321.20001220703125</ele><time>2026-01-18T01:32:35.000Z</time><extensions/></trkpt><trkpt lat="35.836884593591094" lon="139.23468592576683"><ele>319.5999755859375</ele><time>2026-01-18T01:32:46.000Z</time><extensions/></trkpt><trkpt lat="35.83685114979744" lon="139.234739234671"><ele>317.20001220703125</ele><time>2026-01-18T01:32:57.000Z</time><extensions/></trkpt><trkpt lat="35.836839750409126" lon="139.23476924188435"><ele>314.79998779296875</ele><time>2026-01-18T01:33:07.000Z</time><extensions/></trkpt><trkpt lat="35.83690303377807" lon="139.23481282778084"><ele>312.79998779296875</ele><time>2026-01-18T01:33:16.000Z</time><extensions/></trkpt><trkpt lat="35.83697629161179" lon="139.23484635539353"><ele>310.20001220703125</ele><time>2026-01-18T01:33:27.000Z</time><extensions/></trkpt><trkpt lat="35.8369895350188" lon="139.23486068844795"><ele>309.5999755859375</ele><time>2026-01-18T01:33:30.000Z</time><extensions/></trkpt><trkpt lat="35.83700504153967" lon="139.2349099740386"><ele>308.79998779296875</ele><time>2026-01-18T01:33:34.000Z</time><extensions/></trkpt><trkpt lat="35.83702524192631" lon="139.23496462404728"><ele>308.0</ele><time>2026-01-18T01:33:39.000Z</time><extensions/></trkpt><trkpt lat="35.837073689326644" lon="139.23505933955312"><ele>306.0</ele><time>2026-01-18T01:33:47.000Z</time><extensions/></trkpt><trkpt lat="35.83711249753833" lon="139.23515539616346"><ele>303.79998779296875</ele><time>2026-01-18T01:33:55.000Z</time><extensions/></trkpt><trkpt lat="35.837097661569715" lon="139.2352469265461"><ele>301.20001220703125</ele><time>2026-01-18T01:34:07.000Z</time><extensions/></trkpt><trkpt lat="35.83710143342614" lon="139.23537282273173"><ele>299.4000244140625</ele><time>2026-01-18T01:34:17.000Z</time><extensions/></trkpt><trkpt lat="35.83713412284851" lon="139.23541666008532"><ele>298.5999755859375</ele><time>2026-01-18T01:34:22.000Z</time><extensions/></trkpt><trkpt lat="35.837237471714616" lon="139.23548379912972"><ele>297.5999755859375</ele><time>2026-01-18T01:34:32.000Z</time><extensions/></trkpt><trkpt lat="35.837247194722295" lon="139.2354937735945"><ele>297.5999755859375</ele><time>2026-01-18T01:34:33.000Z</time><extensions/></trkpt><trkpt lat="35.837269155308604" lon="139.2356116231531"><ele>297.4000244140625</ele><time>2026-01-18T01:34:42.000Z</time><extensions/></trkpt><trkpt lat="35.83730159327388" lon="139.23572788015008"><ele>295.5999755859375</ele><time>2026-01-18T01:34:51.000Z</time><extensions/></trkpt><trkpt lat="35.83735146559775" lon="139.23582829535007"><ele>294.20001220703125</ele><time>2026-01-18T01:34:59.000Z</time><extensions/></trkpt><trkpt lat="35.83736219443381" lon="139.23585369251668"><ele>294.0</ele><time>2026-01-18T01:35:01.000Z</time><extensions/></trkpt><trkpt lat="35.83739832043648" lon="139.23589057289064"><ele>293.5999755859375</ele><time>2026-01-18T01:35:05.000Z</time><extensions/></trkpt><trkpt lat="35.837483732029796" lon="139.23595041967928"><ele>293.4000244140625</ele><time>2026-01-18T01:35:13.000Z</time><extensions/></trkpt><trkpt lat="35.83749337121844" lon="139.2359744757414"><ele>293.4000244140625</ele><time>2026-01-18T01:35:15.000Z</time><extensions/></trkpt><trkpt lat="35.83754349499941" lon="139.23608251847327"><ele>291.4000244140625</ele><time>2026-01-18T01:35:22.000Z</time><extensions/></trkpt><trkpt lat="35.83755414001644" lon="139.23609542660415"><ele>290.79998779296875</ele><time>2026-01-18T01:35:23.000Z</time><extensions/></trkpt><trkpt lat="35.83762505091727" lon="139.23618712462485"><ele>288.5999755859375</ele><time>2026-01-18T01:35:31.000Z</time><extensions/></trkpt><trkpt lat="35.837698141112924" lon="139.23624898307025"><ele>288.5999755859375</ele><time>2026-01-18T01:35:39.000Z</time><extensions/></trkpt><trkpt lat="35.83773594349623" lon="139.23631075769663"><ele>287.4000244140625</ele><time>2026-01-18T01:35:46.000Z</time><extensions/></trkpt><trkpt lat="35.83774189464748" lon="139.23633271828294"><ele>287.4000244140625</ele><time>2026-01-18T01:35:48.000Z</time><extensions/></trkpt><trkpt lat="35.83776636980474" lon="139.2364158667624"><ele>287.4000244140625</ele><time>2026-01-18T01:35:54.000Z</time><extensions/></trkpt><trkpt lat="35.83779872395098" lon="139.23644528724253"><ele>286.5999755859375</ele><time>2026-01-18T01:35:58.000Z</time><extensions/></trkpt><trkpt lat="35.83781096152961" lon="139.23646842129529"><ele>285.5999755859375</ele><time>2026-01-18T01:36:00.000Z</time><extensions/></trkpt><trkpt lat="35.83787474781275" lon="139.23654251731932"><ele>282.79998779296875</ele><time>2026-01-18T01:36:10.000Z</time><extensions/></trkpt><trkpt lat="35.8378738258034" lon="139.2365453671664"><ele>282.5999755859375</ele><time>2026-01-18T01:36:19.000Z</time><extensions/></trkpt><trkpt lat="35.8378891646862" lon="139.23657252453268"><ele>282.4000244140625</ele><time>2026-01-18T01:36:22.000Z</time><extensions/></trkpt><trkpt lat="35.83796929568052" lon="139.23667629249394"><ele>281.79998779296875</ele><time>2026-01-18T01:36:32.000Z</time><extensions/></trkpt><trkpt lat="35.83797734230757" lon="139.2366856802255"><ele>281.5999755859375</ele><time>2026-01-18T01:36:33.000Z</time><extensions/></trkpt><trkpt lat="35.83806526847184" lon="139.23674242570996"><ele>280.5999755859375</ele><time>2026-01-18T01:36:40.000Z</time><extensions/></trkpt><trkpt lat="35.83816459402442" lon="139.2368421703577"><ele>279.5999755859375</ele><time>2026-01-18T01:36:49.000Z</time><extensions/></trkpt><trkpt lat="35.83824975416064" lon="139.23692129552364"><ele>278.4000244140625</ele><time>2026-01-18T01:36:57.000Z</time><extensions/></trkpt><trkpt lat="35.83831018768251" lon="139.23702539876103"><ele>277.4000244140625</ele><time>2026-01-18T01:37:06.000Z</time><extensions/></trkpt><trkpt lat="35.83834354765713" lon="139.23717023804784"><ele>276.20001220703125</ele><time>2026-01-18T01:37:15.000Z</time><extensions/></trkpt><trkpt lat="35.83836919628084" lon="139.23728465102613"><ele>274.79998779296875</ele><time>2026-01-18T01:37:23.000Z</time><extensions/></trkpt><trkpt lat="35.838404316455126" lon="139.2373413965106"><ele>273.79998779296875</ele><time>2026-01-18T01:37:30.000Z</time><extensions/></trkpt><trkpt lat="35.838408255949616" lon="139.23735371790826"><ele>273.20001220703125</ele><time>2026-01-18T01:37:48.000Z</time><extensions/></trkpt><trkpt lat="35.83844698034227" lon="139.23739839345217"><ele>273.20001220703125</ele><time>2026-01-18T01:38:03.000Z</time><extensions/></trkpt><trkpt lat="35.83839283324778" lon="139.23736503347754"><ele>273.20001220703125</ele><time>2026-01-18T01:38:58.000Z</time><extensions/></trkpt><trkpt lat="35.83831085823476" lon="139.2374383751303"><ele>271.79998779296875</ele><time>2026-01-18T01:39:53.000Z</time><extensions/></trkpt><trkpt lat="35.83829057402909" lon="139.23745178617537"><ele>271.4000244140625</ele><time>2026-01-18T01:39:55.000Z</time><extensions/></trkpt><trkpt lat="35.83816476166248" lon="139.23752227798104"><ele>272.5999755859375</ele><time>2026-01-18T01:40:10.000Z</time><extensions/></trkpt><trkpt lat="35.83804163150489" lon="139.2375903390348"><ele>275.79998779296875</ele><time>2026-01-18T01:40:24.000Z</time><extensions/></trkpt><trkpt lat="35.83798329345882" lon="139.23763166181743"><ele>278.0</ele><time>2026-01-18T01:40:37.000Z</time><extensions/></trkpt><trkpt lat="35.837941970676184" lon="139.23770039342344"><ele>281.20001220703125</ele><time>2026-01-18T01:40:52.000Z</time><extensions/></trkpt><trkpt lat="35.83787499926984" lon="139.23774221912026"><ele>283.20001220703125</ele><time>2026-01-18T01:41:04.000Z</time><extensions/></trkpt><trkpt lat="35.83779914304614" lon="139.23781086690724"><ele>286.20001220703125</ele><time>2026-01-18T01:41:20.000Z</time><extensions/></trkpt><trkpt lat="35.83779872395098" lon="139.2378601524979"><ele>289.0</ele><time>2026-01-18T01:41:34.000Z</time><extensions/></trkpt><trkpt lat="35.83780744113028" lon="139.237865768373"><ele>290.79998779296875</ele><time>2026-01-18T01:41:52.000Z</time><extensions/></trkpt><trkpt lat="35.83788078278303" lon="139.2379098571837"><ele>293.20001220703125</ele><time>2026-01-18T01:42:46.000Z</time><extensions/></trkpt><trkpt lat="35.83798237144947" lon="139.2378662712872"><ele>295.79998779296875</ele><time>2026-01-18T01:42:58.000Z</time><extensions/></trkpt><trkpt lat="35.838040793314576" lon="139.23786912113428"><ele>297.79998779296875</ele><time>2026-01-18T01:43:08.000Z</time><extensions/></trkpt><trkpt lat="35.8381050825119" lon="139.23791924491525"><ele>300.79998779296875</ele><time>2026-01-18T01:43:23.000Z</time><extensions/></trkpt><trkpt lat="35.838089492172" lon="139.23794682137668"><ele>303.5999755859375</ele><time>2026-01-18T01:43:36.000Z</time><extensions/></trkpt><trkpt lat="35.83804498426616" lon="139.2380306404084"><ele>306.20001220703125</ele><time>2026-01-18T01:43:48.000Z</time><extensions/></trkpt><trkpt lat="35.8380704652518" lon="139.23807975836098"><ele>308.20001220703125</ele><time>2026-01-18T01:43:57.000Z</time><extensions/></trkpt><trkpt lat="35.83808823488653" lon="139.23813248053193"><ele>311.20001220703125</ele><time>2026-01-18T01:44:12.000Z</time><extensions/></trkpt><trkpt lat="35.83810013718903" lon="139.23818545415998"><ele>314.20001220703125</ele><time>2026-01-18T01:44:27.000Z</time><extensions/></trkpt><trkpt lat="35.83809577859938" lon="139.2382666748017"><ele>317.0</ele><time>2026-01-18T01:44:39.000Z</time><extensions/></trkpt><trkpt lat="35.83807012997568" lon="139.2383522540331"><ele>319.0</ele><time>2026-01-18T01:44:51.000Z</time><extensions/></trkpt><trkpt lat="35.83802646026015" lon="139.23840262927115"><ele>321.20001220703125</ele><time>2026-01-18T01:45:03.000Z</time><extensions/></trkpt><trkpt lat="35.83797013387084" lon="139.23844202421606"><ele>324.20001220703125</ele><time>2026-01-18T01:45:17.000Z</time><extensions/></trkpt><trkpt lat="35.837943982332945" lon="139.2384720314294"><ele>326.0</ele><time>2026-01-18T01:45:26.000Z</time><extensions/></trkpt><trkpt lat="35.83788279443979" lon="139.238486783579"><ele>327.0</ele><time>2026-01-18T01:45:33.000Z</time><extensions/></trkpt><trkpt lat="35.83774331957102" lon="139.23849005252123"><ele>326.79998779296875</ele><time>2026-01-18T01:45:44.000Z</time><extensions/></trkpt><trkpt lat="35.837647849693894" lon="139.23849583603442"><ele>327.79998779296875</ele><time>2026-01-18T01:45:56.000Z</time><extensions/></trkpt><trkpt lat="35.837539471685886" lon="139.23849189653993"><ele>329.79998779296875</ele><time>2026-01-18T01:46:11.000Z</time><extensions/></trkpt><trkpt lat="35.83746353164315" lon="139.23852609470487"><ele>332.79998779296875</ele><time>2026-01-18T01:46:23.000Z</time><extensions/></trkpt><trkpt lat="35.83738239482045" lon="139.2385647352785"><ele>334.5999755859375</ele><time>2026-01-18T01:46:33.000Z</time><extensions/></trkpt><trkpt lat="35.837278123945" lon="139.2386197205633"><ele>335.5999755859375</ele><time>2026-01-18T01:46:44.000Z</time><extensions/></trkpt><trkpt lat="35.83720679394901" lon="139.23865106888115"><ele>337.20001220703125</ele><time>2026-01-18T01:46:52.000Z</time><extensions/></trkpt><trkpt lat="35.83719606511295" lon="139.2386593669653"><ele>338.79998779296875</ele><time>2026-01-18T01:47:02.000Z</time><extensions/></trkpt><trkpt lat="35.83710755221546" lon="139.23868811689317"><ele>339.4000244140625</ele><time>2026-01-18T01:47:15.000Z</time><extensions/></trkpt><trkpt lat="35.8370294328779" lon="139.23870848491788"><ele>340.4000244140625</ele><time>2026-01-18T01:47:24.000Z</time><extensions/></trkpt><trkpt lat="35.83703429438174" lon="139.2387024499476"><ele>341.0</ele><time>2026-01-18T01:47:36.000Z</time><extensions/></trkpt><trkpt lat="35.83697184920311" lon="139.23879582434893"><ele>340.20001220703125</ele><time>2026-01-18T01:47:47.000Z</time><extensions/></trkpt><trkpt lat="35.836895322427154" lon="139.23885567113757"><ele>338.0</ele><time>2026-01-18T01:47:56.000Z</time><extensions/></trkpt><trkpt lat="35.83686196245253" lon="139.23892616294324"><ele>335.20001220703125</ele><time>2026-01-18T01:48:05.000Z</time><extensions/></trkpt><trkpt lat="35.83684779703617" lon="139.23901442438364"><ele>332.0</ele><time>2026-01-18T01:48:15.000Z</time><extensions/></trkpt><trkpt lat="35.83681653253734" lon="139.239081479609"><ele>329.0</ele><time>2026-01-18T01:48:26.000Z</time><extensions/></trkpt><trkpt lat="35.8368238247931" lon="139.23915197141469"><ele>327.20001220703125</ele><time>2026-01-18T01:48:34.000Z</time><extensions/></trkpt><trkpt lat="35.836862716823816" lon="139.23929748125374"><ele>324.0</ele><time>2026-01-18T01:48:46.000Z</time><extensions/></trkpt><trkpt lat="35.836901189759374" lon="139.23939102329314"><ele>321.79998779296875</ele><time>2026-01-18T01:48:57.000Z</time><extensions/></trkpt><trkpt lat="35.836931029334664" lon="139.23950962722301"><ele>320.4000244140625</ele><time>2026-01-18T01:49:07.000Z</time><extensions/></trkpt><trkpt lat="35.83693262189627" lon="139.23958632163703"><ele>318.20001220703125</ele><time>2026-01-18T01:49:19.000Z</time><extensions/></trkpt><trkpt lat="35.83687948063016" lon="139.23957626335323"><ele>316.4000244140625</ele><time>2026-01-18T01:49:32.000Z</time><extensions/></trkpt><trkpt lat="35.83687948063016" lon="139.23957626335323"><ele>313.4000244140625</ele><time>2026-01-18T01:50:03.000Z</time><extensions/></trkpt><trkpt lat="35.83681393414736" lon="139.23952957615256"><ele>311.5999755859375</ele><time>2026-01-18T01:50:21.000Z</time><extensions/></trkpt><trkpt lat="35.83681393414736" lon="139.23952957615256"><ele>308.5999755859375</ele><time>2026-01-18T01:50:51.000Z</time><extensions/></trkpt><trkpt lat="35.836779652163386" lon="139.23955857753754"><ele>308.20001220703125</ele><time>2026-01-18T01:51:04.000Z</time><extensions/></trkpt><trkpt lat="35.83676749840379" lon="139.2395851481706"><ele>307.4000244140625</ele><time>2026-01-18T01:51:10.000Z</time><extensions/></trkpt><trkpt lat="35.836764480918646" lon="139.23958397470415"><ele>304.20001220703125</ele><time>2026-01-18T01:51:28.000Z</time><extensions/></trkpt><trkpt lat="35.836709160357714" lon="139.23957827501"><ele>303.0</ele><time>2026-01-18T01:51:37.000Z</time><extensions/></trkpt><trkpt lat="35.83662894554436" lon="139.23952077515423"><ele>300.79998779296875</ele><time>2026-01-18T01:51:49.000Z</time><extensions/></trkpt><trkpt lat="35.83659617230296" lon="139.23951976932585"><ele>299.0</ele><time>2026-01-18T01:52:00.000Z</time><extensions/></trkpt><trkpt lat="35.83654043264687" lon="139.23957718536258"><ele>298.0</ele><time>2026-01-18T01:52:32.000Z</time><extensions/></trkpt><trkpt lat="35.8365304581821" lon="139.23958363942802"><ele>297.79998779296875</ele><time>2026-01-18T01:52:33.000Z</time><extensions/></trkpt><trkpt lat="35.8364421967417" lon="139.23957182094455"><ele>296.5999755859375</ele><time>2026-01-18T01:52:44.000Z</time><extensions/></trkpt><trkpt lat="35.83637363277376" lon="139.2395901773125"><ele>297.20001220703125</ele><time>2026-01-18T01:52:53.000Z</time><extensions/></trkpt><trkpt lat="35.83636139519513" lon="139.23959487117827"><ele>297.4000244140625</ele><time>2026-01-18T01:53:03.000Z</time><extensions/></trkpt><trkpt lat="35.836353516206145" lon="139.23962705768645"><ele>297.4000244140625</ele><time>2026-01-18T01:53:06.000Z</time><extensions/></trkpt><trkpt lat="35.83633868023753" lon="139.23970006406307"><ele>297.20001220703125</ele><time>2026-01-18T01:53:15.000Z</time><extensions/></trkpt><trkpt lat="35.8363076671958" lon="139.23979494720697"><ele>296.20001220703125</ele><time>2026-01-18T01:53:41.000Z</time><extensions/></trkpt><trkpt lat="35.83628788590431" lon="139.23983073793352"><ele>296.0</ele><time>2026-01-18T01:53:44.000Z</time><extensions/></trkpt><trkpt lat="35.8362730499357" lon="139.23993651755154"><ele>295.79998779296875</ele><time>2026-01-18T01:53:52.000Z</time><extensions/></trkpt><trkpt lat="35.8362730499357" lon="139.24005654640496"><ele>295.5999755859375</ele><time>2026-01-18T01:54:01.000Z</time><extensions/></trkpt><trkpt lat="35.83628729917109" lon="139.24015545286238"><ele>295.79998779296875</ele><time>2026-01-18T01:54:09.000Z</time><extensions/></trkpt><trkpt lat="35.83627103827894" lon="139.2402117792517"><ele>297.20001220703125</ele><time>2026-01-18T01:54:16.000Z</time><extensions/></trkpt><trkpt lat="35.83625796250999" lon="139.2402181494981"><ele>298.4000244140625</ele><time>2026-01-18T01:54:25.000Z</time><extensions/></trkpt><trkpt lat="35.836276486516" lon="139.2402392718941"><ele>298.79998779296875</ele><time>2026-01-18T01:54:32.000Z</time><extensions/></trkpt><trkpt lat="35.83624974824488" lon="139.2402860429138"><ele>299.4000244140625</ele><time>2026-01-18T01:54:43.000Z</time><extensions/></trkpt><trkpt lat="35.836196187883615" lon="139.2403330653906"><ele>299.79998779296875</ele><time>2026-01-18T01:54:52.000Z</time><extensions/></trkpt><trkpt lat="35.836141873151064" lon="139.2404049821198"><ele>303.20001220703125</ele><time>2026-01-18T01:55:05.000Z</time><extensions/></trkpt><trkpt lat="35.83606735803187" lon="139.24043691717088"><ele>306.20001220703125</ele><time>2026-01-18T01:55:17.000Z</time><extensions/></trkpt><trkpt lat="35.83604606799781" lon="139.24045242369175"><ele>308.0</ele><time>2026-01-18T01:55:30.000Z</time><extensions/></trkpt><trkpt lat="35.83599988371134" lon="139.2404784914106"><ele>308.5999755859375</ele><time>2026-01-18T01:55:43.000Z</time><extensions/></trkpt><trkpt lat="35.83596006967127" lon="139.24051688052714"><ele>310.79998779296875</ele><time>2026-01-18T01:55:54.000Z</time><extensions/></trkpt><trkpt lat="35.83591681905091" lon="139.24056096933782"><ele>312.5999755859375</ele><time>2026-01-18T01:56:09.000Z</time><extensions/></trkpt><trkpt lat="35.83587306551635" lon="139.24060472287238"><ele>313.79998779296875</ele><time>2026-01-18T01:56:19.000Z</time><extensions/></trkpt><trkpt lat="35.83585102111101" lon="139.24065006896853"><ele>315.5999755859375</ele><time>2026-01-18T01:56:29.000Z</time><extensions/></trkpt><trkpt lat="35.835841465741396" lon="139.2407284397632"><ele>318.0</ele><time>2026-01-18T01:56:38.000Z</time><extensions/></trkpt><trkpt lat="35.83583685569465" lon="139.240804547444"><ele>319.0</ele><time>2026-01-18T01:56:49.000Z</time><extensions/></trkpt><trkpt lat="35.835836017504334" lon="139.24081049859524"><ele>319.0</ele><time>2026-01-18T01:56:59.000Z</time><extensions/></trkpt><trkpt lat="35.835782792419195" lon="139.24084402620792"><ele>319.4000244140625</ele><time>2026-01-18T01:57:04.000Z</time><extensions/></trkpt><trkpt lat="35.8356667868793" lon="139.24091854132712"><ele>320.20001220703125</ele><time>2026-01-18T01:57:16.000Z</time><extensions/></trkpt><trkpt lat="35.83562362007797" lon="139.24097126349807"><ele>321.5999755859375</ele><time>2026-01-18T01:57:25.000Z</time><extensions/></trkpt><trkpt lat="35.835632337257266" lon="139.24095273949206"><ele>323.20001220703125</ele><time>2026-01-18T01:57:33.000Z</time><extensions/></trkpt><trkpt lat="35.83570576272905" lon="139.2409264203161"><ele>322.20001220703125</ele><time>2026-01-18T01:57:43.000Z</time><extensions/></trkpt><trkpt lat="35.83569855429232" lon="139.24097813665867"><ele>322.20001220703125</ele><time>2026-01-18T01:57:53.000Z</time><extensions/></trkpt><trkpt lat="35.83564759232104" lon="139.24106505699456"><ele>325.5999755859375</ele><time>2026-01-18T01:58:08.000Z</time><extensions/></trkpt><trkpt lat="35.83568715490401" lon="139.2411074694246"><ele>328.4000244140625</ele><time>2026-01-18T01:58:21.000Z</time><extensions/></trkpt><trkpt lat="35.83576384931803" lon="139.24113077111542"><ele>330.5999755859375</ele><time>2026-01-18T01:58:34.000Z</time><extensions/></trkpt><trkpt lat="35.835829228162766" lon="139.24116119742393"><ele>333.20001220703125</ele><time>2026-01-18T01:58:46.000Z</time><extensions/></trkpt><trkpt lat="35.83579075522721" lon="139.2411964852363"><ele>335.0</ele><time>2026-01-18T01:59:03.000Z</time><extensions/></trkpt><trkpt lat="35.83578052930534" lon="139.24120218493044"><ele>335.0</ele><time>2026-01-18T01:59:04.000Z</time><extensions/></trkpt><trkpt lat="35.83563451655209" lon="139.24129128456116"><ele>335.79998779296875</ele><time>2026-01-18T01:59:18.000Z</time><extensions/></trkpt><trkpt lat="35.83554591983557" lon="139.24132212996483"><ele>338.5999755859375</ele><time>2026-01-18T01:59:31.000Z</time><extensions/></trkpt><trkpt lat="35.8354770205915" lon="139.24135205335915"><ele>341.5999755859375</ele><time>2026-01-18T01:59:42.000Z</time><extensions/></trkpt><trkpt lat="35.83542714826763" lon="139.24140888266265"><ele>344.20001220703125</ele><time>2026-01-18T01:59:54.000Z</time><extensions/></trkpt><trkpt lat="35.83543075248599" lon="139.24140217714012"><ele>344.5999755859375</ele><time>2026-01-18T02:00:03.000Z</time><extensions/></trkpt><trkpt lat="35.83543075248599" lon="139.24140217714012"><ele>344.79998779296875</ele><time>2026-01-18T02:00:10.000Z</time><extensions/></trkpt><trkpt lat="35.83542136475444" lon="139.2414166778326"><ele>344.79998779296875</ele><time>2026-01-18T02:00:12.000Z</time><extensions/></trkpt><trkpt lat="35.83541717380285" lon="139.24142916686833"><ele>344.79998779296875</ele><time>2026-01-18T02:00:13.000Z</time><extensions/></trkpt><trkpt lat="35.83541105501354" lon="139.24143905751407"><ele>344.5999755859375</ele><time>2026-01-18T02:00:14.000Z</time><extensions/></trkpt><trkpt lat="35.83540476858616" lon="139.24145146273077"><ele>344.5999755859375</ele><time>2026-01-18T02:00:15.000Z</time><extensions/></trkpt><trkpt lat="35.83537274971604" lon="139.24157199449837"><ele>344.20001220703125</ele><time>2026-01-18T02:00:27.000Z</time><extensions/></trkpt><trkpt lat="35.835336120799184" lon="139.24174684099853"><ele>343.20001220703125</ele><time>2026-01-18T02:00:40.000Z</time><extensions/></trkpt><trkpt lat="35.83532027900219" lon="139.24191422760487"><ele>342.0</ele><time>2026-01-18T02:00:50.000Z</time><extensions/></trkpt><trkpt lat="35.83533846773207" lon="139.2419883236289"><ele>342.0</ele><time>2026-01-18T02:00:58.000Z</time><extensions/></trkpt><trkpt lat="35.835301419720054" lon="139.2420633416623"><ele>343.20001220703125</ele><time>2026-01-18T02:01:09.000Z</time><extensions/></trkpt><trkpt lat="35.8352732565254" lon="139.24209963530302"><ele>344.0</ele><time>2026-01-18T02:01:22.000Z</time><extensions/></trkpt><trkpt lat="35.835196394473314" lon="139.2422214243561"><ele>343.79998779296875</ele><time>2026-01-18T02:01:34.000Z</time><extensions/></trkpt><trkpt lat="35.83520544692874" lon="139.24220675602555"><ele>344.0</ele><time>2026-01-18T02:01:38.000Z</time><extensions/></trkpt><trkpt lat="35.835219360888004" lon="139.2421645950526"><ele>344.5999755859375</ele><time>2026-01-18T02:01:41.000Z</time><extensions/></trkpt><trkpt lat="35.83526462316513" lon="139.2421008925885"><ele>344.5999755859375</ele><time>2026-01-18T02:01:47.000Z</time><extensions/></trkpt><trkpt lat="35.83527426235378" lon="139.2420903313905"><ele>344.5999755859375</ele><time>2026-01-18T02:01:48.000Z</time><extensions/></trkpt><trkpt lat="35.83528616465628" lon="139.2420805245638"><ele>344.4000244140625</ele><time>2026-01-18T02:01:49.000Z</time><extensions/></trkpt><trkpt lat="35.835298988968134" lon="139.24207398667932"><ele>344.4000244140625</ele><time>2026-01-18T02:01:50.000Z</time><extensions/></trkpt><trkpt lat="35.83531189709902" lon="139.24207147210836"><ele>344.4000244140625</ele><time>2026-01-18T02:01:51.000Z</time><extensions/></trkpt><trkpt lat="35.83532413467765" lon="139.24207197502255"><ele>344.4000244140625</ele><time>2026-01-18T02:01:52.000Z</time><extensions/></trkpt><trkpt lat="35.835333690047264" lon="139.2420768365264"><ele>344.4000244140625</ele><time>2026-01-18T02:01:53.000Z</time><extensions/></trkpt><trkpt lat="35.83534282632172" lon="139.2420845478773"><ele>344.4000244140625</ele><time>2026-01-18T02:01:54.000Z</time><extensions/></trkpt><trkpt lat="35.83538431674242" lon="139.24214841797948"><ele>344.0</ele><time>2026-01-18T02:02:00.000Z</time><extensions/></trkpt><trkpt lat="35.83544642664492" lon="139.2422468215227"><ele>345.4000244140625</ele><time>2026-01-18T02:02:12.000Z</time><extensions/></trkpt><trkpt lat="35.83544206805527" lon="139.24232946708798"><ele>345.4000244140625</ele><time>2026-01-18T02:02:19.000Z</time><extensions/></trkpt><trkpt lat="35.83542136475444" lon="139.24245377071202"><ele>345.0</ele><time>2026-01-18T02:02:27.000Z</time><extensions/></trkpt><trkpt lat="35.83542136475444" lon="139.2424888908863"><ele>344.79998779296875</ele><time>2026-01-18T02:02:29.000Z</time><extensions/></trkpt><trkpt lat="35.83542773500085" lon="139.24250515177846"><ele>344.5999755859375</ele><time>2026-01-18T02:02:30.000Z</time><extensions/></trkpt><trkpt lat="35.83543762564659" lon="139.24260062165558"><ele>345.4000244140625</ele><time>2026-01-18T02:02:38.000Z</time><extensions/></trkpt><trkpt lat="35.83546428009868" lon="139.24270623363554"><ele>345.0</ele><time>2026-01-18T02:03:05.000Z</time><extensions/></trkpt><trkpt lat="35.835528150200844" lon="139.24276993609965"><ele>344.5999755859375</ele><time>2026-01-18T02:03:17.000Z</time><extensions/></trkpt><trkpt lat="35.83557978272438" lon="139.24280907958746"><ele>343.79998779296875</ele><time>2026-01-18T02:03:32.000Z</time><extensions/></trkpt><trkpt lat="35.8356443233788" lon="139.2428162880242"><ele>342.79998779296875</ele><time>2026-01-18T02:03:42.000Z</time><extensions/></trkpt><trkpt lat="35.835745660588145" lon="139.24293514341116"><ele>342.4000244140625</ele><time>2026-01-18T02:03:54.000Z</time><extensions/></trkpt><trkpt lat="35.835841381922364" lon="139.24312599934638"><ele>340.0</ele><time>2026-01-18T02:04:06.000Z</time><extensions/></trkpt><trkpt lat="35.835896199569106" lon="139.24325013533235"><ele>339.0</ele><time>2026-01-18T02:04:14.000Z</time><extensions/></trkpt><trkpt lat="35.83597465418279" lon="139.2433792166412"><ele>337.5999755859375</ele><time>2026-01-18T02:04:23.000Z</time><extensions/></trkpt><trkpt lat="35.836026119068265" lon="139.2434204556048"><ele>337.4000244140625</ele><time>2026-01-18T02:04:28.000Z</time><extensions/></trkpt><trkpt lat="35.83602896891534" lon="139.2435253970325"><ele>334.0</ele><time>2026-01-18T02:04:36.000Z</time><extensions/></trkpt><trkpt lat="35.8360587246716" lon="139.2434625327587"><ele>332.5999755859375</ele><time>2026-01-18T02:04:43.000Z</time><extensions/></trkpt><trkpt lat="35.83609728142619" lon="139.24333655275404"><ele>333.5999755859375</ele><time>2026-01-18T02:04:51.000Z</time><extensions/></trkpt><trkpt lat="35.83613474853337" lon="139.24327368848026"><ele>334.0</ele><time>2026-01-18T02:04:56.000Z</time><extensions/></trkpt><trkpt lat="35.83624337799847" lon="139.24322792328894"><ele>333.4000244140625</ele><time>2026-01-18T02:05:05.000Z</time><extensions/></trkpt><trkpt lat="35.836255280300975" lon="139.2432262469083"><ele>333.20001220703125</ele><time>2026-01-18T02:05:06.000Z</time><extensions/></trkpt><trkpt lat="35.83638888783753" lon="139.24328894354403"><ele>332.5999755859375</ele><time>2026-01-18T02:05:16.000Z</time><extensions/></trkpt><trkpt lat="35.83639785647392" lon="139.2432943917811"><ele>332.79998779296875</ele><time>2026-01-18T02:05:17.000Z</time><extensions/></trkpt><trkpt lat="35.836515789851546" lon="139.24334996379912"><ele>332.79998779296875</ele><time>2026-01-18T02:05:27.000Z</time><extensions/></trkpt><trkpt lat="35.83662215620279" lon="139.24340796656907"><ele>333.4000244140625</ele><time>2026-01-18T02:05:36.000Z</time><extensions/></trkpt><trkpt lat="35.8366684243083" lon="139.2434522230178"><ele>333.20001220703125</ele><time>2026-01-18T02:05:41.000Z</time><extensions/></trkpt><trkpt lat="35.836698431521654" lon="139.24356537871063"><ele>332.79998779296875</ele><time>2026-01-18T02:05:48.000Z</time><extensions/></trkpt><trkpt lat="35.836698934435844" lon="139.24362388439476"><ele>332.4000244140625</ele><time>2026-01-18T02:05:52.000Z</time><extensions/></trkpt><trkpt lat="35.836696084588766" lon="139.24365288577974"><ele>332.0</ele><time>2026-01-18T02:05:54.000Z</time><extensions/></trkpt><trkpt lat="35.83669465966523" lon="139.2436821386218"><ele>331.5999755859375</ele><time>2026-01-18T02:05:56.000Z</time><extensions/></trkpt><trkpt lat="35.8366908878088" lon="139.24372932873666"><ele>331.4000244140625</ele><time>2026-01-18T02:05:59.000Z</time><extensions/></trkpt><trkpt lat="35.83669859915972" lon="139.24375858157873"><ele>330.5999755859375</ele><time>2026-01-18T02:06:05.000Z</time><extensions/></trkpt><trkpt lat="35.83677646704018" lon="139.24391926266253"><ele>329.5999755859375</ele><time>2026-01-18T02:06:17.000Z</time><extensions/></trkpt><trkpt lat="35.83683128468692" lon="139.24411573447287"><ele>327.20001220703125</ele><time>2026-01-18T02:06:29.000Z</time><extensions/></trkpt><trkpt lat="35.83686145953834" lon="139.24417407251894"><ele>325.5999755859375</ele><time>2026-01-18T02:06:35.000Z</time><extensions/></trkpt><trkpt lat="35.83684394136071" lon="139.24429435282946"><ele>325.4000244140625</ele><time>2026-01-18T02:06:55.000Z</time><extensions/></trkpt><trkpt lat="35.836826926097274" lon="139.2443798482418"><ele>325.5999755859375</ele><time>2026-01-18T02:07:00.000Z</time><extensions/></trkpt><trkpt lat="35.836806893348694" lon="139.24444447271526"><ele>325.5999755859375</ele><time>2026-01-18T02:07:04.000Z</time><extensions/></trkpt><trkpt lat="35.83681703545153" lon="139.24455075524747"><ele>325.5999755859375</ele><time>2026-01-18T02:07:13.000Z</time><extensions/></trkpt><trkpt lat="35.83686087280512" lon="139.24464765004814"><ele>323.79998779296875</ele><time>2026-01-18T02:07:22.000Z</time><extensions/></trkpt><trkpt lat="35.83689565770328" lon="139.24474328756332"><ele>321.20001220703125</ele><time>2026-01-18T02:07:31.000Z</time><extensions/></trkpt><trkpt lat="35.83693907596171" lon="139.24483565613627"><ele>319.4000244140625</ele><time>2026-01-18T02:07:38.000Z</time><extensions/></trkpt><trkpt lat="35.83694268018007" lon="139.2449554335326"><ele>317.20001220703125</ele><time>2026-01-18T02:07:46.000Z</time><extensions/></trkpt><trkpt lat="35.83697243593633" lon="139.24509985372424"><ele>316.4000244140625</ele><time>2026-01-18T02:07:54.000Z</time><extensions/></trkpt><trkpt lat="35.83698651753366" lon="139.24519431777298"><ele>316.5999755859375</ele><time>2026-01-18T02:08:00.000Z</time><extensions/></trkpt><trkpt lat="35.83703337237239" lon="139.24528827890754"><ele>317.0</ele><time>2026-01-18T02:08:08.000Z</time><extensions/></trkpt><trkpt lat="35.8370793890208" lon="139.24539003521204"><ele>316.5999755859375</ele><time>2026-01-18T02:08:15.000Z</time><extensions/></trkpt><trkpt lat="35.83710587583482" lon="139.24552196636796"><ele>315.4000244140625</ele><time>2026-01-18T02:08:22.000Z</time><extensions/></trkpt><trkpt lat="35.837159771472216" lon="139.245643671602"><ele>314.5999755859375</ele><time>2026-01-18T02:08:32.000Z</time><extensions/></trkpt><trkpt lat="35.83715071901679" lon="139.2458410654217"><ele>317.4000244140625</ele><time>2026-01-18T02:08:47.000Z</time><extensions/></trkpt><trkpt lat="35.837134374305606" lon="139.24598104320467"><ele>317.5999755859375</ele><time>2026-01-18T02:09:01.000Z</time><extensions/></trkpt><trkpt lat="35.837134374305606" lon="139.24598104320467"><ele>317.5999755859375</ele><time>2026-01-18T02:09:02.000Z</time><extensions/></trkpt><trkpt lat="35.83710134960711" lon="139.24609537236392"><ele>317.0</ele><time>2026-01-18T02:09:10.000Z</time><extensions/></trkpt><trkpt lat="35.83708165213466" lon="139.2462298180908"><ele>313.79998779296875</ele><time>2026-01-18T02:09:22.000Z</time><extensions/></trkpt><trkpt lat="35.837067319080234" lon="139.24634221941233"><ele>310.5999755859375</ele><time>2026-01-18T02:09:30.000Z</time><extensions/></trkpt><trkpt lat="35.8370291814208" lon="139.24647733569145"><ele>307.5999755859375</ele><time>2026-01-18T02:09:39.000Z</time><extensions/></trkpt><trkpt lat="35.83699548617005" lon="139.24664564430714"><ele>304.5999755859375</ele><time>2026-01-18T02:09:50.000Z</time><extensions/></trkpt><trkpt lat="35.83702809177339" lon="139.24685284495354"><ele>303.4000244140625</ele><time>2026-01-18T02:10:05.000Z</time><extensions/></trkpt><trkpt lat="35.837057176977396" lon="139.24700799398124"><ele>302.0</ele><time>2026-01-18T02:10:16.000Z</time><extensions/></trkpt><trkpt lat="35.83705583587289" lon="139.24702282994986"><ele>302.0</ele><time>2026-01-18T02:10:17.000Z</time><extensions/></trkpt><trkpt lat="35.83711207844317" lon="139.24714654684067"><ele>301.0</ele><time>2026-01-18T02:10:26.000Z</time><extensions/></trkpt><trkpt lat="35.837183240801096" lon="139.24727185629308"><ele>300.20001220703125</ele><time>2026-01-18T02:10:34.000Z</time><extensions/></trkpt><trkpt lat="35.83721316419542" lon="139.24737269058824"><ele>299.79998779296875</ele><time>2026-01-18T02:10:41.000Z</time><extensions/></trkpt><trkpt lat="35.837249122560024" lon="139.24749397672713"><ele>300.0</ele><time>2026-01-18T02:10:50.000Z</time><extensions/></trkpt><trkpt lat="35.83727644756436" lon="139.24757226370275"><ele>301.79998779296875</ele><time>2026-01-18T02:10:59.000Z</time><extensions/></trkpt><trkpt lat="35.83729765377939" lon="139.24760922789574"><ele>302.5999755859375</ele><time>2026-01-18T02:11:02.000Z</time><extensions/></trkpt><trkpt lat="35.837416760623455" lon="139.24775121733546"><ele>304.79998779296875</ele><time>2026-01-18T02:11:16.000Z</time><extensions/></trkpt><trkpt lat="35.837474931031466" lon="139.24779756926"><ele>307.0</ele><time>2026-01-18T02:11:26.000Z</time><extensions/></trkpt><trkpt lat="35.83751214668155" lon="139.24788482487202"><ele>308.0</ele><time>2026-01-18T02:11:35.000Z</time><extensions/></trkpt><trkpt lat="35.837510051205754" lon="139.24807174131274"><ele>308.5999755859375</ele><time>2026-01-18T02:11:48.000Z</time><extensions/></trkpt><trkpt lat="35.83745556883514" lon="139.2482616752386"><ele>308.0</ele><time>2026-01-18T02:12:00.000Z</time><extensions/></trkpt><trkpt lat="35.837448947131634" lon="139.24839687533677"><ele>307.4000244140625</ele><time>2026-01-18T02:12:08.000Z</time><extensions/></trkpt><trkpt lat="35.83747115917504" lon="139.24844222143292"><ele>306.79998779296875</ele><time>2026-01-18T02:12:11.000Z</time><extensions/></trkpt><trkpt lat="35.837470572441816" lon="139.24857121892273"><ele>306.0</ele><time>2026-01-18T02:12:20.000Z</time><extensions/></trkpt><trkpt lat="35.83745908923447" lon="139.24864657223225"><ele>306.20001220703125</ele><time>2026-01-18T02:12:27.000Z</time><extensions/></trkpt><trkpt lat="35.83747518248856" lon="139.2488065827638"><ele>308.79998779296875</ele><time>2026-01-18T02:12:41.000Z</time><extensions/></trkpt><trkpt lat="35.837487168610096" lon="139.24890976399183"><ele>311.79998779296875</ele><time>2026-01-18T02:12:53.000Z</time><extensions/></trkpt><trkpt lat="35.83752094767988" lon="139.24904244951904"><ele>315.0</ele><time>2026-01-18T02:13:06.000Z</time><extensions/></trkpt><trkpt lat="35.837516924366355" lon="139.24923615530133"><ele>316.5999755859375</ele><time>2026-01-18T02:13:20.000Z</time><extensions/></trkpt><trkpt lat="35.83747912198305" lon="139.24930379725993"><ele>316.4000244140625</ele><time>2026-01-18T02:13:27.000Z</time><extensions/></trkpt><trkpt lat="35.837455317378044" lon="139.24935266375542"><ele>316.20001220703125</ele><time>2026-01-18T02:13:33.000Z</time><extensions/></trkpt><trkpt lat="35.83744442090392" lon="139.2493956629187"><ele>315.5999755859375</ele><time>2026-01-18T02:13:42.000Z</time><extensions/></trkpt><trkpt lat="35.837437296286225" lon="139.2494057212025"><ele>315.5999755859375</ele><time>2026-01-18T02:13:43.000Z</time><extensions/></trkpt><trkpt lat="35.83742975257337" lon="139.24941695295274"><ele>315.4000244140625</ele><time>2026-01-18T02:13:44.000Z</time><extensions/></trkpt><trkpt lat="35.83739169873297" lon="139.24952692352235"><ele>314.20001220703125</ele><time>2026-01-18T02:13:53.000Z</time><extensions/></trkpt><trkpt lat="35.83739404566586" lon="139.24959406256676"><ele>312.4000244140625</ele><time>2026-01-18T02:13:59.000Z</time><extensions/></trkpt><trkpt lat="35.837394716218114" lon="139.2496103234589"><ele>312.20001220703125</ele><time>2026-01-18T02:14:00.000Z</time><extensions/></trkpt><trkpt lat="35.837394716218114" lon="139.24962398596108"><ele>311.79998779296875</ele><time>2026-01-18T02:14:01.000Z</time><extensions/></trkpt><trkpt lat="35.83739505149424" lon="139.24963815137744"><ele>311.5999755859375</ele><time>2026-01-18T02:14:02.000Z</time><extensions/></trkpt><trkpt lat="35.83739697933197" lon="139.24965382553637"><ele>311.20001220703125</ele><time>2026-01-18T02:14:03.000Z</time><extensions/></trkpt><trkpt lat="35.837382059544325" lon="139.24975306726992"><ele>309.5999755859375</ele><time>2026-01-18T02:14:09.000Z</time><extensions/></trkpt><trkpt lat="35.83738633431494" lon="139.2497696634382"><ele>309.20001220703125</ele><time>2026-01-18T02:14:10.000Z</time><extensions/></trkpt><trkpt lat="35.83739052526653" lon="139.2498306836933"><ele>308.5999755859375</ele><time>2026-01-18T02:14:14.000Z</time><extensions/></trkpt><trkpt lat="35.837377198040485" lon="139.24993646331131"><ele>309.5999755859375</ele><time>2026-01-18T02:14:24.000Z</time><extensions/></trkpt><trkpt lat="35.83741315640509" lon="139.25004576332867"><ele>311.5999755859375</ele><time>2026-01-18T02:14:33.000Z</time><extensions/></trkpt><trkpt lat="35.83742187358439" lon="139.25005858764052"><ele>311.5999755859375</ele><time>2026-01-18T02:14:34.000Z</time><extensions/></trkpt><trkpt lat="35.83743126131594" lon="139.25007166340947"><ele>311.5999755859375</ele><time>2026-01-18T02:14:35.000Z</time><extensions/></trkpt><trkpt lat="35.837441654875875" lon="139.25008406862617"><ele>311.5999755859375</ele><time>2026-01-18T02:14:36.000Z</time><extensions/></trkpt><trkpt lat="35.83745104260743" lon="139.2500965576619"><ele>311.5999755859375</ele><time>2026-01-18T02:14:37.000Z</time><extensions/></trkpt><trkpt lat="35.83747551776469" lon="139.25013352185488"><ele>311.0</ele><time>2026-01-18T02:14:40.000Z</time><extensions/></trkpt><trkpt lat="35.837478283792734" lon="139.25014751963317"><ele>311.0</ele><time>2026-01-18T02:14:41.000Z</time><extensions/></trkpt><trkpt lat="35.83748934790492" lon="139.25023955293"><ele>309.5999755859375</ele><time>2026-01-18T02:14:48.000Z</time><extensions/></trkpt><trkpt lat="35.83751851692796" lon="139.25029302947223"><ele>307.4000244140625</ele><time>2026-01-18T02:14:56.000Z</time><extensions/></trkpt><trkpt lat="35.83751684054732" lon="139.25039738416672"><ele>305.79998779296875</ele><time>2026-01-18T02:15:07.000Z</time><extensions/></trkpt><trkpt lat="35.83747115917504" lon="139.25058052875102"><ele>303.20001220703125</ele><time>2026-01-18T02:15:18.000Z</time><extensions/></trkpt><trkpt lat="35.83745255135" lon="139.2507408745587"><ele>301.4000244140625</ele><time>2026-01-18T02:15:27.000Z</time><extensions/></trkpt><trkpt lat="35.83744743838906" lon="139.25089191645384"><ele>300.4000244140625</ele><time>2026-01-18T02:15:35.000Z</time><extensions/></trkpt><trkpt lat="35.83742204122245" lon="139.25102309323847"><ele>300.4000244140625</ele><time>2026-01-18T02:15:43.000Z</time><extensions/></trkpt><trkpt lat="35.837429417297244" lon="139.25110707990825"><ele>301.4000244140625</ele><time>2026-01-18T02:15:50.000Z</time><extensions/></trkpt><trkpt lat="35.837449450045824" lon="139.2512182239443"><ele>303.4000244140625</ele><time>2026-01-18T02:16:00.000Z</time><extensions/></trkpt><trkpt lat="35.837463699281216" lon="139.25125585868955"><ele>304.20001220703125</ele><time>2026-01-18T02:16:03.000Z</time><extensions/></trkpt><trkpt lat="35.837463196367025" lon="139.25126943737268"><ele>304.4000244140625</ele><time>2026-01-18T02:16:04.000Z</time><extensions/></trkpt><trkpt lat="35.83746537566185" lon="139.25128527916968"><ele>304.5999755859375</ele><time>2026-01-18T02:16:05.000Z</time><extensions/></trkpt><trkpt lat="35.83748549222946" lon="139.25135107710958"><ele>305.5999755859375</ele><time>2026-01-18T02:16:10.000Z</time><extensions/></trkpt><trkpt lat="35.83751047030091" lon="139.25140069797635"><ele>305.79998779296875</ele><time>2026-01-18T02:16:14.000Z</time><extensions/></trkpt><trkpt lat="35.83758221939206" lon="139.2514682561159"><ele>303.79998779296875</ele><time>2026-01-18T02:16:23.000Z</time><extensions/></trkpt><trkpt lat="35.83764717914164" lon="139.25151117146015"><ele>301.79998779296875</ele><time>2026-01-18T02:16:30.000Z</time><extensions/></trkpt><trkpt lat="35.8376597519964" lon="139.25151863135397"><ele>301.4000244140625</ele><time>2026-01-18T02:16:31.000Z</time><extensions/></trkpt><trkpt lat="35.837754383683205" lon="139.25155157223344"><ele>298.20001220703125</ele><time>2026-01-18T02:16:41.000Z</time><extensions/></trkpt><trkpt lat="35.83788421936333" lon="139.25154821947217"><ele>295.0</ele><time>2026-01-18T02:16:52.000Z</time><extensions/></trkpt><trkpt lat="35.83799125626683" lon="139.25157085061073"><ele>293.20001220703125</ele><time>2026-01-18T02:17:00.000Z</time><extensions/></trkpt><trkpt lat="35.838097874075174" lon="139.25161493942142"><ele>291.79998779296875</ele><time>2026-01-18T02:17:08.000Z</time><extensions/></trkpt><trkpt lat="35.838113548234105" lon="139.2516280990094"><ele>291.4000244140625</ele><time>2026-01-18T02:17:10.000Z</time><extensions/></trkpt><trkpt lat="35.838124277070165" lon="139.25164192914963"><ele>291.20001220703125</ele><time>2026-01-18T02:17:11.000Z</time><extensions/></trkpt><trkpt lat="35.83817046135664" lon="139.25170043483377"><ele>290.5999755859375</ele><time>2026-01-18T02:17:17.000Z</time><extensions/></trkpt><trkpt lat="35.83818202838302" lon="139.25170672126114"><ele>290.4000244140625</ele><time>2026-01-18T02:17:18.000Z</time><extensions/></trkpt><trkpt lat="35.83821253851056" lon="139.25173999741673"><ele>290.4000244140625</ele><time>2026-01-18T02:17:23.000Z</time><extensions/></trkpt><trkpt lat="35.83821455016732" lon="139.25175466574728"><ele>290.4000244140625</ele><time>2026-01-18T02:17:24.000Z</time><extensions/></trkpt><trkpt lat="35.83821974694729" lon="139.251769753173"><ele>290.4000244140625</ele><time>2026-01-18T02:17:25.000Z</time><extensions/></trkpt><trkpt lat="35.83825805224478" lon="139.25186019390821"><ele>290.79998779296875</ele><time>2026-01-18T02:17:32.000Z</time><extensions/></trkpt><trkpt lat="35.8382538612932" lon="139.25187452696264"><ele>291.0</ele><time>2026-01-18T02:17:33.000Z</time><extensions/></trkpt><trkpt lat="35.838257633149624" lon="139.25192113034427"><ele>291.0</ele><time>2026-01-18T02:17:37.000Z</time><extensions/></trkpt><trkpt lat="35.83826132118702" lon="139.25193554721773"><ele>291.0</ele><time>2026-01-18T02:17:38.000Z</time><extensions/></trkpt><trkpt lat="35.83826316520572" lon="139.2519856709987"><ele>290.5999755859375</ele><time>2026-01-18T02:17:42.000Z</time><extensions/></trkpt><trkpt lat="35.838258136063814" lon="139.25200226716697"><ele>290.4000244140625</ele><time>2026-01-18T02:17:43.000Z</time><extensions/></trkpt><trkpt lat="35.838253274559975" lon="139.25201919861138"><ele>290.20001220703125</ele><time>2026-01-18T02:17:44.000Z</time><extensions/></trkpt><trkpt lat="35.83825587294996" lon="139.25204769708216"><ele>288.79998779296875</ele><time>2026-01-18T02:17:50.000Z</time><extensions/></trkpt><trkpt lat="35.83826526068151" lon="139.25206404179335"><ele>287.79998779296875</ele><time>2026-01-18T02:18:03.000Z</time><extensions/></trkpt><trkpt lat="35.838266517966986" lon="139.25207586027682"><ele>287.79998779296875</ele><time>2026-01-18T02:18:04.000Z</time><extensions/></trkpt><trkpt lat="35.838268445804715" lon="139.25215473398566"><ele>287.79998779296875</ele><time>2026-01-18T02:18:10.000Z</time><extensions/></trkpt><trkpt lat="35.8382657635957" lon="139.2521680612117"><ele>287.79998779296875</ele><time>2026-01-18T02:18:11.000Z</time><extensions/></trkpt><trkpt lat="35.83825503475964" lon="139.25224115140736"><ele>287.79998779296875</ele><time>2026-01-18T02:18:16.000Z</time><extensions/></trkpt><trkpt lat="35.83825126290321" lon="139.25225598737597"><ele>287.79998779296875</ele><time>2026-01-18T02:18:17.000Z</time><extensions/></trkpt><trkpt lat="35.83824824541807" lon="139.2522708233446"><ele>287.79998779296875</ele><time>2026-01-18T02:18:18.000Z</time><extensions/></trkpt><trkpt lat="35.83824715577066" lon="139.25241733901203"><ele>288.79998779296875</ele><time>2026-01-18T02:18:28.000Z</time><extensions/></trkpt><trkpt lat="35.83823902532458" lon="139.2524339351803"><ele>289.0</ele><time>2026-01-18T02:18:29.000Z</time><extensions/></trkpt><trkpt lat="35.83823366090655" lon="139.25245204009116"><ele>289.0</ele><time>2026-01-18T02:18:30.000Z</time><extensions/></trkpt><trkpt lat="35.83818186074495" lon="139.25256326794624"><ele>288.5999755859375</ele><time>2026-01-18T02:18:38.000Z</time><extensions/></trkpt><trkpt lat="35.83815495483577" lon="139.25263359211385"><ele>288.20001220703125</ele><time>2026-01-18T02:18:43.000Z</time><extensions/></trkpt><trkpt lat="35.83814196288586" lon="139.25277759321034"><ele>286.5999755859375</ele><time>2026-01-18T02:18:52.000Z</time><extensions/></trkpt><trkpt lat="35.838117487728596" lon="139.25290122628212"><ele>285.20001220703125</ele><time>2026-01-18T02:19:00.000Z</time><extensions/></trkpt><trkpt lat="35.8380828704685" lon="139.25304464064538"><ele>284.20001220703125</ele><time>2026-01-18T02:19:10.000Z</time><extensions/></trkpt><trkpt lat="35.83806845359504" lon="139.2530695348978"><ele>284.4000244140625</ele><time>2026-01-18T02:19:12.000Z</time><extensions/></trkpt><trkpt lat="35.838057389482856" lon="139.25307992845774"><ele>284.4000244140625</ele><time>2026-01-18T02:19:13.000Z</time><extensions/></trkpt><trkpt lat="35.8379858918488" lon="139.25318378023803"><ele>285.5999755859375</ele><time>2026-01-18T02:19:22.000Z</time><extensions/></trkpt><trkpt lat="35.83797859959304" lon="139.25319643691182"><ele>285.79998779296875</ele><time>2026-01-18T02:19:23.000Z</time><extensions/></trkpt><trkpt lat="35.837972396984696" lon="139.25320976413786"><ele>285.79998779296875</ele><time>2026-01-18T02:19:24.000Z</time><extensions/></trkpt><trkpt lat="35.837977258488536" lon="139.25328712910414"><ele>287.20001220703125</ele><time>2026-01-18T02:19:32.000Z</time><extensions/></trkpt><trkpt lat="35.838034423068166" lon="139.25337933003902"><ele>289.20001220703125</ele><time>2026-01-18T02:19:43.000Z</time><extensions/></trkpt><trkpt lat="35.838037272915244" lon="139.25344579853117"><ele>290.0</ele><time>2026-01-18T02:19:48.000Z</time><extensions/></trkpt><trkpt lat="35.83804154768586" lon="139.2534606344998"><ele>290.20001220703125</ele><time>2026-01-18T02:19:49.000Z</time><extensions/></trkpt><trkpt lat="35.838045654818416" lon="139.2534775659442"><ele>290.20001220703125</ele><time>2026-01-18T02:19:50.000Z</time><extensions/></trkpt><trkpt lat="35.83804045803845" lon="139.25359063781798"><ele>291.4000244140625</ele><time>2026-01-18T02:19:58.000Z</time><extensions/></trkpt><trkpt lat="35.83800466731191" lon="139.25372349098325"><ele>291.5999755859375</ele><time>2026-01-18T02:20:07.000Z</time><extensions/></trkpt><trkpt lat="35.838000141084194" lon="139.25373455509543"><ele>291.5999755859375</ele><time>2026-01-18T02:20:08.000Z</time><extensions/></trkpt><trkpt lat="35.83799695596099" lon="139.2537521570921"><ele>291.5999755859375</ele><time>2026-01-18T02:20:09.000Z</time><extensions/></trkpt><trkpt lat="35.83799888379872" lon="139.25376917235553"><ele>291.5999755859375</ele><time>2026-01-18T02:20:10.000Z</time><extensions/></trkpt><trkpt lat="35.837999219074845" lon="139.2537841759622"><ele>291.4000244140625</ele><time>2026-01-18T02:20:11.000Z</time><extensions/></trkpt><trkpt lat="35.83797792904079" lon="139.25386019982398"><ele>291.20001220703125</ele><time>2026-01-18T02:20:17.000Z</time><extensions/></trkpt><trkpt lat="35.83796074613929" lon="139.2538859322667"><ele>291.20001220703125</ele><time>2026-01-18T02:20:19.000Z</time><extensions/></trkpt><trkpt lat="35.837955716997385" lon="139.2539136763662"><ele>291.4000244140625</ele><time>2026-01-18T02:20:21.000Z</time><extensions/></trkpt><trkpt lat="35.837927386164665" lon="139.2539929691702"><ele>292.4000244140625</ele><time>2026-01-18T02:20:30.000Z</time><extensions/></trkpt><trkpt lat="35.837933253496885" lon="139.25400847569108"><ele>293.79998779296875</ele><time>2026-01-18T02:20:43.000Z</time><extensions/></trkpt><trkpt lat="35.837900983169675" lon="139.25407083705068"><ele>294.20001220703125</ele><time>2026-01-18T02:20:51.000Z</time><extensions/></trkpt><trkpt lat="35.83788329735398" lon="139.2541480343789"><ele>295.4000244140625</ele><time>2026-01-18T02:21:00.000Z</time><extensions/></trkpt><trkpt lat="35.837907856330276" lon="139.2542928736657"><ele>298.5999755859375</ele><time>2026-01-18T02:21:13.000Z</time><extensions/></trkpt><trkpt lat="35.83796409890056" lon="139.25449923612177"><ele>299.5999755859375</ele><time>2026-01-18T02:21:29.000Z</time><extensions/></trkpt><trkpt lat="35.83799368701875" lon="139.25465296022594"><ele>301.4000244140625</ele><time>2026-01-18T02:21:41.000Z</time><extensions/></trkpt><trkpt lat="35.837993770837784" lon="139.2547397967428"><ele>302.4000244140625</ele><time>2026-01-18T02:21:48.000Z</time><extensions/></trkpt><trkpt lat="35.837992848828435" lon="139.25475362688303"><ele>302.4000244140625</ele><time>2026-01-18T02:21:49.000Z</time><extensions/></trkpt><trkpt lat="35.83799326792359" lon="139.25484616309404"><ele>302.5999755859375</ele><time>2026-01-18T02:21:55.000Z</time><extensions/></trkpt><trkpt lat="35.83794213831425" lon="139.25494314171374"><ele>302.5999755859375</ele><time>2026-01-18T02:22:03.000Z</time><extensions/></trkpt><trkpt lat="35.837887320667505" lon="139.2550061736256"><ele>302.5999755859375</ele><time>2026-01-18T02:22:09.000Z</time><extensions/></trkpt><trkpt lat="35.83787776529789" lon="139.25500994548202"><ele>302.5999755859375</ele><time>2026-01-18T02:22:10.000Z</time><extensions/></trkpt><trkpt lat="35.8377977181226" lon="139.25505914725363"><ele>302.0</ele><time>2026-01-18T02:22:18.000Z</time><extensions/></trkpt><trkpt lat="35.837790593504906" lon="139.25507406704128"><ele>301.79998779296875</ele><time>2026-01-18T02:22:19.000Z</time><extensions/></trkpt><trkpt lat="35.837784139439464" lon="139.25508806481957"><ele>301.5999755859375</ele><time>2026-01-18T02:22:20.000Z</time><extensions/></trkpt><trkpt lat="35.837786151096225" lon="139.25510382279754"><ele>301.4000244140625</ele><time>2026-01-18T02:22:21.000Z</time><extensions/></trkpt><trkpt lat="35.837774919345975" lon="139.25515009090304"><ele>300.79998779296875</ele><time>2026-01-18T02:22:24.000Z</time><extensions/></trkpt><trkpt lat="35.83777014166117" lon="139.25521329045296"><ele>299.5999755859375</ele><time>2026-01-18T02:22:30.000Z</time><extensions/></trkpt><trkpt lat="35.83776083774865" lon="139.25531705841422"><ele>297.5999755859375</ele><time>2026-01-18T02:23:03.000Z</time><extensions/></trkpt><trkpt lat="35.83774281665683" lon="139.25545502454042"><ele>296.5999755859375</ele><time>2026-01-18T02:23:12.000Z</time><extensions/></trkpt><trkpt lat="35.83774399012327" lon="139.25546918995678"><ele>296.5999755859375</ele><time>2026-01-18T02:23:13.000Z</time><extensions/></trkpt><trkpt lat="35.837742146104574" lon="139.2554810922593"><ele>296.4000244140625</ele><time>2026-01-18T02:23:14.000Z</time><extensions/></trkpt><trkpt lat="35.83770576864481" lon="139.25556926988065"><ele>296.0</ele><time>2026-01-18T02:23:20.000Z</time><extensions/></trkpt><trkpt lat="35.83768179640174" lon="139.2557113431394"><ele>296.20001220703125</ele><time>2026-01-18T02:23:29.000Z</time><extensions/></trkpt><trkpt lat="35.83767802454531" lon="139.25582726486027"><ele>296.5999755859375</ele><time>2026-01-18T02:23:37.000Z</time><extensions/></trkpt><trkpt lat="35.837693279609084" lon="139.25591778941453"><ele>297.79998779296875</ele><time>2026-01-18T02:23:46.000Z</time><extensions/></trkpt><trkpt lat="35.83769545890391" lon="139.2559758760035"><ele>298.4000244140625</ele><time>2026-01-18T02:23:50.000Z</time><extensions/></trkpt><trkpt lat="35.837697722017765" lon="139.2559917178005"><ele>298.5999755859375</ele><time>2026-01-18T02:23:51.000Z</time><extensions/></trkpt><trkpt lat="35.837696716189384" lon="139.2560065537691"><ele>298.79998779296875</ele><time>2026-01-18T02:23:52.000Z</time><extensions/></trkpt><trkpt lat="35.83769193850458" lon="139.25601887516677"><ele>298.79998779296875</ele><time>2026-01-18T02:23:53.000Z</time><extensions/></trkpt><trkpt lat="35.83768682554364" lon="139.25603102892637"><ele>298.79998779296875</ele><time>2026-01-18T02:23:54.000Z</time><extensions/></trkpt><trkpt lat="35.83768238313496" lon="139.25604368560016"><ele>299.0</ele><time>2026-01-18T02:23:55.000Z</time><extensions/></trkpt><trkpt lat="35.83767835982144" lon="139.25605977885425"><ele>299.0</ele><time>2026-01-18T02:23:56.000Z</time><extensions/></trkpt><trkpt lat="35.83767064847052" lon="139.2560757882893"><ele>299.20001220703125</ele><time>2026-01-18T02:23:57.000Z</time><extensions/></trkpt><trkpt lat="35.837663942947984" lon="139.25609045661986"><ele>299.20001220703125</ele><time>2026-01-18T02:23:58.000Z</time><extensions/></trkpt><trkpt lat="35.837636617943645" lon="139.25615969114006"><ele>299.20001220703125</ele><time>2026-01-18T02:24:05.000Z</time><extensions/></trkpt><trkpt lat="35.83752748556435" lon="139.25632255151868"><ele>299.20001220703125</ele><time>2026-01-18T02:24:18.000Z</time><extensions/></trkpt><trkpt lat="35.837425058707595" lon="139.2564108967781"><ele>299.4000244140625</ele><time>2026-01-18T02:24:31.000Z</time><extensions/></trkpt><trkpt lat="35.83740175701678" lon="139.25642112269998"><ele>299.4000244140625</ele><time>2026-01-18T02:24:40.000Z</time><extensions/></trkpt><trkpt lat="35.837391866371036" lon="139.2564175184816"><ele>299.4000244140625</ele><time>2026-01-18T02:24:41.000Z</time><extensions/></trkpt><trkpt lat="35.83724409341812" lon="139.25640729255974"><ele>299.4000244140625</ele><time>2026-01-18T02:24:52.000Z</time><extensions/></trkpt><trkpt lat="35.8371311891824" lon="139.2564333602786"><ele>300.0</ele><time>2026-01-18T02:25:00.000Z</time><extensions/></trkpt><trkpt lat="35.83705449476838" lon="139.2564780358225"><ele>300.20001220703125</ele><time>2026-01-18T02:25:06.000Z</time><extensions/></trkpt><trkpt lat="35.837050219997764" lon="139.25648993812501"><ele>300.4000244140625</ele><time>2026-01-18T02:25:07.000Z</time><extensions/></trkpt><trkpt lat="35.837046448141336" lon="139.25650452263653"><ele>300.4000244140625</ele><time>2026-01-18T02:25:08.000Z</time><extensions/></trkpt><trkpt lat="35.8370450232178" lon="139.25651759840548"><ele>300.4000244140625</ele><time>2026-01-18T02:25:09.000Z</time><extensions/></trkpt><trkpt lat="35.83704276010394" lon="139.25653184764087"><ele>300.4000244140625</ele><time>2026-01-18T02:25:10.000Z</time><extensions/></trkpt><trkpt lat="35.83704108372331" lon="139.2565456777811"><ele>300.4000244140625</ele><time>2026-01-18T02:25:11.000Z</time><extensions/></trkpt><trkpt lat="35.83704125136137" lon="139.25668288953602"><ele>299.5999755859375</ele><time>2026-01-18T02:25:20.000Z</time><extensions/></trkpt><trkpt lat="35.83705114200711" lon="139.2568091209978"><ele>298.5999755859375</ele><time>2026-01-18T02:25:28.000Z</time><extensions/></trkpt><trkpt lat="35.837072264403105" lon="139.25694985315204"><ele>297.5999755859375</ele><time>2026-01-18T02:25:37.000Z</time><extensions/></trkpt><trkpt lat="35.83708634600043" lon="139.25712319090962"><ele>297.4000244140625</ele><time>2026-01-18T02:25:47.000Z</time><extensions/></trkpt><trkpt lat="35.83709212951362" lon="139.2571899946779"><ele>297.4000244140625</ele><time>2026-01-18T02:25:51.000Z</time><extensions/></trkpt><trkpt lat="35.83708114922047" lon="139.25723659805954"><ele>297.4000244140625</ele><time>2026-01-18T02:25:54.000Z</time><extensions/></trkpt><trkpt lat="35.83707896992564" lon="139.25725378096104"><ele>297.4000244140625</ele><time>2026-01-18T02:25:55.000Z</time><extensions/></trkpt><trkpt lat="35.83707871846855" lon="139.2572713829577"><ele>297.4000244140625</ele><time>2026-01-18T02:25:56.000Z</time><extensions/></trkpt><trkpt lat="35.83707896992564" lon="139.2572869732976"><ele>297.5999755859375</ele><time>2026-01-18T02:25:57.000Z</time><extensions/></trkpt><trkpt lat="35.83707838319242" lon="139.25730348564684"><ele>297.5999755859375</ele><time>2026-01-18T02:25:58.000Z</time><extensions/></trkpt><trkpt lat="35.83707486279309" lon="139.25731966271996"><ele>297.5999755859375</ele><time>2026-01-18T02:25:59.000Z</time><extensions/></trkpt><trkpt lat="35.83706924691796" lon="139.2573350854218"><ele>297.5999755859375</ele><time>2026-01-18T02:26:00.000Z</time><extensions/></trkpt><trkpt lat="35.83706078119576" lon="139.25735134631395"><ele>297.5999755859375</ele><time>2026-01-18T02:26:01.000Z</time><extensions/></trkpt><trkpt lat="35.83705399185419" lon="139.25736593082547"><ele>297.5999755859375</ele><time>2026-01-18T02:26:02.000Z</time><extensions/></trkpt><trkpt lat="35.83704527467489" lon="139.25738009624183"><ele>297.5999755859375</ele><time>2026-01-18T02:26:03.000Z</time><extensions/></trkpt><trkpt lat="35.837035635486245" lon="139.25739577040076"><ele>297.5999755859375</ele><time>2026-01-18T02:26:04.000Z</time><extensions/></trkpt><trkpt lat="35.837029265239835" lon="139.25741077400744"><ele>297.4000244140625</ele><time>2026-01-18T02:26:05.000Z</time><extensions/></trkpt><trkpt lat="35.83702675066888" lon="139.25742594525218"><ele>297.4000244140625</ele><time>2026-01-18T02:26:06.000Z</time><extensions/></trkpt><trkpt lat="35.83702214062214" lon="139.25744312815368"><ele>297.4000244140625</ele><time>2026-01-18T02:26:07.000Z</time><extensions/></trkpt><trkpt lat="35.83701862022281" lon="139.2574629932642"><ele>297.4000244140625</ele><time>2026-01-18T02:26:08.000Z</time><extensions/></trkpt><trkpt lat="35.83701585419476" lon="139.2574785836041"><ele>297.20001220703125</ele><time>2026-01-18T02:26:09.000Z</time><extensions/></trkpt><trkpt lat="35.837013088166714" lon="139.25749476067722"><ele>297.0</ele><time>2026-01-18T02:26:10.000Z</time><extensions/></trkpt><trkpt lat="35.83700889721513" lon="139.25751152448356"><ele>296.79998779296875</ele><time>2026-01-18T02:26:11.000Z</time><extensions/></trkpt><trkpt lat="35.8369601983577" lon="139.25764546729624"><ele>295.5999755859375</ele><time>2026-01-18T02:26:20.000Z</time><extensions/></trkpt><trkpt lat="35.836942847818136" lon="139.25770732574165"><ele>295.0</ele><time>2026-01-18T02:26:25.000Z</time><extensions/></trkpt><trkpt lat="35.836941758170724" lon="139.2577259335667"><ele>295.0</ele><time>2026-01-18T02:26:26.000Z</time><extensions/></trkpt><trkpt lat="35.83694058470428" lon="139.25774118863046"><ele>294.79998779296875</ele><time>2026-01-18T02:26:27.000Z</time><extensions/></trkpt><trkpt lat="35.83693874068558" lon="139.2577542643994"><ele>294.79998779296875</ele><time>2026-01-18T02:26:28.000Z</time><extensions/></trkpt><trkpt lat="35.83692784421146" lon="139.2577671725303"><ele>294.79998779296875</ele><time>2026-01-18T02:26:29.000Z</time><extensions/></trkpt><trkpt lat="35.83692876622081" lon="139.2577854450792"><ele>294.79998779296875</ele><time>2026-01-18T02:26:30.000Z</time><extensions/></trkpt><trkpt lat="35.8369274251163" lon="139.25780212506652"><ele>294.79998779296875</ele><time>2026-01-18T02:26:31.000Z</time><extensions/></trkpt><trkpt lat="35.836925245821476" lon="139.2578179668635"><ele>294.79998779296875</ele><time>2026-01-18T02:26:32.000Z</time><extensions/></trkpt><trkpt lat="35.83693915978074" lon="139.25791762769222"><ele>295.0</ele><time>2026-01-18T02:26:39.000Z</time><extensions/></trkpt><trkpt lat="35.83695542067289" lon="139.25803028047085"><ele>295.20001220703125</ele><time>2026-01-18T02:26:49.000Z</time><extensions/></trkpt><trkpt lat="35.837020045146346" lon="139.25817478448153"><ele>295.4000244140625</ele><time>2026-01-18T02:27:02.000Z</time><extensions/></trkpt><trkpt lat="35.83706228993833" lon="139.25830998457968"><ele>296.0</ele><time>2026-01-18T02:27:12.000Z</time><extensions/></trkpt><trkpt lat="35.83708223886788" lon="139.25837142392993"><ele>296.0</ele><time>2026-01-18T02:27:17.000Z</time><extensions/></trkpt><trkpt lat="35.83708039484918" lon="139.2583898641169"><ele>296.0</ele><time>2026-01-18T02:27:18.000Z</time><extensions/></trkpt><trkpt lat="35.83707653917372" lon="139.25840847194195"><ele>296.20001220703125</ele><time>2026-01-18T02:27:19.000Z</time><extensions/></trkpt><trkpt lat="35.83707142621279" lon="139.25842439755797"><ele>296.4000244140625</ele><time>2026-01-18T02:27:20.000Z</time><extensions/></trkpt><trkpt lat="35.83706815727055" lon="139.25844049081206"><ele>296.4000244140625</ele><time>2026-01-18T02:27:21.000Z</time><extensions/></trkpt><trkpt lat="35.83706187084317" lon="139.25845624879003"><ele>296.4000244140625</ele><time>2026-01-18T02:27:22.000Z</time><extensions/></trkpt><trkpt lat="35.83705583587289" lon="139.25847033038735"><ele>296.4000244140625</ele><time>2026-01-18T02:27:23.000Z</time><extensions/></trkpt><trkpt lat="35.836978470906615" lon="139.2585661355406"><ele>295.79998779296875</ele><time>2026-01-18T02:27:32.000Z</time><extensions/></trkpt><trkpt lat="35.83687176927924" lon="139.25864785909653"><ele>294.79998779296875</ele><time>2026-01-18T02:27:41.000Z</time><extensions/></trkpt><trkpt lat="35.83675869740546" lon="139.25871617160738"><ele>293.4000244140625</ele><time>2026-01-18T02:27:51.000Z</time><extensions/></trkpt><trkpt lat="35.83673623390496" lon="139.25874349661171"><ele>292.4000244140625</ele><time>2026-01-18T02:27:59.000Z</time><extensions/></trkpt><trkpt lat="35.83664822392166" lon="139.2587868310511"><ele>292.20001220703125</ele><time>2026-01-18T02:28:09.000Z</time><extensions/></trkpt><trkpt lat="35.836483016610146" lon="139.2588673811406"><ele>291.79998779296875</ele><time>2026-01-18T02:28:23.000Z</time><extensions/></trkpt><trkpt lat="35.83641177043319" lon="139.25891423597932"><ele>292.4000244140625</ele><time>2026-01-18T02:28:31.000Z</time><extensions/></trkpt><trkpt lat="35.836280174553394" lon="139.25904122181237"><ele>294.5999755859375</ele><time>2026-01-18T02:28:46.000Z</time><extensions/></trkpt><trkpt lat="35.83624396473169" lon="139.2591694649309"><ele>294.5999755859375</ele><time>2026-01-18T02:28:56.000Z</time><extensions/></trkpt><trkpt lat="35.83625636994839" lon="139.259241130203"><ele>293.5999755859375</ele><time>2026-01-18T02:29:01.000Z</time><extensions/></trkpt><trkpt lat="35.836253352463245" lon="139.2593457363546"><ele>291.4000244140625</ele><time>2026-01-18T02:29:09.000Z</time><extensions/></trkpt><trkpt lat="35.83623549900949" lon="139.25943198613822"><ele>290.4000244140625</ele><time>2026-01-18T02:29:16.000Z</time><extensions/></trkpt><trkpt lat="35.83622678183019" lon="139.25947356037796"><ele>288.79998779296875</ele><time>2026-01-18T02:29:25.000Z</time><extensions/></trkpt><trkpt lat="35.83621881902218" lon="139.2595891468227"><ele>288.5999755859375</ele><time>2026-01-18T02:29:34.000Z</time><extensions/></trkpt><trkpt lat="35.83621152676642" lon="139.25962175242603"><ele>288.5999755859375</ele><time>2026-01-18T02:29:51.000Z</time><extensions/></trkpt><trkpt lat="35.83617699332535" lon="139.25968788564205"><ele>288.5999755859375</ele><time>2026-01-18T02:30:00.000Z</time><extensions/></trkpt><trkpt lat="35.836139442399144" lon="139.25983029417694"><ele>288.4000244140625</ele><time>2026-01-18T02:30:13.000Z</time><extensions/></trkpt><trkpt lat="35.83610013127327" lon="139.25993548706174"><ele>287.79998779296875</ele><time>2026-01-18T02:30:21.000Z</time><extensions/></trkpt><trkpt lat="35.83601471967995" lon="139.25999994389713"><ele>286.5999755859375</ele><time>2026-01-18T02:30:29.000Z</time><extensions/></trkpt><trkpt lat="35.83597146905959" lon="139.2600474692881"><ele>285.5999755859375</ele><time>2026-01-18T02:30:34.000Z</time><extensions/></trkpt><trkpt lat="35.835962584242225" lon="139.26014528609812"><ele>284.5999755859375</ele><time>2026-01-18T02:30:41.000Z</time><extensions/></trkpt><trkpt lat="35.8359432220459" lon="139.26021963357925"><ele>283.79998779296875</ele><time>2026-01-18T02:30:46.000Z</time><extensions/></trkpt><trkpt lat="35.8359360974282" lon="139.26025106571615"><ele>283.5999755859375</ele><time>2026-01-18T02:30:48.000Z</time><extensions/></trkpt><trkpt lat="35.83590282127261" lon="139.26039347425103"><ele>282.5999755859375</ele><time>2026-01-18T02:30:58.000Z</time><extensions/></trkpt><trkpt lat="35.83590039052069" lon="139.2604790534824"><ele>282.20001220703125</ele><time>2026-01-18T02:31:04.000Z</time><extensions/></trkpt><trkpt lat="35.83590022288263" lon="139.26049296744168"><ele>282.0</ele><time>2026-01-18T02:31:05.000Z</time><extensions/></trkpt><trkpt lat="35.835875663906336" lon="139.26059757359326"><ele>281.5999755859375</ele><time>2026-01-18T02:31:12.000Z</time><extensions/></trkpt><trkpt lat="35.83587063476443" lon="139.26071626134217"><ele>281.0</ele><time>2026-01-18T02:31:20.000Z</time><extensions/></trkpt><trkpt lat="35.83589443936944" lon="139.26075247116387"><ele>280.4000244140625</ele><time>2026-01-18T02:31:29.000Z</time><extensions/></trkpt><trkpt lat="35.83589552901685" lon="139.26077443175018"><ele>280.4000244140625</ele><time>2026-01-18T02:31:40.000Z</time><extensions/></trkpt><trkpt lat="35.835904497653246" lon="139.2608114797622"><ele>280.5999755859375</ele><time>2026-01-18T02:31:43.000Z</time><extensions/></trkpt><trkpt lat="35.835943054407835" lon="139.2609084583819"><ele>281.20001220703125</ele><time>2026-01-18T02:31:54.000Z</time><extensions/></trkpt><trkpt lat="35.836002230644226" lon="139.2609703168273"><ele>282.0</ele><time>2026-01-18T02:32:02.000Z</time><extensions/></trkpt><trkpt lat="35.83606299944222" lon="139.26104173064232"><ele>281.20001220703125</ele><time>2026-01-18T02:32:13.000Z</time><extensions/></trkpt><trkpt lat="35.83607724867761" lon="139.26108045503497"><ele>281.0</ele><time>2026-01-18T02:32:20.000Z</time><extensions/></trkpt><trkpt lat="35.83608319982886" lon="139.2610921896994"><ele>280.79998779296875</ele><time>2026-01-18T02:32:21.000Z</time><extensions/></trkpt><trkpt lat="35.83613282069564" lon="139.26125169731677"><ele>279.79998779296875</ele><time>2026-01-18T02:32:31.000Z</time><extensions/></trkpt><trkpt lat="35.83618629723787" lon="139.2613796889782"><ele>278.79998779296875</ele><time>2026-01-18T02:32:39.000Z</time><extensions/></trkpt><trkpt lat="35.83618948236108" lon="139.26142503507435"><ele>278.5999755859375</ele><time>2026-01-18T02:32:42.000Z</time><extensions/></trkpt><trkpt lat="35.83619819954038" lon="139.26154087297618"><ele>278.79998779296875</ele><time>2026-01-18T02:32:50.000Z</time><extensions/></trkpt><trkpt lat="35.8362141251564" lon="139.26155143417418"><ele>278.79998779296875</ele><time>2026-01-18T02:32:52.000Z</time><extensions/></trkpt><trkpt lat="35.836243042722344" lon="139.261564174667"><ele>278.79998779296875</ele><time>2026-01-18T02:32:54.000Z</time><extensions/></trkpt><trkpt lat="35.836326191201806" lon="139.26163097843528"><ele>277.4000244140625</ele><time>2026-01-18T02:33:00.000Z</time><extensions/></trkpt><trkpt lat="35.83636072464287" lon="139.26166056655347"><ele>275.79998779296875</ele><time>2026-01-18T02:33:03.000Z</time><extensions/></trkpt><trkpt lat="35.836373548954725" lon="139.2616677749902"><ele>275.20001220703125</ele><time>2026-01-18T02:33:04.000Z</time><extensions/></trkpt><trkpt lat="35.83638612180948" lon="139.26167523488402"><ele>274.79998779296875</ele><time>2026-01-18T02:33:05.000Z</time><extensions/></trkpt><trkpt lat="35.836397521197796" lon="139.26168319769204"><ele>274.4000244140625</ele><time>2026-01-18T02:33:06.000Z</time><extensions/></trkpt><trkpt lat="35.83641244098544" lon="139.26168872974813"><ele>274.0</ele><time>2026-01-18T02:33:07.000Z</time><extensions/></trkpt><trkpt lat="35.83642702549696" lon="139.26169459708035"><ele>273.5999755859375</ele><time>2026-01-18T02:33:08.000Z</time><extensions/></trkpt><trkpt lat="35.83643917925656" lon="139.26170247606933"><ele>273.4000244140625</ele><time>2026-01-18T02:33:09.000Z</time><extensions/></trkpt><trkpt lat="35.83649332635105" lon="139.26177288405597"><ele>271.5999755859375</ele><time>2026-01-18T02:33:15.000Z</time><extensions/></trkpt><trkpt lat="35.836588963866234" lon="139.26185896620154"><ele>270.0</ele><time>2026-01-18T02:33:25.000Z</time><extensions/></trkpt><trkpt lat="35.83664151839912" lon="139.2619996983558"><ele>268.79998779296875</ele><time>2026-01-18T02:33:34.000Z</time><extensions/></trkpt><trkpt lat="35.83669373765588" lon="139.26210732199252"><ele>268.0</ele><time>2026-01-18T02:33:41.000Z</time><extensions/></trkpt><trkpt lat="35.8367218170315" lon="139.2621754668653"><ele>267.0</ele><time>2026-01-18T02:33:46.000Z</time><extensions/></trkpt><trkpt lat="35.83673128858209" lon="139.26218644715846"><ele>266.79998779296875</ele><time>2026-01-18T02:33:47.000Z</time><extensions/></trkpt><trkpt lat="35.836744448170066" lon="139.26219348795712"><ele>266.5999755859375</ele><time>2026-01-18T02:33:48.000Z</time><extensions/></trkpt><trkpt lat="35.836755679920316" lon="139.26220178604126"><ele>266.5999755859375</ele><time>2026-01-18T02:33:49.000Z</time><extensions/></trkpt><trkpt lat="35.836770767346025" lon="139.26222424954176"><ele>266.20001220703125</ele><time>2026-01-18T02:33:51.000Z</time><extensions/></trkpt><trkpt lat="35.83677755668759" lon="139.26223724149168"><ele>266.20001220703125</ele><time>2026-01-18T02:33:52.000Z</time><extensions/></trkpt><trkpt lat="35.83678174763918" lon="139.26224897615612"><ele>266.0</ele><time>2026-01-18T02:33:53.000Z</time><extensions/></trkpt><trkpt lat="35.83684142678976" lon="139.26236607134342"><ele>265.20001220703125</ele><time>2026-01-18T02:34:01.000Z</time><extensions/></trkpt><trkpt lat="35.83691619336605" lon="139.26251099444926"><ele>264.79998779296875</ele><time>2026-01-18T02:34:11.000Z</time><extensions/></trkpt><trkpt lat="35.83697687834501" lon="139.2626118287444"><ele>263.79998779296875</ele><time>2026-01-18T02:34:19.000Z</time><extensions/></trkpt><trkpt lat="35.83703873679042" lon="139.26272892393172"><ele>262.5999755859375</ele><time>2026-01-18T02:34:28.000Z</time><extensions/></trkpt><trkpt lat="35.837063044309616" lon="139.2627637926489"><ele>262.4000244140625</ele><time>2026-01-18T02:34:38.000Z</time><extensions/></trkpt><trkpt lat="35.837136218324304" lon="139.26290284842253"><ele>262.79998779296875</ele><time>2026-01-18T02:34:49.000Z</time><extensions/></trkpt><trkpt lat="35.837169075384736" lon="139.26303209736943"><ele>263.0</ele><time>2026-01-18T02:34:57.000Z</time><extensions/></trkpt><trkpt lat="35.83718047477305" lon="139.26315246149898"><ele>263.20001220703125</ele><time>2026-01-18T02:35:05.000Z</time><extensions/></trkpt><trkpt lat="35.837186090648174" lon="139.26324734464288"><ele>264.20001220703125</ele><time>2026-01-18T02:35:13.000Z</time><extensions/></trkpt><trkpt lat="35.83719028159976" lon="139.26328422501683"><ele>265.0</ele><time>2026-01-18T02:35:20.000Z</time><extensions/></trkpt><trkpt lat="35.837193550542" lon="139.2632962949574"><ele>265.0</ele><time>2026-01-18T02:35:21.000Z</time><extensions/></trkpt><trkpt lat="35.8372020162642" lon="139.26333208568394"><ele>265.0</ele><time>2026-01-18T02:35:24.000Z</time><extensions/></trkpt><trkpt lat="35.8372329454869" lon="139.2634686268866"><ele>263.20001220703125</ele><time>2026-01-18T02:35:33.000Z</time><extensions/></trkpt><trkpt lat="35.83724803291261" lon="139.26356392912567"><ele>261.5999755859375</ele><time>2026-01-18T02:35:40.000Z</time><extensions/></trkpt><trkpt lat="35.83726244978607" lon="139.26364531740546"><ele>261.0</ele><time>2026-01-18T02:35:45.000Z</time><extensions/></trkpt><trkpt lat="35.8372641261667" lon="139.2636618297547"><ele>261.0</ele><time>2026-01-18T02:35:46.000Z</time><extensions/></trkpt><trkpt lat="35.83727242425084" lon="139.26369225606322"><ele>261.0</ele><time>2026-01-18T02:35:48.000Z</time><extensions/></trkpt><trkpt lat="35.83727829158306" lon="139.26372092217207"><ele>261.0</ele><time>2026-01-18T02:35:50.000Z</time><extensions/></trkpt><trkpt lat="35.837271669879556" lon="139.2637635860592"><ele>261.0</ele><time>2026-01-18T02:35:54.000Z</time><extensions/></trkpt><trkpt lat="35.83727711811662" lon="139.2637891508639"><ele>261.20001220703125</ele><time>2026-01-18T02:35:56.000Z</time><extensions/></trkpt><trkpt lat="35.83732372149825" lon="139.26387313753366"><ele>263.0</ele><time>2026-01-18T02:36:05.000Z</time><extensions/></trkpt><trkpt lat="35.837359596043825" lon="139.2639199923724"><ele>265.20001220703125</ele><time>2026-01-18T02:36:15.000Z</time><extensions/></trkpt><trkpt lat="35.837363535538316" lon="139.26399249583483"><ele>266.5999755859375</ele><time>2026-01-18T02:36:24.000Z</time><extensions/></trkpt><trkpt lat="35.837381053715944" lon="139.26407824270427"><ele>269.4000244140625</ele><time>2026-01-18T02:36:35.000Z</time><extensions/></trkpt><trkpt lat="35.83739505149424" lon="139.2641110997647"><ele>270.20001220703125</ele><time>2026-01-18T02:36:45.000Z</time><extensions/></trkpt><trkpt lat="35.83741709589958" lon="139.2641768977046"><ele>270.0</ele><time>2026-01-18T02:37:25.000Z</time><extensions/></trkpt><trkpt lat="35.83742145448923" lon="139.26418871618807"><ele>269.79998779296875</ele><time>2026-01-18T02:37:26.000Z</time><extensions/></trkpt><trkpt lat="35.837426567450166" lon="139.26420179195702"><ele>269.79998779296875</ele><time>2026-01-18T02:37:27.000Z</time><extensions/></trkpt><trkpt lat="35.8374369610101" lon="139.26421453244984"><ele>269.5999755859375</ele><time>2026-01-18T02:37:28.000Z</time><extensions/></trkpt><trkpt lat="35.8374990709126" lon="139.26431125961244"><ele>268.5999755859375</ele><time>2026-01-18T02:37:40.000Z</time><extensions/></trkpt><trkpt lat="35.83750166930258" lon="139.26436658017337"><ele>268.79998779296875</ele><time>2026-01-18T02:38:07.000Z</time><extensions/></trkpt><trkpt lat="35.8374853245914" lon="139.26444453187287"><ele>267.79998779296875</ele><time>2026-01-18T02:38:16.000Z</time><extensions/></trkpt><trkpt lat="35.837447522208095" lon="139.2645305301994"><ele>265.0</ele><time>2026-01-18T02:38:27.000Z</time><extensions/></trkpt><trkpt lat="35.837416760623455" lon="139.26458794623613"><ele>263.4000244140625</ele><time>2026-01-18T02:38:32.000Z</time><extensions/></trkpt><trkpt lat="35.83737778477371" lon="139.26466908305883"><ele>260.4000244140625</ele><time>2026-01-18T02:38:40.000Z</time><extensions/></trkpt><trkpt lat="35.837373258545995" lon="139.2646822426468"><ele>260.0</ele><time>2026-01-18T02:38:41.000Z</time><extensions/></trkpt><trkpt lat="35.83736906759441" lon="139.26469632424414"><ele>259.5999755859375</ele><time>2026-01-18T02:38:42.000Z</time><extensions/></trkpt><trkpt lat="35.837338641285896" lon="139.26473974250257"><ele>257.20001220703125</ele><time>2026-01-18T02:38:50.000Z</time><extensions/></trkpt><trkpt lat="35.83733445033431" lon="139.26473538391292"><ele>255.79998779296875</ele><time>2026-01-18T02:39:07.000Z</time><extensions/></trkpt><trkpt lat="35.837295558303595" lon="139.26478575915098"><ele>255.79998779296875</ele><time>2026-01-18T02:39:18.000Z</time><extensions/></trkpt><trkpt lat="35.83721173927188" lon="139.26478751935065"><ele>253.79998779296875</ele><time>2026-01-18T02:39:29.000Z</time><extensions/></trkpt><trkpt lat="35.837169997394085" lon="139.26478249020875"><ele>251.5999755859375</ele><time>2026-01-18T02:39:38.000Z</time><extensions/></trkpt><trkpt lat="35.83720587193966" lon="139.26476329565048"><ele>251.4000244140625</ele><time>2026-01-18T02:39:57.000Z</time><extensions/></trkpt><trkpt lat="35.83728365600109" lon="139.2647387366742"><ele>254.0</ele><time>2026-01-18T02:40:08.000Z</time><extensions/></trkpt><trkpt lat="35.83728793077171" lon="139.26473764702678"><ele>254.20001220703125</ele><time>2026-01-18T02:40:25.000Z</time><extensions/></trkpt><trkpt lat="35.83728793077171" lon="139.26473764702678"><ele>255.79998779296875</ele><time>2026-01-18T02:44:20.000Z</time><extensions/></trkpt><trkpt lat="35.837289188057184" lon="139.26481635309756"><ele>256.0</ele><time>2026-01-18T02:46:03.000Z</time><extensions/></trkpt><trkpt lat="35.837270161136985" lon="139.26492179743946"><ele>256.5999755859375</ele><time>2026-01-18T02:46:12.000Z</time><extensions/></trkpt><trkpt lat="35.83726982586086" lon="139.26493504084647"><ele>256.5999755859375</ele><time>2026-01-18T02:46:13.000Z</time><extensions/></trkpt><trkpt lat="35.837268736213446" lon="139.2649467755109"><ele>256.5999755859375</ele><time>2026-01-18T02:46:14.000Z</time><extensions/></trkpt><trkpt lat="35.83726638928056" lon="139.26495742052794"><ele>256.4000244140625</ele><time>2026-01-18T02:46:15.000Z</time><extensions/></trkpt><trkpt lat="35.8372625336051" lon="139.26498918794096"><ele>256.4000244140625</ele><time>2026-01-18T02:46:18.000Z</time><extensions/></trkpt><trkpt lat="35.8372625336051" lon="139.26500477828085"><ele>256.4000244140625</ele><time>2026-01-18T02:46:19.000Z</time><extensions/></trkpt><trkpt lat="35.83726152777672" lon="139.26501885987818"><ele>256.4000244140625</ele><time>2026-01-18T02:46:20.000Z</time><extensions/></trkpt><trkpt lat="35.83726219832897" lon="139.2650323547423"><ele>256.4000244140625</ele><time>2026-01-18T02:46:21.000Z</time><extensions/></trkpt><trkpt lat="35.83726295270026" lon="139.265047442168"><ele>256.4000244140625</ele><time>2026-01-18T02:46:22.000Z</time><extensions/></trkpt><trkpt lat="35.83726127631962" lon="139.265200747177"><ele>256.79998779296875</ele><time>2026-01-18T02:46:31.000Z</time><extensions/></trkpt><trkpt lat="35.83726764656603" lon="139.26535304635763"><ele>257.20001220703125</ele><time>2026-01-18T02:46:40.000Z</time><extensions/></trkpt><trkpt lat="35.83726496435702" lon="139.26536888815463"><ele>257.20001220703125</ele><time>2026-01-18T02:46:41.000Z</time><extensions/></trkpt><trkpt lat="35.83724903874099" lon="139.2655255459249"><ele>257.79998779296875</ele><time>2026-01-18T02:46:51.000Z</time><extensions/></trkpt><trkpt lat="35.83726949058473" lon="139.26560232415795"><ele>257.20001220703125</ele><time>2026-01-18T02:46:57.000Z</time><extensions/></trkpt><trkpt lat="35.83728072233498" lon="139.26561439409852"><ele>257.0</ele><time>2026-01-18T02:46:58.000Z</time><extensions/></trkpt><trkpt lat="35.8372934628278" lon="139.26562579348683"><ele>256.79998779296875</ele><time>2026-01-18T02:46:59.000Z</time><extensions/></trkpt><trkpt lat="35.837305281311274" lon="139.26563752815127"><ele>256.79998779296875</ele><time>2026-01-18T02:47:00.000Z</time><extensions/></trkpt><trkpt lat="35.8373159263283" lon="139.26564716733992"><ele>256.5999755859375</ele><time>2026-01-18T02:47:01.000Z</time><extensions/></trkpt><trkpt lat="35.837325397878885" lon="139.26565814763308"><ele>256.4000244140625</ele><time>2026-01-18T02:47:02.000Z</time><extensions/></trkpt><trkpt lat="35.83733403123915" lon="139.26566812209785"><ele>256.0</ele><time>2026-01-18T02:47:03.000Z</time><extensions/></trkpt><trkpt lat="35.83734476007521" lon="139.26567709073424"><ele>255.79998779296875</ele><time>2026-01-18T02:47:04.000Z</time><extensions/></trkpt><trkpt lat="35.837355740368366" lon="139.26568312570453"><ele>255.5999755859375</ele><time>2026-01-18T02:47:05.000Z</time><extensions/></trkpt><trkpt lat="35.83742723800242" lon="139.2657306510955"><ele>253.79998779296875</ele><time>2026-01-18T02:47:13.000Z</time><extensions/></trkpt><trkpt lat="35.837556486949325" lon="139.26584523171186"><ele>251.5999755859375</ele><time>2026-01-18T02:47:26.000Z</time><extensions/></trkpt><trkpt lat="35.837630834430456" lon="139.26595754921436"><ele>249.5999755859375</ele><time>2026-01-18T02:47:35.000Z</time><extensions/></trkpt><trkpt lat="35.83770224824548" lon="139.2660451401025"><ele>247.5999755859375</ele><time>2026-01-18T02:47:43.000Z</time><extensions/></trkpt><trkpt lat="35.83773946389556" lon="139.2661191523075"><ele>247.0</ele><time>2026-01-18T02:47:54.000Z</time><extensions/></trkpt><trkpt lat="35.837770057842135" lon="139.26631428301334"><ele>246.4000244140625</ele><time>2026-01-18T02:48:05.000Z</time><extensions/></trkpt><trkpt lat="35.83779503591359" lon="139.26637446507812"><ele>246.0</ele><time>2026-01-18T02:48:09.000Z</time><extensions/></trkpt><trkpt lat="35.83780626766384" lon="139.26639005541801"><ele>246.0</ele><time>2026-01-18T02:48:10.000Z</time><extensions/></trkpt><trkpt lat="35.83781682886183" lon="139.26640413701534"><ele>246.0</ele><time>2026-01-18T02:48:11.000Z</time><extensions/></trkpt><trkpt lat="35.837827641516924" lon="139.266416458413"><ele>246.0</ele><time>2026-01-18T02:48:12.000Z</time><extensions/></trkpt><trkpt lat="35.83783828653395" lon="139.26642978563905"><ele>246.0</ele><time>2026-01-18T02:48:13.000Z</time><extensions/></trkpt><trkpt lat="35.83784985356033" lon="139.26644244231284"><ele>246.0</ele><time>2026-01-18T02:48:14.000Z</time><extensions/></trkpt><trkpt lat="35.83786276169121" lon="139.26645568571985"><ele>245.79998779296875</ele><time>2026-01-18T02:48:15.000Z</time><extensions/></trkpt><trkpt lat="35.83787592127919" lon="139.2664682585746"><ele>245.79998779296875</ele><time>2026-01-18T02:48:16.000Z</time><extensions/></trkpt><trkpt lat="35.837889332324266" lon="139.2664769757539"><ele>245.79998779296875</ele><time>2026-01-18T02:48:17.000Z</time><extensions/></trkpt><trkpt lat="35.83790165372193" lon="139.26648418419063"><ele>245.79998779296875</ele><time>2026-01-18T02:48:18.000Z</time><extensions/></trkpt><trkpt lat="35.837966948747635" lon="139.26654109731317"><ele>246.0</ele><time>2026-01-18T02:48:24.000Z</time><extensions/></trkpt><trkpt lat="35.838027549907565" lon="139.266590885818"><ele>246.5999755859375</ele><time>2026-01-18T02:48:31.000Z</time><extensions/></trkpt><trkpt lat="35.838115559890866" lon="139.26676246337593"><ele>246.4000244140625</ele><time>2026-01-18T02:48:44.000Z</time><extensions/></trkpt><trkpt lat="35.838108183816075" lon="139.26687251776457"><ele>244.20001220703125</ele><time>2026-01-18T02:48:52.000Z</time><extensions/></trkpt><trkpt lat="35.838077338412404" lon="139.2669658921659"><ele>241.0</ele><time>2026-01-18T02:48:59.000Z</time><extensions/></trkpt><trkpt lat="35.838074488565326" lon="139.26699346862733"><ele>238.4000244140625</ele><time>2026-01-18T02:49:08.000Z</time><extensions/></trkpt><trkpt lat="35.83804104477167" lon="139.2671051993966"><ele>237.20001220703125</ele><time>2026-01-18T02:49:21.000Z</time><extensions/></trkpt><trkpt lat="35.83803802728653" lon="139.26712648943067"><ele>237.0</ele><time>2026-01-18T02:49:22.000Z</time><extensions/></trkpt><trkpt lat="35.83802059292793" lon="139.2672473564744"><ele>236.0</ele><time>2026-01-18T02:49:30.000Z</time><extensions/></trkpt><trkpt lat="35.838013887405396" lon="139.2672796268016"><ele>236.0</ele><time>2026-01-18T02:49:32.000Z</time><extensions/></trkpt><trkpt lat="35.838010199368" lon="139.26729722879827"><ele>236.0</ele><time>2026-01-18T02:49:33.000Z</time><extensions/></trkpt><trkpt lat="35.83799544721842" lon="139.2674302496016"><ele>235.4000244140625</ele><time>2026-01-18T02:49:41.000Z</time><extensions/></trkpt><trkpt lat="35.837994357571006" lon="139.2674421519041"><ele>235.4000244140625</ele><time>2026-01-18T02:49:42.000Z</time><extensions/></trkpt><trkpt lat="35.837993770837784" lon="139.2674558982253"><ele>235.4000244140625</ele><time>2026-01-18T02:49:43.000Z</time><extensions/></trkpt><trkpt lat="35.83801304921508" lon="139.26756352186203"><ele>236.5999755859375</ele><time>2026-01-18T02:49:51.000Z</time><extensions/></trkpt><trkpt lat="35.83803945221007" lon="139.26770492456853"><ele>239.79998779296875</ele><time>2026-01-18T02:50:03.000Z</time><extensions/></trkpt><trkpt lat="35.83807214163244" lon="139.26781103946269"><ele>241.79998779296875</ele><time>2026-01-18T02:50:14.000Z</time><extensions/></trkpt><trkpt lat="35.838099382817745" lon="139.26791748963296"><ele>241.79998779296875</ele><time>2026-01-18T02:50:37.000Z</time><extensions/></trkpt><trkpt lat="35.83814363926649" lon="139.26808546297252"><ele>238.79998779296875</ele><time>2026-01-18T02:50:48.000Z</time><extensions/></trkpt><trkpt lat="35.838157553225756" lon="139.2681802622974"><ele>237.4000244140625</ele><time>2026-01-18T02:50:55.000Z</time><extensions/></trkpt><trkpt lat="35.83816015161574" lon="139.26821035332978"><ele>237.4000244140625</ele><time>2026-01-18T02:50:57.000Z</time><extensions/></trkpt><trkpt lat="35.838175658136606" lon="139.2682891432196"><ele>238.0</ele><time>2026-01-18T02:51:04.000Z</time><extensions/></trkpt><trkpt lat="35.83817523904145" lon="139.2684680968523"><ele>240.5999755859375</ele><time>2026-01-18T02:51:17.000Z</time><extensions/></trkpt><trkpt lat="35.83821262232959" lon="139.26864797249436"><ele>243.0</ele><time>2026-01-18T02:51:31.000Z</time><extensions/></trkpt><trkpt lat="35.83823944441974" lon="139.26865727640688"><ele>243.20001220703125</ele><time>2026-01-18T02:51:34.000Z</time><extensions/></trkpt><trkpt lat="35.83841219544411" lon="139.26869206130505"><ele>241.0</ele><time>2026-01-18T02:51:49.000Z</time><extensions/></trkpt><trkpt lat="35.83848897367716" lon="139.26871326752007"><ele>240.20001220703125</ele><time>2026-01-18T02:51:57.000Z</time><extensions/></trkpt><trkpt lat="35.83854706026614" lon="139.2687529977411"><ele>240.79998779296875</ele><time>2026-01-18T02:52:03.000Z</time><extensions/></trkpt><trkpt lat="35.838631968945265" lon="139.2689150199294"><ele>240.0</ele><time>2026-01-18T02:52:18.000Z</time><extensions/></trkpt><trkpt lat="35.83866097033024" lon="139.26904334686697"><ele>236.79998779296875</ele><time>2026-01-18T02:52:30.000Z</time><extensions/></trkpt><trkpt lat="35.8387060649693" lon="139.26920738071203"><ele>234.4000244140625</ele><time>2026-01-18T02:52:40.000Z</time><extensions/></trkpt><trkpt lat="35.83873858675361" lon="139.26931709982455"><ele>234.20001220703125</ele><time>2026-01-18T02:52:47.000Z</time><extensions/></trkpt><trkpt lat="35.838771192356944" lon="139.2693769466132"><ele>234.4000244140625</ele><time>2026-01-18T02:52:52.000Z</time><extensions/></trkpt><trkpt lat="35.83879675716162" lon="139.26946026273072"><ele>234.79998779296875</ele><time>2026-01-18T02:52:58.000Z</time><extensions/></trkpt><trkpt lat="35.83882676437497" lon="139.2695939540863"><ele>234.79998779296875</ele><time>2026-01-18T02:53:07.000Z</time><extensions/></trkpt><trkpt lat="35.83883103914559" lon="139.2696108855307"><ele>234.79998779296875</ele><time>2026-01-18T02:53:08.000Z</time><extensions/></trkpt><trkpt lat="35.83884327672422" lon="139.26975748501718"><ele>233.5999755859375</ele><time>2026-01-18T02:53:17.000Z</time><extensions/></trkpt><trkpt lat="35.838834224268794" lon="139.26978782750666"><ele>233.20001220703125</ele><time>2026-01-18T02:53:19.000Z</time><extensions/></trkpt><trkpt lat="35.838839169591665" lon="139.26990324631333"><ele>232.20001220703125</ele><time>2026-01-18T02:53:26.000Z</time><extensions/></trkpt><trkpt lat="35.83886708132923" lon="139.2700289748609"><ele>231.79998779296875</ele><time>2026-01-18T02:53:34.000Z</time><extensions/></trkpt><trkpt lat="35.838918378576636" lon="139.27016643807292"><ele>233.20001220703125</ele><time>2026-01-18T02:53:44.000Z</time><extensions/></trkpt><trkpt lat="35.838974537327886" lon="139.2702871374786"><ele>234.4000244140625</ele><time>2026-01-18T02:53:53.000Z</time><extensions/></trkpt><trkpt lat="35.839012172073126" lon="139.270362239331"><ele>234.5999755859375</ele><time>2026-01-18T02:54:00.000Z</time><extensions/></trkpt><trkpt lat="35.83902952261269" lon="139.27039886824787"><ele>234.0</ele><time>2026-01-18T02:54:03.000Z</time><extensions/></trkpt><trkpt lat="35.83913203328848" lon="139.2704755626619"><ele>231.0</ele><time>2026-01-18T02:54:13.000Z</time><extensions/></trkpt><trkpt lat="35.8392639644444" lon="139.27063054405153"><ele>229.0</ele><time>2026-01-18T02:54:26.000Z</time><extensions/></trkpt><trkpt lat="35.839337138459086" lon="139.27073313854635"><ele>229.4000244140625</ele><time>2026-01-18T02:54:35.000Z</time><extensions/></trkpt><trkpt lat="35.83940327167511" lon="139.27088133059442"><ele>229.4000244140625</ele><time>2026-01-18T02:54:44.000Z</time><extensions/></trkpt><trkpt lat="35.83942833356559" lon="139.27094503305852"><ele>229.20001220703125</ele><time>2026-01-18T02:54:48.000Z</time><extensions/></trkpt><trkpt lat="35.83949312567711" lon="139.27110889926553"><ele>228.20001220703125</ele><time>2026-01-18T02:54:59.000Z</time><extensions/></trkpt><trkpt lat="35.83954936824739" lon="139.27121845073998"><ele>228.0</ele><time>2026-01-18T02:55:07.000Z</time><extensions/></trkpt><trkpt lat="35.839582392945886" lon="139.27130059339106"><ele>228.79998779296875</ele><time>2026-01-18T02:55:14.000Z</time><extensions/></trkpt><trkpt lat="35.83959027193487" lon="139.27132406271994"><ele>229.0</ele><time>2026-01-18T02:55:16.000Z</time><extensions/></trkpt><trkpt lat="35.83960133604705" lon="139.27138047292829"><ele>230.4000244140625</ele><time>2026-01-18T02:55:24.000Z</time><extensions/></trkpt><trkpt lat="35.83957727998495" lon="139.27146278321743"><ele>231.0</ele><time>2026-01-18T02:55:31.000Z</time><extensions/></trkpt><trkpt lat="35.83951173350215" lon="139.2717283219099"><ele>229.79998779296875</ele><time>2026-01-18T02:55:46.000Z</time><extensions/></trkpt><trkpt lat="35.839466555044055" lon="139.2719045933336"><ele>229.79998779296875</ele><time>2026-01-18T02:55:57.000Z</time><extensions/></trkpt><trkpt lat="35.83946043625474" lon="139.27205622196198"><ele>229.5999755859375</ele><time>2026-01-18T02:56:05.000Z</time><extensions/></trkpt><trkpt lat="35.83945515565574" lon="139.27217499352992"><ele>228.5999755859375</ele><time>2026-01-18T02:56:13.000Z</time><extensions/></trkpt><trkpt lat="35.839447025209665" lon="139.27220567129552"><ele>228.20001220703125</ele><time>2026-01-18T02:56:15.000Z</time><extensions/></trkpt><trkpt lat="35.839480217546225" lon="139.27231983281672"><ele>225.5999755859375</ele><time>2026-01-18T02:56:24.000Z</time><extensions/></trkpt><trkpt lat="35.839521288871765" lon="139.27242779172957"><ele>223.4000244140625</ele><time>2026-01-18T02:56:32.000Z</time><extensions/></trkpt><trkpt lat="35.8395660482347" lon="139.27256684750319"><ele>222.20001220703125</ele><time>2026-01-18T02:56:41.000Z</time><extensions/></trkpt><trkpt lat="35.83960745483637" lon="139.272714368999"><ele>223.20001220703125</ele><time>2026-01-18T02:56:51.000Z</time><extensions/></trkpt><trkpt lat="35.8396352827549" lon="139.27283682860434"><ele>224.20001220703125</ele><time>2026-01-18T02:57:00.000Z</time><extensions/></trkpt><trkpt lat="35.839630756527185" lon="139.27291478030384"><ele>224.4000244140625</ele><time>2026-01-18T02:57:05.000Z</time><extensions/></trkpt><trkpt lat="35.83963033743203" lon="139.2730497289449"><ele>223.20001220703125</ele><time>2026-01-18T02:57:13.000Z</time><extensions/></trkpt><trkpt lat="35.839628241956234" lon="139.2731924727559"><ele>221.4000244140625</ele><time>2026-01-18T02:57:21.000Z</time><extensions/></trkpt><trkpt lat="35.83965347148478" lon="139.27333152852952"><ele>219.5999755859375</ele><time>2026-01-18T02:57:30.000Z</time><extensions/></trkpt><trkpt lat="35.83965732716024" lon="139.27336069755256"><ele>219.20001220703125</ele><time>2026-01-18T02:57:32.000Z</time><extensions/></trkpt><trkpt lat="35.839701583608985" lon="139.27347955293953"><ele>218.20001220703125</ele><time>2026-01-18T02:57:42.000Z</time><extensions/></trkpt><trkpt lat="35.83968859165907" lon="139.2735661379993"><ele>217.79998779296875</ele><time>2026-01-18T02:57:51.000Z</time><extensions/></trkpt><trkpt lat="35.83966579288244" lon="139.27370921708643"><ele>215.79998779296875</ele><time>2026-01-18T02:58:01.000Z</time><extensions/></trkpt><trkpt lat="35.83966143429279" lon="139.27372489124537"><ele>215.4000244140625</ele><time>2026-01-18T02:58:02.000Z</time><extensions/></trkpt><trkpt lat="35.83961692638695" lon="139.27387895062566"><ele>212.4000244140625</ele><time>2026-01-18T02:58:12.000Z</time><extensions/></trkpt><trkpt lat="35.83959002047777" lon="139.2739810422063"><ele>209.5999755859375</ele><time>2026-01-18T02:58:20.000Z</time><extensions/></trkpt><trkpt lat="35.83958012983203" lon="139.2740056850016"><ele>209.0</ele><time>2026-01-18T02:58:22.000Z</time><extensions/></trkpt><trkpt lat="35.83956386893988" lon="139.27413996309042"><ele>206.0</ele><time>2026-01-18T02:58:31.000Z</time><extensions/></trkpt><trkpt lat="35.83955322392285" lon="139.27426435053349"><ele>203.20001220703125</ele><time>2026-01-18T02:58:40.000Z</time><extensions/></trkpt><trkpt lat="35.839552972465754" lon="139.27444078959525"><ele>200.20001220703125</ele><time>2026-01-18T02:58:50.000Z</time><extensions/></trkpt><trkpt lat="35.839560851454735" lon="139.27455226890743"><ele>198.0</ele><time>2026-01-18T02:58:58.000Z</time><extensions/></trkpt><trkpt lat="35.839571664109826" lon="139.27467439323664"><ele>195.4000244140625</ele><time>2026-01-18T02:59:07.000Z</time><extensions/></trkpt><trkpt lat="35.83957778289914" lon="139.27470129914582"><ele>194.79998779296875</ele><time>2026-01-18T02:59:09.000Z</time><extensions/></trkpt><trkpt lat="35.83959144540131" lon="139.27482023835182"><ele>191.20001220703125</ele><time>2026-01-18T02:59:19.000Z</time><extensions/></trkpt><trkpt lat="35.83960862830281" lon="139.2748849466443"><ele>189.79998779296875</ele><time>2026-01-18T02:59:24.000Z</time><extensions/></trkpt><trkpt lat="35.83964014425874" lon="139.27504856139421"><ele>186.5999755859375</ele><time>2026-01-18T02:59:34.000Z</time><extensions/></trkpt><trkpt lat="35.83965439349413" lon="139.27513405680656"><ele>184.5999755859375</ele><time>2026-01-18T02:59:40.000Z</time><extensions/></trkpt><trkpt lat="35.839658165350556" lon="139.27527487277985"><ele>181.0</ele><time>2026-01-18T02:59:50.000Z</time><extensions/></trkpt><trkpt lat="35.83963402546942" lon="139.2753849271685"><ele>178.20001220703125</ele><time>2026-01-18T02:59:58.000Z</time><extensions/></trkpt><trkpt lat="35.839631678536534" lon="139.2753992602229"><ele>177.79998779296875</ele><time>2026-01-18T02:59:59.000Z</time><extensions/></trkpt><trkpt lat="35.83963243290782" lon="139.27554317750037"><ele>174.20001220703125</ele><time>2026-01-18T03:00:09.000Z</time><extensions/></trkpt><trkpt lat="35.83962614648044" lon="139.2755831591785"><ele>173.20001220703125</ele><time>2026-01-18T03:00:12.000Z</time><extensions/></trkpt><trkpt lat="35.839627822861075" lon="139.2756299301982"><ele>172.4000244140625</ele><time>2026-01-18T03:00:15.000Z</time><extensions/></trkpt><trkpt lat="35.839631259441376" lon="139.27564677782357"><ele>172.0</ele><time>2026-01-18T03:00:16.000Z</time><extensions/></trkpt><trkpt lat="35.83963285200298" lon="139.27566094323993"><ele>171.5999755859375</ele><time>2026-01-18T03:00:17.000Z</time><extensions/></trkpt><trkpt lat="35.83963536657393" lon="139.27577175199986"><ele>169.4000244140625</ele><time>2026-01-18T03:00:24.000Z</time><extensions/></trkpt><trkpt lat="35.83964207209647" lon="139.27583009004593"><ele>167.5999755859375</ele><time>2026-01-18T03:00:30.000Z</time><extensions/></trkpt><trkpt lat="35.83965732716024" lon="139.27588256075978"><ele>165.20001220703125</ele><time>2026-01-18T03:00:41.000Z</time><extensions/></trkpt><trkpt lat="35.83966746926308" lon="139.27591902203858"><ele>164.4000244140625</ele><time>2026-01-18T03:00:56.000Z</time><extensions/></trkpt><trkpt lat="35.83967945538461" lon="139.2759322654456"><ele>164.20001220703125</ele><time>2026-01-18T03:00:57.000Z</time><extensions/></trkpt><trkpt lat="35.839683981612325" lon="139.27594483830035"><ele>164.20001220703125</ele><time>2026-01-18T03:00:58.000Z</time><extensions/></trkpt><trkpt lat="35.839687418192625" lon="139.2759684752673"><ele>162.79998779296875</ele><time>2026-01-18T03:01:05.000Z</time><extensions/></trkpt><trkpt lat="35.839650789275765" lon="139.27599823102355"><ele>161.79998779296875</ele><time>2026-01-18T03:01:20.000Z</time><extensions/></trkpt><trkpt lat="35.83964324556291" lon="139.27601088769734"><ele>161.79998779296875</ele><time>2026-01-18T03:01:21.000Z</time><extensions/></trkpt><trkpt lat="35.839637629687786" lon="139.27602329291403"><ele>161.79998779296875</ele><time>2026-01-18T03:01:22.000Z</time><extensions/></trkpt><trkpt lat="35.83963033743203" lon="139.27603703923523"><ele>161.79998779296875</ele><time>2026-01-18T03:01:23.000Z</time><extensions/></trkpt><trkpt lat="35.83962463773787" lon="139.2760520428419"><ele>161.79998779296875</ele><time>2026-01-18T03:01:24.000Z</time><extensions/></trkpt><trkpt lat="35.839619440957904" lon="139.27606486715376"><ele>161.79998779296875</ele><time>2026-01-18T03:01:25.000Z</time><extensions/></trkpt><trkpt lat="35.83954978734255" lon="139.27618296816945"><ele>161.4000244140625</ele><time>2026-01-18T03:01:34.000Z</time><extensions/></trkpt><trkpt lat="35.83943009376526" lon="139.27626192569733"><ele>160.5999755859375</ele><time>2026-01-18T03:01:44.000Z</time><extensions/></trkpt><trkpt lat="35.839295983314514" lon="139.2763210181147"><ele>159.0</ele><time>2026-01-18T03:01:55.000Z</time><extensions/></trkpt><trkpt lat="35.839171847328544" lon="139.27640198729932"><ele>157.20001220703125</ele><time>2026-01-18T03:02:05.000Z</time><extensions/></trkpt><trkpt lat="35.83902767859399" lon="139.2764923442155"><ele>155.79998779296875</ele><time>2026-01-18T03:02:17.000Z</time><extensions/></trkpt><trkpt lat="35.83890035748482" lon="139.27655034698546"><ele>154.0</ele><time>2026-01-18T03:02:27.000Z</time><extensions/></trkpt><trkpt lat="35.83875426091254" lon="139.27665227092803"><ele>151.4000244140625</ele><time>2026-01-18T03:02:38.000Z</time><extensions/></trkpt><trkpt lat="35.83867027424276" lon="139.27666375413537"><ele>149.79998779296875</ele><time>2026-01-18T03:02:45.000Z</time><extensions/></trkpt><trkpt lat="35.83866507746279" lon="139.27668646909297"><ele>149.4000244140625</ele><time>2026-01-18T03:02:47.000Z</time><extensions/></trkpt><trkpt lat="35.83869332447648" lon="139.27686776965857"><ele>148.4000244140625</ele><time>2026-01-18T03:02:59.000Z</time><extensions/></trkpt><trkpt lat="35.83878074772656" lon="139.27701151929796"><ele>147.20001220703125</ele><time>2026-01-18T03:03:10.000Z</time><extensions/></trkpt><trkpt lat="35.83884168416262" lon="139.27718334831297"><ele>146.20001220703125</ele><time>2026-01-18T03:03:21.000Z</time><extensions/></trkpt><trkpt lat="35.83886959590018" lon="139.2773189675063"><ele>145.0</ele><time>2026-01-18T03:03:30.000Z</time><extensions/></trkpt><trkpt lat="35.83888837136328" lon="139.27731544710696"><ele>144.5999755859375</ele><time>2026-01-18T03:03:32.000Z</time><extensions/></trkpt><trkpt lat="35.83891209214926" lon="139.27732064388692"><ele>142.20001220703125</ele><time>2026-01-18T03:03:37.000Z</time><extensions/></trkpt><trkpt lat="35.83888183347881" lon="139.27735819481313"><ele>144.0</ele><time>2026-01-18T03:03:41.000Z</time><extensions/></trkpt><trkpt lat="35.83887353539467" lon="139.27737018093467"><ele>144.20001220703125</ele><time>2026-01-18T03:03:42.000Z</time><extensions/></trkpt><trkpt lat="35.8388667460531" lon="139.2773853521794"><ele>144.20001220703125</ele><time>2026-01-18T03:03:43.000Z</time><extensions/></trkpt><trkpt lat="35.83879499696195" lon="139.27754377014935"><ele>142.5999755859375</ele><time>2026-01-18T03:03:53.000Z</time><extensions/></trkpt><trkpt lat="35.83872207440436" lon="139.2776469513774"><ele>141.79998779296875</ele><time>2026-01-18T03:04:02.000Z</time><extensions/></trkpt><trkpt lat="35.83873095922172" lon="139.27767117507756"><ele>141.20001220703125</ele><time>2026-01-18T03:04:10.000Z</time><extensions/></trkpt><trkpt lat="35.83867915906012" lon="139.27771979011595"><ele>140.79998779296875</ele><time>2026-01-18T03:04:24.000Z</time><extensions/></trkpt><trkpt lat="35.83866834640503" lon="139.27772884257138"><ele>141.0</ele><time>2026-01-18T03:04:25.000Z</time><extensions/></trkpt><trkpt lat="35.83865845575929" lon="139.27773848176003"><ele>141.0</ele><time>2026-01-18T03:04:26.000Z</time><extensions/></trkpt><trkpt lat="35.8385075815022" lon="139.2778671439737"><ele>140.79998779296875</ele><time>2026-01-18T03:04:39.000Z</time><extensions/></trkpt><trkpt lat="35.83835989236832" lon="139.2779929563403"><ele>140.4000244140625</ele><time>2026-01-18T03:04:51.000Z</time><extensions/></trkpt><trkpt lat="35.838234247639775" lon="139.2781126499176"><ele>140.0</ele><time>2026-01-18T03:05:02.000Z</time><extensions/></trkpt><trkpt lat="35.83813835866749" lon="139.27818917669356"><ele>139.0</ele><time>2026-01-18T03:05:10.000Z</time><extensions/></trkpt><trkpt lat="35.83798195235431" lon="139.27831741981208"><ele>138.4000244140625</ele><time>2026-01-18T03:05:23.000Z</time><extensions/></trkpt><trkpt lat="35.83786376751959" lon="139.27841624245048"><ele>138.0</ele><time>2026-01-18T03:05:33.000Z</time><extensions/></trkpt><trkpt lat="35.8377649448812" lon="139.2785040847957"><ele>138.0</ele><time>2026-01-18T03:05:42.000Z</time><extensions/></trkpt><trkpt lat="35.83765455521643" lon="139.27862444892526"><ele>138.20001220703125</ele><time>2026-01-18T03:05:53.000Z</time><extensions/></trkpt><trkpt lat="35.83765111863613" lon="139.27864054217935"><ele>138.20001220703125</ele><time>2026-01-18T03:05:54.000Z</time><extensions/></trkpt><trkpt lat="35.83765044808388" lon="139.27865806035697"><ele>138.0</ele><time>2026-01-18T03:05:55.000Z</time><extensions/></trkpt><trkpt lat="35.83765095099807" lon="139.2786760814488"><ele>138.0</ele><time>2026-01-18T03:05:56.000Z</time><extensions/></trkpt><trkpt lat="35.83768732845783" lon="139.2788978666067"><ele>137.79998779296875</ele><time>2026-01-18T03:06:09.000Z</time><extensions/></trkpt><trkpt lat="35.83772647194564" lon="139.2790904827416"><ele>137.79998779296875</ele><time>2026-01-18T03:06:20.000Z</time><extensions/></trkpt><trkpt lat="35.83773116581142" lon="139.27930547855794"><ele>137.79998779296875</ele><time>2026-01-18T03:06:32.000Z</time><extensions/></trkpt><trkpt lat="35.83773753605783" lon="139.2795128468424"><ele>137.79998779296875</ele><time>2026-01-18T03:06:44.000Z</time><extensions/></trkpt><trkpt lat="35.837742229923606" lon="139.27969087846577"><ele>137.79998779296875</ele><time>2026-01-18T03:06:54.000Z</time><extensions/></trkpt><trkpt lat="35.83776008337736" lon="139.27988433279097"><ele>137.4000244140625</ele><time>2026-01-18T03:07:05.000Z</time><extensions/></trkpt><trkpt lat="35.83777173422277" lon="139.28008088842034"><ele>137.20001220703125</ele><time>2026-01-18T03:07:16.000Z</time><extensions/></trkpt><trkpt lat="35.83778883330524" lon="139.28027995862067"><ele>136.5999755859375</ele><time>2026-01-18T03:07:27.000Z</time><extensions/></trkpt><trkpt lat="35.83780107088387" lon="139.28046813234687"><ele>136.4000244140625</ele><time>2026-01-18T03:07:38.000Z</time><extensions/></trkpt><trkpt lat="35.83780693821609" lon="139.2805516999215"><ele>136.20001220703125</ele><time>2026-01-18T03:07:46.000Z</time><extensions/></trkpt><trkpt lat="35.8377995621413" lon="139.28058514371514"><ele>136.20001220703125</ele><time>2026-01-18T03:08:04.000Z</time><extensions/></trkpt><trkpt lat="35.83780836313963" lon="139.2807570565492"><ele>136.20001220703125</ele><time>2026-01-18T03:08:14.000Z</time><extensions/></trkpt><trkpt lat="35.837810123339295" lon="139.28097004070878"><ele>135.79998779296875</ele><time>2026-01-18T03:08:26.000Z</time><extensions/></trkpt><trkpt lat="35.83781607449055" lon="139.28101798519492"><ele>135.4000244140625</ele><time>2026-01-18T03:08:34.000Z</time><extensions/></trkpt><trkpt lat="35.83781959488988" lon="139.2810496687889"><ele>135.20001220703125</ele><time>2026-01-18T03:08:58.000Z</time><extensions/></trkpt><trkpt lat="35.8378185890615" lon="139.28106618113816"><ele>135.20001220703125</ele><time>2026-01-18T03:08:59.000Z</time><extensions/></trkpt><trkpt lat="35.83781607449055" lon="139.28108512423933"><ele>135.20001220703125</ele><time>2026-01-18T03:09:00.000Z</time><extensions/></trkpt><trkpt lat="35.83781221881509" lon="139.2811035644263"><ele>135.20001220703125</ele><time>2026-01-18T03:09:01.000Z</time><extensions/></trkpt><trkpt lat="35.83780836313963" lon="139.28112108260393"><ele>135.20001220703125</ele><time>2026-01-18T03:09:02.000Z</time><extensions/></trkpt><trkpt lat="35.83780593238771" lon="139.28113834932446"><ele>135.20001220703125</ele><time>2026-01-18T03:09:03.000Z</time><extensions/></trkpt><trkpt lat="35.83780408836901" lon="139.28115678951144"><ele>135.20001220703125</ele><time>2026-01-18T03:09:04.000Z</time><extensions/></trkpt><trkpt lat="35.837812973186374" lon="139.28133917972445"><ele>135.0</ele><time>2026-01-18T03:09:14.000Z</time><extensions/></trkpt><trkpt lat="35.837822863832116" lon="139.2815488949418"><ele>134.20001220703125</ele><time>2026-01-18T03:09:25.000Z</time><extensions/></trkpt><trkpt lat="35.837814062833786" lon="139.281771434471"><ele>133.5999755859375</ele><time>2026-01-18T03:09:37.000Z</time><extensions/></trkpt><trkpt lat="35.837796963751316" lon="139.28201459348202"><ele>132.79998779296875</ele><time>2026-01-18T03:09:50.000Z</time><extensions/></trkpt><trkpt lat="35.83780584856868" lon="139.2821823991835"><ele>132.4000244140625</ele><time>2026-01-18T03:09:59.000Z</time><extensions/></trkpt><trkpt lat="35.83781389519572" lon="139.282392449677"><ele>132.0</ele><time>2026-01-18T03:10:11.000Z</time><extensions/></trkpt><trkpt lat="35.83782051689923" lon="139.28261096589267"><ele>131.79998779296875</ele><time>2026-01-18T03:10:23.000Z</time><extensions/></trkpt><trkpt lat="35.837821355089545" lon="139.28277416154742"><ele>131.4000244140625</ele><time>2026-01-18T03:10:32.000Z</time><extensions/></trkpt><trkpt lat="35.83784993737936" lon="139.28299418650568"><ele>131.5999755859375</ele><time>2026-01-18T03:10:44.000Z</time><extensions/></trkpt><trkpt lat="35.83785396069288" lon="139.2831565439701"><ele>131.5999755859375</ele><time>2026-01-18T03:10:53.000Z</time><extensions/></trkpt><trkpt lat="35.83786376751959" lon="139.28333248011768"><ele>132.20001220703125</ele><time>2026-01-18T03:11:03.000Z</time><extensions/></trkpt><trkpt lat="35.83786946721375" lon="139.28348997607827"><ele>133.0</ele><time>2026-01-18T03:11:13.000Z</time><extensions/></trkpt><trkpt lat="35.83787206560373" lon="139.28360941819847"><ele>134.20001220703125</ele><time>2026-01-18T03:11:21.000Z</time><extensions/></trkpt><trkpt lat="35.83786418661475" lon="139.28374813869596"><ele>135.4000244140625</ele><time>2026-01-18T03:11:30.000Z</time><extensions/></trkpt><trkpt lat="35.83786443807185" lon="139.28390697576106"><ele>136.20001220703125</ele><time>2026-01-18T03:11:40.000Z</time><extensions/></trkpt><trkpt lat="35.837872652336955" lon="139.28406799212098"><ele>136.79998779296875</ele><time>2026-01-18T03:11:50.000Z</time><extensions/></trkpt><trkpt lat="35.837853038683534" lon="139.28425717167556"><ele>137.79998779296875</ele><time>2026-01-18T03:12:01.000Z</time><extensions/></trkpt><trkpt lat="35.83784298039973" lon="139.2844025976956"><ele>138.20001220703125</ele><time>2026-01-18T03:12:10.000Z</time><extensions/></trkpt><trkpt lat="35.837835017591715" lon="139.28448448888958"><ele>138.4000244140625</ele><time>2026-01-18T03:12:16.000Z</time><extensions/></trkpt><trkpt lat="35.83783317357302" lon="139.28459839895368"><ele>138.20001220703125</ele><time>2026-01-18T03:12:24.000Z</time><extensions/></trkpt><trkpt lat="35.837845746427774" lon="139.28463117219508"><ele>138.20001220703125</ele><time>2026-01-18T03:12:26.000Z</time><extensions/></trkpt><trkpt lat="35.83785429596901" lon="139.28476796485484"><ele>138.0</ele><time>2026-01-18T03:12:34.000Z</time><extensions/></trkpt><trkpt lat="35.837830491364" lon="139.28492277860641"><ele>137.5999755859375</ele><time>2026-01-18T03:12:43.000Z</time><extensions/></trkpt><trkpt lat="35.83782806061208" lon="139.28511614911258"><ele>137.5999755859375</ele><time>2026-01-18T03:12:54.000Z</time><extensions/></trkpt><trkpt lat="35.837847758084536" lon="139.28526752628386"><ele>137.0</ele><time>2026-01-18T03:13:03.000Z</time><extensions/></trkpt><trkpt lat="35.837862845510244" lon="139.2854169756174"><ele>137.4000244140625</ele><time>2026-01-18T03:13:12.000Z</time><extensions/></trkpt><trkpt lat="35.83788556046784" lon="139.2855721246451"><ele>137.79998779296875</ele><time>2026-01-18T03:13:21.000Z</time><extensions/></trkpt><trkpt lat="35.83790752105415" lon="139.28577287122607"><ele>138.0</ele><time>2026-01-18T03:13:32.000Z</time><extensions/></trkpt><trkpt lat="35.837943563237786" lon="139.28596389479935"><ele>138.0</ele><time>2026-01-18T03:13:43.000Z</time><extensions/></trkpt><trkpt lat="35.83797164261341" lon="139.28616296499968"><ele>138.0</ele><time>2026-01-18T03:13:54.000Z</time><extensions/></trkpt><trkpt lat="35.837999135255814" lon="139.28636874072254"><ele>137.5999755859375</ele><time>2026-01-18T03:14:06.000Z</time><extensions/></trkpt><trkpt lat="35.837999721989036" lon="139.28643822669983"><ele>137.79998779296875</ele><time>2026-01-18T03:14:10.000Z</time><extensions/></trkpt><trkpt lat="35.837998297065496" lon="139.28645549342036"><ele>137.79998779296875</ele><time>2026-01-18T03:14:11.000Z</time><extensions/></trkpt><trkpt lat="35.8379980456084" lon="139.2864714190364"><ele>137.5999755859375</ele><time>2026-01-18T03:14:12.000Z</time><extensions/></trkpt><trkpt lat="35.8379980456084" lon="139.28648818284273"><ele>137.5999755859375</ele><time>2026-01-18T03:14:13.000Z</time><extensions/></trkpt><trkpt lat="35.83799938671291" lon="139.2865055333823"><ele>137.4000244140625</ele><time>2026-01-18T03:14:14.000Z</time><extensions/></trkpt><trkpt lat="35.83804154768586" lon="139.2867388855666"><ele>136.0</ele><time>2026-01-18T03:14:28.000Z</time><extensions/></trkpt><trkpt lat="35.838068621233106" lon="139.2868887539953"><ele>136.5999755859375</ele><time>2026-01-18T03:14:37.000Z</time><extensions/></trkpt><trkpt lat="35.83808479830623" lon="139.28705345839262"><ele>136.4000244140625</ele><time>2026-01-18T03:14:47.000Z</time><extensions/></trkpt><trkpt lat="35.8381275460124" lon="139.28721615113318"><ele>136.4000244140625</ele><time>2026-01-18T03:14:57.000Z</time><extensions/></trkpt><trkpt lat="35.838152188807726" lon="139.28742226213217"><ele>136.20001220703125</ele><time>2026-01-18T03:15:08.000Z</time><extensions/></trkpt><trkpt lat="35.838175071403384" lon="139.28757757879794"><ele>136.0</ele><time>2026-01-18T03:15:17.000Z</time><extensions/></trkpt><trkpt lat="35.838203486055136" lon="139.2877354938537"><ele>136.0</ele><time>2026-01-18T03:15:27.000Z</time><extensions/></trkpt><trkpt lat="35.838232738897204" lon="139.28789877332747"><ele>136.0</ele><time>2026-01-18T03:15:37.000Z</time><extensions/></trkpt><trkpt lat="35.83824967034161" lon="139.2880267649889"><ele>136.0</ele><time>2026-01-18T03:15:45.000Z</time><extensions/></trkpt><trkpt lat="35.83827012218535" lon="139.28820035420358"><ele>135.79998779296875</ele><time>2026-01-18T03:15:55.000Z</time><extensions/></trkpt><trkpt lat="35.83828805945814" lon="139.28839867003262"><ele>135.5999755859375</ele><time>2026-01-18T03:16:07.000Z</time><extensions/></trkpt><trkpt lat="35.8383122831583" lon="139.2885280866176"><ele>135.20001220703125</ele><time>2026-01-18T03:16:15.000Z</time><extensions/></trkpt><trkpt lat="35.8383175637573" lon="139.288550298661"><ele>135.20001220703125</ele><time>2026-01-18T03:16:19.000Z</time><extensions/></trkpt><trkpt lat="35.83831379190087" lon="139.28852674551308"><ele>135.20001220703125</ele><time>2026-01-18T03:16:21.000Z</time><extensions/></trkpt><trkpt lat="35.838310522958636" lon="139.2885124962777"><ele>135.20001220703125</ele><time>2026-01-18T03:16:22.000Z</time><extensions/></trkpt><trkpt lat="35.838307589292526" lon="139.28849648684263"><ele>135.20001220703125</ele><time>2026-01-18T03:16:23.000Z</time><extensions/></trkpt><trkpt lat="35.83830398507416" lon="139.28848022595048"><ele>135.20001220703125</ele><time>2026-01-18T03:16:24.000Z</time><extensions/></trkpt><trkpt lat="35.83827783353627" lon="139.2883698362857"><ele>134.5999755859375</ele><time>2026-01-18T03:16:31.000Z</time><extensions/></trkpt><trkpt lat="35.838279761374" lon="139.28830864839256"><ele>134.79998779296875</ele><time>2026-01-18T03:16:38.000Z</time><extensions/></trkpt><trkpt lat="35.83829912357032" lon="139.28828677162528"><ele>135.20001220703125</ele><time>2026-01-18T03:16:49.000Z</time><extensions/></trkpt><trkpt lat="35.83831102587283" lon="139.2882802337408"><ele>135.20001220703125</ele><time>2026-01-18T03:16:50.000Z</time><extensions/></trkpt><trkpt lat="35.83832452073693" lon="139.2882749531418"><ele>135.20001220703125</ele><time>2026-01-18T03:16:51.000Z</time><extensions/></trkpt><trkpt lat="35.83849987015128" lon="139.2881821654737"><ele>135.4000244140625</ele><time>2026-01-18T03:17:04.000Z</time><extensions/></trkpt><trkpt lat="35.83867044188082" lon="139.2881094943732"><ele>136.20001220703125</ele><time>2026-01-18T03:17:16.000Z</time><extensions/></trkpt><trkpt lat="35.838849898427725" lon="139.28806884214282"><ele>136.4000244140625</ele><time>2026-01-18T03:17:28.000Z</time><extensions/></trkpt><trkpt lat="35.839000940322876" lon="139.28801419213414"><ele>136.79998779296875</ele><time>2026-01-18T03:17:39.000Z</time><extensions/></trkpt><trkpt lat="35.83907428197563" lon="139.28798225708306"><ele>137.0</ele><time>2026-01-18T03:17:45.000Z</time><extensions/></trkpt><trkpt lat="35.83908274769783" lon="139.28796892985702"><ele>137.20001220703125</ele><time>2026-01-18T03:17:46.000Z</time><extensions/></trkpt><trkpt lat="35.839088782668114" lon="139.28795266896486"><ele>137.20001220703125</ele><time>2026-01-18T03:17:47.000Z</time><extensions/></trkpt><trkpt lat="35.839091297239065" lon="139.28793624043465"><ele>137.20001220703125</ele><time>2026-01-18T03:17:48.000Z</time><extensions/></trkpt><trkpt lat="35.83909163251519" lon="139.28792014718056"><ele>137.20001220703125</ele><time>2026-01-18T03:17:49.000Z</time><extensions/></trkpt><trkpt lat="35.839089285582304" lon="139.28790472447872"><ele>137.20001220703125</ele><time>2026-01-18T03:17:50.000Z</time><extensions/></trkpt><trkpt lat="35.83908526226878" lon="139.287889637053"><ele>137.4000244140625</ele><time>2026-01-18T03:17:51.000Z</time><extensions/></trkpt><trkpt lat="35.83902256563306" lon="139.28773725405335"><ele>137.5999755859375</ele><time>2026-01-18T03:18:01.000Z</time><extensions/></trkpt><trkpt lat="35.838941344991326" lon="139.2875690292567"><ele>138.0</ele><time>2026-01-18T03:18:12.000Z</time><extensions/></trkpt><trkpt lat="35.83896774798632" lon="139.28745503537357"><ele>138.79998779296875</ele><time>2026-01-18T03:18:20.000Z</time><extensions/></trkpt><trkpt lat="35.83897705189884" lon="139.28744916804135"><ele>138.79998779296875</ele><time>2026-01-18T03:18:21.000Z</time><extensions/></trkpt><trkpt lat="35.83902114070952" lon="139.28744732402265"><ele>139.5999755859375</ele><time>2026-01-18T03:18:29.000Z</time><extensions/></trkpt><trkpt lat="35.83902834914625" lon="139.28740365430713"><ele>141.20001220703125</ele><time>2026-01-18T03:18:51.000Z</time><extensions/></trkpt><trkpt lat="35.839047376066446" lon="139.28732913918793"><ele>142.0</ele><time>2026-01-18T03:19:00.000Z</time><extensions/></trkpt><trkpt lat="35.83908073604107" lon="139.28725814446807"><ele>143.4000244140625</ele><time>2026-01-18T03:19:09.000Z</time><extensions/></trkpt><trkpt lat="35.83909548819065" lon="139.28722294047475"><ele>145.0</ele><time>2026-01-18T03:19:18.000Z</time><extensions/></trkpt><trkpt lat="35.83916765637696" lon="139.28723794408143"><ele>146.5999755859375</ele><time>2026-01-18T03:19:37.000Z</time><extensions/></trkpt><trkpt lat="35.83923337049782" lon="139.28722989745438"><ele>147.4000244140625</ele><time>2026-01-18T03:19:47.000Z</time><extensions/></trkpt><trkpt lat="35.83928508684039" lon="139.28718279115856"><ele>148.79998779296875</ele><time>2026-01-18T03:19:58.000Z</time><extensions/></trkpt><trkpt lat="35.839359518140554" lon="139.28711255080998"><ele>150.20001220703125</ele><time>2026-01-18T03:20:08.000Z</time><extensions/></trkpt><trkpt lat="35.83940612152219" lon="139.28699319250882"><ele>152.20001220703125</ele><time>2026-01-18T03:20:20.000Z</time><extensions/></trkpt><trkpt lat="35.83945834077895" lon="139.28689654916525"><ele>153.79998779296875</ele><time>2026-01-18T03:20:29.000Z</time><extensions/></trkpt><trkpt lat="35.83949672989547" lon="139.28683024831116"><ele>154.4000244140625</ele><time>2026-01-18T03:20:35.000Z</time><extensions/></trkpt><trkpt lat="35.839559845626354" lon="139.28678205236793"><ele>154.5999755859375</ele><time>2026-01-18T03:20:43.000Z</time><extensions/></trkpt><trkpt lat="35.83960854448378" lon="139.28675967268646"><ele>157.79998779296875</ele><time>2026-01-18T03:20:48.000Z</time><extensions/></trkpt><trkpt lat="35.8396836463362" lon="139.28668909706175"><ele>158.79998779296875</ele><time>2026-01-18T03:20:58.000Z</time><extensions/></trkpt><trkpt lat="35.8397750928998" lon="139.28664609789848"><ele>160.79998779296875</ele><time>2026-01-18T03:21:12.000Z</time><extensions/></trkpt><trkpt lat="35.83985053002834" lon="139.28665447980165"><ele>163.20001220703125</ele><time>2026-01-18T03:21:27.000Z</time><extensions/></trkpt><trkpt lat="35.83990132436156" lon="139.2866641189903"><ele>164.4000244140625</ele><time>2026-01-18T03:21:43.000Z</time><extensions/></trkpt><trkpt lat="35.83993988111615" lon="139.28664123639464"><ele>165.4000244140625</ele><time>2026-01-18T03:21:53.000Z</time><extensions/></trkpt><trkpt lat="35.83999562077224" lon="139.28657996468246"><ele>164.0</ele><time>2026-01-18T03:22:30.000Z</time><extensions/></trkpt><trkpt lat="35.84001883864403" lon="139.28656646981835"><ele>164.79998779296875</ele><time>2026-01-18T03:22:42.000Z</time><extensions/></trkpt><trkpt lat="35.84010626189411" lon="139.28657577373087"><ele>165.79998779296875</ele><time>2026-01-18T03:22:58.000Z</time><extensions/></trkpt><trkpt lat="35.84020256996155" lon="139.28656403906643"><ele>167.5999755859375</ele><time>2026-01-18T03:23:08.000Z</time><extensions/></trkpt><trkpt lat="35.84029074758291" lon="139.28654367104173"><ele>169.5999755859375</ele><time>2026-01-18T03:23:20.000Z</time><extensions/></trkpt><trkpt lat="35.84038085304201" lon="139.28645909763873"><ele>171.4000244140625</ele><time>2026-01-18T03:23:33.000Z</time><extensions/></trkpt><trkpt lat="35.84042091853917" lon="139.28633118979633"><ele>173.79998779296875</ele><time>2026-01-18T03:23:46.000Z</time><extensions/></trkpt><trkpt lat="35.840484369546175" lon="139.28621384315193"><ele>176.0</ele><time>2026-01-18T03:23:59.000Z</time><extensions/></trkpt><trkpt lat="35.84057514555752" lon="139.2861130926758"><ele>178.5999755859375</ele><time>2026-01-18T03:24:12.000Z</time><extensions/></trkpt><trkpt lat="35.840589394792914" lon="139.28609423339367"><ele>178.79998779296875</ele><time>2026-01-18T03:24:14.000Z</time><extensions/></trkpt><trkpt lat="35.84060347639024" lon="139.28608367219567"><ele>179.0</ele><time>2026-01-18T03:24:15.000Z</time><extensions/></trkpt><trkpt lat="35.840613367035985" lon="139.2860750388354"><ele>179.20001220703125</ele><time>2026-01-18T03:24:16.000Z</time><extensions/></trkpt><trkpt lat="35.84062174893916" lon="139.2860654834658"><ele>179.4000244140625</ele><time>2026-01-18T03:24:17.000Z</time><extensions/></trkpt><trkpt lat="35.84062937647104" lon="139.2860539164394"><ele>179.4000244140625</ele><time>2026-01-18T03:24:18.000Z</time><extensions/></trkpt><trkpt lat="35.84067958407104" lon="139.28597956895828"><ele>180.4000244140625</ele><time>2026-01-18T03:24:27.000Z</time><extensions/></trkpt><trkpt lat="35.84073171950877" lon="139.28592248819768"><ele>181.20001220703125</ele><time>2026-01-18T03:24:37.000Z</time><extensions/></trkpt><trkpt lat="35.84088334813714" lon="139.28576113656163"><ele>182.4000244140625</ele><time>2026-01-18T03:24:54.000Z</time><extensions/></trkpt><trkpt lat="35.84101569838822" lon="139.28566256538033"><ele>183.5999755859375</ele><time>2026-01-18T03:25:06.000Z</time><extensions/></trkpt><trkpt lat="35.8411218971014" lon="139.28561294451356"><ele>184.4000244140625</ele><time>2026-01-18T03:25:16.000Z</time><extensions/></trkpt><trkpt lat="35.841134721413255" lon="139.28561009466648"><ele>184.4000244140625</ele><time>2026-01-18T03:25:17.000Z</time><extensions/></trkpt><trkpt lat="35.841147461906075" lon="139.285603556782"><ele>184.4000244140625</ele><time>2026-01-18T03:25:18.000Z</time><extensions/></trkpt><trkpt lat="35.84127704612911" lon="139.28551454097033"><ele>185.0</ele><time>2026-01-18T03:25:29.000Z</time><extensions/></trkpt><trkpt lat="35.8413343783468" lon="139.2854917421937"><ele>185.4000244140625</ele><time>2026-01-18T03:25:34.000Z</time><extensions/></trkpt><trkpt lat="35.84146664477885" lon="139.28541756235063"><ele>186.5999755859375</ele><time>2026-01-18T03:25:45.000Z</time><extensions/></trkpt><trkpt lat="35.84157468751073" lon="139.28539417684078"><ele>187.20001220703125</ele><time>2026-01-18T03:25:54.000Z</time><extensions/></trkpt><trkpt lat="35.8416919503361" lon="139.2853661812842"><ele>187.79998779296875</ele><time>2026-01-18T03:26:03.000Z</time><extensions/></trkpt><trkpt lat="35.841803681105375" lon="139.28533357568085"><ele>188.4000244140625</ele><time>2026-01-18T03:26:12.000Z</time><extensions/></trkpt><trkpt lat="35.84191046655178" lon="139.28529082797468"><ele>189.20001220703125</ele><time>2026-01-18T03:26:21.000Z</time><extensions/></trkpt><trkpt lat="35.84201004356146" lon="139.2852457333356"><ele>189.79998779296875</ele><time>2026-01-18T03:26:30.000Z</time><extensions/></trkpt><trkpt lat="35.842052875086665" lon="139.28522226400673"><ele>190.0</ele><time>2026-01-18T03:26:34.000Z</time><extensions/></trkpt><trkpt lat="35.84208648651838" lon="139.28520809859037"><ele>190.4000244140625</ele><time>2026-01-18T03:26:37.000Z</time><extensions/></trkpt><trkpt lat="35.842171059921384" lon="139.28516618907452"><ele>191.20001220703125</ele><time>2026-01-18T03:26:45.000Z</time><extensions/></trkpt><trkpt lat="35.84223685786128" lon="139.2852020636201"><ele>192.20001220703125</ele><time>2026-01-18T03:26:53.000Z</time><extensions/></trkpt><trkpt lat="35.84224649704993" lon="139.28520876914263"><ele>192.20001220703125</ele><time>2026-01-18T03:26:54.000Z</time><extensions/></trkpt><trkpt lat="35.84232428111136" lon="139.28523709997535"><ele>193.0</ele><time>2026-01-18T03:27:01.000Z</time><extensions/></trkpt><trkpt lat="35.842440370470285" lon="139.2852258682251"><ele>194.20001220703125</ele><time>2026-01-18T03:27:12.000Z</time><extensions/></trkpt><trkpt lat="35.84254304878414" lon="139.28515219129622"><ele>196.79998779296875</ele><time>2026-01-18T03:27:25.000Z</time><extensions/></trkpt><trkpt lat="35.84258428774774" lon="139.28512453101575"><ele>197.79998779296875</ele><time>2026-01-18T03:27:29.000Z</time><extensions/></trkpt><trkpt lat="35.84272309206426" lon="139.28500265814364"><ele>200.0</ele><time>2026-01-18T03:27:44.000Z</time><extensions/></trkpt><trkpt lat="35.842817639932036" lon="139.284971896559"><ele>202.20001220703125</ele><time>2026-01-18T03:27:56.000Z</time><extensions/></trkpt><trkpt lat="35.84290271624923" lon="139.28507407195866"><ele>204.5999755859375</ele><time>2026-01-18T03:28:08.000Z</time><extensions/></trkpt><trkpt lat="35.84302903153002" lon="139.2851421330124"><ele>206.5999755859375</ele><time>2026-01-18T03:28:22.000Z</time><extensions/></trkpt><trkpt lat="35.84305074065924" lon="139.28513609804213"><ele>207.4000244140625</ele><time>2026-01-18T03:28:38.000Z</time><extensions/></trkpt><trkpt lat="35.84308267571032" lon="139.28513886407018"><ele>207.5999755859375</ele><time>2026-01-18T03:28:41.000Z</time><extensions/></trkpt><trkpt lat="35.84326204843819" lon="139.28513618186116"><ele>208.5999755859375</ele><time>2026-01-18T03:28:56.000Z</time><extensions/></trkpt><trkpt lat="35.84338123910129" lon="139.28512478247285"><ele>210.0</ele><time>2026-01-18T03:29:07.000Z</time><extensions/></trkpt><trkpt lat="35.84350964985788" lon="139.28514732979238"><ele>212.20001220703125</ele><time>2026-01-18T03:29:19.000Z</time><extensions/></trkpt><trkpt lat="35.84353253245354" lon="139.2851449828595"><ele>212.5999755859375</ele><time>2026-01-18T03:29:21.000Z</time><extensions/></trkpt><trkpt lat="35.843598833307624" lon="139.2851394508034"><ele>213.0</ele><time>2026-01-18T03:29:27.000Z</time><extensions/></trkpt><trkpt lat="35.84373503923416" lon="139.28520273417234"><ele>213.4000244140625</ele><time>2026-01-18T03:29:38.000Z</time><extensions/></trkpt><trkpt lat="35.843896977603436" lon="139.28531714715064"><ele>213.5999755859375</ele><time>2026-01-18T03:29:52.000Z</time><extensions/></trkpt><trkpt lat="35.84396369755268" lon="139.28533617407084"><ele>213.20001220703125</ele><time>2026-01-18T03:30:03.000Z</time><extensions/></trkpt><trkpt lat="35.84395472891629" lon="139.2853294685483"><ele>212.79998779296875</ele><time>2026-01-18T03:30:23.000Z</time><extensions/></trkpt><trkpt lat="35.843989765271544" lon="139.2853276245296"><ele>213.0</ele><time>2026-01-18T03:30:35.000Z</time><extensions/></trkpt><trkpt lat="35.8440007455647" lon="139.28532242774963"><ele>213.0</ele><time>2026-01-18T03:30:36.000Z</time><extensions/></trkpt><trkpt lat="35.8440128993243" lon="139.28531488403678"><ele>213.0</ele><time>2026-01-18T03:30:37.000Z</time><extensions/></trkpt><trkpt lat="35.84411423653364" lon="139.28529895842075"><ele>212.5999755859375</ele><time>2026-01-18T03:30:45.000Z</time><extensions/></trkpt><trkpt lat="35.844229236245155" lon="139.28531697951257"><ele>212.0</ele><time>2026-01-18T03:30:54.000Z</time><extensions/></trkpt><trkpt lat="35.844319593161345" lon="139.28532938472927"><ele>212.0</ele><time>2026-01-18T03:31:02.000Z</time><extensions/></trkpt><trkpt lat="35.84434817545116" lon="139.2853080946952"><ele>212.0</ele><time>2026-01-18T03:31:05.000Z</time><extensions/></trkpt><trkpt lat="35.844469629228115" lon="139.28517758846283"><ele>212.79998779296875</ele><time>2026-01-18T03:31:19.000Z</time><extensions/></trkpt><trkpt lat="35.844537522643805" lon="139.28502855822444"><ele>214.20001220703125</ele><time>2026-01-18T03:31:32.000Z</time><extensions/></trkpt><trkpt lat="35.84462025202811" lon="139.28498161956668"><ele>215.5999755859375</ele><time>2026-01-18T03:31:42.000Z</time><extensions/></trkpt><trkpt lat="35.84472645074129" lon="139.2849219404161"><ele>215.79998779296875</ele><time>2026-01-18T03:31:52.000Z</time><extensions/></trkpt><trkpt lat="35.84482032805681" lon="139.28487785160542"><ele>215.0</ele><time>2026-01-18T03:32:00.000Z</time><extensions/></trkpt><trkpt lat="35.84492149762809" lon="139.2848410550505"><ele>214.4000244140625</ele><time>2026-01-18T03:32:09.000Z</time><extensions/></trkpt><trkpt lat="35.84500087425113" lon="139.28479897789657"><ele>214.4000244140625</ele><time>2026-01-18T03:32:16.000Z</time><extensions/></trkpt><trkpt lat="35.84508209489286" lon="139.28476955741644"><ele>213.79998779296875</ele><time>2026-01-18T03:32:23.000Z</time><extensions/></trkpt><trkpt lat="35.84518619813025" lon="139.28476008586586"><ele>213.79998779296875</ele><time>2026-01-18T03:32:32.000Z</time><extensions/></trkpt><trkpt lat="35.845311591401696" lon="139.2848135624081"><ele>214.0</ele><time>2026-01-18T03:32:42.000Z</time><extensions/></trkpt><trkpt lat="35.84540395997465" lon="139.28486586548388"><ele>214.0</ele><time>2026-01-18T03:32:50.000Z</time><extensions/></trkpt><trkpt lat="35.84545584395528" lon="139.28487877361476"><ele>214.20001220703125</ele><time>2026-01-18T03:32:54.000Z</time><extensions/></trkpt><trkpt lat="35.8455806504935" lon="139.284903164953"><ele>214.20001220703125</ele><time>2026-01-18T03:33:03.000Z</time><extensions/></trkpt><trkpt lat="35.845628175884485" lon="139.2848719842732"><ele>214.20001220703125</ele><time>2026-01-18T03:33:07.000Z</time><extensions/></trkpt><trkpt lat="35.845636893063784" lon="139.28486242890358"><ele>214.4000244140625</ele><time>2026-01-18T03:33:08.000Z</time><extensions/></trkpt><trkpt lat="35.845646699890494" lon="139.28485605865717"><ele>214.4000244140625</ele><time>2026-01-18T03:33:09.000Z</time><extensions/></trkpt><trkpt lat="35.84565483033657" lon="139.28484834730625"><ele>214.4000244140625</ele><time>2026-01-18T03:33:10.000Z</time><extensions/></trkpt><trkpt lat="35.84566472098231" lon="139.2848373670131"><ele>214.4000244140625</ele><time>2026-01-18T03:33:11.000Z</time><extensions/></trkpt><trkpt lat="35.84567519836128" lon="139.28482823073864"><ele>214.4000244140625</ele><time>2026-01-18T03:33:12.000Z</time><extensions/></trkpt><trkpt lat="35.84568751975894" lon="139.28482085466385"><ele>214.4000244140625</ele><time>2026-01-18T03:33:13.000Z</time><extensions/></trkpt><trkpt lat="35.84580771625042" lon="139.28475765511394"><ele>215.20001220703125</ele><time>2026-01-18T03:33:23.000Z</time><extensions/></trkpt><trkpt lat="35.845818277448416" lon="139.2847493570298"><ele>215.20001220703125</ele><time>2026-01-18T03:33:24.000Z</time><extensions/></trkpt><trkpt lat="35.845825988799334" lon="139.2847374547273"><ele>215.4000244140625</ele><time>2026-01-18T03:33:25.000Z</time><extensions/></trkpt><trkpt lat="35.84584929049015" lon="139.2847020830959"><ele>215.5999755859375</ele><time>2026-01-18T03:33:28.000Z</time><extensions/></trkpt><trkpt lat="35.8459487836808" lon="139.28463955409825"><ele>216.79998779296875</ele><time>2026-01-18T03:33:37.000Z</time><extensions/></trkpt><trkpt lat="35.846043918281794" lon="139.28457903675735"><ele>217.5999755859375</ele><time>2026-01-18T03:33:45.000Z</time><extensions/></trkpt><trkpt lat="35.84614735096693" lon="139.28448742255569"><ele>217.79998779296875</ele><time>2026-01-18T03:33:55.000Z</time><extensions/></trkpt><trkpt lat="35.846268218010664" lon="139.28445666097105"><ele>218.20001220703125</ele><time>2026-01-18T03:34:05.000Z</time><extensions/></trkpt><trkpt lat="35.846332255750895" lon="139.28440083749592"><ele>218.4000244140625</ele><time>2026-01-18T03:34:11.000Z</time><extensions/></trkpt><trkpt lat="35.84634239785373" lon="139.28438927046955"><ele>218.5999755859375</ele><time>2026-01-18T03:34:12.000Z</time><extensions/></trkpt><trkpt lat="35.84635203704238" lon="139.28437837399542"><ele>218.5999755859375</ele><time>2026-01-18T03:34:13.000Z</time><extensions/></trkpt><trkpt lat="35.846361173316836" lon="139.2843663878739"><ele>218.5999755859375</ele><time>2026-01-18T03:34:14.000Z</time><extensions/></trkpt><trkpt lat="35.846367962658405" lon="139.2843542341143"><ele>218.79998779296875</ele><time>2026-01-18T03:34:15.000Z</time><extensions/></trkpt><trkpt lat="35.84637642838061" lon="139.284342918545"><ele>218.79998779296875</ele><time>2026-01-18T03:34:16.000Z</time><extensions/></trkpt><trkpt lat="35.846385480836034" lon="139.28433277644217"><ele>218.79998779296875</ele><time>2026-01-18T03:34:17.000Z</time><extensions/></trkpt><trkpt lat="35.84639847278595" lon="139.28430897183716"><ele>219.0</ele><time>2026-01-18T03:34:24.000Z</time><extensions/></trkpt><trkpt lat="35.8464009873569" lon="139.28425105288625"><ele>219.0</ele><time>2026-01-18T03:34:30.000Z</time><extensions/></trkpt><trkpt lat="35.84640149027109" lon="139.2842347919941"><ele>219.0</ele><time>2026-01-18T03:34:31.000Z</time><extensions/></trkpt><trkpt lat="35.846443148329854" lon="139.28410646505654"><ele>219.20001220703125</ele><time>2026-01-18T03:34:40.000Z</time><extensions/></trkpt><trkpt lat="35.84650173783302" lon="139.2839853465557"><ele>219.0</ele><time>2026-01-18T03:34:49.000Z</time><extensions/></trkpt><trkpt lat="35.84649117663503" lon="139.28400563076138"><ele>219.0</ele><time>2026-01-18T03:35:03.000Z</time><extensions/></trkpt><trkpt lat="35.84649117663503" lon="139.28400563076138"><ele>219.0</ele><time>2026-01-18T03:35:07.000Z</time><extensions/></trkpt><trkpt lat="35.84649855270982" lon="139.2839594464749"><ele>219.0</ele><time>2026-01-18T03:35:09.000Z</time><extensions/></trkpt><trkpt lat="35.846508191898465" lon="139.28390429355204"><ele>219.20001220703125</ele><time>2026-01-18T03:35:19.000Z</time><extensions/></trkpt><trkpt lat="35.8465098682791" lon="139.28379122167826"><ele>219.5999755859375</ele><time>2026-01-18T03:35:35.000Z</time><extensions/></trkpt><trkpt lat="35.84647483192384" lon="139.28360229358077"><ele>220.20001220703125</ele><time>2026-01-18T03:35:48.000Z</time><extensions/></trkpt><trkpt lat="35.84643996320665" lon="139.28352509625256"><ele>220.79998779296875</ele><time>2026-01-18T03:35:56.000Z</time><extensions/></trkpt><trkpt lat="35.84642697125673" lon="139.28350347094238"><ele>221.0</ele><time>2026-01-18T03:35:58.000Z</time><extensions/></trkpt><trkpt lat="35.846417248249054" lon="139.28349282592535"><ele>221.0</ele><time>2026-01-18T03:35:59.000Z</time><extensions/></trkpt><trkpt lat="35.84639176726341" lon="139.28345577791333"><ele>222.20001220703125</ele><time>2026-01-18T03:36:06.000Z</time><extensions/></trkpt><trkpt lat="35.84638237953186" lon="139.28339852951467"><ele>222.79998779296875</ele><time>2026-01-18T03:36:20.000Z</time><extensions/></trkpt><trkpt lat="35.8463819604367" lon="139.28338293917477"><ele>223.0</ele><time>2026-01-18T03:36:21.000Z</time><extensions/></trkpt><trkpt lat="35.8463819604367" lon="139.2833697795868"><ele>223.0</ele><time>2026-01-18T03:36:22.000Z</time><extensions/></trkpt><trkpt lat="35.846383552998304" lon="139.28335653617978"><ele>223.0</ele><time>2026-01-18T03:36:23.000Z</time><extensions/></trkpt><trkpt lat="35.846385397017" lon="139.28334195166826"><ele>223.0</ele><time>2026-01-18T03:36:24.000Z</time><extensions/></trkpt><trkpt lat="35.84643275476992" lon="139.28326399996877"><ele>224.0</ele><time>2026-01-18T03:36:32.000Z</time><extensions/></trkpt><trkpt lat="35.846559992060065" lon="139.28313734941185"><ele>224.79998779296875</ele><time>2026-01-18T03:36:44.000Z</time><extensions/></trkpt><trkpt lat="35.84654808975756" lon="139.2831306438893"><ele>225.20001220703125</ele><time>2026-01-18T03:36:51.000Z</time><extensions/></trkpt><trkpt lat="35.846538031473756" lon="139.28312754258513"><ele>225.20001220703125</ele><time>2026-01-18T03:36:52.000Z</time><extensions/></trkpt><trkpt lat="35.846528727561235" lon="139.28312393836677"><ele>225.20001220703125</ele><time>2026-01-18T03:36:53.000Z</time><extensions/></trkpt><trkpt lat="35.84652059711516" lon="139.28311807103455"><ele>225.20001220703125</ele><time>2026-01-18T03:36:54.000Z</time><extensions/></trkpt><trkpt lat="35.84647533483803" lon="139.28307658061385"><ele>224.79998779296875</ele><time>2026-01-18T03:37:04.000Z</time><extensions/></trkpt><trkpt lat="35.8465045876801" lon="139.2831208370626"><ele>224.5999755859375</ele><time>2026-01-18T03:37:13.000Z</time><extensions/></trkpt><trkpt lat="35.84651716053486" lon="139.28312628529966"><ele>225.0</ele><time>2026-01-18T03:37:24.000Z</time><extensions/></trkpt><trkpt lat="35.84660458378494" lon="139.28313785232604"><ele>225.4000244140625</ele><time>2026-01-18T03:37:39.000Z</time><extensions/></trkpt><trkpt lat="35.84661548025906" lon="139.28313843905926"><ele>225.4000244140625</ele><time>2026-01-18T03:37:40.000Z</time><extensions/></trkpt><trkpt lat="35.84681203588843" lon="139.28313709795475"><ele>225.79998779296875</ele><time>2026-01-18T03:37:55.000Z</time><extensions/></trkpt><trkpt lat="35.84697246551514" lon="139.28310859948397"><ele>225.0</ele><time>2026-01-18T03:38:09.000Z</time><extensions/></trkpt><trkpt lat="35.84704211913049" lon="139.2831419594586"><ele>224.79998779296875</ele><time>2026-01-18T03:38:15.000Z</time><extensions/></trkpt><trkpt lat="35.84705335088074" lon="139.28314715623856"><ele>224.79998779296875</ele><time>2026-01-18T03:38:16.000Z</time><extensions/></trkpt><trkpt lat="35.84713784046471" lon="139.28316459059715"><ele>224.79998779296875</ele><time>2026-01-18T03:38:23.000Z</time><extensions/></trkpt><trkpt lat="35.847256276756525" lon="139.2831520177424"><ele>225.0</ele><time>2026-01-18T03:38:32.000Z</time><extensions/></trkpt><trkpt lat="35.84726859815419" lon="139.28315746597946"><ele>225.20001220703125</ele><time>2026-01-18T03:38:33.000Z</time><extensions/></trkpt><trkpt lat="35.84728091955185" lon="139.28316542878747"><ele>225.20001220703125</ele><time>2026-01-18T03:38:34.000Z</time><extensions/></trkpt><trkpt lat="35.84729206748307" lon="139.28317414596677"><ele>225.20001220703125</ele><time>2026-01-18T03:38:35.000Z</time><extensions/></trkpt><trkpt lat="35.847305143252015" lon="139.28318093530834"><ele>225.20001220703125</ele><time>2026-01-18T03:38:36.000Z</time><extensions/></trkpt><trkpt lat="35.847318889573216" lon="139.28318764083087"><ele>225.20001220703125</ele><time>2026-01-18T03:38:37.000Z</time><extensions/></trkpt><trkpt lat="35.84741544909775" lon="139.28322636522353"><ele>225.4000244140625</ele><time>2026-01-18T03:38:44.000Z</time><extensions/></trkpt><trkpt lat="35.84752785041928" lon="139.28322929888964"><ele>225.0</ele><time>2026-01-18T03:38:52.000Z</time><extensions/></trkpt><trkpt lat="35.847635474056005" lon="139.2832220904529"><ele>224.4000244140625</ele><time>2026-01-18T03:39:00.000Z</time><extensions/></trkpt><trkpt lat="35.84774477407336" lon="139.28320071659982"><ele>223.79998779296875</ele><time>2026-01-18T03:39:08.000Z</time><extensions/></trkpt><trkpt lat="35.847832867875695" lon="139.2832046560943"><ele>224.20001220703125</ele><time>2026-01-18T03:39:16.000Z</time><extensions/></trkpt><trkpt lat="35.84791618399322" lon="139.28322033025324"><ele>225.0</ele><time>2026-01-18T03:39:23.000Z</time><extensions/></trkpt><trkpt lat="35.84796178154647" lon="139.2832133732736"><ele>225.5999755859375</ele><time>2026-01-18T03:39:27.000Z</time><extensions/></trkpt><trkpt lat="35.84797527641058" lon="139.28320691920817"><ele>225.79998779296875</ele><time>2026-01-18T03:39:28.000Z</time><extensions/></trkpt><trkpt lat="35.84808482788503" lon="139.28319895640016"><ele>227.20001220703125</ele><time>2026-01-18T03:39:37.000Z</time><extensions/></trkpt><trkpt lat="35.84810787811875" lon="139.28320457227528"><ele>227.4000244140625</ele><time>2026-01-18T03:39:39.000Z</time><extensions/></trkpt><trkpt lat="35.848204270005226" lon="139.28326156921685"><ele>228.20001220703125</ele><time>2026-01-18T03:39:47.000Z</time><extensions/></trkpt><trkpt lat="35.84827677346766" lon="139.28329543210566"><ele>228.20001220703125</ele><time>2026-01-18T03:39:53.000Z</time><extensions/></trkpt><trkpt lat="35.848289262503386" lon="139.28329945541918"><ele>228.20001220703125</ele><time>2026-01-18T03:39:54.000Z</time><extensions/></trkpt><trkpt lat="35.848301919177175" lon="139.2833039816469"><ele>228.20001220703125</ele><time>2026-01-18T03:39:55.000Z</time><extensions/></trkpt><trkpt lat="35.8483162522316" lon="139.28330808877945"><ele>228.20001220703125</ele><time>2026-01-18T03:39:56.000Z</time><extensions/></trkpt><trkpt lat="35.84832907654345" lon="139.2833103518933"><ele>228.20001220703125</ele><time>2026-01-18T03:39:57.000Z</time><extensions/></trkpt><trkpt lat="35.84834039211273" lon="139.28331362083554"><ele>228.4000244140625</ele><time>2026-01-18T03:39:58.000Z</time><extensions/></trkpt><trkpt lat="35.84835455752909" lon="139.2833153810352"><ele>228.4000244140625</ele><time>2026-01-18T03:39:59.000Z</time><extensions/></trkpt><trkpt lat="35.848449440672994" lon="139.2833433765918"><ele>228.5999755859375</ele><time>2026-01-18T03:40:06.000Z</time><extensions/></trkpt><trkpt lat="35.84847257472575" lon="139.28335217759013"><ele>228.5999755859375</ele><time>2026-01-18T03:40:08.000Z</time><extensions/></trkpt><trkpt lat="35.84856854751706" lon="139.28334379568696"><ele>229.20001220703125</ele><time>2026-01-18T03:40:16.000Z</time><extensions/></trkpt><trkpt lat="35.84862998686731" lon="139.2833193205297"><ele>229.20001220703125</ele><time>2026-01-18T03:40:21.000Z</time><extensions/></trkpt><trkpt lat="35.84863786585629" lon="139.28330909460783"><ele>229.20001220703125</ele><time>2026-01-18T03:40:22.000Z</time><extensions/></trkpt><trkpt lat="35.848649851977825" lon="139.28328461945057"><ele>229.0</ele><time>2026-01-18T03:40:24.000Z</time><extensions/></trkpt><trkpt lat="35.848660077899694" lon="139.2832738906145"><ele>228.79998779296875</ele><time>2026-01-18T03:40:25.000Z</time><extensions/></trkpt><trkpt lat="35.84866879507899" lon="139.28326399996877"><ele>228.5999755859375</ele><time>2026-01-18T03:40:26.000Z</time><extensions/></trkpt><trkpt lat="35.84873132407665" lon="139.2832236830145"><ele>226.79998779296875</ele><time>2026-01-18T03:40:33.000Z</time><extensions/></trkpt><trkpt lat="35.8488305658102" lon="139.2831538617611"><ele>225.0</ele><time>2026-01-18T03:40:42.000Z</time><extensions/></trkpt><trkpt lat="35.84894045256078" lon="139.28310122340918"><ele>223.5999755859375</ele><time>2026-01-18T03:40:51.000Z</time><extensions/></trkpt><trkpt lat="35.849037766456604" lon="139.28312972187996"><ele>223.4000244140625</ele><time>2026-01-18T03:41:00.000Z</time><extensions/></trkpt><trkpt lat="35.84921554662287" lon="139.28308194503188"><ele>224.4000244140625</ele><time>2026-01-18T03:41:15.000Z</time><extensions/></trkpt><trkpt lat="35.84930087439716" lon="139.28299988619983"><ele>225.0</ele><time>2026-01-18T03:41:23.000Z</time><extensions/></trkpt><trkpt lat="35.84931135177612" lon="139.28299376741052"><ele>225.20001220703125</ele><time>2026-01-18T03:41:24.000Z</time><extensions/></trkpt><trkpt lat="35.84932199679315" lon="139.28298697806895"><ele>225.20001220703125</ele><time>2026-01-18T03:41:25.000Z</time><extensions/></trkpt><trkpt lat="35.8493313845247" lon="139.28297725506127"><ele>225.20001220703125</ele><time>2026-01-18T03:41:26.000Z</time><extensions/></trkpt><trkpt lat="35.849341275170445" lon="139.28296929225326"><ele>225.20001220703125</ele><time>2026-01-18T03:41:27.000Z</time><extensions/></trkpt><trkpt lat="35.84935217164457" lon="139.28296241909266"><ele>225.20001220703125</ele><time>2026-01-18T03:41:28.000Z</time><extensions/></trkpt><trkpt lat="35.849365247413516" lon="139.28295705467463"><ele>225.4000244140625</ele><time>2026-01-18T03:41:29.000Z</time><extensions/></trkpt><trkpt lat="35.84937798790634" lon="139.28294976241887"><ele>225.4000244140625</ele><time>2026-01-18T03:41:30.000Z</time><extensions/></trkpt><trkpt lat="35.84938955493271" lon="139.28294314071536"><ele>225.4000244140625</ele><time>2026-01-18T03:41:31.000Z</time><extensions/></trkpt><trkpt lat="35.8495060633868" lon="139.2828996386379"><ele>226.0</ele><time>2026-01-18T03:41:40.000Z</time><extensions/></trkpt><trkpt lat="35.84961326792836" lon="139.2828409653157"><ele>225.4000244140625</ele><time>2026-01-18T03:41:49.000Z</time><extensions/></trkpt><trkpt lat="35.84965668618679" lon="139.2828235309571"><ele>224.79998779296875</ele><time>2026-01-18T03:41:53.000Z</time><extensions/></trkpt><trkpt lat="35.84966825321317" lon="139.2828150652349"><ele>225.0</ele><time>2026-01-18T03:41:54.000Z</time><extensions/></trkpt><trkpt lat="35.84968099370599" lon="139.2828097846359"><ele>225.4000244140625</ele><time>2026-01-18T03:41:55.000Z</time><extensions/></trkpt><trkpt lat="35.84975944831967" lon="139.28273744881153"><ele>226.4000244140625</ele><time>2026-01-18T03:42:02.000Z</time><extensions/></trkpt><trkpt lat="35.849852319806814" lon="139.282646169886"><ele>225.20001220703125</ele><time>2026-01-18T03:42:12.000Z</time><extensions/></trkpt><trkpt lat="35.84987117908895" lon="139.28261507302523"><ele>225.20001220703125</ele><time>2026-01-18T03:42:15.000Z</time><extensions/></trkpt><trkpt lat="35.84989917464554" lon="139.28258447907865"><ele>225.0</ele><time>2026-01-18T03:42:19.000Z</time><extensions/></trkpt><trkpt lat="35.84990873001516" lon="139.28257408551872"><ele>225.0</ele><time>2026-01-18T03:42:20.000Z</time><extensions/></trkpt><trkpt lat="35.84991669282317" lon="139.2825610935688"><ele>225.0</ele><time>2026-01-18T03:42:21.000Z</time><extensions/></trkpt><trkpt lat="35.84992507472634" lon="139.28254852071404"><ele>225.0</ele><time>2026-01-18T03:42:22.000Z</time><extensions/></trkpt><trkpt lat="35.84993555210531" lon="139.2825420666486"><ele>225.0</ele><time>2026-01-18T03:42:23.000Z</time><extensions/></trkpt><trkpt lat="35.84994678385556" lon="139.28253712132573"><ele>225.0</ele><time>2026-01-18T03:42:24.000Z</time><extensions/></trkpt><trkpt lat="35.85004418157041" lon="139.28249479271472"><ele>225.4000244140625</ele><time>2026-01-18T03:42:32.000Z</time><extensions/></trkpt><trkpt lat="35.850114757195115" lon="139.28251013159752"><ele>226.0</ele><time>2026-01-18T03:42:38.000Z</time><extensions/></trkpt><trkpt lat="35.85012565366924" lon="139.282516669482"><ele>226.0</ele><time>2026-01-18T03:42:39.000Z</time><extensions/></trkpt><trkpt lat="35.85013705305755" lon="139.28252262063324"><ele>226.20001220703125</ele><time>2026-01-18T03:42:40.000Z</time><extensions/></trkpt><trkpt lat="35.85020846687257" lon="139.2826041765511"><ele>226.4000244140625</ele><time>2026-01-18T03:42:49.000Z</time><extensions/></trkpt><trkpt lat="35.850239899009466" lon="139.28266528062522"><ele>226.20001220703125</ele><time>2026-01-18T03:42:54.000Z</time><extensions/></trkpt><trkpt lat="35.85027334280312" lon="139.28272982127964"><ele>225.79998779296875</ele><time>2026-01-18T03:42:59.000Z</time><extensions/></trkpt><trkpt lat="35.850286753848195" lon="139.28277692757547"><ele>225.5999755859375</ele><time>2026-01-18T03:43:02.000Z</time><extensions/></trkpt><trkpt lat="35.850288681685925" lon="139.28279427811503"><ele>225.5999755859375</ele><time>2026-01-18T03:43:03.000Z</time><extensions/></trkpt><trkpt lat="35.85029723122716" lon="139.2828092817217"><ele>225.5999755859375</ele><time>2026-01-18T03:43:04.000Z</time><extensions/></trkpt><trkpt lat="35.85030603222549" lon="139.28282395005226"><ele>225.4000244140625</ele><time>2026-01-18T03:43:05.000Z</time><extensions/></trkpt><trkpt lat="35.85031877271831" lon="139.28285697475076"><ele>225.4000244140625</ele><time>2026-01-18T03:43:07.000Z</time><extensions/></trkpt><trkpt lat="35.85032422095537" lon="139.28287432529032"><ele>225.4000244140625</ele><time>2026-01-18T03:43:08.000Z</time><extensions/></trkpt><trkpt lat="35.8503279928118" lon="139.28289184346795"><ele>225.4000244140625</ele><time>2026-01-18T03:43:09.000Z</time><extensions/></trkpt><trkpt lat="35.85033528506756" lon="139.28290986455977"><ele>225.4000244140625</ele><time>2026-01-18T03:43:10.000Z</time><extensions/></trkpt><trkpt lat="35.85034266114235" lon="139.28292704746127"><ele>225.20001220703125</ele><time>2026-01-18T03:43:11.000Z</time><extensions/></trkpt><trkpt lat="35.85035054013133" lon="139.28294305689633"><ele>225.0</ele><time>2026-01-18T03:43:12.000Z</time><extensions/></trkpt><trkpt lat="35.85037157870829" lon="139.2829789314419"><ele>224.5999755859375</ele><time>2026-01-18T03:43:15.000Z</time><extensions/></trkpt><trkpt lat="35.850382978096604" lon="139.28299066610634"><ele>224.4000244140625</ele><time>2026-01-18T03:43:16.000Z</time><extensions/></trkpt><trkpt lat="35.85039504803717" lon="139.28300055675209"><ele>224.4000244140625</ele><time>2026-01-18T03:43:17.000Z</time><extensions/></trkpt><trkpt lat="35.85040477104485" lon="139.28300994448364"><ele>224.20001220703125</ele><time>2026-01-18T03:43:18.000Z</time><extensions/></trkpt><trkpt lat="35.85041549988091" lon="139.2830199189484"><ele>224.20001220703125</ele><time>2026-01-18T03:43:19.000Z</time><extensions/></trkpt><trkpt lat="35.85042756982148" lon="139.2830280493945"><ele>224.20001220703125</ele><time>2026-01-18T03:43:20.000Z</time><extensions/></trkpt><trkpt lat="35.85044047795236" lon="139.28303483873606"><ele>224.0</ele><time>2026-01-18T03:43:21.000Z</time><extensions/></trkpt><trkpt lat="35.85051918402314" lon="139.2830687854439"><ele>223.79998779296875</ele><time>2026-01-18T03:43:28.000Z</time><extensions/></trkpt><trkpt lat="35.85054935887456" lon="139.283090159297"><ele>224.0</ele><time>2026-01-18T03:43:32.000Z</time><extensions/></trkpt><trkpt lat="35.85056989453733" lon="139.28310968913138"><ele>224.0</ele><time>2026-01-18T03:43:34.000Z</time><extensions/></trkpt><trkpt lat="35.85064499638975" lon="139.28321345709264"><ele>224.20001220703125</ele><time>2026-01-18T03:43:43.000Z</time><extensions/></trkpt><trkpt lat="35.850724037736654" lon="139.28338402882218"><ele>224.20001220703125</ele><time>2026-01-18T03:43:54.000Z</time><extensions/></trkpt><trkpt lat="35.85079654119909" lon="139.28350078873336"><ele>224.20001220703125</ele><time>2026-01-18T03:44:03.000Z</time><extensions/></trkpt><trkpt lat="35.85080986842513" lon="139.28351637907326"><ele>224.0</ele><time>2026-01-18T03:44:11.000Z</time><extensions/></trkpt><trkpt lat="35.85081271827221" lon="139.28352585062385"><ele>223.79998779296875</ele><time>2026-01-18T03:44:25.000Z</time><extensions/></trkpt><trkpt lat="35.850887233391404" lon="139.28348905406892"><ele>223.79998779296875</ele><time>2026-01-18T03:44:34.000Z</time><extensions/></trkpt><trkpt lat="35.851003071293235" lon="139.2834234237671"><ele>224.79998779296875</ele><time>2026-01-18T03:44:47.000Z</time><extensions/></trkpt><trkpt lat="35.85112444125116" lon="139.28337438963354"><ele>226.5999755859375</ele><time>2026-01-18T03:44:59.000Z</time><extensions/></trkpt><trkpt lat="35.851200548931956" lon="139.28337539546192"><ele>227.5999755859375</ele><time>2026-01-18T03:45:06.000Z</time><extensions/></trkpt><trkpt lat="35.85126131772995" lon="139.28335544653237"><ele>228.5999755859375</ele><time>2026-01-18T03:45:11.000Z</time><extensions/></trkpt><trkpt lat="35.85138679482043" lon="139.28323332220316"><ele>228.79998779296875</ele><time>2026-01-18T03:45:24.000Z</time><extensions/></trkpt><trkpt lat="35.851470697671175" lon="139.28311614319682"><ele>228.5999755859375</ele><time>2026-01-18T03:45:34.000Z</time><extensions/></trkpt><trkpt lat="35.85155359469354" lon="139.2830043286085"><ele>228.4000244140625</ele><time>2026-01-18T03:45:43.000Z</time><extensions/></trkpt><trkpt lat="35.85164495743811" lon="139.2829358484596"><ele>228.20001220703125</ele><time>2026-01-18T03:45:52.000Z</time><extensions/></trkpt><trkpt lat="35.85173908621073" lon="139.28296116180718"><ele>228.20001220703125</ele><time>2026-01-18T03:46:00.000Z</time><extensions/></trkpt><trkpt lat="35.851875795051455" lon="139.28302243351936"><ele>227.79998779296875</ele><time>2026-01-18T03:46:10.000Z</time><extensions/></trkpt><trkpt lat="35.851913429796696" lon="139.28302905522287"><ele>227.79998779296875</ele><time>2026-01-18T03:46:13.000Z</time><extensions/></trkpt><trkpt lat="35.85194922052324" lon="139.28299904800951"><ele>227.79998779296875</ele><time>2026-01-18T03:46:17.000Z</time><extensions/></trkpt><trkpt lat="35.85207939147949" lon="139.2829429730773"><ele>227.79998779296875</ele><time>2026-01-18T03:46:29.000Z</time><extensions/></trkpt><trkpt lat="35.852220291271806" lon="139.2829931806773"><ele>228.0</ele><time>2026-01-18T03:46:41.000Z</time><extensions/></trkpt><trkpt lat="35.85229706950486" lon="139.2830085195601"><ele>228.4000244140625</ele><time>2026-01-18T03:46:47.000Z</time><extensions/></trkpt><trkpt lat="35.85230846889317" lon="139.28301572799683"><ele>228.4000244140625</ele><time>2026-01-18T03:46:48.000Z</time><extensions/></trkpt><trkpt lat="35.85231961682439" lon="139.2830222658813"><ele>228.4000244140625</ele><time>2026-01-18T03:46:49.000Z</time><extensions/></trkpt><trkpt lat="35.85235146805644" lon="139.2830225173384"><ele>228.5999755859375</ele><time>2026-01-18T03:46:52.000Z</time><extensions/></trkpt><trkpt lat="35.85243495181203" lon="139.28300231695175"><ele>229.79998779296875</ele><time>2026-01-18T03:46:59.000Z</time><extensions/></trkpt><trkpt lat="35.852535869926214" lon="139.28296049125493"><ele>231.0</ele><time>2026-01-18T03:47:08.000Z</time><extensions/></trkpt><trkpt lat="35.85261516273022" lon="139.28287994116545"><ele>232.0</ele><time>2026-01-18T03:47:16.000Z</time><extensions/></trkpt><trkpt lat="35.85268238559365" lon="139.28284222260118"><ele>233.0</ele><time>2026-01-18T03:47:24.000Z</time><extensions/></trkpt><trkpt lat="35.85274877026677" lon="139.28281783126295"><ele>234.20001220703125</ele><time>2026-01-18T03:47:32.000Z</time><extensions/></trkpt><trkpt lat="35.85286309942603" lon="139.2827894166112"><ele>235.4000244140625</ele><time>2026-01-18T03:47:42.000Z</time><extensions/></trkpt><trkpt lat="35.85296854376793" lon="139.28277969360352"><ele>235.0</ele><time>2026-01-18T03:47:51.000Z</time><extensions/></trkpt><trkpt lat="35.85310449823737" lon="139.28278933279216"><ele>234.0</ele><time>2026-01-18T03:48:02.000Z</time><extensions/></trkpt><trkpt lat="35.85321815684438" lon="139.28284079767764"><ele>233.0</ele><time>2026-01-18T03:48:11.000Z</time><extensions/></trkpt><trkpt lat="35.85332619957626" lon="139.28288949653506"><ele>232.0</ele><time>2026-01-18T03:48:20.000Z</time><extensions/></trkpt><trkpt lat="35.85344304330647" lon="139.28291489370167"><ele>231.20001220703125</ele><time>2026-01-18T03:48:29.000Z</time><extensions/></trkpt><trkpt lat="35.85357598029077" lon="139.2829397879541"><ele>230.79998779296875</ele><time>2026-01-18T03:48:40.000Z</time><extensions/></trkpt><trkpt lat="35.85368393920362" lon="139.28294858895242"><ele>231.0</ele><time>2026-01-18T03:48:49.000Z</time><extensions/></trkpt><trkpt lat="35.853774799034" lon="139.2829376924783"><ele>231.79998779296875</ele><time>2026-01-18T03:48:57.000Z</time><extensions/></trkpt><trkpt lat="35.853846464306116" lon="139.28292595781386"><ele>233.0</ele><time>2026-01-18T03:49:05.000Z</time><extensions/></trkpt><trkpt lat="35.85394771769643" lon="139.28294867277145"><ele>235.0</ele><time>2026-01-18T03:49:16.000Z</time><extensions/></trkpt><trkpt lat="35.854019382968545" lon="139.28290684707463"><ele>236.5999755859375</ele><time>2026-01-18T03:49:23.000Z</time><extensions/></trkpt><trkpt lat="35.854027261957526" lon="139.28289678879082"><ele>236.79998779296875</ele><time>2026-01-18T03:49:24.000Z</time><extensions/></trkpt><trkpt lat="35.85410915315151" lon="139.2828118801117"><ele>238.0</ele><time>2026-01-18T03:49:33.000Z</time><extensions/></trkpt><trkpt lat="35.854116193950176" lon="139.28279863670468"><ele>238.0</ele><time>2026-01-18T03:49:34.000Z</time><extensions/></trkpt><trkpt lat="35.854177633300424" lon="139.28269302472472"><ele>238.20001220703125</ele><time>2026-01-18T03:49:43.000Z</time><extensions/></trkpt><trkpt lat="35.854268157854676" lon="139.28267139941454"><ele>238.5999755859375</ele><time>2026-01-18T03:49:50.000Z</time><extensions/></trkpt><trkpt lat="35.854343343526125" lon="139.2826578207314"><ele>239.20001220703125</ele><time>2026-01-18T03:49:57.000Z</time><extensions/></trkpt><trkpt lat="35.85435734130442" lon="139.2826628498733"><ele>239.4000244140625</ele><time>2026-01-18T03:49:58.000Z</time><extensions/></trkpt><trkpt lat="35.854456666857004" lon="139.28269017487764"><ele>240.20001220703125</ele><time>2026-01-18T03:50:06.000Z</time><extensions/></trkpt><trkpt lat="35.85456068627536" lon="139.2827352695167"><ele>241.0</ele><time>2026-01-18T03:50:15.000Z</time><extensions/></trkpt><trkpt lat="35.85467987693846" lon="139.28277139551938"><ele>241.4000244140625</ele><time>2026-01-18T03:50:24.000Z</time><extensions/></trkpt><trkpt lat="35.85478884167969" lon="139.28276577964425"><ele>241.4000244140625</ele><time>2026-01-18T03:50:32.000Z</time><extensions/></trkpt><trkpt lat="35.85484843701124" lon="139.282736023888"><ele>241.79998779296875</ele><time>2026-01-18T03:50:38.000Z</time><extensions/></trkpt><trkpt lat="35.85495664738119" lon="139.28268439136446"><ele>242.4000244140625</ele><time>2026-01-18T03:50:47.000Z</time><extensions/></trkpt><trkpt lat="35.85501263849437" lon="139.28259814158082"><ele>243.20001220703125</ele><time>2026-01-18T03:50:55.000Z</time><extensions/></trkpt><trkpt lat="35.855023032054305" lon="139.28254265338182"><ele>243.5999755859375</ele><time>2026-01-18T03:50:59.000Z</time><extensions/></trkpt><trkpt lat="35.85502428933978" lon="139.28252756595612"><ele>243.5999755859375</ele><time>2026-01-18T03:51:00.000Z</time><extensions/></trkpt><trkpt lat="35.8550335932523" lon="139.28242052905262"><ele>244.5999755859375</ele><time>2026-01-18T03:51:08.000Z</time><extensions/></trkpt><trkpt lat="35.85506569594145" lon="139.28232329897583"><ele>244.5999755859375</ele><time>2026-01-18T03:51:15.000Z</time><extensions/></trkpt><trkpt lat="35.8551390375942" lon="139.2822129931301"><ele>244.0</ele><time>2026-01-18T03:51:24.000Z</time><extensions/></trkpt><trkpt lat="35.85519142448902" lon="139.28213789127767"><ele>243.79998779296875</ele><time>2026-01-18T03:51:31.000Z</time><extensions/></trkpt><trkpt lat="35.85519813001156" lon="139.28212506696582"><ele>244.0</ele><time>2026-01-18T03:51:32.000Z</time><extensions/></trkpt><trkpt lat="35.85522126406431" lon="139.2820573411882"><ele>244.5999755859375</ele><time>2026-01-18T03:51:37.000Z</time><extensions/></trkpt><trkpt lat="35.85522218607366" lon="139.2820433434099"><ele>244.5999755859375</ele><time>2026-01-18T03:51:38.000Z</time><extensions/></trkpt><trkpt lat="35.8552254550159" lon="139.28203135728836"><ele>244.79998779296875</ele><time>2026-01-18T03:51:39.000Z</time><extensions/></trkpt><trkpt lat="35.85523442365229" lon="139.28195281885564"><ele>246.0</ele><time>2026-01-18T03:51:48.000Z</time><extensions/></trkpt><trkpt lat="35.85525244474411" lon="139.28185584023595"><ele>247.79998779296875</ele><time>2026-01-18T03:51:59.000Z</time><extensions/></trkpt><trkpt lat="35.855251774191856" lon="139.28174301981926"><ele>250.20001220703125</ele><time>2026-01-18T03:52:12.000Z</time><extensions/></trkpt><trkpt lat="35.855256635695696" lon="139.28161636926234"><ele>253.4000244140625</ele><time>2026-01-18T03:52:29.000Z</time><extensions/></trkpt><trkpt lat="35.85525537841022" lon="139.28151645697653"><ele>256.4000244140625</ele><time>2026-01-18T03:52:42.000Z</time><extensions/></trkpt><trkpt lat="35.855222940444946" lon="139.2814077436924"><ele>259.20001220703125</ele><time>2026-01-18T03:52:55.000Z</time><extensions/></trkpt><trkpt lat="35.855190167203546" lon="139.281303640455"><ele>261.0</ele><time>2026-01-18T03:53:06.000Z</time><extensions/></trkpt><trkpt lat="35.85514205507934" lon="139.28119651973248"><ele>262.79998779296875</ele><time>2026-01-18T03:53:19.000Z</time><extensions/></trkpt><trkpt lat="35.85507952608168" lon="139.28113457746804"><ele>265.0</ele><time>2026-01-18T03:53:31.000Z</time><extensions/></trkpt><trkpt lat="35.85502906702459" lon="139.28108336403966"><ele>267.5999755859375</ele><time>2026-01-18T03:53:43.000Z</time><extensions/></trkpt><trkpt lat="35.85499788634479" lon="139.28103625774384"><ele>269.79998779296875</ele><time>2026-01-18T03:53:52.000Z</time><extensions/></trkpt><trkpt lat="35.85499067790806" lon="139.28094967268407"><ele>272.0</ele><time>2026-01-18T03:54:02.000Z</time><extensions/></trkpt><trkpt lat="35.85498187690973" lon="139.28089577704668"><ele>274.0</ele><time>2026-01-18T03:54:12.000Z</time><extensions/></trkpt><trkpt lat="35.85498816333711" lon="139.28087029606104"><ele>274.20001220703125</ele><time>2026-01-18T03:54:14.000Z</time><extensions/></trkpt><trkpt lat="35.854994617402554" lon="139.28085847757757"><ele>274.20001220703125</ele><time>2026-01-18T03:54:15.000Z</time><extensions/></trkpt><trkpt lat="35.85500316694379" lon="139.28084716200829"><ele>274.20001220703125</ele><time>2026-01-18T03:54:16.000Z</time><extensions/></trkpt><trkpt lat="35.855010794475675" lon="139.280835846439"><ele>274.20001220703125</ele><time>2026-01-18T03:54:17.000Z</time><extensions/></trkpt><trkpt lat="35.85501775145531" lon="139.28082352504134"><ele>274.20001220703125</ele><time>2026-01-18T03:54:18.000Z</time><extensions/></trkpt><trkpt lat="35.855035269632936" lon="139.2807226907462"><ele>273.4000244140625</ele><time>2026-01-18T03:54:26.000Z</time><extensions/></trkpt><trkpt lat="35.85507449693978" lon="139.28064063191414"><ele>271.5999755859375</ele><time>2026-01-18T03:54:35.000Z</time><extensions/></trkpt><trkpt lat="35.8550888299942" lon="139.28062286227942"><ele>271.0</ele><time>2026-01-18T03:54:37.000Z</time><extensions/></trkpt><trkpt lat="35.85513995960355" lon="139.280558321625"><ele>268.5999755859375</ele><time>2026-01-18T03:54:45.000Z</time><extensions/></trkpt><trkpt lat="35.85522713139653" lon="139.28042571991682"><ele>266.0</ele><time>2026-01-18T03:54:58.000Z</time><extensions/></trkpt><trkpt lat="35.85527784191072" lon="139.28036553785205"><ele>267.4000244140625</ele><time>2026-01-18T03:55:10.000Z</time><extensions/></trkpt><trkpt lat="35.855322098359466" lon="139.28031063638628"><ele>270.0</ele><time>2026-01-18T03:55:21.000Z</time><extensions/></trkpt><trkpt lat="35.85533794015646" lon="139.280278198421"><ele>273.20001220703125</ele><time>2026-01-18T03:55:33.000Z</time><extensions/></trkpt><trkpt lat="35.85538102313876" lon="139.28018759004772"><ele>276.4000244140625</ele><time>2026-01-18T03:55:44.000Z</time><extensions/></trkpt><trkpt lat="35.85542058572173" lon="139.28003076463938"><ele>279.5999755859375</ele><time>2026-01-18T03:55:58.000Z</time><extensions/></trkpt><trkpt lat="35.855453526601195" lon="139.27994342520833"><ele>280.79998779296875</ele><time>2026-01-18T03:56:06.000Z</time><extensions/></trkpt><trkpt lat="35.85546123795211" lon="139.27993236109614"><ele>280.79998779296875</ele><time>2026-01-18T03:56:07.000Z</time><extensions/></trkpt><trkpt lat="35.855470541864634" lon="139.27992448210716"><ele>281.0</ele><time>2026-01-18T03:56:08.000Z</time><extensions/></trkpt><trkpt lat="35.855480935424566" lon="139.27991735748947"><ele>281.0</ele><time>2026-01-18T03:56:09.000Z</time><extensions/></trkpt><trkpt lat="35.855492167174816" lon="139.2799110710621"><ele>281.0</ele><time>2026-01-18T03:56:10.000Z</time><extensions/></trkpt><trkpt lat="35.855502896010876" lon="139.27990386262536"><ele>281.20001220703125</ele><time>2026-01-18T03:56:11.000Z</time><extensions/></trkpt><trkpt lat="35.8555119484663" lon="139.2798954807222"><ele>281.20001220703125</ele><time>2026-01-18T03:56:12.000Z</time><extensions/></trkpt><trkpt lat="35.85552167147398" lon="139.27988592535257"><ele>281.20001220703125</ele><time>2026-01-18T03:56:13.000Z</time><extensions/></trkpt><trkpt lat="35.855634240433574" lon="139.27979833446443"><ele>280.5999755859375</ele><time>2026-01-18T03:56:23.000Z</time><extensions/></trkpt><trkpt lat="35.85577296093106" lon="139.27969934418797"><ele>280.0</ele><time>2026-01-18T03:56:35.000Z</time><extensions/></trkpt><trkpt lat="35.855868346989155" lon="139.279649220407"><ele>280.5999755859375</ele><time>2026-01-18T03:56:43.000Z</time><extensions/></trkpt><trkpt lat="35.855946047231555" lon="139.2795902956277"><ele>281.20001220703125</ele><time>2026-01-18T03:56:51.000Z</time><extensions/></trkpt><trkpt lat="35.855952417477965" lon="139.2795878648758"><ele>282.0</ele><time>2026-01-18T03:56:58.000Z</time><extensions/></trkpt><trkpt lat="35.85602257400751" lon="139.27955081686378"><ele>283.0</ele><time>2026-01-18T03:57:06.000Z</time><extensions/></trkpt><trkpt lat="35.856108739972115" lon="139.27948996424675"><ele>284.4000244140625</ele><time>2026-01-18T03:57:15.000Z</time><extensions/></trkpt><trkpt lat="35.85616045631468" lon="139.2794493958354"><ele>285.5999755859375</ele><time>2026-01-18T03:57:22.000Z</time><extensions/></trkpt><trkpt lat="35.856206556782126" lon="139.27942441776395"><ele>287.20001220703125</ele><time>2026-01-18T03:57:30.000Z</time><extensions/></trkpt><trkpt lat="35.85626933723688" lon="139.27937655709684"><ele>289.79998779296875</ele><time>2026-01-18T03:57:42.000Z</time><extensions/></trkpt><trkpt lat="35.85630722343922" lon="139.27934353239834"><ele>292.0</ele><time>2026-01-18T03:57:52.000Z</time><extensions/></trkpt><trkpt lat="35.85636313073337" lon="139.27929734811187"><ele>294.0</ele><time>2026-01-18T03:58:01.000Z</time><extensions/></trkpt><trkpt lat="35.85636103525758" lon="139.27926214411855"><ele>294.5999755859375</ele><time>2026-01-18T03:58:04.000Z</time><extensions/></trkpt><trkpt lat="35.856357933953404" lon="139.27925124764442"><ele>294.5999755859375</ele><time>2026-01-18T03:58:05.000Z</time><extensions/></trkpt><trkpt lat="35.85635483264923" lon="139.2792160436511"><ele>295.20001220703125</ele><time>2026-01-18T03:58:08.000Z</time><extensions/></trkpt><trkpt lat="35.85635969415307" lon="139.2792036384344"><ele>295.20001220703125</ele><time>2026-01-18T03:58:09.000Z</time><extensions/></trkpt><trkpt lat="35.85636556148529" lon="139.27919181995094"><ele>295.4000244140625</ele><time>2026-01-18T03:58:10.000Z</time><extensions/></trkpt><trkpt lat="35.85637293756008" lon="139.2791811749339"><ele>295.4000244140625</ele><time>2026-01-18T03:58:11.000Z</time><extensions/></trkpt><trkpt lat="35.856375535950065" lon="139.2791663389653"><ele>295.4000244140625</ele><time>2026-01-18T03:58:12.000Z</time><extensions/></trkpt><trkpt lat="35.856375535950065" lon="139.2791502457112"><ele>295.4000244140625</ele><time>2026-01-18T03:58:13.000Z</time><extensions/></trkpt><trkpt lat="35.856374530121684" lon="139.27913373336196"><ele>295.4000244140625</ele><time>2026-01-18T03:58:14.000Z</time><extensions/></trkpt><trkpt lat="35.8563737757504" lon="139.27911856211722"><ele>295.4000244140625</ele><time>2026-01-18T03:58:15.000Z</time><extensions/></trkpt><trkpt lat="35.85637369193137" lon="139.27910548634827"><ele>295.4000244140625</ele><time>2026-01-18T03:58:16.000Z</time><extensions/></trkpt><trkpt lat="35.85637293756008" lon="139.2790918238461"><ele>295.4000244140625</ele><time>2026-01-18T03:58:17.000Z</time><extensions/></trkpt><trkpt lat="35.85637318901718" lon="139.2790764849633"><ele>295.4000244140625</ele><time>2026-01-18T03:58:18.000Z</time><extensions/></trkpt><trkpt lat="35.85636992007494" lon="139.27894363179803"><ele>294.0</ele><time>2026-01-18T03:58:27.000Z</time><extensions/></trkpt><trkpt lat="35.85637176409364" lon="139.27881161682308"><ele>293.0</ele><time>2026-01-18T03:58:36.000Z</time><extensions/></trkpt><trkpt lat="35.85637637414038" lon="139.27879988215864"><ele>293.0</ele><time>2026-01-18T03:58:37.000Z</time><extensions/></trkpt><trkpt lat="35.85638006217778" lon="139.27878705784678"><ele>293.0</ele><time>2026-01-18T03:58:38.000Z</time><extensions/></trkpt><trkpt lat="35.85638358257711" lon="139.27877272479236"><ele>293.0</ele><time>2026-01-18T03:58:39.000Z</time><extensions/></trkpt><trkpt lat="35.856383834034204" lon="139.27875738590956"><ele>293.20001220703125</ele><time>2026-01-18T03:58:40.000Z</time><extensions/></trkpt><trkpt lat="35.85638492368162" lon="139.2787408735603"><ele>293.20001220703125</ele><time>2026-01-18T03:58:41.000Z</time><extensions/></trkpt><trkpt lat="35.856378972530365" lon="139.27862729877234"><ele>293.79998779296875</ele><time>2026-01-18T03:58:50.000Z</time><extensions/></trkpt><trkpt lat="35.856374027207494" lon="139.2785465810448"><ele>295.20001220703125</ele><time>2026-01-18T03:58:59.000Z</time><extensions/></trkpt><trkpt lat="35.856323735788465" lon="139.278420265764"><ele>297.5999755859375</ele><time>2026-01-18T03:59:11.000Z</time><extensions/></trkpt><trkpt lat="35.85630948655307" lon="139.27826494909823"><ele>297.79998779296875</ele><time>2026-01-18T03:59:21.000Z</time><extensions/></trkpt><trkpt lat="35.85630437359214" lon="139.27813159301877"><ele>296.79998779296875</ele><time>2026-01-18T03:59:31.000Z</time><extensions/></trkpt><trkpt lat="35.85626405663788" lon="139.2780523840338"><ele>297.20001220703125</ele><time>2026-01-18T03:59:39.000Z</time><extensions/></trkpt><trkpt lat="35.8562424313277" lon="139.2779641225934"><ele>298.20001220703125</ele><time>2026-01-18T03:59:47.000Z</time><extensions/></trkpt><trkpt lat="35.856238240376115" lon="139.2779614403844"><ele>300.0</ele><time>2026-01-18T03:59:59.000Z</time><extensions/></trkpt><trkpt lat="35.85623505525291" lon="139.27789446897805"><ele>300.4000244140625</ele><time>2026-01-18T04:00:08.000Z</time><extensions/></trkpt><trkpt lat="35.856224074959755" lon="139.2777944728732"><ele>302.4000244140625</ele><time>2026-01-18T04:00:18.000Z</time><extensions/></trkpt><trkpt lat="35.85620169527829" lon="139.2777030263096"><ele>305.0</ele><time>2026-01-18T04:00:28.000Z</time><extensions/></trkpt><trkpt lat="35.85618618875742" lon="139.27765206433833"><ele>307.0</ele><time>2026-01-18T04:00:35.000Z</time><extensions/></trkpt><trkpt lat="35.85616699419916" lon="139.27759531885386"><ele>309.79998779296875</ele><time>2026-01-18T04:00:44.000Z</time><extensions/></trkpt><trkpt lat="35.85613941773772" lon="139.27752583287656"><ele>312.20001220703125</ele><time>2026-01-18T04:00:52.000Z</time><extensions/></trkpt><trkpt lat="35.856133718043566" lon="139.2774693388492"><ele>313.79998779296875</ele><time>2026-01-18T04:00:58.000Z</time><extensions/></trkpt><trkpt lat="35.856116535142064" lon="139.27738132886589"><ele>316.20001220703125</ele><time>2026-01-18T04:01:08.000Z</time><extensions/></trkpt><trkpt lat="35.85611628368497" lon="139.2773668281734"><ele>317.79998779296875</ele><time>2026-01-18T04:01:18.000Z</time><extensions/></trkpt><trkpt lat="35.85611619986594" lon="139.27740873768926"><ele>318.0</ele><time>2026-01-18T04:01:25.000Z</time><extensions/></trkpt><trkpt lat="35.85611226037145" lon="139.27745969966054"><ele>317.20001220703125</ele><time>2026-01-18T04:01:35.000Z</time><extensions/></trkpt><trkpt lat="35.85611578077078" lon="139.2774883657694"><ele>316.5999755859375</ele><time>2026-01-18T04:01:52.000Z</time><extensions/></trkpt><trkpt lat="35.85611402057111" lon="139.2775261681527"><ele>316.20001220703125</ele><time>2026-01-18T04:01:57.000Z</time><extensions/></trkpt><trkpt lat="35.85610622540116" lon="139.2775267548859"><ele>315.20001220703125</ele><time>2026-01-18T04:02:05.000Z</time><extensions/></trkpt><trkpt lat="35.85610739886761" lon="139.2775192949921"><ele>314.5999755859375</ele><time>2026-01-18T04:02:14.000Z</time><extensions/></trkpt><trkpt lat="35.856128772720695" lon="139.2774699255824"><ele>315.4000244140625</ele><time>2026-01-18T04:22:07.000Z</time><extensions/></trkpt><trkpt lat="35.85611938498914" lon="139.27744788117707"><ele>316.5999755859375</ele><time>2026-01-18T04:22:14.000Z</time><extensions/></trkpt><trkpt lat="35.856111086905" lon="139.27739993669093"><ele>317.79998779296875</ele><time>2026-01-18T04:22:22.000Z</time><extensions/></trkpt><trkpt lat="35.85611427202821" lon="139.27738124504685"><ele>318.5999755859375</ele><time>2026-01-18T04:22:34.000Z</time><extensions/></trkpt><trkpt lat="35.856110164895654" lon="139.2773636430502"><ele>318.79998779296875</ele><time>2026-01-18T04:22:44.000Z</time><extensions/></trkpt><trkpt lat="35.856100441887975" lon="139.2773654870689"><ele>318.5999755859375</ele><time>2026-01-18T04:22:54.000Z</time><extensions/></trkpt><trkpt lat="35.85609247907996" lon="139.27739758975804"><ele>319.0</ele><time>2026-01-18T04:23:03.000Z</time><extensions/></trkpt><trkpt lat="35.856116618961096" lon="139.2773913871497"><ele>319.0</ele><time>2026-01-18T04:23:39.000Z</time><extensions/></trkpt><trkpt lat="35.85609784349799" lon="139.27731972187757"><ele>319.0</ele><time>2026-01-18T04:24:12.000Z</time><extensions/></trkpt><trkpt lat="35.85609482601285" lon="139.27731544710696"><ele>318.4000244140625</ele><time>2026-01-18T04:24:29.000Z</time><extensions/></trkpt><trkpt lat="35.85608837194741" lon="139.27733757533133"><ele>318.4000244140625</ele><time>2026-01-18T04:25:13.000Z</time><extensions/></trkpt><trkpt lat="35.85609524510801" lon="139.27736096084118"><ele>318.79998779296875</ele><time>2026-01-18T04:26:35.000Z</time><extensions/></trkpt><trkpt lat="35.85609683766961" lon="139.27738158032298"><ele>319.0</ele><time>2026-01-18T04:26:50.000Z</time><extensions/></trkpt><trkpt lat="35.856119049713016" lon="139.27742273546755"><ele>319.20001220703125</ele><time>2026-01-18T04:27:19.000Z</time><extensions/></trkpt><trkpt lat="35.85607881657779" lon="139.27744628861547"><ele>318.79998779296875</ele><time>2026-01-18T04:27:27.000Z</time><extensions/></trkpt><trkpt lat="35.85607588291168" lon="139.27744855172932"><ele>317.5999755859375</ele><time>2026-01-18T04:27:44.000Z</time><extensions/></trkpt><trkpt lat="35.85611259564757" lon="139.27743572741747"><ele>317.79998779296875</ele><time>2026-01-18T04:32:15.000Z</time><extensions/></trkpt><trkpt lat="35.85612307302654" lon="139.27742374129593"><ele>318.4000244140625</ele><time>2026-01-18T04:32:29.000Z</time><extensions/></trkpt><trkpt lat="35.85611485876143" lon="139.27738484926522"><ele>318.5999755859375</ele><time>2026-01-18T04:32:39.000Z</time><extensions/></trkpt><trkpt lat="35.85610521957278" lon="139.27735299803317"><ele>319.0</ele><time>2026-01-18T04:32:58.000Z</time><extensions/></trkpt><trkpt lat="35.8561145234853" lon="139.27735249511898"><ele>318.5999755859375</ele><time>2026-01-18T04:33:18.000Z</time><extensions/></trkpt><trkpt lat="35.856109242886305" lon="139.27743773907423"><ele>318.79998779296875</ele><time>2026-01-18T04:34:53.000Z</time><extensions/></trkpt><trkpt lat="35.856107817962766" lon="139.27744167856872"><ele>318.0</ele><time>2026-01-18T04:35:04.000Z</time><extensions/></trkpt><trkpt lat="35.856098933145404" lon="139.27753287367523"><ele>317.5999755859375</ele><time>2026-01-18T04:35:31.000Z</time><extensions/></trkpt><trkpt lat="35.85611921735108" lon="139.27760277874768"><ele>316.0</ele><time>2026-01-18T04:35:39.000Z</time><extensions/></trkpt><trkpt lat="35.856153164058924" lon="139.27769095636904"><ele>313.0</ele><time>2026-01-18T04:35:51.000Z</time><extensions/></trkpt><trkpt lat="35.85619264282286" lon="139.2777722608298"><ele>309.79998779296875</ele><time>2026-01-18T04:36:02.000Z</time><extensions/></trkpt><trkpt lat="35.8562181238085" lon="139.27785876207054"><ele>306.79998779296875</ele><time>2026-01-18T04:36:11.000Z</time><extensions/></trkpt><trkpt lat="35.85623849183321" lon="139.2779263202101"><ele>305.0</ele><time>2026-01-18T04:36:17.000Z</time><extensions/></trkpt><trkpt lat="35.85625056177378" lon="139.27798859775066"><ele>303.20001220703125</ele><time>2026-01-18T04:36:23.000Z</time><extensions/></trkpt><trkpt lat="35.856259278953075" lon="139.27805255167186"><ele>301.79998779296875</ele><time>2026-01-18T04:36:28.000Z</time><extensions/></trkpt><trkpt lat="35.85630169138312" lon="139.278166545555"><ele>299.5999755859375</ele><time>2026-01-18T04:36:37.000Z</time><extensions/></trkpt><trkpt lat="35.85630873218179" lon="139.27826025523245"><ele>298.4000244140625</ele><time>2026-01-18T04:36:43.000Z</time><extensions/></trkpt><trkpt lat="35.856316946446896" lon="139.278359496966"><ele>297.79998779296875</ele><time>2026-01-18T04:36:50.000Z</time><extensions/></trkpt><trkpt lat="35.85633614100516" lon="139.2784667853266"><ele>298.5999755859375</ele><time>2026-01-18T04:36:58.000Z</time><extensions/></trkpt><trkpt lat="35.856343349441886" lon="139.2784802801907"><ele>298.79998779296875</ele><time>2026-01-18T04:36:59.000Z</time><extensions/></trkpt><trkpt lat="35.85638442076743" lon="139.27860148251057"><ele>298.79998779296875</ele><time>2026-01-18T04:37:08.000Z</time><extensions/></trkpt><trkpt lat="35.85638995282352" lon="139.27872058935463"><ele>297.0</ele><time>2026-01-18T04:37:16.000Z</time><extensions/></trkpt><trkpt lat="35.85639179684222" lon="139.27883315831423"><ele>295.4000244140625</ele><time>2026-01-18T04:37:23.000Z</time><extensions/></trkpt><trkpt lat="35.85639129392803" lon="139.27898746915162"><ele>294.20001220703125</ele><time>2026-01-18T04:37:32.000Z</time><extensions/></trkpt><trkpt lat="35.8563856780529" lon="139.27912526763976"><ele>294.0</ele><time>2026-01-18T04:37:41.000Z</time><extensions/></trkpt><trkpt lat="35.85635416209698" lon="139.27924236282706"><ele>295.5999755859375</ele><time>2026-01-18T04:37:50.000Z</time><extensions/></trkpt><trkpt lat="35.85633488371968" lon="139.27926876582205"><ele>296.0</ele><time>2026-01-18T04:37:53.000Z</time><extensions/></trkpt><trkpt lat="35.85627746768296" lon="139.2793262656778"><ele>295.4000244140625</ele><time>2026-01-18T04:38:01.000Z</time><extensions/></trkpt><trkpt lat="35.85627227090299" lon="139.27933925762773"><ele>295.0</ele><time>2026-01-18T04:38:02.000Z</time><extensions/></trkpt><trkpt lat="35.85626967251301" lon="139.27935384213924"><ele>294.5999755859375</ele><time>2026-01-18T04:38:03.000Z</time><extensions/></trkpt><trkpt lat="35.856247544288635" lon="139.279411341995"><ele>293.4000244140625</ele><time>2026-01-18T04:38:08.000Z</time><extensions/></trkpt><trkpt lat="35.85619691759348" lon="139.2794792354107"><ele>291.79998779296875</ele><time>2026-01-18T04:38:16.000Z</time><extensions/></trkpt><trkpt lat="35.856186021119356" lon="139.27948703058064"><ele>291.4000244140625</ele><time>2026-01-18T04:38:17.000Z</time><extensions/></trkpt><trkpt lat="35.856116618961096" lon="139.2795442789793"><ele>289.20001220703125</ele><time>2026-01-18T04:38:24.000Z</time><extensions/></trkpt><trkpt lat="35.856019891798496" lon="139.27960898727179"><ele>286.5999755859375</ele><time>2026-01-18T04:38:34.000Z</time><extensions/></trkpt><trkpt lat="35.8559955842793" lon="139.27962767891586"><ele>285.0</ele><time>2026-01-18T04:38:42.000Z</time><extensions/></trkpt><trkpt lat="35.85598485544324" lon="139.2796322889626"><ele>284.79998779296875</ele><time>2026-01-18T04:38:43.000Z</time><extensions/></trkpt><trkpt lat="35.855973456054926" lon="139.2796317860484"><ele>284.79998779296875</ele><time>2026-01-18T04:38:44.000Z</time><extensions/></trkpt><trkpt lat="35.85594395175576" lon="139.279649220407"><ele>284.4000244140625</ele><time>2026-01-18T04:38:47.000Z</time><extensions/></trkpt><trkpt lat="35.8559332229197" lon="139.27966011688113"><ele>284.20001220703125</ele><time>2026-01-18T04:38:48.000Z</time><extensions/></trkpt><trkpt lat="35.85592199116945" lon="139.27966833114624"><ele>284.0</ele><time>2026-01-18T04:38:49.000Z</time><extensions/></trkpt><trkpt lat="35.85591059178114" lon="139.27967763505876"><ele>283.79998779296875</ele><time>2026-01-18T04:38:50.000Z</time><extensions/></trkpt><trkpt lat="35.85589944384992" lon="139.27968635223806"><ele>283.5999755859375</ele><time>2026-01-18T04:38:51.000Z</time><extensions/></trkpt><trkpt lat="35.855887373909354" lon="139.27969565615058"><ele>283.4000244140625</ele><time>2026-01-18T04:38:52.000Z</time><extensions/></trkpt><trkpt lat="35.855875639244914" lon="139.27970512770116"><ele>283.20001220703125</ele><time>2026-01-18T04:38:53.000Z</time><extensions/></trkpt><trkpt lat="35.85586323402822" lon="139.279712587595"><ele>283.0</ele><time>2026-01-18T04:38:54.000Z</time><extensions/></trkpt><trkpt lat="35.855851750820875" lon="139.27971853874624"><ele>282.79998779296875</ele><time>2026-01-18T04:38:55.000Z</time><extensions/></trkpt><trkpt lat="35.85583942942321" lon="139.2797271721065"><ele>282.5999755859375</ele><time>2026-01-18T04:38:56.000Z</time><extensions/></trkpt><trkpt lat="35.85582668893039" lon="139.27973764948547"><ele>282.4000244140625</ele><time>2026-01-18T04:38:57.000Z</time><extensions/></trkpt><trkpt lat="35.855815540999174" lon="139.27974846214056"><ele>282.4000244140625</ele><time>2026-01-18T04:38:58.000Z</time><extensions/></trkpt><trkpt lat="35.85570649243891" lon="139.2798186186701"><ele>281.20001220703125</ele><time>2026-01-18T04:39:07.000Z</time><extensions/></trkpt><trkpt lat="35.855585876852274" lon="139.2798786330968"><ele>280.5999755859375</ele><time>2026-01-18T04:39:16.000Z</time><extensions/></trkpt><trkpt lat="35.85549468174577" lon="139.27994501776993"><ele>281.0</ele><time>2026-01-18T04:39:24.000Z</time><extensions/></trkpt><trkpt lat="35.855439780279994" lon="139.27998759783804"><ele>281.5999755859375</ele><time>2026-01-18T04:39:29.000Z</time><extensions/></trkpt><trkpt lat="35.855434918776155" lon="139.28000109270215"><ele>281.5999755859375</ele><time>2026-01-18T04:39:30.000Z</time><extensions/></trkpt><trkpt lat="35.85543315857649" lon="139.28001693449914"><ele>281.79998779296875</ele><time>2026-01-18T04:39:31.000Z</time><extensions/></trkpt><trkpt lat="35.85540549829602" lon="139.28016026504338"><ele>281.5999755859375</ele><time>2026-01-18T04:39:41.000Z</time><extensions/></trkpt><trkpt lat="35.855380771681666" lon="139.2802525497973"><ele>280.20001220703125</ele><time>2026-01-18T04:39:49.000Z</time><extensions/></trkpt><trkpt lat="35.85536174476147" lon="139.28032572381198"><ele>278.20001220703125</ele><time>2026-01-18T04:39:58.000Z</time><extensions/></trkpt><trkpt lat="35.855307849124074" lon="139.28039135411382"><ele>275.0</ele><time>2026-01-18T04:40:08.000Z</time><extensions/></trkpt><trkpt lat="35.85525889880955" lon="139.28043846040964"><ele>272.0</ele><time>2026-01-18T04:40:16.000Z</time><extensions/></trkpt><trkpt lat="35.855224281549454" lon="139.28048715926707"><ele>269.5999755859375</ele><time>2026-01-18T04:40:23.000Z</time><extensions/></trkpt><trkpt lat="35.85521573200822" lon="139.28049872629344"><ele>269.20001220703125</ele><time>2026-01-18T04:40:24.000Z</time><extensions/></trkpt><trkpt lat="35.85520885884762" lon="139.28050979040563"><ele>268.79998779296875</ele><time>2026-01-18T04:40:25.000Z</time><extensions/></trkpt><trkpt lat="35.85520223714411" lon="139.28052169270813"><ele>268.5999755859375</ele><time>2026-01-18T04:40:26.000Z</time><extensions/></trkpt><trkpt lat="35.85519494488835" lon="139.28053468465805"><ele>268.20001220703125</ele><time>2026-01-18T04:40:27.000Z</time><extensions/></trkpt><trkpt lat="35.85514733567834" lon="139.2806222755462"><ele>266.5999755859375</ele><time>2026-01-18T04:40:36.000Z</time><extensions/></trkpt><trkpt lat="35.855070473626256" lon="139.28070617839694"><ele>268.5999755859375</ele><time>2026-01-18T04:40:49.000Z</time><extensions/></trkpt><trkpt lat="35.85501314140856" lon="139.28080215118825"><ele>271.5999755859375</ele><time>2026-01-18T04:41:01.000Z</time><extensions/></trkpt><trkpt lat="35.85498305037618" lon="139.2808968666941"><ele>274.0</ele><time>2026-01-18T04:41:11.000Z</time><extensions/></trkpt><trkpt lat="35.854978524148464" lon="139.28090943954885"><ele>274.20001220703125</ele><time>2026-01-18T04:41:12.000Z</time><extensions/></trkpt><trkpt lat="35.854994198307395" lon="139.2810031492263"><ele>274.79998779296875</ele><time>2026-01-18T04:41:21.000Z</time><extensions/></trkpt><trkpt lat="35.85502236150205" lon="139.2810818552971"><ele>272.4000244140625</ele><time>2026-01-18T04:41:31.000Z</time><extensions/></trkpt><trkpt lat="35.855079777538776" lon="139.28114589303732"><ele>269.20001220703125</ele><time>2026-01-18T04:41:41.000Z</time><extensions/></trkpt><trkpt lat="35.855086483061314" lon="139.28115603514016"><ele>268.79998779296875</ele><time>2026-01-18T04:41:42.000Z</time><extensions/></trkpt><trkpt lat="35.85515362210572" lon="139.28123163990676"><ele>266.20001220703125</ele><time>2026-01-18T04:41:50.000Z</time><extensions/></trkpt><trkpt lat="35.855207182466984" lon="139.28135057911277"><ele>263.79998779296875</ele><time>2026-01-18T04:41:59.000Z</time><extensions/></trkpt><trkpt lat="35.855241464450955" lon="139.28146767430007"><ele>262.0</ele><time>2026-01-18T04:42:07.000Z</time><extensions/></trkpt><trkpt lat="35.85527113638818" lon="139.28157387301326"><ele>259.79998779296875</ele><time>2026-01-18T04:42:16.000Z</time><extensions/></trkpt><trkpt lat="35.85527583025396" lon="139.28160765208304"><ele>258.79998779296875</ele><time>2026-01-18T04:42:19.000Z</time><extensions/></trkpt><trkpt lat="35.85528261959553" lon="139.28171837702394"><ele>256.0</ele><time>2026-01-18T04:42:28.000Z</time><extensions/></trkpt><trkpt lat="35.85527256131172" lon="139.28181887604296"><ele>253.4000244140625</ele><time>2026-01-18T04:42:36.000Z</time><extensions/></trkpt><trkpt lat="35.85525697097182" lon="139.28195575252175"><ele>250.0</ele><time>2026-01-18T04:42:47.000Z</time><extensions/></trkpt><trkpt lat="35.85525697097182" lon="139.28211676888168"><ele>247.0</ele><time>2026-01-18T04:42:59.000Z</time><extensions/></trkpt><trkpt lat="35.85530416108668" lon="139.2822246439755"><ele>247.79998779296875</ele><time>2026-01-18T04:43:13.000Z</time><extensions/></trkpt><trkpt lat="35.855363588780165" lon="139.28232212550938"><ele>250.5999755859375</ele><time>2026-01-18T04:43:26.000Z</time><extensions/></trkpt><trkpt lat="35.85545847192407" lon="139.28243963979185"><ele>251.79998779296875</ele><time>2026-01-18T04:43:39.000Z</time><extensions/></trkpt><trkpt lat="35.85560825653374" lon="139.2825251352042"><ele>250.4000244140625</ele><time>2026-01-18T04:43:53.000Z</time><extensions/></trkpt><trkpt lat="35.85573482327163" lon="139.28266377188265"><ele>250.0</ele><time>2026-01-18T04:44:07.000Z</time><extensions/></trkpt><trkpt lat="35.855800369754434" lon="139.28279704414308"><ele>249.5999755859375</ele><time>2026-01-18T04:44:17.000Z</time><extensions/></trkpt><trkpt lat="35.85580363869667" lon="139.28292612545192"><ele>248.4000244140625</ele><time>2026-01-18T04:44:25.000Z</time><extensions/></trkpt><trkpt lat="35.85580363869667" lon="139.2830053344369"><ele>248.20001220703125</ele><time>2026-01-18T04:44:33.000Z</time><extensions/></trkpt><trkpt lat="35.855816630646586" lon="139.28311279043555"><ele>250.4000244140625</ele><time>2026-01-18T04:44:45.000Z</time><extensions/></trkpt><trkpt lat="35.85585778579116" lon="139.28314371965826"><ele>251.79998779296875</ele><time>2026-01-18T04:44:54.000Z</time><extensions/></trkpt><trkpt lat="35.85589902475476" lon="139.28322887979448"><ele>250.20001220703125</ele><time>2026-01-18T04:45:04.000Z</time><extensions/></trkpt><trkpt lat="35.85594839416444" lon="139.2832870502025"><ele>247.0</ele><time>2026-01-18T04:45:14.000Z</time><extensions/></trkpt><trkpt lat="35.855989046394825" lon="139.2833169735968"><ele>243.79998779296875</ele><time>2026-01-18T04:45:22.000Z</time><extensions/></trkpt><trkpt lat="35.85603875108063" lon="139.28333792835474"><ele>242.0</ele><time>2026-01-18T04:45:27.000Z</time><extensions/></trkpt><trkpt lat="35.8561113383621" lon="139.2833924945444"><ele>239.20001220703125</ele><time>2026-01-18T04:45:35.000Z</time><extensions/></trkpt><trkpt lat="35.85611586458981" lon="139.28340766578913"><ele>239.0</ele><time>2026-01-18T04:45:36.000Z</time><extensions/></trkpt><trkpt lat="35.85617495700717" lon="139.28344999440014"><ele>236.4000244140625</ele><time>2026-01-18T04:45:44.000Z</time><extensions/></trkpt><trkpt lat="35.856184931471944" lon="139.28345485590398"><ele>236.0</ele><time>2026-01-18T04:45:45.000Z</time><extensions/></trkpt><trkpt lat="35.8561940677464" lon="139.28346357308328"><ele>235.5999755859375</ele><time>2026-01-18T04:45:46.000Z</time><extensions/></trkpt><trkpt lat="35.85620152764022" lon="139.28347539156675"><ele>235.4000244140625</ele><time>2026-01-18T04:45:47.000Z</time><extensions/></trkpt><trkpt lat="35.85620814934373" lon="139.2834873776883"><ele>235.0</ele><time>2026-01-18T04:45:48.000Z</time><extensions/></trkpt><trkpt lat="35.856241174042225" lon="139.28353079594672"><ele>232.79998779296875</ele><time>2026-01-18T04:45:55.000Z</time><extensions/></trkpt><trkpt lat="35.85632122121751" lon="139.2835460510105"><ele>230.4000244140625</ele><time>2026-01-18T04:46:04.000Z</time><extensions/></trkpt><trkpt lat="35.85641895420849" lon="139.2836480587721"><ele>227.20001220703125</ele><time>2026-01-18T04:46:17.000Z</time><extensions/></trkpt><trkpt lat="35.85647435858846" lon="139.28370421752334"><ele>224.5999755859375</ele><time>2026-01-18T04:46:26.000Z</time><extensions/></trkpt><trkpt lat="35.85654032416642" lon="139.28373774513602"><ele>221.20001220703125</ele><time>2026-01-18T04:46:36.000Z</time><extensions/></trkpt><trkpt lat="35.85659757256508" lon="139.28379641845822"><ele>218.20001220703125</ele><time>2026-01-18T04:46:46.000Z</time><extensions/></trkpt><trkpt lat="35.8566742669791" lon="139.28387981839478"><ele>215.20001220703125</ele><time>2026-01-18T04:46:56.000Z</time><extensions/></trkpt><trkpt lat="35.85668449290097" lon="139.28388928994536"><ele>214.79998779296875</ele><time>2026-01-18T04:46:57.000Z</time><extensions/></trkpt><trkpt lat="35.85669782012701" lon="139.28389616310596"><ele>214.4000244140625</ele><time>2026-01-18T04:46:58.000Z</time><extensions/></trkpt><trkpt lat="35.85671056061983" lon="139.28391326218843"><ele>214.0</ele><time>2026-01-18T04:47:00.000Z</time><extensions/></trkpt><trkpt lat="35.85675448179245" lon="139.28392625413835"><ele>212.79998779296875</ele><time>2026-01-18T04:47:04.000Z</time><extensions/></trkpt><trkpt lat="35.85678423754871" lon="139.28395165130496"><ele>211.79998779296875</ele><time>2026-01-18T04:47:08.000Z</time><extensions/></trkpt><trkpt lat="35.856792787089944" lon="139.2839633859694"><ele>211.5999755859375</ele><time>2026-01-18T04:47:09.000Z</time><extensions/></trkpt><trkpt lat="35.856836372986436" lon="139.28403379395604"><ele>209.5999755859375</ele><time>2026-01-18T04:47:17.000Z</time><extensions/></trkpt><trkpt lat="35.85684492252767" lon="139.284041589126"><ele>209.5999755859375</ele><time>2026-01-18T04:47:18.000Z</time><extensions/></trkpt><trkpt lat="35.856898818165064" lon="139.28405726328492"><ele>208.4000244140625</ele><time>2026-01-18T04:47:23.000Z</time><extensions/></trkpt><trkpt lat="35.856909630820155" lon="139.28406019695103"><ele>208.0</ele><time>2026-01-18T04:47:24.000Z</time><extensions/></trkpt><trkpt lat="35.85698414593935" lon="139.28412482142448"><ele>206.0</ele><time>2026-01-18T04:47:33.000Z</time><extensions/></trkpt><trkpt lat="35.8570178411901" lon="139.2841761186719"><ele>204.79998779296875</ele><time>2026-01-18T04:47:37.000Z</time><extensions/></trkpt><trkpt lat="35.857021948322654" lon="139.28419321775436"><ele>204.5999755859375</ele><time>2026-01-18T04:47:38.000Z</time><extensions/></trkpt><trkpt lat="35.85702706128359" lon="139.28420796990395"><ele>204.20001220703125</ele><time>2026-01-18T04:47:39.000Z</time><extensions/></trkpt><trkpt lat="35.857103085145354" lon="139.284311151132"><ele>202.4000244140625</ele><time>2026-01-18T04:47:48.000Z</time><extensions/></trkpt><trkpt lat="35.85714155808091" lon="139.28437284193933"><ele>200.5999755859375</ele><time>2026-01-18T04:47:56.000Z</time><extensions/></trkpt><trkpt lat="35.85722948424518" lon="139.28442489355803"><ele>198.4000244140625</ele><time>2026-01-18T04:48:06.000Z</time><extensions/></trkpt><trkpt lat="35.857302993535995" lon="139.28449689410627"><ele>197.0</ele><time>2026-01-18T04:48:13.000Z</time><extensions/></trkpt><trkpt lat="35.857371389865875" lon="139.28458968177438"><ele>195.5999755859375</ele><time>2026-01-18T04:48:21.000Z</time><extensions/></trkpt><trkpt lat="35.85739544592798" lon="139.2846005782485"><ele>195.0</ele><time>2026-01-18T04:48:23.000Z</time><extensions/></trkpt><trkpt lat="35.85740969516337" lon="139.2846021708101"><ele>194.79998779296875</ele><time>2026-01-18T04:48:24.000Z</time><extensions/></trkpt><trkpt lat="35.857445653527975" lon="139.2846587486565"><ele>193.4000244140625</ele><time>2026-01-18T04:48:30.000Z</time><extensions/></trkpt><trkpt lat="35.85745722055435" lon="139.28466788493097"><ele>193.20001220703125</ele><time>2026-01-18T04:48:31.000Z</time><extensions/></trkpt><trkpt lat="35.8574718888849" lon="139.28467283025384"><ele>193.0</ele><time>2026-01-18T04:48:32.000Z</time><extensions/></trkpt><trkpt lat="35.85756844840944" lon="139.2847184278071"><ele>191.20001220703125</ele><time>2026-01-18T04:48:40.000Z</time><extensions/></trkpt><trkpt lat="35.85762636736035" lon="139.2847839742899"><ele>190.20001220703125</ele><time>2026-01-18T04:48:47.000Z</time><extensions/></trkpt><trkpt lat="35.857631396502256" lon="139.28479914553463"><ele>190.0</ele><time>2026-01-18T04:48:48.000Z</time><extensions/></trkpt><trkpt lat="35.85763709619641" lon="139.28481842391193"><ele>190.0</ele><time>2026-01-18T04:48:49.000Z</time><extensions/></trkpt><trkpt lat="35.857642125338316" lon="139.2848360259086"><ele>189.79998779296875</ele><time>2026-01-18T04:48:50.000Z</time><extensions/></trkpt><trkpt lat="35.85768185555935" lon="139.28494825959206"><ele>188.20001220703125</ele><time>2026-01-18T04:48:58.000Z</time><extensions/></trkpt><trkpt lat="35.85769074037671" lon="139.28495915606618"><ele>188.0</ele><time>2026-01-18T04:48:59.000Z</time><extensions/></trkpt><trkpt lat="35.857696859166026" lon="139.28497105836868"><ele>187.79998779296875</ele><time>2026-01-18T04:49:00.000Z</time><extensions/></trkpt><trkpt lat="35.8577052410692" lon="139.2849819548428"><ele>187.5999755859375</ele><time>2026-01-18T04:49:01.000Z</time><extensions/></trkpt><trkpt lat="35.857713874429464" lon="139.28499628789723"><ele>187.20001220703125</ele><time>2026-01-18T04:49:02.000Z</time><extensions/></trkpt><trkpt lat="35.85771965794265" lon="139.28501078858972"><ele>187.0</ele><time>2026-01-18T04:49:03.000Z</time><extensions/></trkpt><trkpt lat="35.85772502236068" lon="139.2850250378251"><ele>186.79998779296875</ele><time>2026-01-18T04:49:04.000Z</time><extensions/></trkpt><trkpt lat="35.85774002596736" lon="139.28504498675466"><ele>186.20001220703125</ele><time>2026-01-18T04:49:06.000Z</time><extensions/></trkpt><trkpt lat="35.85774899460375" lon="139.2850575596094"><ele>186.0</ele><time>2026-01-18T04:49:07.000Z</time><extensions/></trkpt><trkpt lat="35.85775486193597" lon="139.28507055155933"><ele>185.5999755859375</ele><time>2026-01-18T04:49:08.000Z</time><extensions/></trkpt><trkpt lat="35.857762321829796" lon="139.28508362732828"><ele>185.4000244140625</ele><time>2026-01-18T04:49:09.000Z</time><extensions/></trkpt><trkpt lat="35.85777673870325" lon="139.28512168116868"><ele>184.79998779296875</ele><time>2026-01-18T04:49:12.000Z</time><extensions/></trkpt><trkpt lat="35.857793083414435" lon="139.2851587291807"><ele>184.20001220703125</ele><time>2026-01-18T04:49:15.000Z</time><extensions/></trkpt><trkpt lat="35.85779878310859" lon="139.28517314605415"><ele>184.0</ele><time>2026-01-18T04:49:16.000Z</time><extensions/></trkpt><trkpt lat="35.857806326821446" lon="139.28518689237535"><ele>183.5999755859375</ele><time>2026-01-18T04:49:17.000Z</time><extensions/></trkpt><trkpt lat="35.85781328380108" lon="139.28520223125815"><ele>183.4000244140625</ele><time>2026-01-18T04:49:18.000Z</time><extensions/></trkpt><trkpt lat="35.857821833342314" lon="139.2852166481316"><ele>183.20001220703125</ele><time>2026-01-18T04:49:19.000Z</time><extensions/></trkpt><trkpt lat="35.857833148911595" lon="139.28522704169154"><ele>183.0</ele><time>2026-01-18T04:49:20.000Z</time><extensions/></trkpt><trkpt lat="35.85784454829991" lon="139.28523684851825"><ele>182.79998779296875</ele><time>2026-01-18T04:49:21.000Z</time><extensions/></trkpt><trkpt lat="35.85790607146919" lon="139.28530071862042"><ele>181.5999755859375</ele><time>2026-01-18T04:49:28.000Z</time><extensions/></trkpt><trkpt lat="35.85791738703847" lon="139.28531186655164"><ele>181.5999755859375</ele><time>2026-01-18T04:49:29.000Z</time><extensions/></trkpt><trkpt lat="35.857930798083544" lon="139.28532376885414"><ele>181.4000244140625</ele><time>2026-01-18T04:49:30.000Z</time><extensions/></trkpt><trkpt lat="35.857942029833794" lon="139.285336593166"><ele>181.4000244140625</ele><time>2026-01-18T04:49:31.000Z</time><extensions/></trkpt><trkpt lat="35.85795359686017" lon="139.28535084240139"><ele>181.20001220703125</ele><time>2026-01-18T04:49:32.000Z</time><extensions/></trkpt><trkpt lat="35.857963655143976" lon="139.2853643372655"><ele>181.20001220703125</ele><time>2026-01-18T04:49:33.000Z</time><extensions/></trkpt><trkpt lat="35.85798813030124" lon="139.28538118489087"><ele>181.0</ele><time>2026-01-18T04:49:35.000Z</time><extensions/></trkpt><trkpt lat="35.85799986496568" lon="139.28538713604212"><ele>180.79998779296875</ele><time>2026-01-18T04:49:36.000Z</time><extensions/></trkpt><trkpt lat="35.85800774395466" lon="139.28539543412626"><ele>180.5999755859375</ele><time>2026-01-18T04:49:37.000Z</time><extensions/></trkpt><trkpt lat="35.858031967654824" lon="139.2854557838291"><ele>179.79998779296875</ele><time>2026-01-18T04:49:43.000Z</time><extensions/></trkpt><trkpt lat="35.85805417969823" lon="139.28549425676465"><ele>179.4000244140625</ele><time>2026-01-18T04:49:46.000Z</time><extensions/></trkpt><trkpt lat="35.85811922326684" lon="139.2855911515653"><ele>178.20001220703125</ele><time>2026-01-18T04:49:54.000Z</time><extensions/></trkpt><trkpt lat="35.85812173783779" lon="139.28560581989586"><ele>178.0</ele><time>2026-01-18T04:49:55.000Z</time><extensions/></trkpt><trkpt lat="35.858126850798726" lon="139.2856191471219"><ele>177.79998779296875</ele><time>2026-01-18T04:49:56.000Z</time><extensions/></trkpt><trkpt lat="35.85813053883612" lon="139.2856333963573"><ele>177.5999755859375</ele><time>2026-01-18T04:49:57.000Z</time><extensions/></trkpt><trkpt lat="35.85814009420574" lon="139.28565787151456"><ele>177.20001220703125</ele><time>2026-01-18T04:49:59.000Z</time><extensions/></trkpt><trkpt lat="35.858149230480194" lon="139.28566876798868"><ele>177.0</ele><time>2026-01-18T04:50:00.000Z</time><extensions/></trkpt><trkpt lat="35.85815794765949" lon="139.28568083792925"><ele>176.5999755859375</ele><time>2026-01-18T04:50:01.000Z</time><extensions/></trkpt><trkpt lat="35.85816708393395" lon="139.28569332696497"><ele>176.4000244140625</ele><time>2026-01-18T04:50:02.000Z</time><extensions/></trkpt><trkpt lat="35.85817638784647" lon="139.28570455871522"><ele>176.20001220703125</ele><time>2026-01-18T04:50:03.000Z</time><extensions/></trkpt><trkpt lat="35.85818619467318" lon="139.28571486845613"><ele>176.0</ele><time>2026-01-18T04:50:04.000Z</time><extensions/></trkpt><trkpt lat="35.85823933593929" lon="139.28580866195261"><ele>174.20001220703125</ele><time>2026-01-18T04:50:12.000Z</time><extensions/></trkpt><trkpt lat="35.85828443057835" lon="139.28588015958667"><ele>173.4000244140625</ele><time>2026-01-18T04:50:18.000Z</time><extensions/></trkpt><trkpt lat="35.85829256102443" lon="139.28589365445077"><ele>173.20001220703125</ele><time>2026-01-18T04:50:19.000Z</time><extensions/></trkpt><trkpt lat="35.85830044001341" lon="139.28590656258166"><ele>173.0</ele><time>2026-01-18T04:50:20.000Z</time><extensions/></trkpt><trkpt lat="35.85830572061241" lon="139.28592022508383"><ele>173.0</ele><time>2026-01-18T04:50:21.000Z</time><extensions/></trkpt><trkpt lat="35.85830974392593" lon="139.2859349772334"><ele>172.79998779296875</ele><time>2026-01-18T04:50:22.000Z</time><extensions/></trkpt><trkpt lat="35.858315359801054" lon="139.28594889119267"><ele>172.5999755859375</ele><time>2026-01-18T04:50:23.000Z</time><extensions/></trkpt><trkpt lat="35.85832114331424" lon="139.28596406243742"><ele>172.4000244140625</ele><time>2026-01-18T04:50:24.000Z</time><extensions/></trkpt><trkpt lat="35.858374033123255" lon="139.28606715984643"><ele>171.4000244140625</ele><time>2026-01-18T04:50:32.000Z</time><extensions/></trkpt><trkpt lat="35.85840848274529" lon="139.28614972159266"><ele>170.5999755859375</ele><time>2026-01-18T04:50:39.000Z</time><extensions/></trkpt><trkpt lat="35.858460031449795" lon="139.2862542439252"><ele>169.79998779296875</ele><time>2026-01-18T04:50:47.000Z</time><extensions/></trkpt><trkpt lat="35.858460534363985" lon="139.28627075627446"><ele>169.5999755859375</ele><time>2026-01-18T04:50:48.000Z</time><extensions/></trkpt><trkpt lat="35.85846371948719" lon="139.2862861789763"><ele>169.4000244140625</ele><time>2026-01-18T04:50:49.000Z</time><extensions/></trkpt><trkpt lat="35.858471766114235" lon="139.28629925474524"><ele>169.4000244140625</ele><time>2026-01-18T04:50:50.000Z</time><extensions/></trkpt><trkpt lat="35.85847738198936" lon="139.28631325252354"><ele>169.20001220703125</ele><time>2026-01-18T04:50:51.000Z</time><extensions/></trkpt><trkpt lat="35.85849649272859" lon="139.28634032607079"><ele>169.0</ele><time>2026-01-18T04:50:53.000Z</time><extensions/></trkpt><trkpt lat="35.858508143574" lon="139.286351474002"><ele>169.0</ele><time>2026-01-18T04:50:54.000Z</time><extensions/></trkpt><trkpt lat="35.85851266980171" lon="139.28636589087546"><ele>169.0</ele><time>2026-01-18T04:50:55.000Z</time><extensions/></trkpt><trkpt lat="35.85851702839136" lon="139.28639229387045"><ele>168.79998779296875</ele><time>2026-01-18T04:50:57.000Z</time><extensions/></trkpt><trkpt lat="35.85851744748652" lon="139.28642213344574"><ele>168.5999755859375</ele><time>2026-01-18T04:50:59.000Z</time><extensions/></trkpt><trkpt lat="35.8585218898952" lon="139.28643671795726"><ele>168.5999755859375</ele><time>2026-01-18T04:51:00.000Z</time><extensions/></trkpt><trkpt lat="35.858554327860475" lon="139.28655833937228"><ele>167.5999755859375</ele><time>2026-01-18T04:51:09.000Z</time><extensions/></trkpt><trkpt lat="35.858564637601376" lon="139.28658155724406"><ele>167.4000244140625</ele><time>2026-01-18T04:51:11.000Z</time><extensions/></trkpt><trkpt lat="35.8586170244962" lon="139.28670812398195"><ele>166.79998779296875</ele><time>2026-01-18T04:51:19.000Z</time><extensions/></trkpt><trkpt lat="35.85868835449219" lon="139.28677945397794"><ele>166.0</ele><time>2026-01-18T04:51:27.000Z</time><extensions/></trkpt><trkpt lat="35.85880427621305" lon="139.2868678830564"><ele>164.4000244140625</ele><time>2026-01-18T04:51:37.000Z</time><extensions/></trkpt><trkpt lat="35.858825482428074" lon="139.2869278974831"><ele>163.79998779296875</ele><time>2026-01-18T04:51:42.000Z</time><extensions/></trkpt><trkpt lat="35.858826488256454" lon="139.28694332018495"><ele>163.5999755859375</ele><time>2026-01-18T04:51:43.000Z</time><extensions/></trkpt><trkpt lat="35.8588482812047" lon="139.28699118085206"><ele>163.20001220703125</ele><time>2026-01-18T04:51:47.000Z</time><extensions/></trkpt><trkpt lat="35.85891215130687" lon="139.2871168255806"><ele>162.20001220703125</ele><time>2026-01-18T04:51:57.000Z</time><extensions/></trkpt><trkpt lat="35.85895665921271" lon="139.28725278005004"><ele>161.20001220703125</ele><time>2026-01-18T04:52:06.000Z</time><extensions/></trkpt><trkpt lat="35.85903846658766" lon="139.287395356223"><ele>160.20001220703125</ele><time>2026-01-18T04:52:17.000Z</time><extensions/></trkpt><trkpt lat="35.85906067863107" lon="139.2874321527779"><ele>159.5999755859375</ele><time>2026-01-18T04:52:20.000Z</time><extensions/></trkpt><trkpt lat="35.85907786153257" lon="139.28750524297357"><ele>158.5999755859375</ele><time>2026-01-18T04:52:25.000Z</time><extensions/></trkpt><trkpt lat="35.8591091260314" lon="139.28759484551847"><ele>158.20001220703125</ele><time>2026-01-18T04:52:31.000Z</time><extensions/></trkpt><trkpt lat="35.85910485126078" lon="139.28761697374284"><ele>158.20001220703125</ele><time>2026-01-18T04:52:33.000Z</time><extensions/></trkpt><trkpt lat="35.859090434387326" lon="139.28762828931212"><ele>157.5999755859375</ele><time>2026-01-18T04:52:40.000Z</time><extensions/></trkpt><trkpt lat="35.85911809466779" lon="139.2876953445375"><ele>156.5999755859375</ele><time>2026-01-18T04:53:16.000Z</time><extensions/></trkpt><trkpt lat="35.85920887067914" lon="139.28782735951245"><ele>157.20001220703125</ele><time>2026-01-18T04:53:28.000Z</time><extensions/></trkpt><trkpt lat="35.85927768610418" lon="139.28792643360794"><ele>157.4000244140625</ele><time>2026-01-18T04:53:38.000Z</time><extensions/></trkpt><trkpt lat="35.85929872468114" lon="139.28795157931745"><ele>157.4000244140625</ele><time>2026-01-18T04:53:41.000Z</time><extensions/></trkpt><trkpt lat="35.85941908881068" lon="139.28810354322195"><ele>158.0</ele><time>2026-01-18T04:53:54.000Z</time><extensions/></trkpt><trkpt lat="35.85945814847946" lon="139.28824494592845"><ele>158.0</ele><time>2026-01-18T04:54:03.000Z</time><extensions/></trkpt><trkpt lat="35.85940391756594" lon="139.28838232532144"><ele>157.5999755859375</ele><time>2026-01-18T04:54:12.000Z</time><extensions/></trkpt><trkpt lat="35.85930752567947" lon="139.28854225203395"><ele>157.4000244140625</ele><time>2026-01-18T04:54:24.000Z</time><extensions/></trkpt><trkpt lat="35.85921389982104" lon="139.28868373855948"><ele>157.4000244140625</ele><time>2026-01-18T04:54:35.000Z</time><extensions/></trkpt><trkpt lat="35.85908968001604" lon="139.28883218206465"><ele>157.4000244140625</ele><time>2026-01-18T04:54:48.000Z</time><extensions/></trkpt><trkpt lat="35.85895732976496" lon="139.2889089602977"><ele>157.5999755859375</ele><time>2026-01-18T04:55:00.000Z</time><extensions/></trkpt><trkpt lat="35.85880025289953" lon="139.28892781957984"><ele>157.4000244140625</ele><time>2026-01-18T04:55:12.000Z</time><extensions/></trkpt><trkpt lat="35.858687851578" lon="139.28893335163593"><ele>157.4000244140625</ele><time>2026-01-18T04:55:20.000Z</time><extensions/></trkpt><trkpt lat="35.858546951785684" lon="139.2889568209648"><ele>157.4000244140625</ele><time>2026-01-18T04:55:31.000Z</time><extensions/></trkpt><trkpt lat="35.8585374802351" lon="139.28896185010672"><ele>157.4000244140625</ele><time>2026-01-18T04:55:37.000Z</time><extensions/></trkpt><trkpt lat="35.858550891280174" lon="139.28897593170404"><ele>156.79998779296875</ele><time>2026-01-18T04:57:53.000Z</time><extensions/></trkpt><trkpt lat="35.85855374112725" lon="139.28901457227767"><ele>156.79998779296875</ele><time>2026-01-18T04:57:56.000Z</time><extensions/></trkpt><trkpt lat="35.85856648162007" lon="139.28905019536614"><ele>156.79998779296875</ele><time>2026-01-18T04:57:59.000Z</time><extensions/></trkpt><trkpt lat="35.85857821628451" lon="139.2890588287264"><ele>156.79998779296875</ele><time>2026-01-18T04:58:00.000Z</time><extensions/></trkpt><trkpt lat="35.85859179496765" lon="139.2890664562583"><ele>156.79998779296875</ele><time>2026-01-18T04:58:01.000Z</time><extensions/></trkpt><trkpt lat="35.85860696621239" lon="139.28907249122858"><ele>156.79998779296875</ele><time>2026-01-18T04:58:02.000Z</time><extensions/></trkpt><trkpt lat="35.858622221276164" lon="139.28907609544694"><ele>156.79998779296875</ele><time>2026-01-18T04:58:03.000Z</time><extensions/></trkpt><trkpt lat="35.85879849269986" lon="139.28909118287265"><ele>156.0</ele><time>2026-01-18T04:58:15.000Z</time><extensions/></trkpt><trkpt lat="35.85898499004543" lon="139.28904944099486"><ele>154.5999755859375</ele><time>2026-01-18T04:58:28.000Z</time><extensions/></trkpt><trkpt lat="35.859167547896504" lon="139.28899462334812"><ele>153.20001220703125</ele><time>2026-01-18T04:58:41.000Z</time><extensions/></trkpt><trkpt lat="35.85936049930751" lon="139.2888801265508"><ele>151.5999755859375</ele><time>2026-01-18T04:58:56.000Z</time><extensions/></trkpt><trkpt lat="35.85949913598597" lon="139.28871852345765"><ele>150.0</ele><time>2026-01-18T04:59:10.000Z</time><extensions/></trkpt><trkpt lat="35.85961983539164" lon="139.28854577243328"><ele>148.5999755859375</ele><time>2026-01-18T04:59:23.000Z</time><extensions/></trkpt><trkpt lat="35.85976207628846" lon="139.2883959878236"><ele>146.79998779296875</ele><time>2026-01-18T04:59:36.000Z</time><extensions/></trkpt><trkpt lat="35.859885876998305" lon="139.28826799616218"><ele>145.5999755859375</ele><time>2026-01-18T04:59:47.000Z</time><extensions/></trkpt><trkpt lat="35.86002677679062" lon="139.2881853505969"><ele>144.5999755859375</ele><time>2026-01-18T04:59:58.000Z</time><extensions/></trkpt><trkpt lat="35.86015962995589" lon="139.28821745328605"><ele>144.20001220703125</ele><time>2026-01-18T05:00:09.000Z</time><extensions/></trkpt><trkpt lat="35.860166335478425" lon="139.28841861896217"><ele>144.0</ele><time>2026-01-18T05:00:21.000Z</time><extensions/></trkpt><trkpt lat="35.86011512205005" lon="139.28854359313846"><ele>143.4000244140625</ele><time>2026-01-18T05:00:29.000Z</time><extensions/></trkpt><trkpt lat="35.860030548647046" lon="139.28867158479989"><ele>143.0</ele><time>2026-01-18T05:00:38.000Z</time><extensions/></trkpt><trkpt lat="35.860009929165244" lon="139.2888227943331"><ele>142.79998779296875</ele><time>2026-01-18T05:00:47.000Z</time><extensions/></trkpt><trkpt lat="35.85996089503169" lon="139.2889298312366"><ele>142.5999755859375</ele><time>2026-01-18T05:00:54.000Z</time><extensions/></trkpt><trkpt lat="35.85987447760999" lon="139.28905237466097"><ele>142.0</ele><time>2026-01-18T05:01:03.000Z</time><extensions/></trkpt><trkpt lat="35.859782779589295" lon="139.2892073560506"><ele>142.20001220703125</ele><time>2026-01-18T05:01:14.000Z</time><extensions/></trkpt><trkpt lat="35.8596839569509" lon="139.2893717251718"><ele>141.20001220703125</ele><time>2026-01-18T05:01:25.000Z</time><extensions/></trkpt><trkpt lat="35.859594354406" lon="139.28953542374074"><ele>140.5999755859375</ele><time>2026-01-18T05:01:36.000Z</time><extensions/></trkpt><trkpt lat="35.85949477739632" lon="139.28969954140484"><ele>140.20001220703125</ele><time>2026-01-18T05:01:48.000Z</time><extensions/></trkpt><trkpt lat="35.859387991949916" lon="139.2898780759424"><ele>139.79998779296875</ele><time>2026-01-18T05:02:01.000Z</time><extensions/></trkpt><trkpt lat="35.85928506217897" lon="139.29002895019948"><ele>139.4000244140625</ele><time>2026-01-18T05:02:12.000Z</time><extensions/></trkpt><trkpt lat="35.85921557620168" lon="139.29013213142753"><ele>139.20001220703125</ele><time>2026-01-18T05:02:20.000Z</time><extensions/></trkpt><trkpt lat="35.85911164060235" lon="139.2903279326856"><ele>139.0</ele><time>2026-01-18T05:02:34.000Z</time><extensions/></trkpt><trkpt lat="35.859014661982656" lon="139.2905248235911"><ele>138.5999755859375</ele><time>2026-01-18T05:02:47.000Z</time><extensions/></trkpt><trkpt lat="35.85895129479468" lon="139.29066153243184"><ele>138.4000244140625</ele><time>2026-01-18T05:02:56.000Z</time><extensions/></trkpt><trkpt lat="35.85888348519802" lon="139.29082967340946"><ele>138.20001220703125</ele><time>2026-01-18T05:03:07.000Z</time><extensions/></trkpt><trkpt lat="35.85882933810353" lon="139.29099898785353"><ele>138.20001220703125</ele><time>2026-01-18T05:03:17.000Z</time><extensions/></trkpt><trkpt lat="35.85877485573292" lon="139.2911529634148"><ele>137.79998779296875</ele><time>2026-01-18T05:03:26.000Z</time><extensions/></trkpt><trkpt lat="35.85870419628918" lon="139.2913686297834"><ele>137.79998779296875</ele><time>2026-01-18T05:03:39.000Z</time><extensions/></trkpt><trkpt lat="35.85863135755062" lon="139.2915877327323"><ele>137.5999755859375</ele><time>2026-01-18T05:03:53.000Z</time><extensions/></trkpt><trkpt lat="35.85856187157333" lon="139.2918340768665"><ele>137.4000244140625</ele><time>2026-01-18T05:04:08.000Z</time><extensions/></trkpt><trkpt lat="35.85851258598268" lon="139.29200774990022"><ele>137.20001220703125</ele><time>2026-01-18T05:04:19.000Z</time><extensions/></trkpt><trkpt lat="35.858456175774336" lon="139.29218963719904"><ele>137.0</ele><time>2026-01-18T05:04:30.000Z</time><extensions/></trkpt><trkpt lat="35.858405381441116" lon="139.29237437434494"><ele>136.79998779296875</ele><time>2026-01-18T05:04:41.000Z</time><extensions/></trkpt><trkpt lat="35.85835366509855" lon="139.29256103932858"><ele>136.5999755859375</ele><time>2026-01-18T05:04:52.000Z</time><extensions/></trkpt><trkpt lat="35.85827898234129" lon="139.2927960678935"><ele>136.4000244140625</ele><time>2026-01-18T05:05:06.000Z</time><extensions/></trkpt><trkpt lat="35.85822248831391" lon="139.2930048611015"><ele>136.20001220703125</ele><time>2026-01-18T05:05:18.000Z</time><extensions/></trkpt><trkpt lat="35.85818778723478" lon="139.29320141673088"><ele>135.79998779296875</ele><time>2026-01-18T05:05:30.000Z</time><extensions/></trkpt><trkpt lat="35.858315443620086" lon="139.29330132901669"><ele>135.20001220703125</ele><time>2026-01-18T05:05:41.000Z</time><extensions/></trkpt><trkpt lat="35.85845684632659" lon="139.2933874949813"><ele>134.4000244140625</ele><time>2026-01-18T05:05:52.000Z</time><extensions/></trkpt><trkpt lat="35.858577378094196" lon="139.29349486716092"><ele>134.0</ele><time>2026-01-18T05:06:03.000Z</time><extensions/></trkpt><trkpt lat="35.85866396315396" lon="139.2935428954661"><ele>133.4000244140625</ele><time>2026-01-18T05:06:12.000Z</time><extensions/></trkpt><trkpt lat="35.8587031904608" lon="139.2935606651008"><ele>131.79998779296875</ele><time>2026-01-18T05:06:23.000Z</time><extensions/></trkpt><trkpt lat="35.85876219905913" lon="139.29360114969313"><ele>129.5999755859375</ele><time>2026-01-18T05:06:34.000Z</time><extensions/></trkpt><trkpt lat="35.858808970078826" lon="139.2936214338988"><ele>126.5999755859375</ele><time>2026-01-18T05:06:43.000Z</time><extensions/></trkpt><trkpt lat="35.8588620275259" lon="139.29364196956158"><ele>123.5999755859375</ele><time>2026-01-18T05:06:51.000Z</time><extensions/></trkpt><trkpt lat="35.85893905721605" lon="139.2936824541539"><ele>120.20001220703125</ele><time>2026-01-18T05:07:00.000Z</time><extensions/></trkpt><trkpt lat="35.858981469646096" lon="139.2938616592437"><ele>117.79998779296875</ele><time>2026-01-18T05:07:11.000Z</time><extensions/></trkpt><trkpt lat="35.858991192653775" lon="139.294042121619"><ele>117.0</ele><time>2026-01-18T05:07:22.000Z</time><extensions/></trkpt><trkpt lat="35.85897811688483" lon="139.29418679326773"><ele>116.5999755859375</ele><time>2026-01-18T05:07:31.000Z</time><extensions/></trkpt><trkpt lat="35.85897032171488" lon="139.2942612245679"><ele>116.4000244140625</ele><time>2026-01-18T05:07:37.000Z</time><extensions/></trkpt><trkpt lat="35.85898322984576" lon="139.29430212825537"><ele>115.4000244140625</ele><time>2026-01-18T05:07:44.000Z</time><extensions/></trkpt><trkpt lat="35.85901893675327" lon="139.29429944604635"><ele>114.4000244140625</ele><time>2026-01-18T05:07:50.000Z</time><extensions/></trkpt><trkpt lat="35.85909613408148" lon="139.2943241726607"><ele>113.0</ele><time>2026-01-18T05:08:01.000Z</time><extensions/></trkpt><trkpt lat="35.859165620058775" lon="139.2943429481238"><ele>112.79998779296875</ele><time>2026-01-18T05:08:13.000Z</time><extensions/></trkpt><trkpt lat="35.85924415849149" lon="139.2943801637739"><ele>113.0</ele><time>2026-01-18T05:08:27.000Z</time><extensions/></trkpt><trkpt lat="35.85928623564541" lon="139.29436759091914"><ele>114.5999755859375</ele><time>2026-01-18T05:08:36.000Z</time><extensions/></trkpt><trkpt lat="35.85932814516127" lon="139.2943984363228"><ele>117.0</ele><time>2026-01-18T05:08:48.000Z</time><extensions/></trkpt><trkpt lat="35.85935748182237" lon="139.29445476271212"><ele>120.0</ele><time>2026-01-18T05:09:02.000Z</time><extensions/></trkpt><trkpt lat="35.859443228691816" lon="139.2944179661572"><ele>122.79998779296875</ele><time>2026-01-18T05:09:15.000Z</time><extensions/></trkpt><trkpt lat="35.85953635163605" lon="139.2943510785699"><ele>124.79998779296875</ele><time>2026-01-18T05:09:31.000Z</time><extensions/></trkpt><trkpt lat="35.859606424346566" lon="139.29434747435153"><ele>127.20001220703125</ele><time>2026-01-18T05:09:42.000Z</time><extensions/></trkpt><trkpt lat="35.85964808240533" lon="139.29436356760561"><ele>128.79998779296875</ele><time>2026-01-18T05:10:08.000Z</time><extensions/></trkpt><trkpt lat="35.85966627113521" lon="139.2943315487355"><ele>129.20001220703125</ele><time>2026-01-18T05:10:14.000Z</time><extensions/></trkpt><trkpt lat="35.859670797362924" lon="139.29431797005236"><ele>129.4000244140625</ele><time>2026-01-18T05:10:15.000Z</time><extensions/></trkpt><trkpt lat="35.85967557504773" lon="139.29430372081697"><ele>129.4000244140625</ele><time>2026-01-18T05:10:16.000Z</time><extensions/></trkpt><trkpt lat="35.85967792198062" lon="139.2942913994193"><ele>129.5999755859375</ele><time>2026-01-18T05:10:17.000Z</time><extensions/></trkpt><trkpt lat="35.85967909544706" lon="139.2942786589265"><ele>129.5999755859375</ele><time>2026-01-18T05:10:18.000Z</time><extensions/></trkpt><trkpt lat="35.8597547840327" lon="139.2941525951028"><ele>129.79998779296875</ele><time>2026-01-18T05:10:28.000Z</time><extensions/></trkpt><trkpt lat="35.85977766662836" lon="139.2941518407315"><ele>129.79998779296875</ele><time>2026-01-18T05:10:30.000Z</time><extensions/></trkpt><trkpt lat="35.85981178097427" lon="139.29414211772382"><ele>130.0</ele><time>2026-01-18T05:10:33.000Z</time><extensions/></trkpt><trkpt lat="35.85982418619096" lon="139.29413323290646"><ele>130.0</ele><time>2026-01-18T05:10:34.000Z</time><extensions/></trkpt><trkpt lat="35.85983566939831" lon="139.29412183351815"><ele>130.0</ele><time>2026-01-18T05:10:35.000Z</time><extensions/></trkpt><trkpt lat="35.85984539240599" lon="139.2941076681018"><ele>130.0</ele><time>2026-01-18T05:10:36.000Z</time><extensions/></trkpt><trkpt lat="35.85985385812819" lon="139.29409216158092"><ele>130.0</ele><time>2026-01-18T05:10:37.000Z</time><extensions/></trkpt><trkpt lat="35.85986156947911" lon="139.29407657124102"><ele>130.0</ele><time>2026-01-18T05:10:38.000Z</time><extensions/></trkpt><trkpt lat="35.85996123030782" lon="139.29397515021265"><ele>130.20001220703125</ele><time>2026-01-18T05:10:48.000Z</time><extensions/></trkpt><trkpt lat="35.86007824167609" lon="139.29400683380663"><ele>130.20001220703125</ele><time>2026-01-18T05:10:57.000Z</time><extensions/></trkpt><trkpt lat="35.86021168157458" lon="139.29407355375588"><ele>130.5999755859375</ele><time>2026-01-18T05:11:07.000Z</time><extensions/></trkpt><trkpt lat="35.86032114923" lon="139.2941307183355"><ele>130.5999755859375</ele><time>2026-01-18T05:11:16.000Z</time><extensions/></trkpt><trkpt lat="35.86044109426439" lon="139.2941790819168"><ele>130.79998779296875</ele><time>2026-01-18T05:11:25.000Z</time><extensions/></trkpt><trkpt lat="35.86055492050946" lon="139.29426725953817"><ele>131.0</ele><time>2026-01-18T05:11:35.000Z</time><extensions/></trkpt><trkpt lat="35.8606890309602" lon="139.29442609660327"><ele>131.4000244140625</ele><time>2026-01-18T05:11:47.000Z</time><extensions/></trkpt><trkpt lat="35.86086597293615" lon="139.29453279823065"><ele>132.0</ele><time>2026-01-18T05:11:59.000Z</time><extensions/></trkpt><trkpt lat="35.86095046252012" lon="139.29459918290377"><ele>132.5999755859375</ele><time>2026-01-18T05:12:06.000Z</time><extensions/></trkpt><trkpt lat="35.86094878613949" lon="139.2946212273091"><ele>132.5999755859375</ele><time>2026-01-18T05:12:07.000Z</time><extensions/></trkpt><trkpt lat="35.86094551719725" lon="139.29465517401695"><ele>132.79998779296875</ele><time>2026-01-18T05:12:09.000Z</time><extensions/></trkpt><trkpt lat="35.860949540510774" lon="139.2946719378233"><ele>132.79998779296875</ele><time>2026-01-18T05:12:10.000Z</time><extensions/></trkpt><trkpt lat="35.86095507256687" lon="139.29468878544867"><ele>132.79998779296875</ele><time>2026-01-18T05:12:11.000Z</time><extensions/></trkpt><trkpt lat="35.86094895377755" lon="139.2948257457465"><ele>133.0</ele><time>2026-01-18T05:12:19.000Z</time><extensions/></trkpt><trkpt lat="35.86088307201862" lon="139.29501618258655"><ele>133.20001220703125</ele><time>2026-01-18T05:12:30.000Z</time><extensions/></trkpt><trkpt lat="35.86082833819091" lon="139.29518843069673"><ele>133.4000244140625</ele><time>2026-01-18T05:12:41.000Z</time><extensions/></trkpt><trkpt lat="35.860798079520464" lon="139.2953289952129"><ele>133.20001220703125</ele><time>2026-01-18T05:12:50.000Z</time><extensions/></trkpt><trkpt lat="35.86073974147439" lon="139.29548087529838"><ele>133.20001220703125</ele><time>2026-01-18T05:12:59.000Z</time><extensions/></trkpt><trkpt lat="35.86068794131279" lon="139.29565303958952"><ele>133.4000244140625</ele><time>2026-01-18T05:13:09.000Z</time><extensions/></trkpt><trkpt lat="35.86062675341964" lon="139.2957930173725"><ele>133.5999755859375</ele><time>2026-01-18T05:13:18.000Z</time><extensions/></trkpt><trkpt lat="35.86058735847473" lon="139.29595998488367"><ele>133.5999755859375</ele><time>2026-01-18T05:13:28.000Z</time><extensions/></trkpt><trkpt lat="35.86053262464702" lon="139.2961437162012"><ele>133.4000244140625</ele><time>2026-01-18T05:13:39.000Z</time><extensions/></trkpt><trkpt lat="35.860471688210964" lon="139.29632434621453"><ele>133.4000244140625</ele><time>2026-01-18T05:13:50.000Z</time><extensions/></trkpt><trkpt lat="35.86042122915387" lon="139.29649164900184"><ele>133.20001220703125</ele><time>2026-01-18T05:14:00.000Z</time><extensions/></trkpt><trkpt lat="35.86038828827441" lon="139.296645373106"><ele>132.79998779296875</ele><time>2026-01-18T05:14:09.000Z</time><extensions/></trkpt><trkpt lat="35.86035568267107" lon="139.2967941518873"><ele>132.5999755859375</ele><time>2026-01-18T05:14:18.000Z</time><extensions/></trkpt><trkpt lat="35.86038384586573" lon="139.29693119600415"><ele>132.4000244140625</ele><time>2026-01-18T05:14:27.000Z</time><extensions/></trkpt><trkpt lat="35.860411673784256" lon="139.29711651988328"><ele>132.0</ele><time>2026-01-18T05:14:38.000Z</time><extensions/></trkpt><trkpt lat="35.86035962216556" lon="139.29726839996874"><ele>131.5999755859375</ele><time>2026-01-18T05:14:47.000Z</time><extensions/></trkpt><trkpt lat="35.86030337959528" lon="139.29741089232266"><ele>131.79998779296875</ele><time>2026-01-18T05:14:56.000Z</time><extensions/></trkpt><trkpt lat="35.86025074124336" lon="139.29756503552198"><ele>132.20001220703125</ele><time>2026-01-18T05:15:06.000Z</time><extensions/></trkpt><trkpt lat="35.86020338349044" lon="139.2977286502719"><ele>131.79998779296875</ele><time>2026-01-18T05:15:16.000Z</time><extensions/></trkpt><trkpt lat="35.86013565771282" lon="139.29789947345853"><ele>131.4000244140625</ele><time>2026-01-18T05:15:27.000Z</time><extensions/></trkpt><trkpt lat="35.86004965938628" lon="139.29803961887956"><ele>130.79998779296875</ele><time>2026-01-18T05:15:38.000Z</time><extensions/></trkpt><trkpt lat="35.859958129003644" lon="139.2982014734298"><ele>129.79998779296875</ele><time>2026-01-18T05:15:49.000Z</time><extensions/></trkpt><trkpt lat="35.85989635437727" lon="139.29835704155266"><ele>129.20001220703125</ele><time>2026-01-18T05:15:59.000Z</time><extensions/></trkpt><trkpt lat="35.85981957614422" lon="139.29852107539773"><ele>128.5999755859375</ele><time>2026-01-18T05:16:10.000Z</time><extensions/></trkpt><trkpt lat="35.8597463183105" lon="139.29865426383913"><ele>128.4000244140625</ele><time>2026-01-18T05:16:19.000Z</time><extensions/></trkpt><trkpt lat="35.85966736078262" lon="139.29878141731024"><ele>127.79998779296875</ele><time>2026-01-18T05:16:29.000Z</time><extensions/></trkpt><trkpt lat="35.85955588147044" lon="139.29893941618502"><ele>127.5999755859375</ele><time>2026-01-18T05:16:41.000Z</time><extensions/></trkpt><trkpt lat="35.8594283927232" lon="139.2990939784795"><ele>127.20001220703125</ele><time>2026-01-18T05:16:53.000Z</time><extensions/></trkpt><trkpt lat="35.85937072522938" lon="139.29919724352658"><ele>127.0</ele><time>2026-01-18T05:17:02.000Z</time><extensions/></trkpt><trkpt lat="35.85927248932421" lon="139.29931584745646"><ele>127.0</ele><time>2026-01-18T05:17:11.000Z</time><extensions/></trkpt><trkpt lat="35.859174421057105" lon="139.2994845751673"><ele>127.0</ele><time>2026-01-18T05:17:22.000Z</time><extensions/></trkpt><trkpt lat="35.85907149128616" lon="139.29964517243207"><ele>127.0</ele><time>2026-01-18T05:17:33.000Z</time><extensions/></trkpt><trkpt lat="35.85902161896229" lon="139.29978732950985"><ele>127.0</ele><time>2026-01-18T05:17:41.000Z</time><extensions/></trkpt><trkpt lat="35.85892681963742" lon="139.29989797063172"><ele>127.0</ele><time>2026-01-18T05:17:50.000Z</time><extensions/></trkpt><trkpt lat="35.85883277468383" lon="139.3000115454197"><ele>127.0</ele><time>2026-01-18T05:17:59.000Z</time><extensions/></trkpt><trkpt lat="35.858727749437094" lon="139.3001696281135"><ele>127.0</ele><time>2026-01-18T05:18:10.000Z</time><extensions/></trkpt><trkpt lat="35.8586392365396" lon="139.30032595060766"><ele>126.79998779296875</ele><time>2026-01-18T05:18:21.000Z</time><extensions/></trkpt><trkpt lat="35.85856036283076" lon="139.30045763030648"><ele>126.79998779296875</ele><time>2026-01-18T05:18:30.000Z</time><extensions/></trkpt><trkpt lat="35.85851635783911" lon="139.3005581293255"><ele>126.79998779296875</ele><time>2026-01-18T05:18:38.000Z</time><extensions/></trkpt><trkpt lat="35.85845097899437" lon="139.30067195557058"><ele>126.5999755859375</ele><time>2026-01-18T05:18:45.000Z</time><extensions/></trkpt><trkpt lat="35.85843823850155" lon="139.3006857857108"><ele>126.5999755859375</ele><time>2026-01-18T05:18:46.000Z</time><extensions/></trkpt><trkpt lat="35.85833229124546" lon="139.3008717801422"><ele>126.5999755859375</ele><time>2026-01-18T05:18:58.000Z</time><extensions/></trkpt><trkpt lat="35.85825735703111" lon="139.30098108015954"><ele>126.5999755859375</ele><time>2026-01-18T05:19:06.000Z</time><extensions/></trkpt><trkpt lat="35.85817395709455" lon="139.3010898772627"><ele>126.20001220703125</ele><time>2026-01-18T05:19:14.000Z</time><extensions/></trkpt><trkpt lat="35.85808636620641" lon="139.30123488418758"><ele>125.79998779296875</ele><time>2026-01-18T05:19:24.000Z</time><extensions/></trkpt><trkpt lat="35.8580057322979" lon="139.3013715930283"><ele>125.5999755859375</ele><time>2026-01-18T05:19:34.000Z</time><extensions/></trkpt><trkpt lat="35.85792392492294" lon="139.30150436237454"><ele>125.4000244140625</ele><time>2026-01-18T05:19:43.000Z</time><extensions/></trkpt><trkpt lat="35.857843374833465" lon="139.3016345333308"><ele>125.5999755859375</ele><time>2026-01-18T05:19:52.000Z</time><extensions/></trkpt><trkpt lat="35.85775326937437" lon="139.30177476257086"><ele>125.4000244140625</ele><time>2026-01-18T05:20:02.000Z</time><extensions/></trkpt><trkpt lat="35.85764195770025" lon="139.30195497348905"><ele>124.79998779296875</ele><time>2026-01-18T05:20:14.000Z</time><extensions/></trkpt><trkpt lat="35.85756224580109" lon="139.30211137980223"><ele>124.5999755859375</ele><time>2026-01-18T05:20:24.000Z</time><extensions/></trkpt><trkpt lat="35.857474487274885" lon="139.30224942974746"><ele>124.4000244140625</ele><time>2026-01-18T05:20:34.000Z</time><extensions/></trkpt><trkpt lat="35.857381699606776" lon="139.30240617133677"><ele>124.20001220703125</ele><time>2026-01-18T05:20:45.000Z</time><extensions/></trkpt><trkpt lat="35.857283379882574" lon="139.30257347412407"><ele>124.20001220703125</ele><time>2026-01-18T05:20:57.000Z</time><extensions/></trkpt><trkpt lat="35.8572041708976" lon="139.30273164063692"><ele>123.79998779296875</ele><time>2026-01-18T05:21:07.000Z</time><extensions/></trkpt><trkpt lat="35.857160333544016" lon="139.3028777372092"><ele>123.79998779296875</ele><time>2026-01-18T05:21:16.000Z</time><extensions/></trkpt><trkpt lat="35.85714885033667" lon="139.30299273692071"><ele>124.0</ele><time>2026-01-18T05:21:26.000Z</time><extensions/></trkpt><trkpt lat="35.8571198489517" lon="139.30307865142822"><ele>124.20001220703125</ele><time>2026-01-18T05:21:35.000Z</time><extensions/></trkpt><trkpt lat="35.85703879594803" lon="139.30325215682387"><ele>124.0</ele><time>2026-01-18T05:21:46.000Z</time><extensions/></trkpt><trkpt lat="35.856984397396445" lon="139.30338526144624"><ele>123.79998779296875</ele><time>2026-01-18T05:21:54.000Z</time><extensions/></trkpt><trkpt lat="35.856974171474576" lon="139.30358089506626"><ele>123.79998779296875</ele><time>2026-01-18T05:22:05.000Z</time><extensions/></trkpt><trkpt lat="35.856958916410804" lon="139.30376789532602"><ele>123.5999755859375</ele><time>2026-01-18T05:22:16.000Z</time><extensions/></trkpt><trkpt lat="35.85694408044219" lon="139.30396277457476"><ele>123.5999755859375</ele><time>2026-01-18T05:22:27.000Z</time><extensions/></trkpt><trkpt lat="35.85693033412099" lon="139.30416075512767"><ele>123.5999755859375</ele><time>2026-01-18T05:22:38.000Z</time><extensions/></trkpt><trkpt lat="35.85692404769361" lon="139.30420886725187"><ele>123.5999755859375</ele><time>2026-01-18T05:22:41.000Z</time><extensions/></trkpt><trkpt lat="35.85692069493234" lon="139.3042245414108"><ele>123.5999755859375</ele><time>2026-01-18T05:22:42.000Z</time><extensions/></trkpt><trkpt lat="35.85692077875137" lon="139.3044198397547"><ele>123.4000244140625</ele><time>2026-01-18T05:22:54.000Z</time><extensions/></trkpt><trkpt lat="35.85692505352199" lon="139.3046579696238"><ele>123.4000244140625</ele><time>2026-01-18T05:23:08.000Z</time><extensions/></trkpt><trkpt lat="35.85691683925688" lon="139.30479769594967"><ele>123.20001220703125</ele><time>2026-01-18T05:23:17.000Z</time><extensions/></trkpt><trkpt lat="35.85688976570964" lon="139.30496516637504"><ele>123.20001220703125</ele><time>2026-01-18T05:23:26.000Z</time><extensions/></trkpt><trkpt lat="35.85687367245555" lon="139.30513573810458"><ele>123.0</ele><time>2026-01-18T05:23:35.000Z</time><extensions/></trkpt><trkpt lat="35.8568209502846" lon="139.30531938560307"><ele>122.5999755859375</ele><time>2026-01-18T05:23:46.000Z</time><extensions/></trkpt><trkpt lat="35.85676244460046" lon="139.3055163603276"><ele>122.20001220703125</ele><time>2026-01-18T05:23:58.000Z</time><extensions/></trkpt><trkpt lat="35.85671642795205" lon="139.30568609386683"><ele>122.20001220703125</ele><time>2026-01-18T05:24:08.000Z</time><extensions/></trkpt><trkpt lat="35.8566465228796" lon="139.30590796284378"><ele>122.0</ele><time>2026-01-18T05:24:21.000Z</time><extensions/></trkpt><trkpt lat="35.856596399098635" lon="139.30607249960303"><ele>121.79998779296875</ele><time>2026-01-18T05:24:31.000Z</time><extensions/></trkpt><trkpt lat="35.85653512738645" lon="139.30623577907681"><ele>121.5999755859375</ele><time>2026-01-18T05:24:41.000Z</time><extensions/></trkpt><trkpt lat="35.85648072883487" lon="139.30642085149884"><ele>121.20001220703125</ele><time>2026-01-18T05:24:52.000Z</time><extensions/></trkpt><trkpt lat="35.85642465390265" lon="139.30658346042037"><ele>120.79998779296875</ele><time>2026-01-18T05:25:02.000Z</time><extensions/></trkpt><trkpt lat="35.85641333833337" lon="139.3067056685686"><ele>120.4000244140625</ele><time>2026-01-18T05:25:09.000Z</time><extensions/></trkpt><trkpt lat="35.856431694701314" lon="139.30689426138997"><ele>119.79998779296875</ele><time>2026-01-18T05:25:19.000Z</time><extensions/></trkpt><trkpt lat="35.85646773688495" lon="139.30703566409647"><ele>119.79998779296875</ele><time>2026-01-18T05:25:27.000Z</time><extensions/></trkpt><trkpt lat="35.856523057445884" lon="139.3072463851422"><ele>119.5999755859375</ele><time>2026-01-18T05:25:39.000Z</time><extensions/></trkpt><trkpt lat="35.85657703690231" lon="139.3074205610901"><ele>119.20001220703125</ele><time>2026-01-18T05:25:49.000Z</time><extensions/></trkpt><trkpt lat="35.85663705132902" lon="139.30760043673217"><ele>119.0</ele><time>2026-01-18T05:26:00.000Z</time><extensions/></trkpt><trkpt lat="35.85666839964688" lon="139.3077561724931"><ele>118.79998779296875</ele><time>2026-01-18T05:26:09.000Z</time><extensions/></trkpt><trkpt lat="35.85667326115072" lon="139.3078439310193"><ele>118.5999755859375</ele><time>2026-01-18T05:26:14.000Z</time><extensions/></trkpt><trkpt lat="35.856705866754055" lon="139.30800955742598"><ele>118.4000244140625</ele><time>2026-01-18T05:26:23.000Z</time><extensions/></trkpt><trkpt lat="35.85671743378043" lon="139.30813956074417"><ele>118.20001220703125</ele><time>2026-01-18T05:26:30.000Z</time><extensions/></trkpt><trkpt lat="35.856732185930014" lon="139.30834273807704"><ele>117.79998779296875</ele><time>2026-01-18T05:26:42.000Z</time><extensions/></trkpt><trkpt lat="35.85676076821983" lon="139.30850375443697"><ele>117.5999755859375</ele><time>2026-01-18T05:26:51.000Z</time><extensions/></trkpt><trkpt lat="35.85678071714938" lon="139.3086502701044"><ele>117.20001220703125</ele><time>2026-01-18T05:26:59.000Z</time><extensions/></trkpt><trkpt lat="35.85679597221315" lon="139.30883618071675"><ele>117.0</ele><time>2026-01-18T05:27:09.000Z</time><extensions/></trkpt><trkpt lat="35.85681793279946" lon="139.30900432169437"><ele>116.4000244140625</ele><time>2026-01-18T05:27:19.000Z</time><extensions/></trkpt><trkpt lat="35.85684232413769" lon="139.3092208262533"><ele>116.0</ele><time>2026-01-18T05:27:31.000Z</time><extensions/></trkpt><trkpt lat="35.85687325336039" lon="139.3094151187688"><ele>115.5999755859375</ele><time>2026-01-18T05:27:42.000Z</time><extensions/></trkpt><trkpt lat="35.856885155662894" lon="139.3095485586673"><ele>115.20001220703125</ele><time>2026-01-18T05:27:50.000Z</time><extensions/></trkpt><trkpt lat="35.85689764469862" lon="139.30970169603825"><ele>114.79998779296875</ele><time>2026-01-18T05:27:59.000Z</time><extensions/></trkpt><trkpt lat="35.856924718245864" lon="139.30987763218582"><ele>114.5999755859375</ele><time>2026-01-18T05:28:09.000Z</time><extensions/></trkpt><trkpt lat="35.85694508627057" lon="139.3100335355848"><ele>114.5999755859375</ele><time>2026-01-18T05:28:17.000Z</time><extensions/></trkpt><trkpt lat="35.85697056725621" lon="139.31021198630333"><ele>114.5999755859375</ele><time>2026-01-18T05:28:27.000Z</time><extensions/></trkpt><trkpt lat="35.85698213428259" lon="139.3104257248342"><ele>114.5999755859375</ele><time>2026-01-18T05:28:38.000Z</time><extensions/></trkpt><trkpt lat="35.85700677707791" lon="139.3106545507908"><ele>114.5999755859375</ele><time>2026-01-18T05:28:50.000Z</time><extensions/></trkpt><trkpt lat="35.85702404379845" lon="139.31080383248627"><ele>114.79998779296875</ele><time>2026-01-18T05:28:58.000Z</time><extensions/></trkpt><trkpt lat="35.85702873766422" lon="139.31096912361681"><ele>115.0</ele><time>2026-01-18T05:29:07.000Z</time><extensions/></trkpt><trkpt lat="35.85702228359878" lon="139.3111635837704"><ele>115.20001220703125</ele><time>2026-01-18T05:29:18.000Z</time><extensions/></trkpt><trkpt lat="35.857004849240184" lon="139.3113081716001"><ele>115.20001220703125</ele><time>2026-01-18T05:29:26.000Z</time><extensions/></trkpt><trkpt lat="35.8569554798305" lon="139.31147715076804"><ele>115.4000244140625</ele><time>2026-01-18T05:29:35.000Z</time><extensions/></trkpt><trkpt lat="35.85691725835204" lon="139.31156809441745"><ele>115.4000244140625</ele><time>2026-01-18T05:29:41.000Z</time><extensions/></trkpt><trkpt lat="35.85687425918877" lon="139.31165794841945"><ele>115.4000244140625</ele><time>2026-01-18T05:29:47.000Z</time><extensions/></trkpt><trkpt lat="35.856868056580424" lon="139.31167177855968"><ele>115.5999755859375</ele><time>2026-01-18T05:29:48.000Z</time><extensions/></trkpt><trkpt lat="35.85686068050563" lon="139.311685860157"><ele>115.5999755859375</ele><time>2026-01-18T05:29:49.000Z</time><extensions/></trkpt><trkpt lat="35.85678088478744" lon="139.31181712076068"><ele>115.79998779296875</ele><time>2026-01-18T05:29:59.000Z</time><extensions/></trkpt><trkpt lat="35.856696143746376" lon="139.31191954761744"><ele>115.79998779296875</ele><time>2026-01-18T05:30:07.000Z</time><extensions/></trkpt><trkpt lat="35.8566671423614" lon="139.311997666955"><ele>115.79998779296875</ele><time>2026-01-18T05:30:12.000Z</time><extensions/></trkpt><trkpt lat="35.85666127502918" lon="139.3120145983994"><ele>115.79998779296875</ele><time>2026-01-18T05:30:13.000Z</time><extensions/></trkpt><trkpt lat="35.85665188729763" lon="139.31203194893897"><ele>115.5999755859375</ele><time>2026-01-18T05:30:14.000Z</time><extensions/></trkpt><trkpt lat="35.85664166137576" lon="139.3120473716408"><ele>115.5999755859375</ele><time>2026-01-18T05:30:15.000Z</time><extensions/></trkpt><trkpt lat="35.856632022187114" lon="139.31206195615232"><ele>115.5999755859375</ele><time>2026-01-18T05:30:16.000Z</time><extensions/></trkpt><trkpt lat="35.85662296973169" lon="139.31207612156868"><ele>115.5999755859375</ele><time>2026-01-18T05:30:17.000Z</time><extensions/></trkpt><trkpt lat="35.85654099471867" lon="139.31221693754196"><ele>115.5999755859375</ele><time>2026-01-18T05:30:26.000Z</time><extensions/></trkpt><trkpt lat="35.85644552484155" lon="139.31231576018035"><ele>115.79998779296875</ele><time>2026-01-18T05:30:34.000Z</time><extensions/></trkpt><trkpt lat="35.85634217597544" lon="139.31244785897434"><ele>116.20001220703125</ele><time>2026-01-18T05:30:44.000Z</time><extensions/></trkpt><trkpt lat="35.8562529925257" lon="139.31259487755597"><ele>116.4000244140625</ele><time>2026-01-18T05:30:54.000Z</time><extensions/></trkpt><trkpt lat="35.85615634918213" lon="139.31273837573826"><ele>116.5999755859375</ele><time>2026-01-18T05:31:04.000Z</time><extensions/></trkpt><trkpt lat="35.85605224594474" lon="139.3128766771406"><ele>116.5999755859375</ele><time>2026-01-18T05:31:14.000Z</time><extensions/></trkpt><trkpt lat="35.85595426149666" lon="139.31302059441805"><ele>116.79998779296875</ele><time>2026-01-18T05:31:24.000Z</time><extensions/></trkpt><trkpt lat="35.8558557741344" lon="139.31314456276596"><ele>116.79998779296875</ele><time>2026-01-18T05:31:33.000Z</time><extensions/></trkpt><trkpt lat="35.85577136836946" lon="139.31327297352254"><ele>116.79998779296875</ele><time>2026-01-18T05:31:42.000Z</time><extensions/></trkpt><trkpt lat="35.85567623376846" lon="139.31342099793255"><ele>117.0</ele><time>2026-01-18T05:31:52.000Z</time><extensions/></trkpt><trkpt lat="35.85567363537848" lon="139.31343742646277"><ele>117.0</ele><time>2026-01-18T05:31:53.000Z</time><extensions/></trkpt><trkpt lat="35.85567355155945" lon="139.31345192715526"><ele>117.0</ele><time>2026-01-18T05:31:54.000Z</time><extensions/></trkpt><trkpt lat="35.85566324181855" lon="139.31346994824708"><ele>117.20001220703125</ele><time>2026-01-18T05:32:01.000Z</time><extensions/></trkpt><trkpt lat="35.85566299036145" lon="139.3135117739439"><ele>117.20001220703125</ele><time>2026-01-18T05:32:22.000Z</time><extensions/></trkpt><trkpt lat="35.85566625930369" lon="139.3135268613696"><ele>117.20001220703125</ele><time>2026-01-18T05:32:23.000Z</time><extensions/></trkpt><trkpt lat="35.85567858070135" lon="139.3135608918965"><ele>117.20001220703125</ele><time>2026-01-18T05:32:25.000Z</time><extensions/></trkpt><trkpt lat="35.85568243637681" lon="139.3135786615312"><ele>117.20001220703125</ele><time>2026-01-18T05:32:26.000Z</time><extensions/></trkpt><trkpt lat="35.85568226873875" lon="139.31359668262303"><ele>117.20001220703125</ele><time>2026-01-18T05:32:27.000Z</time><extensions/></trkpt><trkpt lat="35.855676317587495" lon="139.31368762627244"><ele>117.20001220703125</ele><time>2026-01-18T05:32:32.000Z</time><extensions/></trkpt><trkpt lat="35.85566634312272" lon="139.31369919329882"><ele>117.4000244140625</ele><time>2026-01-18T05:32:33.000Z</time><extensions/></trkpt><trkpt lat="35.85565318353474" lon="139.31370371952653"><ele>117.4000244140625</ele><time>2026-01-18T05:32:34.000Z</time><extensions/></trkpt><trkpt lat="35.85563926957548" lon="139.3137047253549"><ele>117.4000244140625</ele><time>2026-01-18T05:32:35.000Z</time><extensions/></trkpt><trkpt lat="35.85562342777848" lon="139.31370514445007"><ele>117.4000244140625</ele><time>2026-01-18T05:32:36.000Z</time><extensions/></trkpt><trkpt lat="35.85545268841088" lon="139.31369952857494"><ele>117.4000244140625</ele><time>2026-01-18T05:32:47.000Z</time><extensions/></trkpt><trkpt lat="35.855336263775826" lon="139.31370464153588"><ele>117.4000244140625</ele><time>2026-01-18T05:32:55.000Z</time><extensions/></trkpt><trkpt lat="35.85524699650705" lon="139.31381612084806"><ele>117.4000244140625</ele><time>2026-01-18T05:33:04.000Z</time><extensions/></trkpt><trkpt lat="35.855205254629254" lon="139.31398652493954"><ele>117.4000244140625</ele><time>2026-01-18T05:33:14.000Z</time><extensions/></trkpt><trkpt lat="35.85517097264528" lon="139.31412734091282"><ele>117.4000244140625</ele><time>2026-01-18T05:33:22.000Z</time><extensions/></trkpt><trkpt lat="35.85511799901724" lon="139.31432222016156"><ele>117.5999755859375</ele><time>2026-01-18T05:33:33.000Z</time><extensions/></trkpt><trkpt lat="35.855075083673" lon="139.3144719209522"><ele>117.5999755859375</ele><time>2026-01-18T05:33:42.000Z</time><extensions/></trkpt><trkpt lat="35.8550129737705" lon="139.31458826176822"><ele>117.5999755859375</ele><time>2026-01-18T05:33:50.000Z</time><extensions/></trkpt><trkpt lat="35.8549212757498" lon="139.3147359509021"><ele>117.5999755859375</ele><time>2026-01-18T05:34:00.000Z</time><extensions/></trkpt><trkpt lat="35.8548279851675" lon="139.3148929439485"><ele>117.5999755859375</ele><time>2026-01-18T05:34:11.000Z</time><extensions/></trkpt><trkpt lat="35.854725474491715" lon="139.3149743322283"><ele>117.5999755859375</ele><time>2026-01-18T05:34:20.000Z</time><extensions/></trkpt><trkpt lat="35.854683984071016" lon="139.31498573161662"><ele>117.79998779296875</ele><time>2026-01-18T05:34:23.000Z</time><extensions/></trkpt><trkpt lat="35.8546728361398" lon="139.314997298643"><ele>117.79998779296875</ele><time>2026-01-18T05:34:24.000Z</time><extensions/></trkpt><trkpt lat="35.8546622749418" lon="139.31500928476453"><ele>117.79998779296875</ele><time>2026-01-18T05:34:25.000Z</time><extensions/></trkpt><trkpt lat="35.85458558052778" lon="139.31512461975217"><ele>117.79998779296875</ele><time>2026-01-18T05:34:33.000Z</time><extensions/></trkpt><trkpt lat="35.85452045314014" lon="139.3152835406363"><ele>118.0</ele><time>2026-01-18T05:34:43.000Z</time><extensions/></trkpt><trkpt lat="35.854475777596235" lon="139.31546023115516"><ele>118.0</ele><time>2026-01-18T05:34:53.000Z</time><extensions/></trkpt><trkpt lat="35.85443118587136" lon="139.31564815342426"><ele>118.20001220703125</ele><time>2026-01-18T05:35:04.000Z</time><extensions/></trkpt><trkpt lat="35.85438718087971" lon="139.31582568213344"><ele>118.20001220703125</ele><time>2026-01-18T05:35:14.000Z</time><extensions/></trkpt><trkpt lat="35.854337057098746" lon="139.31603338569403"><ele>118.5999755859375</ele><time>2026-01-18T05:35:25.000Z</time><extensions/></trkpt><trkpt lat="35.85431124083698" lon="139.31615693494678"><ele>118.5999755859375</ele><time>2026-01-18T05:35:32.000Z</time><extensions/></trkpt><trkpt lat="35.85427318699658" lon="139.31632289662957"><ele>118.4000244140625</ele><time>2026-01-18T05:35:41.000Z</time><extensions/></trkpt><trkpt lat="35.8542256616056" lon="139.3165462743491"><ele>118.5999755859375</ele><time>2026-01-18T05:35:54.000Z</time><extensions/></trkpt><trkpt lat="35.85419272072613" lon="139.3167241383344"><ele>118.5999755859375</ele><time>2026-01-18T05:36:04.000Z</time><extensions/></trkpt><trkpt lat="35.854148380458355" lon="139.31688582524657"><ele>118.5999755859375</ele><time>2026-01-18T05:36:13.000Z</time><extensions/></trkpt><trkpt lat="35.854120971634984" lon="139.31702194735408"><ele>118.5999755859375</ele><time>2026-01-18T05:36:21.000Z</time><extensions/></trkpt><trkpt lat="35.85410865023732" lon="139.31703208945692"><ele>118.5999755859375</ele><time>2026-01-18T05:36:22.000Z</time><extensions/></trkpt><trkpt lat="35.8540906291455" lon="139.31703695096076"><ele>118.5999755859375</ele><time>2026-01-18T05:36:23.000Z</time><extensions/></trkpt><trkpt lat="35.85407143458724" lon="139.31703963316977"><ele>118.5999755859375</ele><time>2026-01-18T05:36:24.000Z</time><extensions/></trkpt><trkpt lat="35.85405433550477" lon="139.31704457849264"><ele>118.5999755859375</ele><time>2026-01-18T05:36:25.000Z</time><extensions/></trkpt><trkpt lat="35.85403715260327" lon="139.31704935617745"><ele>118.5999755859375</ele><time>2026-01-18T05:36:26.000Z</time><extensions/></trkpt><trkpt lat="35.85401913151145" lon="139.31705354712903"><ele>118.5999755859375</ele><time>2026-01-18T05:36:27.000Z</time><extensions/></trkpt><trkpt lat="35.85385635495186" lon="139.3171150702983"><ele>118.5999755859375</ele><time>2026-01-18T05:36:37.000Z</time><extensions/></trkpt><trkpt lat="35.853759376332164" lon="139.31723124347627"><ele>118.4000244140625</ele><time>2026-01-18T05:36:47.000Z</time><extensions/></trkpt><trkpt lat="35.85368092171848" lon="139.3173528648913"><ele>118.20001220703125</ele><time>2026-01-18T05:36:56.000Z</time><extensions/></trkpt><trkpt lat="35.85357774049044" lon="139.31747213937342"><ele>118.0</ele><time>2026-01-18T05:37:05.000Z</time><extensions/></trkpt><trkpt lat="35.853530718013644" lon="139.3175368476659"><ele>117.79998779296875</ele><time>2026-01-18T05:37:10.000Z</time><extensions/></trkpt><trkpt lat="35.85345083847642" lon="139.31761966086924"><ele>117.5999755859375</ele><time>2026-01-18T05:37:18.000Z</time><extensions/></trkpt><trkpt lat="35.853330977261066" lon="139.31772518903017"><ele>117.4000244140625</ele><time>2026-01-18T05:37:28.000Z</time><extensions/></trkpt><trkpt lat="35.85322117432952" lon="139.3178415298462"><ele>117.20001220703125</ele><time>2026-01-18T05:37:38.000Z</time><extensions/></trkpt><trkpt lat="35.853098798543215" lon="139.31794345378876"><ele>117.20001220703125</ele><time>2026-01-18T05:37:48.000Z</time><extensions/></trkpt><trkpt lat="35.85296904668212" lon="139.31807127781212"><ele>117.0</ele><time>2026-01-18T05:37:59.000Z</time><extensions/></trkpt><trkpt lat="35.85282144136727" lon="139.31820647791028"><ele>116.79998779296875</ele><time>2026-01-18T05:38:12.000Z</time><extensions/></trkpt><trkpt lat="35.852719182148576" lon="139.31830001994967"><ele>116.79998779296875</ele><time>2026-01-18T05:38:21.000Z</time><extensions/></trkpt><trkpt lat="35.85254978388548" lon="139.31841485202312"><ele>116.5999755859375</ele><time>2026-01-18T05:38:34.000Z</time><extensions/></trkpt><trkpt lat="35.85242179222405" lon="139.31851694360375"><ele>116.5999755859375</ele><time>2026-01-18T05:38:45.000Z</time><extensions/></trkpt><trkpt lat="35.8523069601506" lon="139.31858777068555"><ele>116.5999755859375</ele><time>2026-01-18T05:38:54.000Z</time><extensions/></trkpt><trkpt lat="35.85219799540937" lon="139.31867024861276"><ele>116.5999755859375</ele><time>2026-01-18T05:39:03.000Z</time><extensions/></trkpt><trkpt lat="35.8520442713052" lon="139.31871282868087"><ele>116.4000244140625</ele><time>2026-01-18T05:39:13.000Z</time><extensions/></trkpt><trkpt lat="35.85191183723509" lon="139.31877912953496"><ele>116.4000244140625</ele><time>2026-01-18T05:39:23.000Z</time><extensions/></trkpt><trkpt lat="35.851795664057136" lon="139.31886529549956"><ele>116.20001220703125</ele><time>2026-01-18T05:39:32.000Z</time><extensions/></trkpt><trkpt lat="35.85167236626148" lon="139.31895355693996"><ele>116.20001220703125</ele><time>2026-01-18T05:39:41.000Z</time><extensions/></trkpt><trkpt lat="35.85160338319838" lon="139.31901482865214"><ele>116.20001220703125</ele><time>2026-01-18T05:39:47.000Z</time><extensions/></trkpt><trkpt lat="35.8515592943877" lon="139.31904517114162"><ele>116.20001220703125</ele><time>2026-01-18T05:39:50.000Z</time><extensions/></trkpt><trkpt lat="35.851544039323926" lon="139.31904885917902"><ele>116.0</ele><time>2026-01-18T05:39:51.000Z</time><extensions/></trkpt><trkpt lat="35.85153113119304" lon="139.31905589997768"><ele>116.0</ele><time>2026-01-18T05:39:52.000Z</time><extensions/></trkpt><trkpt lat="35.85152165964246" lon="139.31907115504146"><ele>116.0</ele><time>2026-01-18T05:39:53.000Z</time><extensions/></trkpt><trkpt lat="35.851512271910906" lon="139.31908565573394"><ele>116.0</ele><time>2026-01-18T05:39:54.000Z</time><extensions/></trkpt><trkpt lat="35.85147539153695" lon="139.31910158134997"><ele>115.79998779296875</ele><time>2026-01-18T05:39:59.000Z</time><extensions/></trkpt><trkpt lat="35.851466841995716" lon="139.31912312284112"><ele>115.79998779296875</ele><time>2026-01-18T05:40:01.000Z</time><extensions/></trkpt><trkpt lat="35.85146449506283" lon="139.31914173066616"><ele>115.79998779296875</ele><time>2026-01-18T05:40:02.000Z</time><extensions/></trkpt><trkpt lat="35.851460387930274" lon="139.31916117668152"><ele>115.79998779296875</ele><time>2026-01-18T05:40:03.000Z</time><extensions/></trkpt><trkpt lat="35.85145636461675" lon="139.319178275764"><ele>115.79998779296875</ele><time>2026-01-18T05:40:04.000Z</time><extensions/></trkpt><trkpt lat="35.851455023512244" lon="139.31919713504612"><ele>115.79998779296875</ele><time>2026-01-18T05:40:05.000Z</time><extensions/></trkpt><trkpt lat="35.85145418532193" lon="139.31921683251858"><ele>115.79998779296875</ele><time>2026-01-18T05:40:06.000Z</time><extensions/></trkpt><trkpt lat="35.8514538500458" lon="139.31923267431557"><ele>115.79998779296875</ele><time>2026-01-18T05:40:07.000Z</time><extensions/></trkpt><trkpt lat="35.85142225027084" lon="139.31937935762107"><ele>115.79998779296875</ele><time>2026-01-18T05:40:16.000Z</time><extensions/></trkpt><trkpt lat="35.8514160476625" lon="139.3193920981139"><ele>115.79998779296875</ele><time>2026-01-18T05:40:26.000Z</time><extensions/></trkpt></trkseg></trk></gpx>