<?xml version="1.0" encoding="UTF-8"?><gpx version="1.1" creator="Garmin Explore App" xmlns="http://www.topografix.com/GPX/1/1" xmlns:adv="http://www.garmin.com/xmlschemas/AdventuresExtensions/v1" xmlns:gpxtpx="http://www.garmin.com/xmlschemas/TrackPointExtension/v1" xmlns:gpxtrx="http://www.garmin.com/xmlschemas/GpxExtensions/v3" xmlns:gpxx="http://www.garmin.com/xmlschemas/GpxExtensions/v3" xmlns:trp="http://www.garmin.com/xmlschemas/TripExtensions/v1" xmlns:wptx1="http://www.garmin.com/xmlschemas/WaypointExtension/v1" xmlns:xsi="http://www.w3.org/2001/XMLSchema-instance" xsi:schemaLocation="http://www.topografix.com/GPX/1/1 http://www.topografix.com/GPX/1/1/gpx.xsd http://www.garmin.com/xmlschemas/WaypointExtension/v1 http://www8.garmin.com/xmlschemas/WaypointExtensionv1.xsd http://www.garmin.com/xmlschemas/TrackPointExtension/v1 http://www.garmin.com/xmlschemas/TrackPointExtensionv1.xsd http://www.garmin.com/xmlschemas/GpxExtensions/v3 http://www8.garmin.com/xmlschemas/GpxExtensionsv3.xsd http://www.garmin.com/xmlschemas/ActivityExtension/v1 http://www8.garmin.com/xmlschemas/ActivityExtensionv1.xsd http://www.garmin.com/xmlschemas/AdventuresExtensions/v1 http://www8.garmin.com/xmlschemas/AdventuresExtensionv1.xsd http://www.garmin.com/xmlschemas/PressureExtension/v1 http://www.garmin.com/xmlschemas/PressureExtensionv1.xsd"><metadata><name>源次郎岳.gpx</name><link href="http://www.garmin.com"><text>Garmin International</text></link><time>2025-06-02T13:02:02.855Z</time></metadata><trk><name><![CDATA[源次郎岳]]></name><extensions><gpxx:TrackExtension xmlns:gpxx="http://www.garmin.com/xmlschemas/GpxExtensions/v3"><gpxx:DisplayColor>Magenta</gpxx:DisplayColor></gpxx:TrackExtension></extensions><trkseg><trkpt lat="35.73159674182534" lon="138.83243738673627"><ele>1585.949951171875</ele><time>2025-06-01T00:00:00.000Z</time></trkpt><trkpt lat="35.731476712971926" lon="138.83226295933127"><ele>1584.1199951171875</ele><time>2025-06-01T00:00:10.000Z</time></trkpt><trkpt lat="35.73135660029948" lon="138.83208844810724"><ele>1585.31005859375</ele><time>2025-06-01T00:00:20.000Z</time></trkpt><trkpt lat="35.73120832443237" lon="138.83195132017136"><ele>1586.010009765625</ele><time>2025-06-01T00:00:31.000Z</time></trkpt><trkpt lat="35.73102400638163" lon="138.83192324079573"><ele>1582.31005859375</ele><time>2025-06-01T00:00:41.000Z</time></trkpt><trkpt lat="35.73083968833089" lon="138.8318951614201"><ele>1583.8699951171875</ele><time>2025-06-01T00:00:52.000Z</time></trkpt><trkpt lat="35.73065537028015" lon="138.83186708204448"><ele>1582.68994140625</ele><time>2025-06-01T00:01:02.000Z</time></trkpt><trkpt lat="35.7304697111249" lon="138.83186574093997"><ele>1581.260009765625</ele><time>2025-06-01T00:01:13.000Z</time></trkpt><trkpt lat="35.730283968150616" lon="138.83186574093997"><ele>1581.2099609375</ele><time>2025-06-01T00:01:23.000Z</time></trkpt><trkpt lat="35.730098225176334" lon="138.83186574093997"><ele>1581.5699462890625</ele><time>2025-06-01T00:01:34.000Z</time></trkpt><trkpt lat="35.72991248220205" lon="138.83186574093997"><ele>1584.0400390625</ele><time>2025-06-01T00:01:44.000Z</time></trkpt><trkpt lat="35.729796225205064" lon="138.83170137181878"><ele>1584.6099853515625</ele><time>2025-06-01T00:01:55.000Z</time></trkpt><trkpt lat="35.729689691215754" lon="138.83151386864483"><ele>1588.25</ele><time>2025-06-01T00:02:05.000Z</time></trkpt><trkpt lat="35.729689691215754" lon="138.83151386864483"><ele>1588.25</ele><time>2025-06-01T00:02:05.000Z</time></trkpt><trkpt lat="35.72960637509823" lon="138.83131882175803"><ele>1590.030029296875</ele><time>2025-06-01T00:02:30.000Z</time></trkpt><trkpt lat="35.7295093126595" lon="138.8311413768679"><ele>1596.3699951171875</ele><time>2025-06-01T00:02:54.000Z</time></trkpt><trkpt lat="35.729347290471196" lon="138.83104791864753"><ele>1602.0699462890625</ele><time>2025-06-01T00:03:18.000Z</time></trkpt><trkpt lat="35.72918526828289" lon="138.83095437660813"><ele>1603.260009765625</ele><time>2025-06-01T00:03:42.000Z</time></trkpt><trkpt lat="35.729023246094584" lon="138.83086083456874"><ele>1601.68994140625</ele><time>2025-06-01T00:04:07.000Z</time></trkpt><trkpt lat="35.72886080481112" lon="138.83076854981482"><ele>1599.739990234375</ele><time>2025-06-01T00:04:31.000Z</time></trkpt><trkpt lat="35.728689981624484" lon="138.83070308715105"><ele>1601.760009765625</ele><time>2025-06-01T00:04:55.000Z</time></trkpt><trkpt lat="35.728519074618816" lon="138.83063762448728"><ele>1602.3800048828125</ele><time>2025-06-01T00:05:19.000Z</time></trkpt><trkpt lat="35.72834825143218" lon="138.8305721618235"><ele>1601.510009765625</ele><time>2025-06-01T00:05:44.000Z</time></trkpt><trkpt lat="35.72822009213269" lon="138.83044727146626"><ele>1604.4200439453125</ele><time>2025-06-01T00:06:08.000Z</time></trkpt><trkpt lat="35.72817566804588" lon="138.83023722097278"><ele>1600.81005859375</ele><time>2025-06-01T00:06:32.000Z</time></trkpt><trkpt lat="35.728173991665244" lon="138.83002046495676"><ele>1589.510009765625</ele><time>2025-06-01T00:06:56.000Z</time></trkpt><trkpt lat="35.728250266984105" lon="138.82982533425093"><ele>1583.0699462890625</ele><time>2025-06-01T00:07:20.000Z</time></trkpt><trkpt lat="35.728231659159064" lon="138.829606147483"><ele>1578.3399658203125</ele><time>2025-06-01T00:07:45.000Z</time></trkpt><trkpt lat="35.72821305133402" lon="138.82938687689602"><ele>1582.4599609375</ele><time>2025-06-01T00:08:09.000Z</time></trkpt><trkpt lat="35.72815773077309" lon="138.82919694297016"><ele>1584.3599853515625</ele><time>2025-06-01T00:08:33.000Z</time></trkpt><trkpt lat="35.72800274938345" lon="138.82908680476248"><ele>1582.7900390625</ele><time>2025-06-01T00:08:57.000Z</time></trkpt><trkpt lat="35.727826142683625" lon="138.82908009923995"><ele>1579.780029296875</ele><time>2025-06-01T00:09:22.000Z</time></trkpt><trkpt lat="35.72764718905091" lon="138.8290842063725"><ele>1577.219970703125</ele><time>2025-06-01T00:09:46.000Z</time></trkpt><trkpt lat="35.72746831923723" lon="138.82908831350505"><ele>1573.1700439453125</ele><time>2025-06-01T00:10:10.000Z</time></trkpt><trkpt lat="35.72728936560452" lon="138.8290924206376"><ele>1576.2099609375</ele><time>2025-06-01T00:10:34.000Z</time></trkpt><trkpt lat="35.72711049579084" lon="138.82909652777016"><ele>1581.77001953125</ele><time>2025-06-01T00:10:59.000Z</time></trkpt><trkpt lat="35.726942690089345" lon="138.82904497906566"><ele>1583.010009765625</ele><time>2025-06-01T00:11:23.000Z</time></trkpt><trkpt lat="35.726786367595196" lon="138.8289377745241"><ele>1590.050048828125</ele><time>2025-06-01T00:11:47.000Z</time></trkpt><trkpt lat="35.726614370942116" lon="138.8289047498256"><ele>1590.5</ele><time>2025-06-01T00:12:11.000Z</time></trkpt><trkpt lat="35.726446732878685" lon="138.82897809147835"><ele>1582.300048828125</ele><time>2025-06-01T00:12:35.000Z</time></trkpt><trkpt lat="35.72628035210073" lon="138.82905914448202"><ele>1580.5699462890625</ele><time>2025-06-01T00:13:00.000Z</time></trkpt><trkpt lat="35.72610458359122" lon="138.82909066043794"><ele>1584.199951171875</ele><time>2025-06-01T00:13:24.000Z</time></trkpt><trkpt lat="35.72593132965267" lon="138.8290562108159"><ele>1581.43994140625</ele><time>2025-06-01T00:13:48.000Z</time></trkpt><trkpt lat="35.72576134465635" lon="138.82898714393377"><ele>1577.7099609375</ele><time>2025-06-01T00:14:12.000Z</time></trkpt><trkpt lat="35.725584737956524" lon="138.82896912284195"><ele>1579.510009765625</ele><time>2025-06-01T00:14:37.000Z</time></trkpt><trkpt lat="35.72540578432381" lon="138.82896912284195"><ele>1578.47998046875</ele><time>2025-06-01T00:15:01.000Z</time></trkpt><trkpt lat="35.72522691451013" lon="138.82896912284195"><ele>1576.3800048828125</ele><time>2025-06-01T00:15:25.000Z</time></trkpt><trkpt lat="35.72504796087742" lon="138.82896912284195"><ele>1573.0899658203125</ele><time>2025-06-01T00:15:49.000Z</time></trkpt><trkpt lat="35.724869007244706" lon="138.82896912284195"><ele>1570.280029296875</ele><time>2025-06-01T00:16:14.000Z</time></trkpt><trkpt lat="35.724690053611994" lon="138.82896912284195"><ele>1562.9599609375</ele><time>2025-06-01T00:16:38.000Z</time></trkpt><trkpt lat="35.72456927038729" lon="138.828834425658"><ele>1561.5899658203125</ele><time>2025-06-01T00:17:02.000Z</time></trkpt><trkpt lat="35.724446726962924" lon="138.82868740707636"><ele>1556.68994140625</ele><time>2025-06-01T00:17:26.000Z</time></trkpt><trkpt lat="35.72427808307111" lon="138.82861364632845"><ele>1552.3800048828125</ele><time>2025-06-01T00:17:50.000Z</time></trkpt><trkpt lat="35.72410952299833" lon="138.82853988558054"><ele>1549.4000244140625</ele><time>2025-06-01T00:18:15.000Z</time></trkpt><trkpt lat="35.72394087910652" lon="138.82846612483263"><ele>1546.4300537109375</ele><time>2025-06-01T00:18:39.000Z</time></trkpt><trkpt lat="35.7237743306905" lon="138.8283862452954"><ele>1547.449951171875</ele><time>2025-06-01T00:19:03.000Z</time></trkpt><trkpt lat="35.72361398488283" lon="138.82828851230443"><ele>1554.0</ele><time>2025-06-01T00:19:27.000Z</time></trkpt><trkpt lat="35.72346478700638" lon="138.82817250676453"><ele>1560.0899658203125</ele><time>2025-06-01T00:19:52.000Z</time></trkpt><trkpt lat="35.7233443390578" lon="138.8280093949288"><ele>1564.510009765625</ele><time>2025-06-01T00:20:16.000Z</time></trkpt><trkpt lat="35.72324794717133" lon="138.8278238195926"><ele>1566.68994140625</ele><time>2025-06-01T00:20:40.000Z</time></trkpt><trkpt lat="35.723153902217746" lon="138.82763631641865"><ele>1569.81005859375</ele><time>2025-06-01T00:21:04.000Z</time></trkpt><trkpt lat="35.72305985726416" lon="138.8274488132447"><ele>1570.8299560546875</ele><time>2025-06-01T00:21:29.000Z</time></trkpt><trkpt lat="35.72292692027986" lon="138.82730154320598"><ele>1571.3599853515625</ele><time>2025-06-01T00:21:53.000Z</time></trkpt><trkpt lat="35.722793228924274" lon="138.8271549437195"><ele>1571.6199951171875</ele><time>2025-06-01T00:22:17.000Z</time></trkpt><trkpt lat="35.72268711403012" lon="138.8269862998277"><ele>1571.8499755859375</ele><time>2025-06-01T00:22:41.000Z</time></trkpt><trkpt lat="35.722632547840476" lon="138.82677641697228"><ele>1572.06005859375</ele><time>2025-06-01T00:23:05.000Z</time></trkpt><trkpt lat="35.7225778978318" lon="138.82656653411686"><ele>1570.739990234375</ele><time>2025-06-01T00:23:30.000Z</time></trkpt><trkpt lat="35.72252333164215" lon="138.82635665126145"><ele>1575.8599853515625</ele><time>2025-06-01T00:23:54.000Z</time></trkpt><trkpt lat="35.72246113792062" lon="138.82615129463375"><ele>1575.300048828125</ele><time>2025-06-01T00:24:18.000Z</time></trkpt><trkpt lat="35.7223585434258" lon="138.82597074843943"><ele>1574.9599609375</ele><time>2025-06-01T00:24:42.000Z</time></trkpt><trkpt lat="35.72225594893098" lon="138.82579011842608"><ele>1577.97998046875</ele><time>2025-06-01T00:25:07.000Z</time></trkpt><trkpt lat="35.72215000167489" lon="138.82561401464045"><ele>1583.5699462890625</ele><time>2025-06-01T00:25:31.000Z</time></trkpt><trkpt lat="35.72199711576104" lon="138.8254994340241"><ele>1585.8800048828125</ele><time>2025-06-01T00:25:55.000Z</time></trkpt><trkpt lat="35.72183132171631" lon="138.82547453977168"><ele>1586.6800537109375</ele><time>2025-06-01T00:26:19.000Z</time></trkpt><trkpt lat="35.7216558046639" lon="138.82551737129688"><ele>1591.050048828125</ele><time>2025-06-01T00:26:44.000Z</time></trkpt><trkpt lat="35.721482718363404" lon="138.82549976930022"><ele>1594.780029296875</ele><time>2025-06-01T00:27:08.000Z</time></trkpt><trkpt lat="35.721311308443546" lon="138.82546381093562"><ele>1597.5899658203125</ele><time>2025-06-01T00:27:32.000Z</time></trkpt><trkpt lat="35.7211391441524" lon="138.8255237415433"><ele>1586.3800048828125</ele><time>2025-06-01T00:27:56.000Z</time></trkpt><trkpt lat="35.72096639312804" lon="138.82557889446616"><ele>1578.760009765625</ele><time>2025-06-01T00:28:20.000Z</time></trkpt><trkpt lat="35.720787439495325" lon="138.82557889446616"><ele>1583.0799560546875</ele><time>2025-06-01T00:28:45.000Z</time></trkpt><trkpt lat="35.72060848586261" lon="138.82557889446616"><ele>1589.5999755859375</ele><time>2025-06-01T00:29:09.000Z</time></trkpt><trkpt lat="35.7204519957304" lon="138.82548292167485"><ele>1590.27001953125</ele><time>2025-06-01T00:29:33.000Z</time></trkpt><trkpt lat="35.72030061855912" lon="138.82536549121141"><ele>1594.1500244140625</ele><time>2025-06-01T00:29:57.000Z</time></trkpt><trkpt lat="35.720150750130415" lon="138.82524512708187"><ele>1594.1500244140625</ele><time>2025-06-01T00:30:22.000Z</time></trkpt><trkpt lat="35.72000549174845" lon="138.82511638104916"><ele>1597.6400146484375</ele><time>2025-06-01T00:30:46.000Z</time></trkpt><trkpt lat="35.71986023336649" lon="138.82498763501644"><ele>1595.0</ele><time>2025-06-01T00:31:10.000Z</time></trkpt><trkpt lat="35.719794016331434" lon="138.82481086067855"><ele>1593.1400146484375</ele><time>2025-06-01T00:31:34.000Z</time></trkpt><trkpt lat="35.71982217952609" lon="138.8245931826532"><ele>1587.3699951171875</ele><time>2025-06-01T00:31:59.000Z</time></trkpt><trkpt lat="35.71988160721958" lon="138.82438925094903"><ele>1584.3900146484375</ele><time>2025-06-01T00:32:23.000Z</time></trkpt><trkpt lat="35.719971964135766" lon="138.82419906556606"><ele>1583.739990234375</ele><time>2025-06-01T00:32:47.000Z</time></trkpt><trkpt lat="35.720011023804545" lon="138.8240015041083"><ele>1583.1500244140625</ele><time>2025-06-01T00:33:11.000Z</time></trkpt><trkpt lat="35.7199580501765" lon="138.82379095070064"><ele>1583.47998046875</ele><time>2025-06-01T00:33:35.000Z</time></trkpt><trkpt lat="35.7199580501765" lon="138.82379095070064"><ele>1583.47998046875</ele><time>2025-06-01T00:33:35.000Z</time></trkpt><trkpt lat="35.71986207738519" lon="138.8237350434065"><ele>1585.06005859375</ele><time>2025-06-01T00:33:52.000Z</time></trkpt><trkpt lat="35.719699300825596" lon="138.82364016026258"><ele>1585.52001953125</ele><time>2025-06-01T00:34:09.000Z</time></trkpt><trkpt lat="35.719533087685704" lon="138.8235617056489"><ele>1583.6199951171875</ele><time>2025-06-01T00:34:26.000Z</time></trkpt><trkpt lat="35.71935312822461" lon="138.82355022244155"><ele>1583.75</ele><time>2025-06-01T00:34:43.000Z</time></trkpt><trkpt lat="35.71917358785868" lon="138.82355307228863"><ele>1583.77001953125</ele><time>2025-06-01T00:34:59.000Z</time></trkpt><trkpt lat="35.718995137140155" lon="138.8235841691494"><ele>1583.68994140625</ele><time>2025-06-01T00:35:16.000Z</time></trkpt><trkpt lat="35.71881668642163" lon="138.82361526601017"><ele>1581.1800537109375</ele><time>2025-06-01T00:35:33.000Z</time></trkpt><trkpt lat="35.71863823570311" lon="138.8236462790519"><ele>1581.9599609375</ele><time>2025-06-01T00:35:50.000Z</time></trkpt><trkpt lat="35.71845936588943" lon="138.82367125712335"><ele>1582.3199462890625</ele><time>2025-06-01T00:36:07.000Z</time></trkpt><trkpt lat="35.718342354521155" lon="138.82358081638813"><ele>1581.2900390625</ele><time>2025-06-01T00:36:23.000Z</time></trkpt><trkpt lat="35.718331625685096" lon="138.82336657494307"><ele>1577.0999755859375</ele><time>2025-06-01T00:36:40.000Z</time></trkpt><trkpt lat="35.718426508829" lon="138.82317865267396"><ele>1574.3800048828125</ele><time>2025-06-01T00:36:57.000Z</time></trkpt><trkpt lat="35.71844377554953" lon="138.82297036238015"><ele>1573.52001953125</ele><time>2025-06-01T00:37:14.000Z</time></trkpt><trkpt lat="35.71839298121631" lon="138.8227780815214"><ele>1572.6500244140625</ele><time>2025-06-01T00:37:31.000Z</time></trkpt><trkpt lat="35.71822291240096" lon="138.8227049075067"><ele>1568.300048828125</ele><time>2025-06-01T00:37:47.000Z</time></trkpt><trkpt lat="35.71805284358561" lon="138.82263173349202"><ele>1567.1099853515625</ele><time>2025-06-01T00:38:04.000Z</time></trkpt><trkpt lat="35.71788269095123" lon="138.82255855947733"><ele>1564.9000244140625</ele><time>2025-06-01T00:38:21.000Z</time></trkpt><trkpt lat="35.71773340925574" lon="138.8224403746426"><ele>1565.3699951171875</ele><time>2025-06-01T00:38:38.000Z</time></trkpt><trkpt lat="35.7176061719656" lon="138.82228958420455"><ele>1565.239990234375</ele><time>2025-06-01T00:38:55.000Z</time></trkpt><trkpt lat="35.717548839747906" lon="138.82208003662527"><ele>1564.949951171875</ele><time>2025-06-01T00:39:11.000Z</time></trkpt><trkpt lat="35.71753308176994" lon="138.82186059840024"><ele>1565.469970703125</ele><time>2025-06-01T00:39:28.000Z</time></trkpt><trkpt lat="35.717482371255755" lon="138.82165557704866"><ele>1567.1400146484375</ele><time>2025-06-01T00:39:45.000Z</time></trkpt><trkpt lat="35.717385560274124" lon="138.82146916352212"><ele>1567.81005859375</ele><time>2025-06-01T00:40:02.000Z</time></trkpt><trkpt lat="35.71728866547346" lon="138.8212827499956"><ele>1569.9000244140625</ele><time>2025-06-01T00:40:19.000Z</time></trkpt><trkpt lat="35.7171917706728" lon="138.82109633646905"><ele>1571.8800048828125</ele><time>2025-06-01T00:40:35.000Z</time></trkpt><trkpt lat="35.7171917706728" lon="138.82109633646905"><ele>1571.8800048828125</ele><time>2025-06-01T00:40:35.000Z</time></trkpt><trkpt lat="35.71700577624142" lon="138.8209416065365"><ele>1568.3900146484375</ele><time>2025-06-01T00:40:57.000Z</time></trkpt><trkpt lat="35.71683428250253" lon="138.82088175974786"><ele>1567.06005859375</ele><time>2025-06-01T00:41:18.000Z</time></trkpt><trkpt lat="35.7166632078588" lon="138.82092383690178"><ele>1565.699951171875</ele><time>2025-06-01T00:41:39.000Z</time></trkpt><trkpt lat="35.71648785844445" lon="138.82097471505404"><ele>1563.260009765625</ele><time>2025-06-01T00:42:01.000Z</time></trkpt><trkpt lat="35.716311084106565" lon="138.82100589573383"><ele>1564.0799560546875</ele><time>2025-06-01T00:42:22.000Z</time></trkpt><trkpt lat="35.716131292283535" lon="138.8209902215749"><ele>1564.0799560546875</ele><time>2025-06-01T00:42:43.000Z</time></trkpt><trkpt lat="35.71595552377403" lon="138.82094495929778"><ele>1563.4100341796875</ele><time>2025-06-01T00:43:04.000Z</time></trkpt><trkpt lat="35.71578067727387" lon="138.82089433260262"><ele>1566.4599609375</ele><time>2025-06-01T00:43:26.000Z</time></trkpt><trkpt lat="35.71561119519174" lon="138.82081914693117"><ele>1570.239990234375</ele><time>2025-06-01T00:43:47.000Z</time></trkpt><trkpt lat="35.71544162929058" lon="138.82074404507875"><ele>1573.1400146484375</ele><time>2025-06-01T00:44:08.000Z</time></trkpt><trkpt lat="35.715284468606114" lon="138.82063734345138"><ele>1579.719970703125</ele><time>2025-06-01T00:44:29.000Z</time></trkpt><trkpt lat="35.71513216942549" lon="138.82051915861666"><ele>1587.6800537109375</ele><time>2025-06-01T00:44:51.000Z</time></trkpt><trkpt lat="35.71497978642583" lon="138.82040105760098"><ele>1598.780029296875</ele><time>2025-06-01T00:45:12.000Z</time></trkpt><trkpt lat="35.7148274872452" lon="138.82028287276626"><ele>1608.5400390625</ele><time>2025-06-01T00:45:33.000Z</time></trkpt><trkpt lat="35.714721623808146" lon="138.82011288776994"><ele>1619.56005859375</ele><time>2025-06-01T00:45:54.000Z</time></trkpt><trkpt lat="35.71461425162852" lon="138.81993527524173"><ele>1620.6600341796875</ele><time>2025-06-01T00:46:16.000Z</time></trkpt><trkpt lat="35.7144820690155" lon="138.81979781202972"><ele>1620.510009765625</ele><time>2025-06-01T00:46:37.000Z</time></trkpt><trkpt lat="35.71431392803788" lon="138.81971810013056"><ele>1620.6099853515625</ele><time>2025-06-01T00:46:58.000Z</time></trkpt><trkpt lat="35.71414578706026" lon="138.8196383882314"><ele>1620.47998046875</ele><time>2025-06-01T00:47:20.000Z</time></trkpt><trkpt lat="35.71397764608264" lon="138.81955876015127"><ele>1621.260009765625</ele><time>2025-06-01T00:47:41.000Z</time></trkpt><trkpt lat="35.713801961392164" lon="138.81952338851988"><ele>1621.449951171875</ele><time>2025-06-01T00:48:02.000Z</time></trkpt><trkpt lat="35.71362191811204" lon="138.81951115094125"><ele>1621.52001953125</ele><time>2025-06-01T00:48:23.000Z</time></trkpt><trkpt lat="35.71344179101288" lon="138.8195136655122"><ele>1621.8800048828125</ele><time>2025-06-01T00:48:45.000Z</time></trkpt><trkpt lat="35.71326166391373" lon="138.81952037103474"><ele>1622.449951171875</ele><time>2025-06-01T00:49:06.000Z</time></trkpt><trkpt lat="35.71308145299554" lon="138.81952699273825"><ele>1622.1099853515625</ele><time>2025-06-01T00:49:27.000Z</time></trkpt><trkpt lat="35.712915156036615" lon="138.81946756504476"><ele>1620.239990234375</ele><time>2025-06-01T00:49:48.000Z</time></trkpt><trkpt lat="35.71275983937085" lon="138.81935541518033"><ele>1625.3800048828125</ele><time>2025-06-01T00:50:10.000Z</time></trkpt><trkpt lat="35.71260452270508" lon="138.8192432653159"><ele>1629.800048828125</ele><time>2025-06-01T00:50:31.000Z</time></trkpt><trkpt lat="35.71244736202061" lon="138.8191349711269"><ele>1632.97998046875</ele><time>2025-06-01T00:50:52.000Z</time></trkpt><trkpt lat="35.71228844113648" lon="138.81903070025146"><ele>1632.1600341796875</ele><time>2025-06-01T00:51:13.000Z</time></trkpt><trkpt lat="35.71212952025235" lon="138.818926429376"><ele>1631.6400146484375</ele><time>2025-06-01T00:51:35.000Z</time></trkpt><trkpt lat="35.71200655773282" lon="138.8187733758241"><ele>1630.6199951171875</ele><time>2025-06-01T00:51:56.000Z</time></trkpt><trkpt lat="35.71190622635186" lon="138.81858981214464"><ele>1630.050048828125</ele><time>2025-06-01T00:52:17.000Z</time></trkpt><trkpt lat="35.71185417473316" lon="138.81838059984148"><ele>1627.2900390625</ele><time>2025-06-01T00:52:39.000Z</time></trkpt><trkpt lat="35.71180438622832" lon="138.81816811859608"><ele>1621.25</ele><time>2025-06-01T00:53:00.000Z</time></trkpt><trkpt lat="35.711712185293436" lon="138.81798338145018"><ele>1618.1600341796875</ele><time>2025-06-01T00:53:21.000Z</time></trkpt><trkpt lat="35.711567010730505" lon="138.81785379722714"><ele>1616.9200439453125</ele><time>2025-06-01T00:53:42.000Z</time></trkpt><trkpt lat="35.711417980492115" lon="138.81772957742214"><ele>1617.9000244140625</ele><time>2025-06-01T00:54:04.000Z</time></trkpt><trkpt lat="35.711304573342204" lon="138.8175637833774"><ele>1620.1199951171875</ele><time>2025-06-01T00:54:25.000Z</time></trkpt><trkpt lat="35.711225448176265" lon="138.81736814975739"><ele>1620.8199462890625</ele><time>2025-06-01T00:54:46.000Z</time></trkpt><trkpt lat="35.71114447899163" lon="138.81717067211866"><ele>1621.6800537109375</ele><time>2025-06-01T00:55:07.000Z</time></trkpt><trkpt lat="35.71106267161667" lon="138.81697394885123"><ele>1623.1500244140625</ele><time>2025-06-01T00:55:29.000Z</time></trkpt><trkpt lat="35.7109559699893" lon="138.816796252504"><ele>1621.0799560546875</ele><time>2025-06-01T00:55:50.000Z</time></trkpt><trkpt lat="35.71083979681134" lon="138.81662777625024"><ele>1615.6400146484375</ele><time>2025-06-01T00:56:11.000Z</time></trkpt><trkpt lat="35.71070484817028" lon="138.8165156263858"><ele>1611.550048828125</ele><time>2025-06-01T00:56:32.000Z</time></trkpt><trkpt lat="35.71052857674658" lon="138.81656172685325"><ele>1613.4300537109375</ele><time>2025-06-01T00:56:54.000Z</time></trkpt><trkpt lat="35.71035590954125" lon="138.81651286035776"><ele>1610.9300537109375</ele><time>2025-06-01T00:57:15.000Z</time></trkpt><trkpt lat="35.71018391288817" lon="138.8164466433227"><ele>1613.280029296875</ele><time>2025-06-01T00:57:36.000Z</time></trkpt><trkpt lat="35.710014682263136" lon="138.81650565192103"><ele>1613.5</ele><time>2025-06-01T00:57:58.000Z</time></trkpt><trkpt lat="35.70984771475196" lon="138.8165888004005"><ele>1613.1700439453125</ele><time>2025-06-01T00:58:19.000Z</time></trkpt><trkpt lat="35.709680914878845" lon="138.81667253561318"><ele>1612.2900390625</ele><time>2025-06-01T00:58:40.000Z</time></trkpt><trkpt lat="35.70951411500573" lon="138.81675627082586"><ele>1611.56005859375</ele><time>2025-06-01T00:59:01.000Z</time></trkpt><trkpt lat="35.709348153322935" lon="138.81681016646326"><ele>1611.5799560546875</ele><time>2025-06-01T00:59:23.000Z</time></trkpt><trkpt lat="35.709194177761674" lon="138.8166953343898"><ele>1615.760009765625</ele><time>2025-06-01T00:59:44.000Z</time></trkpt><trkpt lat="35.7090407051146" lon="138.81657949648798"><ele>1616.969970703125</ele><time>2025-06-01T01:00:05.000Z</time></trkpt><trkpt lat="35.70891841314733" lon="138.81642510183156"><ele>1614.97998046875</ele><time>2025-06-01T01:00:26.000Z</time></trkpt><trkpt lat="35.70882311090827" lon="138.81623751483858"><ele>1611.2900390625</ele><time>2025-06-01T01:00:48.000Z</time></trkpt><trkpt lat="35.70871992968023" lon="138.81605981849134"><ele>1606.1600341796875</ele><time>2025-06-01T01:01:09.000Z</time></trkpt><trkpt lat="35.708565870299935" lon="138.81594507023692"><ele>1603.760009765625</ele><time>2025-06-01T01:01:30.000Z</time></trkpt><trkpt lat="35.708410469815135" lon="138.81583384238183"><ele>1600.5999755859375</ele><time>2025-06-01T01:01:51.000Z</time></trkpt><trkpt lat="35.70823931135237" lon="138.8157642725855"><ele>1599.239990234375</ele><time>2025-06-01T01:02:13.000Z</time></trkpt><trkpt lat="35.70806823670864" lon="138.81569478660822"><ele>1596.52001953125</ele><time>2025-06-01T01:02:34.000Z</time></trkpt><trkpt lat="35.707896491512656" lon="138.81562756374478"><ele>1594.1199951171875</ele><time>2025-06-01T01:02:55.000Z</time></trkpt><trkpt lat="35.70772474631667" lon="138.81556059233844"><ele>1593.719970703125</ele><time>2025-06-01T01:03:17.000Z</time></trkpt><trkpt lat="35.70755023509264" lon="138.81552496924996"><ele>1591.0400390625</ele><time>2025-06-01T01:03:38.000Z</time></trkpt><trkpt lat="35.70737086236477" lon="138.81554625928402"><ele>1589.22998046875</ele><time>2025-06-01T01:03:59.000Z</time></trkpt><trkpt lat="35.707191405817866" lon="138.8155676331371"><ele>1585.7900390625</ele><time>2025-06-01T01:04:20.000Z</time></trkpt><trkpt lat="35.707012033089995" lon="138.81558892317116"><ele>1583.1600341796875</ele><time>2025-06-01T01:04:42.000Z</time></trkpt><trkpt lat="35.706853698939085" lon="138.81554709747434"><ele>1578.2900390625</ele><time>2025-06-01T01:05:03.000Z</time></trkpt><trkpt lat="35.706737861037254" lon="138.81537769921124"><ele>1578.030029296875</ele><time>2025-06-01T01:05:24.000Z</time></trkpt><trkpt lat="35.70671598426998" lon="138.81516647525132"><ele>1576.06005859375</ele><time>2025-06-01T01:05:45.000Z</time></trkpt><trkpt lat="35.70662244223058" lon="138.81499221548438"><ele>1572.72998046875</ele><time>2025-06-01T01:06:07.000Z</time></trkpt><trkpt lat="35.706496462225914" lon="138.81483404897153"><ele>1567.3900146484375</ele><time>2025-06-01T01:06:28.000Z</time></trkpt><trkpt lat="35.70637056604028" lon="138.81467596627772"><ele>1562.530029296875</ele><time>2025-06-01T01:06:49.000Z</time></trkpt><trkpt lat="35.70624466985464" lon="138.81451779976487"><ele>1562.3599853515625</ele><time>2025-06-01T01:07:10.000Z</time></trkpt><trkpt lat="35.70611818693578" lon="138.8143603876233"><ele>1562.8399658203125</ele><time>2025-06-01T01:07:32.000Z</time></trkpt><trkpt lat="35.70598809979856" lon="138.8142073340714"><ele>1566.0400390625</ele><time>2025-06-01T01:07:53.000Z</time></trkpt><trkpt lat="35.70585809648037" lon="138.81405428051949"><ele>1569.6300048828125</ele><time>2025-06-01T01:08:14.000Z</time></trkpt><trkpt lat="35.70572800934315" lon="138.81390122696757"><ele>1568.5699462890625</ele><time>2025-06-01T01:08:35.000Z</time></trkpt><trkpt lat="35.70572800934315" lon="138.81390122696757"><ele>1568.5699462890625</ele><time>2025-06-01T01:08:35.000Z</time></trkpt><trkpt lat="35.70558048784733" lon="138.8137665297836"><ele>1568.760009765625</ele><time>2025-06-01T01:08:53.000Z</time></trkpt><trkpt lat="35.70540513843298" lon="138.81371540017426"><ele>1564.4000244140625</ele><time>2025-06-01T01:09:10.000Z</time></trkpt><trkpt lat="35.70522978901863" lon="138.8136642705649"><ele>1559.969970703125</ele><time>2025-06-01T01:09:28.000Z</time></trkpt><trkpt lat="35.70505435578525" lon="138.8136132247746"><ele>1558.1099853515625</ele><time>2025-06-01T01:09:45.000Z</time></trkpt><trkpt lat="35.7048790063709" lon="138.81356209516525"><ele>1556.2900390625</ele><time>2025-06-01T01:10:03.000Z</time></trkpt><trkpt lat="35.704704662784934" lon="138.813521778211"><ele>1559.449951171875</ele><time>2025-06-01T01:10:20.000Z</time></trkpt><trkpt lat="35.70453635416925" lon="138.81359352730215"><ele>1555.6600341796875</ele><time>2025-06-01T01:10:38.000Z</time></trkpt><trkpt lat="35.70439947769046" lon="138.8135831337422"><ele>1554.3699951171875</ele><time>2025-06-01T01:10:55.000Z</time></trkpt><trkpt lat="35.70431850850582" lon="138.81338573992252"><ele>1555.18994140625</ele><time>2025-06-01T01:11:13.000Z</time></trkpt><trkpt lat="35.70423745550215" lon="138.8131882622838"><ele>1553.9300537109375</ele><time>2025-06-01T01:11:30.000Z</time></trkpt><trkpt lat="35.70417836308479" lon="138.81298022344708"><ele>1549.469970703125</ele><time>2025-06-01T01:11:48.000Z</time></trkpt><trkpt lat="35.70412782020867" lon="138.81276824511588"><ele>1547.0699462890625</ele><time>2025-06-01T01:12:05.000Z</time></trkpt><trkpt lat="35.70412782020867" lon="138.81254721432924"><ele>1546.4300537109375</ele><time>2025-06-01T01:12:23.000Z</time></trkpt><trkpt lat="35.70412782020867" lon="138.8123261835426"><ele>1542.5799560546875</ele><time>2025-06-01T01:12:40.000Z</time></trkpt><trkpt lat="35.70412782020867" lon="138.812105236575"><ele>1541.8399658203125</ele><time>2025-06-01T01:12:58.000Z</time></trkpt><trkpt lat="35.70417140610516" lon="138.81189744919538"><ele>1539.449951171875</ele><time>2025-06-01T01:13:15.000Z</time></trkpt><trkpt lat="35.704255728051066" lon="138.8117021508515"><ele>1534.8599853515625</ele><time>2025-06-01T01:13:33.000Z</time></trkpt><trkpt lat="35.7043039239943" lon="138.81149587221444"><ele>1533.0699462890625</ele><time>2025-06-01T01:13:50.000Z</time></trkpt><trkpt lat="35.704217087477446" lon="138.81132278591394"><ele>1532.4300537109375</ele><time>2025-06-01T01:14:08.000Z</time></trkpt><trkpt lat="35.704042157158256" lon="138.8113538827747"><ele>1529.75</ele><time>2025-06-01T01:14:25.000Z</time></trkpt><trkpt lat="35.703890612348914" lon="138.81147315725684"><ele>1528.02001953125</ele><time>2025-06-01T01:14:43.000Z</time></trkpt><trkpt lat="35.7037394028157" lon="138.81159343756735"><ele>1527.72998046875</ele><time>2025-06-01T01:15:00.000Z</time></trkpt><trkpt lat="35.703613171353936" lon="138.81173936650157"><ele>1523.6400146484375</ele><time>2025-06-01T01:15:18.000Z</time></trkpt><trkpt lat="35.70354284718633" lon="138.81194287911057"><ele>1524.300048828125</ele><time>2025-06-01T01:15:35.000Z</time></trkpt><trkpt lat="35.703440587967634" lon="138.8121004588902"><ele>1524.4200439453125</ele><time>2025-06-01T01:15:53.000Z</time></trkpt><trkpt lat="35.70326431654394" lon="138.81214614026248"><ele>1522.280029296875</ele><time>2025-06-01T01:16:10.000Z</time></trkpt><trkpt lat="35.70308678783476" lon="138.81218436174095"><ele>1524.1600341796875</ele><time>2025-06-01T01:16:28.000Z</time></trkpt><trkpt lat="35.70290925912559" lon="138.8122225832194"><ele>1520.949951171875</ele><time>2025-06-01T01:16:45.000Z</time></trkpt><trkpt lat="35.702766850590706" lon="138.81223163567483"><ele>1517.1400146484375</ele><time>2025-06-01T01:17:03.000Z</time></trkpt><trkpt lat="35.702862069010735" lon="138.81204404868186"><ele>1515.199951171875</ele><time>2025-06-01T01:17:20.000Z</time></trkpt><trkpt lat="35.702957371249795" lon="138.81185646168888"><ele>1511.219970703125</ele><time>2025-06-01T01:17:38.000Z</time></trkpt><trkpt lat="35.703049739822745" lon="138.81166669540107"><ele>1505.9000244140625</ele><time>2025-06-01T01:17:55.000Z</time></trkpt><trkpt lat="35.70314093492925" lon="138.81147609092295"><ele>1504.8299560546875</ele><time>2025-06-01T01:18:13.000Z</time></trkpt><trkpt lat="35.70323321968317" lon="138.8112864922732"><ele>1506.6500244140625</ele><time>2025-06-01T01:18:30.000Z</time></trkpt><trkpt lat="35.70336565375328" lon="138.8111366238445"><ele>1507.8599853515625</ele><time>2025-06-01T01:18:48.000Z</time></trkpt><trkpt lat="35.70344788022339" lon="138.81100175902247"><ele>1509.1700439453125</ele><time>2025-06-01T01:19:05.000Z</time></trkpt><trkpt lat="35.70344788022339" lon="138.81100175902247"><ele>1509.1700439453125</ele><time>2025-06-01T01:19:05.000Z</time></trkpt><trkpt lat="35.70321260020137" lon="138.81088994443417"><ele>1504.2900390625</ele><time>2025-06-01T01:19:28.000Z</time></trkpt><trkpt lat="35.70306373760104" lon="138.8107658084482"><ele>1501.1600341796875</ele><time>2025-06-01T01:19:50.000Z</time></trkpt><trkpt lat="35.70291521027684" lon="138.810641085729"><ele>1499.530029296875</ele><time>2025-06-01T01:20:12.000Z</time></trkpt><trkpt lat="35.702764922752976" lon="138.81051904521883"><ele>1500.1099853515625</ele><time>2025-06-01T01:20:34.000Z</time></trkpt><trkpt lat="35.70261463522911" lon="138.81039692088962"><ele>1500.300048828125</ele><time>2025-06-01T01:20:56.000Z</time></trkpt><trkpt lat="35.70245135575533" lon="138.81030606105924"><ele>1501.5699462890625</ele><time>2025-06-01T01:21:18.000Z</time></trkpt><trkpt lat="35.70228053256869" lon="138.81023875437677"><ele>1503.1099853515625</ele><time>2025-06-01T01:21:40.000Z</time></trkpt><trkpt lat="35.702100321650505" lon="138.81023875437677"><ele>1503.1400146484375</ele><time>2025-06-01T01:22:02.000Z</time></trkpt><trkpt lat="35.701920026913285" lon="138.81023875437677"><ele>1502.75</ele><time>2025-06-01T01:22:24.000Z</time></trkpt><trkpt lat="35.7017398159951" lon="138.81023875437677"><ele>1501.780029296875</ele><time>2025-06-01T01:22:47.000Z</time></trkpt><trkpt lat="35.701567735522985" lon="138.8102713599801"><ele>1502.3499755859375</ele><time>2025-06-01T01:23:09.000Z</time></trkpt><trkpt lat="35.701391380280256" lon="138.81031737662852"><ele>1501.3800048828125</ele><time>2025-06-01T01:23:31.000Z</time></trkpt><trkpt lat="35.70121510885656" lon="138.81036339327693"><ele>1502.0400390625</ele><time>2025-06-01T01:23:53.000Z</time></trkpt><trkpt lat="35.70104747079313" lon="138.81034051068127"><ele>1501.510009765625</ele><time>2025-06-01T01:24:15.000Z</time></trkpt><trkpt lat="35.70089081302285" lon="138.81023137830198"><ele>1502.4200439453125</ele><time>2025-06-01T01:24:37.000Z</time></trkpt><trkpt lat="35.700734071433544" lon="138.81012216210365"><ele>1503.219970703125</ele><time>2025-06-01T01:24:59.000Z</time></trkpt><trkpt lat="35.700577329844236" lon="138.81001302972436"><ele>1503.449951171875</ele><time>2025-06-01T01:25:21.000Z</time></trkpt><trkpt lat="35.70042058825493" lon="138.80990389734507"><ele>1504.0699462890625</ele><time>2025-06-01T01:25:43.000Z</time></trkpt><trkpt lat="35.70027147419751" lon="138.80978018045425"><ele>1506.0699462890625</ele><time>2025-06-01T01:26:05.000Z</time></trkpt><trkpt lat="35.70012520998716" lon="138.80965093150735"><ele>1507.3699951171875</ele><time>2025-06-01T01:26:28.000Z</time></trkpt><trkpt lat="35.69997902959585" lon="138.80952176637948"><ele>1507.780029296875</ele><time>2025-06-01T01:26:50.000Z</time></trkpt><trkpt lat="35.69983276538551" lon="138.80939251743257"><ele>1505.6400146484375</ele><time>2025-06-01T01:27:12.000Z</time></trkpt><trkpt lat="35.699686501175165" lon="138.8092633523047"><ele>1504.27001953125</ele><time>2025-06-01T01:27:34.000Z</time></trkpt><trkpt lat="35.69950997829437" lon="138.80926905199885"><ele>1503.449951171875</ele><time>2025-06-01T01:27:56.000Z</time></trkpt><trkpt lat="35.69933035410941" lon="138.80928807891905"><ele>1503.8499755859375</ele><time>2025-06-01T01:28:18.000Z</time></trkpt><trkpt lat="35.699154417961836" lon="138.8092567306012"><ele>1503.3900146484375</ele><time>2025-06-01T01:28:40.000Z</time></trkpt><trkpt lat="35.698980493471026" lon="138.8091988954693"><ele>1503.4100341796875</ele><time>2025-06-01T01:29:02.000Z</time></trkpt><trkpt lat="35.698806485161185" lon="138.80914114415646"><ele>1503.3599853515625</ele><time>2025-06-01T01:29:24.000Z</time></trkpt><trkpt lat="35.698644295334816" lon="138.80905606783926"><ele>1503.530029296875</ele><time>2025-06-01T01:29:47.000Z</time></trkpt><trkpt lat="35.69850750267506" lon="138.8089121505618"><ele>1503.3699951171875</ele><time>2025-06-01T01:30:09.000Z</time></trkpt><trkpt lat="35.6983707100153" lon="138.80876814946532"><ele>1502.75</ele><time>2025-06-01T01:30:31.000Z</time></trkpt><trkpt lat="35.698259146884084" lon="138.8085995055735"><ele>1502.969970703125</ele><time>2025-06-01T01:30:53.000Z</time></trkpt><trkpt lat="35.69817440584302" lon="138.8084044586867"><ele>1502.93994140625</ele><time>2025-06-01T01:31:15.000Z</time></trkpt><trkpt lat="35.698089664801955" lon="138.8082094117999"><ele>1502.5</ele><time>2025-06-01T01:31:37.000Z</time></trkpt><trkpt lat="35.69800500757992" lon="138.8080143649131"><ele>1505.4599609375</ele><time>2025-06-01T01:31:59.000Z</time></trkpt><trkpt lat="35.69793652743101" lon="138.80781043320894"><ele>1507.68994140625</ele><time>2025-06-01T01:32:21.000Z</time></trkpt><trkpt lat="35.697869723662734" lon="138.80760516040027"><ele>1510.5799560546875</ele><time>2025-06-01T01:32:43.000Z</time></trkpt><trkpt lat="35.69780291989446" lon="138.80739997141063"><ele>1510.77001953125</ele><time>2025-06-01T01:33:05.000Z</time></trkpt><trkpt lat="35.69773611612618" lon="138.80719469860196"><ele>1510.4000244140625</ele><time>2025-06-01T01:33:28.000Z</time></trkpt><trkpt lat="35.6976693123579" lon="138.8069894257933"><ele>1510.1199951171875</ele><time>2025-06-01T01:33:50.000Z</time></trkpt><trkpt lat="35.69760259240866" lon="138.80678415298462"><ele>1510.93994140625</ele><time>2025-06-01T01:34:12.000Z</time></trkpt><trkpt lat="35.69750645197928" lon="138.80660687573254"><ele>1511.43994140625</ele><time>2025-06-01T01:34:34.000Z</time></trkpt><trkpt lat="35.69736077450216" lon="138.8064767047763"><ele>1510.3800048828125</ele><time>2025-06-01T01:34:56.000Z</time></trkpt><trkpt lat="35.69721509702504" lon="138.80634653382003"><ele>1508.0400390625</ele><time>2025-06-01T01:35:18.000Z</time></trkpt><trkpt lat="35.697069419547915" lon="138.80621636286378"><ele>1503.3399658203125</ele><time>2025-06-01T01:35:40.000Z</time></trkpt><trkpt lat="35.69692977704108" lon="138.80607680417597"><ele>1502.3199462890625</ele><time>2025-06-01T01:36:02.000Z</time></trkpt><trkpt lat="35.696792146191" lon="138.805934144184"><ele>1501.6700439453125</ele><time>2025-06-01T01:36:24.000Z</time></trkpt><trkpt lat="35.696654515340924" lon="138.80579140037298"><ele>1505.5799560546875</ele><time>2025-06-01T01:36:47.000Z</time></trkpt><trkpt lat="35.69651688449085" lon="138.805648740381"><ele>1509.77001953125</ele><time>2025-06-01T01:37:09.000Z</time></trkpt><trkpt lat="35.69637925364077" lon="138.80550599657"><ele>1515.8299560546875</ele><time>2025-06-01T01:37:31.000Z</time></trkpt><trkpt lat="35.696241622790694" lon="138.805363336578"><ele>1521.47998046875</ele><time>2025-06-01T01:37:53.000Z</time></trkpt><trkpt lat="35.69610399194062" lon="138.805220592767"><ele>1523.2900390625</ele><time>2025-06-01T01:38:15.000Z</time></trkpt><trkpt lat="35.69596636109054" lon="138.80507793277502"><ele>1525.8800048828125</ele><time>2025-06-01T01:38:37.000Z</time></trkpt><trkpt lat="35.69583535194397" lon="138.80492798052728"><ele>1528.81005859375</ele><time>2025-06-01T01:38:59.000Z</time></trkpt><trkpt lat="35.6957355234772" lon="138.80474399775267"><ele>1529.8800048828125</ele><time>2025-06-01T01:39:21.000Z</time></trkpt><trkpt lat="35.695635778829455" lon="138.80455993115902"><ele>1530.3499755859375</ele><time>2025-06-01T01:39:43.000Z</time></trkpt><trkpt lat="35.69553595036268" lon="138.8043759483844"><ele>1531.25</ele><time>2025-06-01T01:40:05.000Z</time></trkpt><trkpt lat="35.69553595036268" lon="138.8043759483844"><ele>1531.25</ele><time>2025-06-01T01:40:05.000Z</time></trkpt><trkpt lat="35.695551708340645" lon="138.80415273830295"><ele>1532.7099609375</ele><time>2025-06-01T01:40:30.000Z</time></trkpt><trkpt lat="35.69567374885082" lon="138.80399440415204"><ele>1533.27001953125</ele><time>2025-06-01T01:40:54.000Z</time></trkpt><trkpt lat="35.69576201029122" lon="138.80380354821682"><ele>1531.260009765625</ele><time>2025-06-01T01:41:18.000Z</time></trkpt><trkpt lat="35.69583191536367" lon="138.80359668284655"><ele>1524.489990234375</ele><time>2025-06-01T01:41:42.000Z</time></trkpt><trkpt lat="35.695897713303566" lon="138.8033878058195"><ele>1513.2099609375</ele><time>2025-06-01T01:42:07.000Z</time></trkpt><trkpt lat="35.69596325978637" lon="138.80317884497344"><ele>1508.27001953125</ele><time>2025-06-01T01:42:31.000Z</time></trkpt><trkpt lat="35.69602880626917" lon="138.80296988412738"><ele>1497.699951171875</ele><time>2025-06-01T01:42:55.000Z</time></trkpt><trkpt lat="35.69611237384379" lon="138.80277274176478"><ele>1490.52001953125</ele><time>2025-06-01T01:43:19.000Z</time></trkpt><trkpt lat="35.6962170638144" lon="138.80258942954242"><ele>1485.8800048828125</ele><time>2025-06-01T01:43:44.000Z</time></trkpt><trkpt lat="35.69632166996598" lon="138.8024062011391"><ele>1479.9100341796875</ele><time>2025-06-01T01:44:08.000Z</time></trkpt><trkpt lat="35.696408925578" lon="138.80221006460488"><ele>1472.800048828125</ele><time>2025-06-01T01:44:32.000Z</time></trkpt><trkpt lat="35.696490900591016" lon="138.80201015621424"><ele>1469.5999755859375</ele><time>2025-06-01T01:44:56.000Z</time></trkpt><trkpt lat="35.696572959423065" lon="138.80181016400456"><ele>1464.699951171875</ele><time>2025-06-01T01:45:20.000Z</time></trkpt><trkpt lat="35.69656189531088" lon="138.8015872053802"><ele>1462.199951171875</ele><time>2025-06-01T01:45:45.000Z</time></trkpt><trkpt lat="35.696524512022734" lon="138.80136910825968"><ele>1461.8699951171875</ele><time>2025-06-01T01:46:09.000Z</time></trkpt><trkpt lat="35.696473214775324" lon="138.80115419626236"><ele>1462.3399658203125</ele><time>2025-06-01T01:46:33.000Z</time></trkpt><trkpt lat="35.696421917527914" lon="138.80093928426504"><ele>1467.0899658203125</ele><time>2025-06-01T01:46:57.000Z</time></trkpt><trkpt lat="35.696370620280504" lon="138.80072437226772"><ele>1468.2099609375</ele><time>2025-06-01T01:47:22.000Z</time></trkpt><trkpt lat="35.696319323033094" lon="138.80050937645137"><ele>1465.4200439453125</ele><time>2025-06-01T01:47:46.000Z</time></trkpt><trkpt lat="35.696275401860476" lon="138.80029320716858"><ele>1461.4599609375</ele><time>2025-06-01T01:48:10.000Z</time></trkpt><trkpt lat="35.696316892281175" lon="138.8000863417983"><ele>1467.1199951171875</ele><time>2025-06-01T01:48:34.000Z</time></trkpt><trkpt lat="35.69642669521272" lon="138.79990772344172"><ele>1468.010009765625</ele><time>2025-06-01T01:48:59.000Z</time></trkpt><trkpt lat="35.6965246796608" lon="138.79971904680133"><ele>1472.22998046875</ele><time>2025-06-01T01:49:23.000Z</time></trkpt><trkpt lat="35.69661704823375" lon="138.79952676594257"><ele>1473.18994140625</ele><time>2025-06-01T01:49:47.000Z</time></trkpt><trkpt lat="35.696675134822726" lon="138.79931445233524"><ele>1474.050048828125</ele><time>2025-06-01T01:50:11.000Z</time></trkpt><trkpt lat="35.69673045538366" lon="138.79917497746646"><ele>1474.97998046875</ele><time>2025-06-01T01:50:35.000Z</time></trkpt><trkpt lat="35.69673045538366" lon="138.79917497746646"><ele>1474.97998046875</ele><time>2025-06-01T01:50:35.000Z</time></trkpt><trkpt lat="35.696675134822726" lon="138.79931445233524"><ele>1474.050048828125</ele><time>2025-06-01T01:51:08.000Z</time></trkpt><trkpt lat="35.69661704823375" lon="138.79952676594257"><ele>1473.18994140625</ele><time>2025-06-01T01:51:40.000Z</time></trkpt><trkpt lat="35.6965246796608" lon="138.79971904680133"><ele>1472.22998046875</ele><time>2025-06-01T01:52:12.000Z</time></trkpt><trkpt lat="35.69642669521272" lon="138.79990772344172"><ele>1468.010009765625</ele><time>2025-06-01T01:52:45.000Z</time></trkpt><trkpt lat="35.696316892281175" lon="138.8000863417983"><ele>1467.1199951171875</ele><time>2025-06-01T01:53:17.000Z</time></trkpt><trkpt lat="35.696275401860476" lon="138.80029320716858"><ele>1461.4599609375</ele><time>2025-06-01T01:53:49.000Z</time></trkpt><trkpt lat="35.696319323033094" lon="138.80050937645137"><ele>1465.4200439453125</ele><time>2025-06-01T01:54:22.000Z</time></trkpt><trkpt lat="35.696370620280504" lon="138.80072437226772"><ele>1468.2099609375</ele><time>2025-06-01T01:54:54.000Z</time></trkpt><trkpt lat="35.696421917527914" lon="138.80093928426504"><ele>1467.0899658203125</ele><time>2025-06-01T01:55:26.000Z</time></trkpt><trkpt lat="35.696473214775324" lon="138.80115419626236"><ele>1462.3399658203125</ele><time>2025-06-01T01:55:59.000Z</time></trkpt><trkpt lat="35.696524512022734" lon="138.80136910825968"><ele>1461.8699951171875</ele><time>2025-06-01T01:56:31.000Z</time></trkpt><trkpt lat="35.69656189531088" lon="138.8015872053802"><ele>1462.199951171875</ele><time>2025-06-01T01:57:03.000Z</time></trkpt><trkpt lat="35.696572959423065" lon="138.80181016400456"><ele>1464.699951171875</ele><time>2025-06-01T01:57:35.000Z</time></trkpt><trkpt lat="35.696490900591016" lon="138.80201015621424"><ele>1469.5999755859375</ele><time>2025-06-01T01:58:08.000Z</time></trkpt><trkpt lat="35.696408925578" lon="138.80221006460488"><ele>1472.800048828125</ele><time>2025-06-01T01:58:40.000Z</time></trkpt><trkpt lat="35.69632166996598" lon="138.8024062011391"><ele>1479.9100341796875</ele><time>2025-06-01T01:59:12.000Z</time></trkpt><trkpt lat="35.6962170638144" lon="138.80258942954242"><ele>1485.8800048828125</ele><time>2025-06-01T01:59:45.000Z</time></trkpt><trkpt lat="35.69611237384379" lon="138.80277274176478"><ele>1490.52001953125</ele><time>2025-06-01T02:00:17.000Z</time></trkpt><trkpt lat="35.69602880626917" lon="138.80296988412738"><ele>1497.699951171875</ele><time>2025-06-01T02:00:49.000Z</time></trkpt><trkpt lat="35.69596325978637" lon="138.80317884497344"><ele>1508.27001953125</ele><time>2025-06-01T02:01:22.000Z</time></trkpt><trkpt lat="35.695897713303566" lon="138.8033878058195"><ele>1513.2099609375</ele><time>2025-06-01T02:01:54.000Z</time></trkpt><trkpt lat="35.69583191536367" lon="138.80359668284655"><ele>1524.489990234375</ele><time>2025-06-01T02:02:26.000Z</time></trkpt><trkpt lat="35.69576201029122" lon="138.80380354821682"><ele>1531.260009765625</ele><time>2025-06-01T02:02:59.000Z</time></trkpt><trkpt lat="35.69567374885082" lon="138.80399440415204"><ele>1533.27001953125</ele><time>2025-06-01T02:03:31.000Z</time></trkpt><trkpt lat="35.695551708340645" lon="138.80415273830295"><ele>1532.7099609375</ele><time>2025-06-01T02:04:03.000Z</time></trkpt><trkpt lat="35.69553595036268" lon="138.8043759483844"><ele>1531.25</ele><time>2025-06-01T02:04:35.000Z</time></trkpt><trkpt lat="35.69553595036268" lon="138.8043759483844"><ele>1531.25</ele><time>2025-06-01T02:04:35.000Z</time></trkpt><trkpt lat="35.69533746689558" lon="138.80456873215735"><ele>1528.8800048828125</ele><time>2025-06-01T02:04:54.000Z</time></trkpt><trkpt lat="35.695178378373384" lon="138.8046727515757"><ele>1526.8800048828125</ele><time>2025-06-01T02:05:13.000Z</time></trkpt><trkpt lat="35.69501937367022" lon="138.80477677099407"><ele>1525.1400146484375</ele><time>2025-06-01T02:05:31.000Z</time></trkpt><trkpt lat="35.694860285148025" lon="138.80488079041243"><ele>1523.1300048828125</ele><time>2025-06-01T02:05:50.000Z</time></trkpt><trkpt lat="35.69470128044486" lon="138.80498472601175"><ele>1521.219970703125</ele><time>2025-06-01T02:06:09.000Z</time></trkpt><trkpt lat="35.69453523494303" lon="138.80507038906217"><ele>1518.219970703125</ele><time>2025-06-01T02:06:27.000Z</time></trkpt><trkpt lat="35.69436005316675" lon="138.80511665716767"><ele>1513.3599853515625</ele><time>2025-06-01T02:06:46.000Z</time></trkpt><trkpt lat="35.69418294355273" lon="138.80515781231225"><ele>1509.8800048828125</ele><time>2025-06-01T02:07:05.000Z</time></trkpt><trkpt lat="35.69400533102453" lon="138.8051664456725"><ele>1506.93994140625</ele><time>2025-06-01T02:07:23.000Z</time></trkpt><trkpt lat="35.69383878260851" lon="138.8050818722695"><ele>1504.219970703125</ele><time>2025-06-01T02:07:42.000Z</time></trkpt><trkpt lat="35.69367223419249" lon="138.8049972988665"><ele>1500.25</ele><time>2025-06-01T02:08:01.000Z</time></trkpt><trkpt lat="35.69350199773908" lon="138.8049256335944"><ele>1496.5999755859375</ele><time>2025-06-01T02:08:19.000Z</time></trkpt><trkpt lat="35.693328911438584" lon="138.80486411042511"><ele>1491.7900390625</ele><time>2025-06-01T02:08:38.000Z</time></trkpt><trkpt lat="35.693156411871314" lon="138.80480032414198"><ele>1489.3599853515625</ele><time>2025-06-01T02:08:57.000Z</time></trkpt><trkpt lat="35.69298852235079" lon="138.8047197740525"><ele>1486.739990234375</ele><time>2025-06-01T02:09:15.000Z</time></trkpt><trkpt lat="35.692820716649294" lon="138.80463930778205"><ele>1486.3299560546875</ele><time>2025-06-01T02:09:34.000Z</time></trkpt><trkpt lat="35.69265282712877" lon="138.8045588415116"><ele>1485.760009765625</ele><time>2025-06-01T02:09:53.000Z</time></trkpt><trkpt lat="35.69248493760824" lon="138.80447829142213"><ele>1484.8800048828125</ele><time>2025-06-01T02:10:11.000Z</time></trkpt><trkpt lat="35.692317048087716" lon="138.80439782515168"><ele>1483.260009765625</ele><time>2025-06-01T02:10:30.000Z</time></trkpt><trkpt lat="35.69214924238622" lon="138.80431735888124"><ele>1482.3499755859375</ele><time>2025-06-01T02:10:49.000Z</time></trkpt><trkpt lat="35.691979341208935" lon="138.80434652790427"><ele>1481.77001953125</ele><time>2025-06-01T02:11:07.000Z</time></trkpt><trkpt lat="35.691808769479394" lon="138.80441785790026"><ele>1478.8599853515625</ele><time>2025-06-01T02:11:26.000Z</time></trkpt><trkpt lat="35.69163811393082" lon="138.80448910407722"><ele>1475.47998046875</ele><time>2025-06-01T02:11:45.000Z</time></trkpt><trkpt lat="35.69146645255387" lon="138.8045524712652"><ele>1474.3299560546875</ele><time>2025-06-01T02:12:03.000Z</time></trkpt><trkpt lat="35.691286996006966" lon="138.80454249680042"><ele>1477.6400146484375</ele><time>2025-06-01T02:12:22.000Z</time></trkpt><trkpt lat="35.69113134406507" lon="138.80443839356303"><ele>1480.300048828125</ele><time>2025-06-01T02:12:41.000Z</time></trkpt><trkpt lat="35.69098927080631" lon="138.80431132391095"><ele>1478.6800537109375</ele><time>2025-06-01T02:12:59.000Z</time></trkpt><trkpt lat="35.690861362963915" lon="138.804155504331"><ele>1478.3599853515625</ele><time>2025-06-01T02:13:18.000Z</time></trkpt><trkpt lat="35.6907257437706" lon="138.804012844339"><ele>1478.1500244140625</ele><time>2025-06-01T02:13:37.000Z</time></trkpt><trkpt lat="35.690565733239055" lon="138.8039110880345"><ele>1476.4200439453125</ele><time>2025-06-01T02:13:55.000Z</time></trkpt><trkpt lat="35.69040572270751" lon="138.80380933173"><ele>1475.3399658203125</ele><time>2025-06-01T02:14:14.000Z</time></trkpt><trkpt lat="35.690233055502176" lon="138.8037543464452"><ele>1474.3900146484375</ele><time>2025-06-01T02:14:33.000Z</time></trkpt><trkpt lat="35.690055191516876" lon="138.80371822044253"><ele>1473.1300048828125</ele><time>2025-06-01T02:14:51.000Z</time></trkpt><trkpt lat="35.68987741135061" lon="138.80368209443986"><ele>1472.0799560546875</ele><time>2025-06-01T02:15:10.000Z</time></trkpt><trkpt lat="35.68969954736531" lon="138.8036459684372"><ele>1470.989990234375</ele><time>2025-06-01T02:15:29.000Z</time></trkpt><trkpt lat="35.68952176719904" lon="138.80360984243453"><ele>1469.739990234375</ele><time>2025-06-01T02:15:47.000Z</time></trkpt><trkpt lat="35.689346082508564" lon="138.8035600539297"><ele>1466.1600341796875</ele><time>2025-06-01T02:16:06.000Z</time></trkpt><trkpt lat="35.68917056545615" lon="138.80351001396775"><ele>1463.52001953125</ele><time>2025-06-01T02:16:25.000Z</time></trkpt><trkpt lat="35.68899488076568" lon="138.80346056073904"><ele>1461.3699951171875</ele><time>2025-06-01T02:16:43.000Z</time></trkpt><trkpt lat="35.688820788636804" lon="138.80340314470232"><ele>1459.6700439453125</ele><time>2025-06-01T02:17:02.000Z</time></trkpt><trkpt lat="35.688732862472534" lon="138.8032236881554"><ele>1455.239990234375</ele><time>2025-06-01T02:17:21.000Z</time></trkpt><trkpt lat="35.688661532476544" lon="138.80302076227963"><ele>1452.9300537109375</ele><time>2025-06-01T02:17:39.000Z</time></trkpt><trkpt lat="35.68859011866152" lon="138.80281792022288"><ele>1449.6600341796875</ele><time>2025-06-01T02:17:58.000Z</time></trkpt><trkpt lat="35.68848785944283" lon="138.80263703875244"><ele>1445.6400146484375</ele><time>2025-06-01T02:18:17.000Z</time></trkpt><trkpt lat="35.68835064768791" lon="138.8024937082082"><ele>1440.6800537109375</ele><time>2025-06-01T02:18:35.000Z</time></trkpt><trkpt lat="35.68835064768791" lon="138.8024937082082"><ele>1440.6800537109375</ele><time>2025-06-01T02:18:35.000Z</time></trkpt><trkpt lat="35.68821268156171" lon="138.80234962329268"><ele>1437.4599609375</ele><time>2025-06-01T02:18:57.000Z</time></trkpt><trkpt lat="35.68806658498943" lon="138.80222406238317"><ele>1435.3299560546875</ele><time>2025-06-01T02:19:19.000Z</time></trkpt><trkpt lat="35.68790347315371" lon="138.8021313585341"><ele>1432.4300537109375</ele><time>2025-06-01T02:19:41.000Z</time></trkpt><trkpt lat="35.68774036131799" lon="138.802038570866"><ele>1432.0799560546875</ele><time>2025-06-01T02:20:03.000Z</time></trkpt><trkpt lat="35.68757641129196" lon="138.80194838158786"><ele>1430.7900390625</ele><time>2025-06-01T02:20:25.000Z</time></trkpt><trkpt lat="35.687405755743384" lon="138.80187906324863"><ele>1426.93994140625</ele><time>2025-06-01T02:20:47.000Z</time></trkpt><trkpt lat="35.68722780793905" lon="138.80188710987568"><ele>1424.06005859375</ele><time>2025-06-01T02:21:09.000Z</time></trkpt><trkpt lat="35.68704877048731" lon="138.80190638825297"><ele>1426.47998046875</ele><time>2025-06-01T02:21:31.000Z</time></trkpt><trkpt lat="35.686869816854596" lon="138.80192558281124"><ele>1428.8699951171875</ele><time>2025-06-01T02:21:53.000Z</time></trkpt><trkpt lat="35.68670519627631" lon="138.80188627168536"><ele>1430.8599853515625</ele><time>2025-06-01T02:22:15.000Z</time></trkpt><trkpt lat="35.68656966090202" lon="138.80174092948437"><ele>1429.8199462890625</ele><time>2025-06-01T02:22:37.000Z</time></trkpt><trkpt lat="35.68643420934677" lon="138.8015956711024"><ele>1429.9599609375</ele><time>2025-06-01T02:22:59.000Z</time></trkpt><trkpt lat="35.68629875779152" lon="138.8014503289014"><ele>1429.699951171875</ele><time>2025-06-01T02:23:21.000Z</time></trkpt><trkpt lat="35.686163222417235" lon="138.80130498670042"><ele>1433.239990234375</ele><time>2025-06-01T02:23:43.000Z</time></trkpt><trkpt lat="35.68602777086198" lon="138.80115972831845"><ele>1434.199951171875</ele><time>2025-06-01T02:24:05.000Z</time></trkpt><trkpt lat="35.6858922354877" lon="138.80101438611746"><ele>1431.8800048828125</ele><time>2025-06-01T02:24:27.000Z</time></trkpt><trkpt lat="35.685727363452315" lon="138.80093643441796"><ele>1424.489990234375</ele><time>2025-06-01T02:24:49.000Z</time></trkpt><trkpt lat="35.685557797551155" lon="138.80086317658424"><ele>1425.9300537109375</ele><time>2025-06-01T02:25:11.000Z</time></trkpt><trkpt lat="35.68538831546903" lon="138.8007898349315"><ele>1427.760009765625</ele><time>2025-06-01T02:25:33.000Z</time></trkpt><trkpt lat="35.685306591913104" lon="138.80063988268375"><ele>1429.06005859375</ele><time>2025-06-01T02:25:55.000Z</time></trkpt><trkpt lat="35.685306591913104" lon="138.80041868425906"><ele>1428.280029296875</ele><time>2025-06-01T02:26:17.000Z</time></trkpt><trkpt lat="35.685306591913104" lon="138.80019748583436"><ele>1427.02001953125</ele><time>2025-06-01T02:26:39.000Z</time></trkpt><trkpt lat="35.685257306322455" lon="138.79999070428312"><ele>1426.97998046875</ele><time>2025-06-01T02:27:01.000Z</time></trkpt><trkpt lat="35.68517633713782" lon="138.7997932266444"><ele>1422.030029296875</ele><time>2025-06-01T02:27:23.000Z</time></trkpt><trkpt lat="35.68509520031512" lon="138.79959650337696"><ele>1420.780029296875</ele><time>2025-06-01T02:27:45.000Z</time></trkpt><trkpt lat="35.68513719365001" lon="138.79938142374158"><ele>1417.18994140625</ele><time>2025-06-01T02:28:06.000Z</time></trkpt><trkpt lat="35.6851791869849" lon="138.7991663441062"><ele>1418.3599853515625</ele><time>2025-06-01T02:28:28.000Z</time></trkpt><trkpt lat="35.68519058637321" lon="138.79894598387182"><ele>1414.97998046875</ele><time>2025-06-01T02:28:50.000Z</time></trkpt><trkpt lat="35.685198716819286" lon="138.79872495308518"><ele>1415.3299560546875</ele><time>2025-06-01T02:29:12.000Z</time></trkpt><trkpt lat="35.68520676344633" lon="138.79850400611758"><ele>1415.7900390625</ele><time>2025-06-01T02:29:34.000Z</time></trkpt><trkpt lat="35.685214810073376" lon="138.79828297533095"><ele>1414.0</ele><time>2025-06-01T02:29:56.000Z</time></trkpt><trkpt lat="35.68526862189174" lon="138.79807929508388"><ele>1409.0799560546875</ele><time>2025-06-01T02:30:18.000Z</time></trkpt><trkpt lat="35.68536275066435" lon="138.79789086990058"><ele>1408.050048828125</ele><time>2025-06-01T02:30:40.000Z</time></trkpt><trkpt lat="35.68545687943697" lon="138.7977024447173"><ele>1407.300048828125</ele><time>2025-06-01T02:31:02.000Z</time></trkpt><trkpt lat="35.685499208047986" lon="138.79748845472932"><ele>1404.56005859375</ele><time>2025-06-01T02:31:24.000Z</time></trkpt><trkpt lat="35.6855349149555" lon="138.79727211780846"><ele>1404.3900146484375</ele><time>2025-06-01T02:31:46.000Z</time></trkpt><trkpt lat="35.68551412783563" lon="138.7970523443073"><ele>1405.4000244140625</ele><time>2025-06-01T02:32:08.000Z</time></trkpt><trkpt lat="35.685493256896734" lon="138.79683265462518"><ele>1405.0899658203125</ele><time>2025-06-01T02:32:30.000Z</time></trkpt><trkpt lat="35.685436679050326" lon="138.7966281361878"><ele>1404.27001953125</ele><time>2025-06-01T02:32:52.000Z</time></trkpt><trkpt lat="35.68534271791577" lon="138.79643954336643"><ele>1403.010009765625</ele><time>2025-06-01T02:33:14.000Z</time></trkpt><trkpt lat="35.68524875678122" lon="138.7962510343641"><ele>1404.9100341796875</ele><time>2025-06-01T02:33:36.000Z</time></trkpt><trkpt lat="35.685186982154846" lon="138.79605271853507"><ele>1402.5699462890625</ele><time>2025-06-01T02:33:58.000Z</time></trkpt><trkpt lat="35.685199135914445" lon="138.79583193920553"><ele>1403.7099609375</ele><time>2025-06-01T02:34:20.000Z</time></trkpt><trkpt lat="35.685320841148496" lon="138.79568299278617"><ele>1404.1800537109375</ele><time>2025-06-01T02:34:42.000Z</time></trkpt><trkpt lat="35.68546467460692" lon="138.7955512292683"><ele>1397.550048828125</ele><time>2025-06-01T02:35:04.000Z</time></trkpt><trkpt lat="35.68563474342227" lon="138.79548048600554"><ele>1392.4000244140625</ele><time>2025-06-01T02:35:26.000Z</time></trkpt><trkpt lat="35.68580590188503" lon="138.79541317932308"><ele>1394.4200439453125</ele><time>2025-06-01T02:35:48.000Z</time></trkpt><trkpt lat="35.685977060347795" lon="138.79534595645964"><ele>1390.8599853515625</ele><time>2025-06-01T02:36:10.000Z</time></trkpt><trkpt lat="35.68614302203059" lon="138.79526666365564"><ele>1384.8800048828125</ele><time>2025-06-01T02:36:32.000Z</time></trkpt><trkpt lat="35.686265816912055" lon="138.795111682266"><ele>1388.449951171875</ele><time>2025-06-01T02:36:54.000Z</time></trkpt><trkpt lat="35.68635022267699" lon="138.79492367617786"><ele>1394.56005859375</ele><time>2025-06-01T02:37:15.000Z</time></trkpt><trkpt lat="35.68633052520454" lon="138.79471706226468"><ele>1393.050048828125</ele><time>2025-06-01T02:37:37.000Z</time></trkpt><trkpt lat="35.68621929734945" lon="138.79454330541193"><ele>1391.93994140625</ele><time>2025-06-01T02:37:59.000Z</time></trkpt><trkpt lat="35.68610806949437" lon="138.7943695485592"><ele>1384.719970703125</ele><time>2025-06-01T02:38:21.000Z</time></trkpt><trkpt lat="35.68599692545831" lon="138.79419579170644"><ele>1386.3699951171875</ele><time>2025-06-01T02:38:43.000Z</time></trkpt><trkpt lat="35.685885697603226" lon="138.7940220348537"><ele>1383.9100341796875</ele><time>2025-06-01T02:39:05.000Z</time></trkpt><trkpt lat="35.68577446974814" lon="138.79384827800095"><ele>1385.530029296875</ele><time>2025-06-01T02:39:27.000Z</time></trkpt><trkpt lat="35.68566684611142" lon="138.79367175512016"><ele>1380.719970703125</ele><time>2025-06-01T02:39:49.000Z</time></trkpt><trkpt lat="35.68550515919924" lon="138.79358961246908"><ele>1376.8599853515625</ele><time>2025-06-01T02:40:11.000Z</time></trkpt><trkpt lat="35.685334503650665" lon="138.79352029412985"><ele>1371.77001953125</ele><time>2025-06-01T02:40:33.000Z</time></trkpt><trkpt lat="35.685163931921124" lon="138.79345097579062"><ele>1365.7900390625</ele><time>2025-06-01T02:40:55.000Z</time></trkpt><trkpt lat="35.68499327637255" lon="138.7933816574514"><ele>1367.22998046875</ele><time>2025-06-01T02:41:17.000Z</time></trkpt><trkpt lat="35.68482262082398" lon="138.79331233911216"><ele>1365.02001953125</ele><time>2025-06-01T02:41:39.000Z</time></trkpt><trkpt lat="35.68469957448542" lon="138.79319398663938"><ele>1359.3800048828125</ele><time>2025-06-01T02:42:01.000Z</time></trkpt><trkpt lat="35.684673925861716" lon="138.79297505132854"><ele>1361.1800537109375</ele><time>2025-06-01T02:42:23.000Z</time></trkpt><trkpt lat="35.68464827723801" lon="138.79275603219867"><ele>1361.530029296875</ele><time>2025-06-01T02:42:45.000Z</time></trkpt><trkpt lat="35.68453428335488" lon="138.7926424574107"><ele>1361.6500244140625</ele><time>2025-06-01T02:43:07.000Z</time></trkpt><trkpt lat="35.68435734137893" lon="138.79260398447514"><ele>1360.27001953125</ele><time>2025-06-01T02:43:29.000Z</time></trkpt><trkpt lat="35.684180399402976" lon="138.79256542772055"><ele>1350.780029296875</ele><time>2025-06-01T02:43:51.000Z</time></trkpt><trkpt lat="35.684013683348894" lon="138.79248588345945"><ele>1344.1400146484375</ele><time>2025-06-01T02:44:13.000Z</time></trkpt><trkpt lat="35.683849481865764" lon="138.7923958618194"><ele>1341.75</ele><time>2025-06-01T02:44:35.000Z</time></trkpt><trkpt lat="35.68367597647011" lon="138.79238035529852"><ele>1345.27001953125</ele><time>2025-06-01T02:44:57.000Z</time></trkpt><trkpt lat="35.68349735811353" lon="138.79240449517965"><ele>1347.81005859375</ele><time>2025-06-01T02:45:19.000Z</time></trkpt><trkpt lat="35.68347849883139" lon="138.79257808439434"><ele>1357.6300048828125</ele><time>2025-06-01T02:45:41.000Z</time></trkpt><trkpt lat="35.68350490182638" lon="138.79279693588614"><ele>1362.93994140625</ele><time>2025-06-01T02:46:03.000Z</time></trkpt><trkpt lat="35.68353130482137" lon="138.79301570355892"><ele>1366.6800537109375</ele><time>2025-06-01T02:46:25.000Z</time></trkpt><trkpt lat="35.68349995650351" lon="138.79321770742536"><ele>1359.800048828125</ele><time>2025-06-01T02:46:46.000Z</time></trkpt><trkpt lat="35.683396607637405" lon="138.79339867271483"><ele>1357.0699462890625</ele><time>2025-06-01T02:47:08.000Z</time></trkpt><trkpt lat="35.68329334259033" lon="138.7935796380043"><ele>1350.22998046875</ele><time>2025-06-01T02:47:30.000Z</time></trkpt><trkpt lat="35.68314339034259" lon="138.79357444122434"><ele>1341.030029296875</ele><time>2025-06-01T02:47:52.000Z</time></trkpt><trkpt lat="35.682975333184004" lon="138.7934964057058"><ele>1333.2099609375</ele><time>2025-06-01T02:48:14.000Z</time></trkpt><trkpt lat="35.68280124105513" lon="138.79346405155957"><ele>1336.3599853515625</ele><time>2025-06-01T02:48:36.000Z</time></trkpt><trkpt lat="35.68262186832726" lon="138.79347620531917"><ele>1336.4100341796875</ele><time>2025-06-01T02:48:58.000Z</time></trkpt><trkpt lat="35.68245825357735" lon="138.79341350868344"><ele>1335.469970703125</ele><time>2025-06-01T02:49:20.000Z</time></trkpt><trkpt lat="35.68230729550123" lon="138.79329347983003"><ele>1336.449951171875</ele><time>2025-06-01T02:49:42.000Z</time></trkpt><trkpt lat="35.68215633742511" lon="138.79317353479564"><ele>1330.3199462890625</ele><time>2025-06-01T02:50:04.000Z</time></trkpt><trkpt lat="35.68199657835066" lon="138.79323145374656"><ele>1336.3199462890625</ele><time>2025-06-01T02:50:26.000Z</time></trkpt><trkpt lat="35.68186255171895" lon="138.79337143152952"><ele>1337.3599853515625</ele><time>2025-06-01T02:50:48.000Z</time></trkpt><trkpt lat="35.681720143184066" lon="138.79350638017058"><ele>1339.0899658203125</ele><time>2025-06-01T02:51:10.000Z</time></trkpt><trkpt lat="35.68157773464918" lon="138.79364132881165"><ele>1341.530029296875</ele><time>2025-06-01T02:51:32.000Z</time></trkpt><trkpt lat="35.68143540993333" lon="138.7937762774527"><ele>1335.4300537109375</ele><time>2025-06-01T02:51:54.000Z</time></trkpt><trkpt lat="35.68132602609694" lon="138.79394358024"><ele>1330.9000244140625</ele><time>2025-06-01T02:52:16.000Z</time></trkpt><trkpt lat="35.68125109188259" lon="138.7941446620971"><ele>1330.4300537109375</ele><time>2025-06-01T02:52:38.000Z</time></trkpt><trkpt lat="35.681162327528" lon="138.79432193934917"><ele>1335.4200439453125</ele><time>2025-06-01T02:53:00.000Z</time></trkpt><trkpt lat="35.68100592121482" lon="138.79443082027137"><ele>1333.4300537109375</ele><time>2025-06-01T02:53:22.000Z</time></trkpt><trkpt lat="35.68084213882685" lon="138.7944594025612"><ele>1324.3299560546875</ele><time>2025-06-01T02:53:44.000Z</time></trkpt><trkpt lat="35.680769300088286" lon="138.79433015361428"><ele>1326.68994140625</ele><time>2025-06-01T02:54:06.000Z</time></trkpt><trkpt lat="35.680820513516665" lon="138.79411809146404"><ele>1323.1700439453125</ele><time>2025-06-01T02:54:28.000Z</time></trkpt><trkpt lat="35.68079142831266" lon="138.79390846006572"><ele>1325.3800048828125</ele><time>2025-06-01T02:54:50.000Z</time></trkpt><trkpt lat="35.68073183298111" lon="138.79369975067675"><ele>1318.6099853515625</ele><time>2025-06-01T02:55:12.000Z</time></trkpt><trkpt lat="35.68072848021984" lon="138.79349908791482"><ele>1319.9100341796875</ele><time>2025-06-01T02:55:34.000Z</time></trkpt><trkpt lat="35.68082512356341" lon="138.79331259056926"><ele>1317.93994140625</ele><time>2025-06-01T02:55:55.000Z</time></trkpt><trkpt lat="35.680925622582436" lon="138.7931301165372"><ele>1315.56005859375</ele><time>2025-06-01T02:56:17.000Z</time></trkpt><trkpt lat="35.68100986070931" lon="138.79293473437428"><ele>1311.6300048828125</ele><time>2025-06-01T02:56:39.000Z</time></trkpt><trkpt lat="35.68109409883618" lon="138.79273926839232"><ele>1311.6600341796875</ele><time>2025-06-01T02:57:01.000Z</time></trkpt><trkpt lat="35.68117833696306" lon="138.7925438862294"><ele>1308.9200439453125</ele><time>2025-06-01T02:57:23.000Z</time></trkpt><trkpt lat="35.68126257508993" lon="138.79234850406647"><ele>1304.43994140625</ele><time>2025-06-01T02:57:45.000Z</time></trkpt><trkpt lat="35.681346813216805" lon="138.79215312190354"><ele>1307.5699462890625</ele><time>2025-06-01T02:58:07.000Z</time></trkpt><trkpt lat="35.68143105134368" lon="138.7919577397406"><ele>1304.050048828125</ele><time>2025-06-01T02:58:29.000Z</time></trkpt><trkpt lat="35.68142945878208" lon="138.7917600106448"><ele>1302.699951171875</ele><time>2025-06-01T02:58:51.000Z</time></trkpt><trkpt lat="35.68134471774101" lon="138.79156487993896"><ele>1301.6099853515625</ele><time>2025-06-01T02:59:13.000Z</time></trkpt><trkpt lat="35.6813161354512" lon="138.79135575145483"><ele>1301.4100341796875</ele><time>2025-06-01T02:59:35.000Z</time></trkpt><trkpt lat="35.68137573078275" lon="138.79114704206586"><ele>1301.31005859375</ele><time>2025-06-01T02:59:57.000Z</time></trkpt><trkpt lat="35.6814353261143" lon="138.7909383326769"><ele>1299.31005859375</ele><time>2025-06-01T03:00:19.000Z</time></trkpt><trkpt lat="35.68136307410896" lon="138.7907610554248"><ele>1294.5699462890625</ele><time>2025-06-01T03:00:41.000Z</time></trkpt><trkpt lat="35.68124455399811" lon="138.79059484228492"><ele>1291.8199462890625</ele><time>2025-06-01T03:01:03.000Z</time></trkpt><trkpt lat="35.681125950068235" lon="138.79042871296406"><ele>1292.030029296875</ele><time>2025-06-01T03:01:25.000Z</time></trkpt><trkpt lat="35.68102763034403" lon="138.79024431109428"><ele>1289.6500244140625</ele><time>2025-06-01T03:01:47.000Z</time></trkpt><trkpt lat="35.680935345590115" lon="138.79005454480648"><ele>1289.6099853515625</ele><time>2025-06-01T03:02:09.000Z</time></trkpt><trkpt lat="35.680843060836196" lon="138.78986469469965"><ele>1290.3299560546875</ele><time>2025-06-01T03:02:31.000Z</time></trkpt><trkpt lat="35.6806890014559" lon="138.78983058035374"><ele>1286.0699462890625</ele><time>2025-06-01T03:02:53.000Z</time></trkpt><trkpt lat="35.68053997121751" lon="138.78994373604655"><ele>1289.4300537109375</ele><time>2025-06-01T03:03:15.000Z</time></trkpt><trkpt lat="35.680415919050574" lon="138.79009226337075"><ele>1287.9599609375</ele><time>2025-06-01T03:03:37.000Z</time></trkpt><trkpt lat="35.680311815813184" lon="138.79027255810797"><ele>1291.9100341796875</ele><time>2025-06-01T03:03:59.000Z</time></trkpt><trkpt lat="35.68020771257579" lon="138.7904528528452"><ele>1289.0699462890625</ele><time>2025-06-01T03:04:21.000Z</time></trkpt><trkpt lat="35.6801036093384" lon="138.7906331475824"><ele>1291.9100341796875</ele><time>2025-06-01T03:04:43.000Z</time></trkpt><trkpt lat="35.679930187761784" lon="138.790647899732"><ele>1274.77001953125</ele><time>2025-06-01T03:05:05.000Z</time></trkpt><trkpt lat="35.6797637231648" lon="138.79058729857206"><ele>1270.489990234375</ele><time>2025-06-01T03:05:26.000Z</time></trkpt><trkpt lat="35.67960832268" lon="138.79047623835504"><ele>1275.9000244140625</ele><time>2025-06-01T03:05:48.000Z</time></trkpt><trkpt lat="35.679452922195196" lon="138.79036526195705"><ele>1271.510009765625</ele><time>2025-06-01T03:06:10.000Z</time></trkpt><trkpt lat="35.6792956776917" lon="138.79025881178677"><ele>1273.489990234375</ele><time>2025-06-01T03:06:32.000Z</time></trkpt><trkpt lat="35.679125022143126" lon="138.79018949344754"><ele>1271.3499755859375</ele><time>2025-06-01T03:06:54.000Z</time></trkpt><trkpt lat="35.67905813455582" lon="138.7900477554649"><ele>1266.3699951171875</ele><time>2025-06-01T03:07:16.000Z</time></trkpt><trkpt lat="35.67918159998953" lon="138.78996125422418"><ele>1261.7900390625</ele><time>2025-06-01T03:07:38.000Z</time></trkpt><trkpt lat="35.67934253253043" lon="138.79004951566458"><ele>1257.5799560546875</ele><time>2025-06-01T03:08:00.000Z</time></trkpt><trkpt lat="35.679499274119735" lon="138.79015772603452"><ele>1254.6199951171875</ele><time>2025-06-01T03:08:22.000Z</time></trkpt><trkpt lat="35.67965601570904" lon="138.7902660202235"><ele>1253.4200439453125</ele><time>2025-06-01T03:08:44.000Z</time></trkpt><trkpt lat="35.67982289940119" lon="138.7903260346502"><ele>1256.530029296875</ele><time>2025-06-01T03:09:06.000Z</time></trkpt><trkpt lat="35.67998751997948" lon="138.79027440212667"><ele>1265.260009765625</ele><time>2025-06-01T03:09:28.000Z</time></trkpt><trkpt lat="35.68007502704859" lon="138.79009125754237"><ele>1267.949951171875</ele><time>2025-06-01T03:09:50.000Z</time></trkpt><trkpt lat="35.680129090324044" lon="138.78988028503954"><ele>1265.81005859375</ele><time>2025-06-01T03:10:12.000Z</time></trkpt><trkpt lat="35.680263536050916" lon="138.78973469138145"><ele>1264.7099609375</ele><time>2025-06-01T03:10:34.000Z</time></trkpt><trkpt lat="35.68039990961552" lon="138.78959069028497"><ele>1262.3699951171875</ele><time>2025-06-01T03:10:56.000Z</time></trkpt><trkpt lat="35.68053628318012" lon="138.78944660536945"><ele>1264.1199951171875</ele><time>2025-06-01T03:11:18.000Z</time></trkpt><trkpt lat="35.680659245699644" lon="138.78929598256946"><ele>1257.52001953125</ele><time>2025-06-01T03:11:40.000Z</time></trkpt><trkpt lat="35.68083819933236" lon="138.78927527926862"><ele>1255.0400390625</ele><time>2025-06-01T03:12:02.000Z</time></trkpt><trkpt lat="35.68101706914604" lon="138.78925449214876"><ele>1256.2099609375</ele><time>2025-06-01T03:12:24.000Z</time></trkpt><trkpt lat="35.6811572983861" lon="138.7891245726496"><ele>1250.760009765625</ele><time>2025-06-01T03:12:46.000Z</time></trkpt><trkpt lat="35.68125762976706" lon="138.7889411766082"><ele>1250.6800537109375</ele><time>2025-06-01T03:13:08.000Z</time></trkpt><trkpt lat="35.681357961148024" lon="138.78875769674778"><ele>1250.5999755859375</ele><time>2025-06-01T03:13:30.000Z</time></trkpt><trkpt lat="35.68140305578709" lon="138.78855016082525"><ele>1250.0699462890625</ele><time>2025-06-01T03:13:52.000Z</time></trkpt><trkpt lat="35.68141210824251" lon="138.78832921385765"><ele>1250.3299560546875</ele><time>2025-06-01T03:14:14.000Z</time></trkpt><trkpt lat="35.68148863501847" lon="138.7881419621408"><ele>1251.969970703125</ele><time>2025-06-01T03:14:35.000Z</time></trkpt><trkpt lat="35.68148863501847" lon="138.7881419621408"><ele>1251.969970703125</ele><time>2025-06-01T03:14:35.000Z</time></trkpt><trkpt lat="35.68160598166287" lon="138.78797700628638"><ele>1251.510009765625</ele><time>2025-06-01T03:15:01.000Z</time></trkpt><trkpt lat="35.68170765414834" lon="138.78779771737754"><ele>1254.1700439453125</ele><time>2025-06-01T03:15:26.000Z</time></trkpt><trkpt lat="35.68178535439074" lon="138.78760577179492"><ele>1267.050048828125</ele><time>2025-06-01T03:15:52.000Z</time></trkpt><trkpt lat="35.68178535439074" lon="138.78738650120795"><ele>1270.199951171875</ele><time>2025-06-01T03:16:17.000Z</time></trkpt><trkpt lat="35.68172995001078" lon="138.7871905323118"><ele>1269.3199462890625</ele><time>2025-06-01T03:16:43.000Z</time></trkpt><trkpt lat="35.68162132054567" lon="138.78701677545905"><ele>1263.8699951171875</ele><time>2025-06-01T03:17:08.000Z</time></trkpt><trkpt lat="35.68151269108057" lon="138.7868430186063"><ele>1267.739990234375</ele><time>2025-06-01T03:17:34.000Z</time></trkpt><trkpt lat="35.681407833471894" lon="138.7866717763245"><ele>1274.0400390625</ele><time>2025-06-01T03:17:59.000Z</time></trkpt><trkpt lat="35.68129073828459" lon="138.786506569013"><ele>1283.7900390625</ele><time>2025-06-01T03:18:25.000Z</time></trkpt><trkpt lat="35.68117364309728" lon="138.7863413617015"><ele>1288.969970703125</ele><time>2025-06-01T03:18:50.000Z</time></trkpt><trkpt lat="35.68111010827124" lon="138.7861370947212"><ele>1293.68994140625</ele><time>2025-06-01T03:19:15.000Z</time></trkpt><trkpt lat="35.68110264837742" lon="138.7859204225242"><ele>1296.219970703125</ele><time>2025-06-01T03:19:41.000Z</time></trkpt><trkpt lat="35.68110750988126" lon="138.7857013195753"><ele>1300.7900390625</ele><time>2025-06-01T03:20:06.000Z</time></trkpt><trkpt lat="35.6811123713851" lon="138.78548213280737"><ele>1302.18994140625</ele><time>2025-06-01T03:20:32.000Z</time></trkpt><trkpt lat="35.681099547073245" lon="138.78526831045747"><ele>1305.5400390625</ele><time>2025-06-01T03:20:57.000Z</time></trkpt><trkpt lat="35.68101237528026" lon="138.78507711924613"><ele>1310.1800537109375</ele><time>2025-06-01T03:21:23.000Z</time></trkpt><trkpt lat="35.68092528730631" lon="138.78488592803478"><ele>1312.8399658203125</ele><time>2025-06-01T03:21:48.000Z</time></trkpt><trkpt lat="35.68085043691099" lon="138.78469029441476"><ele>1316.780029296875</ele><time>2025-06-01T03:22:14.000Z</time></trkpt><trkpt lat="35.68083987571299" lon="138.78447144292295"><ele>1319.6400146484375</ele><time>2025-06-01T03:22:39.000Z</time></trkpt><trkpt lat="35.680829314514995" lon="138.7842525076121"><ele>1323.219970703125</ele><time>2025-06-01T03:23:05.000Z</time></trkpt><trkpt lat="35.680818753317" lon="138.7840336561203"><ele>1327.4100341796875</ele><time>2025-06-01T03:23:30.000Z</time></trkpt><trkpt lat="35.680785309523344" lon="138.78381874412298"><ele>1331.0699462890625</ele><time>2025-06-01T03:23:55.000Z</time></trkpt><trkpt lat="35.68074717186391" lon="138.78360458649695"><ele>1333.969970703125</ele><time>2025-06-01T03:24:21.000Z</time></trkpt><trkpt lat="35.68070895038545" lon="138.78339042887092"><ele>1340.800048828125</ele><time>2025-06-01T03:24:46.000Z</time></trkpt><trkpt lat="35.68067072890699" lon="138.78317627124488"><ele>1342.75</ele><time>2025-06-01T03:25:12.000Z</time></trkpt><trkpt lat="35.6806408893317" lon="138.78296102397144"><ele>1342.06005859375</ele><time>2025-06-01T03:25:37.000Z</time></trkpt><trkpt lat="35.68068548105657" lon="138.78275147639215"><ele>1347.719970703125</ele><time>2025-06-01T03:26:03.000Z</time></trkpt><trkpt lat="35.68074658513069" lon="138.78254553303123"><ele>1351.6600341796875</ele><time>2025-06-01T03:26:28.000Z</time></trkpt><trkpt lat="35.68080768920481" lon="138.78233967348933"><ele>1353.010009765625</ele><time>2025-06-01T03:26:54.000Z</time></trkpt><trkpt lat="35.680868877097964" lon="138.7821337301284"><ele>1353.8199462890625</ele><time>2025-06-01T03:27:19.000Z</time></trkpt><trkpt lat="35.680929981172085" lon="138.78192778676748"><ele>1357.280029296875</ele><time>2025-06-01T03:27:45.000Z</time></trkpt><trkpt lat="35.68098748102784" lon="138.781720334664"><ele>1360.219970703125</ele><time>2025-06-01T03:28:10.000Z</time></trkpt><trkpt lat="35.680957809090614" lon="138.78150693140924"><ele>1360.7099609375</ele><time>2025-06-01T03:28:35.000Z</time></trkpt><trkpt lat="35.680957809090614" lon="138.78150693140924"><ele>1360.7099609375</ele><time>2025-06-01T03:28:35.000Z</time></trkpt><trkpt lat="35.6807859800756" lon="138.78144985064864"><ele>1354.6800537109375</ele><time>2025-06-01T03:28:58.000Z</time></trkpt><trkpt lat="35.6806268915534" lon="138.7813519500196"><ele>1352.8499755859375</ele><time>2025-06-01T03:29:20.000Z</time></trkpt><trkpt lat="35.680469730868936" lon="138.78124826587737"><ele>1349.1300048828125</ele><time>2025-06-01T03:29:42.000Z</time></trkpt><trkpt lat="35.68031030707061" lon="138.78115095198154"><ele>1344.9599609375</ele><time>2025-06-01T03:30:04.000Z</time></trkpt><trkpt lat="35.68014099262655" lon="138.7810821365565"><ele>1344.0400390625</ele><time>2025-06-01T03:30:26.000Z</time></trkpt><trkpt lat="35.679973186925054" lon="138.78113066777587"><ele>1342.8699951171875</ele><time>2025-06-01T03:30:48.000Z</time></trkpt><trkpt lat="35.679813427850604" lon="138.78122806549072"><ele>1342.9300537109375</ele><time>2025-06-01T03:31:10.000Z</time></trkpt><trkpt lat="35.67965358495712" lon="138.78132537938654"><ele>1343.31005859375</ele><time>2025-06-01T03:31:32.000Z</time></trkpt><trkpt lat="35.67949374206364" lon="138.7814227771014"><ele>1343.0</ele><time>2025-06-01T03:31:54.000Z</time></trkpt><trkpt lat="35.67932358942926" lon="138.7814550474286"><ele>1346.43994140625</ele><time>2025-06-01T03:32:17.000Z</time></trkpt><trkpt lat="35.67914589308202" lon="138.7814362719655"><ele>1349.8299560546875</ele><time>2025-06-01T03:32:39.000Z</time></trkpt><trkpt lat="35.67897096276283" lon="138.78143819980323"><ele>1343.239990234375</ele><time>2025-06-01T03:33:01.000Z</time></trkpt><trkpt lat="35.6788067612797" lon="138.78152394667268"><ele>1344.719970703125</ele><time>2025-06-01T03:33:23.000Z</time></trkpt><trkpt lat="35.678647672757506" lon="138.78153786063194"><ele>1348.1600341796875</ele><time>2025-06-01T03:33:45.000Z</time></trkpt><trkpt lat="35.67853409796953" lon="138.78136997111142"><ele>1349.25</ele><time>2025-06-01T03:34:07.000Z</time></trkpt><trkpt lat="35.67837970331311" lon="138.78126016817987"><ele>1339.949951171875</ele><time>2025-06-01T03:34:29.000Z</time></trkpt><trkpt lat="35.678219608962536" lon="138.7811688054353"><ele>1335.5</ele><time>2025-06-01T03:34:51.000Z</time></trkpt><trkpt lat="35.6780659686774" lon="138.78106436692178"><ele>1330.760009765625</ele><time>2025-06-01T03:35:13.000Z</time></trkpt><trkpt lat="35.6779985781759" lon="138.78086085431278"><ele>1325.5</ele><time>2025-06-01T03:35:35.000Z</time></trkpt><trkpt lat="35.67789640277624" lon="138.78068097867072"><ele>1319.550048828125</ele><time>2025-06-01T03:35:58.000Z</time></trkpt><trkpt lat="35.67780587822199" lon="138.78049272112548"><ele>1312.1300048828125</ele><time>2025-06-01T03:36:20.000Z</time></trkpt><trkpt lat="35.677728932350874" lon="138.78029465675354"><ele>1308.93994140625</ele><time>2025-06-01T03:36:42.000Z</time></trkpt><trkpt lat="35.677621476352215" lon="138.78013372421265"><ele>1307.8599853515625</ele><time>2025-06-01T03:37:04.000Z</time></trkpt><trkpt lat="35.67745568230748" lon="138.78005292266607"><ele>1306.3699951171875</ele><time>2025-06-01T03:37:26.000Z</time></trkpt><trkpt lat="35.67738334648311" lon="138.77988050691783"><ele>1302.5899658203125</ele><time>2025-06-01T03:37:48.000Z</time></trkpt><trkpt lat="35.677356692031026" lon="138.77966349944472"><ele>1299.739990234375</ele><time>2025-06-01T03:38:10.000Z</time></trkpt><trkpt lat="35.677365409210324" lon="138.77944615669549"><ele>1293.699951171875</ele><time>2025-06-01T03:38:32.000Z</time></trkpt><trkpt lat="35.67738971672952" lon="138.77922864630818"><ele>1289.5899658203125</ele><time>2025-06-01T03:38:54.000Z</time></trkpt><trkpt lat="35.67740136757493" lon="138.7790101300925"><ele>1289.6600341796875</ele><time>2025-06-01T03:39:17.000Z</time></trkpt><trkpt lat="35.67740136757493" lon="138.77879060804844"><ele>1289.3299560546875</ele><time>2025-06-01T03:39:39.000Z</time></trkpt><trkpt lat="35.67745056934655" lon="138.77858416177332"><ele>1286.050048828125</ele><time>2025-06-01T03:40:01.000Z</time></trkpt><trkpt lat="35.67752433009446" lon="138.77838433720171"><ele>1286.780029296875</ele><time>2025-06-01T03:40:23.000Z</time></trkpt><trkpt lat="35.67749608308077" lon="138.77820546738803"><ele>1290.9599609375</ele><time>2025-06-01T03:40:45.000Z</time></trkpt><trkpt lat="35.67737345583737" lon="138.77804612740874"><ele>1291.9100341796875</ele><time>2025-06-01T03:41:07.000Z</time></trkpt><trkpt lat="35.67725082859397" lon="138.77788670361042"><ele>1287.800048828125</ele><time>2025-06-01T03:41:29.000Z</time></trkpt><trkpt lat="35.67712820135057" lon="138.7777272798121"><ele>1289.010009765625</ele><time>2025-06-01T03:41:51.000Z</time></trkpt><trkpt lat="35.67700121551752" lon="138.7775739748031"><ele>1296.9000244140625</ele><time>2025-06-01T03:42:13.000Z</time></trkpt><trkpt lat="35.67685805261135" lon="138.77744304947555"><ele>1300.1600341796875</ele><time>2025-06-01T03:42:35.000Z</time></trkpt><trkpt lat="35.67685805261135" lon="138.77744304947555"><ele>1300.1600341796875</ele><time>2025-06-01T03:42:35.000Z</time></trkpt><trkpt lat="35.676717991009355" lon="138.77730835229158"><ele>1298.31005859375</ele><time>2025-06-01T03:43:03.000Z</time></trkpt><trkpt lat="35.67658673040569" lon="138.77716057933867"><ele>1288.8699951171875</ele><time>2025-06-01T03:43:31.000Z</time></trkpt><trkpt lat="35.67645538598299" lon="138.7770128902048"><ele>1281.530029296875</ele><time>2025-06-01T03:43:59.000Z</time></trkpt><trkpt lat="35.676324125379324" lon="138.7768652010709"><ele>1273.68994140625</ele><time>2025-06-01T03:44:27.000Z</time></trkpt><trkpt lat="35.67618666216731" lon="138.77672639675438"><ele>1267.02001953125</ele><time>2025-06-01T03:44:55.000Z</time></trkpt><trkpt lat="35.67606361582875" lon="138.77658247947693"><ele>1262.02001953125</ele><time>2025-06-01T03:45:23.000Z</time></trkpt><trkpt lat="35.67597543820739" lon="138.776392377913"><ele>1256.9300537109375</ele><time>2025-06-01T03:45:51.000Z</time></trkpt><trkpt lat="35.67588726058602" lon="138.77620219253004"><ele>1252.43994140625</ele><time>2025-06-01T03:46:19.000Z</time></trkpt><trkpt lat="35.67583152092993" lon="138.77600027248263"><ele>1252.3499755859375</ele><time>2025-06-01T03:46:47.000Z</time></trkpt><trkpt lat="35.67580059170723" lon="138.77578460611403"><ele>1252.4000244140625</ele><time>2025-06-01T03:47:15.000Z</time></trkpt><trkpt lat="35.675769578665495" lon="138.77556902356446"><ele>1251.699951171875</ele><time>2025-06-01T03:47:43.000Z</time></trkpt><trkpt lat="35.67573864944279" lon="138.77535335719585"><ele>1250.81005859375</ele><time>2025-06-01T03:48:11.000Z</time></trkpt><trkpt lat="35.67564963363111" lon="138.77517180517316"><ele>1247.4200439453125</ele><time>2025-06-01T03:48:39.000Z</time></trkpt><trkpt lat="35.67549188621342" lon="138.77508404664695"><ele>1244.5899658203125</ele><time>2025-06-01T03:49:07.000Z</time></trkpt><trkpt lat="35.67532114684582" lon="138.77502428367734"><ele>1241.239990234375</ele><time>2025-06-01T03:49:35.000Z</time></trkpt><trkpt lat="35.67514445632696" lon="138.77499997615814"><ele>1232.6199951171875</ele><time>2025-06-01T03:50:03.000Z</time></trkpt><trkpt lat="35.67497036419809" lon="138.77495530061424"><ele>1227.469970703125</ele><time>2025-06-01T03:50:31.000Z</time></trkpt><trkpt lat="35.67479560151696" lon="138.77492303028703"><ele>1216.550048828125</ele><time>2025-06-01T03:50:59.000Z</time></trkpt><trkpt lat="35.67461849190295" lon="138.77494155429304"><ele>1208.2099609375</ele><time>2025-06-01T03:51:27.000Z</time></trkpt><trkpt lat="35.674459068104625" lon="138.7750387005508"><ele>1200.1199951171875</ele><time>2025-06-01T03:51:55.000Z</time></trkpt><trkpt lat="35.67428304813802" lon="138.77504817210138"><ele>1192.1199951171875</ele><time>2025-06-01T03:52:23.000Z</time></trkpt><trkpt lat="35.67410719580948" lon="138.7750371079892"><ele>1185.6199951171875</ele><time>2025-06-01T03:52:51.000Z</time></trkpt><trkpt lat="35.67394592799246" lon="138.7749446555972"><ele>1176.1700439453125</ele><time>2025-06-01T03:53:19.000Z</time></trkpt><trkpt lat="35.67378046922386" lon="138.77488036639988"><ele>1169.5799560546875</ele><time>2025-06-01T03:53:47.000Z</time></trkpt><trkpt lat="35.673602940514684" lon="138.77489478327334"><ele>1162.989990234375</ele><time>2025-06-01T03:54:15.000Z</time></trkpt><trkpt lat="35.6734277587384" lon="138.77493099309504"><ele>1155.5400390625</ele><time>2025-06-01T03:54:43.000Z</time></trkpt><trkpt lat="35.6732533313334" lon="138.77497348934412"><ele>1151.8900146484375</ele><time>2025-06-01T03:55:11.000Z</time></trkpt><trkpt lat="35.67308376543224" lon="138.77492914907634"><ele>1150.2900390625</ele><time>2025-06-01T03:55:39.000Z</time></trkpt><trkpt lat="35.67291587591171" lon="138.774856897071"><ele>1148.72998046875</ele><time>2025-06-01T03:56:07.000Z</time></trkpt><trkpt lat="35.672788470983505" lon="138.77470484934747"><ele>1146.3800048828125</ele><time>2025-06-01T03:56:35.000Z</time></trkpt><trkpt lat="35.67276483401656" lon="138.77467442303896"><ele>1144.469970703125</ele><time>2025-06-01T03:56:35.000Z</time></trkpt><trkpt lat="35.672915456816554" lon="138.77455766312778"><ele>1140.760009765625</ele><time>2025-06-01T03:57:03.000Z</time></trkpt><trkpt lat="35.67308669909835" lon="138.7745545618236"><ele>1137.760009765625</ele><time>2025-06-01T03:57:31.000Z</time></trkpt><trkpt lat="35.67320630885661" lon="138.77439321018755"><ele>1128.6099853515625</ele><time>2025-06-01T03:57:59.000Z</time></trkpt><trkpt lat="35.67332566715777" lon="138.77423060126603"><ele>1121.9599609375</ele><time>2025-06-01T03:58:27.000Z</time></trkpt><trkpt lat="35.67343320697546" lon="138.77405701205134"><ele>1114.9100341796875</ele><time>2025-06-01T03:58:55.000Z</time></trkpt><trkpt lat="35.67338174208999" lon="138.7739675771445"><ele>1108.77001953125</ele><time>2025-06-01T03:59:23.000Z</time></trkpt><trkpt lat="35.6732343044132" lon="138.77409037202597"><ele>1116.06005859375</ele><time>2025-06-01T03:59:51.000Z</time></trkpt><trkpt lat="35.6730701867491" lon="138.77413982525468"><ele>1117.1400146484375</ele><time>2025-06-01T04:00:19.000Z</time></trkpt><trkpt lat="35.67310128360987" lon="138.77392516471446"><ele>1112.6700439453125</ele><time>2025-06-01T04:00:47.000Z</time></trkpt><trkpt lat="35.67309851758182" lon="138.77370656467974"><ele>1105.68994140625</ele><time>2025-06-01T04:01:15.000Z</time></trkpt><trkpt lat="35.673091895878315" lon="138.77348754554987"><ele>1101.800048828125</ele><time>2025-06-01T04:01:43.000Z</time></trkpt><trkpt lat="35.673119304701686" lon="138.7732714600861"><ele>1097.8800048828125</ele><time>2025-06-01T04:02:11.000Z</time></trkpt><trkpt lat="35.67324159666896" lon="138.77311941236258"><ele>1086.3499755859375</ele><time>2025-06-01T04:02:39.000Z</time></trkpt><trkpt lat="35.67333807237446" lon="138.77293953672051"><ele>1082.8900146484375</ele><time>2025-06-01T04:03:07.000Z</time></trkpt><trkpt lat="35.67338928580284" lon="138.7727296538651"><ele>1083.3299560546875</ele><time>2025-06-01T04:03:35.000Z</time></trkpt><trkpt lat="35.67328803241253" lon="138.77261314541101"><ele>1083.81005859375</ele><time>2025-06-01T04:04:03.000Z</time></trkpt><trkpt lat="35.6731219869107" lon="138.77253561280668"><ele>1088.22998046875</ele><time>2025-06-01T04:04:31.000Z</time></trkpt><trkpt lat="35.67303406074643" lon="138.7723450921476"><ele>1082.989990234375</ele><time>2025-06-01T04:04:59.000Z</time></trkpt><trkpt lat="35.672928197309375" lon="138.77218449488282"><ele>1074.3599853515625</ele><time>2025-06-01T04:05:27.000Z</time></trkpt><trkpt lat="35.6727543566376" lon="138.772137388587"><ele>1070.6700439453125</ele><time>2025-06-01T04:05:55.000Z</time></trkpt><trkpt lat="35.67258043214679" lon="138.7720903661102"><ele>1071.699951171875</ele><time>2025-06-01T04:06:23.000Z</time></trkpt><trkpt lat="35.67246568389237" lon="138.771965643391"><ele>1065.699951171875</ele><time>2025-06-01T04:06:51.000Z</time></trkpt><trkpt lat="35.67241975106299" lon="138.77175475470722"><ele>1066.6600341796875</ele><time>2025-06-01T04:07:19.000Z</time></trkpt><trkpt lat="35.67244120873511" lon="138.77153724431992"><ele>1058.5</ele><time>2025-06-01T04:07:47.000Z</time></trkpt><trkpt lat="35.672462582588196" lon="138.77131965011358"><ele>1056.72998046875</ele><time>2025-06-01T04:08:15.000Z</time></trkpt><trkpt lat="35.67244078963995" lon="138.7711069174111"><ele>1052.9300537109375</ele><time>2025-06-01T04:08:43.000Z</time></trkpt><trkpt lat="35.672408770769835" lon="138.7708960287273"><ele>1054.760009765625</ele><time>2025-06-01T04:09:11.000Z</time></trkpt><trkpt lat="35.672439616173506" lon="138.77068019472063"><ele>1045.8699951171875</ele><time>2025-06-01T04:09:39.000Z</time></trkpt><trkpt lat="35.672470377758145" lon="138.77046436071396"><ele>1044.56005859375</ele><time>2025-06-01T04:10:07.000Z</time></trkpt><trkpt lat="35.67248965613544" lon="138.7702464312315"><ele>1042.6800537109375</ele><time>2025-06-01T04:10:35.000Z</time></trkpt><trkpt lat="35.6725212559104" lon="138.77003914676607"><ele>1038.7900390625</ele><time>2025-06-01T04:11:03.000Z</time></trkpt><trkpt lat="35.67267866805196" lon="138.76993680372834"><ele>1035.699951171875</ele><time>2025-06-01T04:11:31.000Z</time></trkpt><trkpt lat="35.672816215083" lon="138.76980529166758"><ele>1031.9000244140625</ele><time>2025-06-01T04:11:59.000Z</time></trkpt><trkpt lat="35.672925766557455" lon="138.76963254064322"><ele>1027.6099853515625</ele><time>2025-06-01T04:12:27.000Z</time></trkpt><trkpt lat="35.67303531803191" lon="138.76945978961885"><ele>1026.68994140625</ele><time>2025-06-01T04:12:55.000Z</time></trkpt><trkpt lat="35.67309851758182" lon="138.7692596297711"><ele>1024.6300048828125</ele><time>2025-06-01T04:13:23.000Z</time></trkpt><trkpt lat="35.67314017564058" lon="138.7690465617925"><ele>1022.0700073242188</ele><time>2025-06-01T04:13:51.000Z</time></trkpt><trkpt lat="35.67316783592105" lon="138.76883056014776"><ele>1021.0900268554688</ele><time>2025-06-01T04:14:19.000Z</time></trkpt><trkpt lat="35.67318493500352" lon="138.76861246302724"><ele>1018.9400024414062</ele><time>2025-06-01T04:14:47.000Z</time></trkpt><trkpt lat="35.673227766528726" lon="138.76840232871473"><ele>1012.8699951171875</ele><time>2025-06-01T04:15:15.000Z</time></trkpt><trkpt lat="35.6732964143157" lon="138.7682000733912"><ele>1008.719970703125</ele><time>2025-06-01T04:15:43.000Z</time></trkpt><trkpt lat="35.673365062102675" lon="138.7679979018867"><ele>1007.1500244140625</ele><time>2025-06-01T04:16:11.000Z</time></trkpt><trkpt lat="35.673444690182805" lon="138.76780268736184"><ele>1005.1400146484375</ele><time>2025-06-01T04:16:39.000Z</time></trkpt><trkpt lat="35.67353907041252" lon="138.76761686056852"><ele>1009.8099975585938</ele><time>2025-06-01T04:17:07.000Z</time></trkpt><trkpt lat="35.67363353446126" lon="138.76743069849908"><ele>1010.4199829101562</ele><time>2025-06-01T04:17:35.000Z</time></trkpt><trkpt lat="35.67363353446126" lon="138.76743069849908"><ele>1010.4199829101562</ele><time>2025-06-01T04:17:35.000Z</time></trkpt><trkpt lat="35.67363353446126" lon="138.76764946617186"><ele>995.5499877929688</ele><time>2025-06-01T04:17:57.000Z</time></trkpt><trkpt lat="35.673621045425534" lon="138.76786379143596"><ele>991.1799926757812</ele><time>2025-06-01T04:18:19.000Z</time></trkpt><trkpt lat="35.67352901212871" lon="138.76805087551475"><ele>997.7899780273438</ele><time>2025-06-01T04:18:41.000Z</time></trkpt><trkpt lat="35.67347511649132" lon="138.76825095154345"><ele>994.7999877929688</ele><time>2025-06-01T04:19:02.000Z</time></trkpt><trkpt lat="35.67347511649132" lon="138.76846971921623"><ele>992.6300048828125</ele><time>2025-06-01T04:19:24.000Z</time></trkpt><trkpt lat="35.67349070683122" lon="138.7686873972416"><ele>992.1400146484375</ele><time>2025-06-01T04:19:46.000Z</time></trkpt><trkpt lat="35.673509147018194" lon="138.7689049076289"><ele>992.719970703125</ele><time>2025-06-01T04:20:08.000Z</time></trkpt><trkpt lat="35.67352758720517" lon="138.76912233419716"><ele>992.9400024414062</ele><time>2025-06-01T04:20:29.000Z</time></trkpt><trkpt lat="35.6735279224813" lon="138.76934093423188"><ele>989.5900268554688</ele><time>2025-06-01T04:20:51.000Z</time></trkpt><trkpt lat="35.67346681840718" lon="138.769544782117"><ele>989.469970703125</ele><time>2025-06-01T04:21:13.000Z</time></trkpt><trkpt lat="35.673399176448584" lon="138.7697469536215"><ele>987.510009765625</ele><time>2025-06-01T04:21:34.000Z</time></trkpt><trkpt lat="35.67333254031837" lon="138.7699496280402"><ele>985.6099853515625</ele><time>2025-06-01T04:21:56.000Z</time></trkpt><trkpt lat="35.67328903824091" lon="138.7701616063714"><ele>980.5</ele><time>2025-06-01T04:22:18.000Z</time></trkpt><trkpt lat="35.67324553616345" lon="138.77037366852164"><ele>979.52001953125</ele><time>2025-06-01T04:22:40.000Z</time></trkpt><trkpt lat="35.673215026035905" lon="138.770588664338"><ele>977.6300048828125</ele><time>2025-06-01T04:23:01.000Z</time></trkpt><trkpt lat="35.6731928139925" lon="138.7708056718111"><ele>986.9500122070312</ele><time>2025-06-01T04:23:23.000Z</time></trkpt><trkpt lat="35.67321787588298" lon="138.77097121439874"><ele>988.3599853515625</ele><time>2025-06-01T04:23:45.000Z</time></trkpt><trkpt lat="35.67339347675443" lon="138.77095872536302"><ele>989.719970703125</ele><time>2025-06-01T04:24:07.000Z</time></trkpt><trkpt lat="35.673557007685304" lon="138.7708733137697"><ele>994.3200073242188</ele><time>2025-06-01T04:24:28.000Z</time></trkpt><trkpt lat="35.67372053861618" lon="138.77078790217638"><ele>991.9299926757812</ele><time>2025-06-01T04:24:50.000Z</time></trkpt><trkpt lat="35.67389538511634" lon="138.77080189995468"><ele>1003.0999755859375</ele><time>2025-06-01T04:25:12.000Z</time></trkpt><trkpt lat="35.674071656540036" lon="138.77082880586386"><ele>998.219970703125</ele><time>2025-06-01T04:25:33.000Z</time></trkpt><trkpt lat="35.67424717359245" lon="138.77086208201945"><ele>981.2100219726562</ele><time>2025-06-01T04:25:55.000Z</time></trkpt><trkpt lat="35.67442176863551" lon="138.7709021475166"><ele>974.0999755859375</ele><time>2025-06-01T04:26:17.000Z</time></trkpt><trkpt lat="35.674596866592765" lon="138.7709251139313"><ele>966.77001953125</ele><time>2025-06-01T04:26:39.000Z</time></trkpt><trkpt lat="35.67468605004251" lon="138.77085529267788"><ele>962.530029296875</ele><time>2025-06-01T04:27:00.000Z</time></trkpt><trkpt lat="35.6747883092612" lon="138.77093215472996"><ele>967.5800170898438</ele><time>2025-06-01T04:27:22.000Z</time></trkpt><trkpt lat="35.674954103305936" lon="138.7709140498191"><ele>968.8699951171875</ele><time>2025-06-01T04:27:44.000Z</time></trkpt><trkpt lat="35.675047812983394" lon="138.7708173226565"><ele>967.3400268554688</ele><time>2025-06-01T04:28:05.000Z</time></trkpt><trkpt lat="35.675047812983394" lon="138.7708173226565"><ele>967.0399780273438</ele><time>2025-06-01T04:28:05.000Z</time></trkpt><trkpt lat="35.67493474110961" lon="138.7706381175667"><ele>960.9099731445312</ele><time>2025-06-01T04:28:35.000Z</time></trkpt><trkpt lat="35.674805492162704" lon="138.77047735266387"><ele>951.4400024414062</ele><time>2025-06-01T04:29:05.000Z</time></trkpt><trkpt lat="35.67466945387423" lon="138.77032429911196"><ele>941.0</ele><time>2025-06-01T04:29:35.000Z</time></trkpt><trkpt lat="35.674533331766725" lon="138.77017116174102"><ele>932.260009765625</ele><time>2025-06-01T04:30:05.000Z</time></trkpt><trkpt lat="35.67441330291331" lon="138.77000260166824"><ele>922.0399780273438</ele><time>2025-06-01T04:30:35.000Z</time></trkpt><trkpt lat="35.674361335113645" lon="138.76981543377042"><ele>918.010009765625</ele><time>2025-06-01T04:31:05.000Z</time></trkpt><trkpt lat="35.674516316503286" lon="138.76969263888896"><ele>918.7899780273438</ele><time>2025-06-01T04:31:35.000Z</time></trkpt><trkpt lat="35.674516316503286" lon="138.76969263888896"><ele>919.0499877929688</ele><time>2025-06-01T04:31:35.000Z</time></trkpt><trkpt lat="35.6746537797153" lon="138.76955039799213"><ele>915.9500122070312</ele><time>2025-06-01T04:31:51.000Z</time></trkpt><trkpt lat="35.67479124292731" lon="138.7694081570953"><ele>914.77001953125</ele><time>2025-06-01T04:32:06.000Z</time></trkpt><trkpt lat="35.67492602393031" lon="138.76926289871335"><ele>917.969970703125</ele><time>2025-06-01T04:32:21.000Z</time></trkpt><trkpt lat="35.67502476274967" lon="138.7690788321197"><ele>917.4199829101562</ele><time>2025-06-01T04:32:37.000Z</time></trkpt><trkpt lat="35.675041945651174" lon="138.76885880716145"><ele>909.02001953125</ele><time>2025-06-01T04:32:52.000Z</time></trkpt><trkpt lat="35.67505921237171" lon="138.7686387822032"><ele>905.1199951171875</ele><time>2025-06-01T04:33:07.000Z</time></trkpt><trkpt lat="35.6752114277333" lon="138.76852663233876"><ele>906.8499755859375</ele><time>2025-06-01T04:33:22.000Z</time></trkpt><trkpt lat="35.67536775022745" lon="138.7684178352356"><ele>905.8099975585938</ele><time>2025-06-01T04:33:38.000Z</time></trkpt><trkpt lat="35.67553228698671" lon="138.7683731596917"><ele>900.8200073242188</ele><time>2025-06-01T04:33:53.000Z</time></trkpt><trkpt lat="35.67567025311291" lon="138.7685143109411"><ele>904.1699829101562</ele><time>2025-06-01T04:34:08.000Z</time></trkpt><trkpt lat="35.67582003772259" lon="138.76859628595412"><ele>908.0499877929688</ele><time>2025-06-01T04:34:23.000Z</time></trkpt><trkpt lat="35.67599572241306" lon="138.76855035312474"><ele>904.8400268554688</ele><time>2025-06-01T04:34:39.000Z</time></trkpt><trkpt lat="35.6761734187603" lon="138.76857491210103"><ele>913.8499755859375</ele><time>2025-06-01T04:34:54.000Z</time></trkpt><trkpt lat="35.67633208818734" lon="138.7685174960643"><ele>912.3400268554688</ele><time>2025-06-01T04:35:09.000Z</time></trkpt><trkpt lat="35.67647382616997" lon="138.76838170923293"><ele>904.3599853515625</ele><time>2025-06-01T04:35:25.000Z</time></trkpt><trkpt lat="35.676644649356604" lon="138.76837324351072"><ele>903.2999877929688</ele><time>2025-06-01T04:35:40.000Z</time></trkpt><trkpt lat="35.676823016256094" lon="138.76839838922024"><ele>902.0800170898438</ele><time>2025-06-01T04:35:55.000Z</time></trkpt><trkpt lat="35.67697414197028" lon="138.76837047748268"><ele>910.8599853515625</ele><time>2025-06-01T04:36:10.000Z</time></trkpt><trkpt lat="35.67703139036894" lon="138.7681609299034"><ele>912.3599853515625</ele><time>2025-06-01T04:36:26.000Z</time></trkpt><trkpt lat="35.67708872258663" lon="138.76795146614313"><ele>895.530029296875</ele><time>2025-06-01T04:36:41.000Z</time></trkpt><trkpt lat="35.677238339558244" lon="138.76787728630006"><ele>894.5700073242188</ele><time>2025-06-01T04:36:56.000Z</time></trkpt><trkpt lat="35.67741586826742" lon="138.76784392632544"><ele>892.469970703125</ele><time>2025-06-01T04:37:11.000Z</time></trkpt><trkpt lat="35.677575124427676" lon="138.76777963712811"><ele>890.8900146484375</ele><time>2025-06-01T04:37:27.000Z</time></trkpt><trkpt lat="35.67765609361231" lon="138.76758224330842"><ele>890.0800170898438</ele><time>2025-06-01T04:37:42.000Z</time></trkpt><trkpt lat="35.677705965936184" lon="138.76738166436553"><ele>893.5700073242188</ele><time>2025-06-01T04:37:57.000Z</time></trkpt><trkpt lat="35.677653243765235" lon="138.76717035658658"><ele>889.510009765625</ele><time>2025-06-01T04:38:13.000Z</time></trkpt><trkpt lat="35.677600437775254" lon="138.76695904880762"><ele>890.4400024414062</ele><time>2025-06-01T04:38:28.000Z</time></trkpt><trkpt lat="35.67767788656056" lon="138.7667713779956"><ele>893.2999877929688</ele><time>2025-06-01T04:38:43.000Z</time></trkpt><trkpt lat="35.67771418020129" lon="138.76656618900597"><ele>886.25</ele><time>2025-06-01T04:38:58.000Z</time></trkpt><trkpt lat="35.67770739085972" lon="138.76634524203837"><ele>885.489990234375</ele><time>2025-06-01T04:39:14.000Z</time></trkpt><trkpt lat="35.677700685337186" lon="138.7661243788898"><ele>878.2899780273438</ele><time>2025-06-01T04:39:29.000Z</time></trkpt><trkpt lat="35.677864383906126" lon="138.76603737473488"><ele>876.6300048828125</ele><time>2025-06-01T04:39:44.000Z</time></trkpt><trkpt lat="35.678030010312796" lon="138.76595196314156"><ele>877.47998046875</ele><time>2025-06-01T04:39:59.000Z</time></trkpt><trkpt lat="35.67817929200828" lon="138.76584333367646"><ele>881.760009765625</ele><time>2025-06-01T04:40:15.000Z</time></trkpt><trkpt lat="35.67814358510077" lon="138.76565943472087"><ele>876.0599975585938</ele><time>2025-06-01T04:40:30.000Z</time></trkpt><trkpt lat="35.67805171944201" lon="138.76547360792756"><ele>875.530029296875</ele><time>2025-06-01T04:40:45.000Z</time></trkpt><trkpt lat="35.678042666986585" lon="138.76525282859802"><ele>876.4000244140625</ele><time>2025-06-01T04:41:01.000Z</time></trkpt><trkpt lat="35.67801894620061" lon="138.76503749750555"><ele>877.7100219726562</ele><time>2025-06-01T04:41:16.000Z</time></trkpt><trkpt lat="35.677925907075405" lon="138.76484848558903"><ele>875.9299926757812</ele><time>2025-06-01T04:41:31.000Z</time></trkpt><trkpt lat="35.67783278413117" lon="138.76465938985348"><ele>877.25</ele><time>2025-06-01T04:41:46.000Z</time></trkpt><trkpt lat="35.67782389931381" lon="138.76444137655199"><ele>878.25</ele><time>2025-06-01T04:42:02.000Z</time></trkpt><trkpt lat="35.67782389931381" lon="138.76422034576535"><ele>872.6699829101562</ele><time>2025-06-01T04:42:17.000Z</time></trkpt><trkpt lat="35.67783052101731" lon="138.7639995664358"><ele>868.3900146484375</ele><time>2025-06-01T04:42:32.000Z</time></trkpt><trkpt lat="35.67787645384669" lon="138.7638073693961"><ele>865.9000244140625</ele><time>2025-06-01T04:42:47.000Z</time></trkpt><trkpt lat="35.67804149352014" lon="138.7637201976031"><ele>866.2000122070312</ele><time>2025-06-01T04:43:03.000Z</time></trkpt><trkpt lat="35.67820653319359" lon="138.76363302581012"><ele>864.469970703125</ele><time>2025-06-01T04:43:18.000Z</time></trkpt><trkpt lat="35.67837081849575" lon="138.76354476436973"><ele>864.9199829101562</ele><time>2025-06-01T04:43:33.000Z</time></trkpt><trkpt lat="35.67844013683498" lon="138.76334971748292"><ele>866.6900024414062</ele><time>2025-06-01T04:43:49.000Z</time></trkpt><trkpt lat="35.67843678407371" lon="138.7631295248866"><ele>865.4299926757812</ele><time>2025-06-01T04:44:04.000Z</time></trkpt><trkpt lat="35.6783664599061" lon="138.76292609609663"><ele>858.2100219726562</ele><time>2025-06-01T04:44:19.000Z</time></trkpt><trkpt lat="35.678299237042665" lon="138.76272182911634"><ele>854.739990234375</ele><time>2025-06-01T04:44:34.000Z</time></trkpt><trkpt lat="35.678299237042665" lon="138.7625007983297"><ele>851.219970703125</ele><time>2025-06-01T04:44:50.000Z</time></trkpt><trkpt lat="35.6784597504884" lon="138.76253943890333"><ele>846.52001953125</ele><time>2025-06-01T04:45:05.000Z</time></trkpt><trkpt lat="35.6786288972944" lon="138.76260272227228"><ele>847.1099853515625</ele><time>2025-06-01T04:45:20.000Z</time></trkpt><trkpt lat="35.67880843766034" lon="138.76260272227228"><ele>849.25</ele><time>2025-06-01T04:45:35.000Z</time></trkpt><trkpt lat="35.678925700485706" lon="138.76245738007128"><ele>851.3400268554688</ele><time>2025-06-01T04:45:51.000Z</time></trkpt><trkpt lat="35.67902703769505" lon="138.76227490603924"><ele>847.8599853515625</ele><time>2025-06-01T04:46:06.000Z</time></trkpt><trkpt lat="35.679128374904394" lon="138.76209234818816"><ele>850.02001953125</ele><time>2025-06-01T04:46:21.000Z</time></trkpt><trkpt lat="35.67922971211374" lon="138.76190979033709"><ele>846.780029296875</ele><time>2025-06-01T04:46:37.000Z</time></trkpt><trkpt lat="35.679389387369156" lon="138.76183074899018"><ele>848.1500244140625</ele><time>2025-06-01T04:46:52.000Z</time></trkpt><trkpt lat="35.679563730955124" lon="138.76177760772407"><ele>849.489990234375</ele><time>2025-06-01T04:47:07.000Z</time></trkpt><trkpt lat="35.67969013005495" lon="138.76163184642792"><ele>851.2999877929688</ele><time>2025-06-01T04:47:22.000Z</time></trkpt><trkpt lat="35.679706474766135" lon="138.7614449299872"><ele>847.5999755859375</ele><time>2025-06-01T04:47:38.000Z</time></trkpt><trkpt lat="35.679622488096356" lon="138.76124954782426"><ele>844.0399780273438</ele><time>2025-06-01T04:47:53.000Z</time></trkpt><trkpt lat="35.67954931408167" lon="138.76105081290007"><ele>839.3800048828125</ele><time>2025-06-01T04:48:08.000Z</time></trkpt><trkpt lat="35.679586781188846" lon="138.7608389183879"><ele>837.7999877929688</ele><time>2025-06-01T04:48:23.000Z</time></trkpt><trkpt lat="35.67965534515679" lon="138.76063456758857"><ele>836.0499877929688</ele><time>2025-06-01T04:48:39.000Z</time></trkpt><trkpt lat="35.679710917174816" lon="138.76042644493282"><ele>838.5700073242188</ele><time>2025-06-01T04:48:54.000Z</time></trkpt><trkpt lat="35.67972432821989" lon="138.76020591706038"><ele>828.8800048828125</ele><time>2025-06-01T04:49:09.000Z</time></trkpt><trkpt lat="35.679737739264965" lon="138.75998547300696"><ele>825.6799926757812</ele><time>2025-06-01T04:49:25.000Z</time></trkpt><trkpt lat="35.67982725799084" lon="138.75981356017292"><ele>825.47998046875</ele><time>2025-06-01T04:49:40.000Z</time></trkpt><trkpt lat="35.679977629333735" lon="138.75972412526608"><ele>824.0599975585938</ele><time>2025-06-01T04:49:55.000Z</time></trkpt><trkpt lat="35.68014794960618" lon="138.7596602551639"><ele>823.8200073242188</ele><time>2025-06-01T04:50:10.000Z</time></trkpt><trkpt lat="35.68010637536645" lon="138.7594813015312"><ele>822.25</ele><time>2025-06-01T04:50:26.000Z</time></trkpt><trkpt lat="35.67995063960552" lon="138.75949379056692"><ele>820.030029296875</ele><time>2025-06-01T04:50:41.000Z</time></trkpt><trkpt lat="35.67982289940119" lon="138.75962421298027"><ele>817.989990234375</ele><time>2025-06-01T04:50:56.000Z</time></trkpt><trkpt lat="35.679649310186505" lon="138.75968062318861"><ele>815.72998046875</ele><time>2025-06-01T04:51:11.000Z</time></trkpt><trkpt lat="35.67962056025863" lon="138.7598893325776"><ele>819.5499877929688</ele><time>2025-06-01T04:51:27.000Z</time></trkpt><trkpt lat="35.679602455347776" lon="138.7601092737168"><ele>820.25</ele><time>2025-06-01T04:51:42.000Z</time></trkpt><trkpt lat="35.6795338075608" lon="138.76031345687807"><ele>817.8300170898438</ele><time>2025-06-01T04:51:57.000Z</time></trkpt><trkpt lat="35.679422579705715" lon="138.7604826875031"><ele>816.3800048828125</ele><time>2025-06-01T04:52:13.000Z</time></trkpt><trkpt lat="35.679302802309394" lon="138.76064219512045"><ele>809.1500244140625</ele><time>2025-06-01T04:52:28.000Z</time></trkpt><trkpt lat="35.679302802309394" lon="138.76086330972612"><ele>812.1300048828125</ele><time>2025-06-01T04:52:43.000Z</time></trkpt><trkpt lat="35.679302802309394" lon="138.76108434051275"><ele>811.739990234375</ele><time>2025-06-01T04:52:58.000Z</time></trkpt><trkpt lat="35.67928369157016" lon="138.7612956482917"><ele>811.6300048828125</ele><time>2025-06-01T04:53:14.000Z</time></trkpt><trkpt lat="35.67914044484496" lon="138.76141492277384"><ele>808.3900146484375</ele><time>2025-06-01T04:53:29.000Z</time></trkpt><trkpt lat="35.67896702326834" lon="138.76146940514445"><ele>806.5</ele><time>2025-06-01T04:53:44.000Z</time></trkpt><trkpt lat="35.678799133747816" lon="138.76154811121523"><ele>802.77001953125</ele><time>2025-06-01T04:53:59.000Z</time></trkpt><trkpt lat="35.67862872965634" lon="138.76151106320322"><ele>796.3099975585938</ele><time>2025-06-01T04:54:15.000Z</time></trkpt><trkpt lat="35.67855102941394" lon="138.76133780926466"><ele>793.760009765625</ele><time>2025-06-01T04:54:30.000Z</time></trkpt><trkpt lat="35.678529823198915" lon="138.76111820340157"><ele>791.030029296875</ele><time>2025-06-01T04:54:45.000Z</time></trkpt><trkpt lat="35.67842831835151" lon="138.7609385792166"><ele>791.5999755859375</ele><time>2025-06-01T04:55:01.000Z</time></trkpt><trkpt lat="35.6783199403435" lon="138.76076239161193"><ele>788.52001953125</ele><time>2025-06-01T04:55:16.000Z</time></trkpt><trkpt lat="35.67821147851646" lon="138.76058612018824"><ele>785.780029296875</ele><time>2025-06-01T04:55:31.000Z</time></trkpt><trkpt lat="35.67810259759426" lon="138.76041043549776"><ele>782.8200073242188</ele><time>2025-06-01T04:55:46.000Z</time></trkpt><trkpt lat="35.67797075025737" lon="138.76028772443533"><ele>782.0900268554688</ele><time>2025-06-01T04:56:02.000Z</time></trkpt><trkpt lat="35.677825743332505" lon="138.76037782989442"><ele>784.3900146484375</ele><time>2025-06-01T04:56:17.000Z</time></trkpt><trkpt lat="35.67773597314954" lon="138.7605693563819"><ele>787.1099853515625</ele><time>2025-06-01T04:56:32.000Z</time></trkpt><trkpt lat="35.67758861929178" lon="138.76068443991244"><ele>785.7000122070312</ele><time>2025-06-01T04:56:47.000Z</time></trkpt><trkpt lat="35.67745417356491" lon="138.76080178655684"><ele>778.0800170898438</ele><time>2025-06-01T04:57:03.000Z</time></trkpt><trkpt lat="35.67745417356491" lon="138.76102281734347"><ele>778.1400146484375</ele><time>2025-06-01T04:57:18.000Z</time></trkpt><trkpt lat="35.67745417356491" lon="138.76124393194914"><ele>778.9400024414062</ele><time>2025-06-01T04:57:33.000Z</time></trkpt><trkpt lat="35.67740488797426" lon="138.76143973320723"><ele>781.030029296875</ele><time>2025-06-01T04:57:49.000Z</time></trkpt><trkpt lat="35.67727731540799" lon="138.76159521751106"><ele>777.77001953125</ele><time>2025-06-01T04:58:04.000Z</time></trkpt><trkpt lat="35.677177319303155" lon="138.76176201738417"><ele>775.8800048828125</ele><time>2025-06-01T04:58:19.000Z</time></trkpt><trkpt lat="35.67720447666943" lon="138.76198053359985"><ele>769.1599731445312</ele><time>2025-06-01T04:58:34.000Z</time></trkpt><trkpt lat="35.67723163403571" lon="138.76219904981554"><ele>767.719970703125</ele><time>2025-06-01T04:58:50.000Z</time></trkpt><trkpt lat="35.67725879140198" lon="138.76241764985025"><ele>774.239990234375</ele><time>2025-06-01T04:59:05.000Z</time></trkpt><trkpt lat="35.67709199152887" lon="138.76243106089532"><ele>766.3800048828125</ele><time>2025-06-01T04:59:20.000Z</time></trkpt><trkpt lat="35.676912451162934" lon="138.76243106089532"><ele>761.4000244140625</ele><time>2025-06-01T04:59:35.000Z</time></trkpt><trkpt lat="35.67673282697797" lon="138.76243106089532"><ele>755.6400146484375</ele><time>2025-06-01T04:59:51.000Z</time></trkpt><trkpt lat="35.676553286612034" lon="138.76243106089532"><ele>754.6900024414062</ele><time>2025-06-01T05:00:06.000Z</time></trkpt><trkpt lat="35.67643593996763" lon="138.76257916912436"><ele>755.5499877929688</ele><time>2025-06-01T05:00:21.000Z</time></trkpt><trkpt lat="35.676389168947935" lon="138.76278494484723"><ele>754.0900268554688</ele><time>2025-06-01T05:00:37.000Z</time></trkpt><trkpt lat="35.6763755902648" lon="138.76300538890064"><ele>748.1199951171875</ele><time>2025-06-01T05:00:52.000Z</time></trkpt><trkpt lat="35.67636209540069" lon="138.76322583295405"><ele>748.25</ele><time>2025-06-01T05:01:07.000Z</time></trkpt><trkpt lat="35.67634851671755" lon="138.76344627700746"><ele>751.0599975585938</ele><time>2025-06-01T05:01:22.000Z</time></trkpt><trkpt lat="35.67626905627549" lon="138.7635870091617"><ele>748.75</ele><time>2025-06-01T05:01:38.000Z</time></trkpt><trkpt lat="35.67622077651322" lon="138.76337402500212"><ele>744.2999877929688</ele><time>2025-06-01T05:01:53.000Z</time></trkpt><trkpt lat="35.67617258056998" lon="138.76316104084253"><ele>739.27001953125</ele><time>2025-06-01T05:02:08.000Z</time></trkpt><trkpt lat="35.67612178623676" lon="138.76294914633036"><ele>734.3200073242188</ele><time>2025-06-01T05:02:23.000Z</time></trkpt><trkpt lat="35.67606403492391" lon="138.76274093985558"><ele>733.3699951171875</ele><time>2025-06-01T05:02:39.000Z</time></trkpt><trkpt lat="35.67607912234962" lon="138.76252066344023"><ele>731.5900268554688</ele><time>2025-06-01T05:02:54.000Z</time></trkpt><trkpt lat="35.67609420977533" lon="138.76230030320585"><ele>725.4400024414062</ele><time>2025-06-01T05:03:09.000Z</time></trkpt><trkpt lat="35.676130335778" lon="138.76208522357047"><ele>723.469970703125</ele><time>2025-06-01T05:03:25.000Z</time></trkpt><trkpt lat="35.6761818844825" lon="138.76187349669635"><ele>718.1500244140625</ele><time>2025-06-01T05:03:40.000Z</time></trkpt><trkpt lat="35.676233349367976" lon="138.7616616860032"><ele>714.3699951171875</ele><time>2025-06-01T05:03:55.000Z</time></trkpt><trkpt lat="35.67633518949151" lon="138.76148130744696"><ele>716.8499755859375</ele><time>2025-06-01T05:04:10.000Z</time></trkpt><trkpt lat="35.676351534202695" lon="138.7612644676119"><ele>710.1300048828125</ele><time>2025-06-01T05:04:26.000Z</time></trkpt><trkpt lat="35.676358826458454" lon="138.7610435206443"><ele>706.75</ele><time>2025-06-01T05:04:41.000Z</time></trkpt><trkpt lat="35.67636603489518" lon="138.76082265749574"><ele>698.4199829101562</ele><time>2025-06-01T05:04:56.000Z</time></trkpt><trkpt lat="35.67637332715094" lon="138.76060171052814"><ele>694.6699829101562</ele><time>2025-06-01T05:05:11.000Z</time></trkpt><trkpt lat="35.67638020031154" lon="138.76038084737957"><ele>688.0599975585938</ele><time>2025-06-01T05:05:27.000Z</time></trkpt><trkpt lat="35.67641808651388" lon="138.7601663544774"><ele>687.1400146484375</ele><time>2025-06-01T05:05:42.000Z</time></trkpt><trkpt lat="35.676467875018716" lon="138.75995395705104"><ele>683.8400268554688</ele><time>2025-06-01T05:05:57.000Z</time></trkpt><trkpt lat="35.67653291858733" lon="138.75974843278527"><ele>680.5999755859375</ele><time>2025-06-01T05:06:13.000Z</time></trkpt><trkpt lat="35.67657985724509" lon="138.75953637063503"><ele>676.719970703125</ele><time>2025-06-01T05:06:28.000Z</time></trkpt><trkpt lat="35.676614474505186" lon="138.75931944698095"><ele>674.2100219726562</ele><time>2025-06-01T05:06:43.000Z</time></trkpt><trkpt lat="35.676649091765285" lon="138.75910252332687"><ele>668.8300170898438</ele><time>2025-06-01T05:06:58.000Z</time></trkpt><trkpt lat="35.676691085100174" lon="138.75888912007213"><ele>668.0599975585938</ele><time>2025-06-01T05:07:14.000Z</time></trkpt><trkpt lat="35.676785884425044" lon="138.75870136544108"><ele>666.1199951171875</ele><time>2025-06-01T05:07:29.000Z</time></trkpt><trkpt lat="35.676880683749914" lon="138.75851361081004"><ele>659.7999877929688</ele><time>2025-06-01T05:07:44.000Z</time></trkpt><trkpt lat="35.676975483074784" lon="138.758325856179"><ele>660.5900268554688</ele><time>2025-06-01T05:07:59.000Z</time></trkpt><trkpt lat="35.677070282399654" lon="138.75813810154796"><ele>654.6199951171875</ele><time>2025-06-01T05:08:15.000Z</time></trkpt><trkpt lat="35.677145132794976" lon="138.75793995335698"><ele>649.72998046875</ele><time>2025-06-01T05:08:30.000Z</time></trkpt><trkpt lat="35.67722098901868" lon="138.75773962587118"><ele>641.1400146484375</ele><time>2025-06-01T05:08:45.000Z</time></trkpt><trkpt lat="35.67729684524238" lon="138.75753921456635"><ele>637.8099975585938</ele><time>2025-06-01T05:09:01.000Z</time></trkpt><trkpt lat="35.677372785285115" lon="138.75733888708055"><ele>634.530029296875</ele><time>2025-06-01T05:09:16.000Z</time></trkpt><trkpt lat="35.67740907892585" lon="138.75715079717338"><ele>628.5499877929688</ele><time>2025-06-01T05:09:31.000Z</time></trkpt><trkpt lat="35.67736532539129" lon="138.75697888433933"><ele>627.0800170898438</ele><time>2025-06-01T05:09:46.000Z</time></trkpt><trkpt lat="35.67748845554888" lon="138.75681795179844"><ele>623.9099731445312</ele><time>2025-06-01T05:10:02.000Z</time></trkpt><trkpt lat="35.677611669525504" lon="138.75665710307658"><ele>621.780029296875</ele><time>2025-06-01T05:10:17.000Z</time></trkpt><trkpt lat="35.677734883502126" lon="138.75649625435472"><ele>620.1699829101562</ele><time>2025-06-01T05:10:32.000Z</time></trkpt><trkpt lat="35.67784636281431" lon="138.75632526353002"><ele>616.1799926757812</ele><time>2025-06-01T05:10:47.000Z</time></trkpt><trkpt lat="35.677927331998944" lon="138.75612795352936"><ele>613.2899780273438</ele><time>2025-06-01T05:11:03.000Z</time></trkpt><trkpt lat="35.67800830118358" lon="138.7559306435287"><ele>607.5399780273438</ele><time>2025-06-01T05:11:18.000Z</time></trkpt><trkpt lat="35.67808918654919" lon="138.755733249709"><ele>605.0800170898438</ele><time>2025-06-01T05:11:33.000Z</time></trkpt><trkpt lat="35.678170155733824" lon="138.75553593970835"><ele>602.4099731445312</ele><time>2025-06-01T05:11:49.000Z</time></trkpt><trkpt lat="35.67823243327439" lon="138.7553291581571"><ele>599.3800048828125</ele><time>2025-06-01T05:12:04.000Z</time></trkpt><trkpt lat="35.678286999464035" lon="138.7551185209304"><ele>596.72998046875</ele><time>2025-06-01T05:12:19.000Z</time></trkpt><trkpt lat="35.67834156565368" lon="138.7549078837037"><ele>595.4299926757812</ele><time>2025-06-01T05:12:34.000Z</time></trkpt><trkpt lat="35.67839613184333" lon="138.754697246477"><ele>593.0599975585938</ele><time>2025-06-01T05:12:50.000Z</time></trkpt><trkpt lat="35.678450698032975" lon="138.75448669306934"><ele>592.27001953125</ele><time>2025-06-01T05:13:05.000Z</time></trkpt><trkpt lat="35.67850526422262" lon="138.75427605584264"><ele>591.5</ele><time>2025-06-01T05:13:20.000Z</time></trkpt><trkpt lat="35.67843234166503" lon="138.75409609638155"><ele>592.8800048828125</ele><time>2025-06-01T05:13:35.000Z</time></trkpt><trkpt lat="35.67843234166503" lon="138.75409609638155"><ele>592.8800048828125</ele><time>2025-06-01T05:13:35.000Z</time></trkpt><trkpt lat="35.67842253483832" lon="138.75387984327972"><ele>594.8800048828125</ele><time>2025-06-01T05:13:51.000Z</time></trkpt><trkpt lat="35.67842253483832" lon="138.753658561036"><ele>594.8699951171875</ele><time>2025-06-01T05:14:07.000Z</time></trkpt><trkpt lat="35.67842253483832" lon="138.75343727879226"><ele>594.6199951171875</ele><time>2025-06-01T05:14:23.000Z</time></trkpt><trkpt lat="35.67843007855117" lon="138.75321658328176"><ele>592.0999755859375</ele><time>2025-06-01T05:14:39.000Z</time></trkpt><trkpt lat="35.67845254205167" lon="138.7529970612377"><ele>587.8499755859375</ele><time>2025-06-01T05:14:55.000Z</time></trkpt><trkpt lat="35.678475089371204" lon="138.7527774553746"><ele>586.2000122070312</ele><time>2025-06-01T05:15:11.000Z</time></trkpt><trkpt lat="35.6784753408283" lon="138.75255617313087"><ele>585.8200073242188</ele><time>2025-06-01T05:15:27.000Z</time></trkpt><trkpt lat="35.67845388315618" lon="138.7523374054581"><ele>585.6500244140625</ele><time>2025-06-01T05:15:43.000Z</time></trkpt><trkpt lat="35.678419936448336" lon="138.7521201465279"><ele>585.4600219726562</ele><time>2025-06-01T05:15:59.000Z</time></trkpt><trkpt lat="35.678368555381894" lon="138.751909006387"><ele>582.6300048828125</ele><time>2025-06-01T05:16:15.000Z</time></trkpt><trkpt lat="35.67829211242497" lon="138.75171127729118"><ele>581.77001953125</ele><time>2025-06-01T05:16:30.000Z</time></trkpt><trkpt lat="35.678170742467046" lon="138.75154875218868"><ele>579.2100219726562</ele><time>2025-06-01T05:16:46.000Z</time></trkpt><trkpt lat="35.678010899573565" lon="138.75144741497934"><ele>577.2100219726562</ele><time>2025-06-01T05:17:02.000Z</time></trkpt><trkpt lat="35.677851140499115" lon="138.75134616158903"><ele>577.1599731445312</ele><time>2025-06-01T05:17:18.000Z</time></trkpt><trkpt lat="35.67772197537124" lon="138.75121381133795"><ele>574.72998046875</ele><time>2025-06-01T05:17:34.000Z</time></trkpt><trkpt lat="35.67767210304737" lon="138.75100124627352"><ele>570.8200073242188</ele><time>2025-06-01T05:17:50.000Z</time></trkpt><trkpt lat="35.67762818187475" lon="138.75078734010458"><ele>567.4000244140625</ele><time>2025-06-01T05:18:06.000Z</time></trkpt><trkpt lat="35.677615189924836" lon="138.75056656077504"><ele>565.989990234375</ele><time>2025-06-01T05:18:22.000Z</time></trkpt><trkpt lat="35.67761259153485" lon="138.75034544616938"><ele>562.9600219726562</ele><time>2025-06-01T05:18:38.000Z</time></trkpt><trkpt lat="35.67762306891382" lon="138.75012500211596"><ele>561.0999755859375</ele><time>2025-06-01T05:18:54.000Z</time></trkpt><trkpt lat="35.67764670588076" lon="138.74990564770997"><ele>558.0700073242188</ele><time>2025-06-01T05:19:10.000Z</time></trkpt><trkpt lat="35.67767042666674" lon="138.74968629330397"><ele>555.5599975585938</ele><time>2025-06-01T05:19:25.000Z</time></trkpt><trkpt lat="35.67769406363368" lon="138.74946693889797"><ele>552.0900268554688</ele><time>2025-06-01T05:19:41.000Z</time></trkpt><trkpt lat="35.67771862260997" lon="138.74924775213003"><ele>549.1699829101562</ele><time>2025-06-01T05:19:57.000Z</time></trkpt><trkpt lat="35.67774343304336" lon="138.7490285653621"><ele>547.3800048828125</ele><time>2025-06-01T05:20:13.000Z</time></trkpt><trkpt lat="35.67776815965772" lon="138.74880937859416"><ele>544.2000122070312</ele><time>2025-06-01T05:20:29.000Z</time></trkpt><trkpt lat="35.67771837115288" lon="138.7485994119197"><ele>541.8599853515625</ele><time>2025-06-01T05:20:45.000Z</time></trkpt><trkpt lat="35.67765877582133" lon="138.7483906187117"><ele>540.5399780273438</ele><time>2025-06-01T05:21:01.000Z</time></trkpt><trkpt lat="35.677579902112484" lon="138.74819339253008"><ele>538.2999877929688</ele><time>2025-06-01T05:21:17.000Z</time></trkpt><trkpt lat="35.677483258768916" lon="138.74800689518452"><ele>536.3300170898438</ele><time>2025-06-01T05:21:33.000Z</time></trkpt><trkpt lat="35.67741754464805" lon="138.7478086631745"><ele>534.3800048828125</ele><time>2025-06-01T05:21:49.000Z</time></trkpt><trkpt lat="35.677413269877434" lon="138.7475874647498"><ele>531.0599975585938</ele><time>2025-06-01T05:22:05.000Z</time></trkpt><trkpt lat="35.67740907892585" lon="138.74736626632512"><ele>528.1599731445312</ele><time>2025-06-01T05:22:20.000Z</time></trkpt><trkpt lat="35.67740488797426" lon="138.7471449840814"><ele>526.4600219726562</ele><time>2025-06-01T05:22:36.000Z</time></trkpt><trkpt lat="35.6773841008544" lon="138.7469306588173"><ele>524.5399780273438</ele><time>2025-06-01T05:22:52.000Z</time></trkpt><trkpt lat="35.677274549379945" lon="138.746755477041"><ele>521.7000122070312</ele><time>2025-06-01T05:23:08.000Z</time></trkpt><trkpt lat="35.67715619690716" lon="138.746588928625"><ele>519.7100219726562</ele><time>2025-06-01T05:23:24.000Z</time></trkpt><trkpt lat="35.67703776061535" lon="138.746422464028"><ele>518.1699829101562</ele><time>2025-06-01T05:23:40.000Z</time></trkpt><trkpt lat="35.676919324323535" lon="138.74625591561198"><ele>516.3200073242188</ele><time>2025-06-01T05:23:56.000Z</time></trkpt><trkpt lat="35.67681731656194" lon="138.7460757046938"><ele>513.510009765625</ele><time>2025-06-01T05:24:12.000Z</time></trkpt><trkpt lat="35.67673433572054" lon="138.74587940052152"><ele>512.22998046875</ele><time>2025-06-01T05:24:28.000Z</time></trkpt><trkpt lat="35.67665135487914" lon="138.74568309634924"><ele>510.260009765625</ele><time>2025-06-01T05:24:44.000Z</time></trkpt><trkpt lat="35.67656837403774" lon="138.74548679217696"><ele>508.2099914550781</ele><time>2025-06-01T05:25:00.000Z</time></trkpt><trkpt lat="35.676403837278485" lon="138.74548033811152"><ele>505.6099853515625</ele><time>2025-06-01T05:25:15.000Z</time></trkpt><trkpt lat="35.67622538655996" lon="138.74550648964942"><ele>502.239990234375</ele><time>2025-06-01T05:25:31.000Z</time></trkpt><trkpt lat="35.676068561151624" lon="138.74545971862972"><ele>499.3699951171875</ele><time>2025-06-01T05:25:47.000Z</time></trkpt><trkpt lat="35.675945933908224" lon="138.74529786407948"><ele>496.7900085449219</ele><time>2025-06-01T05:26:03.000Z</time></trkpt><trkpt lat="35.675868233665824" lon="138.74510357156396"><ele>495.4700012207031</ele><time>2025-06-01T05:26:19.000Z</time></trkpt><trkpt lat="35.67581324838102" lon="138.74489293433726"><ele>493.32000732421875</ele><time>2025-06-01T05:26:35.000Z</time></trkpt><trkpt lat="35.675707971677184" lon="138.74479536898434"><ele>491.1099853515625</ele><time>2025-06-01T05:26:51.000Z</time></trkpt><trkpt lat="35.675534131005406" lon="138.74485186301172"><ele>488.760009765625</ele><time>2025-06-01T05:27:07.000Z</time></trkpt><trkpt lat="35.67536037415266" lon="138.7449083570391"><ele>488.9599914550781</ele><time>2025-06-01T05:27:23.000Z</time></trkpt><trkpt lat="35.67518653348088" lon="138.74496476724744"><ele>489.5899963378906</ele><time>2025-06-01T05:27:39.000Z</time></trkpt><trkpt lat="35.67501277662814" lon="138.74502126127481"><ele>491.260009765625</ele><time>2025-06-01T05:27:55.000Z</time></trkpt><trkpt lat="35.674833822995424" lon="138.7450288888067"><ele>493.8399963378906</ele><time>2025-06-01T05:28:10.000Z</time></trkpt><trkpt lat="35.67468613386154" lon="138.74490408226848"><ele>493.6000061035156</ele><time>2025-06-01T05:28:26.000Z</time></trkpt><trkpt lat="35.67453894764185" lon="138.7447770126164"><ele>492.1199951171875</ele><time>2025-06-01T05:28:42.000Z</time></trkpt><trkpt lat="35.674392599612474" lon="138.7446486018598"><ele>491.0299987792969</ele><time>2025-06-01T05:28:58.000Z</time></trkpt><trkpt lat="35.67425295710564" lon="138.7445092946291"><ele>489.1300048828125</ele><time>2025-06-01T05:29:14.000Z</time></trkpt><trkpt lat="35.6741133145988" lon="138.7443699873984"><ele>487.760009765625</ele><time>2025-06-01T05:29:30.000Z</time></trkpt><trkpt lat="35.67397358827293" lon="138.7442307639867"><ele>486.69000244140625</ele><time>2025-06-01T05:29:46.000Z</time></trkpt><trkpt lat="35.67383394576609" lon="138.744091456756"><ele>486.1099853515625</ele><time>2025-06-01T05:30:02.000Z</time></trkpt><trkpt lat="35.67369421944022" lon="138.74395214952528"><ele>486.32000732421875</ele><time>2025-06-01T05:30:18.000Z</time></trkpt><trkpt lat="35.6735572591424" lon="138.74380898661911"><ele>485.3800048828125</ele><time>2025-06-01T05:30:34.000Z</time></trkpt><trkpt lat="35.67342231050134" lon="138.7436628062278"><ele>483.2799987792969</ele><time>2025-06-01T05:30:50.000Z</time></trkpt><trkpt lat="35.673299012705684" lon="138.74350539408624"><ele>480.4599914550781</ele><time>2025-06-01T05:31:05.000Z</time></trkpt><trkpt lat="35.673299012705684" lon="138.74350539408624"><ele>480.4599914550781</ele><time>2025-06-01T05:31:05.000Z</time></trkpt><trkpt lat="35.673284428194165" lon="138.74327782541513"><ele>478.20001220703125</ele><time>2025-06-01T05:31:26.000Z</time></trkpt><trkpt lat="35.673263473436236" lon="138.74305243603885"><ele>475.510009765625</ele><time>2025-06-01T05:31:47.000Z</time></trkpt><trkpt lat="35.67312894389033" lon="138.74292461201549"><ele>474.67999267578125</ele><time>2025-06-01T05:32:08.000Z</time></trkpt><trkpt lat="35.67294898442924" lon="138.74286945909262"><ele>473.239990234375</ele><time>2025-06-01T05:32:29.000Z</time></trkpt><trkpt lat="35.6727678515017" lon="138.742820257321"><ele>473.19000244140625</ele><time>2025-06-01T05:32:50.000Z</time></trkpt><trkpt lat="35.67259275354445" lon="138.7427480891347"><ele>473.1600036621094</ele><time>2025-06-01T05:33:11.000Z</time></trkpt><trkpt lat="35.6724295578897" lon="138.7426833808422"><ele>474.010009765625</ele><time>2025-06-01T05:33:32.000Z</time></trkpt><trkpt lat="35.67233953624964" lon="138.74288295395672"><ele>475.7300109863281</ele><time>2025-06-01T05:33:53.000Z</time></trkpt></trkseg></trk></gpx>