<?xml version="1.0" encoding="UTF-8"?><gpx version="1.1" creator="Garmin Explore App" xmlns="http://www.topografix.com/GPX/1/1" xmlns:adv="http://www.garmin.com/xmlschemas/AdventuresExtensions/v1" xmlns:gpxtpx="http://www.garmin.com/xmlschemas/TrackPointExtension/v1" xmlns:gpxtrx="http://www.garmin.com/xmlschemas/GpxExtensions/v3" xmlns:gpxx="http://www.garmin.com/xmlschemas/GpxExtensions/v3" xmlns:trp="http://www.garmin.com/xmlschemas/TripExtensions/v1" xmlns:wptx1="http://www.garmin.com/xmlschemas/WaypointExtension/v1" xmlns:xsi="http://www.w3.org/2001/XMLSchema-instance" xsi:schemaLocation="http://www.topografix.com/GPX/1/1 http://www.topografix.com/GPX/1/1/gpx.xsd http://www.garmin.com/xmlschemas/WaypointExtension/v1 http://www8.garmin.com/xmlschemas/WaypointExtensionv1.xsd http://www.garmin.com/xmlschemas/TrackPointExtension/v1 http://www.garmin.com/xmlschemas/TrackPointExtensionv1.xsd http://www.garmin.com/xmlschemas/GpxExtensions/v3 http://www8.garmin.com/xmlschemas/GpxExtensionsv3.xsd http://www.garmin.com/xmlschemas/ActivityExtension/v1 http://www8.garmin.com/xmlschemas/ActivityExtensionv1.xsd http://www.garmin.com/xmlschemas/AdventuresExtensions/v1 http://www8.garmin.com/xmlschemas/AdventuresExtensionv1.xsd http://www.garmin.com/xmlschemas/PressureExtension/v1 http://www.garmin.com/xmlschemas/PressureExtensionv1.xsd"><metadata><name>ハイキング near Ntt ドコモ.gpx</name><link href="http://www.garmin.com"><text>Garmin International</text></link><time>2025-03-02T07:18:27.875Z</time></metadata><trk><name>2025-03-01 13.48.09</name><extensions><gpxx:TrackExtension xmlns:gpxx="http://www.garmin.com/xmlschemas/GpxExtensions/v3"><gpxx:DisplayColor>DarkRed</gpxx:DisplayColor></gpxx:TrackExtension></extensions><trkseg><trkpt lat="35.67225789651275" lon="138.7428527791053"><ele>475.0</ele><time>2025-02-28T23:22:00.000Z</time></trkpt><trkpt lat="35.67225965671241" lon="138.74285504221916"><ele>475.0</ele><time>2025-02-28T23:22:01.000Z</time></trkpt><trkpt lat="35.67222646437585" lon="138.74291715212166"><ele>476.0</ele><time>2025-02-28T23:22:13.000Z</time></trkpt><trkpt lat="35.672215819358826" lon="138.74294489622116"><ele>475.20001220703125</ele><time>2025-02-28T23:22:29.000Z</time></trkpt><trkpt lat="35.67221799865365" lon="138.74294347129762"><ele>476.79998779296875</ele><time>2025-02-28T23:22:40.000Z</time></trkpt><trkpt lat="35.67223467864096" lon="138.7429460696876"><ele>477.0</ele><time>2025-02-28T23:23:01.000Z</time></trkpt><trkpt lat="35.67225965671241" lon="138.74293718487024"><ele>477.4000244140625</ele><time>2025-02-28T23:23:13.000Z</time></trkpt><trkpt lat="35.67227482795715" lon="138.74294213019311"><ele>476.4000244140625</ele><time>2025-02-28T23:23:27.000Z</time></trkpt><trkpt lat="35.67232998088002" lon="138.74295939691365"><ele>477.20001220703125</ele><time>2025-02-28T23:23:32.000Z</time></trkpt><trkpt lat="35.67237054929137" lon="138.74295562505722"><ele>475.79998779296875</ele><time>2025-02-28T23:23:40.000Z</time></trkpt><trkpt lat="35.67241162061691" lon="138.74296727590263"><ele>475.79998779296875</ele><time>2025-02-28T23:23:51.000Z</time></trkpt><trkpt lat="35.672477921471" lon="138.74296409077942"><ele>476.4000244140625</ele><time>2025-02-28T23:23:57.000Z</time></trkpt><trkpt lat="35.67249787040055" lon="138.74285923317075"><ele>476.20001220703125</ele><time>2025-02-28T23:24:05.000Z</time></trkpt><trkpt lat="35.672504575923085" lon="138.74284674413502"><ele>475.4000244140625</ele><time>2025-02-28T23:24:17.000Z</time></trkpt><trkpt lat="35.67259828560054" lon="138.74285219237208"><ele>475.5999755859375</ele><time>2025-02-28T23:24:25.000Z</time></trkpt><trkpt lat="35.67272233776748" lon="138.74291446991265"><ele>473.79998779296875</ele><time>2025-02-28T23:24:35.000Z</time></trkpt><trkpt lat="35.67280716262758" lon="138.74294942244887"><ele>471.79998779296875</ele><time>2025-02-28T23:24:42.000Z</time></trkpt><trkpt lat="35.67293968051672" lon="138.7429820280522"><ele>471.5999755859375</ele><time>2025-02-28T23:24:50.000Z</time></trkpt><trkpt lat="35.67305367439985" lon="138.74300348572433"><ele>468.20001220703125</ele><time>2025-02-28T23:24:58.000Z</time></trkpt><trkpt lat="35.673151575028896" lon="138.74302754178643"><ele>471.0</ele><time>2025-02-28T23:25:05.000Z</time></trkpt><trkpt lat="35.67318585701287" lon="138.74305084347725"><ele>471.0</ele><time>2025-02-28T23:25:08.000Z</time></trkpt><trkpt lat="35.6731859408319" lon="138.74321755953133"><ele>470.20001220703125</ele><time>2025-02-28T23:25:20.000Z</time></trkpt><trkpt lat="35.6731912214309" lon="138.7432119436562"><ele>472.0</ele><time>2025-02-28T23:25:29.000Z</time></trkpt><trkpt lat="35.67314587533474" lon="138.74323926866055"><ele>473.0</ele><time>2025-02-28T23:25:33.000Z</time></trkpt><trkpt lat="35.6730062328279" lon="138.7433467246592"><ele>474.5999755859375</ele><time>2025-02-28T23:25:44.000Z</time></trkpt><trkpt lat="35.67289508879185" lon="138.74340137466788"><ele>474.0</ele><time>2025-02-28T23:25:51.000Z</time></trkpt><trkpt lat="35.672725355252624" lon="138.7434214912355"><ele>474.79998779296875</ele><time>2025-02-28T23:26:02.000Z</time></trkpt><trkpt lat="35.67257666029036" lon="138.7434278614819"><ele>476.0</ele><time>2025-02-28T23:26:11.000Z</time></trkpt><trkpt lat="35.672432743012905" lon="138.74343398027122"><ele>474.5999755859375</ele><time>2025-02-28T23:26:20.000Z</time></trkpt><trkpt lat="35.67236158065498" lon="138.74341495335102"><ele>477.5999755859375</ele><time>2025-02-28T23:26:25.000Z</time></trkpt><trkpt lat="35.67232017405331" lon="138.74340757727623"><ele>479.0</ele><time>2025-02-28T23:26:28.000Z</time></trkpt><trkpt lat="35.672117080539465" lon="138.7433950882405"><ele>480.5999755859375</ele><time>2025-02-28T23:26:42.000Z</time></trkpt><trkpt lat="35.67207735031843" lon="138.74351603910327"><ele>481.79998779296875</ele><time>2025-02-28T23:26:50.000Z</time></trkpt><trkpt lat="35.67208154127002" lon="138.7437349744141"><ele>483.20001220703125</ele><time>2025-02-28T23:27:02.000Z</time></trkpt><trkpt lat="35.67204055376351" lon="138.7438816577196"><ele>480.4000244140625</ele><time>2025-02-28T23:27:11.000Z</time></trkpt><trkpt lat="35.67198062315583" lon="138.74398509040475"><ele>482.79998779296875</ele><time>2025-02-28T23:27:18.000Z</time></trkpt><trkpt lat="35.671911891549826" lon="138.7440164387226"><ele>486.0</ele><time>2025-02-28T23:27:23.000Z</time></trkpt><trkpt lat="35.67175037227571" lon="138.74400545842946"><ele>485.79998779296875</ele><time>2025-02-28T23:27:34.000Z</time></trkpt><trkpt lat="35.6716041918844" lon="138.7439466174692"><ele>486.5999755859375</ele><time>2025-02-28T23:27:45.000Z</time></trkpt><trkpt lat="35.67149237729609" lon="138.74387453310192"><ele>486.79998779296875</ele><time>2025-02-28T23:27:54.000Z</time></trkpt><trkpt lat="35.67130143754184" lon="138.743843017146"><ele>487.0</ele><time>2025-02-28T23:28:07.000Z</time></trkpt><trkpt lat="35.671169674023986" lon="138.74379197135568"><ele>489.20001220703125</ele><time>2025-02-28T23:28:17.000Z</time></trkpt><trkpt lat="35.671149138361216" lon="138.74376992695034"><ele>489.79998779296875</ele><time>2025-02-28T23:28:19.000Z</time></trkpt><trkpt lat="35.670985942706466" lon="138.74364092946053"><ele>488.79998779296875</ele><time>2025-02-28T23:28:33.000Z</time></trkpt><trkpt lat="35.6708303745836" lon="138.7436426896602"><ele>488.0</ele><time>2025-02-28T23:28:44.000Z</time></trkpt><trkpt lat="35.67079466767609" lon="138.74369666911662"><ele>486.79998779296875</ele><time>2025-02-28T23:28:48.000Z</time></trkpt><trkpt lat="35.67073054611683" lon="138.74386967159808"><ele>489.20001220703125</ele><time>2025-02-28T23:28:59.000Z</time></trkpt><trkpt lat="35.67064102739096" lon="138.74405927024782"><ele>489.20001220703125</ele><time>2025-02-28T23:29:12.000Z</time></trkpt><trkpt lat="35.670547652989626" lon="138.74427602626383"><ele>489.79998779296875</ele><time>2025-02-28T23:29:26.000Z</time></trkpt><trkpt lat="35.67047196440399" lon="138.7444609310478"><ele>490.5999755859375</ele><time>2025-02-28T23:29:38.000Z</time></trkpt><trkpt lat="35.67042217589915" lon="138.74461758881807"><ele>491.79998779296875</ele><time>2025-02-28T23:29:48.000Z</time></trkpt><trkpt lat="35.67034615203738" lon="138.7448267173022"><ele>493.79998779296875</ele><time>2025-02-28T23:30:01.000Z</time></trkpt><trkpt lat="35.67033223807812" lon="138.74496594071388"><ele>495.4000244140625</ele><time>2025-02-28T23:30:09.000Z</time></trkpt><trkpt lat="35.67030985839665" lon="138.74504087492824"><ele>496.20001220703125</ele><time>2025-02-28T23:30:14.000Z</time></trkpt><trkpt lat="35.670181280002" lon="138.74505151994526"><ele>497.79998779296875</ele><time>2025-02-28T23:30:23.000Z</time></trkpt><trkpt lat="35.67003132775426" lon="138.74502453021705"><ele>499.20001220703125</ele><time>2025-02-28T23:30:33.000Z</time></trkpt><trkpt lat="35.66999017260969" lon="138.744894862175"><ele>500.0</ele><time>2025-02-28T23:30:41.000Z</time></trkpt><trkpt lat="35.66998397000134" lon="138.7448586523533"><ele>499.4000244140625</ele><time>2025-02-28T23:30:47.000Z</time></trkpt><trkpt lat="35.669996961951256" lon="138.7449395377189"><ele>500.20001220703125</ele><time>2025-02-28T23:30:55.000Z</time></trkpt><trkpt lat="35.670003332197666" lon="138.7449773401022"><ele>502.4000244140625</ele><time>2025-02-28T23:30:59.000Z</time></trkpt><trkpt lat="35.6700031645596" lon="138.7449736520648"><ele>502.5999755859375</ele><time>2025-02-28T23:31:03.000Z</time></trkpt><trkpt lat="35.66997843794525" lon="138.74479377642274"><ele>502.0</ele><time>2025-02-28T23:31:14.000Z</time></trkpt><trkpt lat="35.66995999775827" lon="138.74468967318535"><ele>502.5999755859375</ele><time>2025-02-28T23:31:22.000Z</time></trkpt><trkpt lat="35.669956644997" lon="138.74469914473593"><ele>502.4000244140625</ele><time>2025-02-28T23:31:23.000Z</time></trkpt><trkpt lat="35.66995748318732" lon="138.74476443976164"><ele>503.20001220703125</ele><time>2025-02-28T23:31:27.000Z</time></trkpt><trkpt lat="35.66996083594859" lon="138.74479729682207"><ele>503.5999755859375</ele><time>2025-02-28T23:31:29.000Z</time></trkpt><trkpt lat="35.669940719380975" lon="138.74482286162674"><ele>500.79998779296875</ele><time>2025-02-28T23:31:33.000Z</time></trkpt><trkpt lat="35.669933846220374" lon="138.74474457465112"><ele>504.0</ele><time>2025-02-28T23:31:39.000Z</time></trkpt><trkpt lat="35.66992085427046" lon="138.74472755938768"><ele>504.20001220703125</ele><time>2025-02-28T23:31:41.000Z</time></trkpt><trkpt lat="35.66988715901971" lon="138.74471129849553"><ele>502.5999755859375</ele><time>2025-02-28T23:31:44.000Z</time></trkpt><trkpt lat="35.66985195502639" lon="138.74469478614628"><ele>503.79998779296875</ele><time>2025-02-28T23:31:48.000Z</time></trkpt><trkpt lat="35.66982219927013" lon="138.74469545669854"><ele>505.20001220703125</ele><time>2025-02-28T23:31:50.000Z</time></trkpt><trkpt lat="35.66976419650018" lon="138.74468548223376"><ele>506.79998779296875</ele><time>2025-02-28T23:31:54.000Z</time></trkpt><trkpt lat="35.669671073555946" lon="138.74467307701707"><ele>509.5999755859375</ele><time>2025-02-28T23:32:04.000Z</time></trkpt><trkpt lat="35.66963117569685" lon="138.74466301873326"><ele>510.20001220703125</ele><time>2025-02-28T23:32:08.000Z</time></trkpt><trkpt lat="35.669526318088174" lon="138.74460543505847"><ele>512.4000244140625</ele><time>2025-02-28T23:32:17.000Z</time></trkpt><trkpt lat="35.66948985680938" lon="138.7445780262351"><ele>512.7999877929688</ele><time>2025-02-28T23:32:20.000Z</time></trkpt><trkpt lat="35.66936446353793" lon="138.74446696601808"><ele>514.2000122070312</ele><time>2025-02-28T23:32:31.000Z</time></trkpt><trkpt lat="35.66922808997333" lon="138.74435925856233"><ele>513.4000244140625</ele><time>2025-02-28T23:32:42.000Z</time></trkpt><trkpt lat="35.66909238696098" lon="138.74425725080073"><ele>512.5999755859375</ele><time>2025-02-28T23:32:53.000Z</time></trkpt><trkpt lat="35.66894704475999" lon="138.74416831880808"><ele>512.0</ele><time>2025-02-28T23:33:04.000Z</time></trkpt><trkpt lat="35.66885333508253" lon="138.7440996710211"><ele>510.5999755859375</ele><time>2025-02-28T23:33:12.000Z</time></trkpt><trkpt lat="35.66870262846351" lon="138.74398643150926"><ele>511.0</ele><time>2025-02-28T23:33:23.000Z</time></trkpt><trkpt lat="35.66857807338238" lon="138.74392608180642"><ele>509.20001220703125</ele><time>2025-02-28T23:33:32.000Z</time></trkpt><trkpt lat="35.668471455574036" lon="138.7438876926899"><ele>508.0</ele><time>2025-02-28T23:33:39.000Z</time></trkpt><trkpt lat="35.668358970433474" lon="138.7437989283353"><ele>506.5999755859375</ele><time>2025-02-28T23:33:47.000Z</time></trkpt><trkpt lat="35.668231565505266" lon="138.74369834549725"><ele>504.79998779296875</ele><time>2025-02-28T23:33:57.000Z</time></trkpt><trkpt lat="35.668041883036494" lon="138.74354789033532"><ele>502.20001220703125</ele><time>2025-02-28T23:34:11.000Z</time></trkpt><trkpt lat="35.667892852798104" lon="138.7434402666986"><ele>500.20001220703125</ele><time>2025-02-28T23:34:22.000Z</time></trkpt><trkpt lat="35.66770602017641" lon="138.743288051337"><ele>497.79998779296875</ele><time>2025-02-28T23:34:36.000Z</time></trkpt><trkpt lat="35.66756973043084" lon="138.7431622389704"><ele>495.79998779296875</ele><time>2025-02-28T23:34:47.000Z</time></trkpt><trkpt lat="35.66742262803018" lon="138.74306039884686"><ele>493.5999755859375</ele><time>2025-02-28T23:35:00.000Z</time></trkpt><trkpt lat="35.6673679780215" lon="138.74301589094102"><ele>490.79998779296875</ele><time>2025-02-28T23:35:11.000Z</time></trkpt><trkpt lat="35.6673679780215" lon="138.74301597476006"><ele>489.79998779296875</ele><time>2025-02-28T23:35:13.000Z</time></trkpt><trkpt lat="35.667371498420835" lon="138.74301496893167"><ele>492.0</ele><time>2025-02-28T23:35:29.000Z</time></trkpt><trkpt lat="35.667374935001135" lon="138.74301228672266"><ele>491.4000244140625</ele><time>2025-02-28T23:35:51.000Z</time></trkpt><trkpt lat="35.6673682294786" lon="138.74300214461982"><ele>490.20001220703125</ele><time>2025-02-28T23:36:00.000Z</time></trkpt><trkpt lat="35.66732053644955" lon="138.74296249821782"><ele>491.79998779296875</ele><time>2025-02-28T23:36:04.000Z</time></trkpt><trkpt lat="35.66716304048896" lon="138.74285562895238"><ele>490.5999755859375</ele><time>2025-02-28T23:36:17.000Z</time></trkpt><trkpt lat="35.66700487397611" lon="138.74274909496307"><ele>488.79998779296875</ele><time>2025-02-28T23:36:29.000Z</time></trkpt><trkpt lat="35.66691602580249" lon="138.7426809500903"><ele>487.5999755859375</ele><time>2025-02-28T23:36:36.000Z</time></trkpt><trkpt lat="35.666852071881294" lon="138.7426609173417"><ele>487.0</ele><time>2025-02-28T23:36:41.000Z</time></trkpt><trkpt lat="35.66669465973973" lon="138.74255522154272"><ele>486.20001220703125</ele><time>2025-02-28T23:36:53.000Z</time></trkpt><trkpt lat="35.66657488234341" lon="138.74244927428663"><ele>485.20001220703125</ele><time>2025-02-28T23:37:04.000Z</time></trkpt><trkpt lat="35.6665650755167" lon="138.74243142083287"><ele>485.0</ele><time>2025-02-28T23:37:06.000Z</time></trkpt><trkpt lat="35.66653372719884" lon="138.74237484298646"><ele>484.5999755859375</ele><time>2025-02-28T23:37:10.000Z</time></trkpt><trkpt lat="35.66639509052038" lon="138.74225607141852"><ele>482.79998779296875</ele><time>2025-02-28T23:37:21.000Z</time></trkpt><trkpt lat="35.66627137362957" lon="138.74212682247162"><ele>482.79998779296875</ele><time>2025-02-28T23:37:33.000Z</time></trkpt><trkpt lat="35.66622979938984" lon="138.7420799676329"><ele>481.4000244140625</ele><time>2025-02-28T23:37:37.000Z</time></trkpt><trkpt lat="35.66607926040888" lon="138.74190193600953"><ele>479.5999755859375</ele><time>2025-02-28T23:37:51.000Z</time></trkpt><trkpt lat="35.665954453870654" lon="138.74173253774643"><ele>477.4000244140625</ele><time>2025-02-28T23:38:03.000Z</time></trkpt><trkpt lat="35.665837274864316" lon="138.7415469624102"><ele>475.0</ele><time>2025-02-28T23:38:15.000Z</time></trkpt><trkpt lat="35.66576812416315" lon="138.7414140254259"><ele>472.20001220703125</ele><time>2025-02-28T23:38:24.000Z</time></trkpt><trkpt lat="35.66570148803294" lon="138.74129039235413"><ele>472.0</ele><time>2025-02-28T23:38:33.000Z</time></trkpt><trkpt lat="35.66562948748469" lon="138.74117145314813"><ele>471.0</ele><time>2025-02-28T23:38:41.000Z</time></trkpt><trkpt lat="35.66553074866533" lon="138.74098721891642"><ele>468.79998779296875</ele><time>2025-02-28T23:38:52.000Z</time></trkpt><trkpt lat="35.66544315777719" lon="138.74082293361425"><ele>467.20001220703125</ele><time>2025-02-28T23:39:03.000Z</time></trkpt><trkpt lat="35.66533813253045" lon="138.74062369577587"><ele>465.79998779296875</ele><time>2025-02-28T23:39:16.000Z</time></trkpt><trkpt lat="35.66525255329907" lon="138.74046779237688"><ele>465.0</ele><time>2025-02-28T23:39:27.000Z</time></trkpt><trkpt lat="35.6652423273772" lon="138.74044105410576"><ele>464.20001220703125</ele><time>2025-02-28T23:39:36.000Z</time></trkpt><trkpt lat="35.665218019858" lon="138.7404014915228"><ele>464.20001220703125</ele><time>2025-02-28T23:39:41.000Z</time></trkpt><trkpt lat="35.66520226188004" lon="138.74036486260593"><ele>463.79998779296875</ele><time>2025-02-28T23:39:51.000Z</time></trkpt><trkpt lat="35.665177535265684" lon="138.7403140682727"><ele>463.5999755859375</ele><time>2025-02-28T23:40:02.000Z</time></trkpt><trkpt lat="35.66511483862996" lon="138.74018993228674"><ele>463.20001220703125</ele><time>2025-02-28T23:40:11.000Z</time></trkpt><trkpt lat="35.66508256830275" lon="138.74013243243098"><ele>463.20001220703125</ele><time>2025-02-28T23:40:15.000Z</time></trkpt><trkpt lat="35.66493856720626" lon="138.73993763700128"><ele>461.5999755859375</ele><time>2025-02-28T23:40:30.000Z</time></trkpt><trkpt lat="35.66481669433415" lon="138.73978039249778"><ele>462.4000244140625</ele><time>2025-02-28T23:40:42.000Z</time></trkpt><trkpt lat="35.66468434408307" lon="138.7395991757512"><ele>460.79998779296875</ele><time>2025-02-28T23:40:55.000Z</time></trkpt><trkpt lat="35.66455132327974" lon="138.7394458707422"><ele>460.0</ele><time>2025-02-28T23:41:07.000Z</time></trkpt><trkpt lat="35.66446817480028" lon="138.73936414718628"><ele>459.20001220703125</ele><time>2025-02-28T23:41:16.000Z</time></trkpt><trkpt lat="35.66446105018258" lon="138.73935517854989"><ele>458.4000244140625</ele><time>2025-02-28T23:41:19.000Z</time></trkpt><trkpt lat="35.66441369242966" lon="138.73929742723703"><ele>458.0</ele><time>2025-02-28T23:41:24.000Z</time></trkpt><trkpt lat="35.66427329555154" lon="138.73914705589414"><ele>458.5999755859375</ele><time>2025-02-28T23:41:36.000Z</time></trkpt><trkpt lat="35.6641249358654" lon="138.73900271952152"><ele>457.79998779296875</ele><time>2025-02-28T23:41:48.000Z</time></trkpt><trkpt lat="35.663999961689115" lon="138.73889844864607"><ele>457.20001220703125</ele><time>2025-02-28T23:41:58.000Z</time></trkpt><trkpt lat="35.663850428536534" lon="138.73877808451653"><ele>456.5999755859375</ele><time>2025-02-28T23:42:10.000Z</time></trkpt><trkpt lat="35.66370751708746" lon="138.73866601847112"><ele>456.4000244140625</ele><time>2025-02-28T23:42:21.000Z</time></trkpt><trkpt lat="35.66357742995024" lon="138.73856803402305"><ele>456.4000244140625</ele><time>2025-02-28T23:42:31.000Z</time></trkpt><trkpt lat="35.66341683268547" lon="138.73845621943474"><ele>456.5999755859375</ele><time>2025-02-28T23:42:43.000Z</time></trkpt><trkpt lat="35.66332438029349" lon="138.73839871957898"><ele>456.0</ele><time>2025-02-28T23:42:51.000Z</time></trkpt><trkpt lat="35.66319705918431" lon="138.7383271381259"><ele>456.20001220703125</ele><time>2025-02-28T23:43:01.000Z</time></trkpt><trkpt lat="35.663140481337905" lon="138.73829185031354"><ele>458.0</ele><time>2025-02-28T23:43:05.000Z</time></trkpt><trkpt lat="35.66299254074693" lon="138.73821423389018"><ele>458.20001220703125</ele><time>2025-02-28T23:43:15.000Z</time></trkpt><trkpt lat="35.66283822990954" lon="138.7381474301219"><ele>459.0</ele><time>2025-02-28T23:43:26.000Z</time></trkpt><trkpt lat="35.66269816830754" lon="138.73807559721172"><ele>460.0</ele><time>2025-02-28T23:43:36.000Z</time></trkpt><trkpt lat="35.66253924742341" lon="138.73798943124712"><ele>461.5999755859375</ele><time>2025-02-28T23:43:47.000Z</time></trkpt><trkpt lat="35.66240295767784" lon="138.73791893944144"><ele>462.5999755859375</ele><time>2025-02-28T23:43:57.000Z</time></trkpt><trkpt lat="35.66222802735865" lon="138.7378302589059"><ele>464.0</ele><time>2025-02-28T23:44:09.000Z</time></trkpt><trkpt lat="35.66206382587552" lon="138.7377504631877"><ele>465.5999755859375</ele><time>2025-02-28T23:44:21.000Z</time></trkpt><trkpt lat="35.66188495606184" lon="138.73765415512025"><ele>466.0</ele><time>2025-02-28T23:44:34.000Z</time></trkpt><trkpt lat="35.661721928045154" lon="138.7375712580979"><ele>465.4000244140625</ele><time>2025-02-28T23:44:46.000Z</time></trkpt><trkpt lat="35.66162318922579" lon="138.73750504106283"><ele>463.5999755859375</ele><time>2025-02-28T23:44:54.000Z</time></trkpt><trkpt lat="35.66151506267488" lon="138.73745013959706"><ele>464.79998779296875</ele><time>2025-02-28T23:45:02.000Z</time></trkpt><trkpt lat="35.661432668566704" lon="138.73742239549756"><ele>462.79998779296875</ele><time>2025-02-28T23:45:08.000Z</time></trkpt><trkpt lat="35.66141867078841" lon="138.73741552233696"><ele>462.79998779296875</ele><time>2025-02-28T23:45:09.000Z</time></trkpt><trkpt lat="35.66126528196037" lon="138.73734813183546"><ele>462.5999755859375</ele><time>2025-02-28T23:45:20.000Z</time></trkpt><trkpt lat="35.6610666308552" lon="138.73727328144014"><ele>460.79998779296875</ele><time>2025-02-28T23:45:34.000Z</time></trkpt><trkpt lat="35.660926569253206" lon="138.73722793534398"><ele>459.5999755859375</ele><time>2025-02-28T23:45:45.000Z</time></trkpt><trkpt lat="35.66073948517442" lon="138.73716909438372"><ele>458.20001220703125</ele><time>2025-02-28T23:45:59.000Z</time></trkpt><trkpt lat="35.66062934696674" lon="138.73714269138873"><ele>456.79998779296875</ele><time>2025-02-28T23:46:08.000Z</time></trkpt><trkpt lat="35.66052256152034" lon="138.73710128478706"><ele>456.0</ele><time>2025-02-28T23:46:18.000Z</time></trkpt><trkpt lat="35.660524321720004" lon="138.73710153624415"><ele>456.4000244140625</ele><time>2025-02-28T23:46:35.000Z</time></trkpt><trkpt lat="35.66052993759513" lon="138.73710237443447"><ele>456.4000244140625</ele><time>2025-02-28T23:47:03.000Z</time></trkpt><trkpt lat="35.66052893176675" lon="138.7371019553393"><ele>456.4000244140625</ele><time>2025-02-28T23:47:28.000Z</time></trkpt><trkpt lat="35.660531194880605" lon="138.73710254207253"><ele>456.5999755859375</ele><time>2025-02-28T23:47:51.000Z</time></trkpt><trkpt lat="35.66051191650331" lon="138.73710866086185"><ele>456.5999755859375</ele><time>2025-02-28T23:47:58.000Z</time></trkpt><trkpt lat="35.66038828343153" lon="138.73712735250592"><ele>457.20001220703125</ele><time>2025-02-28T23:48:09.000Z</time></trkpt><trkpt lat="35.66030899062753" lon="138.73717362061143"><ele>456.5999755859375</ele><time>2025-02-28T23:48:17.000Z</time></trkpt><trkpt lat="35.66029968671501" lon="138.73717714101076"><ele>457.5999755859375</ele><time>2025-02-28T23:48:18.000Z</time></trkpt><trkpt lat="35.66026909276843" lon="138.73718669638038"><ele>459.20001220703125</ele><time>2025-02-28T23:48:21.000Z</time></trkpt><trkpt lat="35.660185776650906" lon="138.73720773495734"><ele>458.4000244140625</ele><time>2025-02-28T23:48:29.000Z</time></trkpt><trkpt lat="35.66008879803121" lon="138.73724075965583"><ele>462.0</ele><time>2025-02-28T23:48:37.000Z</time></trkpt><trkpt lat="35.659980084747076" lon="138.73727747239172"><ele>463.4000244140625</ele><time>2025-02-28T23:48:46.000Z</time></trkpt><trkpt lat="35.65991294570267" lon="138.73730999417603"><ele>463.79998779296875</ele><time>2025-02-28T23:48:54.000Z</time></trkpt><trkpt lat="35.659874472767115" lon="138.73734553344548"><ele>464.4000244140625</ele><time>2025-02-28T23:49:05.000Z</time></trkpt><trkpt lat="35.65977078862488" lon="138.73742105439305"><ele>465.5999755859375</ele><time>2025-02-28T23:49:14.000Z</time></trkpt><trkpt lat="35.65961689688265" lon="138.7374856788665"><ele>466.20001220703125</ele><time>2025-02-28T23:49:26.000Z</time></trkpt><trkpt lat="35.65956216305494" lon="138.73749976046383"><ele>471.0</ele><time>2025-02-28T23:49:30.000Z</time></trkpt><trkpt lat="35.659534335136414" lon="138.7375104892999"><ele>472.0</ele><time>2025-02-28T23:49:32.000Z</time></trkpt><trkpt lat="35.65937298350036" lon="138.73756882734597"><ele>469.0</ele><time>2025-02-28T23:49:43.000Z</time></trkpt><trkpt lat="35.659227976575494" lon="138.7376489583403"><ele>468.79998779296875</ele><time>2025-02-28T23:49:54.000Z</time></trkpt><trkpt lat="35.65910987555981" lon="138.73775356449187"><ele>469.79998779296875</ele><time>2025-02-28T23:50:04.000Z</time></trkpt><trkpt lat="35.65896537154913" lon="138.73784568160772"><ele>470.79998779296875</ele><time>2025-02-28T23:50:15.000Z</time></trkpt><trkpt lat="35.65885548479855" lon="138.73795087449253"><ele>471.0</ele><time>2025-02-28T23:50:25.000Z</time></trkpt><trkpt lat="35.65875146538019" lon="138.73805933631957"><ele>471.0</ele><time>2025-02-28T23:50:35.000Z</time></trkpt><trkpt lat="35.65865213982761" lon="138.73818883672357"><ele>470.4000244140625</ele><time>2025-02-28T23:50:45.000Z</time></trkpt><trkpt lat="35.65855692140758" lon="138.73831909149885"><ele>470.4000244140625</ele><time>2025-02-28T23:50:55.000Z</time></trkpt><trkpt lat="35.65845239907503" lon="138.73843953944743"><ele>469.79998779296875</ele><time>2025-02-28T23:51:06.000Z</time></trkpt><trkpt lat="35.658349972218275" lon="138.73853509314358"><ele>468.79998779296875</ele><time>2025-02-28T23:51:16.000Z</time></trkpt><trkpt lat="35.65826372243464" lon="138.73868982307613"><ele>467.4000244140625</ele><time>2025-02-28T23:51:27.000Z</time></trkpt><trkpt lat="35.65824452787638" lon="138.73872293159366"><ele>466.5999755859375</ele><time>2025-02-28T23:51:31.000Z</time></trkpt><trkpt lat="35.65822944045067" lon="138.73874388635159"><ele>466.4000244140625</ele><time>2025-02-28T23:51:33.000Z</time></trkpt><trkpt lat="35.658187698572874" lon="138.7387867178768"><ele>466.0</ele><time>2025-02-28T23:51:37.000Z</time></trkpt><trkpt lat="35.65805031917989" lon="138.73885896988213"><ele>465.20001220703125</ele><time>2025-02-28T23:51:47.000Z</time></trkpt><trkpt lat="35.65792014822364" lon="138.73900095932186"><ele>464.4000244140625</ele><time>2025-02-28T23:51:59.000Z</time></trkpt><trkpt lat="35.65788737498224" lon="138.73905829153955"><ele>464.20001220703125</ele><time>2025-02-28T23:52:03.000Z</time></trkpt><trkpt lat="35.657785534858704" lon="138.73916273005307"><ele>463.0</ele><time>2025-02-28T23:52:12.000Z</time></trkpt><trkpt lat="35.65766039304435" lon="138.73924478888512"><ele>463.0</ele><time>2025-02-28T23:52:22.000Z</time></trkpt><trkpt lat="35.6575283780694" lon="138.73930505476892"><ele>463.5999755859375</ele><time>2025-02-28T23:52:33.000Z</time></trkpt><trkpt lat="35.657408433035016" lon="138.7394355610013"><ele>462.79998779296875</ele><time>2025-02-28T23:52:44.000Z</time></trkpt><trkpt lat="35.65734699368477" lon="138.73955517075956"><ele>462.5999755859375</ele><time>2025-02-28T23:52:52.000Z</time></trkpt><trkpt lat="35.65725311636925" lon="138.7397672329098"><ele>462.20001220703125</ele><time>2025-02-28T23:53:06.000Z</time></trkpt><trkpt lat="35.65725613385439" lon="138.7399189453572"><ele>461.4000244140625</ele><time>2025-02-28T23:53:15.000Z</time></trkpt><trkpt lat="35.65724045969546" lon="138.7400761898607"><ele>462.0</ele><time>2025-02-28T23:53:24.000Z</time></trkpt><trkpt lat="35.65721866674721" lon="138.740259334445"><ele>461.4000244140625</ele><time>2025-02-28T23:53:34.000Z</time></trkpt><trkpt lat="35.65721849910915" lon="138.74049285426736"><ele>460.0</ele><time>2025-02-28T23:53:46.000Z</time></trkpt><trkpt lat="35.657176841050386" lon="138.7407101970166"><ele>458.5999755859375</ele><time>2025-02-28T23:53:58.000Z</time></trkpt><trkpt lat="35.6571192573756" lon="138.74090163968503"><ele>456.79998779296875</ele><time>2025-02-28T23:54:09.000Z</time></trkpt><trkpt lat="35.65707349218428" lon="138.74104731716216"><ele>454.79998779296875</ele><time>2025-02-28T23:54:18.000Z</time></trkpt><trkpt lat="35.65702051855624" lon="138.7411766499281"><ele>453.4000244140625</ele><time>2025-02-28T23:54:26.000Z</time></trkpt><trkpt lat="35.6570016592741" lon="138.74122727662325"><ele>452.4000244140625</ele><time>2025-02-28T23:54:29.000Z</time></trkpt><trkpt lat="35.656964275985956" lon="138.74128444120288"><ele>451.4000244140625</ele><time>2025-02-28T23:54:33.000Z</time></trkpt><trkpt lat="35.65685648471117" lon="138.74144847504795"><ele>448.79998779296875</ele><time>2025-02-28T23:54:44.000Z</time></trkpt><trkpt lat="35.65683972090483" lon="138.74147965572774"><ele>447.79998779296875</ele><time>2025-02-28T23:54:46.000Z</time></trkpt><trkpt lat="35.656716926023364" lon="138.74166833236814"><ele>447.4000244140625</ele><time>2025-02-28T23:54:59.000Z</time></trkpt><trkpt lat="35.65664492547512" lon="138.74176992103457"><ele>446.79998779296875</ele><time>2025-02-28T23:55:06.000Z</time></trkpt><trkpt lat="35.65655834041536" lon="138.74191459268332"><ele>447.0</ele><time>2025-02-28T23:55:16.000Z</time></trkpt><trkpt lat="35.656446777284145" lon="138.7420702446252"><ele>448.20001220703125</ele><time>2025-02-28T23:55:27.000Z</time></trkpt><trkpt lat="35.6563335377723" lon="138.74221173115075"><ele>449.20001220703125</ele><time>2025-02-28T23:55:38.000Z</time></trkpt><trkpt lat="35.65623706206679" lon="138.7423352804035"><ele>450.0</ele><time>2025-02-28T23:55:47.000Z</time></trkpt><trkpt lat="35.656124744564295" lon="138.74248799867928"><ele>451.20001220703125</ele><time>2025-02-28T23:55:58.000Z</time></trkpt><trkpt lat="35.65603396855295" lon="138.7426075246185"><ele>452.20001220703125</ele><time>2025-02-28T23:56:08.000Z</time></trkpt><trkpt lat="35.656026089563966" lon="138.74262303113937"><ele>452.4000244140625</ele><time>2025-02-28T23:56:13.000Z</time></trkpt><trkpt lat="35.65600924193859" lon="138.7426455784589"><ele>452.5999755859375</ele><time>2025-02-28T23:56:15.000Z</time></trkpt><trkpt lat="35.65587001852691" lon="138.74284154735506"><ele>452.5999755859375</ele><time>2025-02-28T23:56:29.000Z</time></trkpt><trkpt lat="35.65583489835262" lon="138.7428828701377"><ele>454.20001220703125</ele><time>2025-02-28T23:56:32.000Z</time></trkpt><trkpt lat="35.65573347732425" lon="138.74304162338376"><ele>456.20001220703125</ele><time>2025-02-28T23:56:43.000Z</time></trkpt><trkpt lat="35.655665919184685" lon="138.7431489955634"><ele>456.20001220703125</ele><time>2025-02-28T23:56:50.000Z</time></trkpt><trkpt lat="35.655636079609394" lon="138.74325863085687"><ele>456.4000244140625</ele><time>2025-02-28T23:56:56.000Z</time></trkpt><trkpt lat="35.65557916648686" lon="138.7433506641537"><ele>457.20001220703125</ele><time>2025-02-28T23:57:03.000Z</time></trkpt><trkpt lat="35.655559385195374" lon="138.74347949400544"><ele>458.0</ele><time>2025-02-28T23:57:10.000Z</time></trkpt><trkpt lat="35.65551026724279" lon="138.74372877180576"><ele>459.79998779296875</ele><time>2025-02-28T23:57:25.000Z</time></trkpt><trkpt lat="35.65548696555197" lon="138.74391183257103"><ele>461.0</ele><time>2025-02-28T23:57:35.000Z</time></trkpt><trkpt lat="35.655478835105896" lon="138.74400889500976"><ele>461.79998779296875</ele><time>2025-02-28T23:57:43.000Z</time></trkpt><trkpt lat="35.655493419617414" lon="138.7439828272909"><ele>462.79998779296875</ele><time>2025-02-28T23:57:51.000Z</time></trkpt><trkpt lat="35.6555026397109" lon="138.7439664825797"><ele>463.0</ele><time>2025-02-28T23:57:58.000Z</time></trkpt><trkpt lat="35.65554857254028" lon="138.74392222613096"><ele>463.5999755859375</ele><time>2025-02-28T23:58:03.000Z</time></trkpt><trkpt lat="35.655558379366994" lon="138.74397343955934"><ele>464.79998779296875</ele><time>2025-02-28T23:58:09.000Z</time></trkpt><trkpt lat="35.6555182300508" lon="138.74411987140775"><ele>466.5999755859375</ele><time>2025-02-28T23:58:20.000Z</time></trkpt><trkpt lat="35.655513955280185" lon="138.74414359219372"><ele>468.5999755859375</ele><time>2025-02-28T23:58:29.000Z</time></trkpt><trkpt lat="35.655555529519916" lon="138.74414208345115"><ele>470.5999755859375</ele><time>2025-02-28T23:58:38.000Z</time></trkpt><trkpt lat="35.65556977875531" lon="138.74412565492094"><ele>471.20001220703125</ele><time>2025-02-28T23:58:40.000Z</time></trkpt><trkpt lat="35.65558453090489" lon="138.744112579152"><ele>471.4000244140625</ele><time>2025-02-28T23:58:42.000Z</time></trkpt><trkpt lat="35.655618058517575" lon="138.7441239785403"><ele>472.20001220703125</ele><time>2025-02-28T23:58:50.000Z</time></trkpt><trkpt lat="35.65559928305447" lon="138.74424534849823"><ele>475.4000244140625</ele><time>2025-02-28T23:59:04.000Z</time></trkpt><trkpt lat="35.655622417107224" lon="138.74426923692226"><ele>477.79998779296875</ele><time>2025-02-28T23:59:14.000Z</time></trkpt><trkpt lat="35.655650831758976" lon="138.74427602626383"><ele>480.5999755859375</ele><time>2025-02-28T23:59:25.000Z</time></trkpt><trkpt lat="35.655707493424416" lon="138.7443050276488"><ele>483.79998779296875</ele><time>2025-02-28T23:59:37.000Z</time></trkpt><trkpt lat="35.655735321342945" lon="138.74431282281876"><ele>486.20001220703125</ele><time>2025-02-28T23:59:48.000Z</time></trkpt><trkpt lat="35.655808076262474" lon="138.74431114643812"><ele>489.0</ele><time>2025-03-01T00:00:01.000Z</time></trkpt><trkpt lat="35.6558845192194" lon="138.74428088776767"><ele>490.79998779296875</ele><time>2025-03-01T00:00:11.000Z</time></trkpt><trkpt lat="35.65589633770287" lon="138.74426295049489"><ele>491.79998779296875</ele><time>2025-03-01T00:00:18.000Z</time></trkpt><trkpt lat="35.655896589159966" lon="138.7442598491907"><ele>492.0</ele><time>2025-03-01T00:00:33.000Z</time></trkpt><trkpt lat="35.65589591860771" lon="138.7442651297897"><ele>491.79998779296875</ele><time>2025-03-01T00:00:57.000Z</time></trkpt><trkpt lat="35.6558929849416" lon="138.74426068738103"><ele>491.79998779296875</ele><time>2025-03-01T00:01:24.000Z</time></trkpt><trkpt lat="35.65589189529419" lon="138.74424861744046"><ele>491.5999755859375</ele><time>2025-03-01T00:01:54.000Z</time></trkpt><trkpt lat="35.65588686615229" lon="138.74425658024848"><ele>491.5999755859375</ele><time>2025-03-01T00:02:17.000Z</time></trkpt><trkpt lat="35.65589617006481" lon="138.74425808899105"><ele>491.5999755859375</ele><time>2025-03-01T00:02:45.000Z</time></trkpt><trkpt lat="35.65588753670454" lon="138.74425062909722"><ele>490.5999755859375</ele><time>2025-03-01T00:02:53.000Z</time></trkpt><trkpt lat="35.65589038655162" lon="138.74424937181175"><ele>493.20001220703125</ele><time>2025-03-01T00:03:06.000Z</time></trkpt><trkpt lat="35.65587295219302" lon="138.7443047761917"><ele>492.79998779296875</ele><time>2025-03-01T00:03:15.000Z</time></trkpt><trkpt lat="35.65587244927883" lon="138.74430494382977"><ele>491.79998779296875</ele><time>2025-03-01T00:03:26.000Z</time></trkpt><trkpt lat="35.65587529912591" lon="138.74429455026984"><ele>491.79998779296875</ele><time>2025-03-01T00:03:27.000Z</time></trkpt><trkpt lat="35.655883429571986" lon="138.74427082948387"><ele>492.4000244140625</ele><time>2025-03-01T00:03:35.000Z</time></trkpt><trkpt lat="35.65585266798735" lon="138.74436914920807"><ele>495.0</ele><time>2025-03-01T00:03:44.000Z</time></trkpt><trkpt lat="35.65590865910053" lon="138.74439706094563"><ele>493.0</ele><time>2025-03-01T00:03:52.000Z</time></trkpt><trkpt lat="35.65595149062574" lon="138.74441457912326"><ele>493.5999755859375</ele><time>2025-03-01T00:04:03.000Z</time></trkpt><trkpt lat="35.655951322987676" lon="138.74441449530423"><ele>496.0</ele><time>2025-03-01T00:04:07.000Z</time></trkpt><trkpt lat="35.65597387030721" lon="138.74444148503244"><ele>494.79998779296875</ele><time>2025-03-01T00:04:17.000Z</time></trkpt><trkpt lat="35.65598535351455" lon="138.7444625236094"><ele>494.79998779296875</ele><time>2025-03-01T00:04:19.000Z</time></trkpt><trkpt lat="35.65606942400336" lon="138.74450996518135"><ele>496.0</ele><time>2025-03-01T00:04:28.000Z</time></trkpt><trkpt lat="35.65618216060102" lon="138.74452589079738"><ele>498.0</ele><time>2025-03-01T00:04:37.000Z</time></trkpt><trkpt lat="35.656289365142584" lon="138.74446344561875"><ele>499.79998779296875</ele><time>2025-03-01T00:04:47.000Z</time></trkpt><trkpt lat="35.656368071213365" lon="138.7444276548922"><ele>501.5999755859375</ele><time>2025-03-01T00:04:54.000Z</time></trkpt><trkpt lat="35.65645918250084" lon="138.74441348947585"><ele>503.20001220703125</ele><time>2025-03-01T00:05:03.000Z</time></trkpt><trkpt lat="35.65649162046611" lon="138.74441332183778"><ele>503.79998779296875</ele><time>2025-03-01T00:05:06.000Z</time></trkpt><trkpt lat="35.65658658742905" lon="138.74446026049554"><ele>505.20001220703125</ele><time>2025-03-01T00:05:16.000Z</time></trkpt><trkpt lat="35.656685242429376" lon="138.74451876617968"><ele>508.5999755859375</ele><time>2025-03-01T00:05:27.000Z</time></trkpt><trkpt lat="35.65673368982971" lon="138.74453427270055"><ele>509.79998779296875</ele><time>2025-03-01T00:05:32.000Z</time></trkpt><trkpt lat="35.65682228654623" lon="138.7445370387286"><ele>511.5999755859375</ele><time>2025-03-01T00:05:43.000Z</time></trkpt><trkpt lat="35.65683008171618" lon="138.74453217722476"><ele>512.5999755859375</ele><time>2025-03-01T00:05:57.000Z</time></trkpt><trkpt lat="35.65684609115124" lon="138.74450845643878"><ele>513.4000244140625</ele><time>2025-03-01T00:06:10.000Z</time></trkpt><trkpt lat="35.65685858018696" lon="138.74449957162142"><ele>512.7999877929688</ele><time>2025-03-01T00:06:23.000Z</time></trkpt><trkpt lat="35.656916834414005" lon="138.74450996518135"><ele>513.2000122070312</ele><time>2025-03-01T00:06:35.000Z</time></trkpt><trkpt lat="35.65696637146175" lon="138.74455866403878"><ele>514.0</ele><time>2025-03-01T00:06:43.000Z</time></trkpt><trkpt lat="35.65704465843737" lon="138.74459629878402"><ele>516.0</ele><time>2025-03-01T00:06:52.000Z</time></trkpt><trkpt lat="35.65712755545974" lon="138.74458179809153"><ele>518.4000244140625</ele><time>2025-03-01T00:07:03.000Z</time></trkpt><trkpt lat="35.65714046359062" lon="138.74457442201674"><ele>519.2000122070312</ele><time>2025-03-01T00:07:05.000Z</time></trkpt><trkpt lat="35.6572262942791" lon="138.74455246143043"><ele>521.5999755859375</ele><time>2025-03-01T00:07:17.000Z</time></trkpt><trkpt lat="35.6572902482003" lon="138.74453502707183"><ele>524.800048828125</ele><time>2025-03-01T00:07:30.000Z</time></trkpt><trkpt lat="35.65731924958527" lon="138.74455036595464"><ele>526.4000244140625</ele><time>2025-03-01T00:07:37.000Z</time></trkpt><trkpt lat="35.657386388629675" lon="138.74454064294696"><ele>528.800048828125</ele><time>2025-03-01T00:07:48.000Z</time></trkpt><trkpt lat="35.65744279883802" lon="138.74449806287885"><ele>531.0</ele><time>2025-03-01T00:07:57.000Z</time></trkpt><trkpt lat="35.65749468281865" lon="138.7445481866598"><ele>533.199951171875</ele><time>2025-03-01T00:08:07.000Z</time></trkpt><trkpt lat="35.65755126066506" lon="138.74459554441273"><ele>535.199951171875</ele><time>2025-03-01T00:08:17.000Z</time></trkpt><trkpt lat="35.65758411772549" lon="138.74459747225046"><ele>536.199951171875</ele><time>2025-03-01T00:08:24.000Z</time></trkpt><trkpt lat="35.657643964514136" lon="138.74458892270923"><ele>537.0</ele><time>2025-03-01T00:08:34.000Z</time></trkpt><trkpt lat="35.65766223706305" lon="138.7445711530745"><ele>538.5999755859375</ele><time>2025-03-01T00:08:44.000Z</time></trkpt><trkpt lat="35.657666847109795" lon="138.74457366764545"><ele>539.199951171875</ele><time>2025-03-01T00:09:01.000Z</time></trkpt><trkpt lat="35.65769903361797" lon="138.7446009926498"><ele>540.800048828125</ele><time>2025-03-01T00:09:13.000Z</time></trkpt><trkpt lat="35.6577717885375" lon="138.74461323022842"><ele>542.800048828125</ele><time>2025-03-01T00:09:25.000Z</time></trkpt><trkpt lat="35.65781285986304" lon="138.74462488107383"><ele>545.5999755859375</ele><time>2025-03-01T00:09:37.000Z</time></trkpt><trkpt lat="35.657841861248016" lon="138.7446586601436"><ele>547.5999755859375</ele><time>2025-03-01T00:09:47.000Z</time></trkpt><trkpt lat="35.657901456579566" lon="138.74467676505446"><ele>550.5999755859375</ele><time>2025-03-01T00:10:00.000Z</time></trkpt><trkpt lat="35.657939091324806" lon="138.7446876615286"><ele>553.0</ele><time>2025-03-01T00:10:12.000Z</time></trkpt><trkpt lat="35.657960548996925" lon="138.744712555781"><ele>555.0</ele><time>2025-03-01T00:10:21.000Z</time></trkpt><trkpt lat="35.65797848626971" lon="138.7447616737336"><ele>557.199951171875</ele><time>2025-03-01T00:10:32.000Z</time></trkpt><trkpt lat="35.658010421320796" lon="138.7447962909937"><ele>559.199951171875</ele><time>2025-03-01T00:10:42.000Z</time></trkpt><trkpt lat="35.65805031917989" lon="138.7448118813336"><ele>561.4000244140625</ele><time>2025-03-01T00:10:53.000Z</time></trkpt><trkpt lat="35.65807219594717" lon="138.74485136009753"><ele>563.199951171875</ele><time>2025-03-01T00:11:02.000Z</time></trkpt><trkpt lat="35.65809859894216" lon="138.7448803614825"><ele>565.4000244140625</ele><time>2025-03-01T00:11:12.000Z</time></trkpt><trkpt lat="35.65811326727271" lon="138.74488522298634"><ele>567.0</ele><time>2025-03-01T00:11:27.000Z</time></trkpt><trkpt lat="35.65815517678857" lon="138.74490274116397"><ele>568.199951171875</ele><time>2025-03-01T00:11:37.000Z</time></trkpt><trkpt lat="35.658205384388566" lon="138.74493098817766"><ele>570.199951171875</ele><time>2025-03-01T00:11:48.000Z</time></trkpt><trkpt lat="35.6582279317081" lon="138.74498647637665"><ele>572.4000244140625</ele><time>2025-03-01T00:11:59.000Z</time></trkpt><trkpt lat="35.65824469551444" lon="138.74500843696296"><ele>574.4000244140625</ele><time>2025-03-01T00:12:10.000Z</time></trkpt><trkpt lat="35.658296747133136" lon="138.74502696096897"><ele>575.800048828125</ele><time>2025-03-01T00:12:20.000Z</time></trkpt><trkpt lat="35.658317198976874" lon="138.7450460717082"><ele>577.4000244140625</ele><time>2025-03-01T00:12:28.000Z</time></trkpt><trkpt lat="35.65833304077387" lon="138.74507649801672"><ele>579.5999755859375</ele><time>2025-03-01T00:12:39.000Z</time></trkpt><trkpt lat="35.658394396305084" lon="138.74508722685277"><ele>581.5999755859375</ele><time>2025-03-01T00:12:50.000Z</time></trkpt><trkpt lat="35.658432031050324" lon="138.74512159265578"><ele>584.0</ele><time>2025-03-01T00:13:01.000Z</time></trkpt><trkpt lat="35.65845466218889" lon="138.74512804672122"><ele>585.800048828125</ele><time>2025-03-01T00:13:10.000Z</time></trkpt><trkpt lat="35.65849062055349" lon="138.7451499234885"><ele>587.5999755859375</ele><time>2025-03-01T00:13:24.000Z</time></trkpt><trkpt lat="35.65852222032845" lon="138.74515964649618"><ele>589.4000244140625</ele><time>2025-03-01T00:13:33.000Z</time></trkpt><trkpt lat="35.658549377694726" lon="138.74520893208683"><ele>591.800048828125</ele><time>2025-03-01T00:13:45.000Z</time></trkpt><trkpt lat="35.65857921727002" lon="138.74522376805544"><ele>593.4000244140625</ele><time>2025-03-01T00:13:54.000Z</time></trkpt><trkpt lat="35.65861266106367" lon="138.74527674168348"><ele>596.4000244140625</ele><time>2025-03-01T00:14:07.000Z</time></trkpt><trkpt lat="35.65863847732544" lon="138.74524899758399"><ele>598.4000244140625</ele><time>2025-03-01T00:14:17.000Z</time></trkpt><trkpt lat="35.658644177019596" lon="138.74525452964008"><ele>600.4000244140625</ele><time>2025-03-01T00:14:36.000Z</time></trkpt><trkpt lat="35.658669993281364" lon="138.74528705142438"><ele>601.800048828125</ele><time>2025-03-01T00:14:47.000Z</time></trkpt><trkpt lat="35.658729672431946" lon="138.74528252519667"><ele>604.4000244140625</ele><time>2025-03-01T00:15:01.000Z</time></trkpt><trkpt lat="35.65875372849405" lon="138.7452603969723"><ele>606.199951171875</ele><time>2025-03-01T00:15:11.000Z</time></trkpt><trkpt lat="35.65878549590707" lon="138.74530632980168"><ele>608.5999755859375</ele><time>2025-03-01T00:15:22.000Z</time></trkpt><trkpt lat="35.6588252261281" lon="138.74533591791987"><ele>611.199951171875</ele><time>2025-03-01T00:15:34.000Z</time></trkpt><trkpt lat="35.65883872099221" lon="138.74533792957664"><ele>613.800048828125</ele><time>2025-03-01T00:15:47.000Z</time></trkpt><trkpt lat="35.65885582007468" lon="138.74534513801336"><ele>614.800048828125</ele><time>2025-03-01T00:15:56.000Z</time></trkpt><trkpt lat="35.658908039331436" lon="138.74531756155193"><ele>616.800048828125</ele><time>2025-03-01T00:16:08.000Z</time></trkpt><trkpt lat="35.65893787890673" lon="138.74530892819166"><ele>619.0</ele><time>2025-03-01T00:16:19.000Z</time></trkpt><trkpt lat="35.65895137377083" lon="138.7453275360167"><ele>620.4000244140625</ele><time>2025-03-01T00:16:35.000Z</time></trkpt><trkpt lat="35.65897484309971" lon="138.74534212052822"><ele>621.800048828125</ele><time>2025-03-01T00:16:47.000Z</time></trkpt><trkpt lat="35.659018428996205" lon="138.74537254683673"><ele>623.5999755859375</ele><time>2025-03-01T00:16:58.000Z</time></trkpt><trkpt lat="35.65904164686799" lon="138.7453568726778"><ele>625.199951171875</ele><time>2025-03-01T00:17:08.000Z</time></trkpt><trkpt lat="35.659069726243615" lon="138.74536441639066"><ele>627.199951171875</ele><time>2025-03-01T00:17:18.000Z</time></trkpt><trkpt lat="35.65910518169403" lon="138.74540448188782"><ele>629.800048828125</ele><time>2025-03-01T00:17:31.000Z</time></trkpt><trkpt lat="35.659151868894696" lon="138.74537967145443"><ele>632.0</ele><time>2025-03-01T00:17:43.000Z</time></trkpt><trkpt lat="35.65916947089136" lon="138.7453774921596"><ele>634.199951171875</ele><time>2025-03-01T00:17:54.000Z</time></trkpt><trkpt lat="35.659218756482005" lon="138.74536969698966"><ele>636.4000244140625</ele><time>2025-03-01T00:18:05.000Z</time></trkpt><trkpt lat="35.65923417918384" lon="138.74536919407547"><ele>638.4000244140625</ele><time>2025-03-01T00:18:18.000Z</time></trkpt><trkpt lat="35.659251529723406" lon="138.74536466784775"><ele>639.0</ele><time>2025-03-01T00:18:28.000Z</time></trkpt><trkpt lat="35.65928162075579" lon="138.7454078346491"><ele>640.5999755859375</ele><time>2025-03-01T00:18:40.000Z</time></trkpt><trkpt lat="35.659294445067644" lon="138.74541806057096"><ele>642.199951171875</ele><time>2025-03-01T00:18:52.000Z</time></trkpt><trkpt lat="35.659297462552786" lon="138.74540615826845"><ele>643.199951171875</ele><time>2025-03-01T00:19:10.000Z</time></trkpt><trkpt lat="35.65933627076447" lon="138.74539065174758"><ele>643.800048828125</ele><time>2025-03-01T00:19:20.000Z</time></trkpt><trkpt lat="35.65936854109168" lon="138.74540372751653"><ele>646.0</ele><time>2025-03-01T00:19:30.000Z</time></trkpt><trkpt lat="35.6593899987638" lon="138.7454353272915"><ele>647.800048828125</ele><time>2025-03-01T00:19:40.000Z</time></trkpt><trkpt lat="35.659421598538756" lon="138.74542627483606"><ele>649.5999755859375</ele><time>2025-03-01T00:19:49.000Z</time></trkpt><trkpt lat="35.65943098627031" lon="138.74543381854892"><ele>651.800048828125</ele><time>2025-03-01T00:20:04.000Z</time></trkpt><trkpt lat="35.65944925881922" lon="138.74543205834925"><ele>653.0</ele><time>2025-03-01T00:20:14.000Z</time></trkpt><trkpt lat="35.659487564116716" lon="138.74543096870184"><ele>655.0</ele><time>2025-03-01T00:20:25.000Z</time></trkpt><trkpt lat="35.65950374118984" lon="138.74542945995927"><ele>657.0</ele><time>2025-03-01T00:20:40.000Z</time></trkpt><trkpt lat="35.65951958298683" lon="138.74545292928815"><ele>657.800048828125</ele><time>2025-03-01T00:20:49.000Z</time></trkpt><trkpt lat="35.65954925492406" lon="138.74543465673923"><ele>659.4000244140625</ele><time>2025-03-01T00:21:00.000Z</time></trkpt><trkpt lat="35.65957238897681" lon="138.745457790792"><ele>661.5999755859375</ele><time>2025-03-01T00:21:11.000Z</time></trkpt><trkpt lat="35.65960398875177" lon="138.7454689387232"><ele>664.0</ele><time>2025-03-01T00:21:25.000Z</time></trkpt><trkpt lat="35.659621926024556" lon="138.74544655904174"><ele>665.4000244140625</ele><time>2025-03-01T00:21:33.000Z</time></trkpt><trkpt lat="35.65964254550636" lon="138.74546692706645"><ele>667.5999755859375</ele><time>2025-03-01T00:21:44.000Z</time></trkpt><trkpt lat="35.65967012196779" lon="138.74545619823039"><ele>669.4000244140625</ele><time>2025-03-01T00:21:54.000Z</time></trkpt><trkpt lat="35.65968814305961" lon="138.74545058235526"><ele>671.4000244140625</ele><time>2025-03-01T00:22:05.000Z</time></trkpt><trkpt lat="35.6597007997334" lon="138.74546407721937"><ele>672.5999755859375</ele><time>2025-03-01T00:22:20.000Z</time></trkpt><trkpt lat="35.65972426906228" lon="138.74548142775893"><ele>674.0</ele><time>2025-03-01T00:22:31.000Z</time></trkpt><trkpt lat="35.65974907949567" lon="138.74547623097897"><ele>676.199951171875</ele><time>2025-03-01T00:22:42.000Z</time></trkpt><trkpt lat="35.659776320680976" lon="138.74548234976828"><ele>677.4000244140625</ele><time>2025-03-01T00:22:50.000Z</time></trkpt><trkpt lat="35.65981621854007" lon="138.74547589570284"><ele>680.0</ele><time>2025-03-01T00:23:01.000Z</time></trkpt><trkpt lat="35.65983599983156" lon="138.74546147882938"><ele>682.4000244140625</ele><time>2025-03-01T00:23:13.000Z</time></trkpt><trkpt lat="35.65986022353172" lon="138.74546105973423"><ele>684.0</ele><time>2025-03-01T00:23:24.000Z</time></trkpt><trkpt lat="35.65990665927529" lon="138.74545846134424"><ele>686.199951171875</ele><time>2025-03-01T00:23:37.000Z</time></trkpt><trkpt lat="35.65991805866361" lon="138.7454602215439"><ele>687.5999755859375</ele><time>2025-03-01T00:23:46.000Z</time></trkpt><trkpt lat="35.659944377839565" lon="138.7454427871853"><ele>689.199951171875</ele><time>2025-03-01T00:23:55.000Z</time></trkpt><trkpt lat="35.659990226849914" lon="138.74545116908848"><ele>691.800048828125</ele><time>2025-03-01T00:24:07.000Z</time></trkpt><trkpt lat="35.659994669258595" lon="138.74545343220234"><ele>693.4000244140625</ele><time>2025-03-01T00:24:20.000Z</time></trkpt><trkpt lat="35.660011768341064" lon="138.74543784186244"><ele>694.199951171875</ele><time>2025-03-01T00:24:33.000Z</time></trkpt><trkpt lat="35.6600546836853" lon="138.74544102698565"><ele>695.800048828125</ele><time>2025-03-01T00:24:45.000Z</time></trkpt><trkpt lat="35.66009206697345" lon="138.74541277997196"><ele>698.4000244140625</ele><time>2025-03-01T00:24:58.000Z</time></trkpt><trkpt lat="35.66012249328196" lon="138.74539878219366"><ele>700.199951171875</ele><time>2025-03-01T00:25:09.000Z</time></trkpt><trkpt lat="35.660145124420524" lon="138.74538897536695"><ele>702.4000244140625</ele><time>2025-03-01T00:25:18.000Z</time></trkpt><trkpt lat="35.66019927151501" lon="138.74541269615293"><ele>704.5999755859375</ele><time>2025-03-01T00:25:30.000Z</time></trkpt><trkpt lat="35.66020706668496" lon="138.74538126401603"><ele>705.800048828125</ele><time>2025-03-01T00:25:40.000Z</time></trkpt><trkpt lat="35.66024185158312" lon="138.74537439085543"><ele>707.800048828125</ele><time>2025-03-01T00:25:50.000Z</time></trkpt><trkpt lat="35.66025308333337" lon="138.7453560344875"><ele>709.199951171875</ele><time>2025-03-01T00:26:00.000Z</time></trkpt><trkpt lat="35.66029046662152" lon="138.74534228816628"><ele>711.4000244140625</ele><time>2025-03-01T00:26:11.000Z</time></trkpt><trkpt lat="35.66032231785357" lon="138.74534228816628"><ele>713.0</ele><time>2025-03-01T00:26:21.000Z</time></trkpt><trkpt lat="35.66036875359714" lon="138.74531043693423"><ele>715.199951171875</ele><time>2025-03-01T00:26:32.000Z</time></trkpt><trkpt lat="35.66041954793036" lon="138.7452778313309"><ele>717.5999755859375</ele><time>2025-03-01T00:26:44.000Z</time></trkpt><trkpt lat="35.66046313382685" lon="138.74522519297898"><ele>720.0</ele><time>2025-03-01T00:26:56.000Z</time></trkpt><trkpt lat="35.660495990887284" lon="138.7452133744955"><ele>722.199951171875</ele><time>2025-03-01T00:27:07.000Z</time></trkpt><trkpt lat="35.66053454764187" lon="138.74516719020903"><ele>724.800048828125</ele><time>2025-03-01T00:27:19.000Z</time></trkpt><trkpt lat="35.66054904833436" lon="138.7451457325369"><ele>726.800048828125</ele><time>2025-03-01T00:27:32.000Z</time></trkpt><trkpt lat="35.660586934536695" lon="138.74509929679334"><ele>728.0</ele><time>2025-03-01T00:27:43.000Z</time></trkpt><trkpt lat="35.66063026897609" lon="138.74505839310586"><ele>729.5999755859375</ele><time>2025-03-01T00:27:54.000Z</time></trkpt><trkpt lat="35.66065507940948" lon="138.74505864456296"><ele>731.199951171875</ele><time>2025-03-01T00:28:04.000Z</time></trkpt><trkpt lat="35.6606662273407" lon="138.7450603209436"><ele>731.800048828125</ele><time>2025-03-01T00:28:21.000Z</time></trkpt><trkpt lat="35.66066773608327" lon="138.745058728382"><ele>731.800048828125</ele><time>2025-03-01T00:28:37.000Z</time></trkpt><trkpt lat="35.660672429949045" lon="138.745058728382"><ele>733.0</ele><time>2025-03-01T00:28:57.000Z</time></trkpt><trkpt lat="35.66067134030163" lon="138.74505445361137"><ele>732.5999755859375</ele><time>2025-03-01T00:29:13.000Z</time></trkpt><trkpt lat="35.66066589206457" lon="138.745048167184"><ele>731.800048828125</ele><time>2025-03-01T00:29:36.000Z</time></trkpt><trkpt lat="35.66066354513168" lon="138.74504255130887"><ele>732.199951171875</ele><time>2025-03-01T00:30:04.000Z</time></trkpt><trkpt lat="35.66065549850464" lon="138.74504934065044"><ele>732.199951171875</ele><time>2025-03-01T00:30:30.000Z</time></trkpt><trkpt lat="35.66065893508494" lon="138.74505462124944"><ele>732.4000244140625</ele><time>2025-03-01T00:30:39.000Z</time></trkpt><trkpt lat="35.66067502833903" lon="138.745071971789"><ele>732.800048828125</ele><time>2025-03-01T00:30:57.000Z</time></trkpt><trkpt lat="35.66071417182684" lon="138.74506367370486"><ele>732.199951171875</ele><time>2025-03-01T00:31:13.000Z</time></trkpt><trkpt lat="35.66077368333936" lon="138.7451176531613"><ele>733.800048828125</ele><time>2025-03-01T00:31:22.000Z</time></trkpt><trkpt lat="35.66080159507692" lon="138.74512067064643"><ele>733.199951171875</ele><time>2025-03-01T00:31:30.000Z</time></trkpt><trkpt lat="35.660852724686265" lon="138.74514196068048"><ele>733.0</ele><time>2025-03-01T00:31:37.000Z</time></trkpt><trkpt lat="35.66094635054469" lon="138.74517783522606"><ele>733.0</ele><time>2025-03-01T00:31:46.000Z</time></trkpt><trkpt lat="35.661020781844854" lon="138.74521429650486"><ele>732.800048828125</ele><time>2025-03-01T00:31:54.000Z</time></trkpt><trkpt lat="35.66105028614402" lon="138.74522695317864"><ele>731.5999755859375</ele><time>2025-03-01T00:31:57.000Z</time></trkpt><trkpt lat="35.66110275685787" lon="138.74527129344642"><ele>732.199951171875</ele><time>2025-03-01T00:32:02.000Z</time></trkpt><trkpt lat="35.66113309934735" lon="138.74530834145844"><ele>733.4000244140625</ele><time>2025-03-01T00:32:05.000Z</time></trkpt><trkpt lat="35.66114751622081" lon="138.74533239752054"><ele>733.5999755859375</ele><time>2025-03-01T00:32:07.000Z</time></trkpt><trkpt lat="35.66116084344685" lon="138.74537288211286"><ele>733.800048828125</ele><time>2025-03-01T00:32:10.000Z</time></trkpt><trkpt lat="35.66122739575803" lon="138.74545292928815"><ele>734.0</ele><time>2025-03-01T00:32:17.000Z</time></trkpt><trkpt lat="35.66126503050327" lon="138.74558083713055"><ele>735.199951171875</ele><time>2025-03-01T00:32:26.000Z</time></trkpt><trkpt lat="35.66128883510828" lon="138.74569927342236"><ele>736.5999755859375</ele><time>2025-03-01T00:32:35.000Z</time></trkpt><trkpt lat="35.66130559891462" lon="138.74578217044473"><ele>737.800048828125</ele><time>2025-03-01T00:32:42.000Z</time></trkpt><trkpt lat="35.66133761778474" lon="138.74586674384773"><ele>739.0</ele><time>2025-03-01T00:32:50.000Z</time></trkpt><trkpt lat="35.661364775151014" lon="138.74596263282"><ele>741.199951171875</ele><time>2025-03-01T00:33:00.000Z</time></trkpt><trkpt lat="35.66139629110694" lon="138.74609179794788"><ele>744.4000244140625</ele><time>2025-03-01T00:33:14.000Z</time></trkpt><trkpt lat="35.66141582094133" lon="138.74619774520397"><ele>747.0</ele><time>2025-03-01T00:33:26.000Z</time></trkpt><trkpt lat="35.66144716925919" lon="138.74629572965205"><ele>749.800048828125</ele><time>2025-03-01T00:33:39.000Z</time></trkpt><trkpt lat="35.66147499717772" lon="138.74640016816556"><ele>752.5999755859375</ele><time>2025-03-01T00:33:52.000Z</time></trkpt><trkpt lat="35.661499723792076" lon="138.74650661833584"><ele>755.0</ele><time>2025-03-01T00:34:04.000Z</time></trkpt><trkpt lat="35.66149905323982" lon="138.74661516398191"><ele>756.5999755859375</ele><time>2025-03-01T00:34:14.000Z</time></trkpt><trkpt lat="35.661506932228804" lon="138.74671222642064"><ele>758.199951171875</ele><time>2025-03-01T00:34:24.000Z</time></trkpt><trkpt lat="35.66152185201645" lon="138.74678472988307"><ele>760.0</ele><time>2025-03-01T00:34:35.000Z</time></trkpt><trkpt lat="35.661538783460855" lon="138.74685924500227"><ele>762.199951171875</ele><time>2025-03-01T00:34:47.000Z</time></trkpt><trkpt lat="35.66154666244984" lon="138.74691808596253"><ele>764.0</ele><time>2025-03-01T00:34:56.000Z</time></trkpt><trkpt lat="35.66156476736069" lon="138.7470023240894"><ele>766.0</ele><time>2025-03-01T00:35:08.000Z</time></trkpt><trkpt lat="35.66159469075501" lon="138.74707197770476"><ele>768.199951171875</ele><time>2025-03-01T00:35:19.000Z</time></trkpt><trkpt lat="35.66162193194032" lon="138.74717163853347"><ele>770.5999755859375</ele><time>2025-03-01T00:35:31.000Z</time></trkpt><trkpt lat="35.6616192497313" lon="138.74723902903497"><ele>771.5999755859375</ele><time>2025-03-01T00:35:37.000Z</time></trkpt><trkpt lat="35.66162712872028" lon="138.74730063602328"><ele>772.5999755859375</ele><time>2025-03-01T00:35:46.000Z</time></trkpt><trkpt lat="35.661622267216444" lon="138.7473083473742"><ele>772.5999755859375</ele><time>2025-03-01T00:36:03.000Z</time></trkpt><trkpt lat="35.66161505877972" lon="138.7473106943071"><ele>772.199951171875</ele><time>2025-03-01T00:36:15.000Z</time></trkpt><trkpt lat="35.6616089399904" lon="138.74730273149908"><ele>772.0</ele><time>2025-03-01T00:36:42.000Z</time></trkpt><trkpt lat="35.661609191447496" lon="138.7472948525101"><ele>771.4000244140625</ele><time>2025-03-01T00:36:52.000Z</time></trkpt><trkpt lat="35.661621764302254" lon="138.74732645228505"><ele>772.5999755859375</ele><time>2025-03-01T00:37:10.000Z</time></trkpt><trkpt lat="35.66162503324449" lon="138.7473381869495"><ele>772.5999755859375</ele><time>2025-03-01T00:37:11.000Z</time></trkpt><trkpt lat="35.66167624667287" lon="138.7474893964827"><ele>772.5999755859375</ele><time>2025-03-01T00:37:22.000Z</time></trkpt><trkpt lat="35.6616987939924" lon="138.74758168123662"><ele>772.5999755859375</ele><time>2025-03-01T00:37:28.000Z</time></trkpt><trkpt lat="35.66171186976135" lon="138.74771813862026"><ele>774.0</ele><time>2025-03-01T00:37:38.000Z</time></trkpt><trkpt lat="35.661762580275536" lon="138.7478765565902"><ele>775.199951171875</ele><time>2025-03-01T00:37:50.000Z</time></trkpt><trkpt lat="35.66179803572595" lon="138.74800253659487"><ele>776.4000244140625</ele><time>2025-03-01T00:37:59.000Z</time></trkpt><trkpt lat="35.66184815950692" lon="138.7481559254229"><ele>777.4000244140625</ele><time>2025-03-01T00:38:09.000Z</time></trkpt><trkpt lat="35.66191462799907" lon="138.74831727705896"><ele>778.0</ele><time>2025-03-01T00:38:20.000Z</time></trkpt><trkpt lat="35.66197045147419" lon="138.74845993705094"><ele>778.4000244140625</ele><time>2025-03-01T00:38:30.000Z</time></trkpt><trkpt lat="35.66199727356434" lon="138.74858055263758"><ele>778.800048828125</ele><time>2025-03-01T00:38:38.000Z</time></trkpt><trkpt lat="35.66205586306751" lon="138.74871365725994"><ele>779.5999755859375</ele><time>2025-03-01T00:38:48.000Z</time></trkpt><trkpt lat="35.66211914643645" lon="138.74884801916778"><ele>780.4000244140625</ele><time>2025-03-01T00:38:59.000Z</time></trkpt><trkpt lat="35.662178741768" lon="138.74895664863288"><ele>782.199951171875</ele><time>2025-03-01T00:39:09.000Z</time></trkpt><trkpt lat="35.66222752444446" lon="138.74907072633505"><ele>783.800048828125</ele><time>2025-03-01T00:39:18.000Z</time></trkpt><trkpt lat="35.662260968238115" lon="138.749171057716"><ele>785.199951171875</ele><time>2025-03-01T00:39:26.000Z</time></trkpt><trkpt lat="35.6622910592705" lon="138.74926761724055"><ele>786.800048828125</ele><time>2025-03-01T00:39:35.000Z</time></trkpt><trkpt lat="35.66232928074896" lon="138.74937473796308"><ele>788.0</ele><time>2025-03-01T00:39:43.000Z</time></trkpt><trkpt lat="35.66235115751624" lon="138.7494894862175"><ele>788.199951171875</ele><time>2025-03-01T00:39:51.000Z</time></trkpt><trkpt lat="35.662377728149295" lon="138.7495666835457"><ele>787.800048828125</ele><time>2025-03-01T00:39:59.000Z</time></trkpt><trkpt lat="35.66237982362509" lon="138.7496369238943"><ele>787.0</ele><time>2025-03-01T00:40:06.000Z</time></trkpt><trkpt lat="35.66243212670088" lon="138.74969417229295"><ele>785.5999755859375</ele><time>2025-03-01T00:40:16.000Z</time></trkpt><trkpt lat="35.66248836927116" lon="138.74971789307892"><ele>783.0</ele><time>2025-03-01T00:40:29.000Z</time></trkpt><trkpt lat="35.662551652640104" lon="138.74976902268827"><ele>781.199951171875</ele><time>2025-03-01T00:40:40.000Z</time></trkpt><trkpt lat="35.6626002676785" lon="138.74983775429428"><ele>779.4000244140625</ele><time>2025-03-01T00:40:52.000Z</time></trkpt><trkpt lat="35.66265659406781" lon="138.7499073240906"><ele>777.800048828125</ele><time>2025-03-01T00:41:01.000Z</time></trkpt><trkpt lat="35.66267369315028" lon="138.74990832991898"><ele>779.5999755859375</ele><time>2025-03-01T00:41:13.000Z</time></trkpt><trkpt lat="35.66271476447582" lon="138.7499337270856"><ele>779.0</ele><time>2025-03-01T00:41:31.000Z</time></trkpt><trkpt lat="35.66277754493058" lon="138.7499900534749"><ele>780.5999755859375</ele><time>2025-03-01T00:41:42.000Z</time></trkpt><trkpt lat="35.66280269064009" lon="138.75001084059477"><ele>782.5999755859375</ele><time>2025-03-01T00:41:54.000Z</time></trkpt><trkpt lat="35.66283378750086" lon="138.75005576759577"><ele>784.199951171875</ele><time>2025-03-01T00:42:04.000Z</time></trkpt><trkpt lat="35.66288969479501" lon="138.75008074566722"><ele>786.199951171875</ele><time>2025-03-01T00:42:15.000Z</time></trkpt><trkpt lat="35.66292967647314" lon="138.75011016614735"><ele>788.5999755859375</ele><time>2025-03-01T00:42:25.000Z</time></trkpt><trkpt lat="35.66293898038566" lon="138.7501504831016"><ele>790.5999755859375</ele><time>2025-03-01T00:42:34.000Z</time></trkpt><trkpt lat="35.66295691765845" lon="138.75019993633032"><ele>793.0</ele><time>2025-03-01T00:42:45.000Z</time></trkpt><trkpt lat="35.663010561838746" lon="138.75020261853933"><ele>795.800048828125</ele><time>2025-03-01T00:42:58.000Z</time></trkpt><trkpt lat="35.663018859922886" lon="138.75023547559977"><ele>798.199951171875</ele><time>2025-03-01T00:43:08.000Z</time></trkpt><trkpt lat="35.663049621507525" lon="138.7502540834248"><ele>800.199951171875</ele><time>2025-03-01T00:43:18.000Z</time></trkpt><trkpt lat="35.66306789405644" lon="138.7502664886415"><ele>802.199951171875</ele><time>2025-03-01T00:43:30.000Z</time></trkpt><trkpt lat="35.663085328415036" lon="138.75031108036637"><ele>803.5999755859375</ele><time>2025-03-01T00:43:40.000Z</time></trkpt><trkpt lat="35.663104858249426" lon="138.75032633543015"><ele>805.4000244140625</ele><time>2025-03-01T00:43:51.000Z</time></trkpt><trkpt lat="35.66311005502939" lon="138.75036229379475"><ele>808.0</ele><time>2025-03-01T00:44:02.000Z</time></trkpt><trkpt lat="35.663128746673465" lon="138.750365562737"><ele>809.4000244140625</ele><time>2025-03-01T00:44:11.000Z</time></trkpt><trkpt lat="35.66314123570919" lon="138.75038425438106"><ele>811.0</ele><time>2025-03-01T00:44:21.000Z</time></trkpt><trkpt lat="35.6631491985172" lon="138.75039523467422"><ele>812.199951171875</ele><time>2025-03-01T00:44:36.000Z</time></trkpt><trkpt lat="35.66315732896328" lon="138.75043898820877"><ele>814.199951171875</ele><time>2025-03-01T00:44:45.000Z</time></trkpt><trkpt lat="35.663190940395" lon="138.7504649721086"><ele>815.5999755859375</ele><time>2025-03-01T00:44:55.000Z</time></trkpt><trkpt lat="35.663222121074796" lon="138.75049305148423"><ele>817.800048828125</ele><time>2025-03-01T00:45:06.000Z</time></trkpt><trkpt lat="35.663246093317866" lon="138.75054225325584"><ele>820.0</ele><time>2025-03-01T00:45:15.000Z</time></trkpt><trkpt lat="35.66326537169516" lon="138.75056689605117"><ele>821.4000244140625</ele><time>2025-03-01T00:45:24.000Z</time></trkpt><trkpt lat="35.66326822154224" lon="138.75057008117437"><ele>823.5999755859375</ele><time>2025-03-01T00:45:38.000Z</time></trkpt><trkpt lat="35.66327232867479" lon="138.75057645142078"><ele>823.4000244140625</ele><time>2025-03-01T00:45:57.000Z</time></trkpt><trkpt lat="35.66335329785943" lon="138.75059908255935"><ele>823.4000244140625</ele><time>2025-03-01T00:46:07.000Z</time></trkpt><trkpt lat="35.663430243730545" lon="138.75061978586018"><ele>825.0</ele><time>2025-03-01T00:46:17.000Z</time></trkpt><trkpt lat="35.6635308265686" lon="138.75065482221544"><ele>827.5999755859375</ele><time>2025-03-01T00:46:30.000Z</time></trkpt><trkpt lat="35.66357156261802" lon="138.750677453354"><ele>829.4000244140625</ele><time>2025-03-01T00:46:38.000Z</time></trkpt><trkpt lat="35.663618920370936" lon="138.75070578418672"><ele>831.4000244140625</ele><time>2025-03-01T00:46:47.000Z</time></trkpt><trkpt lat="35.66367482766509" lon="138.75070712529123"><ele>834.0</ele><time>2025-03-01T00:46:59.000Z</time></trkpt><trkpt lat="35.66368522122502" lon="138.75075045973063"><ele>836.0</ele><time>2025-03-01T00:47:09.000Z</time></trkpt><trkpt lat="35.663721933960915" lon="138.750801673159"><ele>838.199951171875</ele><time>2025-03-01T00:47:20.000Z</time></trkpt><trkpt lat="35.66374322399497" lon="138.75080863013864"><ele>840.199951171875</ele><time>2025-03-01T00:47:32.000Z</time></trkpt><trkpt lat="35.663768872618675" lon="138.75079094432294"><ele>842.199951171875</ele><time>2025-03-01T00:47:42.000Z</time></trkpt><trkpt lat="35.6638088542968" lon="138.75080318190157"><ele>843.5999755859375</ele><time>2025-03-01T00:47:52.000Z</time></trkpt><trkpt lat="35.6638246960938" lon="138.7508344464004"><ele>845.800048828125</ele><time>2025-03-01T00:48:04.000Z</time></trkpt><trkpt lat="35.66383358091116" lon="138.7508542276919"><ele>847.4000244140625</ele><time>2025-03-01T00:48:15.000Z</time></trkpt><trkpt lat="35.663861744105816" lon="138.7508473545313"><ele>848.5999755859375</ele><time>2025-03-01T00:48:29.000Z</time></trkpt><trkpt lat="35.66390776075423" lon="138.7508447561413"><ele>850.5999755859375</ele><time>2025-03-01T00:48:41.000Z</time></trkpt><trkpt lat="35.66393097862601" lon="138.7508301716298"><ele>852.5999755859375</ele><time>2025-03-01T00:48:51.000Z</time></trkpt><trkpt lat="35.66398864611983" lon="138.75083805061877"><ele>854.5999755859375</ele><time>2025-03-01T00:49:03.000Z</time></trkpt><trkpt lat="35.66402628086507" lon="138.75088029541075"><ele>856.5999755859375</ele><time>2025-03-01T00:49:13.000Z</time></trkpt><trkpt lat="35.664083026349545" lon="138.750907368958"><ele>858.5999755859375</ele><time>2025-03-01T00:49:23.000Z</time></trkpt><trkpt lat="35.66416064277291" lon="138.75093637034297"><ele>860.5999755859375</ele><time>2025-03-01T00:49:36.000Z</time></trkpt><trkpt lat="35.66422308795154" lon="138.7510049343109"><ele>862.800048828125</ele><time>2025-03-01T00:49:48.000Z</time></trkpt><trkpt lat="35.66427446901798" lon="138.75105656683445"><ele>864.4000244140625</ele><time>2025-03-01T00:49:58.000Z</time></trkpt><trkpt lat="35.66434236243367" lon="138.7511156592518"><ele>866.5999755859375</ele><time>2025-03-01T00:50:10.000Z</time></trkpt><trkpt lat="35.66436901688576" lon="138.75114382244647"><ele>867.0</ele><time>2025-03-01T00:50:20.000Z</time></trkpt><trkpt lat="35.664429953321815" lon="138.75122127123177"><ele>869.0</ele><time>2025-03-01T00:50:30.000Z</time></trkpt><trkpt lat="35.664444621652365" lon="138.7512358557433"><ele>869.199951171875</ele><time>2025-03-01T00:50:32.000Z</time></trkpt><trkpt lat="35.664509665220976" lon="138.75130475498736"><ele>870.4000244140625</ele><time>2025-03-01T00:50:41.000Z</time></trkpt><trkpt lat="35.664556017145514" lon="138.75140894204378"><ele>872.0</ele><time>2025-03-01T00:50:53.000Z</time></trkpt><trkpt lat="35.66460764966905" lon="138.75150298699737"><ele>873.800048828125</ele><time>2025-03-01T00:51:03.000Z</time></trkpt><trkpt lat="35.66464025527239" lon="138.75154808163643"><ele>874.4000244140625</ele><time>2025-03-01T00:51:08.000Z</time></trkpt><trkpt lat="35.66465249285102" lon="138.751607760787"><ele>874.800048828125</ele><time>2025-03-01T00:51:13.000Z</time></trkpt><trkpt lat="35.66473136655986" lon="138.7517147976905"><ele>875.4000244140625</ele><time>2025-03-01T00:51:24.000Z</time></trkpt><trkpt lat="35.66478584893048" lon="138.75179233029485"><ele>876.800048828125</ele><time>2025-03-01T00:51:32.000Z</time></trkpt><trkpt lat="35.66486933268607" lon="138.75184572301805"><ele>877.800048828125</ele><time>2025-03-01T00:51:41.000Z</time></trkpt><trkpt lat="35.6649468652904" lon="138.75188545323908"><ele>877.800048828125</ele><time>2025-03-01T00:51:50.000Z</time></trkpt><trkpt lat="35.66502624191344" lon="138.75196298584342"><ele>877.4000244140625</ele><time>2025-03-01T00:52:00.000Z</time></trkpt><trkpt lat="35.66510603763163" lon="138.75208435580134"><ele>875.800048828125</ele><time>2025-03-01T00:52:13.000Z</time></trkpt><trkpt lat="35.66517719998956" lon="138.75220404937863"><ele>874.0</ele><time>2025-03-01T00:52:22.000Z</time></trkpt><trkpt lat="35.66522422246635" lon="138.75226523727179"><ele>874.199951171875</ele><time>2025-03-01T00:52:31.000Z</time></trkpt><trkpt lat="35.665266970172524" lon="138.7523387465626"><ele>876.199951171875</ele><time>2025-03-01T00:52:43.000Z</time></trkpt><trkpt lat="35.66534257493913" lon="138.75239549204707"><ele>878.5999755859375</ele><time>2025-03-01T00:52:56.000Z</time></trkpt><trkpt lat="35.665410719811916" lon="138.75245751813054"><ele>880.5999755859375</ele><time>2025-03-01T00:53:07.000Z</time></trkpt><trkpt lat="35.66548263654113" lon="138.7525477912277"><ele>882.5999755859375</ele><time>2025-03-01T00:53:19.000Z</time></trkpt><trkpt lat="35.66553829237819" lon="138.75262356363237"><ele>884.4000244140625</ele><time>2025-03-01T00:53:29.000Z</time></trkpt><trkpt lat="35.66559746861458" lon="138.75272112898529"><ele>886.4000244140625</ele><time>2025-03-01T00:53:41.000Z</time></trkpt><trkpt lat="35.6656379532069" lon="138.75276144593954"><ele>888.5999755859375</ele><time>2025-03-01T00:53:52.000Z</time></trkpt><trkpt lat="35.66569436341524" lon="138.75280075706542"><ele>891.0</ele><time>2025-03-01T00:54:05.000Z</time></trkpt><trkpt lat="35.665754126384854" lon="138.75283688306808"><ele>893.4000244140625</ele><time>2025-03-01T00:54:18.000Z</time></trkpt><trkpt lat="35.66579746082425" lon="138.75287066213787"><ele>896.0</ele><time>2025-03-01T00:54:31.000Z</time></trkpt><trkpt lat="35.66580458544195" lon="138.75288097187877"><ele>897.800048828125</ele><time>2025-03-01T00:54:40.000Z</time></trkpt><trkpt lat="35.66583266481757" lon="138.75289622694254"><ele>899.800048828125</ele><time>2025-03-01T00:54:52.000Z</time></trkpt><trkpt lat="35.66583945415914" lon="138.75291734933853"><ele>901.199951171875</ele><time>2025-03-01T00:55:02.000Z</time></trkpt><trkpt lat="35.665870467200875" lon="138.7529394775629"><ele>902.199951171875</ele><time>2025-03-01T00:55:13.000Z</time></trkpt><trkpt lat="35.6659194175154" lon="138.7529761902988"><ele>904.5999755859375</ele><time>2025-03-01T00:55:25.000Z</time></trkpt><trkpt lat="35.665952526032925" lon="138.75303419306874"><ele>906.800048828125</ele><time>2025-03-01T00:55:37.000Z</time></trkpt><trkpt lat="35.66601103171706" lon="138.75311985611916"><ele>909.199951171875</ele><time>2025-03-01T00:55:50.000Z</time></trkpt><trkpt lat="35.66606568172574" lon="138.75322815030813"><ele>911.5999755859375</ele><time>2025-03-01T00:56:04.000Z</time></trkpt><trkpt lat="35.66614145413041" lon="138.7533252965659"><ele>914.199951171875</ele><time>2025-03-01T00:56:18.000Z</time></trkpt><trkpt lat="35.66616643220186" lon="138.7533438205719"><ele>914.4000244140625</ele><time>2025-03-01T00:56:21.000Z</time></trkpt><trkpt lat="35.66624253988266" lon="138.75340534374118"><ele>915.0</ele><time>2025-03-01T00:56:31.000Z</time></trkpt><trkpt lat="35.66634907387197" lon="138.7534939404577"><ele>916.0</ele><time>2025-03-01T00:56:44.000Z</time></trkpt><trkpt lat="35.66638025455177" lon="138.7535095307976"><ele>916.199951171875</ele><time>2025-03-01T00:56:52.000Z</time></trkpt><trkpt lat="35.6664009578526" lon="138.75356602482498"><ele>915.199951171875</ele><time>2025-03-01T00:57:00.000Z</time></trkpt><trkpt lat="35.66644881851971" lon="138.75369326211512"><ele>914.4000244140625</ele><time>2025-03-01T00:57:09.000Z</time></trkpt><trkpt lat="35.66648343577981" lon="138.75375545583665"><ele>914.199951171875</ele><time>2025-03-01T00:57:15.000Z</time></trkpt><trkpt lat="35.66652257926762" lon="138.75377976335585"><ele>914.4000244140625</ele><time>2025-03-01T00:57:19.000Z</time></trkpt><trkpt lat="35.66657253541052" lon="138.75390708446503"><ele>915.4000244140625</ele><time>2025-03-01T00:57:30.000Z</time></trkpt><trkpt lat="35.66661536693573" lon="138.75400305725634"><ele>916.199951171875</ele><time>2025-03-01T00:57:40.000Z</time></trkpt><trkpt lat="35.666659623384476" lon="138.75413783825934"><ele>918.199951171875</ele><time>2025-03-01T00:57:53.000Z</time></trkpt><trkpt lat="35.66665207967162" lon="138.7541602179408"><ele>918.800048828125</ele><time>2025-03-01T00:57:55.000Z</time></trkpt><trkpt lat="35.66664579324424" lon="138.75432148575783"><ele>920.5999755859375</ele><time>2025-03-01T00:58:09.000Z</time></trkpt><trkpt lat="35.66669549793005" lon="138.75442994758487"><ele>922.4000244140625</ele><time>2025-03-01T00:58:19.000Z</time></trkpt><trkpt lat="35.66674277186394" lon="138.75447873026133"><ele>923.4000244140625</ele><time>2025-03-01T00:58:27.000Z</time></trkpt><trkpt lat="35.66677462309599" lon="138.75452206470072"><ele>922.800048828125</ele><time>2025-03-01T00:58:36.000Z</time></trkpt><trkpt lat="35.66685626283288" lon="138.75465776771307"><ele>923.4000244140625</ele><time>2025-03-01T00:58:47.000Z</time></trkpt><trkpt lat="35.66694569773972" lon="138.75475399196148"><ele>921.800048828125</ele><time>2025-03-01T00:58:57.000Z</time></trkpt><trkpt lat="35.66697008907795" lon="138.75480939634144"><ele>921.199951171875</ele><time>2025-03-01T00:59:02.000Z</time></trkpt><trkpt lat="35.66700428724289" lon="138.7549094762653"><ele>921.0</ele><time>2025-03-01T00:59:10.000Z</time></trkpt><trkpt lat="35.66702909767628" lon="138.7549871765077"><ele>920.4000244140625</ele><time>2025-03-01T00:59:19.000Z</time></trkpt><trkpt lat="35.66705466248095" lon="138.755085747689"><ele>919.0</ele><time>2025-03-01T00:59:29.000Z</time></trkpt><trkpt lat="35.66709732636809" lon="138.755223127082"><ele>917.199951171875</ele><time>2025-03-01T00:59:39.000Z</time></trkpt><trkpt lat="35.66711392253637" lon="138.7553835567087"><ele>915.199951171875</ele><time>2025-03-01T00:59:50.000Z</time></trkpt><trkpt lat="35.667119370773435" lon="138.75548355281353"><ele>914.800048828125</ele><time>2025-03-01T00:59:58.000Z</time></trkpt><trkpt lat="35.66712741740048" lon="138.75557776540518"><ele>915.199951171875</ele><time>2025-03-01T01:00:05.000Z</time></trkpt><trkpt lat="35.66714049316943" lon="138.75566946342587"><ele>915.4000244140625</ele><time>2025-03-01T01:00:13.000Z</time></trkpt><trkpt lat="35.66714208573103" lon="138.75573366880417"><ele>916.4000244140625</ele><time>2025-03-01T01:00:23.000Z</time></trkpt><trkpt lat="35.667150635272264" lon="138.75583223998547"><ele>916.800048828125</ele><time>2025-03-01T01:00:31.000Z</time></trkpt><trkpt lat="35.66715432330966" lon="138.75595394521952"><ele>917.800048828125</ele><time>2025-03-01T01:00:40.000Z</time></trkpt><trkpt lat="35.66716748289764" lon="138.75603726133704"><ele>918.5999755859375</ele><time>2025-03-01T01:00:50.000Z</time></trkpt><trkpt lat="35.66718759946525" lon="138.75609484501183"><ele>916.4000244140625</ele><time>2025-03-01T01:01:02.000Z</time></trkpt><trkpt lat="35.66722615621984" lon="138.75616382807493"><ele>913.800048828125</ele><time>2025-03-01T01:01:15.000Z</time></trkpt><trkpt lat="35.66726286895573" lon="138.75623147003353"><ele>910.800048828125</ele><time>2025-03-01T01:01:27.000Z</time></trkpt><trkpt lat="35.667279632762074" lon="138.75626726076007"><ele>912.0</ele><time>2025-03-01T01:01:37.000Z</time></trkpt><trkpt lat="35.667281141504645" lon="138.75626608729362"><ele>910.4000244140625</ele><time>2025-03-01T01:01:41.000Z</time></trkpt><trkpt lat="35.667315842583776" lon="138.75628679059446"><ele>909.5999755859375</ele><time>2025-03-01T01:01:49.000Z</time></trkpt><trkpt lat="35.66734434105456" lon="138.75632015056908"><ele>911.800048828125</ele><time>2025-03-01T01:02:00.000Z</time></trkpt><trkpt lat="35.667349034920335" lon="138.7563265208155"><ele>912.800048828125</ele><time>2025-03-01T01:02:15.000Z</time></trkpt><trkpt lat="35.66737904213369" lon="138.75636977143586"><ele>913.800048828125</ele><time>2025-03-01T01:02:26.000Z</time></trkpt><trkpt lat="35.66738893277943" lon="138.7563979346305"><ele>915.4000244140625</ele><time>2025-03-01T01:02:37.000Z</time></trkpt><trkpt lat="35.667399829253554" lon="138.75642836093903"><ele>917.0</ele><time>2025-03-01T01:02:48.000Z</time></trkpt><trkpt lat="35.66741491667926" lon="138.75645878724754"><ele>918.800048828125</ele><time>2025-03-01T01:03:00.000Z</time></trkpt><trkpt lat="35.66742095164955" lon="138.7564729526639"><ele>920.4000244140625</ele><time>2025-03-01T01:03:11.000Z</time></trkpt><trkpt lat="35.66742396913469" lon="138.7564924824983"><ele>922.4000244140625</ele><time>2025-03-01T01:03:26.000Z</time></trkpt><trkpt lat="35.667445259168744" lon="138.75651662237942"><ele>923.5999755859375</ele><time>2025-03-01T01:03:37.000Z</time></trkpt><trkpt lat="35.66746219061315" lon="138.7565334700048"><ele>926.0</ele><time>2025-03-01T01:03:49.000Z</time></trkpt><trkpt lat="35.6674699857831" lon="138.75654688104987"><ele>926.4000244140625</ele><time>2025-03-01T01:04:00.000Z</time></trkpt><trkpt lat="35.6674924492836" lon="138.75656766816974"><ele>929.4000244140625</ele><time>2025-03-01T01:04:13.000Z</time></trkpt><trkpt lat="35.667507871985435" lon="138.75659641809762"><ele>930.800048828125</ele><time>2025-03-01T01:04:25.000Z</time></trkpt><trkpt lat="35.66752086393535" lon="138.7566402554512"><ele>932.5999755859375</ele><time>2025-03-01T01:04:38.000Z</time></trkpt><trkpt lat="35.66751943901181" lon="138.75666263513267"><ele>934.4000244140625</ele><time>2025-03-01T01:04:53.000Z</time></trkpt><trkpt lat="35.66754165105522" lon="138.75665643252432"><ele>935.199951171875</ele><time>2025-03-01T01:05:01.000Z</time></trkpt><trkpt lat="35.66755833104253" lon="138.75666523352265"><ele>936.800048828125</ele><time>2025-03-01T01:05:16.000Z</time></trkpt><trkpt lat="35.66757987253368" lon="138.75667948275805"><ele>938.199951171875</ele><time>2025-03-01T01:05:27.000Z</time></trkpt><trkpt lat="35.667580626904964" lon="138.7566838413477"><ele>938.5999755859375</ele><time>2025-03-01T01:05:38.000Z</time></trkpt><trkpt lat="35.667583560571074" lon="138.75668979249895"><ele>940.0</ele><time>2025-03-01T01:05:50.000Z</time></trkpt><trkpt lat="35.66759227775037" lon="138.75668928958476"><ele>941.199951171875</ele><time>2025-03-01T01:06:01.000Z</time></trkpt><trkpt lat="35.6676618475467" lon="138.7567208893597"><ele>942.800048828125</ele><time>2025-03-01T01:06:17.000Z</time></trkpt><trkpt lat="35.667715575546026" lon="138.75673505477607"><ele>945.0</ele><time>2025-03-01T01:06:29.000Z</time></trkpt><trkpt lat="35.66770509816706" lon="138.7567525729537"><ele>946.800048828125</ele><time>2025-03-01T01:06:39.000Z</time></trkpt><trkpt lat="35.667704343795776" lon="138.7567541655153"><ele>947.0</ele><time>2025-03-01T01:06:51.000Z</time></trkpt><trkpt lat="35.667686741799116" lon="138.75677914358675"><ele>949.0</ele><time>2025-03-01T01:07:00.000Z</time></trkpt><trkpt lat="35.6676684692502" lon="138.7568107433617"><ele>949.800048828125</ele><time>2025-03-01T01:07:11.000Z</time></trkpt><trkpt lat="35.667669558897614" lon="138.7568146828562"><ele>951.199951171875</ele><time>2025-03-01T01:07:24.000Z</time></trkpt><trkpt lat="35.66771004348993" lon="138.756840582937"><ele>953.4000244140625</ele><time>2025-03-01T01:07:36.000Z</time></trkpt><trkpt lat="35.667712641879916" lon="138.75686472281814"><ele>955.199951171875</ele><time>2025-03-01T01:07:46.000Z</time></trkpt><trkpt lat="35.66771674901247" lon="138.75686732120812"><ele>957.0</ele><time>2025-03-01T01:07:59.000Z</time></trkpt><trkpt lat="35.667750192806125" lon="138.7568804807961"><ele>957.800048828125</ele><time>2025-03-01T01:08:08.000Z</time></trkpt><trkpt lat="35.66779679618776" lon="138.75689045526087"><ele>959.4000244140625</ele><time>2025-03-01T01:08:20.000Z</time></trkpt><trkpt lat="35.66780526190996" lon="138.75688936561346"><ele>960.0</ele><time>2025-03-01T01:08:31.000Z</time></trkpt><trkpt lat="35.6678690481931" lon="138.75689623877406"><ele>961.0</ele><time>2025-03-01T01:08:44.000Z</time></trkpt><trkpt lat="35.66790961660445" lon="138.75690177083015"><ele>963.4000244140625</ele><time>2025-03-01T01:08:56.000Z</time></trkpt><trkpt lat="35.66788975149393" lon="138.75692658126354"><ele>965.5999755859375</ele><time>2025-03-01T01:09:09.000Z</time></trkpt><trkpt lat="35.66786728799343" lon="138.7569827400148"><ele>968.5999755859375</ele><time>2025-03-01T01:09:22.000Z</time></trkpt><trkpt lat="35.66787005402148" lon="138.75702599063516"><ele>971.199951171875</ele><time>2025-03-01T01:09:34.000Z</time></trkpt><trkpt lat="35.667872820049524" lon="138.7570393178612"><ele>974.199951171875</ele><time>2025-03-01T01:09:46.000Z</time></trkpt><trkpt lat="35.66786963492632" lon="138.75705474056304"><ele>975.5999755859375</ele><time>2025-03-01T01:09:58.000Z</time></trkpt><trkpt lat="35.66789863631129" lon="138.75708332285285"><ele>976.800048828125</ele><time>2025-03-01T01:10:10.000Z</time></trkpt><trkpt lat="35.667921267449856" lon="138.7570865917951"><ele>979.0</ele><time>2025-03-01T01:10:22.000Z</time></trkpt><trkpt lat="35.66793526522815" lon="138.75711366534233"><ele>980.800048828125</ele><time>2025-03-01T01:10:33.000Z</time></trkpt><trkpt lat="35.667961332947016" lon="138.75717502087355"><ele>983.199951171875</ele><time>2025-03-01T01:10:45.000Z</time></trkpt><trkpt lat="35.667967619374394" lon="138.75721466727555"><ele>985.800048828125</ele><time>2025-03-01T01:10:58.000Z</time></trkpt><trkpt lat="35.667968122288585" lon="138.7572121527046"><ele>987.199951171875</ele><time>2025-03-01T01:11:08.000Z</time></trkpt><trkpt lat="35.66796828992665" lon="138.75721617601812"><ele>989.0</ele><time>2025-03-01T01:11:19.000Z</time></trkpt><trkpt lat="35.667969044297934" lon="138.7572182714939"><ele>989.199951171875</ele><time>2025-03-01T01:11:20.000Z</time></trkpt><trkpt lat="35.66799226216972" lon="138.75726487487555"><ele>988.800048828125</ele><time>2025-03-01T01:11:32.000Z</time></trkpt><trkpt lat="35.66802989691496" lon="138.7573281582445"><ele>991.0</ele><time>2025-03-01T01:11:46.000Z</time></trkpt><trkpt lat="35.668026795610785" lon="138.75735456123948"><ele>993.0</ele><time>2025-03-01T01:11:55.000Z</time></trkpt><trkpt lat="35.668019922450185" lon="138.7573879212141"><ele>995.0</ele><time>2025-03-01T01:12:07.000Z</time></trkpt><trkpt lat="35.66803526133299" lon="138.75746486708522"><ele>997.199951171875</ele><time>2025-03-01T01:12:21.000Z</time></trkpt><trkpt lat="35.66805252805352" lon="138.7574745900929"><ele>999.800048828125</ele><time>2025-03-01T01:12:33.000Z</time></trkpt><trkpt lat="35.66809309646487" lon="138.757490683347"><ele>1001.4000244140625</ele><time>2025-03-01T01:12:45.000Z</time></trkpt><trkpt lat="35.66810089163482" lon="138.75749093480408"><ele>1003.0</ele><time>2025-03-01T01:13:00.000Z</time></trkpt><trkpt lat="35.6681158952415" lon="138.75749504193664"><ele>1003.5999755859375</ele><time>2025-03-01T01:13:10.000Z</time></trkpt><trkpt lat="35.66814674064517" lon="138.75751247629523"><ele>1004.800048828125</ele><time>2025-03-01T01:13:22.000Z</time></trkpt><trkpt lat="35.668151434510946" lon="138.75754089094698"><ele>1006.5999755859375</ele><time>2025-03-01T01:13:34.000Z</time></trkpt><trkpt lat="35.668153865262866" lon="138.7575562298298"><ele>1009.0</ele><time>2025-03-01T01:13:45.000Z</time></trkpt><trkpt lat="35.66818529739976" lon="138.75761347822845"><ele>1011.0</ele><time>2025-03-01T01:13:58.000Z</time></trkpt><trkpt lat="35.668210443109274" lon="138.75765664502978"><ele>1013.4000244140625</ele><time>2025-03-01T01:14:09.000Z</time></trkpt><trkpt lat="35.66822972148657" lon="138.75773803330958"><ele>1016.0</ele><time>2025-03-01T01:14:23.000Z</time></trkpt><trkpt lat="35.668239779770374" lon="138.75776762142777"><ele>1018.199951171875</ele><time>2025-03-01T01:14:35.000Z</time></trkpt><trkpt lat="35.66826391965151" lon="138.75784104689956"><ele>1020.4000244140625</ele><time>2025-03-01T01:14:48.000Z</time></trkpt><trkpt lat="35.66827858798206" lon="138.75789863057435"><ele>1023.0</ele><time>2025-03-01T01:15:02.000Z</time></trkpt><trkpt lat="35.66828068345785" lon="138.75794615596533"><ele>1025.199951171875</ele><time>2025-03-01T01:15:15.000Z</time></trkpt><trkpt lat="35.668288646265864" lon="138.75801807269454"><ele>1027.4000244140625</ele><time>2025-03-01T01:15:27.000Z</time></trkpt><trkpt lat="35.66828948445618" lon="138.7580966949463"><ele>1029.5999755859375</ele><time>2025-03-01T01:15:40.000Z</time></trkpt><trkpt lat="35.66827372647822" lon="138.7582071684301"><ele>1031.5999755859375</ele><time>2025-03-01T01:15:53.000Z</time></trkpt><trkpt lat="35.66827389411628" lon="138.75820976682007"><ele>1032.4000244140625</ele><time>2025-03-01T01:16:05.000Z</time></trkpt><trkpt lat="35.668304320424795" lon="138.7582923285663"><ele>1033.0</ele><time>2025-03-01T01:16:16.000Z</time></trkpt><trkpt lat="35.6683349981904" lon="138.75836307182908"><ele>1034.0</ele><time>2025-03-01T01:16:29.000Z</time></trkpt><trkpt lat="35.6683455593884" lon="138.75839064829051"><ele>1035.0</ele><time>2025-03-01T01:16:40.000Z</time></trkpt><trkpt lat="35.66838922910392" lon="138.75847404822707"><ele>1036.800048828125</ele><time>2025-03-01T01:16:54.000Z</time></trkpt><trkpt lat="35.66840976476669" lon="138.7585536763072"><ele>1039.199951171875</ele><time>2025-03-01T01:17:06.000Z</time></trkpt><trkpt lat="35.66843021661043" lon="138.758603380993"><ele>1041.0</ele><time>2025-03-01T01:17:17.000Z</time></trkpt><trkpt lat="35.668443040922284" lon="138.7586731184274"><ele>1044.199951171875</ele><time>2025-03-01T01:17:26.000Z</time></trkpt><trkpt lat="35.66843256354332" lon="138.75872005708516"><ele>1045.0</ele><time>2025-03-01T01:17:35.000Z</time></trkpt><trkpt lat="35.66842778585851" lon="138.75871896743774"><ele>1044.5999755859375</ele><time>2025-03-01T01:17:41.000Z</time></trkpt><trkpt lat="35.66840959712863" lon="138.75875685364008"><ele>1045.4000244140625</ele><time>2025-03-01T01:17:49.000Z</time></trkpt><trkpt lat="35.66840875893831" lon="138.7587579432875"><ele>1046.0</ele><time>2025-03-01T01:17:59.000Z</time></trkpt><trkpt lat="35.6684129498899" lon="138.75876355916262"><ele>1045.5999755859375</ele><time>2025-03-01T01:18:07.000Z</time></trkpt><trkpt lat="35.66841194406152" lon="138.75876473262906"><ele>1044.5999755859375</ele><time>2025-03-01T01:18:24.000Z</time></trkpt><trkpt lat="35.66841144114733" lon="138.75876523554325"><ele>1045.5999755859375</ele><time>2025-03-01T01:18:42.000Z</time></trkpt><trkpt lat="35.66841118969023" lon="138.75876598991454"><ele>1042.199951171875</ele><time>2025-03-01T01:18:46.000Z</time></trkpt><trkpt lat="35.668410854414105" lon="138.75876624137163"><ele>1045.199951171875</ele><time>2025-03-01T01:19:01.000Z</time></trkpt><trkpt lat="35.668410854414105" lon="138.75876624137163"><ele>1046.0</ele><time>2025-03-01T01:19:03.000Z</time></trkpt><trkpt lat="35.66841068677604" lon="138.7587666604668"><ele>1044.0</ele><time>2025-03-01T01:19:10.000Z</time></trkpt><trkpt lat="35.66840909421444" lon="138.75876875594258"><ele>1046.5999755859375</ele><time>2025-03-01T01:19:26.000Z</time></trkpt><trkpt lat="35.66840867511928" lon="138.75876858830452"><ele>1044.199951171875</ele><time>2025-03-01T01:19:47.000Z</time></trkpt><trkpt lat="35.66843147389591" lon="138.75877294689417"><ele>1046.5999755859375</ele><time>2025-03-01T01:19:58.000Z</time></trkpt><trkpt lat="35.66848109476268" lon="138.7587516568601"><ele>1047.4000244140625</ele><time>2025-03-01T01:20:10.000Z</time></trkpt><trkpt lat="35.668524680659175" lon="138.7587629724294"><ele>1049.5999755859375</ele><time>2025-03-01T01:20:21.000Z</time></trkpt><trkpt lat="35.66854496486485" lon="138.7587735336274"><ele>1052.0</ele><time>2025-03-01T01:20:33.000Z</time></trkpt><trkpt lat="35.668551083654165" lon="138.75881862826645"><ele>1052.800048828125</ele><time>2025-03-01T01:20:43.000Z</time></trkpt><trkpt lat="35.66858192905784" lon="138.75887889415026"><ele>1054.4000244140625</ele><time>2025-03-01T01:20:53.000Z</time></trkpt><trkpt lat="35.668591149151325" lon="138.7589091528207"><ele>1055.0</ele><time>2025-03-01T01:21:01.000Z</time></trkpt><trkpt lat="35.66860665567219" lon="138.75899137929082"><ele>1057.199951171875</ele><time>2025-03-01T01:21:14.000Z</time></trkpt><trkpt lat="35.66861042752862" lon="138.75906564295292"><ele>1059.4000244140625</ele><time>2025-03-01T01:21:26.000Z</time></trkpt><trkpt lat="35.66863087937236" lon="138.75913437455893"><ele>1062.0</ele><time>2025-03-01T01:21:39.000Z</time></trkpt><trkpt lat="35.66864856518805" lon="138.75920109450817"><ele>1063.800048828125</ele><time>2025-03-01T01:21:50.000Z</time></trkpt><trkpt lat="35.668694749474525" lon="138.7592672277242"><ele>1065.5999755859375</ele><time>2025-03-01T01:22:02.000Z</time></trkpt><trkpt lat="35.668732887133956" lon="138.75933378003538"><ele>1067.5999755859375</ele><time>2025-03-01T01:22:15.000Z</time></trkpt><trkpt lat="35.66877177916467" lon="138.75938683748245"><ele>1069.800048828125</ele><time>2025-03-01T01:22:27.000Z</time></trkpt><trkpt lat="35.66879767924547" lon="138.7594374641776"><ele>1072.0</ele><time>2025-03-01T01:22:39.000Z</time></trkpt><trkpt lat="35.668826680630445" lon="138.75948507338762"><ele>1074.0</ele><time>2025-03-01T01:22:50.000Z</time></trkpt><trkpt lat="35.668874541297555" lon="138.75954005867243"><ele>1075.800048828125</ele><time>2025-03-01T01:23:04.000Z</time></trkpt><trkpt lat="35.66891678608954" lon="138.75959822908044"><ele>1078.199951171875</ele><time>2025-03-01T01:23:17.000Z</time></trkpt><trkpt lat="35.668962048366666" lon="138.75963108614087"><ele>1080.0</ele><time>2025-03-01T01:23:28.000Z</time></trkpt><trkpt lat="35.66900094039738" lon="138.759681629017"><ele>1082.0</ele><time>2025-03-01T01:23:40.000Z</time></trkpt><trkpt lat="35.669042095541954" lon="138.7597485166043"><ele>1084.4000244140625</ele><time>2025-03-01T01:23:53.000Z</time></trkpt><trkpt lat="35.6690863519907" lon="138.7597982212901"><ele>1086.800048828125</ele><time>2025-03-01T01:24:06.000Z</time></trkpt><trkpt lat="35.669134045019746" lon="138.75984356738627"><ele>1090.0</ele><time>2025-03-01T01:24:19.000Z</time></trkpt><trkpt lat="35.669156927615404" lon="138.7598605826497"><ele>1091.5999755859375</ele><time>2025-03-01T01:24:29.000Z</time></trkpt><trkpt lat="35.66916296258569" lon="138.75989645719528"><ele>1091.800048828125</ele><time>2025-03-01T01:24:42.000Z</time></trkpt><trkpt lat="35.66916975192726" lon="138.7599414680153"><ele>1093.0</ele><time>2025-03-01T01:24:46.000Z</time></trkpt><trkpt lat="35.669180480763316" lon="138.7600109539926"><ele>1093.199951171875</ele><time>2025-03-01T01:24:51.000Z</time></trkpt><trkpt lat="35.66918978467584" lon="138.7601092737168"><ele>1093.0</ele><time>2025-03-01T01:24:58.000Z</time></trkpt><trkpt lat="35.66919372417033" lon="138.76016668975353"><ele>1092.800048828125</ele><time>2025-03-01T01:25:02.000Z</time></trkpt><trkpt lat="35.66920445300639" lon="138.7603077571839"><ele>1094.0</ele><time>2025-03-01T01:25:13.000Z</time></trkpt><trkpt lat="35.66921157762408" lon="138.7603304721415"><ele>1094.4000244140625</ele><time>2025-03-01T01:25:15.000Z</time></trkpt><trkpt lat="35.66925985738635" lon="138.76045418903232"><ele>1095.800048828125</ele><time>2025-03-01T01:25:25.000Z</time></trkpt><trkpt lat="35.669269831851125" lon="138.7604924943298"><ele>1095.5999755859375</ele><time>2025-03-01T01:25:28.000Z</time></trkpt><trkpt lat="35.66932833753526" lon="138.76062006689608"><ele>1094.800048828125</ele><time>2025-03-01T01:25:39.000Z</time></trkpt><trkpt lat="35.66936647519469" lon="138.76075157895684"><ele>1092.800048828125</ele><time>2025-03-01T01:25:49.000Z</time></trkpt><trkpt lat="35.669409055262804" lon="138.76088501885533"><ele>1090.800048828125</ele><time>2025-03-01T01:25:58.000Z</time></trkpt><trkpt lat="35.66941869445145" lon="138.76091385260224"><ele>1090.800048828125</ele><time>2025-03-01T01:26:06.000Z</time></trkpt><trkpt lat="35.66942288540304" lon="138.76092474907637"><ele>1090.800048828125</ele><time>2025-03-01T01:26:07.000Z</time></trkpt><trkpt lat="35.66944543272257" lon="138.76103203743696"><ele>1091.0</ele><time>2025-03-01T01:26:16.000Z</time></trkpt><trkpt lat="35.66945532336831" lon="138.7612142600119"><ele>1092.4000244140625</ele><time>2025-03-01T01:26:28.000Z</time></trkpt><trkpt lat="35.66944442689419" lon="138.76132112927735"><ele>1092.800048828125</ele><time>2025-03-01T01:26:36.000Z</time></trkpt><trkpt lat="35.669421292841434" lon="138.76140578649938"><ele>1094.0</ele><time>2025-03-01T01:26:44.000Z</time></trkpt><trkpt lat="35.669402265921235" lon="138.76153009012341"><ele>1097.0</ele><time>2025-03-01T01:26:58.000Z</time></trkpt><trkpt lat="35.66940335556865" lon="138.76163084059954"><ele>1100.199951171875</ele><time>2025-03-01T01:27:11.000Z</time></trkpt><trkpt lat="35.669395979493856" lon="138.76170937903225"><ele>1103.0</ele><time>2025-03-01T01:27:23.000Z</time></trkpt><trkpt lat="35.66938198171556" lon="138.76176939345896"><ele>1105.199951171875</ele><time>2025-03-01T01:27:34.000Z</time></trkpt><trkpt lat="35.66936228424311" lon="138.7618577387184"><ele>1107.800048828125</ele><time>2025-03-01T01:27:47.000Z</time></trkpt><trkpt lat="35.66935088485479" lon="138.76188665628433"><ele>1110.0</ele><time>2025-03-01T01:27:58.000Z</time></trkpt><trkpt lat="35.66934644244611" lon="138.76190979033709"><ele>1110.5999755859375</ele><time>2025-03-01T01:28:10.000Z</time></trkpt><trkpt lat="35.66931123845279" lon="138.7618897575885"><ele>1110.4000244140625</ele><time>2025-03-01T01:28:18.000Z</time></trkpt><trkpt lat="35.669333366677165" lon="138.76192177645862"><ele>1110.4000244140625</ele><time>2025-03-01T01:28:27.000Z</time></trkpt><trkpt lat="35.66934292204678" lon="138.76194306649268"><ele>1110.0</ele><time>2025-03-01T01:28:31.000Z</time></trkpt><trkpt lat="35.6693659722805" lon="138.7620068527758"><ele>1110.0</ele><time>2025-03-01T01:28:37.000Z</time></trkpt><trkpt lat="35.66939564421773" lon="138.7621357664466"><ele>1108.800048828125</ele><time>2025-03-01T01:28:47.000Z</time></trkpt><trkpt lat="35.669408133253455" lon="138.76217105425894"><ele>1108.4000244140625</ele><time>2025-03-01T01:28:50.000Z</time></trkpt><trkpt lat="35.66946906968951" lon="138.7622842937708"><ele>1107.4000244140625</ele><time>2025-03-01T01:29:00.000Z</time></trkpt><trkpt lat="35.669483821839094" lon="138.76235947944224"><ele>1106.4000244140625</ele><time>2025-03-01T01:29:06.000Z</time></trkpt><trkpt lat="35.66950695589185" lon="138.7624600622803"><ele>1104.800048828125</ele><time>2025-03-01T01:29:15.000Z</time></trkpt><trkpt lat="35.66949773579836" lon="138.76259819604456"><ele>1103.4000244140625</ele><time>2025-03-01T01:29:28.000Z</time></trkpt><trkpt lat="35.66948616877198" lon="138.76268243417144"><ele>1102.0</ele><time>2025-03-01T01:29:37.000Z</time></trkpt><trkpt lat="35.66948273219168" lon="138.76271202228963"><ele>1101.5999755859375</ele><time>2025-03-01T01:29:39.000Z</time></trkpt><trkpt lat="35.66949865780771" lon="138.7628118507564"><ele>1100.0</ele><time>2025-03-01T01:29:46.000Z</time></trkpt><trkpt lat="35.66949186846614" lon="138.76286482438445"><ele>1099.199951171875</ele><time>2025-03-01T01:29:51.000Z</time></trkpt><trkpt lat="35.66948658786714" lon="138.76294914633036"><ele>1098.800048828125</ele><time>2025-03-01T01:29:58.000Z</time></trkpt><trkpt lat="35.66949664615095" lon="138.76303187571466"><ele>1098.800048828125</ele><time>2025-03-01T01:30:04.000Z</time></trkpt><trkpt lat="35.66949647851288" lon="138.7630990985781"><ele>1098.5999755859375</ele><time>2025-03-01T01:30:09.000Z</time></trkpt><trkpt lat="35.66950846463442" lon="138.76313723623753"><ele>1098.4000244140625</ele><time>2025-03-01T01:30:12.000Z</time></trkpt><trkpt lat="35.669504860416055" lon="138.76319733448327"><ele>1097.800048828125</ele><time>2025-03-01T01:30:16.000Z</time></trkpt><trkpt lat="35.6694991607219" lon="138.7632402498275"><ele>1097.0</ele><time>2025-03-01T01:30:25.000Z</time></trkpt><trkpt lat="35.66948935389519" lon="138.76324142329395"><ele>1096.4000244140625</ele><time>2025-03-01T01:30:42.000Z</time></trkpt><trkpt lat="35.669485833495855" lon="138.76328106969595"><ele>1097.4000244140625</ele><time>2025-03-01T01:30:57.000Z</time></trkpt><trkpt lat="35.669482899829745" lon="138.76330755650997"><ele>1097.199951171875</ele><time>2025-03-01T01:30:59.000Z</time></trkpt><trkpt lat="35.66946655511856" lon="138.76339556649327"><ele>1097.199951171875</ele><time>2025-03-01T01:31:08.000Z</time></trkpt><trkpt lat="35.66946806386113" lon="138.76351735554636"><ele>1097.800048828125</ele><time>2025-03-01T01:31:19.000Z</time></trkpt><trkpt lat="35.66944585181773" lon="138.76359161920846"><ele>1099.199951171875</ele><time>2025-03-01T01:31:28.000Z</time></trkpt><trkpt lat="35.66942313686013" lon="138.76367476768792"><ele>1102.0</ele><time>2025-03-01T01:31:40.000Z</time></trkpt><trkpt lat="35.6694021821022" lon="138.76377325505018"><ele>1104.800048828125</ele><time>2025-03-01T01:31:52.000Z</time></trkpt><trkpt lat="35.66938382573426" lon="138.76382254064083"><ele>1107.4000244140625</ele><time>2025-03-01T01:32:03.000Z</time></trkpt><trkpt lat="35.66937644965947" lon="138.76383637078106"><ele>1108.4000244140625</ele><time>2025-03-01T01:32:14.000Z</time></trkpt><trkpt lat="35.66935767419636" lon="138.76387182623148"><ele>1109.5999755859375</ele><time>2025-03-01T01:32:22.000Z</time></trkpt><trkpt lat="35.669332863762975" lon="138.7639530468732"><ele>1110.5999755859375</ele><time>2025-03-01T01:32:31.000Z</time></trkpt><trkpt lat="35.66931459121406" lon="138.76400576904416"><ele>1110.800048828125</ele><time>2025-03-01T01:32:37.000Z</time></trkpt><trkpt lat="35.66929028369486" lon="138.76410836353898"><ele>1110.4000244140625</ele><time>2025-03-01T01:32:46.000Z</time></trkpt><trkpt lat="35.66926429979503" lon="138.7641625944525"><ele>1110.800048828125</ele><time>2025-03-01T01:32:54.000Z</time></trkpt><trkpt lat="35.669241081923246" lon="138.7642228603363"><ele>1111.0</ele><time>2025-03-01T01:33:03.000Z</time></trkpt><trkpt lat="35.66922423429787" lon="138.76424859277904"><ele>1111.800048828125</ele><time>2025-03-01T01:33:12.000Z</time></trkpt><trkpt lat="35.669193556532264" lon="138.76433484256268"><ele>1113.0</ele><time>2025-03-01T01:33:24.000Z</time></trkpt><trkpt lat="35.669176457449794" lon="138.764372728765"><ele>1115.5999755859375</ele><time>2025-03-01T01:33:35.000Z</time></trkpt><trkpt lat="35.66915583796799" lon="138.76443123444915"><ele>1117.5999755859375</ele><time>2025-03-01T01:33:45.000Z</time></trkpt><trkpt lat="35.669117448851466" lon="138.76450206153095"><ele>1119.800048828125</ele><time>2025-03-01T01:33:54.000Z</time></trkpt><trkpt lat="35.66908735781908" lon="138.76454539597034"><ele>1122.0</ele><time>2025-03-01T01:34:03.000Z</time></trkpt><trkpt lat="35.66907277330756" lon="138.7645465694368"><ele>1123.4000244140625</ele><time>2025-03-01T01:34:15.000Z</time></trkpt><trkpt lat="35.66907704807818" lon="138.76454338431358"><ele>1123.0</ele><time>2025-03-01T01:34:24.000Z</time></trkpt><trkpt lat="35.669065564870834" lon="138.76454439014196"><ele>1123.800048828125</ele><time>2025-03-01T01:34:35.000Z</time></trkpt><trkpt lat="35.66905852407217" lon="138.7645437195897"><ele>1123.800048828125</ele><time>2025-03-01T01:35:01.000Z</time></trkpt><trkpt lat="35.669053327292204" lon="138.76453089527786"><ele>1124.0</ele><time>2025-03-01T01:35:26.000Z</time></trkpt><trkpt lat="35.669065564870834" lon="138.7645061686635"><ele>1123.800048828125</ele><time>2025-03-01T01:35:35.000Z</time></trkpt><trkpt lat="35.6690654810518" lon="138.76450449228287"><ele>1123.5999755859375</ele><time>2025-03-01T01:35:51.000Z</time></trkpt><trkpt lat="35.66906372085214" lon="138.764504827559"><ele>1123.5999755859375</ele><time>2025-03-01T01:36:06.000Z</time></trkpt><trkpt lat="35.66906397230923" lon="138.76450549811125"><ele>1123.5999755859375</ele><time>2025-03-01T01:36:28.000Z</time></trkpt><trkpt lat="35.66906087100506" lon="138.76452033407986"><ele>1125.0</ele><time>2025-03-01T01:36:39.000Z</time></trkpt><trkpt lat="35.669062631204724" lon="138.7645275425166"><ele>1123.5999755859375</ele><time>2025-03-01T01:36:43.000Z</time></trkpt><trkpt lat="35.66905994899571" lon="138.76453005708754"><ele>1124.800048828125</ele><time>2025-03-01T01:36:52.000Z</time></trkpt><trkpt lat="35.66905835643411" lon="138.76453223638237"><ele>1121.199951171875</ele><time>2025-03-01T01:37:08.000Z</time></trkpt><trkpt lat="35.66905659623444" lon="138.76452988944948"><ele>1124.199951171875</ele><time>2025-03-01T01:37:15.000Z</time></trkpt><trkpt lat="35.669055758044124" lon="138.7645325716585"><ele>1125.199951171875</ele><time>2025-03-01T01:37:17.000Z</time></trkpt><trkpt lat="35.66904578357935" lon="138.76452921889722"><ele>1122.5999755859375</ele><time>2025-03-01T01:37:33.000Z</time></trkpt><trkpt lat="35.669042682275176" lon="138.76452745869756"><ele>1123.0</ele><time>2025-03-01T01:37:51.000Z</time></trkpt><trkpt lat="35.66904368810356" lon="138.76453374512494"><ele>1123.199951171875</ele><time>2025-03-01T01:38:05.000Z</time></trkpt><trkpt lat="35.66905114799738" lon="138.7645373493433"><ele>1123.800048828125</ele><time>2025-03-01T01:38:25.000Z</time></trkpt><trkpt lat="35.66904938779771" lon="138.7645328231156"><ele>1122.5999755859375</ele><time>2025-03-01T01:38:54.000Z</time></trkpt><trkpt lat="35.669042682275176" lon="138.76452779397368"><ele>1123.4000244140625</ele><time>2025-03-01T01:39:19.000Z</time></trkpt><trkpt lat="35.66904385574162" lon="138.7645238544792"><ele>1124.4000244140625</ele><time>2025-03-01T01:39:47.000Z</time></trkpt><trkpt lat="35.669044526293874" lon="138.76452351920307"><ele>1124.0</ele><time>2025-03-01T01:40:17.000Z</time></trkpt><trkpt lat="35.66904519684613" lon="138.76452343538404"><ele>1125.800048828125</ele><time>2025-03-01T01:40:44.000Z</time></trkpt><trkpt lat="35.66904578357935" lon="138.7645272910595"><ele>1124.0</ele><time>2025-03-01T01:41:06.000Z</time></trkpt><trkpt lat="35.66904075443745" lon="138.76452745869756"><ele>1124.4000244140625</ele><time>2025-03-01T01:41:32.000Z</time></trkpt><trkpt lat="35.66905265673995" lon="138.76452444121242"><ele>1125.800048828125</ele><time>2025-03-01T01:41:43.000Z</time></trkpt><trkpt lat="35.669056260958314" lon="138.76451949588954"><ele>1125.199951171875</ele><time>2025-03-01T01:42:07.000Z</time></trkpt><trkpt lat="35.66905592568219" lon="138.76451664604247"><ele>1124.199951171875</ele><time>2025-03-01T01:42:21.000Z</time></trkpt><trkpt lat="35.66906053572893" lon="138.76451522111893"><ele>1125.800048828125</ele><time>2025-03-01T01:42:44.000Z</time></trkpt><trkpt lat="35.66904737614095" lon="138.764523351565"><ele>1125.0</ele><time>2025-03-01T01:42:53.000Z</time></trkpt><trkpt lat="35.669054416939616" lon="138.76451413147151"><ele>1125.4000244140625</ele><time>2025-03-01T01:43:11.000Z</time></trkpt><trkpt lat="35.669054416939616" lon="138.76451245509088"><ele>1125.800048828125</ele><time>2025-03-01T01:43:19.000Z</time></trkpt><trkpt lat="35.66905416548252" lon="138.76451245509088"><ele>1124.199951171875</ele><time>2025-03-01T01:43:22.000Z</time></trkpt><trkpt lat="35.66907084546983" lon="138.76453659497201"><ele>1125.0</ele><time>2025-03-01T01:43:29.000Z</time></trkpt><trkpt lat="35.66907771863043" lon="138.76458504237235"><ele>1124.800048828125</ele><time>2025-03-01T01:43:39.000Z</time></trkpt><trkpt lat="35.66908702254295" lon="138.76464195549488"><ele>1123.4000244140625</ele><time>2025-03-01T01:43:48.000Z</time></trkpt><trkpt lat="35.6691140960902" lon="138.76472191885114"><ele>1120.5999755859375</ele><time>2025-03-01T01:44:02.000Z</time></trkpt><trkpt lat="35.66912993788719" lon="138.76479777507484"><ele>1118.0</ele><time>2025-03-01T01:44:14.000Z</time></trkpt><trkpt lat="35.66916857846081" lon="138.76488075591624"><ele>1115.4000244140625</ele><time>2025-03-01T01:44:26.000Z</time></trkpt><trkpt lat="35.6691846717149" lon="138.76494982279837"><ele>1112.800048828125</ele><time>2025-03-01T01:44:36.000Z</time></trkpt><trkpt lat="35.669208727777004" lon="138.76498896628618"><ele>1111.199951171875</ele><time>2025-03-01T01:44:48.000Z</time></trkpt><trkpt lat="35.669206799939275" lon="138.7650299537927"><ele>1109.0</ele><time>2025-03-01T01:44:58.000Z</time></trkpt><trkpt lat="35.66922473721206" lon="138.76507773064077"><ele>1107.199951171875</ele><time>2025-03-01T01:45:11.000Z</time></trkpt><trkpt lat="35.66924409940839" lon="138.76513749361038"><ele>1105.4000244140625</ele><time>2025-03-01T01:45:22.000Z</time></trkpt><trkpt lat="35.6692504696548" lon="138.7652046326548"><ele>1103.199951171875</ele><time>2025-03-01T01:45:32.000Z</time></trkpt><trkpt lat="35.66926362924278" lon="138.76527328044176"><ele>1101.0</ele><time>2025-03-01T01:45:42.000Z</time></trkpt><trkpt lat="35.669280560687184" lon="138.76537528820336"><ele>1098.4000244140625</ele><time>2025-03-01T01:45:53.000Z</time></trkpt><trkpt lat="35.669286428019404" lon="138.76540856435895"><ele>1097.5999755859375</ele><time>2025-03-01T01:45:56.000Z</time></trkpt><trkpt lat="35.66933621652424" lon="138.7655556667596"><ele>1094.800048828125</ele><time>2025-03-01T01:46:07.000Z</time></trkpt><trkpt lat="35.669364631175995" lon="138.76563982106745"><ele>1093.199951171875</ele><time>2025-03-01T01:46:15.000Z</time></trkpt><trkpt lat="35.66939706914127" lon="138.76571534201503"><ele>1091.5999755859375</ele><time>2025-03-01T01:46:23.000Z</time></trkpt><trkpt lat="35.66942187957466" lon="138.76582447439432"><ele>1090.4000244140625</ele><time>2025-03-01T01:46:31.000Z</time></trkpt><trkpt lat="35.66946202889085" lon="138.76593746244907"><ele>1089.800048828125</ele><time>2025-03-01T01:46:40.000Z</time></trkpt><trkpt lat="35.669502932578325" lon="138.76599915325642"><ele>1091.4000244140625</ele><time>2025-03-01T01:46:47.000Z</time></trkpt><trkpt lat="35.6695266533643" lon="138.76607274636626"><ele>1094.5999755859375</ele><time>2025-03-01T01:46:57.000Z</time></trkpt><trkpt lat="35.6695940438658" lon="138.76612194813788"><ele>1097.199951171875</ele><time>2025-03-01T01:47:07.000Z</time></trkpt><trkpt lat="35.66964835859835" lon="138.76621297560632"><ele>1099.199951171875</ele><time>2025-03-01T01:47:15.000Z</time></trkpt><trkpt lat="35.66966696642339" lon="138.7662776838988"><ele>1099.199951171875</ele><time>2025-03-01T01:47:20.000Z</time></trkpt><trkpt lat="35.66966034471989" lon="138.76629889011383"><ele>1099.199951171875</ele><time>2025-03-01T01:47:22.000Z</time></trkpt><trkpt lat="35.66968305967748" lon="138.766381284222"><ele>1098.5999755859375</ele><time>2025-03-01T01:47:30.000Z</time></trkpt><trkpt lat="35.66971633583307" lon="138.76642478629947"><ele>1097.0</ele><time>2025-03-01T01:47:41.000Z</time></trkpt><trkpt lat="35.669738380238414" lon="138.7664727307856"><ele>1095.5999755859375</ele><time>2025-03-01T01:47:50.000Z</time></trkpt><trkpt lat="35.66975086927414" lon="138.76650064252317"><ele>1093.4000244140625</ele><time>2025-03-01T01:48:00.000Z</time></trkpt><trkpt lat="35.66978355869651" lon="138.76652922481298"><ele>1091.0</ele><time>2025-03-01T01:48:11.000Z</time></trkpt><trkpt lat="35.6698184274137" lon="138.76660013571382"><ele>1088.4000244140625</ele><time>2025-03-01T01:48:22.000Z</time></trkpt><trkpt lat="35.66986167803407" lon="138.7666790932417"><ele>1086.199951171875</ele><time>2025-03-01T01:48:31.000Z</time></trkpt><trkpt lat="35.66992487758398" lon="138.7667499203235"><ele>1084.5999755859375</ele><time>2025-03-01T01:48:38.000Z</time></trkpt><trkpt lat="35.66993954591453" lon="138.76676676794887"><ele>1084.4000244140625</ele><time>2025-03-01T01:48:40.000Z</time></trkpt><trkpt lat="35.67000752314925" lon="138.7668635789305"><ele>1084.800048828125</ele><time>2025-03-01T01:48:50.000Z</time></trkpt><trkpt lat="35.67008078098297" lon="138.76697489060462"><ele>1087.199951171875</ele><time>2025-03-01T01:49:03.000Z</time></trkpt><trkpt lat="35.670124953612685" lon="138.76704228110611"><ele>1090.199951171875</ele><time>2025-03-01T01:49:15.000Z</time></trkpt><trkpt lat="35.67014909349382" lon="138.76709366217256"><ele>1092.800048828125</ele><time>2025-03-01T01:49:26.000Z</time></trkpt><trkpt lat="35.67019569687545" lon="138.7671505752951"><ele>1094.5999755859375</ele><time>2025-03-01T01:49:36.000Z</time></trkpt><trkpt lat="35.670220926404" lon="138.76723472960293"><ele>1096.4000244140625</ele><time>2025-03-01T01:49:44.000Z</time></trkpt><trkpt lat="35.67021816037595" lon="138.7673556804657"><ele>1097.0</ele><time>2025-03-01T01:49:54.000Z</time></trkpt><trkpt lat="35.67021229304373" lon="138.76739096827805"><ele>1097.199951171875</ele><time>2025-03-01T01:49:57.000Z</time></trkpt><trkpt lat="35.67022545263171" lon="138.76754351891577"><ele>1096.800048828125</ele><time>2025-03-01T01:50:08.000Z</time></trkpt><trkpt lat="35.670228051021695" lon="138.7676268350333"><ele>1097.199951171875</ele><time>2025-03-01T01:50:16.000Z</time></trkpt><trkpt lat="35.67025747150183" lon="138.76778257079422"><ele>1099.4000244140625</ele><time>2025-03-01T01:50:29.000Z</time></trkpt><trkpt lat="35.67026845179498" lon="138.7678223848343"><ele>1100.0</ele><time>2025-03-01T01:50:32.000Z</time></trkpt><trkpt lat="35.67032008431852" lon="138.76791073009372"><ele>1100.5999755859375</ele><time>2025-03-01T01:50:41.000Z</time></trkpt><trkpt lat="35.67035377956927" lon="138.7680478580296"><ele>1101.4000244140625</ele><time>2025-03-01T01:50:51.000Z</time></trkpt><trkpt lat="35.670360988005996" lon="138.76817132346332"><ele>1101.800048828125</ele><time>2025-03-01T01:51:00.000Z</time></trkpt><trkpt lat="35.67034564912319" lon="138.76824575476348"><ele>1102.199951171875</ele><time>2025-03-01T01:51:05.000Z</time></trkpt><trkpt lat="35.670331148430705" lon="138.76827584579587"><ele>1102.4000244140625</ele><time>2025-03-01T01:51:08.000Z</time></trkpt><trkpt lat="35.67031723447144" lon="138.76836192794144"><ele>1102.4000244140625</ele><time>2025-03-01T01:51:17.000Z</time></trkpt><trkpt lat="35.67031337879598" lon="138.76837181858718"><ele>1102.4000244140625</ele><time>2025-03-01T01:51:18.000Z</time></trkpt><trkpt lat="35.67030809819698" lon="138.7684183381498"><ele>1102.0</ele><time>2025-03-01T01:51:21.000Z</time></trkpt><trkpt lat="35.670301895588636" lon="138.76845044083893"><ele>1101.800048828125</ele><time>2025-03-01T01:51:28.000Z</time></trkpt><trkpt lat="35.670288568362594" lon="138.76849268563092"><ele>1101.5999755859375</ele><time>2025-03-01T01:51:36.000Z</time></trkpt><trkpt lat="35.67029929719865" lon="138.76854993402958"><ele>1101.5999755859375</ele><time>2025-03-01T01:51:41.000Z</time></trkpt><trkpt lat="35.67028345540166" lon="138.7687019817531"><ele>1102.800048828125</ele><time>2025-03-01T01:51:51.000Z</time></trkpt><trkpt lat="35.670276917517185" lon="138.76881144940853"><ele>1103.800048828125</ele><time>2025-03-01T01:52:00.000Z</time></trkpt><trkpt lat="35.67027381621301" lon="138.76881203614175"><ele>1104.4000244140625</ele><time>2025-03-01T01:52:10.000Z</time></trkpt><trkpt lat="35.67025084979832" lon="138.76888688653708"><ele>1106.0</ele><time>2025-03-01T01:52:21.000Z</time></trkpt><trkpt lat="35.67022788338363" lon="138.7689722981304"><ele>1106.800048828125</ele><time>2025-03-01T01:52:30.000Z</time></trkpt><trkpt lat="35.67020516842604" lon="138.76902719959617"><ele>1109.0</ele><time>2025-03-01T01:52:41.000Z</time></trkpt><trkpt lat="35.670186979696155" lon="138.76909023150802"><ele>1108.199951171875</ele><time>2025-03-01T01:52:51.000Z</time></trkpt><trkpt lat="35.67018857225776" lon="138.76912493258715"><ele>1111.4000244140625</ele><time>2025-03-01T01:52:55.000Z</time></trkpt><trkpt lat="35.670178178697824" lon="138.76922694034874"><ele>1112.800048828125</ele><time>2025-03-01T01:53:08.000Z</time></trkpt><trkpt lat="35.67018027417362" lon="138.76931017264724"><ele>1115.4000244140625</ele><time>2025-03-01T01:53:19.000Z</time></trkpt><trkpt lat="35.670169461518526" lon="138.76934219151735"><ele>1117.800048828125</ele><time>2025-03-01T01:53:28.000Z</time></trkpt><trkpt lat="35.67015395499766" lon="138.76936934888363"><ele>1119.5999755859375</ele><time>2025-03-01T01:53:36.000Z</time></trkpt><trkpt lat="35.67013434134424" lon="138.76943514682353"><ele>1122.199951171875</ele><time>2025-03-01T01:53:48.000Z</time></trkpt><trkpt lat="35.67015118896961" lon="138.76948493532836"><ele>1124.199951171875</ele><time>2025-03-01T01:53:58.000Z</time></trkpt><trkpt lat="35.670154290273786" lon="138.7694958318025"><ele>1126.4000244140625</ele><time>2025-03-01T01:54:14.000Z</time></trkpt><trkpt lat="35.67016485147178" lon="138.76954251900315"><ele>1127.800048828125</ele><time>2025-03-01T01:54:26.000Z</time></trkpt><trkpt lat="35.670184548944235" lon="138.76958082430065"><ele>1129.4000244140625</ele><time>2025-03-01T01:54:35.000Z</time></trkpt><trkpt lat="35.67019469104707" lon="138.76965592615306"><ele>1132.0</ele><time>2025-03-01T01:54:48.000Z</time></trkpt><trkpt lat="35.6702000554651" lon="138.76968408934772"><ele>1134.0</ele><time>2025-03-01T01:54:59.000Z</time></trkpt><trkpt lat="35.670217322185636" lon="138.76972985453904"><ele>1136.0</ele><time>2025-03-01T01:55:09.000Z</time></trkpt><trkpt lat="35.6702536996454" lon="138.7697778828442"><ele>1138.199951171875</ele><time>2025-03-01T01:55:21.000Z</time></trkpt><trkpt lat="35.67027482204139" lon="138.76978442072868"><ele>1139.800048828125</ele><time>2025-03-01T01:55:32.000Z</time></trkpt><trkpt lat="35.670279851183295" lon="138.76978274434805"><ele>1139.4000244140625</ele><time>2025-03-01T01:55:43.000Z</time></trkpt><trkpt lat="35.6702795997262" lon="138.7697841692716"><ele>1140.5999755859375</ele><time>2025-03-01T01:55:58.000Z</time></trkpt><trkpt lat="35.670314971357584" lon="138.7697953172028"><ele>1140.4000244140625</ele><time>2025-03-01T01:56:05.000Z</time></trkpt><trkpt lat="35.67042963579297" lon="138.7698299344629"><ele>1140.4000244140625</ele><time>2025-03-01T01:56:15.000Z</time></trkpt><trkpt lat="35.670521249994636" lon="138.7698730174452"><ele>1140.800048828125</ele><time>2025-03-01T01:56:25.000Z</time></trkpt><trkpt lat="35.67061378620565" lon="138.7699218839407"><ele>1143.0</ele><time>2025-03-01T01:56:37.000Z</time></trkpt><trkpt lat="35.67071286030114" lon="138.76997083425522"><ele>1145.5999755859375</ele><time>2025-03-01T01:56:49.000Z</time></trkpt><trkpt lat="35.6707788258791" lon="138.7700011767447"><ele>1147.800048828125</ele><time>2025-03-01T01:56:59.000Z</time></trkpt><trkpt lat="35.6708322186023" lon="138.77002095803618"><ele>1149.800048828125</ele><time>2025-03-01T01:57:08.000Z</time></trkpt><trkpt lat="35.670891646295786" lon="138.77002959139645"><ele>1152.0</ele><time>2025-03-01T01:57:20.000Z</time></trkpt><trkpt lat="35.67094135098159" lon="138.7700553238392"><ele>1154.0</ele><time>2025-03-01T01:57:30.000Z</time></trkpt><trkpt lat="35.670959958806634" lon="138.77006244845688"><ele>1156.199951171875</ele><time>2025-03-01T01:57:43.000Z</time></trkpt><trkpt lat="35.67099943757057" lon="138.77006932161748"><ele>1157.5999755859375</ele><time>2025-03-01T01:57:54.000Z</time></trkpt><trkpt lat="35.67102877423167" lon="138.770094467327"><ele>1159.5999755859375</ele><time>2025-03-01T01:58:07.000Z</time></trkpt><trkpt lat="35.67106079310179" lon="138.77011785283685"><ele>1161.5999755859375</ele><time>2025-03-01T01:58:17.000Z</time></trkpt><trkpt lat="35.67110454663634" lon="138.77019404433668"><ele>1163.800048828125</ele><time>2025-03-01T01:58:28.000Z</time></trkpt><trkpt lat="35.67111661657691" lon="138.77021994441748"><ele>1164.199951171875</ele><time>2025-03-01T01:58:36.000Z</time></trkpt><trkpt lat="35.67112005315721" lon="138.77023167908192"><ele>1164.199951171875</ele><time>2025-03-01T01:58:37.000Z</time></trkpt><trkpt lat="35.67116271704435" lon="138.77035204321146"><ele>1164.4000244140625</ele><time>2025-03-01T01:58:48.000Z</time></trkpt><trkpt lat="35.67120898514986" lon="138.7704634387046"><ele>1162.800048828125</ele><time>2025-03-01T01:58:58.000Z</time></trkpt><trkpt lat="35.67128961905837" lon="138.77059754915535"><ele>1161.0</ele><time>2025-03-01T01:59:10.000Z</time></trkpt><trkpt lat="35.67132323049009" lon="138.77066669985652"><ele>1160.5999755859375</ele><time>2025-03-01T01:59:16.000Z</time></trkpt><trkpt lat="35.67134963348508" lon="138.77079896628857"><ele>1161.4000244140625</ele><time>2025-03-01T01:59:26.000Z</time></trkpt><trkpt lat="35.67135055549443" lon="138.77091723494232"><ele>1161.800048828125</ele><time>2025-03-01T01:59:36.000Z</time></trkpt><trkpt lat="35.67134762182832" lon="138.7709377706051"><ele>1161.5999755859375</ele><time>2025-03-01T01:59:44.000Z</time></trkpt><trkpt lat="35.6713451910764" lon="138.77096777781844"><ele>1161.5999755859375</ele><time>2025-03-01T01:59:46.000Z</time></trkpt><trkpt lat="35.6713642179966" lon="138.77114337868989"><ele>1161.199951171875</ele><time>2025-03-01T01:59:58.000Z</time></trkpt><trkpt lat="35.67138592712581" lon="138.77123574726284"><ele>1161.4000244140625</ele><time>2025-03-01T02:00:06.000Z</time></trkpt><trkpt lat="35.671387519687414" lon="138.7712541874498"><ele>1160.5999755859375</ele><time>2025-03-01T02:00:14.000Z</time></trkpt><trkpt lat="35.67139137536287" lon="138.77128394320607"><ele>1160.5999755859375</ele><time>2025-03-01T02:00:16.000Z</time></trkpt><trkpt lat="35.6714004278183" lon="138.77132912166417"><ele>1162.0</ele><time>2025-03-01T02:00:19.000Z</time></trkpt><trkpt lat="35.67142507061362" lon="138.77143766731024"><ele>1162.0</ele><time>2025-03-01T02:00:28.000Z</time></trkpt><trkpt lat="35.67142498679459" lon="138.77144638448954"><ele>1162.0</ele><time>2025-03-01T02:00:31.000Z</time></trkpt><trkpt lat="35.67142733372748" lon="138.77154386602342"><ele>1162.199951171875</ele><time>2025-03-01T02:00:37.000Z</time></trkpt><trkpt lat="35.67143227905035" lon="138.77169775776565"><ele>1161.199951171875</ele><time>2025-03-01T02:00:48.000Z</time></trkpt><trkpt lat="35.67141626961529" lon="138.77181719988585"><ele>1162.199951171875</ele><time>2025-03-01T02:00:57.000Z</time></trkpt><trkpt lat="35.6713623739779" lon="138.7719336245209"><ele>1163.5999755859375</ele><time>2025-03-01T02:01:06.000Z</time></trkpt><trkpt lat="35.67132423631847" lon="138.7720393203199"><ele>1165.199951171875</ele><time>2025-03-01T02:01:16.000Z</time></trkpt><trkpt lat="35.67130856215954" lon="138.77207804471254"><ele>1167.199951171875</ele><time>2025-03-01T02:01:24.000Z</time></trkpt><trkpt lat="35.67129297181964" lon="138.77216069027781"><ele>1167.5999755859375</ele><time>2025-03-01T02:01:34.000Z</time></trkpt><trkpt lat="35.671285931020975" lon="138.7721701618284"><ele>1168.4000244140625</ele><time>2025-03-01T02:02:00.000Z</time></trkpt><trkpt lat="35.67130126990378" lon="138.77224291674793"><ele>1166.5999755859375</ele><time>2025-03-01T02:02:08.000Z</time></trkpt><trkpt lat="35.671322140842676" lon="138.77229035831988"><ele>1165.199951171875</ele><time>2025-03-01T02:02:16.000Z</time></trkpt><trkpt lat="35.67134711891413" lon="138.77231676131487"><ele>1163.5999755859375</ele><time>2025-03-01T02:02:23.000Z</time></trkpt><trkpt lat="35.67137327045202" lon="138.77234919928014"><ele>1161.4000244140625</ele><time>2025-03-01T02:02:30.000Z</time></trkpt><trkpt lat="35.671383161097765" lon="138.7723881751299"><ele>1160.0</ele><time>2025-03-01T02:02:38.000Z</time></trkpt><trkpt lat="35.671406127512455" lon="138.77241893671453"><ele>1157.0</ele><time>2025-03-01T02:02:47.000Z</time></trkpt><trkpt lat="35.6714416667819" lon="138.77246294170618"><ele>1155.800048828125</ele><time>2025-03-01T02:02:56.000Z</time></trkpt><trkpt lat="35.671532191336155" lon="138.7725829705596"><ele>1153.800048828125</ele><time>2025-03-01T02:03:07.000Z</time></trkpt><trkpt lat="35.67162246443331" lon="138.7726702261716"><ele>1153.0</ele><time>2025-03-01T02:03:16.000Z</time></trkpt><trkpt lat="35.67168935202062" lon="138.77276997081935"><ele>1153.0</ele><time>2025-03-01T02:03:24.000Z</time></trkpt><trkpt lat="35.67172899842262" lon="138.77285513095558"><ele>1153.199951171875</ele><time>2025-03-01T02:03:32.000Z</time></trkpt><trkpt lat="35.671768728643656" lon="138.77292805351317"><ele>1155.0</ele><time>2025-03-01T02:03:41.000Z</time></trkpt><trkpt lat="35.671811643987894" lon="138.77300944179296"><ele>1157.5999755859375</ele><time>2025-03-01T02:03:51.000Z</time></trkpt><trkpt lat="35.67184517160058" lon="138.77307448536158"><ele>1160.5999755859375</ele><time>2025-03-01T02:04:01.000Z</time></trkpt><trkpt lat="35.67187543027103" lon="138.77313232049346"><ele>1162.800048828125</ele><time>2025-03-01T02:04:12.000Z</time></trkpt><trkpt lat="35.67193326540291" lon="138.77320214174688"><ele>1164.800048828125</ele><time>2025-03-01T02:04:22.000Z</time></trkpt><trkpt lat="35.671989088878036" lon="138.77326743677258"><ele>1166.199951171875</ele><time>2025-03-01T02:04:31.000Z</time></trkpt><trkpt lat="35.67204876802862" lon="138.773326696828"><ele>1167.0</ele><time>2025-03-01T02:04:40.000Z</time></trkpt><trkpt lat="35.6721081957221" lon="138.7733932491392"><ele>1169.5999755859375</ele><time>2025-03-01T02:04:53.000Z</time></trkpt><trkpt lat="35.672159073874354" lon="138.77342266961932"><ele>1171.0</ele><time>2025-03-01T02:05:03.000Z</time></trkpt><trkpt lat="35.67221405915916" lon="138.7734706979245"><ele>1173.199951171875</ele><time>2025-03-01T02:05:13.000Z</time></trkpt><trkpt lat="35.672284718602896" lon="138.77353741787374"><ele>1176.0</ele><time>2025-03-01T02:05:24.000Z</time></trkpt><trkpt lat="35.67231556400657" lon="138.77361067570746"><ele>1178.199951171875</ele><time>2025-03-01T02:05:34.000Z</time></trkpt><trkpt lat="35.67231958732009" lon="138.7736797425896"><ele>1178.4000244140625</ele><time>2025-03-01T02:05:47.000Z</time></trkpt><trkpt lat="35.672348421067" lon="138.7738248333335"><ele>1177.4000244140625</ele><time>2025-03-01T02:05:57.000Z</time></trkpt><trkpt lat="35.67234355956316" lon="138.77396355383098"><ele>1177.0</ele><time>2025-03-01T02:06:07.000Z</time></trkpt><trkpt lat="35.67233509384096" lon="138.77399657852948"><ele>1177.4000244140625</ele><time>2025-03-01T02:06:14.000Z</time></trkpt><trkpt lat="35.67232729867101" lon="138.77401149831712"><ele>1177.0</ele><time>2025-03-01T02:06:24.000Z</time></trkpt><trkpt lat="35.67233039997518" lon="138.7740079779178"><ele>1177.4000244140625</ele><time>2025-03-01T02:06:41.000Z</time></trkpt><trkpt lat="35.67234012298286" lon="138.77398719079792"><ele>1178.199951171875</ele><time>2025-03-01T02:06:48.000Z</time></trkpt><trkpt lat="35.672344230115414" lon="138.77400336787105"><ele>1178.5999755859375</ele><time>2025-03-01T02:06:59.000Z</time></trkpt><trkpt lat="35.6723896600306" lon="138.77405156381428"><ele>1178.0</ele><time>2025-03-01T02:07:10.000Z</time></trkpt><trkpt lat="35.67241832613945" lon="138.7741028610617"><ele>1176.4000244140625</ele><time>2025-03-01T02:07:19.000Z</time></trkpt><trkpt lat="35.672464929521084" lon="138.77416823990643"><ele>1173.199951171875</ele><time>2025-03-01T02:07:30.000Z</time></trkpt><trkpt lat="35.67250784486532" lon="138.77424233593047"><ele>1170.199951171875</ele><time>2025-03-01T02:07:40.000Z</time></trkpt><trkpt lat="35.67255763337016" lon="138.77431257627904"><ele>1167.4000244140625</ele><time>2025-03-01T02:07:50.000Z</time></trkpt><trkpt lat="35.67261756397784" lon="138.77438046969473"><ele>1164.4000244140625</ele><time>2025-03-01T02:07:59.000Z</time></trkpt><trkpt lat="35.672660395503044" lon="138.7744466867298"><ele>1161.199951171875</ele><time>2025-03-01T02:08:09.000Z</time></trkpt><trkpt lat="35.67268948070705" lon="138.77453343942761"><ele>1158.0</ele><time>2025-03-01T02:08:22.000Z</time></trkpt><trkpt lat="35.67273407243192" lon="138.77460828982294"><ele>1156.0</ele><time>2025-03-01T02:08:30.000Z</time></trkpt><trkpt lat="35.67274086177349" lon="138.7746150791645"><ele>1155.800048828125</ele><time>2025-03-01T02:08:31.000Z</time></trkpt><trkpt lat="35.672777742147446" lon="138.77469453960657"><ele>1155.4000244140625</ele><time>2025-03-01T02:08:41.000Z</time></trkpt><trkpt lat="35.67279643379152" lon="138.77474281936884"><ele>1155.5999755859375</ele><time>2025-03-01T02:08:52.000Z</time></trkpt><trkpt lat="35.67287279292941" lon="138.77480518072844"><ele>1156.5999755859375</ele><time>2025-03-01T02:09:02.000Z</time></trkpt><trkpt lat="35.67293322645128" lon="138.77484826371074"><ele>1157.800048828125</ele><time>2025-03-01T02:09:10.000Z</time></trkpt><trkpt lat="35.67294563166797" lon="138.77486393786967"><ele>1158.199951171875</ele><time>2025-03-01T02:09:12.000Z</time></trkpt><trkpt lat="35.67300262860954" lon="138.77493157982826"><ele>1159.800048828125</ele><time>2025-03-01T02:09:20.000Z</time></trkpt><trkpt lat="35.6730183865875" lon="138.7749456614256"><ele>1160.0</ele><time>2025-03-01T02:09:22.000Z</time></trkpt><trkpt lat="35.673066498711705" lon="138.7749623414129"><ele>1160.800048828125</ele><time>2025-03-01T02:09:26.000Z</time></trkpt><trkpt lat="35.673180324956775" lon="138.7749964557588"><ele>1162.199951171875</ele><time>2025-03-01T02:09:36.000Z</time></trkpt><trkpt lat="35.67319868132472" lon="138.77499972470105"><ele>1162.4000244140625</ele><time>2025-03-01T02:09:38.000Z</time></trkpt><trkpt lat="35.67330429330468" lon="138.77495722845197"><ele>1163.199951171875</ele><time>2025-03-01T02:09:47.000Z</time></trkpt><trkpt lat="35.67338836379349" lon="138.77494348213077"><ele>1164.4000244140625</ele><time>2025-03-01T02:09:56.000Z</time></trkpt><trkpt lat="35.67347226664424" lon="138.77492671832442"><ele>1166.5999755859375</ele><time>2025-03-01T02:10:07.000Z</time></trkpt><trkpt lat="35.673526329919696" lon="138.77491523511708"><ele>1168.199951171875</ele><time>2025-03-01T02:10:16.000Z</time></trkpt><trkpt lat="35.673580477014184" lon="138.77491045743227"><ele>1170.5999755859375</ele><time>2025-03-01T02:10:27.000Z</time></trkpt><trkpt lat="35.673636216670275" lon="138.7748972978443"><ele>1172.4000244140625</ele><time>2025-03-01T02:10:37.000Z</time></trkpt><trkpt lat="35.67369136959314" lon="138.77487869001925"><ele>1174.5999755859375</ele><time>2025-03-01T02:10:47.000Z</time></trkpt><trkpt lat="35.67375616170466" lon="138.7748917657882"><ele>1176.5999755859375</ele><time>2025-03-01T02:10:57.000Z</time></trkpt><trkpt lat="35.673792036250234" lon="138.77490282990038"><ele>1178.0</ele><time>2025-03-01T02:11:08.000Z</time></trkpt><trkpt lat="35.67385481670499" lon="138.7749068532139"><ele>1179.800048828125</ele><time>2025-03-01T02:11:21.000Z</time></trkpt><trkpt lat="35.67388599738479" lon="138.77490006387234"><ele>1181.4000244140625</ele><time>2025-03-01T02:11:31.000Z</time></trkpt><trkpt lat="35.6739351991564" lon="138.77491238527"><ele>1183.199951171875</ele><time>2025-03-01T02:11:41.000Z</time></trkpt><trkpt lat="35.673996889963746" lon="138.77491506747901"><ele>1185.5999755859375</ele><time>2025-03-01T02:11:53.000Z</time></trkpt><trkpt lat="35.674045253545046" lon="138.77495035529137"><ele>1187.4000244140625</ele><time>2025-03-01T02:12:03.000Z</time></trkpt><trkpt lat="35.674096047878265" lon="138.77496778964996"><ele>1190.0</ele><time>2025-03-01T02:12:14.000Z</time></trkpt><trkpt lat="35.67411222495139" lon="138.77498337998986"><ele>1192.199951171875</ele><time>2025-03-01T02:12:27.000Z</time></trkpt><trkpt lat="35.674122367054224" lon="138.77499754540622"><ele>1193.4000244140625</ele><time>2025-03-01T02:12:41.000Z</time></trkpt><trkpt lat="35.67412907257676" lon="138.77500182017684"><ele>1193.5999755859375</ele><time>2025-03-01T02:12:58.000Z</time></trkpt><trkpt lat="35.674145836383104" lon="138.77502118237317"><ele>1194.5999755859375</ele><time>2025-03-01T02:13:09.000Z</time></trkpt><trkpt lat="35.674188416451216" lon="138.77504968084395"><ele>1195.800048828125</ele><time>2025-03-01T02:13:18.000Z</time></trkpt><trkpt lat="35.67424817942083" lon="138.77508639357984"><ele>1198.199951171875</ele><time>2025-03-01T02:13:29.000Z</time></trkpt><trkpt lat="35.674271481111646" lon="138.77508614212275"><ele>1200.4000244140625</ele><time>2025-03-01T02:13:38.000Z</time></trkpt><trkpt lat="35.67427173256874" lon="138.7750860583037"><ele>1200.800048828125</ele><time>2025-03-01T02:13:55.000Z</time></trkpt><trkpt lat="35.67428329959512" lon="138.77509293146431"><ele>1202.0</ele><time>2025-03-01T02:14:09.000Z</time></trkpt><trkpt lat="35.67430484108627" lon="138.7750952783972"><ele>1202.800048828125</ele><time>2025-03-01T02:14:18.000Z</time></trkpt><trkpt lat="35.67430391907692" lon="138.77510064281523"><ele>1202.5999755859375</ele><time>2025-03-01T02:14:29.000Z</time></trkpt><trkpt lat="35.67431322298944" lon="138.7751071806997"><ele>1205.0</ele><time>2025-03-01T02:14:41.000Z</time></trkpt><trkpt lat="35.67434507422149" lon="138.77508848905563"><ele>1204.199951171875</ele><time>2025-03-01T02:14:48.000Z</time></trkpt><trkpt lat="35.674362760037184" lon="138.77509586513042"><ele>1204.5999755859375</ele><time>2025-03-01T02:14:59.000Z</time></trkpt><trkpt lat="35.67439234815538" lon="138.7750833760947"><ele>1206.0</ele><time>2025-03-01T02:15:09.000Z</time></trkpt><trkpt lat="35.67444456741214" lon="138.775089494884"><ele>1208.0</ele><time>2025-03-01T02:15:19.000Z</time></trkpt><trkpt lat="35.674477675929666" lon="138.77510022372007"><ele>1210.0</ele><time>2025-03-01T02:15:26.000Z</time></trkpt><trkpt lat="35.67450433038175" lon="138.77509125508368"><ele>1211.800048828125</ele><time>2025-03-01T02:15:39.000Z</time></trkpt><trkpt lat="35.674520591273904" lon="138.77507901750505"><ele>1214.0</ele><time>2025-03-01T02:15:51.000Z</time></trkpt><trkpt lat="35.67455671727657" lon="138.77508186735213"><ele>1214.800048828125</ele><time>2025-03-01T02:16:01.000Z</time></trkpt><trkpt lat="35.67456493154168" lon="138.77508295699954"><ele>1216.800048828125</ele><time>2025-03-01T02:16:14.000Z</time></trkpt><trkpt lat="35.67457549273968" lon="138.77506904304028"><ele>1217.5999755859375</ele><time>2025-03-01T02:16:29.000Z</time></trkpt><trkpt lat="35.674602231010795" lon="138.77506309188902"><ele>1218.800048828125</ele><time>2025-03-01T02:16:38.000Z</time></trkpt><trkpt lat="35.67464338615537" lon="138.77507038414478"><ele>1220.4000244140625</ele><time>2025-03-01T02:16:48.000Z</time></trkpt><trkpt lat="35.674699041992426" lon="138.7750503513962"><ele>1222.199951171875</ele><time>2025-03-01T02:16:58.000Z</time></trkpt><trkpt lat="35.67472863011062" lon="138.7750526983291"><ele>1223.5999755859375</ele><time>2025-03-01T02:17:09.000Z</time></trkpt><trkpt lat="35.674793254584074" lon="138.7750590685755"><ele>1225.199951171875</ele><time>2025-03-01T02:17:20.000Z</time></trkpt><trkpt lat="35.67485787905753" lon="138.77504616044462"><ele>1227.5999755859375</ele><time>2025-03-01T02:17:32.000Z</time></trkpt><trkpt lat="35.674872463569045" lon="138.77504171803594"><ele>1229.4000244140625</ele><time>2025-03-01T02:17:41.000Z</time></trkpt><trkpt lat="35.67490733228624" lon="138.7750384490937"><ele>1230.5999755859375</ele><time>2025-03-01T02:17:55.000Z</time></trkpt><trkpt lat="35.67492417991161" lon="138.77503878436983"><ele>1232.0</ele><time>2025-03-01T02:18:04.000Z</time></trkpt><trkpt lat="35.674932142719626" lon="138.77503559924662"><ele>1233.4000244140625</ele><time>2025-03-01T02:18:15.000Z</time></trkpt><trkpt lat="35.67494756542146" lon="138.77503744326532"><ele>1234.4000244140625</ele><time>2025-03-01T02:18:25.000Z</time></trkpt><trkpt lat="35.67497195675969" lon="138.7750476691872"><ele>1235.0</ele><time>2025-03-01T02:18:32.000Z</time></trkpt><trkpt lat="35.675020990893245" lon="138.7750024907291"><ele>1236.4000244140625</ele><time>2025-03-01T02:18:41.000Z</time></trkpt><trkpt lat="35.675031216815114" lon="138.77499578520656"><ele>1237.800048828125</ele><time>2025-03-01T02:18:49.000Z</time></trkpt><trkpt lat="35.67504705861211" lon="138.77499528229237"><ele>1237.4000244140625</ele><time>2025-03-01T02:18:55.000Z</time></trkpt><trkpt lat="35.67509441636503" lon="138.77500123344362"><ele>1238.5999755859375</ele><time>2025-03-01T02:18:59.000Z</time></trkpt><trkpt lat="35.67517572082579" lon="138.77499503083527"><ele>1238.5999755859375</ele><time>2025-03-01T02:19:09.000Z</time></trkpt><trkpt lat="35.67525384016335" lon="138.77499469555914"><ele>1241.5999755859375</ele><time>2025-03-01T02:19:23.000Z</time></trkpt><trkpt lat="35.675259875133634" lon="138.7749964557588"><ele>1244.199951171875</ele><time>2025-03-01T02:19:34.000Z</time></trkpt><trkpt lat="35.67526205442846" lon="138.77499813213944"><ele>1244.5999755859375</ele><time>2025-03-01T02:19:47.000Z</time></trkpt><trkpt lat="35.67530354484916" lon="138.77501606941223"><ele>1245.5999755859375</ele><time>2025-03-01T02:19:59.000Z</time></trkpt><trkpt lat="35.67535802721977" lon="138.77502218820155"><ele>1248.199951171875</ele><time>2025-03-01T02:20:11.000Z</time></trkpt><trkpt lat="35.6754154432565" lon="138.77506133168936"><ele>1251.0</ele><time>2025-03-01T02:20:23.000Z</time></trkpt><trkpt lat="35.67547336220741" lon="138.77509544603527"><ele>1253.199951171875</ele><time>2025-03-01T02:20:33.000Z</time></trkpt><trkpt lat="35.675525330007076" lon="138.77512075938284"><ele>1255.199951171875</ele><time>2025-03-01T02:20:42.000Z</time></trkpt><trkpt lat="35.67553664557636" lon="138.77512578852475"><ele>1256.4000244140625</ele><time>2025-03-01T02:20:54.000Z</time></trkpt><trkpt lat="35.67558324895799" lon="138.77516116015613"><ele>1257.199951171875</ele><time>2025-03-01T02:21:03.000Z</time></trkpt><trkpt lat="35.6756448559463" lon="138.77520139329135"><ele>1258.800048828125</ele><time>2025-03-01T02:21:14.000Z</time></trkpt><trkpt lat="35.67568936385214" lon="138.77523869276047"><ele>1260.5999755859375</ele><time>2025-03-01T02:21:23.000Z</time></trkpt><trkpt lat="35.67572423256934" lon="138.77531748265028"><ele>1262.5999755859375</ele><time>2025-03-01T02:21:33.000Z</time></trkpt><trkpt lat="35.67575667053461" lon="138.77537095919251"><ele>1262.800048828125</ele><time>2025-03-01T02:21:42.000Z</time></trkpt><trkpt lat="35.675763292238116" lon="138.7753912433982"><ele>1263.0</ele><time>2025-03-01T02:21:44.000Z</time></trkpt><trkpt lat="35.67577863112092" lon="138.77547967247665"><ele>1263.800048828125</ele><time>2025-03-01T02:21:50.000Z</time></trkpt><trkpt lat="35.6758071295917" lon="138.77561529166996"><ele>1262.199951171875</ele><time>2025-03-01T02:22:00.000Z</time></trkpt><trkpt lat="35.67585616372526" lon="138.77573926001787"><ele>1260.800048828125</ele><time>2025-03-01T02:22:10.000Z</time></trkpt><trkpt lat="35.675861947238445" lon="138.7757665850222"><ele>1260.4000244140625</ele><time>2025-03-01T02:22:12.000Z</time></trkpt><trkpt lat="35.67588432691991" lon="138.7758989352733"><ele>1259.800048828125</ele><time>2025-03-01T02:22:22.000Z</time></trkpt><trkpt lat="35.675878124311566" lon="138.7760141864419"><ele>1258.4000244140625</ele><time>2025-03-01T02:22:32.000Z</time></trkpt><trkpt lat="35.675878124311566" lon="138.7761246599257"><ele>1256.5999755859375</ele><time>2025-03-01T02:22:41.000Z</time></trkpt><trkpt lat="35.67590804770589" lon="138.77620194107294"><ele>1256.800048828125</ele><time>2025-03-01T02:22:50.000Z</time></trkpt><trkpt lat="35.67594291642308" lon="138.77630629576743"><ele>1259.800048828125</ele><time>2025-03-01T02:23:03.000Z</time></trkpt><trkpt lat="35.67599035799503" lon="138.77639866434038"><ele>1262.800048828125</ele><time>2025-03-01T02:23:16.000Z</time></trkpt><trkpt lat="35.67599312402308" lon="138.7764148414135"><ele>1265.0</ele><time>2025-03-01T02:23:28.000Z</time></trkpt><trkpt lat="35.676002595573664" lon="138.77643403597176"><ele>1266.0</ele><time>2025-03-01T02:23:39.000Z</time></trkpt><trkpt lat="35.67600645124912" lon="138.77643353305757"><ele>1265.4000244140625</ele><time>2025-03-01T02:23:48.000Z</time></trkpt><trkpt lat="35.67603763192892" lon="138.77648466266692"><ele>1268.5999755859375</ele><time>2025-03-01T02:23:55.000Z</time></trkpt><trkpt lat="35.676042661070824" lon="138.776492793113"><ele>1268.800048828125</ele><time>2025-03-01T02:23:56.000Z</time></trkpt><trkpt lat="35.6760941259563" lon="138.77655607648194"><ele>1269.5999755859375</ele><time>2025-03-01T02:24:08.000Z</time></trkpt><trkpt lat="35.676123881712556" lon="138.7766056973487"><ele>1272.0</ele><time>2025-03-01T02:24:20.000Z</time></trkpt><trkpt lat="35.67613285034895" lon="138.77663696184754"><ele>1274.800048828125</ele><time>2025-03-01T02:24:32.000Z</time></trkpt><trkpt lat="35.67612522281706" lon="138.7766730878502"><ele>1276.5999755859375</ele><time>2025-03-01T02:24:42.000Z</time></trkpt><trkpt lat="35.67613737657666" lon="138.77670762129128"><ele>1278.4000244140625</ele><time>2025-03-01T02:24:53.000Z</time></trkpt><trkpt lat="35.676181046292186" lon="138.77673268318176"><ele>1280.5999755859375</ele><time>2025-03-01T02:25:04.000Z</time></trkpt><trkpt lat="35.67621138878167" lon="138.77675648778677"><ele>1282.5999755859375</ele><time>2025-03-01T02:25:16.000Z</time></trkpt><trkpt lat="35.67626092582941" lon="138.7767911888659"><ele>1283.5999755859375</ele><time>2025-03-01T02:25:23.000Z</time></trkpt><trkpt lat="35.67632244899869" lon="138.77686344087124"><ele>1284.4000244140625</ele><time>2025-03-01T02:25:31.000Z</time></trkpt><trkpt lat="35.67636972293258" lon="138.77691004425287"><ele>1285.0</ele><time>2025-03-01T02:25:39.000Z</time></trkpt><trkpt lat="35.676422948017716" lon="138.7769722379744"><ele>1286.4000244140625</ele><time>2025-03-01T02:25:50.000Z</time></trkpt><trkpt lat="35.67647298797965" lon="138.77701867371798"><ele>1288.800048828125</ele><time>2025-03-01T02:26:01.000Z</time></trkpt><trkpt lat="35.67650366574526" lon="138.7770919315517"><ele>1290.800048828125</ele><time>2025-03-01T02:26:11.000Z</time></trkpt><trkpt lat="35.676514226943254" lon="138.77709335647523"><ele>1292.5999755859375</ele><time>2025-03-01T02:26:21.000Z</time></trkpt><trkpt lat="35.67653459496796" lon="138.77709637396038"><ele>1292.800048828125</ele><time>2025-03-01T02:26:33.000Z</time></trkpt><trkpt lat="35.676553873345256" lon="138.77710668370128"><ele>1294.4000244140625</ele><time>2025-03-01T02:26:44.000Z</time></trkpt><trkpt lat="35.676589496433735" lon="138.77718136645854"><ele>1296.800048828125</ele><time>2025-03-01T02:26:57.000Z</time></trkpt><trkpt lat="35.67662838846445" lon="138.7772145587951"><ele>1298.4000244140625</ele><time>2025-03-01T02:27:07.000Z</time></trkpt><trkpt lat="35.67665671929717" lon="138.77725328318775"><ele>1300.4000244140625</ele><time>2025-03-01T02:27:17.000Z</time></trkpt><trkpt lat="35.67667775787413" lon="138.77727365121245"><ele>1302.800048828125</ele><time>2025-03-01T02:27:28.000Z</time></trkpt><trkpt lat="35.67669091746211" lon="138.77728069201112"><ele>1304.5999755859375</ele><time>2025-03-01T02:27:37.000Z</time></trkpt><trkpt lat="35.67671824246645" lon="138.7773176562041"><ele>1306.5999755859375</ele><time>2025-03-01T02:27:50.000Z</time></trkpt><trkpt lat="35.676760990172625" lon="138.7773715518415"><ele>1309.0</ele><time>2025-03-01T02:28:01.000Z</time></trkpt><trkpt lat="35.67680725827813" lon="138.77740466035903"><ele>1311.800048828125</ele><time>2025-03-01T02:28:12.000Z</time></trkpt><trkpt lat="35.6768190767616" lon="138.77741748467088"><ele>1312.800048828125</ele><time>2025-03-01T02:28:21.000Z</time></trkpt><trkpt lat="35.67682393826544" lon="138.77741882577538"><ele>1312.800048828125</ele><time>2025-03-01T02:28:39.000Z</time></trkpt><trkpt lat="35.67683357745409" lon="138.77743382938206"><ele>1311.4000244140625</ele><time>2025-03-01T02:28:50.000Z</time></trkpt><trkpt lat="35.67683349363506" lon="138.777433661744"><ele>1311.199951171875</ele><time>2025-03-01T02:28:51.000Z</time></trkpt><trkpt lat="35.67683357745409" lon="138.77743785269558"><ele>1313.5999755859375</ele><time>2025-03-01T02:28:56.000Z</time></trkpt><trkpt lat="35.676817651838064" lon="138.77742662094533"><ele>1314.0</ele><time>2025-03-01T02:29:05.000Z</time></trkpt><trkpt lat="35.67682829685509" lon="138.77743165008724"><ele>1313.800048828125</ele><time>2025-03-01T02:29:18.000Z</time></trkpt><trkpt lat="35.676829973235726" lon="138.77743408083916"><ele>1313.199951171875</ele><time>2025-03-01T02:29:30.000Z</time></trkpt><trkpt lat="35.67684145644307" lon="138.77744279801846"><ele>1313.800048828125</ele><time>2025-03-01T02:29:43.000Z</time></trkpt><trkpt lat="35.67686199210584" lon="138.77744455821812"><ele>1314.4000244140625</ele><time>2025-03-01T02:29:53.000Z</time></trkpt><trkpt lat="35.676865596324205" lon="138.7774503417313"><ele>1314.4000244140625</ele><time>2025-03-01T02:30:14.000Z</time></trkpt><trkpt lat="35.67684757523239" lon="138.77743793651462"><ele>1314.5999755859375</ele><time>2025-03-01T02:30:28.000Z</time></trkpt><trkpt lat="35.67681949585676" lon="138.77741949632764"><ele>1311.4000244140625</ele><time>2025-03-01T02:30:36.000Z</time></trkpt><trkpt lat="35.6768193282187" lon="138.77741798758507"><ele>1310.800048828125</ele><time>2025-03-01T02:30:38.000Z</time></trkpt><trkpt lat="35.67681924439967" lon="138.77741748467088"><ele>1313.800048828125</ele><time>2025-03-01T02:30:42.000Z</time></trkpt><trkpt lat="35.676819579675794" lon="138.77741723321378"><ele>1314.5999755859375</ele><time>2025-03-01T02:30:44.000Z</time></trkpt><trkpt lat="35.67681362852454" lon="138.77742217853665"><ele>1314.199951171875</ele><time>2025-03-01T02:31:01.000Z</time></trkpt><trkpt lat="35.67681119777262" lon="138.77742008306086"><ele>1314.5999755859375</ele><time>2025-03-01T02:31:12.000Z</time></trkpt><trkpt lat="35.67680164240301" lon="138.77740759402514"><ele>1311.800048828125</ele><time>2025-03-01T02:31:30.000Z</time></trkpt><trkpt lat="35.67674305289984" lon="138.77734213136137"><ele>1312.4000244140625</ele><time>2025-03-01T02:31:41.000Z</time></trkpt><trkpt lat="35.67671245895326" lon="138.77732737921178"><ele>1310.5999755859375</ele><time>2025-03-01T02:31:49.000Z</time></trkpt><trkpt lat="35.67668538540602" lon="138.77728865481913"><ele>1309.800048828125</ele><time>2025-03-01T02:31:59.000Z</time></trkpt><trkpt lat="35.67665948532522" lon="138.77726309001446"><ele>1306.800048828125</ele><time>2025-03-01T02:32:07.000Z</time></trkpt><trkpt lat="35.67664238624275" lon="138.77723744139075"><ele>1305.5999755859375</ele><time>2025-03-01T02:32:15.000Z</time></trkpt><trkpt lat="35.67661573179066" lon="138.77720458433032"><ele>1303.5999755859375</ele><time>2025-03-01T02:32:22.000Z</time></trkpt><trkpt lat="35.67660877481103" lon="138.77718756906688"><ele>1303.0</ele><time>2025-03-01T02:32:24.000Z</time></trkpt><trkpt lat="35.676558231934905" lon="138.77711858600378"><ele>1300.5999755859375</ele><time>2025-03-01T02:32:33.000Z</time></trkpt><trkpt lat="35.6765119638294" lon="138.7770919315517"><ele>1297.800048828125</ele><time>2025-03-01T02:32:42.000Z</time></trkpt><trkpt lat="35.676484890282154" lon="138.77708497457206"><ele>1295.5999755859375</ele><time>2025-03-01T02:32:48.000Z</time></trkpt><trkpt lat="35.676476089283824" lon="138.77706636674702"><ele>1295.0</ele><time>2025-03-01T02:32:50.000Z</time></trkpt><trkpt lat="35.676432587206364" lon="138.77699822187424"><ele>1293.800048828125</ele><time>2025-03-01T02:32:57.000Z</time></trkpt><trkpt lat="35.67640031687915" lon="138.7769761774689"><ele>1293.0</ele><time>2025-03-01T02:33:00.000Z</time></trkpt><trkpt lat="35.67635094746947" lon="138.77688531763852"><ele>1291.199951171875</ele><time>2025-03-01T02:33:07.000Z</time></trkpt><trkpt lat="35.67627894692123" lon="138.7767900992185"><ele>1288.4000244140625</ele><time>2025-03-01T02:33:15.000Z</time></trkpt><trkpt lat="35.676243575289845" lon="138.77675858326256"><ele>1287.5999755859375</ele><time>2025-03-01T02:33:19.000Z</time></trkpt><trkpt lat="35.67616889253259" lon="138.77671935595572"><ele>1286.0</ele><time>2025-03-01T02:33:28.000Z</time></trkpt><trkpt lat="35.676141399890184" lon="138.77668767236173"><ele>1284.0</ele><time>2025-03-01T02:33:37.000Z</time></trkpt><trkpt lat="35.6761200260371" lon="138.77665288746357"><ele>1282.0</ele><time>2025-03-01T02:33:46.000Z</time></trkpt><trkpt lat="35.67608607932925" lon="138.7766167614609"><ele>1279.5999755859375</ele><time>2025-03-01T02:33:54.000Z</time></trkpt><trkpt lat="35.676076021045446" lon="138.77659211866558"><ele>1278.0</ele><time>2025-03-01T02:34:01.000Z</time></trkpt><trkpt lat="35.67604542709887" lon="138.77655205316842"><ele>1276.0</ele><time>2025-03-01T02:34:08.000Z</time></trkpt><trkpt lat="35.676024137064815" lon="138.77652992494404"><ele>1274.800048828125</ele><time>2025-03-01T02:34:12.000Z</time></trkpt><trkpt lat="35.67597795277834" lon="138.77646387554705"><ele>1272.5999755859375</ele><time>2025-03-01T02:34:19.000Z</time></trkpt><trkpt lat="35.675947945564985" lon="138.77643797546625"><ele>1270.199951171875</ele><time>2025-03-01T02:34:27.000Z</time></trkpt><trkpt lat="35.67591014318168" lon="138.77641542814672"><ele>1268.5999755859375</ele><time>2025-03-01T02:34:32.000Z</time></trkpt><trkpt lat="35.67587913013995" lon="138.7763627897948"><ele>1267.800048828125</ele><time>2025-03-01T02:34:36.000Z</time></trkpt><trkpt lat="35.675874184817076" lon="138.77631266601384"><ele>1266.800048828125</ele><time>2025-03-01T02:34:40.000Z</time></trkpt><trkpt lat="35.675863455981016" lon="138.77629154361784"><ele>1266.0</ele><time>2025-03-01T02:34:42.000Z</time></trkpt><trkpt lat="35.67583235912025" lon="138.77616145648062"><ele>1262.800048828125</ele><time>2025-03-01T02:34:52.000Z</time></trkpt><trkpt lat="35.67583269439638" lon="138.77614913508296"><ele>1262.5999755859375</ele><time>2025-03-01T02:34:53.000Z</time></trkpt><trkpt lat="35.67582548595965" lon="138.77608283422887"><ele>1261.0</ele><time>2025-03-01T02:34:57.000Z</time></trkpt><trkpt lat="35.67584266886115" lon="138.77592215314507"><ele>1258.800048828125</ele><time>2025-03-01T02:35:08.000Z</time></trkpt><trkpt lat="35.67584417760372" lon="138.77590999938548"><ele>1258.800048828125</ele><time>2025-03-01T02:35:09.000Z</time></trkpt><trkpt lat="35.67582012154162" lon="138.77575962804258"><ele>1260.4000244140625</ele><time>2025-03-01T02:35:19.000Z</time></trkpt><trkpt lat="35.675768153741956" lon="138.77560766413808"><ele>1262.0</ele><time>2025-03-01T02:35:30.000Z</time></trkpt><trkpt lat="35.675741750746965" lon="138.7754732184112"><ele>1263.199951171875</ele><time>2025-03-01T02:35:39.000Z</time></trkpt><trkpt lat="35.675736553967" lon="138.77540566027164"><ele>1263.4000244140625</ele><time>2025-03-01T02:35:44.000Z</time></trkpt><trkpt lat="35.67571886815131" lon="138.77536894753575"><ele>1264.199951171875</ele><time>2025-03-01T02:35:47.000Z</time></trkpt><trkpt lat="35.675717778503895" lon="138.77532636746764"><ele>1264.800048828125</ele><time>2025-03-01T02:35:50.000Z</time></trkpt><trkpt lat="35.675700679421425" lon="138.77525847405195"><ele>1266.4000244140625</ele><time>2025-03-01T02:35:57.000Z</time></trkpt><trkpt lat="35.67568483762443" lon="138.775229556486"><ele>1266.199951171875</ele><time>2025-03-01T02:36:00.000Z</time></trkpt><trkpt lat="35.675627337768674" lon="138.77518429420888"><ele>1264.4000244140625</ele><time>2025-03-01T02:36:08.000Z</time></trkpt><trkpt lat="35.67557813599706" lon="138.77516258507967"><ele>1262.199951171875</ele><time>2025-03-01T02:36:17.000Z</time></trkpt><trkpt lat="35.67557595670223" lon="138.7751587294042"><ele>1260.0</ele><time>2025-03-01T02:36:26.000Z</time></trkpt><trkpt lat="35.675564389675856" lon="138.7751473300159"><ele>1260.199951171875</ele><time>2025-03-01T02:36:34.000Z</time></trkpt><trkpt lat="35.67550462670624" lon="138.7751069292426"><ele>1261.0</ele><time>2025-03-01T02:36:40.000Z</time></trkpt><trkpt lat="35.67544327117503" lon="138.77506208606064"><ele>1259.199951171875</ele><time>2025-03-01T02:36:48.000Z</time></trkpt><trkpt lat="35.67538225091994" lon="138.77503962256014"><ele>1256.5999755859375</ele><time>2025-03-01T02:36:56.000Z</time></trkpt><trkpt lat="35.67531737498939" lon="138.7750389520079"><ele>1253.800048828125</ele><time>2025-03-01T02:37:05.000Z</time></trkpt><trkpt lat="35.67523632198572" lon="138.77505144104362"><ele>1250.800048828125</ele><time>2025-03-01T02:37:15.000Z</time></trkpt><trkpt lat="35.675218384712934" lon="138.77504842355847"><ele>1250.0</ele><time>2025-03-01T02:37:17.000Z</time></trkpt><trkpt lat="35.67513129673898" lon="138.77501321956515"><ele>1246.4000244140625</ele><time>2025-03-01T02:37:25.000Z</time></trkpt><trkpt lat="35.67504018545151" lon="138.77500869333744"><ele>1243.199951171875</ele><time>2025-03-01T02:37:33.000Z</time></trkpt><trkpt lat="35.67502769641578" lon="138.7750196736306"><ele>1241.0</ele><time>2025-03-01T02:37:42.000Z</time></trkpt><trkpt lat="35.674999197945" lon="138.77506761811674"><ele>1241.199951171875</ele><time>2025-03-01T02:37:54.000Z</time></trkpt><trkpt lat="35.6749627366662" lon="138.7750397901982"><ele>1239.4000244140625</ele><time>2025-03-01T02:38:02.000Z</time></trkpt><trkpt lat="35.67493264563382" lon="138.7750315759331"><ele>1238.0</ele><time>2025-03-01T02:38:10.000Z</time></trkpt><trkpt lat="35.6749008782208" lon="138.77503886818886"><ele>1235.800048828125</ele><time>2025-03-01T02:38:20.000Z</time></trkpt><trkpt lat="35.674855867400765" lon="138.77503006719053"><ele>1233.5999755859375</ele><time>2025-03-01T02:38:28.000Z</time></trkpt><trkpt lat="35.67478135228157" lon="138.77504272386432"><ele>1231.199951171875</ele><time>2025-03-01T02:38:38.000Z</time></trkpt><trkpt lat="35.67468294873834" lon="138.77506627701223"><ele>1228.5999755859375</ele><time>2025-03-01T02:38:48.000Z</time></trkpt><trkpt lat="35.6746262870729" lon="138.7750593200326"><ele>1226.199951171875</ele><time>2025-03-01T02:38:56.000Z</time></trkpt><trkpt lat="35.67457524128258" lon="138.77507524564862"><ele>1223.4000244140625</ele><time>2025-03-01T02:39:07.000Z</time></trkpt><trkpt lat="35.67454322241247" lon="138.7750897463411"><ele>1221.4000244140625</ele><time>2025-03-01T02:39:16.000Z</time></trkpt><trkpt lat="35.674504498019814" lon="138.77508086152375"><ele>1219.800048828125</ele><time>2025-03-01T02:39:24.000Z</time></trkpt><trkpt lat="35.67446258850396" lon="138.77510944381356"><ele>1217.5999755859375</ele><time>2025-03-01T02:39:32.000Z</time></trkpt><trkpt lat="35.67443341948092" lon="138.7751039955765"><ele>1216.0</ele><time>2025-03-01T02:39:39.000Z</time></trkpt><trkpt lat="35.67441095598042" lon="138.77509066835046"><ele>1214.199951171875</ele><time>2025-03-01T02:39:46.000Z</time></trkpt><trkpt lat="35.67439586855471" lon="138.77508957870305"><ele>1212.800048828125</ele><time>2025-03-01T02:39:55.000Z</time></trkpt><trkpt lat="35.67437709309161" lon="138.77510801889002"><ele>1211.4000244140625</ele><time>2025-03-01T02:40:08.000Z</time></trkpt><trkpt lat="35.67432194016874" lon="138.77511438913643"><ele>1211.199951171875</ele><time>2025-03-01T02:40:15.000Z</time></trkpt><trkpt lat="35.674274917691946" lon="138.77511304803193"><ele>1208.800048828125</ele><time>2025-03-01T02:40:23.000Z</time></trkpt><trkpt lat="35.67424222826958" lon="138.7751042470336"><ele>1206.5999755859375</ele><time>2025-03-01T02:40:31.000Z</time></trkpt><trkpt lat="35.674199564382434" lon="138.77506602555513"><ele>1204.5999755859375</ele><time>2025-03-01T02:40:39.000Z</time></trkpt><trkpt lat="35.67416964098811" lon="138.7750666961074"><ele>1203.5999755859375</ele><time>2025-03-01T02:40:42.000Z</time></trkpt><trkpt lat="35.674131754785776" lon="138.77503786236048"><ele>1201.199951171875</ele><time>2025-03-01T02:40:50.000Z</time></trkpt><trkpt lat="35.674105770885944" lon="138.77500643022358"><ele>1199.0</ele><time>2025-03-01T02:40:58.000Z</time></trkpt><trkpt lat="35.67407048307359" lon="138.7749562226236"><ele>1197.199951171875</ele><time>2025-03-01T02:41:06.000Z</time></trkpt><trkpt lat="35.67403863184154" lon="138.77495404332876"><ele>1195.5999755859375</ele><time>2025-03-01T02:41:13.000Z</time></trkpt><trkpt lat="35.673976773396134" lon="138.7749089486897"><ele>1193.0</ele><time>2025-03-01T02:41:22.000Z</time></trkpt><trkpt lat="35.67391357384622" lon="138.77491808496416"><ele>1190.199951171875</ele><time>2025-03-01T02:41:31.000Z</time></trkpt><trkpt lat="35.673868395388126" lon="138.7749226950109"><ele>1188.800048828125</ele><time>2025-03-01T02:41:37.000Z</time></trkpt><trkpt lat="35.673796562477946" lon="138.7749213539064"><ele>1186.0</ele><time>2025-03-01T02:41:45.000Z</time></trkpt><trkpt lat="35.67378734238446" lon="138.77491992898285"><ele>1185.5999755859375</ele><time>2025-03-01T02:41:46.000Z</time></trkpt><trkpt lat="35.67370427772403" lon="138.7748917657882"><ele>1183.4000244140625</ele><time>2025-03-01T02:41:54.000Z</time></trkpt><trkpt lat="35.67366287112236" lon="138.77489159815013"><ele>1182.4000244140625</ele><time>2025-03-01T02:41:58.000Z</time></trkpt><trkpt lat="35.67358517087996" lon="138.77492235973477"><ele>1179.199951171875</ele><time>2025-03-01T02:42:07.000Z</time></trkpt><trkpt lat="35.67353538237512" lon="138.77492361702025"><ele>1177.5999755859375</ele><time>2025-03-01T02:42:13.000Z</time></trkpt><trkpt lat="35.673515517264605" lon="138.77492889761925"><ele>1177.199951171875</ele><time>2025-03-01T02:42:15.000Z</time></trkpt><trkpt lat="35.67347025498748" lon="138.77493686042726"><ele>1175.4000244140625</ele><time>2025-03-01T02:42:20.000Z</time></trkpt><trkpt lat="35.67337704822421" lon="138.77496376633644"><ele>1172.4000244140625</ele><time>2025-03-01T02:42:29.000Z</time></trkpt><trkpt lat="35.67336623556912" lon="138.77496988512576"><ele>1172.0</ele><time>2025-03-01T02:42:30.000Z</time></trkpt><trkpt lat="35.67332625389099" lon="138.77496452070773"><ele>1171.0</ele><time>2025-03-01T02:42:34.000Z</time></trkpt><trkpt lat="35.67319432273507" lon="138.77501212991774"><ele>1168.4000244140625</ele><time>2025-03-01T02:42:44.000Z</time></trkpt><trkpt lat="35.67306272685528" lon="138.77497533336282"><ele>1167.199951171875</ele><time>2025-03-01T02:42:54.000Z</time></trkpt><trkpt lat="35.67295988090336" lon="138.7748835515231"><ele>1165.800048828125</ele><time>2025-03-01T02:43:03.000Z</time></trkpt><trkpt lat="35.6728510838002" lon="138.7748048454523"><ele>1164.0</ele><time>2025-03-01T02:43:13.000Z</time></trkpt><trkpt lat="35.6727802567184" lon="138.77470216713846"><ele>1161.800048828125</ele><time>2025-03-01T02:43:22.000Z</time></trkpt><trkpt lat="35.67277053371072" lon="138.7746787816286"><ele>1160.5999755859375</ele><time>2025-03-01T02:43:30.000Z</time></trkpt><trkpt lat="35.67278042435646" lon="138.77470736391842"><ele>1159.800048828125</ele><time>2025-03-01T02:43:38.000Z</time></trkpt><trkpt lat="35.67277614958584" lon="138.77469043247402"><ele>1158.800048828125</ele><time>2025-03-01T02:43:42.000Z</time></trkpt><trkpt lat="35.6727715395391" lon="138.7746425718069"><ele>1159.5999755859375</ele><time>2025-03-01T02:43:46.000Z</time></trkpt><trkpt lat="35.67277514375746" lon="138.77459504641593"><ele>1159.800048828125</ele><time>2025-03-01T02:43:50.000Z</time></trkpt><trkpt lat="35.6727905664593" lon="138.77456252463162"><ele>1159.4000244140625</ele><time>2025-03-01T02:43:53.000Z</time></trkpt><trkpt lat="35.672842198982835" lon="138.77454835921526"><ele>1156.4000244140625</ele><time>2025-03-01T02:44:03.000Z</time></trkpt><trkpt lat="35.672927778214216" lon="138.7745745945722"><ele>1153.800048828125</ele><time>2025-03-01T02:44:12.000Z</time></trkpt><trkpt lat="35.67297597415745" lon="138.7745658773929"><ele>1152.0</ele><time>2025-03-01T02:44:19.000Z</time></trkpt><trkpt lat="35.67298234440386" lon="138.77455548383296"><ele>1150.4000244140625</ele><time>2025-03-01T02:44:28.000Z</time></trkpt><trkpt lat="35.67301201634109" lon="138.77455363981426"><ele>1150.199951171875</ele><time>2025-03-01T02:44:32.000Z</time></trkpt><trkpt lat="35.673138750717044" lon="138.774510640651"><ele>1147.199951171875</ele><time>2025-03-01T02:44:44.000Z</time></trkpt><trkpt lat="35.67315015010536" lon="138.77450552769005"><ele>1147.0</ele><time>2025-03-01T02:44:45.000Z</time></trkpt><trkpt lat="35.673220474272966" lon="138.77443386241794"><ele>1145.199951171875</ele><time>2025-03-01T02:44:54.000Z</time></trkpt><trkpt lat="35.673241429030895" lon="138.77439002506435"><ele>1143.199951171875</ele><time>2025-03-01T02:44:58.000Z</time></trkpt><trkpt lat="35.673313178122044" lon="138.7741990853101"><ele>1141.0</ele><time>2025-03-01T02:45:11.000Z</time></trkpt><trkpt lat="35.67337294109166" lon="138.7741377297789"><ele>1138.4000244140625</ele><time>2025-03-01T02:45:19.000Z</time></trkpt><trkpt lat="35.673326924443245" lon="138.7741097342223"><ele>1135.800048828125</ele><time>2025-03-01T02:45:29.000Z</time></trkpt><trkpt lat="35.67323296330869" lon="138.77416715025902"><ele>1130.800048828125</ele><time>2025-03-01T02:45:38.000Z</time></trkpt><trkpt lat="35.673169093206525" lon="138.77419254742563"><ele>1134.4000244140625</ele><time>2025-03-01T02:45:44.000Z</time></trkpt><trkpt lat="35.67311117425561" lon="138.7741337902844"><ele>1131.5999755859375</ele><time>2025-03-01T02:45:52.000Z</time></trkpt><trkpt lat="35.67310723476112" lon="138.77412046305835"><ele>1131.199951171875</ele><time>2025-03-01T02:45:53.000Z</time></trkpt><trkpt lat="35.67311402410269" lon="138.77397914417088"><ele>1127.5999755859375</ele><time>2025-03-01T02:46:02.000Z</time></trkpt><trkpt lat="35.673111425712705" lon="138.773863138631"><ele>1125.0</ele><time>2025-03-01T02:46:11.000Z</time></trkpt><trkpt lat="35.67312433384359" lon="138.77377714030445"><ele>1122.800048828125</ele><time>2025-03-01T02:46:18.000Z</time></trkpt><trkpt lat="35.673142690211535" lon="138.77358653582633"><ele>1118.199951171875</ele><time>2025-03-01T02:46:32.000Z</time></trkpt><trkpt lat="35.673149982467294" lon="138.77354219555855"><ele>1116.800048828125</ele><time>2025-03-01T02:46:35.000Z</time></trkpt><trkpt lat="35.6731494795531" lon="138.7733113579452"><ele>1114.5999755859375</ele><time>2025-03-01T02:46:52.000Z</time></trkpt><trkpt lat="35.673171021044254" lon="138.77319174818695"><ele>1112.199951171875</ele><time>2025-03-01T02:47:02.000Z</time></trkpt><trkpt lat="35.67320957779884" lon="138.77312695607543"><ele>1109.4000244140625</ele><time>2025-03-01T02:47:14.000Z</time></trkpt><trkpt lat="35.67321276292205" lon="138.7731229327619"><ele>1107.800048828125</ele><time>2025-03-01T02:47:24.000Z</time></trkpt><trkpt lat="35.673304460942745" lon="138.77298295497894"><ele>1107.199951171875</ele><time>2025-03-01T02:47:36.000Z</time></trkpt><trkpt lat="35.67334393970668" lon="138.77285345457494"><ele>1105.199951171875</ele><time>2025-03-01T02:47:45.000Z</time></trkpt><trkpt lat="35.67334955558181" lon="138.77276116982102"><ele>1103.5999755859375</ele><time>2025-03-01T02:47:53.000Z</time></trkpt><trkpt lat="35.67333924584091" lon="138.7727335933596"><ele>1101.199951171875</ele><time>2025-03-01T02:48:03.000Z</time></trkpt><trkpt lat="35.673270178958774" lon="138.77261842601"><ele>1100.4000244140625</ele><time>2025-03-01T02:48:14.000Z</time></trkpt><trkpt lat="35.67319558002055" lon="138.77253402024508"><ele>1098.199951171875</ele><time>2025-03-01T02:48:23.000Z</time></trkpt><trkpt lat="35.67311611957848" lon="138.7724452558905"><ele>1095.199951171875</ele><time>2025-03-01T02:48:32.000Z</time></trkpt><trkpt lat="35.67306373268366" lon="138.77237652428448"><ele>1094.199951171875</ele><time>2025-03-01T02:48:40.000Z</time></trkpt><trkpt lat="35.673025427386165" lon="138.77231617458165"><ele>1091.800048828125</ele><time>2025-03-01T02:48:50.000Z</time></trkpt><trkpt lat="35.67296273075044" lon="138.77220922149718"><ele>1089.4000244140625</ele><time>2025-03-01T02:48:59.000Z</time></trkpt><trkpt lat="35.67291612736881" lon="138.7721662223339"><ele>1088.0</ele><time>2025-03-01T02:49:06.000Z</time></trkpt><trkpt lat="35.672805989161134" lon="138.77213487401605"><ele>1084.800048828125</ele><time>2025-03-01T02:49:18.000Z</time></trkpt><trkpt lat="35.67273315042257" lon="138.7720993347466"><ele>1082.5999755859375</ele><time>2025-03-01T02:49:26.000Z</time></trkpt><trkpt lat="35.67264262586832" lon="138.77206874080002"><ele>1079.5999755859375</ele><time>2025-03-01T02:49:36.000Z</time></trkpt><trkpt lat="35.67256987094879" lon="138.77201735973358"><ele>1077.5999755859375</ele><time>2025-03-01T02:49:46.000Z</time></trkpt><trkpt lat="35.672530392184854" lon="138.77195223234594"><ele>1075.4000244140625</ele><time>2025-03-01T02:49:54.000Z</time></trkpt><trkpt lat="35.67253558896482" lon="138.77191862091422"><ele>1074.199951171875</ele><time>2025-03-01T02:50:01.000Z</time></trkpt><trkpt lat="35.67253232002258" lon="138.7719008512795"><ele>1072.199951171875</ele><time>2025-03-01T02:50:09.000Z</time></trkpt><trkpt lat="35.67246668972075" lon="138.77175617963076"><ele>1072.199951171875</ele><time>2025-03-01T02:50:20.000Z</time></trkpt><trkpt lat="35.67245529033244" lon="138.7717327941209"><ele>1071.800048828125</ele><time>2025-03-01T02:50:22.000Z</time></trkpt><trkpt lat="35.67243701778352" lon="138.7716104183346"><ele>1071.199951171875</ele><time>2025-03-01T02:50:31.000Z</time></trkpt><trkpt lat="35.67244238220155" lon="138.77150254324079"><ele>1070.4000244140625</ele><time>2025-03-01T02:50:38.000Z</time></trkpt><trkpt lat="35.67247339524329" lon="138.77132618799806"><ele>1069.800048828125</ele><time>2025-03-01T02:50:49.000Z</time></trkpt><trkpt lat="35.67246484570205" lon="138.77121512778103"><ele>1069.0</ele><time>2025-03-01T02:50:57.000Z</time></trkpt><trkpt lat="35.672462582588196" lon="138.77115276642144"><ele>1068.5999755859375</ele><time>2025-03-01T02:51:02.000Z</time></trkpt><trkpt lat="35.672417068853974" lon="138.77102033235133"><ele>1068.199951171875</ele><time>2025-03-01T02:51:12.000Z</time></trkpt><trkpt lat="35.67240172997117" lon="138.77085076645017"><ele>1067.199951171875</ele><time>2025-03-01T02:51:22.000Z</time></trkpt><trkpt lat="35.67244707606733" lon="138.77069922164083"><ele>1066.4000244140625</ele><time>2025-03-01T02:51:32.000Z</time></trkpt><trkpt lat="35.67245336249471" lon="138.77067541703582"><ele>1066.199951171875</ele><time>2025-03-01T02:51:34.000Z</time></trkpt><trkpt lat="35.67245998419821" lon="138.77050166018307"><ele>1064.5999755859375</ele><time>2025-03-01T02:51:45.000Z</time></trkpt><trkpt lat="35.672468952834606" lon="138.77044508233666"><ele>1063.800048828125</ele><time>2025-03-01T02:51:49.000Z</time></trkpt><trkpt lat="35.67245562560856" lon="138.77036025747657"><ele>1063.0</ele><time>2025-03-01T02:51:56.000Z</time></trkpt><trkpt lat="35.6724398676306" lon="138.7702237162739"><ele>1061.199951171875</ele><time>2025-03-01T02:52:05.000Z</time></trkpt><trkpt lat="35.67244372330606" lon="138.770210724324"><ele>1061.0</ele><time>2025-03-01T02:52:06.000Z</time></trkpt><trkpt lat="35.67247658036649" lon="138.77009069547057"><ele>1059.5999755859375</ele><time>2025-03-01T02:52:14.000Z</time></trkpt><trkpt lat="35.67256987094879" lon="138.769983490929"><ele>1058.199951171875</ele><time>2025-03-01T02:52:23.000Z</time></trkpt><trkpt lat="35.67271873354912" lon="138.76990218646824"><ele>1056.199951171875</ele><time>2025-03-01T02:52:34.000Z</time></trkpt><trkpt lat="35.67283079959452" lon="138.7698132544756"><ele>1054.4000244140625</ele><time>2025-03-01T02:52:45.000Z</time></trkpt><trkpt lat="35.67284446209669" lon="138.7697781343013"><ele>1053.5999755859375</ele><time>2025-03-01T02:52:51.000Z</time></trkpt><trkpt lat="35.67284722812474" lon="138.76975684426725"><ele>1053.199951171875</ele><time>2025-03-01T02:52:54.000Z</time></trkpt><trkpt lat="35.67293079569936" lon="138.76961326226592"><ele>1051.199951171875</ele><time>2025-03-01T02:53:07.000Z</time></trkpt><trkpt lat="35.67298837937415" lon="138.76947437413037"><ele>1049.4000244140625</ele><time>2025-03-01T02:53:19.000Z</time></trkpt><trkpt lat="35.673029785975814" lon="138.76941067166626"><ele>1048.4000244140625</ele><time>2025-03-01T02:53:25.000Z</time></trkpt><trkpt lat="35.673046885058284" lon="138.76933204941452"><ele>1047.4000244140625</ele><time>2025-03-01T02:53:31.000Z</time></trkpt><trkpt lat="35.673070354387164" lon="138.76926683820784"><ele>1046.199951171875</ele><time>2025-03-01T02:53:40.000Z</time></trkpt><trkpt lat="35.67306658253074" lon="138.76926315017045"><ele>1044.5999755859375</ele><time>2025-03-01T02:53:45.000Z</time></trkpt><trkpt lat="35.67306616343558" lon="138.7692511640489"><ele>1044.4000244140625</ele><time>2025-03-01T02:53:46.000Z</time></trkpt><trkpt lat="35.6731169577688" lon="138.76910598948598"><ele>1044.4000244140625</ele><time>2025-03-01T02:53:56.000Z</time></trkpt><trkpt lat="35.67317898385227" lon="138.76895318739116"><ele>1043.199951171875</ele><time>2025-03-01T02:54:05.000Z</time></trkpt><trkpt lat="35.67318895831704" lon="138.76888252794743"><ele>1042.5999755859375</ele><time>2025-03-01T02:54:09.000Z</time></trkpt><trkpt lat="35.67317705601454" lon="138.76881237141788"><ele>1041.5999755859375</ele><time>2025-03-01T02:54:13.000Z</time></trkpt><trkpt lat="35.67317487671971" lon="138.7686945218593"><ele>1040.4000244140625</ele><time>2025-03-01T02:54:20.000Z</time></trkpt><trkpt lat="35.67318602465093" lon="138.7686287239194"><ele>1039.5999755859375</ele><time>2025-03-01T02:54:24.000Z</time></trkpt><trkpt lat="35.67319708876312" lon="138.76849352382123"><ele>1038.199951171875</ele><time>2025-03-01T02:54:33.000Z</time></trkpt><trkpt lat="35.673233130946755" lon="138.76836083829403"><ele>1036.800048828125</ele><time>2025-03-01T02:54:42.000Z</time></trkpt><trkpt lat="35.673248721286654" lon="138.76828162930906"><ele>1036.0</ele><time>2025-03-01T02:54:47.000Z</time></trkpt><trkpt lat="35.67325182259083" lon="138.76823913305998"><ele>1035.5999755859375</ele><time>2025-03-01T02:54:50.000Z</time></trkpt><trkpt lat="35.67329993471503" lon="138.76814492046833"><ele>1034.4000244140625</ele><time>2025-03-01T02:54:57.000Z</time></trkpt><trkpt lat="35.67335265688598" lon="138.76802204176784"><ele>1033.0</ele><time>2025-03-01T02:55:06.000Z</time></trkpt><trkpt lat="35.673405043780804" lon="138.7678881827742"><ele>1031.5999755859375</ele><time>2025-03-01T02:55:15.000Z</time></trkpt><trkpt lat="35.673449132591486" lon="138.76779631711543"><ele>1030.5999755859375</ele><time>2025-03-01T02:55:21.000Z</time></trkpt><trkpt lat="35.67351182922721" lon="138.767681568861"><ele>1029.0</ele><time>2025-03-01T02:55:30.000Z</time></trkpt><trkpt lat="35.67351442761719" lon="138.76766338013113"><ele>1027.800048828125</ele><time>2025-03-01T02:55:34.000Z</time></trkpt><trkpt lat="35.67360486835241" lon="138.76751854084432"><ele>1027.800048828125</ele><time>2025-03-01T02:55:46.000Z</time></trkpt><trkpt lat="35.67365985363722" lon="138.7674230709672"><ele>1026.800048828125</ele><time>2025-03-01T02:55:54.000Z</time></trkpt><trkpt lat="35.67367368377745" lon="138.7674045469612"><ele>1025.5999755859375</ele><time>2025-03-01T02:56:01.000Z</time></trkpt><trkpt lat="35.6736986618489" lon="138.76737822778523"><ele>1027.0</ele><time>2025-03-01T02:56:04.000Z</time></trkpt><trkpt lat="35.67377879284322" lon="138.76730446703732"><ele>1027.5999755859375</ele><time>2025-03-01T02:56:13.000Z</time></trkpt><trkpt lat="35.67380301654339" lon="138.7672906368971"><ele>1028.5999755859375</ele><time>2025-03-01T02:56:21.000Z</time></trkpt><trkpt lat="35.67381986416876" lon="138.76726674847305"><ele>1028.800048828125</ele><time>2025-03-01T02:56:24.000Z</time></trkpt><trkpt lat="35.67383293993771" lon="138.76722215674818"><ele>1029.800048828125</ele><time>2025-03-01T02:56:32.000Z</time></trkpt><trkpt lat="35.6738664675504" lon="138.7671870365739"><ele>1030.4000244140625</ele><time>2025-03-01T02:56:38.000Z</time></trkpt><trkpt lat="35.67396973259747" lon="138.76704261638224"><ele>1031.800048828125</ele><time>2025-03-01T02:56:51.000Z</time></trkpt><trkpt lat="35.674056988209486" lon="138.76694907434285"><ele>1033.0</ele><time>2025-03-01T02:57:00.000Z</time></trkpt><trkpt lat="35.674122869968414" lon="138.766851676628"><ele>1033.800048828125</ele><time>2025-03-01T02:57:09.000Z</time></trkpt><trkpt lat="35.6741320900619" lon="138.76683734357357"><ele>1035.800048828125</ele><time>2025-03-01T02:57:13.000Z</time></trkpt><trkpt lat="35.67413401789963" lon="138.76681638881564"><ele>1035.199951171875</ele><time>2025-03-01T02:57:22.000Z</time></trkpt><trkpt lat="35.67417944781482" lon="138.7667718809098"><ele>1035.199951171875</ele><time>2025-03-01T02:57:32.000Z</time></trkpt><trkpt lat="35.67419403232634" lon="138.7667586375028"><ele>1035.0</ele><time>2025-03-01T02:57:41.000Z</time></trkpt><trkpt lat="35.67420417442918" lon="138.7667562905699"><ele>1035.5999755859375</ele><time>2025-03-01T02:57:49.000Z</time></trkpt><trkpt lat="35.67420526407659" lon="138.76675536856055"><ele>1034.199951171875</ele><time>2025-03-01T02:58:07.000Z</time></trkpt><trkpt lat="35.6742237880826" lon="138.7667631637305"><ele>1034.199951171875</ele><time>2025-03-01T02:58:31.000Z</time></trkpt><trkpt lat="35.674228481948376" lon="138.76676643267274"><ele>1034.199951171875</ele><time>2025-03-01T02:58:58.000Z</time></trkpt><trkpt lat="35.67423116415739" lon="138.7667673546821"><ele>1035.0</ele><time>2025-03-01T02:59:23.000Z</time></trkpt><trkpt lat="35.67423367872834" lon="138.7667702883482"><ele>1034.4000244140625</ele><time>2025-03-01T02:59:48.000Z</time></trkpt><trkpt lat="35.67423636093736" lon="138.7667721323669"><ele>1034.5999755859375</ele><time>2025-03-01T03:00:16.000Z</time></trkpt><trkpt lat="35.67423694767058" lon="138.76677221618593"><ele>1034.800048828125</ele><time>2025-03-01T03:00:45.000Z</time></trkpt><trkpt lat="35.67423895932734" lon="138.76677271910012"><ele>1035.0</ele><time>2025-03-01T03:01:24.000Z</time></trkpt><trkpt lat="35.674237199127674" lon="138.76676802523434"><ele>1035.0</ele><time>2025-03-01T03:02:06.000Z</time></trkpt><trkpt lat="35.674230828881264" lon="138.76677045598626"><ele>1035.199951171875</ele><time>2025-03-01T03:02:31.000Z</time></trkpt><trkpt lat="35.67422806285322" lon="138.7667734734714"><ele>1035.199951171875</ele><time>2025-03-01T03:02:58.000Z</time></trkpt><trkpt lat="35.67422705702484" lon="138.76677632331848"><ele>1035.4000244140625</ele><time>2025-03-01T03:03:36.000Z</time></trkpt><trkpt lat="35.67422395572066" lon="138.76677883788943"><ele>1035.4000244140625</ele><time>2025-03-01T03:04:14.000Z</time></trkpt><trkpt lat="35.67422169260681" lon="138.76677288673818"><ele>1035.5999755859375</ele><time>2025-03-01T03:04:57.000Z</time></trkpt><trkpt lat="35.67421942949295" lon="138.7667689472437"><ele>1035.5999755859375</ele><time>2025-03-01T03:05:27.000Z</time></trkpt><trkpt lat="35.67421942949295" lon="138.76676886342466"><ele>1036.0</ele><time>2025-03-01T03:05:55.000Z</time></trkpt><trkpt lat="35.67422236315906" lon="138.76677062362432"><ele>1036.0</ele><time>2025-03-01T03:06:22.000Z</time></trkpt><trkpt lat="35.67422479391098" lon="138.76677146181464"><ele>1035.800048828125</ele><time>2025-03-01T03:06:46.000Z</time></trkpt><trkpt lat="35.674224961549044" lon="138.76677271910012"><ele>1034.5999755859375</ele><time>2025-03-01T03:06:49.000Z</time></trkpt><trkpt lat="35.67422445863485" lon="138.7667718809098"><ele>1036.199951171875</ele><time>2025-03-01T03:07:24.000Z</time></trkpt><trkpt lat="35.67422345280647" lon="138.76676945015788"><ele>1036.199951171875</ele><time>2025-03-01T03:07:52.000Z</time></trkpt><trkpt lat="35.67422227934003" lon="138.7667686957866"><ele>1036.199951171875</ele><time>2025-03-01T03:08:22.000Z</time></trkpt><trkpt lat="35.67422169260681" lon="138.76676928251982"><ele>1036.4000244140625</ele><time>2025-03-01T03:08:49.000Z</time></trkpt><trkpt lat="35.67422077059746" lon="138.76676995307207"><ele>1036.199951171875</ele><time>2025-03-01T03:09:19.000Z</time></trkpt><trkpt lat="35.674220183864236" lon="138.766769785434"><ele>1036.4000244140625</ele><time>2025-03-01T03:09:47.000Z</time></trkpt><trkpt lat="35.674219680950046" lon="138.766769785434"><ele>1036.199951171875</ele><time>2025-03-01T03:10:15.000Z</time></trkpt><trkpt lat="35.674219597131014" lon="138.766769785434"><ele>1036.4000244140625</ele><time>2025-03-01T03:10:44.000Z</time></trkpt><trkpt lat="35.67421934567392" lon="138.76676961779594"><ele>1036.5999755859375</ele><time>2025-03-01T03:11:12.000Z</time></trkpt><trkpt lat="35.674219178035855" lon="138.76676936633885"><ele>1036.5999755859375</ele><time>2025-03-01T03:11:45.000Z</time></trkpt><trkpt lat="35.674218675121665" lon="138.76676903106272"><ele>1036.800048828125</ele><time>2025-03-01T03:12:12.000Z</time></trkpt><trkpt lat="35.674218172207475" lon="138.76676886342466"><ele>1036.800048828125</ele><time>2025-03-01T03:12:41.000Z</time></trkpt><trkpt lat="35.67421783693135" lon="138.76676877960563"><ele>1037.199951171875</ele><time>2025-03-01T03:13:02.000Z</time></trkpt><trkpt lat="35.674217669293284" lon="138.7667686957866"><ele>1036.800048828125</ele><time>2025-03-01T03:13:26.000Z</time></trkpt><trkpt lat="35.674217669293284" lon="138.7667686957866"><ele>1036.800048828125</ele><time>2025-03-01T03:13:34.000Z</time></trkpt><trkpt lat="35.67421557381749" lon="138.7667639181018"><ele>1036.800048828125</ele><time>2025-03-01T03:13:36.000Z</time></trkpt><trkpt lat="35.6742150709033" lon="138.76675955951214"><ele>1038.0</ele><time>2025-03-01T03:13:42.000Z</time></trkpt><trkpt lat="35.67419109866023" lon="138.76677255146205"><ele>1037.800048828125</ele><time>2025-03-01T03:13:49.000Z</time></trkpt><trkpt lat="35.67416083998978" lon="138.76682242378592"><ele>1039.0</ele><time>2025-03-01T03:13:58.000Z</time></trkpt><trkpt lat="35.67419403232634" lon="138.76679283566773"><ele>1038.800048828125</ele><time>2025-03-01T03:14:06.000Z</time></trkpt><trkpt lat="35.674192355945706" lon="138.76677112653852"><ele>1038.0</ele><time>2025-03-01T03:14:15.000Z</time></trkpt><trkpt lat="35.67417316138744" lon="138.76681529916823"><ele>1037.5999755859375</ele><time>2025-03-01T03:14:24.000Z</time></trkpt><trkpt lat="35.67411381751299" lon="138.7668812647462"><ele>1038.4000244140625</ele><time>2025-03-01T03:14:32.000Z</time></trkpt><trkpt lat="35.6740649510175" lon="138.76693331636488"><ele>1038.800048828125</ele><time>2025-03-01T03:14:37.000Z</time></trkpt><trkpt lat="35.67394374869764" lon="138.76707958057523"><ele>1037.199951171875</ele><time>2025-03-01T03:14:50.000Z</time></trkpt><trkpt lat="35.67385146394372" lon="138.7672195583582"><ele>1036.0</ele><time>2025-03-01T03:15:01.000Z</time></trkpt><trkpt lat="35.67375674843788" lon="138.76732458360493"><ele>1034.4000244140625</ele><time>2025-03-01T03:15:11.000Z</time></trkpt><trkpt lat="35.67366639152169" lon="138.76742206513882"><ele>1032.4000244140625</ele><time>2025-03-01T03:15:20.000Z</time></trkpt><trkpt lat="35.673552230000496" lon="138.76745039597154"><ele>1030.5999755859375</ele><time>2025-03-01T03:15:29.000Z</time></trkpt><trkpt lat="35.67353228107095" lon="138.76740463078022"><ele>1030.0</ele><time>2025-03-01T03:15:35.000Z</time></trkpt><trkpt lat="35.673518953844905" lon="138.76740287058055"><ele>1029.4000244140625</ele><time>2025-03-01T03:15:39.000Z</time></trkpt><trkpt lat="35.67349967546761" lon="138.7674164492637"><ele>1028.199951171875</ele><time>2025-03-01T03:15:43.000Z</time></trkpt><trkpt lat="35.67340009845793" lon="138.7673733662814"><ele>1028.4000244140625</ele><time>2025-03-01T03:15:52.000Z</time></trkpt><trkpt lat="35.67338526248932" lon="138.76737294718623"><ele>1026.5999755859375</ele><time>2025-03-01T03:16:04.000Z</time></trkpt><trkpt lat="35.67338484339416" lon="138.76737135462463"><ele>1026.4000244140625</ele><time>2025-03-01T03:16:18.000Z</time></trkpt><trkpt lat="35.673387944698334" lon="138.76738493330777"><ele>1026.5999755859375</ele><time>2025-03-01T03:16:24.000Z</time></trkpt><trkpt lat="35.673363134264946" lon="138.76737982034683"><ele>1026.5999755859375</ele><time>2025-03-01T03:16:27.000Z</time></trkpt><trkpt lat="35.67322307266295" lon="138.76732642762363"><ele>1024.0</ele><time>2025-03-01T03:16:41.000Z</time></trkpt><trkpt lat="35.67316724918783" lon="138.76731519587338"><ele>1026.5999755859375</ele><time>2025-03-01T03:16:46.000Z</time></trkpt><trkpt lat="35.67307295277715" lon="138.7672782316804"><ele>1026.0</ele><time>2025-03-01T03:16:55.000Z</time></trkpt><trkpt lat="35.67302458919585" lon="138.76725794747472"><ele>1024.800048828125</ele><time>2025-03-01T03:16:59.000Z</time></trkpt><trkpt lat="35.672888131812215" lon="138.7672486435622"><ele>1022.0</ele><time>2025-03-01T03:17:09.000Z</time></trkpt><trkpt lat="35.67278285510838" lon="138.76727915368974"><ele>1020.199951171875</ele><time>2025-03-01T03:17:19.000Z</time></trkpt><trkpt lat="35.672664334997535" lon="138.76729021780193"><ele>1018.4000244140625</ele><time>2025-03-01T03:17:29.000Z</time></trkpt><trkpt lat="35.67255478352308" lon="138.7672901339829"><ele>1017.4000244140625</ele><time>2025-03-01T03:17:38.000Z</time></trkpt><trkpt lat="35.672475239261985" lon="138.76731301657856"><ele>1015.199951171875</ele><time>2025-03-01T03:17:46.000Z</time></trkpt><trkpt lat="35.6723259575665" lon="138.7673321273178"><ele>1013.5999755859375</ele><time>2025-03-01T03:18:00.000Z</time></trkpt><trkpt lat="35.67212085239589" lon="138.7673625536263"><ele>1011.4000244140625</ele><time>2025-03-01T03:18:17.000Z</time></trkpt><trkpt lat="35.67201322875917" lon="138.76739608123899"><ele>1010.0</ele><time>2025-03-01T03:18:26.000Z</time></trkpt><trkpt lat="35.67189076915383" lon="138.76744402572513"><ele>1008.199951171875</ele><time>2025-03-01T03:18:36.000Z</time></trkpt><trkpt lat="35.671768644824624" lon="138.7674695905298"><ele>1006.199951171875</ele><time>2025-03-01T03:18:46.000Z</time></trkpt><trkpt lat="35.671659680083394" lon="138.76747503876686"><ele>1004.4000244140625</ele><time>2025-03-01T03:18:57.000Z</time></trkpt><trkpt lat="35.671617770567536" lon="138.76747788861394"><ele>1003.800048828125</ele><time>2025-03-01T03:19:01.000Z</time></trkpt><trkpt lat="35.67155842669308" lon="138.76747922971845"><ele>1002.5999755859375</ele><time>2025-03-01T03:19:06.000Z</time></trkpt><trkpt lat="35.671528251841664" lon="138.76745995134115"><ele>1001.0</ele><time>2025-03-01T03:19:09.000Z</time></trkpt><trkpt lat="35.671476451680064" lon="138.76740965992212"><ele>1002.199951171875</ele><time>2025-03-01T03:19:14.000Z</time></trkpt><trkpt lat="35.67146463319659" lon="138.76728711649776"><ele>999.800048828125</ele><time>2025-03-01T03:19:23.000Z</time></trkpt><trkpt lat="35.67147226072848" lon="138.76727865077555"><ele>999.4000244140625</ele><time>2025-03-01T03:19:24.000Z</time></trkpt><trkpt lat="35.67154157906771" lon="138.76728954724967"><ele>999.0</ele><time>2025-03-01T03:19:31.000Z</time></trkpt><trkpt lat="35.6715938821435" lon="138.76731754280627"><ele>998.199951171875</ele><time>2025-03-01T03:19:36.000Z</time></trkpt><trkpt lat="35.67164626903832" lon="138.76735341735184"><ele>995.0</ele><time>2025-03-01T03:19:40.000Z</time></trkpt><trkpt lat="35.67168499343097" lon="138.76736582256854"><ele>999.4000244140625</ele><time>2025-03-01T03:19:43.000Z</time></trkpt><trkpt lat="35.671710977330804" lon="138.7673705164343"><ele>1000.4000244140625</ele><time>2025-03-01T03:19:45.000Z</time></trkpt><trkpt lat="35.67183829843998" lon="138.7673519924283"><ele>997.5999755859375</ele><time>2025-03-01T03:19:55.000Z</time></trkpt><trkpt lat="35.671960171312094" lon="138.76728837378323"><ele>995.5999755859375</ele><time>2025-03-01T03:20:05.000Z</time></trkpt><trkpt lat="35.67208422347903" lon="138.7671640701592"><ele>994.0</ele><time>2025-03-01T03:20:16.000Z</time></trkpt><trkpt lat="35.67218028008938" lon="138.76706927083433"><ele>992.5999755859375</ele><time>2025-03-01T03:20:25.000Z</time></trkpt><trkpt lat="35.67230449989438" lon="138.76701177097857"><ele>991.199951171875</ele><time>2025-03-01T03:20:35.000Z</time></trkpt><trkpt lat="35.67241547629237" lon="138.76698603853583"><ele>989.800048828125</ele><time>2025-03-01T03:20:44.000Z</time></trkpt><trkpt lat="35.672492841258645" lon="138.76687749288976"><ele>988.4000244140625</ele><time>2025-03-01T03:20:52.000Z</time></trkpt><trkpt lat="35.67258697003126" lon="138.7667954340577"><ele>987.199951171875</ele><time>2025-03-01T03:21:01.000Z</time></trkpt><trkpt lat="35.67269635386765" lon="138.7668078392744"><ele>986.0</ele><time>2025-03-01T03:21:09.000Z</time></trkpt><trkpt lat="35.67283742129803" lon="138.76683038659394"><ele>984.800048828125</ele><time>2025-03-01T03:21:19.000Z</time></trkpt><trkpt lat="35.67295887507498" lon="138.76682636328042"><ele>983.5999755859375</ele><time>2025-03-01T03:21:28.000Z</time></trkpt><trkpt lat="35.673084519803524" lon="138.7668133713305"><ele>982.4000244140625</ele><time>2025-03-01T03:21:37.000Z</time></trkpt><trkpt lat="35.67323296330869" lon="138.7667578831315"><ele>980.5999755859375</ele><time>2025-03-01T03:21:48.000Z</time></trkpt><trkpt lat="35.67332809790969" lon="138.76667817123234"><ele>979.5999755859375</ele><time>2025-03-01T03:21:57.000Z</time></trkpt><trkpt lat="35.673397248610854" lon="138.76656476408243"><ele>978.5999755859375</ele><time>2025-03-01T03:22:04.000Z</time></trkpt><trkpt lat="35.67349422723055" lon="138.7664544582367"><ele>977.5999755859375</ele><time>2025-03-01T03:22:14.000Z</time></trkpt><trkpt lat="35.67365365102887" lon="138.76631766557693"><ele>976.4000244140625</ele><time>2025-03-01T03:22:27.000Z</time></trkpt><trkpt lat="35.673761777579784" lon="138.76620325259864"><ele>975.199951171875</ele><time>2025-03-01T03:22:38.000Z</time></trkpt><trkpt lat="35.67386613227427" lon="138.76605212688446"><ele>974.199951171875</ele><time>2025-03-01T03:22:51.000Z</time></trkpt><trkpt lat="35.673961685970426" lon="138.76590862870216"><ele>973.199951171875</ele><time>2025-03-01T03:23:01.000Z</time></trkpt><trkpt lat="35.67407685332" lon="138.76581869088113"><ele>972.4000244140625</ele><time>2025-03-01T03:23:11.000Z</time></trkpt><trkpt lat="35.67423015832901" lon="138.7658238876611"><ele>970.800048828125</ele><time>2025-03-01T03:23:22.000Z</time></trkpt><trkpt lat="35.67434415221214" lon="138.7658614385873"><ele>969.5999755859375</ele><time>2025-03-01T03:23:30.000Z</time></trkpt><trkpt lat="35.67448949441314" lon="138.76585389487445"><ele>968.4000244140625</ele><time>2025-03-01T03:23:41.000Z</time></trkpt><trkpt lat="35.674628131091595" lon="138.76586923375726"><ele>967.0</ele><time>2025-03-01T03:23:51.000Z</time></trkpt><trkpt lat="35.674792835488915" lon="138.76590888015926"><ele>965.5999755859375</ele><time>2025-03-01T03:24:03.000Z</time></trkpt><trkpt lat="35.67489526234567" lon="138.76597677357495"><ele>964.4000244140625</ele><time>2025-03-01T03:24:11.000Z</time></trkpt><trkpt lat="35.674981428310275" lon="138.76607718877494"><ele>962.800048828125</ele><time>2025-03-01T03:24:20.000Z</time></trkpt><trkpt lat="35.675087962299585" lon="138.76619352959096"><ele>961.4000244140625</ele><time>2025-03-01T03:24:30.000Z</time></trkpt><trkpt lat="35.67518284544349" lon="138.76625488512218"><ele>960.0</ele><time>2025-03-01T03:24:39.000Z</time></trkpt><trkpt lat="35.67523372359574" lon="138.76627986319363"><ele>957.800048828125</ele><time>2025-03-01T03:24:44.000Z</time></trkpt><trkpt lat="35.6752341426909" lon="138.76627231948078"><ele>957.800048828125</ele><time>2025-03-01T03:24:51.000Z</time></trkpt><trkpt lat="35.675242859870195" lon="138.76627667807043"><ele>957.199951171875</ele><time>2025-03-01T03:24:58.000Z</time></trkpt><trkpt lat="35.67528217099607" lon="138.7663022428751"><ele>958.5999755859375</ele><time>2025-03-01T03:25:02.000Z</time></trkpt><trkpt lat="35.67540714517236" lon="138.76635647378862"><ele>958.4000244140625</ele><time>2025-03-01T03:25:12.000Z</time></trkpt><trkpt lat="35.67554418928921" lon="138.76641808077693"><ele>956.800048828125</ele><time>2025-03-01T03:25:22.000Z</time></trkpt><trkpt lat="35.67563119344413" lon="138.76653995364904"><ele>955.4000244140625</ele><time>2025-03-01T03:25:31.000Z</time></trkpt><trkpt lat="35.67564519122243" lon="138.7666077632457"><ele>954.5999755859375</ele><time>2025-03-01T03:25:35.000Z</time></trkpt><trkpt lat="35.67562088370323" lon="138.7667129561305"><ele>953.800048828125</ele><time>2025-03-01T03:25:41.000Z</time></trkpt><trkpt lat="35.675547290593386" lon="138.7668910715729"><ele>952.199951171875</ele><time>2025-03-01T03:25:52.000Z</time></trkpt><trkpt lat="35.67547629587352" lon="138.76703239046037"><ele>950.800048828125</ele><time>2025-03-01T03:26:02.000Z</time></trkpt><trkpt lat="35.67537495866418" lon="138.7671587895602"><ele>949.5999755859375</ele><time>2025-03-01T03:26:12.000Z</time></trkpt><trkpt lat="35.675275549292564" lon="138.7672616355121"><ele>948.5999755859375</ele><time>2025-03-01T03:26:21.000Z</time></trkpt><trkpt lat="35.67516499198973" lon="138.76732064411044"><ele>947.5999755859375</ele><time>2025-03-01T03:26:30.000Z</time></trkpt><trkpt lat="35.67504127509892" lon="138.76740622334182"><ele>946.5999755859375</ele><time>2025-03-01T03:26:40.000Z</time></trkpt><trkpt lat="35.67496709525585" lon="138.7674865219742"><ele>946.0</ele><time>2025-03-01T03:26:47.000Z</time></trkpt><trkpt lat="35.67489962093532" lon="138.76757235266268"><ele>945.4000244140625</ele><time>2025-03-01T03:26:55.000Z</time></trkpt><trkpt lat="35.67479979246855" lon="138.7677196227014"><ele>944.4000244140625</ele><time>2025-03-01T03:27:06.000Z</time></trkpt><trkpt lat="35.67474505864084" lon="138.76784082502127"><ele>943.5999755859375</ele><time>2025-03-01T03:27:14.000Z</time></trkpt><trkpt lat="35.67467004060745" lon="138.767996057868"><ele>942.5999755859375</ele><time>2025-03-01T03:27:24.000Z</time></trkpt><trkpt lat="35.67461522296071" lon="138.76813335344195"><ele>941.800048828125</ele><time>2025-03-01T03:27:33.000Z</time></trkpt><trkpt lat="35.67454934120178" lon="138.76828112639487"><ele>941.0</ele><time>2025-03-01T03:27:43.000Z</time></trkpt><trkpt lat="35.67450416274369" lon="138.76841347664595"><ele>940.4000244140625</ele><time>2025-03-01T03:27:51.000Z</time></trkpt><trkpt lat="35.674500558525324" lon="138.76849888823926"><ele>940.0</ele><time>2025-03-01T03:27:56.000Z</time></trkpt><trkpt lat="35.67450416274369" lon="138.76857357099652"><ele>939.5999755859375</ele><time>2025-03-01T03:28:02.000Z</time></trkpt><trkpt lat="35.67450759932399" lon="138.76863836310804"><ele>939.199951171875</ele><time>2025-03-01T03:28:06.000Z</time></trkpt><trkpt lat="35.67451262846589" lon="138.76879518851638"><ele>938.4000244140625</ele><time>2025-03-01T03:28:16.000Z</time></trkpt><trkpt lat="35.67450508475304" lon="138.7688454799354"><ele>938.199951171875</ele><time>2025-03-01T03:28:19.000Z</time></trkpt><trkpt lat="35.67449712194502" lon="138.76894145272672"><ele>937.800048828125</ele><time>2025-03-01T03:28:25.000Z</time></trkpt><trkpt lat="35.67449536174536" lon="138.76902476884425"><ele>937.199951171875</ele><time>2025-03-01T03:28:30.000Z</time></trkpt><trkpt lat="35.67449888214469" lon="138.7692218273878"><ele>936.4000244140625</ele><time>2025-03-01T03:28:41.000Z</time></trkpt><trkpt lat="35.674417996779084" lon="138.7693380843848"><ele>935.5999755859375</ele><time>2025-03-01T03:28:49.000Z</time></trkpt><trkpt lat="35.67436443641782" lon="138.76943305134773"><ele>934.800048828125</ele><time>2025-03-01T03:28:56.000Z</time></trkpt><trkpt lat="35.67437172867358" lon="138.76944319345057"><ele>933.800048828125</ele><time>2025-03-01T03:29:01.000Z</time></trkpt><trkpt lat="35.674375584349036" lon="138.76947219483554"><ele>934.199951171875</ele><time>2025-03-01T03:29:04.000Z</time></trkpt><trkpt lat="35.67442378029227" lon="138.76956758089364"><ele>934.5999755859375</ele><time>2025-03-01T03:29:11.000Z</time></trkpt><trkpt lat="35.67447306588292" lon="138.7696578539908"><ele>933.800048828125</ele><time>2025-03-01T03:29:20.000Z</time></trkpt><trkpt lat="35.67448505200446" lon="138.76965936273336"><ele>933.5999755859375</ele><time>2025-03-01T03:29:21.000Z</time></trkpt><trkpt lat="35.67448865622282" lon="138.76969045959413"><ele>933.199951171875</ele><time>2025-03-01T03:29:28.000Z</time></trkpt><trkpt lat="35.67446862347424" lon="138.76972876489162"><ele>933.4000244140625</ele><time>2025-03-01T03:29:35.000Z</time></trkpt><trkpt lat="35.67437248304486" lon="138.7697921320796"><ele>933.0</ele><time>2025-03-01T03:29:48.000Z</time></trkpt><trkpt lat="35.674303164705634" lon="138.7698214687407"><ele>933.4000244140625</ele><time>2025-03-01T03:29:57.000Z</time></trkpt><trkpt lat="35.674297297373414" lon="138.76982415094972"><ele>933.5999755859375</ele><time>2025-03-01T03:30:11.000Z</time></trkpt><trkpt lat="35.67432219162583" lon="138.76987787894905"><ele>935.199951171875</ele><time>2025-03-01T03:30:21.000Z</time></trkpt><trkpt lat="35.67437935620546" lon="138.76997016370296"><ele>936.4000244140625</ele><time>2025-03-01T03:30:35.000Z</time></trkpt><trkpt lat="35.6744275521487" lon="138.7700252328068"><ele>937.199951171875</ele><time>2025-03-01T03:30:45.000Z</time></trkpt><trkpt lat="35.674476251006126" lon="138.77011869102716"><ele>939.5999755859375</ele><time>2025-03-01T03:31:00.000Z</time></trkpt><trkpt lat="35.67450089380145" lon="138.77014702185988"><ele>941.5999755859375</ele><time>2025-03-01T03:31:08.000Z</time></trkpt><trkpt lat="35.67450617440045" lon="138.77016085200012"><ele>941.5999755859375</ele><time>2025-03-01T03:31:16.000Z</time></trkpt><trkpt lat="35.67452687770128" lon="138.7701721675694"><ele>944.800048828125</ele><time>2025-03-01T03:31:27.000Z</time></trkpt><trkpt lat="35.67456543445587" lon="138.77021608874202"><ele>946.0</ele><time>2025-03-01T03:31:38.000Z</time></trkpt><trkpt lat="35.67458697594702" lon="138.77026797272265"><ele>948.0</ele><time>2025-03-01T03:31:49.000Z</time></trkpt><trkpt lat="35.674595860764384" lon="138.77031457610428"><ele>950.0</ele><time>2025-03-01T03:31:59.000Z</time></trkpt><trkpt lat="35.67461027763784" lon="138.77034408040345"><ele>951.800048828125</ele><time>2025-03-01T03:32:10.000Z</time></trkpt><trkpt lat="35.674648666754365" lon="138.77036972902715"><ele>953.800048828125</ele><time>2025-03-01T03:32:20.000Z</time></trkpt><trkpt lat="35.674670627340674" lon="138.7704309169203"><ele>956.0</ele><time>2025-03-01T03:32:34.000Z</time></trkpt><trkpt lat="35.67467833869159" lon="138.77044902183115"><ele>958.199951171875</ele><time>2025-03-01T03:32:46.000Z</time></trkpt><trkpt lat="35.67470298148692" lon="138.77044877037406"><ele>960.4000244140625</ele><time>2025-03-01T03:32:58.000Z</time></trkpt><trkpt lat="35.67473198287189" lon="138.77046084031463"><ele>962.0</ele><time>2025-03-01T03:33:08.000Z</time></trkpt><trkpt lat="35.67479778081179" lon="138.7704792805016"><ele>964.199951171875</ele><time>2025-03-01T03:33:18.000Z</time></trkpt><trkpt lat="35.674840193241835" lon="138.7705168314278"><ele>966.800048828125</ele><time>2025-03-01T03:33:31.000Z</time></trkpt><trkpt lat="35.674863243475556" lon="138.77055228687823"><ele>968.199951171875</ele><time>2025-03-01T03:33:39.000Z</time></trkpt><trkpt lat="35.67486156709492" lon="138.77058941870928"><ele>969.0</ele><time>2025-03-01T03:33:48.000Z</time></trkpt><trkpt lat="35.67488545551896" lon="138.77061875537038"><ele>970.199951171875</ele><time>2025-03-01T03:33:57.000Z</time></trkpt><trkpt lat="35.67488679662347" lon="138.77062085084617"><ele>971.5999755859375</ele><time>2025-03-01T03:34:08.000Z</time></trkpt><trkpt lat="35.67487908527255" lon="138.7706505227834"><ele>971.800048828125</ele><time>2025-03-01T03:34:18.000Z</time></trkpt><trkpt lat="35.674891071394086" lon="138.77066284418106"><ele>972.800048828125</ele><time>2025-03-01T03:34:28.000Z</time></trkpt><trkpt lat="35.67488646134734" lon="138.77069402486086"><ele>973.800048828125</ele><time>2025-03-01T03:34:40.000Z</time></trkpt><trkpt lat="35.674870451912284" lon="138.77077038399875"><ele>970.5999755859375</ele><time>2025-03-01T03:34:47.000Z</time></trkpt><trkpt lat="35.6748815998435" lon="138.7707768380642"><ele>973.800048828125</ele><time>2025-03-01T03:34:50.000Z</time></trkpt><trkpt lat="35.674880761653185" lon="138.77077876590192"><ele>974.4000244140625</ele><time>2025-03-01T03:34:52.000Z</time></trkpt><trkpt lat="35.67492778412998" lon="138.7708180770278"><ele>974.199951171875</ele><time>2025-03-01T03:35:00.000Z</time></trkpt><trkpt lat="35.67493624985218" lon="138.77082511782646"><ele>974.199951171875</ele><time>2025-03-01T03:35:01.000Z</time></trkpt><trkpt lat="35.67499492317438" lon="138.7708566337824"><ele>974.800048828125</ele><time>2025-03-01T03:35:09.000Z</time></trkpt><trkpt lat="35.67509014159441" lon="138.77084389328957"><ele>976.4000244140625</ele><time>2025-03-01T03:35:19.000Z</time></trkpt><trkpt lat="35.67516691982746" lon="138.77082218416035"><ele>978.4000244140625</ele><time>2025-03-01T03:35:30.000Z</time></trkpt><trkpt lat="35.67517404444516" lon="138.77083064988256"><ele>980.0</ele><time>2025-03-01T03:35:38.000Z</time></trkpt><trkpt lat="35.67517044022679" lon="138.77083517611027"><ele>980.5999755859375</ele><time>2025-03-01T03:35:49.000Z</time></trkpt><trkpt lat="35.6751598790288" lon="138.77085789106786"><ele>980.4000244140625</ele><time>2025-03-01T03:36:01.000Z</time></trkpt><trkpt lat="35.67513816989958" lon="138.77087457105517"><ele>980.0</ele><time>2025-03-01T03:36:09.000Z</time></trkpt><trkpt lat="35.67509609274566" lon="138.77090223133564"><ele>981.0</ele><time>2025-03-01T03:36:19.000Z</time></trkpt><trkpt lat="35.67500355653465" lon="138.77090382389724"><ele>978.800048828125</ele><time>2025-03-01T03:36:32.000Z</time></trkpt><trkpt lat="35.67495879717171" lon="138.7709356751293"><ele>977.199951171875</ele><time>2025-03-01T03:36:43.000Z</time></trkpt><trkpt lat="35.6749680172652" lon="138.77098504453897"><ele>978.800048828125</ele><time>2025-03-01T03:36:55.000Z</time></trkpt><trkpt lat="35.6750250980258" lon="138.7709943484515"><ele>981.5999755859375</ele><time>2025-03-01T03:37:07.000Z</time></trkpt><trkpt lat="35.67503507249057" lon="138.7710067536682"><ele>983.800048828125</ele><time>2025-03-01T03:37:22.000Z</time></trkpt><trkpt lat="35.675033228471875" lon="138.7710101902485"><ele>984.199951171875</ele><time>2025-03-01T03:37:37.000Z</time></trkpt><trkpt lat="35.67503649741411" lon="138.77100901678205"><ele>984.4000244140625</ele><time>2025-03-01T03:37:49.000Z</time></trkpt><trkpt lat="35.674987295642495" lon="138.77102276310325"><ele>983.4000244140625</ele><time>2025-03-01T03:37:58.000Z</time></trkpt><trkpt lat="35.674879755824804" lon="138.77107246778905"><ele>984.5999755859375</ele><time>2025-03-01T03:38:11.000Z</time></trkpt><trkpt lat="35.674872966483235" lon="138.77109048888087"><ele>985.0</ele><time>2025-03-01T03:38:23.000Z</time></trkpt><trkpt lat="35.67482669837773" lon="138.77108118496835"><ele>985.0</ele><time>2025-03-01T03:38:32.000Z</time></trkpt><trkpt lat="35.674809934571385" lon="138.7710844539106"><ele>985.4000244140625</ele><time>2025-03-01T03:38:43.000Z</time></trkpt><trkpt lat="35.67480658181012" lon="138.7710897345096"><ele>985.0</ele><time>2025-03-01T03:38:54.000Z</time></trkpt><trkpt lat="35.67480482161045" lon="138.7710937578231"><ele>985.199951171875</ele><time>2025-03-01T03:39:09.000Z</time></trkpt><trkpt lat="35.674806917086244" lon="138.77111873589456"><ele>986.0</ele><time>2025-03-01T03:39:16.000Z</time></trkpt><trkpt lat="35.67480029538274" lon="138.7711513414979"><ele>986.4000244140625</ele><time>2025-03-01T03:39:25.000Z</time></trkpt><trkpt lat="35.67480565980077" lon="138.77116793766618"><ele>987.4000244140625</ele><time>2025-03-01T03:39:38.000Z</time></trkpt><trkpt lat="35.67480431869626" lon="138.77117053605616"><ele>987.5999755859375</ele><time>2025-03-01T03:39:49.000Z</time></trkpt><trkpt lat="35.674794763326645" lon="138.77118377946317"><ele>988.199951171875</ele><time>2025-03-01T03:40:00.000Z</time></trkpt><trkpt lat="35.67479216493666" lon="138.77118486911058"><ele>988.800048828125</ele><time>2025-03-01T03:40:13.000Z</time></trkpt><trkpt lat="35.67478629760444" lon="138.77118947915733"><ele>988.800048828125</ele><time>2025-03-01T03:40:26.000Z</time></trkpt><trkpt lat="35.67477892152965" lon="138.77120045945048"><ele>988.4000244140625</ele><time>2025-03-01T03:40:38.000Z</time></trkpt><trkpt lat="35.67477925680578" lon="138.7712063267827"><ele>988.800048828125</ele><time>2025-03-01T03:40:49.000Z</time></trkpt><trkpt lat="35.67477892152965" lon="138.771207081154"><ele>989.199951171875</ele><time>2025-03-01T03:41:01.000Z</time></trkpt><trkpt lat="35.674777664244175" lon="138.7712063267827"><ele>989.199951171875</ele><time>2025-03-01T03:41:11.000Z</time></trkpt><trkpt lat="35.674777245149016" lon="138.7712031416595"><ele>989.199951171875</ele><time>2025-03-01T03:41:20.000Z</time></trkpt><trkpt lat="35.6747885607183" lon="138.7712092604488"><ele>988.199951171875</ele><time>2025-03-01T03:41:31.000Z</time></trkpt><trkpt lat="35.67479115910828" lon="138.7712076678872"><ele>987.800048828125</ele><time>2025-03-01T03:41:39.000Z</time></trkpt><trkpt lat="35.67481814883649" lon="138.77118788659573"><ele>987.5999755859375</ele><time>2025-03-01T03:41:48.000Z</time></trkpt><trkpt lat="35.674814293161035" lon="138.77118084579706"><ele>986.800048828125</ele><time>2025-03-01T03:41:55.000Z</time></trkpt><trkpt lat="35.67481362260878" lon="138.77115016803145"><ele>985.800048828125</ele><time>2025-03-01T03:42:06.000Z</time></trkpt><trkpt lat="35.67480859346688" lon="138.77114966511726"><ele>985.800048828125</ele><time>2025-03-01T03:42:16.000Z</time></trkpt><trkpt lat="35.674810353666544" lon="138.77114698290825"><ele>984.5999755859375</ele><time>2025-03-01T03:42:25.000Z</time></trkpt><trkpt lat="35.67480775527656" lon="138.77114044502378"><ele>985.199951171875</ele><time>2025-03-01T03:42:43.000Z</time></trkpt><trkpt lat="35.67480767145753" lon="138.7711405288428"><ele>985.800048828125</ele><time>2025-03-01T03:42:59.000Z</time></trkpt><trkpt lat="35.67482577636838" lon="138.77115067094564"><ele>986.4000244140625</ele><time>2025-03-01T03:43:08.000Z</time></trkpt><trkpt lat="35.6748712901026" lon="138.77114689908922"><ele>986.0</ele><time>2025-03-01T03:43:18.000Z</time></trkpt><trkpt lat="35.67487413994968" lon="138.77114413306117"><ele>985.5999755859375</ele><time>2025-03-01T03:43:25.000Z</time></trkpt><trkpt lat="35.674876319244504" lon="138.771154275164"><ele>986.0</ele><time>2025-03-01T03:43:42.000Z</time></trkpt><trkpt lat="35.6749180611223" lon="138.77113474532962"><ele>986.199951171875</ele><time>2025-03-01T03:43:49.000Z</time></trkpt><trkpt lat="35.67497388459742" lon="138.77109962515533"><ele>985.4000244140625</ele><time>2025-03-01T03:43:58.000Z</time></trkpt><trkpt lat="35.67498746328056" lon="138.77108822576702"><ele>983.800048828125</ele><time>2025-03-01T03:44:07.000Z</time></trkpt><trkpt lat="35.67499106749892" lon="138.77101119607687"><ele>981.4000244140625</ele><time>2025-03-01T03:44:19.000Z</time></trkpt><trkpt lat="35.675012189894915" lon="138.7709253653884"><ele>980.199951171875</ele><time>2025-03-01T03:44:26.000Z</time></trkpt><trkpt lat="35.67497916519642" lon="138.77086543478072"><ele>978.5999755859375</ele><time>2025-03-01T03:44:33.000Z</time></trkpt><trkpt lat="35.67492049187422" lon="138.77081765793264"><ele>977.199951171875</ele><time>2025-03-01T03:44:41.000Z</time></trkpt><trkpt lat="35.67493197508156" lon="138.77075294964015"><ele>976.0</ele><time>2025-03-01T03:44:49.000Z</time></trkpt><trkpt lat="35.67495175637305" lon="138.77071707509458"><ele>975.800048828125</ele><time>2025-03-01T03:44:57.000Z</time></trkpt><trkpt lat="35.674966340884566" lon="138.7707345932722"><ele>974.800048828125</ele><time>2025-03-01T03:45:07.000Z</time></trkpt><trkpt lat="35.674924682825804" lon="138.77071808092296"><ele>975.800048828125</ele><time>2025-03-01T03:45:14.000Z</time></trkpt><trkpt lat="35.674916468560696" lon="138.77071254886687"><ele>974.4000244140625</ele><time>2025-03-01T03:45:26.000Z</time></trkpt><trkpt lat="35.67489081993699" lon="138.77066158689559"><ele>974.0</ele><time>2025-03-01T03:45:34.000Z</time></trkpt><trkpt lat="35.674857795238495" lon="138.77062286250293"><ele>971.800048828125</ele><time>2025-03-01T03:45:44.000Z</time></trkpt><trkpt lat="35.674870451912284" lon="138.7705934420228"><ele>970.800048828125</ele><time>2025-03-01T03:45:56.000Z</time></trkpt><trkpt lat="35.674857376143336" lon="138.7705519516021"><ele>970.800048828125</ele><time>2025-03-01T03:46:02.000Z</time></trkpt><trkpt lat="35.674839271232486" lon="138.77054859884083"><ele>970.4000244140625</ele><time>2025-03-01T03:46:10.000Z</time></trkpt><trkpt lat="35.674790320917964" lon="138.7705086171627"><ele>968.4000244140625</ele><time>2025-03-01T03:46:20.000Z</time></trkpt><trkpt lat="35.67473726347089" lon="138.77045396715403"><ele>966.199951171875</ele><time>2025-03-01T03:46:30.000Z</time></trkpt><trkpt lat="35.674696024507284" lon="138.77042689360678"><ele>963.199951171875</ele><time>2025-03-01T03:46:40.000Z</time></trkpt><trkpt lat="35.67466165870428" lon="138.7703999876976"><ele>960.800048828125</ele><time>2025-03-01T03:46:49.000Z</time></trkpt><trkpt lat="35.674606170505285" lon="138.7703690584749"><ele>958.0</ele><time>2025-03-01T03:46:59.000Z</time></trkpt><trkpt lat="35.674572978168726" lon="138.77033486030996"><ele>955.199951171875</ele><time>2025-03-01T03:47:08.000Z</time></trkpt><trkpt lat="35.67451489157975" lon="138.7702815514058"><ele>952.4000244140625</ele><time>2025-03-01T03:47:20.000Z</time></trkpt><trkpt lat="35.67449888214469" lon="138.77026897855103"><ele>951.0</ele><time>2025-03-01T03:47:24.000Z</time></trkpt><trkpt lat="35.67444708198309" lon="138.7701951339841"><ele>947.800048828125</ele><time>2025-03-01T03:47:36.000Z</time></trkpt><trkpt lat="35.67441673949361" lon="138.77012707293034"><ele>945.199951171875</ele><time>2025-03-01T03:47:45.000Z</time></trkpt><trkpt lat="35.67439595237374" lon="138.76999874599278"><ele>942.199951171875</ele><time>2025-03-01T03:47:56.000Z</time></trkpt><trkpt lat="35.67435932345688" lon="138.76992406323552"><ele>940.4000244140625</ele><time>2025-03-01T03:48:03.000Z</time></trkpt><trkpt lat="35.67431515082717" lon="138.76983965747058"><ele>939.4000244140625</ele><time>2025-03-01T03:48:10.000Z</time></trkpt><trkpt lat="35.67440223880112" lon="138.76975843682885"><ele>937.800048828125</ele><time>2025-03-01T03:48:18.000Z</time></trkpt><trkpt lat="35.67445982247591" lon="138.7697236519307"><ele>937.0</ele><time>2025-03-01T03:48:24.000Z</time></trkpt><trkpt lat="35.67451363429427" lon="138.76967076212168"><ele>936.5999755859375</ele><time>2025-03-01T03:48:34.000Z</time></trkpt><trkpt lat="35.67451413720846" lon="138.76967168413103"><ele>936.4000244140625</ele><time>2025-03-01T03:48:35.000Z</time></trkpt><trkpt lat="35.674528889358044" lon="138.76962658949196"><ele>936.800048828125</ele><time>2025-03-01T03:48:39.000Z</time></trkpt><trkpt lat="35.674635423347354" lon="138.7694773916155"><ele>937.4000244140625</ele><time>2025-03-01T03:48:50.000Z</time></trkpt><trkpt lat="35.67473743110895" lon="138.7693502381444"><ele>936.4000244140625</ele><time>2025-03-01T03:49:01.000Z</time></trkpt><trkpt lat="35.674789818003774" lon="138.76928385347128"><ele>936.4000244140625</ele><time>2025-03-01T03:49:07.000Z</time></trkpt><trkpt lat="35.674870954826474" lon="138.76922702416778"><ele>936.199951171875</ele><time>2025-03-01T03:49:15.000Z</time></trkpt><trkpt lat="35.674951169639826" lon="138.76908285543323"><ele>935.800048828125</ele><time>2025-03-01T03:49:25.000Z</time></trkpt><trkpt lat="35.67500313743949" lon="138.76894966699183"><ele>935.800048828125</ele><time>2025-03-01T03:49:34.000Z</time></trkpt><trkpt lat="35.675037670880556" lon="138.76878974027932"><ele>935.5999755859375</ele><time>2025-03-01T03:49:43.000Z</time></trkpt><trkpt lat="35.6750528421253" lon="138.76868605613708"><ele>935.5999755859375</ele><time>2025-03-01T03:49:50.000Z</time></trkpt><trkpt lat="35.67513263784349" lon="138.7685862276703"><ele>935.4000244140625</ele><time>2025-03-01T03:49:57.000Z</time></trkpt><trkpt lat="35.675277058035135" lon="138.76847634091973"><ele>935.0</ele><time>2025-03-01T03:50:08.000Z</time></trkpt><trkpt lat="35.6754516530782" lon="138.76837098039687"><ele>934.4000244140625</ele><time>2025-03-01T03:50:21.000Z</time></trkpt><trkpt lat="35.67556992173195" lon="138.76840643584728"><ele>934.0</ele><time>2025-03-01T03:50:29.000Z</time></trkpt><trkpt lat="35.67567352205515" lon="138.76852286048234"><ele>933.4000244140625</ele><time>2025-03-01T03:50:38.000Z</time></trkpt><trkpt lat="35.67572716623545" lon="138.7685864791274"><ele>933.0</ele><time>2025-03-01T03:50:44.000Z</time></trkpt><trkpt lat="35.67581282928586" lon="138.7686057575047"><ele>932.800048828125</ele><time>2025-03-01T03:50:50.000Z</time></trkpt><trkpt lat="35.67600494250655" lon="138.7685711402446"><ele>932.0</ele><time>2025-03-01T03:51:02.000Z</time></trkpt><trkpt lat="35.67614072933793" lon="138.76857809722424"><ele>931.5999755859375</ele><time>2025-03-01T03:51:11.000Z</time></trkpt><trkpt lat="35.67626905627549" lon="138.768561584875"><ele>931.0</ele><time>2025-03-01T03:51:20.000Z</time></trkpt><trkpt lat="35.67639788612723" lon="138.7684281449765"><ele>930.4000244140625</ele><time>2025-03-01T03:51:31.000Z</time></trkpt><trkpt lat="35.67655647173524" lon="138.76835262402892"><ele>929.800048828125</ele><time>2025-03-01T03:51:43.000Z</time></trkpt><trkpt lat="35.676628556102514" lon="138.7683678790927"><ele>929.199951171875</ele><time>2025-03-01T03:51:53.000Z</time></trkpt><trkpt lat="35.67665227688849" lon="138.7683808710426"><ele>928.5999755859375</ele><time>2025-03-01T03:52:02.000Z</time></trkpt><trkpt lat="35.6767191644758" lon="138.7684014905244"><ele>928.0</ele><time>2025-03-01T03:52:07.000Z</time></trkpt><trkpt lat="35.67679443396628" lon="138.7684207689017"><ele>929.4000244140625</ele><time>2025-03-01T03:52:12.000Z</time></trkpt><trkpt lat="35.67689937539399" lon="138.7683996465057"><ele>928.800048828125</ele><time>2025-03-01T03:52:20.000Z</time></trkpt><trkpt lat="35.67698989994824" lon="138.76832102425396"><ele>928.0</ele><time>2025-03-01T03:52:28.000Z</time></trkpt><trkpt lat="35.67704823799431" lon="138.76815581694245"><ele>927.5999755859375</ele><time>2025-03-01T03:52:38.000Z</time></trkpt><trkpt lat="35.67708386108279" lon="138.76797585748136"><ele>927.199951171875</ele><time>2025-03-01T03:52:48.000Z</time></trkpt><trkpt lat="35.677111353725195" lon="138.76790285110474"><ele>927.199951171875</ele><time>2025-03-01T03:52:53.000Z</time></trkpt><trkpt lat="35.67709115333855" lon="138.76787217333913"><ele>927.0</ele><time>2025-03-01T03:53:00.000Z</time></trkpt><trkpt lat="35.677112275734544" lon="138.7678805552423"><ele>927.0</ele><time>2025-03-01T03:53:09.000Z</time></trkpt><trkpt lat="35.677127949893475" lon="138.7678924575448"><ele>925.800048828125</ele><time>2025-03-01T03:53:17.000Z</time></trkpt><trkpt lat="35.67718234844506" lon="138.76789731904864"><ele>926.800048828125</ele><time>2025-03-01T03:53:21.000Z</time></trkpt><trkpt lat="35.6773526687175" lon="138.7678958941251"><ele>926.800048828125</ele><time>2025-03-01T03:53:33.000Z</time></trkpt><trkpt lat="35.677506728097796" lon="138.7678622826934"><ele>927.5999755859375</ele><time>2025-03-01T03:53:44.000Z</time></trkpt><trkpt lat="35.67759892903268" lon="138.76776262186468"><ele>927.5999755859375</ele><time>2025-03-01T03:53:54.000Z</time></trkpt><trkpt lat="35.677666990086436" lon="138.7676011864096"><ele>927.0</ele><time>2025-03-01T03:54:05.000Z</time></trkpt><trkpt lat="35.677672773599625" lon="138.76759045757353"><ele>926.800048828125</ele><time>2025-03-01T03:54:06.000Z</time></trkpt><trkpt lat="35.6777139287442" lon="138.76744301989675"><ele>926.800048828125</ele><time>2025-03-01T03:54:16.000Z</time></trkpt><trkpt lat="35.67765642888844" lon="138.76725585199893"><ele>925.800048828125</ele><time>2025-03-01T03:54:28.000Z</time></trkpt><trkpt lat="35.6776100769639" lon="138.76706767827272"><ele>924.199951171875</ele><time>2025-03-01T03:54:39.000Z</time></trkpt><trkpt lat="35.67759146913886" lon="138.76691982150078"><ele>923.0</ele><time>2025-03-01T03:54:49.000Z</time></trkpt><trkpt lat="35.677623488008976" lon="138.7668458931148"><ele>922.5999755859375</ele><time>2025-03-01T03:54:54.000Z</time></trkpt><trkpt lat="35.67771803587675" lon="138.76669744960964"><ele>920.800048828125</ele><time>2025-03-01T03:55:05.000Z</time></trkpt><trkpt lat="35.67773329094052" lon="138.7665247824043"><ele>919.4000244140625</ele><time>2025-03-01T03:55:15.000Z</time></trkpt><trkpt lat="35.677704121917486" lon="138.7663476727903"><ele>918.0</ele><time>2025-03-01T03:55:25.000Z</time></trkpt><trkpt lat="35.677747037261724" lon="138.76617676578462"><ele>916.800048828125</ele><time>2025-03-01T03:55:35.000Z</time></trkpt><trkpt lat="35.677847284823656" lon="138.76607224345207"><ele>915.199951171875</ele><time>2025-03-01T03:55:44.000Z</time></trkpt><trkpt lat="35.67792993038893" lon="138.76602438278496"><ele>914.4000244140625</ele><time>2025-03-01T03:55:50.000Z</time></trkpt><trkpt lat="35.678052976727486" lon="138.76594274304807"><ele>913.4000244140625</ele><time>2025-03-01T03:55:59.000Z</time></trkpt><trkpt lat="35.678164791315794" lon="138.76583863981068"><ele>912.4000244140625</ele><time>2025-03-01T03:56:08.000Z</time></trkpt><trkpt lat="35.67820016294718" lon="138.76576823182404"><ele>911.800048828125</ele><time>2025-03-01T03:56:13.000Z</time></trkpt><trkpt lat="35.678144842386246" lon="138.76560738310218"><ele>910.5999755859375</ele><time>2025-03-01T03:56:23.000Z</time></trkpt><trkpt lat="35.67807703278959" lon="138.76549766398966"><ele>909.5999755859375</ele><time>2025-03-01T03:56:31.000Z</time></trkpt><trkpt lat="35.67804635502398" lon="138.7653196323663"><ele>908.0</ele><time>2025-03-01T03:56:42.000Z</time></trkpt><trkpt lat="35.678051970899105" lon="138.7651369906962"><ele>906.800048828125</ele><time>2025-03-01T03:56:52.000Z</time></trkpt><trkpt lat="35.67799455486238" lon="138.7649744655937"><ele>905.199951171875</ele><time>2025-03-01T03:57:02.000Z</time></trkpt><trkpt lat="35.67789388820529" lon="138.7647976912558"><ele>903.199951171875</ele><time>2025-03-01T03:57:14.000Z</time></trkpt><trkpt lat="35.67782356403768" lon="138.76459359191358"><ele>901.199951171875</ele><time>2025-03-01T03:57:26.000Z</time></trkpt><trkpt lat="35.677815936505795" lon="138.7644033227116"><ele>899.199951171875</ele><time>2025-03-01T03:57:36.000Z</time></trkpt><trkpt lat="35.677834544330835" lon="138.76423853449523"><ele>897.199951171875</ele><time>2025-03-01T03:57:45.000Z</time></trkpt><trkpt lat="35.67783094011247" lon="138.7640372850001"><ele>895.199951171875</ele><time>2025-03-01T03:57:56.000Z</time></trkpt><trkpt lat="35.67785767838359" lon="138.76386302523315"><ele>893.5999755859375</ele><time>2025-03-01T03:58:06.000Z</time></trkpt><trkpt lat="35.677975779399276" lon="138.7637796252966"><ele>892.0</ele><time>2025-03-01T03:58:15.000Z</time></trkpt><trkpt lat="35.67809455096722" lon="138.76373017206788"><ele>890.0</ele><time>2025-03-01T03:58:24.000Z</time></trkpt><trkpt lat="35.67818323150277" lon="138.76369756646454"><ele>889.4000244140625</ele><time>2025-03-01T03:58:31.000Z</time></trkpt><trkpt lat="35.67825682461262" lon="138.76365473493934"><ele>886.4000244140625</ele><time>2025-03-01T03:58:37.000Z</time></trkpt><trkpt lat="35.67835598252714" lon="138.76356194727123"><ele>886.5999755859375</ele><time>2025-03-01T03:58:46.000Z</time></trkpt><trkpt lat="35.6784338504076" lon="138.76339715905488"><ele>884.199951171875</ele><time>2025-03-01T03:58:58.000Z</time></trkpt><trkpt lat="35.678444830700755" lon="138.76326179131866"><ele>883.800048828125</ele><time>2025-03-01T03:59:07.000Z</time></trkpt><trkpt lat="35.67843636497855" lon="138.76315165311098"><ele>882.800048828125</ele><time>2025-03-01T03:59:14.000Z</time></trkpt><trkpt lat="35.678415577858686" lon="138.76309473998845"><ele>879.5999755859375</ele><time>2025-03-01T03:59:18.000Z</time></trkpt><trkpt lat="35.67841046489775" lon="138.7630631402135"><ele>878.800048828125</ele><time>2025-03-01T03:59:20.000Z</time></trkpt><trkpt lat="35.67836243659258" lon="138.76288913190365"><ele>879.0</ele><time>2025-03-01T03:59:30.000Z</time></trkpt><trkpt lat="35.678308038040996" lon="138.76273138448596"><ele>878.4000244140625</ele><time>2025-03-01T03:59:40.000Z</time></trkpt><trkpt lat="35.67829278297722" lon="138.76255829818547"><ele>877.4000244140625</ele><time>2025-03-01T03:59:50.000Z</time></trkpt><trkpt lat="35.67829269915819" lon="138.76254178583622"><ele>877.199951171875</ele><time>2025-03-01T03:59:51.000Z</time></trkpt><trkpt lat="35.67829412408173" lon="138.76243852078915"><ele>876.5999755859375</ele><time>2025-03-01T03:59:59.000Z</time></trkpt><trkpt lat="35.67827057093382" lon="138.76243533566594"><ele>876.5999755859375</ele><time>2025-03-01T04:00:10.000Z</time></trkpt><trkpt lat="35.6782800424844" lon="138.76243977807462"><ele>876.800048828125</ele><time>2025-03-01T04:00:18.000Z</time></trkpt><trkpt lat="35.67829764448106" lon="138.76245402731"><ele>876.800048828125</ele><time>2025-03-01T04:00:20.000Z</time></trkpt><trkpt lat="35.67842563614249" lon="138.76253189519048"><ele>877.0</ele><time>2025-03-01T04:00:31.000Z</time></trkpt><trkpt lat="35.67848187871277" lon="138.7625572923571"><ele>875.199951171875</ele><time>2025-03-01T04:00:36.000Z</time></trkpt><trkpt lat="35.678620683029294" lon="138.76260456629097"><ele>874.5999755859375</ele><time>2025-03-01T04:00:47.000Z</time></trkpt><trkpt lat="35.678769797086716" lon="138.76262057572603"><ele>873.199951171875</ele><time>2025-03-01T04:00:58.000Z</time></trkpt><trkpt lat="35.67885613068938" lon="138.7625504191965"><ele>872.5999755859375</ele><time>2025-03-01T04:01:06.000Z</time></trkpt><trkpt lat="35.678952941671014" lon="138.76240574754775"><ele>872.0</ele><time>2025-03-01T04:01:16.000Z</time></trkpt><trkpt lat="35.67902913317084" lon="138.7622858863324"><ele>871.199951171875</ele><time>2025-03-01T04:01:25.000Z</time></trkpt><trkpt lat="35.67912217229605" lon="138.76217474229634"><ele>870.199951171875</ele><time>2025-03-01T04:01:34.000Z</time></trkpt><trkpt lat="35.679217893630266" lon="138.76202227547765"><ele>869.199951171875</ele><time>2025-03-01T04:01:45.000Z</time></trkpt><trkpt lat="35.67931964993477" lon="138.76189445145428"><ele>868.199951171875</ele><time>2025-03-01T04:01:55.000Z</time></trkpt><trkpt lat="35.67947153002024" lon="138.7617927789688"><ele>866.800048828125</ele><time>2025-03-01T04:02:07.000Z</time></trkpt><trkpt lat="35.67955291830003" lon="138.76175028271973"><ele>866.199951171875</ele><time>2025-03-01T04:02:13.000Z</time></trkpt><trkpt lat="35.67965475842357" lon="138.7617150787264"><ele>865.5999755859375</ele><time>2025-03-01T04:02:21.000Z</time></trkpt><trkpt lat="35.67974612116814" lon="138.76161105930805"><ele>865.4000244140625</ele><time>2025-03-01T04:02:30.000Z</time></trkpt><trkpt lat="35.679739164188504" lon="138.76146915368736"><ele>863.5999755859375</ele><time>2025-03-01T04:02:38.000Z</time></trkpt><trkpt lat="35.67967244423926" lon="138.761328170076"><ele>862.199951171875</ele><time>2025-03-01T04:02:47.000Z</time></trkpt><trkpt lat="35.679611172527075" lon="138.76118257641792"><ele>861.199951171875</ele><time>2025-03-01T04:02:56.000Z</time></trkpt><trkpt lat="35.679573621600866" lon="138.76101686619222"><ele>860.4000244140625</ele><time>2025-03-01T04:03:05.000Z</time></trkpt><trkpt lat="35.679582338780165" lon="138.7608746252954"><ele>859.4000244140625</ele><time>2025-03-01T04:03:13.000Z</time></trkpt><trkpt lat="35.67963154055178" lon="138.76070279628038"><ele>858.4000244140625</ele><time>2025-03-01T04:03:23.000Z</time></trkpt><trkpt lat="35.67968434654176" lon="138.76055678352714"><ele>856.800048828125</ele><time>2025-03-01T04:03:32.000Z</time></trkpt><trkpt lat="35.67972139455378" lon="138.7603801768273"><ele>855.800048828125</ele><time>2025-03-01T04:03:42.000Z</time></trkpt><trkpt lat="35.67972734570503" lon="138.76022041775286"><ele>854.5999755859375</ele><time>2025-03-01T04:03:51.000Z</time></trkpt><trkpt lat="35.6797341350466" lon="138.76001933589578"><ele>853.199951171875</ele><time>2025-03-01T04:04:02.000Z</time></trkpt><trkpt lat="35.67980596795678" lon="138.75984298065305"><ele>851.5999755859375</ele><time>2025-03-01T04:04:13.000Z</time></trkpt><trkpt lat="35.67995332181454" lon="138.7597432360053"><ele>850.199951171875</ele><time>2025-03-01T04:04:24.000Z</time></trkpt><trkpt lat="35.67996606230736" lon="138.75973242335021"><ele>850.199951171875</ele><time>2025-03-01T04:04:25.000Z</time></trkpt><trkpt lat="35.680109057575464" lon="138.75969755463302"><ele>848.800048828125</ele><time>2025-03-01T04:04:36.000Z</time></trkpt><trkpt lat="35.68011852912605" lon="138.75972228124738"><ele>848.199951171875</ele><time>2025-03-01T04:04:43.000Z</time></trkpt><trkpt lat="35.68012934178114" lon="138.75972228124738"><ele>847.5999755859375</ele><time>2025-03-01T04:04:52.000Z</time></trkpt><trkpt lat="35.68012883886695" lon="138.75969252549112"><ele>846.5999755859375</ele><time>2025-03-01T04:04:58.000Z</time></trkpt><trkpt lat="35.680112577974796" lon="138.7595346942544"><ele>846.4000244140625</ele><time>2025-03-01T04:05:07.000Z</time></trkpt><trkpt lat="35.68003898486495" lon="138.75948373228312"><ele>845.800048828125</ele><time>2025-03-01T04:05:14.000Z</time></trkpt><trkpt lat="35.68002079613507" lon="138.75946369953454"><ele>845.4000244140625</ele><time>2025-03-01T04:05:21.000Z</time></trkpt><trkpt lat="35.68001048639417" lon="138.7594530545175"><ele>846.199951171875</ele><time>2025-03-01T04:05:23.000Z</time></trkpt><trkpt lat="35.68003957159817" lon="138.7593978177756"><ele>844.0</ele><time>2025-03-01T04:05:30.000Z</time></trkpt><trkpt lat="35.68004032596946" lon="138.75934341922402"><ele>844.199951171875</ele><time>2025-03-01T04:05:34.000Z</time></trkpt><trkpt lat="35.6800224725157" lon="138.7591599393636"><ele>843.800048828125</ele><time>2025-03-01T04:05:46.000Z</time></trkpt><trkpt lat="35.67999514751136" lon="138.75902742147446"><ele>842.5999755859375</ele><time>2025-03-01T04:05:55.000Z</time></trkpt><trkpt lat="35.6799775455147" lon="138.75893086194992"><ele>841.800048828125</ele><time>2025-03-01T04:06:03.000Z</time></trkpt><trkpt lat="35.6799706723541" lon="138.7589247431606"><ele>841.0</ele><time>2025-03-01T04:06:10.000Z</time></trkpt><trkpt lat="35.679965391755104" lon="138.75891887582839"><ele>841.0</ele><time>2025-03-01T04:06:18.000Z</time></trkpt><trkpt lat="35.679988861083984" lon="138.7589635513723"><ele>840.5999755859375</ele><time>2025-03-01T04:06:28.000Z</time></trkpt><trkpt lat="35.680023645982146" lon="138.75893471762538"><ele>841.0</ele><time>2025-03-01T04:06:37.000Z</time></trkpt><trkpt lat="35.680025992915034" lon="138.7588848453015"><ele>841.0</ele><time>2025-03-01T04:06:48.000Z</time></trkpt><trkpt lat="35.680022053420544" lon="138.75894846394658"><ele>840.5999755859375</ele><time>2025-03-01T04:06:59.000Z</time></trkpt><trkpt lat="35.68001752719283" lon="138.75897587276995"><ele>840.5999755859375</ele><time>2025-03-01T04:07:01.000Z</time></trkpt><trkpt lat="35.68004124797881" lon="138.75917519442737"><ele>842.0</ele><time>2025-03-01T04:07:16.000Z</time></trkpt><trkpt lat="35.680059269070625" lon="138.75935398042202"><ele>844.0</ele><time>2025-03-01T04:07:30.000Z</time></trkpt><trkpt lat="35.68009765818715" lon="138.75940209254622"><ele>845.199951171875</ele><time>2025-03-01T04:07:39.000Z</time></trkpt><trkpt lat="35.680062118917704" lon="138.7594221252948"><ele>845.5999755859375</ele><time>2025-03-01T04:07:46.000Z</time></trkpt><trkpt lat="35.680034793913364" lon="138.75947727821767"><ele>845.4000244140625</ele><time>2025-03-01T04:07:54.000Z</time></trkpt><trkpt lat="35.680064130574465" lon="138.7594947963953"><ele>845.5999755859375</ele><time>2025-03-01T04:08:03.000Z</time></trkpt><trkpt lat="35.68005356937647" lon="138.75950133427978"><ele>845.800048828125</ele><time>2025-03-01T04:08:06.000Z</time></trkpt><trkpt lat="35.67994024604559" lon="138.75964265316725"><ele>845.800048828125</ele><time>2025-03-01T04:08:19.000Z</time></trkpt><trkpt lat="35.679830526933074" lon="138.7597077805549"><ele>844.4000244140625</ele><time>2025-03-01T04:08:28.000Z</time></trkpt><trkpt lat="35.679818373173475" lon="138.7597096245736"><ele>844.4000244140625</ele><time>2025-03-01T04:08:29.000Z</time></trkpt><trkpt lat="35.679705468937755" lon="138.75977609306574"><ele>843.4000244140625</ele><time>2025-03-01T04:08:39.000Z</time></trkpt><trkpt lat="35.67964813672006" lon="138.7598449923098"><ele>842.800048828125</ele><time>2025-03-01T04:08:46.000Z</time></trkpt><trkpt lat="35.67962718196213" lon="138.75990274362266"><ele>842.4000244140625</ele><time>2025-03-01T04:08:50.000Z</time></trkpt><trkpt lat="35.67961108870804" lon="138.7600185815245"><ele>841.4000244140625</ele><time>2025-03-01T04:08:57.000Z</time></trkpt><trkpt lat="35.67959876731038" lon="138.7601655162871"><ele>841.4000244140625</ele><time>2025-03-01T04:09:06.000Z</time></trkpt><trkpt lat="35.67955182865262" lon="138.7603468168527"><ele>840.5999755859375</ele><time>2025-03-01T04:09:17.000Z</time></trkpt><trkpt lat="35.679496424272656" lon="138.76047363504767"><ele>839.0</ele><time>2025-03-01T04:09:26.000Z</time></trkpt><trkpt lat="35.6794111803174" lon="138.7605897244066"><ele>837.800048828125</ele><time>2025-03-01T04:09:34.000Z</time></trkpt><trkpt lat="35.67933398298919" lon="138.76076239161193"><ele>836.0</ele><time>2025-03-01T04:09:45.000Z</time></trkpt><trkpt lat="35.67928796634078" lon="138.7608785647899"><ele>835.0</ele><time>2025-03-01T04:09:52.000Z</time></trkpt><trkpt lat="35.679280338808894" lon="138.76105894334614"><ele>833.5999755859375</ele><time>2025-03-01T04:10:02.000Z</time></trkpt><trkpt lat="35.67930271849036" lon="138.76123437657952"><ele>832.4000244140625</ele><time>2025-03-01T04:10:12.000Z</time></trkpt><trkpt lat="35.67928302101791" lon="138.76138659194112"><ele>831.199951171875</ele><time>2025-03-01T04:10:20.000Z</time></trkpt><trkpt lat="35.679177828133106" lon="138.76145247370005"><ele>830.0</ele><time>2025-03-01T04:10:28.000Z</time></trkpt><trkpt lat="35.67905293777585" lon="138.76147937960923"><ele>828.800048828125</ele><time>2025-03-01T04:10:37.000Z</time></trkpt><trkpt lat="35.67892209626734" lon="138.76152749173343"><ele>827.4000244140625</ele><time>2025-03-01T04:10:46.000Z</time></trkpt><trkpt lat="35.67881438881159" lon="138.76159236766398"><ele>826.199951171875</ele><time>2025-03-01T04:10:54.000Z</time></trkpt><trkpt lat="35.67867625504732" lon="138.76160829328"><ele>825.0</ele><time>2025-03-01T04:11:03.000Z</time></trkpt><trkpt lat="35.67864867858589" lon="138.7616011686623"><ele>824.5999755859375</ele><time>2025-03-01T04:11:05.000Z</time></trkpt><trkpt lat="35.678581120446324" lon="138.76150921918452"><ele>823.800048828125</ele><time>2025-03-01T04:11:12.000Z</time></trkpt><trkpt lat="35.678568966686726" lon="138.76132347621024"><ele>822.5999755859375</ele><time>2025-03-01T04:11:22.000Z</time></trkpt><trkpt lat="35.678569888696074" lon="138.76114192418754"><ele>821.5999755859375</ele><time>2025-03-01T04:11:32.000Z</time></trkpt><trkpt lat="35.67848942242563" lon="138.76100555062294"><ele>820.5999755859375</ele><time>2025-03-01T04:11:41.000Z</time></trkpt><trkpt lat="35.678402753546834" lon="138.76088552176952"><ele>819.5999755859375</ele><time>2025-03-01T04:11:50.000Z</time></trkpt><trkpt lat="35.67830837331712" lon="138.76077278517187"><ele>818.4000244140625</ele><time>2025-03-01T04:11:59.000Z</time></trkpt><trkpt lat="35.678234696388245" lon="138.76066021621227"><ele>817.199951171875</ele><time>2025-03-01T04:12:07.000Z</time></trkpt><trkpt lat="35.67815959453583" lon="138.7605228368193"><ele>816.0</ele><time>2025-03-01T04:12:16.000Z</time></trkpt><trkpt lat="35.678042247891426" lon="138.76039207912982"><ele>814.5999755859375</ele><time>2025-03-01T04:12:27.000Z</time></trkpt><trkpt lat="35.67789833061397" lon="138.76036609522998"><ele>813.199951171875</ele><time>2025-03-01T04:12:37.000Z</time></trkpt><trkpt lat="35.677808141335845" lon="138.76049014739692"><ele>812.199951171875</ele><time>2025-03-01T04:12:46.000Z</time></trkpt><trkpt lat="35.67771443165839" lon="138.7606637366116"><ele>810.4000244140625</ele><time>2025-03-01T04:12:58.000Z</time></trkpt><trkpt lat="35.67763488739729" lon="138.760767839849"><ele>809.199951171875</ele><time>2025-03-01T04:13:06.000Z</time></trkpt><trkpt lat="35.67752826958895" lon="138.76094327308238"><ele>807.4000244140625</ele><time>2025-03-01T04:13:18.000Z</time></trkpt><trkpt lat="35.67749239504337" lon="138.7611185386777"><ele>806.0</ele><time>2025-03-01T04:13:28.000Z</time></trkpt><trkpt lat="35.67748208530247" lon="138.76129522919655"><ele>804.800048828125</ele><time>2025-03-01T04:13:38.000Z</time></trkpt><trkpt lat="35.67743305116892" lon="138.76144828274846"><ele>803.5999755859375</ele><time>2025-03-01T04:13:47.000Z</time></trkpt><trkpt lat="35.67732769064605" lon="138.76159043982625"><ele>802.0</ele><time>2025-03-01T04:13:57.000Z</time></trkpt><trkpt lat="35.67725527100265" lon="138.76166202127934"><ele>801.199951171875</ele><time>2025-03-01T04:14:03.000Z</time></trkpt><trkpt lat="35.67718687467277" lon="138.76182245090604"><ele>799.5999755859375</ele><time>2025-03-01T04:14:13.000Z</time></trkpt><trkpt lat="35.67720556631684" lon="138.76197835430503"><ele>798.199951171875</ele><time>2025-03-01T04:14:22.000Z</time></trkpt><trkpt lat="35.677255941554904" lon="138.7621836271137"><ele>796.199951171875</ele><time>2025-03-01T04:14:34.000Z</time></trkpt><trkpt lat="35.67725677974522" lon="138.762350929901"><ele>794.5999755859375</ele><time>2025-03-01T04:14:44.000Z</time></trkpt><trkpt lat="35.67717949859798" lon="138.76247799955308"><ele>793.4000244140625</ele><time>2025-03-01T04:14:53.000Z</time></trkpt><trkpt lat="35.677055697888136" lon="138.76251228153706"><ele>792.5999755859375</ele><time>2025-03-01T04:15:02.000Z</time></trkpt><trkpt lat="35.677028791978955" lon="138.76251764595509"><ele>792.199951171875</ele><time>2025-03-01T04:15:04.000Z</time></trkpt><trkpt lat="35.67688236013055" lon="138.76251278445125"><ele>790.5999755859375</ele><time>2025-03-01T04:15:14.000Z</time></trkpt><trkpt lat="35.67672796547413" lon="138.76251446083188"><ele>789.0</ele><time>2025-03-01T04:15:25.000Z</time></trkpt><trkpt lat="35.67660441622138" lon="138.76251169480383"><ele>787.4000244140625</ele><time>2025-03-01T04:15:34.000Z</time></trkpt><trkpt lat="35.676490338519216" lon="138.762551760301"><ele>786.4000244140625</ele><time>2025-03-01T04:15:42.000Z</time></trkpt><trkpt lat="35.67641976289451" lon="138.7626722920686"><ele>784.800048828125</ele><time>2025-03-01T04:15:51.000Z</time></trkpt><trkpt lat="35.67642462439835" lon="138.76284495927393"><ele>783.199951171875</ele><time>2025-03-01T04:16:01.000Z</time></trkpt><trkpt lat="35.67641808651388" lon="138.76304687932134"><ele>781.199951171875</ele><time>2025-03-01T04:16:13.000Z</time></trkpt><trkpt lat="35.67639034241438" lon="138.76318937167525"><ele>779.5999755859375</ele><time>2025-03-01T04:16:21.000Z</time></trkpt><trkpt lat="35.67636754363775" lon="138.76326497644186"><ele>776.800048828125</ele><time>2025-03-01T04:16:26.000Z</time></trkpt><trkpt lat="35.67634005099535" lon="138.76343269832432"><ele>776.5999755859375</ele><time>2025-03-01T04:16:36.000Z</time></trkpt><trkpt lat="35.67629663273692" lon="138.76360578462481"><ele>775.5999755859375</ele><time>2025-03-01T04:16:46.000Z</time></trkpt><trkpt lat="35.676184482872486" lon="138.76369765028358"><ele>775.199951171875</ele><time>2025-03-01T04:16:55.000Z</time></trkpt><trkpt lat="35.67608297802508" lon="138.76374484039843"><ele>775.4000244140625</ele><time>2025-03-01T04:17:02.000Z</time></trkpt><trkpt lat="35.67600184120238" lon="138.7636895198375"><ele>775.199951171875</ele><time>2025-03-01T04:17:09.000Z</time></trkpt><trkpt lat="35.67598105408251" lon="138.76355993561447"><ele>775.4000244140625</ele><time>2025-03-01T04:17:17.000Z</time></trkpt><trkpt lat="35.67598222754896" lon="138.76354459673166"><ele>775.5999755859375</ele><time>2025-03-01T04:17:18.000Z</time></trkpt><trkpt lat="35.675983065739274" lon="138.76347628422081"><ele>775.800048828125</ele><time>2025-03-01T04:17:25.000Z</time></trkpt><trkpt lat="35.67598423920572" lon="138.76348248682916"><ele>775.5999755859375</ele><time>2025-03-01T04:17:26.000Z</time></trkpt><trkpt lat="35.676000751554966" lon="138.76355406828225"><ele>774.800048828125</ele><time>2025-03-01T04:17:31.000Z</time></trkpt><trkpt lat="35.676059760153294" lon="138.7636977341026"><ele>775.5999755859375</ele><time>2025-03-01T04:17:41.000Z</time></trkpt><trkpt lat="35.67608247511089" lon="138.76370418816805"><ele>775.5999755859375</ele><time>2025-03-01T04:17:43.000Z</time></trkpt><trkpt lat="35.67616763524711" lon="138.7636879272759"><ele>775.4000244140625</ele><time>2025-03-01T04:17:49.000Z</time></trkpt><trkpt lat="35.676268972456455" lon="138.76364056952298"><ele>775.199951171875</ele><time>2025-03-01T04:17:59.000Z</time></trkpt><trkpt lat="35.67629864439368" lon="138.76366697251797"><ele>775.4000244140625</ele><time>2025-03-01T04:18:07.000Z</time></trkpt><trkpt lat="35.676304176449776" lon="138.7636805512011"><ele>775.0</ele><time>2025-03-01T04:18:12.000Z</time></trkpt><trkpt lat="35.6762614287436" lon="138.76360243186355"><ele>776.199951171875</ele><time>2025-03-01T04:18:19.000Z</time></trkpt><trkpt lat="35.67620468325913" lon="138.7634384818375"><ele>774.4000244140625</ele><time>2025-03-01T04:18:30.000Z</time></trkpt><trkpt lat="35.676206862553954" lon="138.76332775689662"><ele>772.199951171875</ele><time>2025-03-01T04:18:38.000Z</time></trkpt><trkpt lat="35.67618599161506" lon="138.7632349692285"><ele>770.0</ele><time>2025-03-01T04:18:45.000Z</time></trkpt><trkpt lat="35.676178028807044" lon="138.76308652572334"><ele>766.800048828125</ele><time>2025-03-01T04:18:55.000Z</time></trkpt><trkpt lat="35.676132095977664" lon="138.76296398229897"><ele>764.0</ele><time>2025-03-01T04:19:03.000Z</time></trkpt><trkpt lat="35.67611524835229" lon="138.7629223242402"><ele>761.4000244140625</ele><time>2025-03-01T04:19:11.000Z</time></trkpt><trkpt lat="35.67605062387884" lon="138.762789638713"><ele>759.199951171875</ele><time>2025-03-01T04:19:20.000Z</time></trkpt><trkpt lat="35.67604064941406" lon="138.76261244527996"><ele>756.199951171875</ele><time>2025-03-01T04:19:30.000Z</time></trkpt><trkpt lat="35.67606445401907" lon="138.76245805062354"><ele>753.800048828125</ele><time>2025-03-01T04:19:39.000Z</time></trkpt><trkpt lat="35.676087168976665" lon="138.76228236593306"><ele>752.0</ele><time>2025-03-01T04:19:49.000Z</time></trkpt><trkpt lat="35.67611826583743" lon="138.76210953108966"><ele>750.4000244140625</ele><time>2025-03-01T04:19:58.000Z</time></trkpt><trkpt lat="35.676119942218065" lon="138.7620924320072"><ele>750.199951171875</ele><time>2025-03-01T04:19:59.000Z</time></trkpt><trkpt lat="35.67614668048918" lon="138.7619856465608"><ele>749.0</ele><time>2025-03-01T04:20:06.000Z</time></trkpt><trkpt lat="35.67615137435496" lon="138.76187525689602"><ele>747.5999755859375</ele><time>2025-03-01T04:20:12.000Z</time></trkpt><trkpt lat="35.67619118839502" lon="138.76170007511973"><ele>745.4000244140625</ele><time>2025-03-01T04:20:22.000Z</time></trkpt><trkpt lat="35.67620309069753" lon="138.7616624403745"><ele>745.0</ele><time>2025-03-01T04:20:24.000Z</time></trkpt><trkpt lat="35.67624567076564" lon="138.76159806735814"><ele>743.800048828125</ele><time>2025-03-01T04:20:29.000Z</time></trkpt><trkpt lat="35.67629839293659" lon="138.76144031994045"><ele>741.0</ele><time>2025-03-01T04:20:39.000Z</time></trkpt><trkpt lat="35.67632689140737" lon="138.76130629330873"><ele>738.0</ele><time>2025-03-01T04:20:48.000Z</time></trkpt><trkpt lat="35.67634063772857" lon="138.7611640524119"><ele>734.800048828125</ele><time>2025-03-01T04:20:57.000Z</time></trkpt><trkpt lat="35.67633259110153" lon="138.76109959557652"><ele>733.5999755859375</ele><time>2025-03-01T04:21:01.000Z</time></trkpt><trkpt lat="35.67634147591889" lon="138.76099708490074"><ele>731.0</ele><time>2025-03-01T04:21:08.000Z</time></trkpt><trkpt lat="35.676350025460124" lon="138.76091913320124"><ele>728.0</ele><time>2025-03-01T04:21:14.000Z</time></trkpt><trkpt lat="35.67635228857398" lon="138.76090329140425"><ele>727.5999755859375</ele><time>2025-03-01T04:21:15.000Z</time></trkpt><trkpt lat="35.676354970782995" lon="138.76086104661226"><ele>724.4000244140625</ele><time>2025-03-01T04:21:23.000Z</time></trkpt><trkpt lat="35.676356395706534" lon="138.76086029224098"><ele>723.199951171875</ele><time>2025-03-01T04:21:25.000Z</time></trkpt><trkpt lat="35.67635958082974" lon="138.76078359782696"><ele>725.5999755859375</ele><time>2025-03-01T04:21:31.000Z</time></trkpt><trkpt lat="35.67636628635228" lon="138.76075694337487"><ele>725.5999755859375</ele><time>2025-03-01T04:21:33.000Z</time></trkpt><trkpt lat="35.67637802101672" lon="138.76059718430042"><ele>722.800048828125</ele><time>2025-03-01T04:21:42.000Z</time></trkpt><trkpt lat="35.67637684755027" lon="138.76056415960193"><ele>722.4000244140625</ele><time>2025-03-01T04:21:44.000Z</time></trkpt><trkpt lat="35.676416577771306" lon="138.76051118597388"><ele>720.5999755859375</ele><time>2025-03-01T04:21:51.000Z</time></trkpt><trkpt lat="35.67641423083842" lon="138.7604975234717"><ele>719.4000244140625</ele><time>2025-03-01T04:21:59.000Z</time></trkpt><trkpt lat="35.676457565277815" lon="138.76046248711646"><ele>720.4000244140625</ele><time>2025-03-01T04:22:07.000Z</time></trkpt><trkpt lat="35.67646259441972" lon="138.76046265475452"><ele>720.199951171875</ele><time>2025-03-01T04:22:15.000Z</time></trkpt><trkpt lat="35.67641808651388" lon="138.76051747240126"><ele>719.800048828125</ele><time>2025-03-01T04:22:24.000Z</time></trkpt><trkpt lat="35.67638338543475" lon="138.76053356565535"><ele>719.4000244140625</ele><time>2025-03-01T04:22:30.000Z</time></trkpt><trkpt lat="35.67637567408383" lon="138.7605234235525"><ele>719.5999755859375</ele><time>2025-03-01T04:22:35.000Z</time></trkpt><trkpt lat="35.67637148313224" lon="138.76049215905368"><ele>719.800048828125</ele><time>2025-03-01T04:22:37.000Z</time></trkpt><trkpt lat="35.67636972293258" lon="138.76033407635987"><ele>718.5999755859375</ele><time>2025-03-01T04:22:46.000Z</time></trkpt><trkpt lat="35.67638263106346" lon="138.76019552350044"><ele>717.199951171875</ele><time>2025-03-01T04:22:54.000Z</time></trkpt><trkpt lat="35.67639386281371" lon="138.76015369780362"><ele>716.4000244140625</ele><time>2025-03-01T04:22:57.000Z</time></trkpt><trkpt lat="35.6764271389693" lon="138.76010784879327"><ele>715.4000244140625</ele><time>2025-03-01T04:23:01.000Z</time></trkpt><trkpt lat="35.676449686288834" lon="138.7600072659552"><ele>713.0</ele><time>2025-03-01T04:23:10.000Z</time></trkpt><trkpt lat="35.67645572125912" lon="138.75999419018626"><ele>711.0</ele><time>2025-03-01T04:23:19.000Z</time></trkpt><trkpt lat="35.67645035684109" lon="138.75998488627374"><ele>711.0</ele><time>2025-03-01T04:23:22.000Z</time></trkpt><trkpt lat="35.676454631611705" lon="138.7599445693195"><ele>710.800048828125</ele><time>2025-03-01T04:23:26.000Z</time></trkpt><trkpt lat="35.67651883699" lon="138.75980802811682"><ele>710.0</ele><time>2025-03-01T04:23:37.000Z</time></trkpt><trkpt lat="35.67653828300536" lon="138.759768884629"><ele>709.199951171875</ele><time>2025-03-01T04:23:40.000Z</time></trkpt><trkpt lat="35.6765447370708" lon="138.7597379554063"><ele>708.5999755859375</ele><time>2025-03-01T04:23:42.000Z</time></trkpt><trkpt lat="35.67656183615327" lon="138.75971607863903"><ele>708.199951171875</ele><time>2025-03-01T04:23:44.000Z</time></trkpt><trkpt lat="35.676613468676805" lon="138.759607616812"><ele>706.4000244140625</ele><time>2025-03-01T04:23:51.000Z</time></trkpt><trkpt lat="35.67662352696061" lon="138.7594210356474"><ele>704.0</ele><time>2025-03-01T04:24:01.000Z</time></trkpt><trkpt lat="35.67662377841771" lon="138.75926957465708"><ele>701.4000244140625</ele><time>2025-03-01T04:24:10.000Z</time></trkpt><trkpt lat="35.67664263769984" lon="138.75914208590984"><ele>699.199951171875</ele><time>2025-03-01T04:24:19.000Z</time></trkpt><trkpt lat="35.67666744813323" lon="138.75900629907846"><ele>696.5999755859375</ele><time>2025-03-01T04:24:27.000Z</time></trkpt><trkpt lat="35.676694018766284" lon="138.7588739488274"><ele>694.4000244140625</ele><time>2025-03-01T04:24:35.000Z</time></trkpt><trkpt lat="35.676726875826716" lon="138.75876548700035"><ele>692.199951171875</ele><time>2025-03-01T04:24:42.000Z</time></trkpt><trkpt lat="35.67677482031286" lon="138.75864185392857"><ele>689.5999755859375</ele><time>2025-03-01T04:24:50.000Z</time></trkpt><trkpt lat="35.676800133660436" lon="138.75859684310853"><ele>688.4000244140625</ele><time>2025-03-01T04:24:54.000Z</time></trkpt><trkpt lat="35.67686618305743" lon="138.758434234187"><ele>685.0</ele><time>2025-03-01T04:25:04.000Z</time></trkpt><trkpt lat="35.67694212310016" lon="138.75830481760204"><ele>682.0</ele><time>2025-03-01T04:25:13.000Z</time></trkpt><trkpt lat="35.67701932042837" lon="138.75816366635263"><ele>679.800048828125</ele><time>2025-03-01T04:25:22.000Z</time></trkpt><trkpt lat="35.67708486691117" lon="138.75807473435998"><ele>678.0</ele><time>2025-03-01T04:25:30.000Z</time></trkpt><trkpt lat="35.677143121138215" lon="138.7579722236842"><ele>676.800048828125</ele><time>2025-03-01T04:25:37.000Z</time></trkpt><trkpt lat="35.6771869584918" lon="138.75783367082477"><ele>674.800048828125</ele><time>2025-03-01T04:25:45.000Z</time></trkpt><trkpt lat="35.67721034400165" lon="138.757807854563"><ele>674.5999755859375</ele><time>2025-03-01T04:25:47.000Z</time></trkpt><trkpt lat="35.6772215757519" lon="138.75774348154664"><ele>671.4000244140625</ele><time>2025-03-01T04:25:51.000Z</time></trkpt><trkpt lat="35.67723289132118" lon="138.7576754204929"><ele>671.199951171875</ele><time>2025-03-01T04:25:56.000Z</time></trkpt><trkpt lat="35.677288798615336" lon="138.75752261839807"><ele>668.199951171875</ele><time>2025-03-01T04:26:06.000Z</time></trkpt><trkpt lat="35.677351830527186" lon="138.75738247297704"><ele>666.0</ele><time>2025-03-01T04:26:15.000Z</time></trkpt><trkpt lat="35.677417796105146" lon="138.7572668865323"><ele>664.0</ele><time>2025-03-01T04:26:24.000Z</time></trkpt><trkpt lat="35.67739885300398" lon="138.7571685668081"><ele>662.800048828125</ele><time>2025-03-01T04:26:30.000Z</time></trkpt><trkpt lat="35.677351830527186" lon="138.75713109970093"><ele>662.199951171875</ele><time>2025-03-01T04:26:34.000Z</time></trkpt><trkpt lat="35.67728997208178" lon="138.7570588476956"><ele>661.199951171875</ele><time>2025-03-01T04:26:43.000Z</time></trkpt><trkpt lat="35.677273124456406" lon="138.75706538558006"><ele>661.199951171875</ele><time>2025-03-01T04:26:52.000Z</time></trkpt><trkpt lat="35.67728058435023" lon="138.75705499202013"><ele>661.199951171875</ele><time>2025-03-01T04:26:54.000Z</time></trkpt><trkpt lat="35.677402541041374" lon="138.75694183632731"><ele>660.199951171875</ele><time>2025-03-01T04:27:05.000Z</time></trkpt><trkpt lat="35.677505135536194" lon="138.7568014394492"><ele>658.5999755859375</ele><time>2025-03-01T04:27:15.000Z</time></trkpt><trkpt lat="35.67759691737592" lon="138.756647631526"><ele>656.800048828125</ele><time>2025-03-01T04:27:25.000Z</time></trkpt><trkpt lat="35.677660536020994" lon="138.7565477192402"><ele>655.199951171875</ele><time>2025-03-01T04:27:32.000Z</time></trkpt><trkpt lat="35.6777379848063" lon="138.7564420234412"><ele>653.5999755859375</ele><time>2025-03-01T04:27:40.000Z</time></trkpt><trkpt lat="35.67783244885504" lon="138.75631143338978"><ele>651.800048828125</ele><time>2025-03-01T04:27:50.000Z</time></trkpt><trkpt lat="35.67785977385938" lon="138.75627346336842"><ele>650.199951171875</ele><time>2025-03-01T04:27:57.000Z</time></trkpt><trkpt lat="35.67786639556289" lon="138.75627296045423"><ele>649.4000244140625</ele><time>2025-03-01T04:28:07.000Z</time></trkpt><trkpt lat="35.67787175998092" lon="138.7562636565417"><ele>648.800048828125</ele><time>2025-03-01T04:28:18.000Z</time></trkpt><trkpt lat="35.67787637002766" lon="138.7562522571534"><ele>648.800048828125</ele><time>2025-03-01T04:28:19.000Z</time></trkpt><trkpt lat="35.67787729203701" lon="138.7562361638993"><ele>649.4000244140625</ele><time>2025-03-01T04:28:27.000Z</time></trkpt><trkpt lat="35.677890786901116" lon="138.7562044803053"><ele>647.5999755859375</ele><time>2025-03-01T04:28:33.000Z</time></trkpt><trkpt lat="35.67794308997691" lon="138.7561082560569"><ele>648.4000244140625</ele><time>2025-03-01T04:28:40.000Z</time></trkpt><trkpt lat="35.67799145355821" lon="138.7559726368636"><ele>647.0</ele><time>2025-03-01T04:28:48.000Z</time></trkpt><trkpt lat="35.67801299504936" lon="138.7558994628489"><ele>644.5999755859375</ele><time>2025-03-01T04:28:53.000Z</time></trkpt><trkpt lat="35.678066136315465" lon="138.75577189028263"><ele>643.0</ele><time>2025-03-01T04:29:02.000Z</time></trkpt><trkpt lat="35.67809765227139" lon="138.75566309317946"><ele>641.800048828125</ele><time>2025-03-01T04:29:09.000Z</time></trkpt><trkpt lat="35.678172670304775" lon="138.75550735741854"><ele>639.5999755859375</ele><time>2025-03-01T04:29:20.000Z</time></trkpt><trkpt lat="35.678239641711116" lon="138.7553732469678"><ele>637.800048828125</ele><time>2025-03-01T04:29:29.000Z</time></trkpt><trkpt lat="35.678276689723134" lon="138.75519546680152"><ele>636.4000244140625</ele><time>2025-03-01T04:29:39.000Z</time></trkpt><trkpt lat="35.678316336125135" lon="138.75503067858517"><ele>634.5999755859375</ele><time>2025-03-01T04:29:48.000Z</time></trkpt><trkpt lat="35.67836872301996" lon="138.75484367832541"><ele>632.199951171875</ele><time>2025-03-01T04:29:59.000Z</time></trkpt><trkpt lat="35.67842563614249" lon="138.7546562589705"><ele>630.199951171875</ele><time>2025-03-01T04:30:10.000Z</time></trkpt><trkpt lat="35.678433598950505" lon="138.75455483794212"><ele>628.800048828125</ele><time>2025-03-01T04:30:17.000Z</time></trkpt><trkpt lat="35.6784996483475" lon="138.75444989651442"><ele>627.4000244140625</ele><time>2025-03-01T04:30:25.000Z</time></trkpt><trkpt lat="35.678501995280385" lon="138.75441435724497"><ele>627.0</ele><time>2025-03-01T04:30:27.000Z</time></trkpt><trkpt lat="35.678528817370534" lon="138.75425493344665"><ele>625.199951171875</ele><time>2025-03-01T04:30:37.000Z</time></trkpt><trkpt lat="35.6785255484283" lon="138.75422744080424"><ele>625.0</ele><time>2025-03-01T04:30:39.000Z</time></trkpt><trkpt lat="35.67850023508072" lon="138.75415602698922"><ele>624.0</ele><time>2025-03-01T04:30:46.000Z</time></trkpt><trkpt lat="35.67849327810109" lon="138.75415024347603"><ele>624.0</ele><time>2025-03-01T04:30:47.000Z</time></trkpt><trkpt lat="35.67844298668206" lon="138.75409743748605"><ele>624.4000244140625</ele><time>2025-03-01T04:30:53.000Z</time></trkpt><trkpt lat="35.67841784097254" lon="138.75400749966502"><ele>623.0</ele><time>2025-03-01T04:30:59.000Z</time></trkpt><trkpt lat="35.67843141965568" lon="138.75394153408706"><ele>622.0</ele><time>2025-03-01T04:31:03.000Z</time></trkpt><trkpt lat="35.678458996117115" lon="138.75382737256587"><ele>621.0</ele><time>2025-03-01T04:31:09.000Z</time></trkpt><trkpt lat="35.67843955010176" lon="138.75368881970644"><ele>621.199951171875</ele><time>2025-03-01T04:31:17.000Z</time></trkpt><trkpt lat="35.6784391310066" lon="138.7536406237632"><ele>622.0</ele><time>2025-03-01T04:31:20.000Z</time></trkpt><trkpt lat="35.67844717763364" lon="138.75359125435352"><ele>621.800048828125</ele><time>2025-03-01T04:31:23.000Z</time></trkpt><trkpt lat="35.67842613905668" lon="138.7533910945058"><ele>621.800048828125</ele><time>2025-03-01T04:31:35.000Z</time></trkpt><trkpt lat="35.67842203192413" lon="138.7532209418714"><ele>622.199951171875</ele><time>2025-03-01T04:31:45.000Z</time></trkpt><trkpt lat="35.67844667471945" lon="138.7530811317265"><ele>622.4000244140625</ele><time>2025-03-01T04:31:54.000Z</time></trkpt><trkpt lat="35.678463857620955" lon="138.75289413146675"><ele>622.4000244140625</ele><time>2025-03-01T04:32:05.000Z</time></trkpt><trkpt lat="35.678450195118785" lon="138.7526963185519"><ele>621.800048828125</ele><time>2025-03-01T04:32:16.000Z</time></trkpt><trkpt lat="35.67844566889107" lon="138.75251593999565"><ele>621.0</ele><time>2025-03-01T04:32:26.000Z</time></trkpt><trkpt lat="35.678432090207934" lon="138.7522961664945"><ele>619.800048828125</ele><time>2025-03-01T04:32:38.000Z</time></trkpt><trkpt lat="35.678449692204595" lon="138.7521529197693"><ele>618.800048828125</ele><time>2025-03-01T04:32:46.000Z</time></trkpt><trkpt lat="35.67842848598957" lon="138.75201436690986"><ele>618.5999755859375</ele><time>2025-03-01T04:32:55.000Z</time></trkpt><trkpt lat="35.67841096781194" lon="138.75193499028683"><ele>615.800048828125</ele><time>2025-03-01T04:33:00.000Z</time></trkpt><trkpt lat="35.67833754234016" lon="138.75174975022674"><ele>614.4000244140625</ele><time>2025-03-01T04:33:12.000Z</time></trkpt><trkpt lat="35.678268978372216" lon="138.75163609161973"><ele>613.0</ele><time>2025-03-01T04:33:21.000Z</time></trkpt><trkpt lat="35.67815867252648" lon="138.75152117572725"><ele>611.4000244140625</ele><time>2025-03-01T04:33:32.000Z</time></trkpt><trkpt lat="35.67801198922098" lon="138.751430651173"><ele>609.5999755859375</ele><time>2025-03-01T04:33:44.000Z</time></trkpt><trkpt lat="35.67793051712215" lon="138.75136284157634"><ele>609.4000244140625</ele><time>2025-03-01T04:33:51.000Z</time></trkpt><trkpt lat="35.6778175290674" lon="138.75127248466015"><ele>606.0</ele><time>2025-03-01T04:34:01.000Z</time></trkpt><trkpt lat="35.67773178219795" lon="138.75113845802844"><ele>602.800048828125</ele><time>2025-03-01T04:34:11.000Z</time></trkpt><trkpt lat="35.677720131352544" lon="138.75112848356366"><ele>602.5999755859375</ele><time>2025-03-01T04:34:12.000Z</time></trkpt><trkpt lat="35.67768232896924" lon="138.7511050980538"><ele>602.4000244140625</ele><time>2025-03-01T04:34:15.000Z</time></trkpt><trkpt lat="35.67762156017125" lon="138.75095774419606"><ele>601.4000244140625</ele><time>2025-03-01T04:34:25.000Z</time></trkpt><trkpt lat="35.67759482190013" lon="138.75072891823947"><ele>599.5999755859375</ele><time>2025-03-01T04:34:39.000Z</time></trkpt><trkpt lat="35.677585266530514" lon="138.75054166652262"><ele>598.4000244140625</ele><time>2025-03-01T04:34:49.000Z</time></trkpt><trkpt lat="35.67757613025606" lon="138.75034452416003"><ele>596.4000244140625</ele><time>2025-03-01T04:35:00.000Z</time></trkpt><trkpt lat="35.67759683355689" lon="138.75013975426555"><ele>594.4000244140625</ele><time>2025-03-01T04:35:11.000Z</time></trkpt><trkpt lat="35.6776206381619" lon="138.74995426274836"><ele>592.4000244140625</ele><time>2025-03-01T04:35:21.000Z</time></trkpt><trkpt lat="35.67762457765639" lon="138.7499041389674"><ele>591.800048828125</ele><time>2025-03-01T04:35:24.000Z</time></trkpt><trkpt lat="35.67770563066006" lon="138.74982786364853"><ele>590.0</ele><time>2025-03-01T04:35:33.000Z</time></trkpt><trkpt lat="35.67770613357425" lon="138.74982442706823"><ele>589.199951171875</ele><time>2025-03-01T04:35:37.000Z</time></trkpt><trkpt lat="35.67770906724036" lon="138.7497862894088"><ele>589.0</ele><time>2025-03-01T04:35:40.000Z</time></trkpt><trkpt lat="35.677731949836016" lon="138.74956073239446"><ele>587.5999755859375</ele><time>2025-03-01T04:35:53.000Z</time></trkpt><trkpt lat="35.67774108611047" lon="138.74940658919513"><ele>586.5999755859375</ele><time>2025-03-01T04:36:01.000Z</time></trkpt><trkpt lat="35.67773689515889" lon="138.74924724921584"><ele>585.199951171875</ele><time>2025-03-01T04:36:10.000Z</time></trkpt><trkpt lat="35.677694818004966" lon="138.74914105050266"><ele>584.4000244140625</ele><time>2025-03-01T04:36:14.000Z</time></trkpt><trkpt lat="35.67769314162433" lon="138.7490140646696"><ele>581.5999755859375</ele><time>2025-03-01T04:36:21.000Z</time></trkpt><trkpt lat="35.67769599147141" lon="138.7490029167384"><ele>580.800048828125</ele><time>2025-03-01T04:36:22.000Z</time></trkpt><trkpt lat="35.677697667852044" lon="138.7488726619631"><ele>579.4000244140625</ele><time>2025-03-01T04:36:32.000Z</time></trkpt><trkpt lat="35.67770378664136" lon="138.74871315434575"><ele>578.5999755859375</ele><time>2025-03-01T04:36:41.000Z</time></trkpt><trkpt lat="35.67768719047308" lon="138.74852766282856"><ele>578.0</ele><time>2025-03-01T04:36:51.000Z</time></trkpt><trkpt lat="35.677651735022664" lon="138.7483707536012"><ele>576.800048828125</ele><time>2025-03-01T04:37:01.000Z</time></trkpt><trkpt lat="35.677644945681095" lon="138.74834443442523"><ele>576.199951171875</ele><time>2025-03-01T04:37:03.000Z</time></trkpt><trkpt lat="35.677651232108474" lon="138.74832884408534"><ele>575.4000244140625</ele><time>2025-03-01T04:37:11.000Z</time></trkpt><trkpt lat="35.67763773724437" lon="138.7483088951558"><ele>575.199951171875</ele><time>2025-03-01T04:37:14.000Z</time></trkpt><trkpt lat="35.67761057987809" lon="138.74825877137482"><ele>574.800048828125</ele><time>2025-03-01T04:37:18.000Z</time></trkpt><trkpt lat="35.67753137089312" lon="138.74811736866832"><ele>574.800048828125</ele><time>2025-03-01T04:37:28.000Z</time></trkpt><trkpt lat="35.67745601758361" lon="138.74799633398652"><ele>573.199951171875</ele><time>2025-03-01T04:37:37.000Z</time></trkpt><trkpt lat="35.677404552698135" lon="138.7478506565094"><ele>571.4000244140625</ele><time>2025-03-01T04:37:47.000Z</time></trkpt><trkpt lat="35.677396170794964" lon="138.74781914055347"><ele>569.199951171875</ele><time>2025-03-01T04:37:56.000Z</time></trkpt><trkpt lat="35.677390387281775" lon="138.7478107586503"><ele>569.0</ele><time>2025-03-01T04:37:57.000Z</time></trkpt><trkpt lat="35.67736624740064" lon="138.74774697236717"><ele>570.199951171875</ele><time>2025-03-01T04:38:04.000Z</time></trkpt><trkpt lat="35.67736465483904" lon="138.74774219468236"><ele>569.199951171875</ele><time>2025-03-01T04:38:20.000Z</time></trkpt><trkpt lat="35.67736431956291" lon="138.7477425299585"><ele>569.199951171875</ele><time>2025-03-01T04:38:36.000Z</time></trkpt><trkpt lat="35.67736557684839" lon="138.74775904230773"><ele>570.0</ele><time>2025-03-01T04:38:47.000Z</time></trkpt><trkpt lat="35.677386950701475" lon="138.7477832660079"><ele>569.5999755859375</ele><time>2025-03-01T04:38:56.000Z</time></trkpt><trkpt lat="35.67741603590548" lon="138.7477700226009"><ele>569.4000244140625</ele><time>2025-03-01T04:38:59.000Z</time></trkpt><trkpt lat="35.67741997539997" lon="138.74774688854814"><ele>569.199951171875</ele><time>2025-03-01T04:39:01.000Z</time></trkpt><trkpt lat="35.67740119993687" lon="138.7476622313261"><ele>568.800048828125</ele><time>2025-03-01T04:39:07.000Z</time></trkpt><trkpt lat="35.67741586826742" lon="138.74745192937553"><ele>567.4000244140625</ele><time>2025-03-01T04:39:19.000Z</time></trkpt><trkpt lat="35.67742198705673" lon="138.74742141924798"><ele>567.199951171875</ele><time>2025-03-01T04:39:21.000Z</time></trkpt><trkpt lat="35.67741226404905" lon="138.74737791717052"><ele>566.5999755859375</ele><time>2025-03-01T04:39:24.000Z</time></trkpt><trkpt lat="35.67741394042969" lon="138.74720558524132"><ele>564.4000244140625</ele><time>2025-03-01T04:39:35.000Z</time></trkpt><trkpt lat="35.67740622907877" lon="138.74710106290877"><ele>563.800048828125</ele><time>2025-03-01T04:39:42.000Z</time></trkpt><trkpt lat="35.67737647332251" lon="138.747054124251"><ele>561.800048828125</ele><time>2025-03-01T04:39:46.000Z</time></trkpt><trkpt lat="35.677344370633364" lon="138.74701808206737"><ele>560.4000244140625</ele><time>2025-03-01T04:39:50.000Z</time></trkpt><trkpt lat="35.67730346694589" lon="138.7469943612814"><ele>560.0</ele><time>2025-03-01T04:39:55.000Z</time></trkpt><trkpt lat="35.67730405367911" lon="138.7468112166971"><ele>558.5999755859375</ele><time>2025-03-01T04:40:05.000Z</time></trkpt><trkpt lat="35.67719617858529" lon="138.74665673822165"><ele>556.199951171875</ele><time>2025-03-01T04:40:16.000Z</time></trkpt><trkpt lat="35.677185617387295" lon="138.7466468475759"><ele>555.800048828125</ele><time>2025-03-01T04:40:17.000Z</time></trkpt><trkpt lat="35.67711554467678" lon="138.7465530540794"><ele>553.199951171875</ele><time>2025-03-01T04:40:24.000Z</time></trkpt><trkpt lat="35.677009262144566" lon="138.74641944654286"><ele>553.0</ele><time>2025-03-01T04:40:35.000Z</time></trkpt><trkpt lat="35.676907170563936" lon="138.74626446515322"><ele>551.5999755859375</ele><time>2025-03-01T04:40:47.000Z</time></trkpt><trkpt lat="35.676830392330885" lon="138.74616463668644"><ele>550.800048828125</ele><time>2025-03-01T04:40:55.000Z</time></trkpt><trkpt lat="35.676784962415695" lon="138.74605013988912"><ele>549.5999755859375</ele><time>2025-03-01T04:41:03.000Z</time></trkpt><trkpt lat="35.67671086639166" lon="138.74589926563203"><ele>548.4000244140625</ele><time>2025-03-01T04:41:13.000Z</time></trkpt><trkpt lat="35.676695024594665" lon="138.74581796117127"><ele>547.5999755859375</ele><time>2025-03-01T04:41:20.000Z</time></trkpt><trkpt lat="35.67669242620468" lon="138.745801365003"><ele>547.4000244140625</ele><time>2025-03-01T04:41:21.000Z</time></trkpt><trkpt lat="35.676643727347255" lon="138.7456679251045"><ele>546.0</ele><time>2025-03-01T04:41:27.000Z</time></trkpt><trkpt lat="35.67662738263607" lon="138.74556516297162"><ele>545.0</ele><time>2025-03-01T04:41:31.000Z</time></trkpt><trkpt lat="35.676596788689494" lon="138.74545292928815"><ele>544.0</ele><time>2025-03-01T04:41:38.000Z</time></trkpt><trkpt lat="35.676525039598346" lon="138.7454440444708"><ele>543.0</ele><time>2025-03-01T04:41:42.000Z</time></trkpt><trkpt lat="35.67638548091054" lon="138.74548327177763"><ele>541.0</ele><time>2025-03-01T04:41:51.000Z</time></trkpt><trkpt lat="35.67625556141138" lon="138.7455035559833"><ele>539.199951171875</ele><time>2025-03-01T04:42:00.000Z</time></trkpt><trkpt lat="35.67613243125379" lon="138.74550213105977"><ele>538.0</ele><time>2025-03-01T04:42:07.000Z</time></trkpt><trkpt lat="35.67604643292725" lon="138.7454530969262"><ele>536.5999755859375</ele><time>2025-03-01T04:42:12.000Z</time></trkpt><trkpt lat="35.67604349926114" lon="138.7454105168581"><ele>535.800048828125</ele><time>2025-03-01T04:42:16.000Z</time></trkpt><trkpt lat="35.67600678652525" lon="138.74535427428782"><ele>535.0</ele><time>2025-03-01T04:42:20.000Z</time></trkpt><trkpt lat="35.675913244485855" lon="138.74525846913457"><ele>534.199951171875</ele><time>2025-03-01T04:42:28.000Z</time></trkpt><trkpt lat="35.675877034664154" lon="138.7451073434204"><ele>534.5999755859375</ele><time>2025-03-01T04:42:38.000Z</time></trkpt><trkpt lat="35.67587837576866" lon="138.7450682837516"><ele>534.199951171875</ele><time>2025-03-01T04:42:41.000Z</time></trkpt><trkpt lat="35.675825821235776" lon="138.7449168227613"><ele>532.5999755859375</ele><time>2025-03-01T04:42:47.000Z</time></trkpt><trkpt lat="35.67579589784145" lon="138.74483132734895"><ele>531.800048828125</ele><time>2025-03-01T04:42:50.000Z</time></trkpt><trkpt lat="35.67576597444713" lon="138.7447664514184"><ele>531.0</ele><time>2025-03-01T04:42:53.000Z</time></trkpt><trkpt lat="35.675745690241456" lon="138.7447453290224"><ele>530.4000244140625</ele><time>2025-03-01T04:42:55.000Z</time></trkpt><trkpt lat="35.67567829973996" lon="138.7447868194431"><ele>528.800048828125</ele><time>2025-03-01T04:43:03.000Z</time></trkpt><trkpt lat="35.67555516958237" lon="138.74487977474928"><ele>527.0</ele><time>2025-03-01T04:43:11.000Z</time></trkpt><trkpt lat="35.67544251680374" lon="138.74494205228984"><ele>525.800048828125</ele><time>2025-03-01T04:43:19.000Z</time></trkpt><trkpt lat="35.675294157117605" lon="138.745005922392"><ele>527.199951171875</ele><time>2025-03-01T04:43:29.000Z</time></trkpt><trkpt lat="35.675137834623456" lon="138.745056129992"><ele>527.5999755859375</ele><time>2025-03-01T04:43:40.000Z</time></trkpt><trkpt lat="35.67498763091862" lon="138.7450751569122"><ele>528.199951171875</ele><time>2025-03-01T04:43:49.000Z</time></trkpt><trkpt lat="35.674896435812116" lon="138.7450513523072"><ele>528.800048828125</ele><time>2025-03-01T04:43:56.000Z</time></trkpt><trkpt lat="35.67478956654668" lon="138.7450016476214"><ele>528.4000244140625</ele><time>2025-03-01T04:44:02.000Z</time></trkpt><trkpt lat="35.6747142970562" lon="138.74497306533158"><ele>528.4000244140625</ele><time>2025-03-01T04:44:06.000Z</time></trkpt><trkpt lat="35.6746778357774" lon="138.7449401244521"><ele>528.199951171875</ele><time>2025-03-01T04:44:09.000Z</time></trkpt><trkpt lat="35.6746487505734" lon="138.74487072229385"><ele>527.5999755859375</ele><time>2025-03-01T04:44:14.000Z</time></trkpt><trkpt lat="35.67451355047524" lon="138.7447815388441"><ele>527.5999755859375</ele><time>2025-03-01T04:44:22.000Z</time></trkpt><trkpt lat="35.674433670938015" lon="138.74472906813025"><ele>527.4000244140625</ele><time>2025-03-01T04:44:28.000Z</time></trkpt><trkpt lat="35.674394024536014" lon="138.74469948001206"><ele>527.199951171875</ele><time>2025-03-01T04:44:32.000Z</time></trkpt><trkpt lat="35.674283131957054" lon="138.74460593797266"><ele>525.800048828125</ele><time>2025-03-01T04:44:42.000Z</time></trkpt><trkpt lat="35.674176597967744" lon="138.744506360963"><ele>526.0</ele><time>2025-03-01T04:44:51.000Z</time></trkpt><trkpt lat="35.6740699801594" lon="138.74442673288286"><ele>525.4000244140625</ele><time>2025-03-01T04:45:00.000Z</time></trkpt><trkpt lat="35.67393804900348" lon="138.74429614283144"><ele>524.800048828125</ele><time>2025-03-01T04:45:11.000Z</time></trkpt><trkpt lat="35.67383226938546" lon="138.74417142011225"><ele>524.4000244140625</ele><time>2025-03-01T04:45:21.000Z</time></trkpt><trkpt lat="35.67367309704423" lon="138.74397846870124"><ele>524.0</ele><time>2025-03-01T04:45:36.000Z</time></trkpt><trkpt lat="35.673577124252915" lon="138.74387084506452"><ele>524.0</ele><time>2025-03-01T04:45:45.000Z</time></trkpt><trkpt lat="35.673462292179465" lon="138.74377135187387"><ele>523.5999755859375</ele><time>2025-03-01T04:45:55.000Z</time></trkpt><trkpt lat="35.67332709208131" lon="138.7436358164996"><ele>522.5999755859375</ele><time>2025-03-01T04:46:07.000Z</time></trkpt><trkpt lat="35.67323539406061" lon="138.74347446486354"><ele>521.2000122070312</ele><time>2025-03-01T04:46:18.000Z</time></trkpt><trkpt lat="35.67319516092539" lon="138.7434143666178"><ele>520.4000244140625</ele><time>2025-03-01T04:46:22.000Z</time></trkpt><trkpt lat="35.67317554727197" lon="138.74333725310862"><ele>519.7999877929688</ele><time>2025-03-01T04:46:26.000Z</time></trkpt><trkpt lat="35.67316976375878" lon="138.74330808408558"><ele>519.5999755859375</ele><time>2025-03-01T04:46:28.000Z</time></trkpt><trkpt lat="35.67319264635444" lon="138.7431598920375"><ele>518.4000244140625</ele><time>2025-03-01T04:46:38.000Z</time></trkpt><trkpt lat="35.67315727472305" lon="138.74323725700378"><ele>516.7999877929688</ele><time>2025-03-01T04:46:47.000Z</time></trkpt><trkpt lat="35.673161717131734" lon="138.7430485803634"><ele>516.0</ele><time>2025-03-01T04:46:51.000Z</time></trkpt><trkpt lat="35.6730839330703" lon="138.74296844936907"><ele>514.7999877929688</ele><time>2025-03-01T04:46:57.000Z</time></trkpt><trkpt lat="35.67291445098817" lon="138.74292218126357"><ele>514.5999755859375</ele><time>2025-03-01T04:47:08.000Z</time></trkpt><trkpt lat="35.672803139314055" lon="138.74289644882083"><ele>515.0</ele><time>2025-03-01T04:47:16.000Z</time></trkpt><trkpt lat="35.672760643064976" lon="138.74294967390597"><ele>516.4000244140625</ele><time>2025-03-01T04:47:24.000Z</time></trkpt><trkpt lat="35.67268612794578" lon="138.7429832853377"><ele>519.5999755859375</ele><time>2025-03-01T04:47:37.000Z</time></trkpt><trkpt lat="35.672673135995865" lon="138.7429832853377"><ele>519.7999877929688</ele><time>2025-03-01T04:47:38.000Z</time></trkpt><trkpt lat="35.67250055260956" lon="138.74293165281415"><ele>521.5999755859375</ele><time>2025-03-01T04:47:52.000Z</time></trkpt><trkpt lat="35.67243332974613" lon="138.74292796477675"><ele>521.7999877929688</ele><time>2025-03-01T04:48:00.000Z</time></trkpt><trkpt lat="35.67241195589304" lon="138.74292369000614"><ele>521.0</ele><time>2025-03-01T04:48:07.000Z</time></trkpt></trkseg></trk></gpx>